"","Absiella_dolichum","Acetobacter_sp_CAG_267","Acetobacter_sp_CAG_977","Acholeplasma_sp_CAG_878","Acidaminococcus_fermentans","Acidaminococcus_intestini","Acidovorax_sp","Actinomyces_graevenitzii","Actinomyces_odontolyticus","Actinomyces_oris","Actinomyces_sp_HMSC035G02","Actinomyces_sp_HPA0247","Actinomyces_sp_ICM47","Actinomyces_sp_S6_Spd3","Actinomyces_sp_oral_taxon_181","Actinomyces_turicensis","Adlercreutzia_equolifaciens","Agathobaculum_butyriciproducens","Akkermansia_muciniphila","Alistipes_finegoldii","Alistipes_indistinctus","Alistipes_inops","Alistipes_obesi","Alistipes_onderdonkii","Alistipes_putredinis","Alistipes_shahii","Alistipes_sp_58_9_plus","Alistipes_sp_An31A","Alistipes_sp_CAG_268","Alistipes_sp_CAG_435","Alistipes_sp_CAG_514","Alistipes_timonensis","Allisonella_histaminiformans","Alloscardovia_omnicolens","Anaerofustis_stercorihominis","Anaeromassilibacillus_sp_An172","Anaeromassilibacillus_sp_An250","Anaerostipes_caccae","Anaerostipes_hadrus","Anaerotignum_lactatifermentans","Anaerotruncus_colihominis","Anaerotruncus_sp_CAG_390","Anaerotruncus_sp_CAG_528","Arcobacter_butzleri","Asaccharobacter_celatus","Azospirillum_sp_47_25","Azospirillum_sp_CAG_260","Bacteroides_caccae","Bacteroides_cellulosilyticus","Bacteroides_clarus","Bacteroides_coprocola","Bacteroides_coprophilus","Bacteroides_dorei","Bacteroides_eggerthii","Bacteroides_faecichinchillae","Bacteroides_faecis","Bacteroides_finegoldii","Bacteroides_fluxus","Bacteroides_fragilis","Bacteroides_galacturonicus","Bacteroides_intestinalis","Bacteroides_massiliensis","Bacteroides_nordii","Bacteroides_oleiciplenus","Bacteroides_ovatus","Bacteroides_pectinophilus","Bacteroides_plebeius","Bacteroides_salyersiae","Bacteroides_sartorii","Bacteroides_sp_43_108","Bacteroides_sp_CAG_1076","Bacteroides_sp_CAG_144","Bacteroides_sp_CAG_443","Bacteroides_sp_CAG_545","Bacteroides_sp_CAG_598","Bacteroides_sp_CAG_633","Bacteroides_sp_CAG_754","Bacteroides_sp_CAG_875","Bacteroides_sp_CAG_927","Bacteroides_sp_D2","Bacteroides_sp_OM08_11","Bacteroides_stercorirosoris","Bacteroides_stercoris","Bacteroides_thetaiotaomicron","Bacteroides_uniformis","Bacteroides_vulgatus","Bacteroides_xylanisolvens","Barnesiella_intestinihominis","Barnesiella_sp_An22","Bifidobacterium_adolescentis","Bifidobacterium_angulatum","Bifidobacterium_animalis","Bifidobacterium_bifidum","Bifidobacterium_breve","Bifidobacterium_catenulatum","Bifidobacterium_dentium","Bifidobacterium_longum","Bifidobacterium_pseudocatenulatum","Bifidobacterium_pseudolongum","Bilophila_wadsworthia","Blastocystis_sp_subtype_1","Blautia_hansenii","Blautia_hydrogenotrophica","Blautia_obeum","Blautia_producta","Blautia_sp","Blautia_sp_AF19_10LB","Blautia_sp_CAG_257","Blautia_sp_CAG_52","Blautia_sp_N6H1_15","Blautia_wexlerae","Brachyspira_sp_CAG_484","Brachyspira_sp_CAG_700","Butyribacterium_methylotrophicum","Butyricicoccus_porcorum","Butyricicoccus_pullicaecorum","Butyricimonas_sp","Butyricimonas_synergistica","Butyricimonas_virosa","Butyrivibrio_crossotus","Butyrivibrio_sp","Butyrivibrio_sp_CAG_318","Campylobacter_gracilis","Campylobacter_hominis","Campylobacter_ureolyticus","Candidatus_Gastranaerophilales_bacterium","Candidatus_Gastranaerophilales_bacterium_HUM_10","Candidatus_Gastranaerophilales_bacterium_HUM_11","Candidatus_Gastranaerophilales_bacterium_HUM_18","Candidatus_Gastranaerophilales_bacterium_HUM_21","Candidatus_Melainabacteria_bacterium_35_41","Candidatus_Melainabacteria_bacterium_LEY3_CP_29_8","Candidatus_Methanomassiliicoccus_intestinalis","Candidatus_Methanomethylophilus_alvus","Candidatus_Stoquefichus_sp_KLE1796","Catabacter_hongkongensis","Catenibacterium_mitsuokai","Christensenella_minuta","Citrobacter_amalonaticus","Citrobacter_braakii","Citrobacter_freundii","Citrobacter_portucalensis","Cloacibacillus_evryensis","Cloacibacillus_porcorum","Clostridiales_Family_XIII_bacterium","Clostridiales_bacterium_1_7_47FAA","Clostridiales_bacterium_CHKCI006","Clostridiales_bacterium_KLE1615","Clostridiales_bacterium_S5_A14a","Clostridium_aldenense","Clostridium_asparagiforme","Clostridium_bolteae","Clostridium_butyricum","Clostridium_celatum","Clostridium_citroniae","Clostridium_clostridioforme","Clostridium_disporicum","Clostridium_hylemonae","Clostridium_innocuum","Clostridium_lavalense","Clostridium_leptum","Clostridium_methylpentosum","Clostridium_neonatale","Clostridium_paraputrificum","Clostridium_perfringens","Clostridium_saccharolyticum","Clostridium_scindens","Clostridium_sp_44_14","Clostridium_sp_AF36_4","Clostridium_sp_AM22_11AC","Clostridium_sp_CAG_1000","Clostridium_sp_CAG_1193","Clostridium_sp_CAG_122","Clostridium_sp_CAG_12237_41","Clostridium_sp_CAG_138","Clostridium_sp_CAG_167","Clostridium_sp_CAG_169","Clostridium_sp_CAG_217","Clostridium_sp_CAG_221","Clostridium_sp_CAG_226","Clostridium_sp_CAG_230","Clostridium_sp_CAG_242","Clostridium_sp_CAG_245","Clostridium_sp_CAG_253","Clostridium_sp_CAG_265","Clostridium_sp_CAG_269","Clostridium_sp_CAG_273","Clostridium_sp_CAG_277","Clostridium_sp_CAG_288","Clostridium_sp_CAG_299","Clostridium_sp_CAG_302","Clostridium_sp_CAG_306","Clostridium_sp_CAG_307","Clostridium_sp_CAG_349","Clostridium_sp_CAG_354","Clostridium_sp_CAG_356","Clostridium_sp_CAG_389","Clostridium_sp_CAG_411","Clostridium_sp_CAG_413","Clostridium_sp_CAG_417","Clostridium_sp_CAG_433","Clostridium_sp_CAG_440","Clostridium_sp_CAG_448","Clostridium_sp_CAG_451","Clostridium_sp_CAG_452","Clostridium_sp_CAG_470","Clostridium_sp_CAG_492","Clostridium_sp_CAG_505","Clostridium_sp_CAG_508","Clostridium_sp_CAG_510","Clostridium_sp_CAG_524","Clostridium_sp_CAG_533","Clostridium_sp_CAG_557","Clostridium_sp_CAG_567","Clostridium_sp_CAG_571","Clostridium_sp_CAG_575","Clostridium_sp_CAG_58","Clostridium_sp_CAG_590","Clostridium_sp_CAG_594","Clostridium_sp_CAG_609","Clostridium_sp_CAG_628","Clostridium_sp_CAG_678","Clostridium_sp_CAG_710","Clostridium_sp_CAG_75","Clostridium_sp_CAG_762","Clostridium_sp_CAG_768","Clostridium_sp_CAG_780","Clostridium_sp_CAG_798","Clostridium_sp_CAG_914","Clostridium_sp_CAG_921","Clostridium_sp_CAG_964","Clostridium_sp_CAG_967","Clostridium_sp_D5","Clostridium_sp_chh4_2","Clostridium_spiroforme","Clostridium_symbiosum","Clostridium_ventriculi","Collinsella_aerofaciens","Collinsella_intestinalis","Collinsella_sp","Collinsella_sp_CAG_289","Collinsella_stercoris","Collinsella_tanakaei","Comamonas_kerstersii","Coprobacillus_cateniformis","Coprobacillus_sp_CAG_605","Coprobacillus_sp_CAG_826","Coprobacter_fastidiosus","Coprobacter_secundus","Coprococcus_catus","Coprococcus_comes","Coprococcus_eutactus","Coprococcus_sp_CAG_782","Coraliomargarita_sp_CAG_312","Cryptobacterium_sp_CAG_338","Culturomica_sp","Cutibacterium_acnes","Desulfovibrio_desulfuricans","Desulfovibrio_fairfieldensis","Desulfovibrio_piger","Desulfovibrio_sp_AM18_2","Desulfovibrionaceae_bacterium","Dialister_invisus","Dialister_sp_CAG_357","Dialister_sp_CAG_486","Dielma_fastidiosa","Dorea_formicigenerans","Dorea_longicatena","Dorea_sp_CAG_317","Dorea_sp_OM02_2LB","Eggerthella_lenta","Eggerthella_sinensis","Eggerthella_sp_CAG_209","Eggerthella_sp_CAG_298","Eggerthella_sp_CAG_368","Eisenbergiella_massiliensis","Eisenbergiella_tayi","Enterobacter_cloacae_complex","Enterococcus_avium","Enterococcus_dispar","Enterococcus_faecalis","Enterococcus_faecium","Enteroscipio_rubneri","Erysipelatoclostridium_ramosum","Erysipelotrichaceae_bacterium_3_1_53","Escherichia_albertii","Escherichia_coli","Eubacteriaceae_bacterium_CHKCI005","Eubacterium_eligens","Eubacterium_hallii","Eubacterium_limosum","Eubacterium_ramulus","Eubacterium_rectale","Eubacterium_siraeum","Eubacterium_sp_36_13","Eubacterium_sp_AF17_7","Eubacterium_sp_AM18_10LB_B","Eubacterium_sp_An11","Eubacterium_sp_CAG_115","Eubacterium_sp_CAG_161","Eubacterium_sp_CAG_180","Eubacterium_sp_CAG_192","Eubacterium_sp_CAG_251","Eubacterium_sp_CAG_252","Eubacterium_sp_CAG_274","Eubacterium_sp_CAG_38","Eubacterium_sp_CAG_581","Eubacterium_sp_OM08_24","Eubacterium_ventriosum","Faecalibacterium_prausnitzii","Faecalibacterium_sp_CAG_74","Faecalibacterium_sp_CAG_74_58_120","Faecalicatena_orotica","Faecalicoccus_pleomorphus","Faecalitalea_cylindroides","Finegoldia_magna","Firmicutes_bacterium_AF16_15","Firmicutes_bacterium_AM10_47","Firmicutes_bacterium_CAG_102","Firmicutes_bacterium_CAG_103","Firmicutes_bacterium_CAG_110","Firmicutes_bacterium_CAG_114","Firmicutes_bacterium_CAG_124","Firmicutes_bacterium_CAG_129","Firmicutes_bacterium_CAG_137","Firmicutes_bacterium_CAG_145","Firmicutes_bacterium_CAG_170","Firmicutes_bacterium_CAG_176","Firmicutes_bacterium_CAG_194","Firmicutes_bacterium_CAG_238","Firmicutes_bacterium_CAG_240","Firmicutes_bacterium_CAG_24053_14","Firmicutes_bacterium_CAG_272","Firmicutes_bacterium_CAG_313","Firmicutes_bacterium_CAG_321","Firmicutes_bacterium_CAG_345","Firmicutes_bacterium_CAG_41","Firmicutes_bacterium_CAG_424","Firmicutes_bacterium_CAG_449","Firmicutes_bacterium_CAG_460","Firmicutes_bacterium_CAG_466","Firmicutes_bacterium_CAG_475","Firmicutes_bacterium_CAG_534","Firmicutes_bacterium_CAG_555","Firmicutes_bacterium_CAG_56","Firmicutes_bacterium_CAG_582","Firmicutes_bacterium_CAG_631","Firmicutes_bacterium_CAG_65_45_313","Firmicutes_bacterium_CAG_791","Firmicutes_bacterium_CAG_822","Firmicutes_bacterium_CAG_83","Firmicutes_bacterium_CAG_882","Firmicutes_bacterium_CAG_884","Firmicutes_bacterium_CAG_94","Firmicutes_bacterium_CAG_95","Flavonifractor_plautii","Flavonifractor_sp_An10","Flavonifractor_sp_An100","Fusicatenibacter_saccharivorans","Fusobacterium_sp_CAG_439","Fusobacterium_ulcerans","Fusobacterium_varium","Gardnerella_vaginalis","Gemmiger_formicilis","Gordonibacter_pamelaeae","Gordonibacter_urolithinfaciens","Haemophilus_parainfluenzae","Haemophilus_sp_HMSC71H05","Haemophilus_sputorum","Hafnia_alvei","Hafnia_paralvei","Harryflintia_acetispora","Holdemanella_biformis","Holdemania_filiformis","Hungatella_hathewayi","Intestinibacter_bartlettii","Intestinimonas_butyriciproducens","Klebsiella_aerogenes","Klebsiella_michiganensis","Klebsiella_oxytoca","Klebsiella_pneumoniae","Klebsiella_quasipneumoniae","Klebsiella_variicola","Kluyvera_cryocrescens","Kluyvera_georgiana","Kocuria_rhizophila","Lachnoclostridium_sp_An118","Lachnoclostridium_sp_An131","Lachnoclostridium_sp_An138","Lachnoclostridium_sp_An14","Lachnospira_pectinoschiza","Lachnospiraceae_bacterium_OF09_33XD","Lachnospiraceae_bacterium_OF09_6","Lactobacillus_acidophilus","Lactobacillus_casei_group","Lactobacillus_crispatus","Lactobacillus_delbrueckii","Lactobacillus_fermentum","Lactobacillus_helveticus","Lactobacillus_iners","Lactobacillus_mucosae","Lactobacillus_oris","Lactobacillus_plantarum","Lactobacillus_rhamnosus","Lactobacillus_rogosae","Lactobacillus_ruminis","Lactococcus_lactis","Lactococcus_raffinolactis","Lactonifactor_longoviformis","Lawsonibacter_asaccharolyticus","Lelliottia_amnigena","Lentisphaerae_bacterium","Leuconostoc_garlicum","Leuconostoc_lactis","Massiliomicrobiota_timonensis","Mediterraneibacter_sp_KCTC_15684","Megamonas_funiformis","Mesosutterella_multiformis","Methanobrevibacter_smithii","Methanosphaera_cuniculi","Methanosphaera_sp_SHI1033","Methanosphaera_stadtmanae","Mitsuokella_jalaludinii","Mitsuokella_multacida","Mogibacterium_diversum","Monoglobus_pectinilyticus","Murimonas_intestini","Mycoplasma_sp_CAG_472","Mycoplasma_sp_CAG_776","Mycoplasma_sp_CAG_956","Odoribacter_laneus","Odoribacter_sp_CAG_788","Odoribacter_splanchnicus","Olsenella_umbonata","Oscillibacter_sp_57_20","Oscillibacter_sp_CAG_155","Oscillibacter_sp_CAG_241","Oscillibacter_sp_PC13","Oxalobacter_formigenes","Parabacteroides_distasonis","Parabacteroides_goldsteinii","Parabacteroides_gordonii","Parabacteroides_johnsonii","Parabacteroides_merdae","Parabacteroides_sp_CAG_409","Paraeggerthella_hongkongensis","Paraprevotella_clara","Paraprevotella_xylaniphila","Parasutterella_excrementihominis","Parvimonas_sp_KA00067","Pedobacter_himalayensis","Peptostreptococcaceae_bacterium_oral_taxon_929","Peptostreptococcus_anaerobius","Phascolarctobacterium_faecium","Phascolarctobacterium_sp_CAG_266","Phascolarctobacterium_succinatutens","Porphyromonas_asaccharolytica","Porphyromonas_sp_31_2","Porphyromonas_sp_HMSC065F10","Porphyromonas_sp_HMSC077F02","Porphyromonas_uenonis","Prevotella_bivia","Prevotella_buccae","Prevotella_buccalis","Prevotella_copri","Prevotella_corporis","Prevotella_disiens","Prevotella_oralis","Prevotella_sp_109","Prevotella_sp_885","Prevotella_sp_AM42_24","Prevotella_sp_CAG_1185","Prevotella_sp_CAG_279","Prevotella_sp_CAG_386","Prevotella_sp_CAG_485","Prevotella_sp_CAG_520","Prevotella_sp_CAG_604","Prevotella_sp_CAG_732","Prevotella_sp_CAG_891","Prevotella_stercorea","Prevotella_timonensis","Propionibacterium_freudenreichii","Proteobacteria_bacterium_CAG_139","Proteobacteria_bacterium_CAG_495","Proteus_mirabilis","Pseudescherichia_vulneris","Pseudoflavonifractor_capillosus","Pseudoflavonifractor_sp_An184","Pseudomonas_aeruginosa_group","Pseudomonas_fragi","Pyramidobacter_piscolens","Raoultella_ornithinolytica","Raoultella_planticola","Romboutsia_ilealis","Roseburia_faecis","Roseburia_hominis","Roseburia_intestinalis","Roseburia_inulinivorans","Roseburia_sp_CAG_100","Roseburia_sp_CAG_10041_57","Roseburia_sp_CAG_182","Roseburia_sp_CAG_197","Roseburia_sp_CAG_303","Roseburia_sp_CAG_309","Roseburia_sp_CAG_380","Roseburia_sp_CAG_471","Rothia_dentocariosa","Rothia_mucilaginosa","Ruminococcaceae_bacterium_D16","Ruminococcaceae_bacterium_D5","Ruminococcaceae_bacterium_KLE1738","Ruminococcus_bicirculans","Ruminococcus_bromii","Ruminococcus_callidus","Ruminococcus_champanellensis","Ruminococcus_gnavus","Ruminococcus_lactaris","Ruminococcus_sp_37_24","Ruminococcus_sp_AF31_8BH","Ruminococcus_sp_CAG_177","Ruminococcus_sp_CAG_254","Ruminococcus_sp_CAG_330","Ruminococcus_sp_CAG_353","Ruminococcus_sp_CAG_382","Ruminococcus_sp_CAG_403","Ruminococcus_sp_CAG_488","Ruminococcus_sp_CAG_579","Ruminococcus_torques","Ruthenibacterium_lactatiformans","Saccharomyces_eubayanus","Sanguibacteroides_justesenii","Sellimonas_intestinalis","Senegalimassilia_anaerobia","Slackia_isoflavoniconvertens","Slackia_piriformis","Solobacterium_moorei","Streptococcus_anginosus_group","Streptococcus_australis","Streptococcus_gordonii","Streptococcus_infantis","Streptococcus_lutetiensis","Streptococcus_mitis","Streptococcus_oralis","Streptococcus_parasanguinis","Streptococcus_salivarius","Streptococcus_sanguinis","Streptococcus_sp_A12","Streptococcus_sp_F0442","Streptococcus_thermophilus","Streptococcus_vestibularis","Subdoligranulum_sp","Subdoligranulum_sp_APC924_74","Succinatimonas_sp_CAG_777","Sutterella_sp_CAG_351","Sutterella_sp_CAG_397","Sutterella_sp_CAG_521","Sutterella_wadsworthensis","Turicibacter_sanguinis","Turicimonas_muris","Tyzzerella_nexilis","Tyzzerella_sp","Veillonella_atypica","Veillonella_dispar","Veillonella_infantium","Veillonella_parvula","Veillonella_rogosae","Veillonella_sp_DORA_A_3_16_22","Veillonella_sp_T11011_6","Veillonella_tobetsuensis","Victivallales_bacterium_CCUG_44730","Victivallis_vadensis","Weissella_cibaria","Weissella_confusa"
"4033_4",0,0,0,0,0,0,0,0,0,0,0,0,0,0,0,0,0,0.01223,0.01308,1.10551,0.00285,0,0.27951,0,1.22889,0.00494,0,0,0,0,0,0,0,0,0,0,0.02584,0,0.14932,0,0,0,0,0,0.01588,0,0,0.02908,0.02488,0,0,0,1.70375,0,0,0.09629,0.26258,0,0.07907,0,1.38939,0,0.01784,0,0.00544,0,0,0,0,0,0,0,0,0,0,0,0,0,0,0,0,0.03329,0.19368,0.08743,2.54442,1.00824,0.03553,0.36602,0,0,0,0,0,0,0,0,0,0,0,0.00946,0,0,0,1.92004,0,0.00104,0.00602,0,0,0,0.01413,0.0042,0,0,0,0,0,0,0.01401,0,0,12.77463,0,0,0,0,0.03536,0.00755,0,0,0,0,0,0,0,0,0,0,0,0,0,0,0,0.05511,0.06582,0,0,0.00187,0,0,0,0,0.09068,0,0,0,0,0,0,0,0.13861,0,0,0,0,0,0,0.07605,0.00062,0.11681,0,0,0.39716,0.14358,1.30735,0.0632,0.06787,0,0,0,0,0,0.1975,0,0,0,0,0.05135,0,0,0,0,0,0,0,0,0.04248,0,0,0,0,0,0,0,0,0,0,0,0,0,0,0,0,0,0,0,0.08213,0,0,0,0,0,0,0.52244,0,0,0,0,0,0,0,0,0,0,0,0,0,0.53345,0.07711,0,0,0,0,0,0,0,0,0,0,0.00235,0,0,0,0,0,0,0,0,0,0.27451,0,0,0,0,0,0,0.34034,0.86195,0.04032,0,0,0,0,0.07179,0,0,0,0,0,0,0,0,0,0,0,0,21.19207,0,0.72466,0.02183,0,0.47482,0.27074,0,0.20077,0.00133,0,0,0,0.12304,0,0,6.01369,0,0,0.80204,0,0,0.01643,2.32401,0.21066,0.00462,0,0,0,0,0.80714,0,0,0.88986,0,0.03324,0.04465,0.26685,0,0,0,8.23843,0,0,3.50693,0.63863,0,0,0,0,0.10682,0.05801,0,0,0,0,0,0,0.3757,0,0,0,0,0,1.19306,0,0,0,0,0.01896,0,0,1.02834,0,0,0,0,0.00646,0,0.00084,0,0,0,0,0,0,0,0.01933,0,0,0,0,0,0,2.24432,3.5507,0.19846,0,0.04693,0,0,0,0,0,0,0,0,0,0,0,0.17937,0,0,0,2.11976,0,0,0.03649,0,0,0,0,0,0,0,0,0,0,0,0,0,0,0.26766,0,0,0.02393,0,0,0,0.08666,0,0,0,0,0.13016,0,0.24435,0,0.14863,0,0,0,0,0.42945,0.15756,0,0,0.38687,0,0,0.06232,0.00818,0,0,0,0,0,0.00071,0,0,0,0,0,0,0,0,0,0,0,0,0,0,0,0,0,0,0,0,0,0,0,0,0,0,0,0,0,0.26147,0,0,0,0,0,0,0,0,0,0,0.18188,0.50912,1.09729,0.41229,0.39467,0.03713,0.0456,0.1979,0,0.0151,0,0,0,0,0,0,0.1185,0.31765,0,0,0,0.00101,0.82661,0.00817,0,2.19382,0,0,0,0,0,0,0,0.4276,0.02928,0,0,0,0,0,0.27417,0,0,0,0,0,0,0,0,0,0,0,0,0,0.33692,0,0.59944,0,0,0,0,0,0,0,0,0,0.26416,0.38991,0,0,0,0,0,0,0,0,0,0,0
"4067_2",0,0,0,0,0,0,0,0.00211,0.00639,0,0,0,0.01413,0,0,0,0,0.29813,0.08966,0,0,0,0,0,13.23278,0,0,0,0,0,0,0,0,0,0,0,0.00396,0,8.55516,0.11573,0,0,0,0,0.00733,0,0,0,0,0,0,0,0.70584,0,0,0,0,0,0.17522,0,0,0,0,0,4.20522,0,0,0,0,0,0,0,0,0,0,0,0,0,0,0,0,0,0,0.29114,3.40641,2.8704,0,0,0,0,0,0,0,0,0,0,0,0,0,0,0,0,0,3.26346,0.23034,0,0,0,0,0.0934,2.50225,0,0,0,0,0,0,0,0,0,0,0,0,0,0,0,0,0,0,0,0,0,0,0,0.10328,0,0,0,0,0,0,0,0,0,0,0,0,0,0,0,0,0,0,0,0,0.0194,0,0,0,0,0.00272,0.0294,0,0,0,0,0.00163,0,0,0,0,0,0,0,0,0,0,0,0,0,0,0,0,0,0,0,0,0,0,0,0,0,0,0,0,0,0,0,0,0,0,0,0,0,0,0,0,0,0,0,0,0,0,0,0,0,0,0,0,0,0,0,0,0,0,0,0,0,0,0,0,0,0,0,0.12905,0,0,1.61115,0,0,0,0,0,0,0,0,0,0,0,0,0,0,0,0,0,0,0,0,0,0,0,0,0,0,0,0,0,0.7042,0.33413,0,0.22249,0,0,0,0,0.03736,0,0,0,0,0,0,0,0,0,0,0,0,0.82448,4.64407,0,0.55525,22.88875,0.12657,0,0,0,0,0,0,0,0.04297,0,0,0,0,0,0,0,3.63761,0,0,0,0,0,0,0,0,0,0,0,0.09019,0,0,0,0,0,0,0,0,0,0,0,0,0,0,0.28557,0,0,0,0,0,0,0,0,0,0,0,0,0,0,0,0,0,0,0,0,0,4.51242,0,0,0,0,0,0,0,0.57809,0,0,0,0,0,0,0,0,0,0,0,0,0,0,0,0,0,0,0,0,0,0,0,0,0,0,0,0,0,0,0,0,0,0,0,0,0,0,0,0,0,0,0,0,0,0,0,0,0,0,0,0,0,0,0,0,0,0,0,0,0,0,0,0,0,0,0,0,0,0,0,0,0.13632,0,0,0,0,0,0,0,0,0,0,0,0,0,0,0,0,0,0,0,0,0,0,0,0,0,0,0,0,0,0,0,0,0,0,0,0,0,0,0,0,0,0,0,0,0,0,0,0,0,0,0,0,0,0,0,0,0,0,0,0,0,0,0,0,0,0,0,0.15048,0,0,0.43013,0,8.78405,0,0,0.28893,0.81725,0,0,0,0,0,0,0,0,0,0,3.56215,0.34777,0,0,1.00718,0,0,0,0,0,0.10402,0,0,0,0,0,0.35929,1.80196,0,0,0,0.30588,0,0.41788,0.03688,0,0,0,0,0,0,0,0,0,0,0,0,0,0,0,0,0,0,0,0,0
"4033_2",0,0.0237,0,0,0,0,0,0,0,0,0,0,0,0,0,0,0,0.01474,0.01694,0.91971,0.0524,0,0.96476,0,2.64163,0.04566,0,0,0,0,0,0,0.00084,0,0,0,0.01625,0,0.03748,0,0,0,0,0,0.05978,0.00311,0,0.56735,0.00513,0,0,0,3.47965,0,0,0.05318,0.53021,0,0.00265,0,1.48519,0,0.05522,0,0.03117,0,0,0,0,0,0,0,0,0,0,0,0,0,0,0.04121,0,0.02105,0.90143,0,6.26567,0.28371,0.06815,1.8532,0,0,0,0.02066,0,0,0,0,0,0,0,0.09924,0,0,0.00565,1.34289,0,0,0.00092,0.00271,0,0,0,0.01325,0,0,0,0,0.00305,0.00368,0.09038,0,0,2.96291,0,0,0,0,0.00115,0,0,0,0,0,0,0,0,0,0,0,0,0,0,0,0,0.0613,0.02776,0,0,0,0,0,0,0,0,0,0.00037,0,0,0,0,0.00603,0.13109,0,0,0,0,0,0,0,0,0.07286,0,0,0.05965,0.01034,0.46926,0.0461,0.37601,0,0,0,0.0061,0,0.23062,0,0,0,0.01044,0,0,0,0,0,0,0,0,0,0.09933,0,0,0,0,0,0,0,0,0,0,0,0,0,0,0,0,0,0,0,0.12124,0,0,0,0,0,0,0.03873,0,0,0,0,0,0,0,0,0,0,0,0,0,0.32711,0.13098,0,0,0,0,0,0,0,0,0.00054,0.00101,0.00588,0,0,0,0,0,0,0,0,0,0.47516,0,0,0,0,0,0,0.22437,0.51492,0.00458,0,0,0,0,0.07741,0,0.01272,0,0,0,0,0,0,0,0,0,0,19.59,0,1.61592,0.06008,0,0.28275,2.88673,0.18291,0.35744,0.00052,0,0,0.00747,0.01976,0,0,2.89692,0,0,0.02134,0,0,0.05357,1.15185,0.07444,0.00347,0,0,0,0,0.94436,0,0,0.62211,0,0.04555,0.03342,1.92585,0,0.00541,0,9.79599,0,0,8.74395,1.34296,0,0,0,0,0.06792,0.07209,0,0,0,0,0,0,0.28582,0,0,0,0,0,3.97579,0,0,0,0,0.04814,0,0,0.56336,0,0,0,0,0.00679,0.00111,0.01254,0,0,0,0,0,0.00076,0,0.02103,0,0,0.00155,0,0,0,0.90387,1.12962,0.09402,0,0,0,0,0,0,0,0,0.00166,0,0,0,0,0,0,0,0,0,0,0,0,0,0,0,0,0,0.02197,0,0.00848,0,0,0,0.00079,0,0,0.18234,0,0,0.01363,0,0,0,0.07935,0,0,0,0,1.58237,0,0.3217,0,0.93672,0,0,0.00043,0,0.86759,0.32359,0.00735,0,0.54971,0,0,0.01227,0.00198,0.039,0,0,0,0,0.00092,0,0,0,0,0,0,0,0,0,0,0.01545,0,0,0,0,0,0,0,0,0,0,0,0,0,0,0,0,0,0,0.28741,0,0,0,0,0,0,0,0,0,0,0,0.47506,0,0.33285,0.19922,0.02156,0.11175,0.00139,0,0.00519,0,0,0,0,0,0,0.10541,0.10336,0,0,0,0,0.77843,0.04562,0,2.27349,0,0,0,0,0,0,0,0.15468,0.08582,0,0,0,0,0,0.46094,0,0,0,0,0,0,0,0,0,0,0,0,0,0.03071,0,0.63299,0,0,0,0,0,0,0.02424,0,0,0.47303,0.01267,0,0,0,0,0,0,0,0.0223,0.01586,0,0
"4033_1",0,0.00056,0,0,0,0,0.00234,0,0,0,0,0,0,0,0,0,0,0.00366,0.03163,0.92363,0.11489,0,0.50943,0,1.58713,0.00921,0,0,0,0,0,0,0,0,0,0,0,0,0.27304,0,0,0,0,0,0.03096,0,0,0.6174,0.01853,0,0,0,6.07812,0,0,0.00304,0.12963,0,0.36446,0,1.51049,0,0.01235,0,0,0,0,0,0,0,0,0,0,0,0,0,0,0,0,0.00631,0,0.05273,1.20238,0,3.70511,0.02897,0.05618,1.43817,0,0,0,0,0,0,0,0,0,0.14339,0,0.09761,0,0,0.00186,1.78464,0,0,0.00524,0,0,0,0,0,0,0,0,0,0,0,0.02957,0,0,2.70096,0,0,0,0,0,0,0,0,0,0,0,0,0,0,0,0,0,0,0,0,0,0.14442,0.00998,0,0,0,0,0,0,0,0,0,0,0,0,0,0,0,0.00663,0,0,0,0,0,0,0.00207,0,0.05432,0,0,0.02477,0.00546,2.26659,0.15899,0.1108,0,0,0,0.00136,0,0.02929,0,0,0,0.03724,0.00109,0,0,0,0,0,0,0,0,0.09436,0,0,0,0,0,0,0,0,0,0,0,0,0,0,0,0,0,0,0,0.03259,0,0,0,0,0,0,0.06518,0,0,0,0,0,0,0,0,0,0,0,0,0,0.60922,0.37313,0,0,0,0,0,0,0,0,0.00373,0,0,0,0,0,0,0,0,0,0,0,0.36145,0,0,0,0,0,0,0.1767,0.96837,0,0,0,0,0,0.0421,0,0,0,0,0,0,0,0,0,0,0,0,16.78676,0,2.81026,0.06578,0,0.42504,0.01492,0,0.10771,0,0,0,0,0.01279,0,0,7.12155,0,0,0.00677,0,0,0.09331,0.23509,0.25167,0.00902,0,0,0,0,0.08251,0,0,0.30376,0,0.04051,0.03322,1.86655,0,0,0,13.98762,0,0,7.09194,1.15963,0,0,0,0,0.08318,0.04423,0,0,0,0,0,0,0.2539,0,0,0,0,0,1.37986,0,0,0,0,0.03783,0,0,0.40652,0,0,0,0,0.00871,0.00037,0.00127,0,0,0,0,0,0,0,0.03336,0,0,0.00049,0,0,0,2.25533,3.03998,0.20437,0,0,0,0,0,0,0,0,0.00082,0,0,0,0,0,0,0,0,0.02876,0,0,0,0,0,0,0,0,0.02899,0,0,0,0,0,0,0,0,1.11173,0,0,0.0125,0,0,0,0.2052,0,0,0,0,0.49655,0,0.25512,0,0.85613,0,0,0,0,0.21975,0.27492,0,0,0.49662,0,0,0,0,0.01063,0,0,0,0,0.0025,0,0,0,0,0,0,0,0,0,0,0,0,0,0,0,0,0,0,0,0,0,0,0,0,0,0,0,0,0,0.0644,0,0,0,0,0,0,0,0,0,0,0,0.15447,0,0,0,0,0,0,0,0.02262,0,0,0,0,0,0,0.18639,0.1084,0,0,0,0,1.19243,0.12682,0,2.3722,0,0,0,0,0,0,0,0.19409,0.18613,0,0,0,0,0,0.67613,0,0,0,0,0,0,0,0,0,0,0,0,0,0.38096,0,0.56579,0,0,0,0,0,0,0.00287,0,0,0.45241,0,0,0,0,0,0,0,0,0,0.00436,0,0
"4032_4",0,0,0,0,0,0,0,0,0,0,0,0,0,0,0,0,0,0,0,0,0.02118,0,0.30849,0,0.16137,0.01332,0,0,0,0,0,0,0,0,0,0,0,0,5.19659,0.33451,0,0,0,0,0.01259,0,0,0,0,0,0,0,6.77164,0,0,0,0,0,0,0,0.06251,0,0,0,0.08355,0,0,0,0,0,0,0,0,0,0,0,0,0,0,0,0,0,0,0.24674,23.39809,0.30202,0,0,0,0,0,0,0,0,0,0,0,0,0,0,0,0,0,0.32609,0,0,0.2994,0,0.08438,0,0.77742,0,0,0,0,0,0,0,0,0,0,0,0,0,0,0,0,0,0,0,0,0,0,0,0,0,0,0,0,0,0,0,0,0,0.02324,0,0,0.00673,0,0,0,0,0,0,0,0,0,0,0,0,0,0,0,0,0,0,0,0,0.00545,0,0,0,0,0,0,0,0,0,0,0,0.26141,0,0,0,0,0,0.25511,0,0,0,0,0,0,0,0,0,0,0,0,0,0,0,0,0,0,0,0,0,0,0,0,0,0,0,0,0,0,0,0,0,0,0,0,0,0,0,0,0,0,0,0,0,0,0,0.00859,0,0,0.55268,0,0,0,0,0,0,0,0,0,0,0,0,0.5708,4.45459,0,0,0,0,0,0,0,0,0,0,0,0,0,0,0.28699,1.07925,0.00377,0,0,0,0,0,0,0,0,0,0,0,0,0,0,0,0,0,0,0,2.80876,2.0145,0,0,8.81348,0,0,0,0,0,0,0.50956,18.56709,0,0,0.10229,0.03887,0,0,0,0,4.09384,0,0,0,0,0,0,0.10752,0,0,0,0,0,0,0,0.46852,2.8605,0,0,0,0,0,0,0,0,0,0,0.01697,0,0,0,0,0,0,0,0.16958,0,0,0.65131,0,0,0,0,0,0,0,0.0163,0,0,0.57128,0,0,0,0,0.75743,0,0,0,0,0,0,0,0,0,0,0,0,0.62348,0,0,0,0,0,0,0,0,0,0,0,0,0,0,0,0,0,0,0,0,0,0,0,0,0,0,0,0,0,0,0,0,0,0,0,0,0,0,0,0,0,0,0,0,0,0,0,0,0.15552,0,0,0,0,0,0,0.04856,0,0,0,0,0,0,0,1.49772,0,0,0,0,0,0,0,0,0,0,0,0,0.4276,0,0,0,0,0,0,0,0,0,0,0,0,0,0,0,0,0,0,0,0,0,0,0,0,0,0,0,0,0,0,0,0,0,0,0,0,0,0,0,0,0.46321,0.40453,0,0,0,0,0,0.11923,0,0,0,1.57359,0,0,0,0,0,0.25028,0,0,0,0,1.49459,0,0,0,0,0,0,0,0,0,0,3.19531,0,0,0,0.27258,0,0,0,0,0,0,0,0,0,0,0,0,0,0,0,0,0,0,0.92528,0.07225,0,0,0,0,0,0,0,0,0,0,0,0,0,0,0,0,0,0,0,0,0
"4032_3",0,0,0,0,0,0,0,0,0,0,0,0,0,0,0,0,0,0.02108,0.04942,0.06789,0.2432,0,0.28719,0,0.88943,0.03435,0,0,0,0,0,0,0,0,0,0,0.0014,0,3.10445,0.10042,0,0,0,0,0.05813,0,0,0,0.05512,0,0,0,5.81741,0,0,0,0,0,0,0,0.11078,0,0.00759,0,2.24322,0,0,0,0,0,0,0,0,0,0,0,0,0,0,0,0,0,0,1.76285,51.78591,0.2605,0.59993,0,0,0,0,0,0,0,0,0,0,0,0,0,0,0,0,0.07696,0,0,0.01248,0.00745,0.067,0,0.18655,0,0,0,0,0,0,0,0,0,0,0,0,0,0,0,0,0,0,0,0,0,0,0,0,0,0,0,0,0,0,0,0,0,0,0,0,0.01111,0,0,0,0,0,0,0,0,0,0,0,0,0,0,0,0,0,0,0,0,0,0,0,0,0,0,0,0.00575,0,0,0,0,0.09024,0,0,0,0,0.03196,0.09088,0,0,0,0,0,0,0,0,0,0,0,0,0,0,0,0,0,0,0,0,0,0,0,0,0,0,0,0,0,0,0,0,0,0,0,0,0,0,0,0,0,0,0,0,0,0,0,0.01278,0,0,0.17459,0,0,0,0,0,0,0,0,0,0,0,0,0.52763,1.34156,0,0,0,0,0,0,0,0,0,0,0,0,0,0,0.04665,0.38933,0.00215,0,0,0,0,0,0,0.00103,0,0,0,0,0,0,0,0,0,0,0,0,1.34633,0.01667,0,0,4.22232,0,0,0,0,0,0,0.97678,5.52446,0,0,0,0.00362,0.07683,0,0,0,2.12456,0,0,0,0,0,0,0.06268,0,0,0,0,0,0.00987,0,0.16274,0.154,0,0,0,0,0,0,0,0,0,0,0.04356,0,0,0,0,0,0,0,0.00445,0,0,1.00744,0,0,0,0,0,0,0,0.02835,0,0,0.12377,0,0,0,0,0.5316,0,0,0,0,0,0,0,0,0,0,0,0,0.12002,0,0,0,0,0,0,0,0,0,0,0,0,0,0,0,0,0,0,0,0,0,0,0,0,0,0,0,0,0,0,0,0,0.00903,0,0,0,0,0,0,0,0,0,0,0,0,0,0,0,0.09048,0,0,0,0,0,0,0.12608,0,0.0068,0,0,0,0,0,5.87853,0,0,0,0,0,0,0,0.03124,0,0,0,0,0.26986,0,0,0,0,0,0,0,0,0,0,0,0,0,0,0,0,0,0,0,0,0,0,0,0,0,0,0,0,0,0,0,0,0,0,0,0,0,0,0,0,0.14064,1.62375,0.01701,0.23647,0.06829,0.01576,0,0.01473,0,0,0,0.51414,0,0,0,0,0,0.06185,1.53382,0,0,0,0.51925,0,0,0,0,0,0,0,0,0,0,0.92232,0,0,0,0.01108,0,0,0,0,0,0,0,0,0,0,0,0,0.02284,0,0,0,0,0,0.75889,0.01072,0,0,0,0,0,0,0,0,0,0,0,0,0,0,0,0,0,0,0,0,0
"4032_2",0,0,0,0,0,0,0,0,0,0,0,0,0,0,0,0,0,0,0,0.51321,0.10934,0,0.50285,0,3.4177,0.10496,0,0,0,0,0,0,0,0,0,0,0,0,2.77482,0.03076,0,0,0,0,0.00464,0,0,0,0.1353,0,0,0,7.92993,0,0,0,0,0,0,0,0.00759,0,0.01612,0,1.05533,0,0,0,0,0,0,0,0,0,0,0,0,0,0,0,0,0,0,1.60265,40.33939,2.47335,0.70146,0,0,0,0,0,0,0,0,0,0,0,0,0,0,0,0,0,0,0,0,0,0,0,0.15467,0,0,0,0,0,0,0,0,0,0,0,0,0,0,0,0.37791,0.07641,0,0,0.15473,0,0,0,0,0,0,0,0,0,0,0,0,0,0,0,0,0.01308,0,0,0,0,0,0,0,0,0,0,0,0,0,0,0,0,0,0,0,0,0.03522,0,0,0,0,0,0,0,0,0,0,0,0.15333,0,0,0,0,0.25676,0.07613,0,0,0,0,0,0,0,0,0,0,0,0,0,0,0,0,0,0,0,0,0,0,0,0,0,0,0,0,0,0,0,0,0,0,0,0,0,0,0,0,0,0,0,0,0,0,0,0,0,0,0.01104,0,0,0,0,0,0,0,0,0,0,0,0,0.294,1.90698,0,0,0,0,0,0,0,0,0,0,0,0,0,0,0,0.57774,0,0,0,0,0,0,0,0,0,0,0,0,0,0,0,0,0,0,0,0,4.00743,0.07159,0,0,4.69173,0,0,0,0,0,0,0,11.74299,0,0,0,0,0.66427,0,0,0,2.86629,0,0,0,0,0,0,0,0,0,0,0,0,0,0,0.12861,0.08527,0,0,0,0,0,0,0,0,0,0,0.04608,0,0,0,0,0,0,0,0,0,0,0.31563,0,0,0,0,0,0,0,0.02969,0,0,0.54286,0.05456,0,0,0,0.59686,0,0,0,0,0,0,0,0,0,0,0,0,0.03253,0,0,0,0,0,0,0,0,0,0,0,0,0,0,0,0,0,0,0,0,0,0,0,0,0,0,0,0,0,0,0,0,0,0,0,0,0,0,0,0,0,0,0,0,0,0,0,0,0.24213,0,0,0,0,0,0,0.52526,0,0,0,0,0,0,0,1.52418,0,0,0,0,0,0,0,0.28241,0,0,0,0,0.08256,0,0,0,0,0,0,0,0,0,0,0,0,0,0,0,0,0,0,0,0,0,0,0,0,0,0,0,0,0,0,0,0,0,0,0,0,0,0,0,0,0.31371,0.08784,0.65556,0.20547,0.01726,0,0,0.1843,0,0,0,0.2156,0,0,0,0,0,0.57005,1.36167,0,0,0,0.33107,0,0,0,0,0,0,0,0,0,0,0.45686,0,0,0,0,0,0,0,0,0,0,0,0,0,0,0,0,0,0,0,0,0,0,1.24505,0.01525,0,0,0,0,0,0,0,0,0,0,0,0,0,0,0,0,0,0,0,0,0
"4032_1",0,0,0,0,0,0,0,0,0,0,0,0,0,0,0,0,0,0,0.37066,1.70708,1.13263,0,1.80299,0,2.01333,0.02535,0,0,0,0,0,0,0,0,0,0,0,0,2.13929,0,0,0,0,0,0,0,0,0,0.01112,0,0,0,13.53996,0,0,0,0,0,0,0,0.18443,0,0,0,1.31217,0,0,0,0,0,0,0,0,0,0,0,0,0,0,0,0,0,0,1.89023,36.79515,2.67397,0,0,0,0,0,0,0,0,0,0,0,0,0,0,0,0,0,0,0,0,0,0,0,0,0.12816,0,0,0,0,0,0,0,0,0,0,0,0,0,0,0,0,0,0,0,0,0,0,0,0,0,0,0,0,0,0,0,0,0,0,0,0,0,0,0,0,0,0,0,0,0,0,0,0,0,0,0,0,0,0,0,0,0,0,0,0,0,0,0,0,0,0,0,0,0,0,0,0,0,0,0,0,0,0,0,0,0,0,0,0,0,0,0,0,0,0,0,0,0,0,0,0,0,0,0,0,0,0,0,0,0,0,0,0,0,0,0,0,0,0,0,0,0,0,0,0,0,0,0,0,0,0,0,0,0,0,0,0,0,0,0,0,0,0,0,0,1.09355,0,0,0,0,0,0,0,0,0,0,0,0,0,0,0,0.52901,0,0,0,0,0,0,0,0,0,0,0,0,0,0,0,0,0,0,0,0,0.17881,0,0,0,4.25934,0,0,0,0,0,0,0,13.89494,0,0,0,0,0,0,0,0,3.61539,0,0,0,0,0,0,0,0,0,0,0,0,0,0,0.32489,0.17134,0,0,0,0,0,0,0,0,0,0,0,0,0,0,0,0,0,0,0,0,0,0,0,0,0,0,0,0,0,0.2142,0,0,0.56887,0,0,0,0,1.10932,0,0,0,0,0,0,0,0,0,0,0,0,0.55257,0,0,0,0,0,0,0,0,0,0,0,0,0,0,0,0,0,0,0,0,0,0,0,0,0,0,0,0,0,0,0,0,0,0,0,0,0,0,0,0,0,0,0,0,0,0,0,0,0,0,0,0,0,0,0,0.63958,0,0.36687,0,0,0,0,0,1.15686,0,0,0,0,0,0,0,0,0,0,0,0,0.42924,0,0,0,0,0,0,0,0,0,0,0,0,0,0,0,0,0,0,0,0,0,0,0,0,0,0,0,0,0,0,0,0,0,0,0,0,0,0,0,0,0,1.44953,0,0,0,0,0,0,0,0,0,0.44088,0,0,0,0,0,0,1.18,0,0,0,0.62545,0,0,0,0,0,0,0,0,0,0,0,0,0,0,0,0,0,0,0,0,0,0,0,0,0,0,0,0,0,0,0,0,0,1.47286,0,0,0,0,0,0,0,0,0,0,0,0,0,0,0,0,0,0,0,0,0,0
"4029_4",0,0,0,0,0,0,0,0,0,0,0,0,0,0,0,0,0,0.05342,0.09156,0.11701,0,2.77121,0.97786,0,1.64328,0.00469,0,0,0,0,0,0,0,0,0,0,0,0,2.0154,0,0,0,0,0,0.00094,0,0,1.32491,0,0,0,0,0.51919,0,0,1.18796,0,0,0,0,0,0.06085,0,0,0.17281,3.02392,1.38753,0,0,0,0,0,0,0,0,0,0,0,0,0,0,0,0.03715,0,1.82769,0.01162,0.35047,0,0,8.87581,0,0,0,0,0,0,0.03532,0.04121,0,0,0,0,0,0.88982,0,0.39089,5.77972,0,1.03966,0,0.02101,0,0,0,0,0,0,0.03082,0.02435,0.12924,0,0.64651,0,0,0,0,0,0,0.18713,0,0,0,0,0,0,0,0,0,0,0,0,0,0,0,0,0,0,0.06396,0,0,0,0,0,0,0,0,0,0,0,0,0,0,0,0,0,0,0,0,0,0.00337,3.10672,0,0,0,1.44874,0.01325,0,0,0.18739,0.54805,0.23104,0,0.1556,0,0.50804,0.2565,0,0,0,0,0.15645,0,0,0,0,0.03497,0.01784,0,0.04788,0,0,0.01335,0,0,0.05885,0,0,0,0.919,0.02171,0.09062,0.08899,0,0,0,0,0,0,0,0.07281,3.06775,0,0.08339,0.64898,0,0,1.65255,0,0,0,0,0,0,0,0,0,0,0.82543,0,0,0,0,0,0,0,0.14615,0.01563,0,0,0.56543,0.40021,0.59714,0,0,0,0,0,0,0,0,0,0,0,0,0,0,0.53897,1.49092,0,0,0,0,0,0,0,0,0,0.18619,0,0,0,0,0,0,0,0,0.07723,0,0.90327,1.17641,0,0.23066,0.01147,0.02752,0.06961,0,0,0,0,0.20701,0,0,0,0.69999,0,0,0,0,0.20598,2.82956,6.20773,0.13842,0,0,0,0,0,0.03647,0,0.19708,0,0.03449,0,0.02722,0,0,0,0.50518,0.0145,0.09542,0.21013,0.03678,0.18648,0,0,0,0,0,0,0.71767,0,0,1.8845,0,1.7699,1.24281,0,0,0,0,0.00816,0,0,0,0,0,0,0,0.4232,0,0,0,0,0,0,0,0.06284,0,0,0,0,0,0,0,0,0,0,0,0.99237,0.0369,0,0,0,0,0,0,0,0,0,0,0,0,0,0,0,0,0,0,0,0,0,0,0,0,0,0,0,0,0,0,0,0,0.01486,0,0,0,0,0,0.20539,0,0,0,0.02488,0,0,0,0,0.90466,0,0,0,0,0.22797,0,0,0,0.09631,0,0,0.20182,0,0,0,0.71246,0,0,0,0,0,0,0,0,0,0,0,0.35979,0,0,0,0,0,0,0,0,13.8008,0,0,0,0,0,0.90702,0,0,0,0,0,0.32642,0,0,0.66202,0,0,0,0,0,0.00531,0,0,0,0,0,0,0,0,0.8318,1.39434,0.51884,0.47145,0,0,0,0,0.14674,0.07482,0,0,0,0,0,0,0.0846,0,0.98768,0,0,0,0.17235,0.3856,0,0,0,0,0,0.04629,0,0,0,0.79484,0,0,0,0,0,0.27182,0,0,0,0,0,0,0,0,0,0,0.10943,0,0,0,0,0,0,0.05789,0,0,0,0,0,0,0,0,0,0,0,0,0,0,0,0,0,0,0,0,0
"4029_3",0,0,0,0,0,0,0,0,0,0,0,0,0,0,0,0,0,0.01722,0.03892,0.05477,0,0.88368,0.75403,0,0.61549,0.0258,0,0,0,0,0,0,0,0,0,0,0,0,0.26931,0,0,0,0,0,0.00308,0,0,0.83656,0.02589,0,0.00056,0,0.39127,0,0,0.62997,0,0,0,0,0,0.02076,0,0,0.03871,2.41756,0.79915,0,0,0,0,0,0,0,0,0,0,0,0,0,0,0,0.10786,0,1.03599,0,0.03713,0,0,1.52433,0,0,0,0,0,0,0.02483,0.33453,0,0.00152,0,0,0,0.13799,0,0.04414,0.52304,0,0.16396,0,0.0017,0,0,0,0,0,0,0.00077,0.05448,1.2473,0,1.20206,0,0,0,0,0,0,0.07686,0.04531,0,0,0,0,0,0,0,0,0,0,0,0,0,0,0,0,0,0.09392,0,0,0,0,0,0,0,0,0,0,0,0,0,0,0,0,0,0,0,0,0.00414,0.02397,0.14235,0,0,0,0.95052,0.18017,0,0,0.00302,0.13638,0.30006,0,0.05776,0,0,0.07076,0,0,0.03987,0,0.03119,0.07572,0,0,0,0.02581,0.02213,0.1236,0.11725,0,0,0.03032,0.20222,0,0.0616,0,0,0,0.29731,0.04056,0.28436,0.00384,0,0,0,0,0,0,0,0.17889,0.04287,0,0.04553,1.58588,0.03742,0,0.14233,0,0,0,0,0,0,0,0,0,0,0.24538,0,0,0,0,0,0,0,0.19084,0.21963,0.00037,0,0.11996,0.11235,0.10969,0,0,0.02095,0,0,0,0,0,0.12057,0,0,0,0,0,0.10199,0.12658,0,0,0,0,0,0.00398,0,0,0,0.03378,0,0,0,0,0,0,0,0,0.0311,0,0.12957,0.10216,0,0.06163,0.00076,0.03385,0.18574,0,0,0,0.00304,0.10712,0,0,0,1.79921,0,0.0705,0,0,0.04199,3.83766,3.51604,0.07314,0,0,0,0,0.00628,0.00177,0,0.22859,0.01744,0.01134,0.00949,0.11711,0.0273,0,0.02539,0.49327,0.21708,0.49034,0.18947,0.06848,0.58974,0,0,0,0,0,0,0.1088,0,0.2289,3.14448,0,0.24379,0.91902,0,0.01717,0,0,0.01821,0,0,0,0.0111,0,0,0,0.03894,0,0,0,0,0,0,0,0.02046,0,0,0,0,0,0.00016,0,0,0,0,0,0.0353,0,0.05807,0.00614,0.00294,0,0,0,0,0,0,0,0,0,0,0,0,0,0,0,0,0,0,0,0,0,0,0,0,0,0,0.0014,0,0,0,0.00852,0,0,0,0,0.01277,0,0,0,0.01982,0,0,0,0,0.21655,0,0,0,0,0.27783,0,0.20729,0,0.02041,0,0,0.15673,0,0,0,0.60699,0,0,0,0.00026,0.02146,0,0,0,0,0,0,1.0333,0,0,0,0,0,0,0,0,44.78403,0,0,0,0,0,2.81677,0,0,0,0,0,1.50414,0,0,4.95759,0,0,0,0,0,0,0,0,0,0,0,0,0,0,0.24521,2.0397,0.84144,0.33409,0,0,0,0,0.63925,0.09759,0.01413,0,0,0,0,0.04648,0.01723,0.00291,0.11271,0,0,0,0.00773,0.08411,0,0.00163,0,0,0,0.10741,0,0,0,0.13147,0.00951,0,0,0,0,0.06527,0,0,0,0,0,0,0,0,0,0,0.01677,0,0,0,0,0,0.00225,0.01527,0,0,0,0,0,0,0,0,0,0.02276,0,0,0.00196,0,0,0,0,0.00904,0,0.00378,0
"4069_3",0,0,0,0,0,0,0,0,0,0,0,0,0,0,0,0,0,0,0,0.92572,0,0,0,0,3.3742,0.89508,0,0,0,0,0,0,0,0,0,0,0,0,17.40619,0,0.01265,0,0,0,0.18463,0,0,0,0,0,0,0,4.71193,0,0,0,5.18146,0,2.34736,0,0,0,0,0,2.76496,0,0,0,0,0,0,0,0,0,0,0,0,0,0,0,0,0,8.92933,1.33977,8.59498,0,0.00855,1.86316,0,1.17538,0,0,0,0,0,0,7.43055,0,0,0,0,0,0,2.14043,0,3.62296,0.48074,0,0.04544,0,0.02246,0,0,0,0,0,0,0,0,0,0,0,0,0,0,0,0,0,0,0,0,0,0,0,0,0,0,0,0,0,0,0,0,0,0,0,0,0,0,0,0,0,0,0,0,0,0,0,0,0,0,0,0,0,0,0,0,0,0,0,0,0,0,0,0,0.08625,0,0,0,0,0,0,0,0,0,0.02758,0,0,0,0,0,0,0,0,0,0,0,0,0,0,0,0,0,0,0,0,0,0,0,0,0,0,0,0,0,0,0,0,0,0,0,0,0,0.03595,0,0,0,0,0,0,0,0,0,0,0,0,0,0.22142,0,0,0,0,0,0,0,0,0,0,0,2.56148,0.26671,0,0,0,0,0,0,0,0,0,0,0,0.00415,0,0,0,0.30802,1.0805,0.01274,0,0.18699,0,0,0,0,0,0,0,0,0,0,0,0,0,0,0,0.16673,0,2.0376,4.2837,0,0,3.84109,0,0.01999,0,0,0,0,0,0,0,0,0,0,0.00451,0,0,0,2.99316,0.17935,0.00331,0,0,0,0,0.00322,0.00211,0,0,0,0.01494,0,0,0,0,0,0,0,0,0,0,0,0,0,0,0.00382,0,0,0,0,0,0,0,0.91756,0,0,0,0,0,0.00081,0,0,0,0,0.73578,0,0,1.27107,0,0,0,0,0.17795,0,0,0,0,0,0,0,0,0,0,0,0.23888,0.01862,0,0,0,0,0,0,0,0,0,0,0,0,0,0.02382,0.00296,0,0,0,0,0,0,0,0,0,0,0,0,0,0.68535,0,0,0,0.12683,0,0,0,0,0,0.00296,0,0,0,0,0,0,0,0,0,0,0,0,0,0,0,0,0,0,0.00379,0,0,0,0,0.4643,0,0,0,0.6404,0,0,0,0,0,0,0,0,0,0,0,0,0,0,0,0,0,0,0,0,0,0,0,0,0,0,0,0,0,0,0,0,0,0,0,0,0,0,0,0,0,0,0,0,0,0,0,0,0,0.00184,0,0.02752,0.13613,0.56295,0,0,0,0,0,0,0,0.24556,0,0,0,0,0.02235,0.01003,0,0,0,0,0.4278,0,0.15528,0,0,0,0,0,0,0,0,0.50423,0.01411,0,0,0,0,0.08625,0,0,0,0,0,0,0,0,0,0,0.00311,0,0,0,0.00465,0,0.24807,0.35361,0,0,0,0,0.08215,0,0,0,0,0,0,0,0,0,0,0,0,0,0,0,0
"4069_2",0,0,0,0,0,0,0,0,0,0,0,0,0,0,0,0,0,0.03652,0,0.31513,0,0,0,0,0.74619,0.58148,0,0,0,0,0,0,0,0,0,0,0,0,1.64302,0,0,0,0,0,0.04495,0,0,0,0,0,0,0,19.35959,0,0,0,9.03255,0,3.5021,0,0,0,0,0,4.06849,0,0,0,0,0,0,0,0,0,0,0,0,0,0,0,0,0,20.74829,4.40579,13.91535,0,0.08234,1.53781,0,2.32881,0,0,0,0,0,0,0.34529,0,0,0.00083,0,0,0,0.28887,0,0.3092,0.03282,0,0.01086,0,0.00094,0,0,0,0,0,0,0,0,0,0,0,0,0,0,0,0.44485,0.04047,0,0,0,0,0,0,0,0,0,0,0,0,0,0,0,0,0,0,0,0.00785,0,0,0,0,0,0,0,0,0.08777,0,0,0,0,0,0,0,0,0,0,0,0.01702,0.01576,0,0,0.03538,0.00182,0,0.79902,0,0,0,0,0,0,0,0,0,0.00212,0,0,0,0,0,0,0,0,0,0,0,0,0,0,0,0,0,0,0,0,0.02015,0,0,0,0,0,0,0,0,0,0.00468,0,0,0,0,0,0,0.06197,0,0,0,0,0,0,0,0,0,0,0,0,0,0.03795,0,0,0,0,0,0,0,0,0,0.0146,0,0.15171,0.04451,0,0,0,0,0,0,0,0,0,0,0,0.00071,0,0,0,0.05705,0.15753,0,0,0.02328,0,0,0,0,0,0,0,0,0,0,0,0,0,0,0,0.05869,0,1.13176,0.3721,0,0,0.90273,0,0.07847,0,0,0,0.24544,0,0,0,0,0,0,0.01022,0,0,0,3.18644,0.43777,0.01387,0,0,0,0,0,0.00266,0,0.0018,0,0,0,0,0,0,0,0,0,0,0,0,0,0,0,0,0.01471,0,0,0,0,0,0,0,0.056,0,0,0.00717,0,0,0.00902,0,0,0,0,0.11987,0,0,0.5161,0,0,0,0,0.02992,0,0,0.07836,0,0.00421,0,0,0,0,0,0,0.01879,0,0,0,0,0,0,0,0,0,0,0,0,0,0,0.31219,0,0,0,0,0,0,0,0,0,0,0,0,0,0,0,0,0,0,0.05641,0,0,0,0,0,0,0,0,0,0,0,0,0,0,0,0,0,0,0,0,0,0,0,0,0.01428,0,0,0,0,1.70661,0,0,0,0.98531,0,0,0,0,0,0,0,0,0,0,0,0,0,0,0,0,0,0,0,0,0,0,0,0,0,0,0,0,0,0,0,0,0,0,0,0,0,0,0,0,0,0,0,0,0,0,0,0,0,0,0.15696,0.19785,0.28369,1.05382,0.07341,0.0282,0,0,0.07652,0,0,0.08807,0,0.00289,0,0,0.00018,0.1103,0,0,0,0,0.22581,0,0.01208,0.00472,0,0,0,0,0,0,0,0.11159,0.00323,0,0,0,0,0.00966,0,0,0,0,0,0,0,0,0,0,0.00139,0,0,0,0,0,0.09658,0.0378,0,0,0,0,1.6708,0.0201,0,0,0,0,0,0,0,0,0,0,0,0,0,0,0
"4069_1",0,0,0,0,0,0,0,0,0,0,0,0,0,0,0,0,0,0.00689,0,0.31509,0,0,0,0,0.83881,0.06892,0,0,0,0,0,0,0,0,0,0,0,0,1.04555,0,0,0,0,0,0,0,0,0,0,0,0,0,8.26419,0,0,0,3.9355,0,1.51841,0,0,0,0,0,1.99697,0,0,0,0,0,0,0,0,0,0,0,0,0,0,0,0,0,16.2317,1.07707,5.70114,0,0.00384,0.85573,0,11.07763,0,0,0,0,0,0,0.5525,0,0,0.02172,0,0,0,0.31074,0,0.13336,0,0,0,0,0,0,0,0,0,0,0,0,0,0,0,0,0,0,0,0,0.06454,0.00696,0,0,0,0,0,0,0,0,0,0,0,0,0,0,0,0,0,0,0,0.00388,0,0,0,0,0,0.11245,0,0,0,0,0,0,0,0,0,0,0,0,0,0,0.01754,0.04687,0,0,0.22012,0.01602,0,1.10856,0,0,0,0,0,0,0,0,0,0.01404,0,0,0,0,0,0,0,0,0,0,0,0.03674,0,0,0,0,0,0,0,0,0.20581,0,0,0,0,0,0,0,0,0,0.06603,0,0,0,0,0,0,0.22121,0,0,0,0,0,0,0,0,0,0,0,0,0,0.14035,0,0,0,0,0,0,0,0,0,0,0,0.27121,0.07224,0,0,0,0,0,0,0,0,0,0,0,0.01832,0,0,0,0.13443,0.2722,0,0,0,0,0,0,0,0,0,0,0,0,0,0,0,0,0,0,0,0,1.37228,0.28311,0,0,7.38853,0,0.68065,0,0,0,0.34395,0,0,0,0,0,0,0.02381,0,0,0,13.87797,0.3837,0.01649,0,0,0,0,0.00255,0.00192,0,0.02057,0,0,0,0,0,0,0,0,0,0,0,0,0,0,0,0,0.29544,0,0,0,0,0,0,0,0.08943,0,0,0.00182,0,0,0.00681,0,0,0,0,0.03139,0,0,0.65418,0,0,0,0,0.20354,0,0,0.14991,0,0,0,0,0,0,0,0,0.11286,0,0,0,0,0,0,0,0,0,0,0,0,0,0,0.90001,0,0,0,0,0,0,0,0,0,0,0,0,0,0,0.01395,0,0,0,0.00482,0,0,0,0,0,0,0,0,0,0,0,0,0,0,0,0,0,0,0,0,0,0,0,0,0.08908,0,0,0,0,0.6689,0,0,0,0.61331,0,0,0,0,0,0,0,0,0,0,0,0,0,0,0,0,0,0,0,0,0,0,0,0,0,0,0,0,0,0,0,0,0,0,0,0,0,0,0,0,0,0,0,0,0,0,0,0,0,0,0.2812,0.14589,2.41251,7.0695,0.12021,0.01534,0,0,0.12308,0,0,0.03789,0,0,0,0,0,0.88617,0,0,0,0,0.45392,0,0,0.78633,0,0,0,0,0,0,0,0.1438,0,0,0,0,0,0.00127,0,0,0,0,0,0,0,0,0,0,0,0,0,0,0.00788,0,0.58629,0.09025,0,0,0,0,1.56056,0.04163,0,0,0,0,0,0,0,0,0,0,0,0,0,0,0
"4068_4",0,0,0,0,0,0,0,0,0,0,0,0,0,0,0,0,0,0.02705,0.01765,8.93607,0.16299,0,0.48568,0,0,0.69922,0,0,0,0,0,0,0,0,0,0,0,0,0.58902,0,0,0,0,0,0.01246,0.00251,0.07477,0,0,0,0,0,0,0,0,0,0,0,2.87441,0,0,0,0,0,2.80044,0,0,0,0,0,0,0,0,0,0,0,0,0,0,0,0,0,0,5.78698,18.42931,24.86715,0,2.12985,0,0,0,0,0,0,0,0,0.26299,0,0,0.01446,0,0,0.00104,0.20905,0,0,0,0,0.19341,0,0,0,0,0,0,0,0,0,0,0,0,0,0,0,0,0,0,0.00663,0,0,0,0,0,0,0,0,0,0,0,0,0,0,0,0,0.01148,0,0,0,0,0,0,0,0,0,0,0,0,0,0,0,0.0592,0,0,0,0,0,0,0,0,0.02828,0,0,0,0,0,0.70147,0,0,0,0,0,0,0,0,0,0,0.00984,0,0,0,0,0,0,0,0,0,0,0,0,0,0,0,0,0,0,0,0,0,0,0,0,0,0,0,0,0,0.14634,0,0,0,0,0,0,0.64668,0,0,0,0,0,0,0,0.00439,0,0,0,0,0,0.12735,0,0,0,0,0,0,0,0,0,0,0,0,0.32688,0,0,0,0,0,0,0,0,0,0,0,0,0,0,0,0.04867,0.12795,0,0,0.02549,0,0,0.03503,0,0.00309,0,0,0,0,0,0,0,0,0,0,0.20358,0,2.23728,0.50789,0,0.35344,4.15716,0,0.16724,0,0,0,0,0,0,0,0,0,0,0,0,0,0.159,4.62936,0,0,0,0,0,0,0.27356,0,0.18485,0,0,0.02324,0,1.22408,0,0.02054,0,0,0.30624,0,0,0,0,0,0,0,0.09027,0,0,0,0,0,0,0,0.40005,0,0,0,0,0,0,0,0,0,0,0.06032,0,0,0.52177,0,0,0,0,0.13692,0,0,0.00521,0.01767,0,0,0,0,0,0,0,0,0.08787,0,0,0,0,0,0,0,0,0,0,0,0,0,1.78378,0,0,0,0,0,0,0,0,0,0,0,0,0,0,0,0,0,0,0.03455,0,0.00064,0,0,0,0,0,0,0,0,0,0,0,0,0,0,0,0,0,0,0,0,0.81813,0,0.28828,0,0.12608,0,0,0,0,0,0,0,0,0,0,0,0,0,0,0,0,0.08879,0,0,0,0,0,0,0,0,0,0,0,0,0,0,0,0,0,0,0,0,0,0,0,0,0,0,0,0,0,0,0,0,0,0,0,0,0,0,0,0,0.55511,0.15464,1.09529,3.44294,0.35691,0.04951,0,0,0,0,0,0,0,0,0,0,0.04872,0,2.22902,0,0,0,0.19268,0,0,0,0,0,0,0,0,0,0,0.337,0.03257,0,0,0.00029,0,0,0,0,0,0,0,0,0,0,0,0,0,0,0,0,0.2248,0,0.65633,0.02077,0,0,0,0,0,0,0,0,0.79108,0,0,0,0,0,0,0,0,0,0.01929,0,0
"4005_4",0,0.00951,0,0,0,0.28561,0,0,0,0,0,0,0,0,0,0,0,0,7.46513,4.16596,0.15056,8.07185,2.43342,0.17679,3.90724,0.17172,0,0,0,0,0,0,0,0,0,0,0.00559,0,0.28677,0,0,0,0,0,0,0,0,0.83382,0,0,0,0,0,1.75478,0,0,0,0,0.46552,0,0,0,0,0,0.01467,0,0,0,0,0,0,0,0,0,0,0,0,0,0,0,0,0.0369,0,0.54462,4.40316,1.50155,0.5039,2.69958,0,5.76068,0,0,0,0,0,0,0.8835,0.18817,0,0.00491,0,0,0,0.94897,0,0,0,0,0.06068,0,0,0,0,0,0,0,0.01276,0,0.08894,0,0,0,0,0,0,0,0,0,0,0,0,0,0,0,0,0,0,0,0,0,0,0,0,0,0,0,0,0,0,0,0,0,0,0,0,0,0,0,0,0,0.16847,0,0,0,0,0,0,0,0,0,0,0,0,0,0.04303,0,0,1.06061,0,0,0,0,0,0,0,0,0.20544,0,0,0,0,0,0,0,0,0,0,0,0.40685,0,0,0,0,0,0,0,0,0,0,0,0,0,0,0,0,0,0,0,0.12422,0,0,0,0,0.02831,0,0,1.42097,0,0,0,0,0,0,0,0,0,0,1.28501,0,0,0.05046,0,0,0,0,0,0,0.02043,0,0.18658,0.05916,0,0,0,0,0,0,0,0,0,0,0,0,0,0,0,0,0,0,0,0,0,0,0.02574,0,0,0,0,0,0,0,0,0,0,0,0,0,0,0.43157,0.79501,0,0,1.05451,0.32817,0.11797,0,0,0,0,0,0,0,0,0,0,0,0,0,0,3.57826,0.1801,0,0,0,0,0,0.03835,0,0,0.12041,0.01558,0.01912,0.2568,2.52396,0.01603,0,0,21.51227,0,0,0,0,0,0,0.05491,0,0,0,0,0,0,0,0,1.2956,0,0,0,0,0,0,0.00991,0,0,0,0,0,0,0,0.04992,0,0,0,0,0.03164,0,0,0,0,0,0,0,0,0,0,0,0,0,0,0,0,0,0,0,0,0,0,0,0,0,0,0.01054,0,0,0,0,0,0,0,0,0,0,0,0,0,0,0,0,0,0,0,0,0,0,0,0,0,0,0,1.15986,0,0,0,0,0,0,0.04527,0,0,0,0,4.60855,0,0.18566,0,0.15365,0,0.05718,0,0,2.49232,0.08062,0,0,1.13216,0,0,0,0,0.04055,0,0,0,0,0.03944,0,0,0,0,0,0,0,0,0,0,0,0,0,0,0,0,0,0,0,0,0,0,0,0,0,0,0,0,0,0,0,0,0,0,0,0,0,0,0,0,0.07778,0.03642,0,0,0,0,0,0,0,0,0.03102,0,0,0,0,0,0.0693,0.04353,3.44638,0,0,0,0,0.20737,0,0,0,0,0,0,0,0,0,0.46023,0,0,0,0,0,0.05731,0,0,0,0,0,0,0,0,0,0,0,0,0,0,0,0,0.07069,0.14158,0,0,0,0,0,0,0,0,0,0,0,0,0,0,0,0,0,0,0,0,0
"4068_3",0,0,0,0,0,0,0,0,0,0,0,0,0,0,0,0,0,0.02585,0.01784,10.52105,0.04574,0,0.22182,0,0,0.63196,0,0,0,0,0,0,0,0,0,0,0,0,4.26931,0,0,0,0,0,0.06471,0,0.15046,0,0,0,0,0,0,0,0,0,0,0,2.21878,0,0,0,0,0,1.15697,0,0,0,0,0,0,0,0,0,0,0,0,0,0,0,0,0,0,2.36112,9.16626,14.07957,0,1.9061,0,0,0,0,0,0,0,0,0.12823,0,0,0,0,0,0,0.24415,0,0,0,0,0.47822,0,0,0,0,0,0,0,0,0,0,0,0,0,0,0,0,0,0,0.02618,0,0,0,0,0,0,0,0,0,0,0,0,0,0,0,0,0,0,0,0,0,0,0,0,0,0,0,0,0,0,0,0,0,0,0,0,0,0,0,0,0.0034,0,0,0,0,0,0,6.72309,0,0,0,0,0,0,0,0,0,0,0.12361,0,0,0,0,0,0,0,0,0,0,0,0,0,0,0,0,0,0,0,0,0,0,0,0,0,0,0,0,0,0.01025,0,0,0,0,0,0,1.34238,0,0,0,0,0,0,0,0.02536,0,0,0.04309,0,0,0.23924,0,0,0,0,0,0,0,0,0,0,0,0,1.03517,0,0,0,0,0,0,0,0,0,0,0,0,0,0,0,0.05642,0.09237,0,0,0.00153,0,0,0.13586,0,0,0,0,0,0,0,0,0,0,0,0,0,0,2.71136,2.68158,0,0.85508,4.64989,0,0.00622,0,0,0,0,0,0,0,0,0,0,0,0,0,0.09489,12.47856,0,0,0,0,0,0,0.1476,0,0.06941,0,0,0,0,0.08196,0,0,0,0,0.05222,0,0,0,0,0,0,0,1.80225,0,0,0,0,0,0,0,0.91324,0,0,0,0,0,0,0,0,0,0,0.01309,0,0,2.09903,0,0,0,0,0.05443,0,0,0,0,0,0,0,0,0,0,0,0,0,0,0,0,0,0,0,0,0,0,0,0,0,0,0.74548,0,0,0,0,0,0,0,0,0,0,0,0,0,0,0,0,0,0,0,0,0,0,0,0,0,0,0,0,0,0,0,0,0,0,0,0,0,0,0,0,0,0.1913,0,0.0662,0,0.07613,0,0,0,0,0,0,0,0,0,0,0,0,0,0,0,0,0.1067,0,0,0,0,0,0,0,0,0,0,0,0,0,0,0,0,0,0,0,0,0,0,0,0,0,0,0,0,0,0,0,0,0,0,0,0,0,0,0,0,0.88588,0.7212,2.56369,2.93766,0.13257,0.01005,0,0,0,0,0,0,0,0,0,0,0.01436,0,4.33373,0,0,0,0,0,0,0,0,0,0,0,0,0,0,0.15251,0,0,0,0,0,0,0,0,0,0,0,0,0,0,0,0.0018,0.037,0,0,0,0,0,0.42163,0,0,0,0,0,0,0,0,0,0.34521,0,0,0,0,0,0,0,0,0,0,0,0
"4068_2",0,0,0,0,0,0,0,0,0,0,0,0,0,0,0,0,0,0.01684,0.21367,7.07141,0.13175,0,0.33833,0,0,0.45119,0,0,0,0,0,0,0,0,0,0,0,0,0.89207,0,0,0,0,0,0.02784,0.00342,0.02515,0,0,0,0,0,0,0,0,0,0,0,0.83067,0,0,0,0,0,2.63007,0,0,0,0,0,0,0,0,0,0,0,0,0,0,0,0,0,0,3.66435,30.19934,28.55195,0,1.14889,0,0,0,0,0,0,0,0,0.20916,0,0,0.00697,0,0,0,0.28415,0,0,0,0,0.13322,0,0,0,0,0,0,0,0,0,0,0,0,0,0,0,0,0,0.00285,0.17825,0,0,0,0,0,0,0,0,0,0,0,0,0,0,0,0,0,0,0,0,0,0,0,0,0,0,0,0,0,0,0,0,0.03387,0,0,0,0,0,0,0,0,0.0446,0,0,0,0,0,0.6241,0,0,0,0,0,0,0,0,0,0,0.01413,0,0,0,0,0,0,0,0,0,0,0,0,0,0,0,0,0,0,0,0,0,0,0,0,0,0,0,0,0,0.03945,0,0,0,0,0,0,0.68902,0,0,0,0,0,0,0,0,0,0,0,0,0,0.19614,0,0,0,0,0,0,0,0,0,0,0,0,0.27143,0,0,0,0,0,0,0,0,0,0,0,0,0,0,0,0.02222,0.12812,0,0,0.00325,0,0,0.07284,0,0,0,0,0,0,0,0,0,0,0,0,0.01544,0,0.70696,0.70824,0,0.15338,2.6661,0,0.06038,0,0,0,0,0,0,0,0,0,0,0,0,0,0.04023,7.58913,0,0,0,0,0,0,0.07359,0,0.14253,0,0,0.00234,0,0.34876,0,0,0,0,0.0085,0,0,0,0,0,0,0,0.24751,0,0,0,0,0,0,0,0.39263,0,0,0,0,0,0,0,0,0,0,0.00042,0,0,0.99532,0,0,0,0,0.14212,0,0,0,0,0,0,0,0,0,0,0,0,0.01484,0,0,0,0,0,0,0,0,0,0,0,0,0,0.64754,0,0,0,0,0,0,0,0,0,0,0,0,0,0,0,0,0,0,0.0478,0,0,0,0,0,0,0,0,0,0,0,0,0,0,0,0,0,0,0,0,0,0,0.27107,0,0.15881,0.00257,0.06301,0,0.39381,0,0,0,0,0,0,0,0,0,0,0,0,0,0,0.17243,0,0,0,0,0,0,0,0,0,0,0,0,0,0,0,0,0,0,0,0,0,0,0,0,0,0,0,0,0,0,0,0,0,0,0,0,0,0,0,0,0.36063,0.52701,0.22421,0.78499,0.00578,0,0,0,0,0,0,0,0,0,0,0,0.031,0,0.96839,0,0,0,0.14029,0,0,0,0,0,0,0,0,0,0,0.26296,0.02893,0,0,0,0,0,0,0,0,0,0,0,0,0,0,0,0,0,0,0,0,0,0.89657,0.00231,0,0,0,0,0,0,0,0,0.55078,0,0,0,0,0,0,0,0,0,0,0,0
"4068_1",0,0,0,0,0,0,0,0,0,0,0,0,0,0,0,0,0,0.13062,0.68357,1.33489,0,0,0.01549,0,0,0.02551,0,0,0,0,0,0,0,0,0,0,0,0,1.54878,0,0,0,0,0,0.14026,0.05684,0.45791,0,0,0,0,0,0,0,0,0,0,0,0.01681,0,0,0,0,0,0.42196,0,0,0,0,0,0,0,0,0,0,0,0,0,0,0,0,0,0,0.50599,1.66004,2.14382,0,0.07426,0,0,0,0,0,0,0,0,0.28985,0,0,0,0,0,0.01095,1.14668,0,0,0,0,0.14129,0,0,0,0,0,0,0,0,0,0,0,0,0,0,0,0,0,0,0.08505,0,0,0,0,0,0,0,0,0,0,0,0,0,0,0,0,0,0,0,0,0,0,0,0,0,0,0,0,0,0,0,0,0.07883,0,0,0,0,0,0,0,0.00586,0,0,0,0,0,0,2.97407,0,0,0,0,0,0,0,0,0,0,0.27222,0,0,0,0,0,0,0,0,0,0,0,0,0,0,0,0,0,0,0,0,0,0,0,0,0,0,0,0,0,0.06279,0,0,0,0,0,0,11.58165,0,0,0,0,0,0,0,0,0,0,0.04705,0,0,0.66101,0,0,0,0,0,0,0,0,0,0,0,0,2.42815,0,0,0,0,0,0,0,0,0,0,0,0,0,0,0,0.30817,0.57522,0,0,0.05904,0,0,0.2062,0,0,0,0,0,0,0,0,0,0,0,0,0,0,0.78547,3.68136,0,1.06379,11.46733,0,0.16723,0,0,0,0,0,0,0,0,0,0,0,0,0,0.31264,4.89853,0,0,0,0,0,0,0.47591,0,0.07161,0,0,0.06174,0,0.02594,0,0.14392,0,0,0.27246,0,0,0,0,0,0,0,0.84242,0,0,0,0,0,0,0,1.28783,0,0,0,0,0,0,0,0,0,0.00724,0,0,0,1.98152,0,0,0,0,0.07077,0,0,0,0,0,0,0,0,0,0,0,0,0,0,0,0,0,0,0,0,0,0,0,0,0,0,0.381,0,0,0,0,0,0,0,0,0,0,0,0,0,0,0,0,0,0,0,0,0,0,0,0.0027,0,0,0,0,0,0,0,0,0,0,0,0,0,0,0,0,0,0.01375,0,0,0,0.00749,0,0.02826,0,0,0,0,0,0,0,0,0,0,0,0,0,0,0.00678,0,0,0,0,0,0,0,0,0,0,0,0,0,0,0,0,0,0,0,0,0,0,0,0,0,0,0,0.00055,0,0,0,0,0,0,0,0,0,0,0,0.00291,1.25494,1.8669,1.00867,2.36279,0.12359,0.00958,0,0,0,0,0,0,0,0,0,0,0.25287,0,32.61716,0,0,0,0.02423,0,0,0,0,0,0,0,0,0,0,1.3257,0.14177,0,0,0.04236,0,0,0,0,0,0,0,0,0,0,0,0.02062,0.01952,0,0,0,0.23988,0,0.22739,0.00851,0,0,0,0,0,0,0,0,0.24156,0,0,0,0,0,0,0,0,0,0,0,0
"4067_3",0,0,0,0,0,0,0,0.00177,0.00082,0,0.00474,0,0.00711,0,0,0,0,0.3174,0.54052,0,0,0,0,0,1.47052,0,0,0,0,0,0,0,0,0,0.00285,0,0.00921,0.00035,12.6317,0.01389,0,0,0,0,0.04882,0,0,0,0,0,0,0,0.40952,0,0,0,0,0,0.02845,0,0,0,0,0,0.49292,0,0,0,0,0,0,0,0,0,0,0,0,0,0,0,0,0,0,0.08694,0.51734,0.57021,0,0,0,0,0,0,0,0,0,0,0,0,0,0,0,0,0,4.83346,0.17956,0,0,0.0682,0,0.01608,0.91942,0,0,0,0,0,0,0,0,0,0,0,0,0,0,0,0,0,0,0,0,0,0,0,0.42378,0,0,0,0,0,0,0,0,0,0,0,0,0,0,0,0,0,0,0,0,0.00157,0,0,0.03711,0,0,0,0,0,0,0,0,0,0,0,0,0,0,0,0,0,0,0,0,0,0,0,0,0,0,0,0,0,0,0,0,0,0,0,0,0,0,0,0,0,0,0,0,0,0,0,0,0,0,0,0,0,0,0,0,0,0,0,0,0,0,0,0,0,0,0,0,0,0,0,0,0,0,0,0.05615,0,0,2.05042,0,0,0,0,0.08598,0,0,0,0,0,0,0,0,0,0,0,0,0,0,0,0,0,0,0,0,0,0,0,0,0.84591,0.10119,0,0.78496,0,0,0,0,0.00245,0,0,0,0,0,0,0,0.01346,0,0,0,0,0.05531,5.06513,0,1.16407,31.79929,0.09855,0,0,0,0,0,0,0,0.42418,0,0,0,0.04612,0,0,0,1.9105,0,0,0,0,0,0,0,0,0,0,0,0.12059,0,0,0,0,0,0,0,0,0,0,0,0,0,0,0.2647,0,0,0,0,0,0,0,0.56836,0,0,0,0,0,0,0,0,0,0,0.09047,0,0,8.56486,0,0,0,0,0,0,0,0.01204,0.19094,0,0,0,0,0,0,0,0,0,0,0,0,0,0,0,0,0,0,0,0,0,0,0,0,0,0,0,0,0,0,0,0,0,0,0,0,0,0,0,0,0,0,0,0,0,0,0,0,0,0,0,0,0,0,0,0,0,0,0,0,0,0,0,0,0,0,0,0,0,0,0,0.01048,0,0,0,0,0,0,0,0,0,0,0,0,0,0,0,0,0,0,0,0,0,0,0,0,0,0,0,0,0,0,0,0,0,0,0,0,0,0,0,0,0,0,0,0,0,0,0,0,0,0,0,0,0,0,0.0442,0,0,0,0,0,0,0,0,0,0,0,0,0.00308,0,0,0.40951,0,14.85323,0,0,0.09788,0.01749,0,0,0,0,0,0,0,0,0,0,5.13392,0.12001,0,0,0.50451,0,0,0,0,0,0.01005,0,0,0,0,0,0.13308,0.25367,0,0,0,0.08856,0,0.35738,0.01306,0,0,0,0,0,0,0,0,0,0,0,0,0,0,0,0,0,0,0,0,0
"4067_1",0,0,0,0,0,0,0,0.05715,0.03386,0,0.00279,0,0.07432,0.0023,0,0,0,0.35712,0.0645,0,0,0,0,0,0.93199,0,0,0,0,0,0,0,0,0,0.00441,0,0.0448,0,9.48074,0.08427,0.00722,0,0,0,0.03125,0,0,0,0,0,0,0,0.00965,0,0,0,0,0,0.0038,0,0,0,0,0,0.20015,0,0,0,0,0,0,0,0,0,0,0,0,0,0,0,0,0,0.00055,0,0.07874,0.0392,0,0,0,0,0,0,0,0,0,0.00547,0,0,0,0,0,0,0,2.68114,1.08315,0,0,0.18324,0,0.11189,2.46857,0,0,0,0,0,0,0,0,0,0,0,0,0,0,0,0,0,0,0,0,0,0,0,0.15236,0,0,0,0,0,0,0,0,0,0,0,0,0,0,0,0,0,0,0,0,0.02941,0,0,0.10782,0.00337,0.02351,0.06953,0,0,0,0,0.02674,0,0,0,0,0,0,0,0,0,0,0,0,0,0,0,0,0,0,0,0,0,0,0,0,0,0,0,0,0,0,0,0,0,0,0,0,0,0,0,0,0,0,0,0,0,0,0,0,0,0,0,0,0,0,0,0,0,0,0,0,0,0,0,0,0,0,0,0.31129,0.00251,0,3.35948,0,0,0,0,0.05027,0,0,0,0,0,0,0,0,0,0,0,0,0,0,0,0,0,0,0,0,0,0,0,0,1.08748,1.60157,0,1.80497,0,0,0,0,0.02441,0,0,0,0,0,0,0,0.0288,0,0,0,0,0.00811,7.07742,0,2.18454,20.16976,0.01248,0,0,0,0,0,0,0,0.33758,0,0,0,0,0,0,0,3.18261,0,0,0,0,0,0,0,0,0,0,0.02761,0.7725,0,0,0,0,0,0,0,0,0,0,0,0,0,0,0.18777,0,0,0,0,0,0,0,0,0,0,0,0,0,0,0,0,0.31999,0,0.048,0,0,2.44579,0,0,0,0,0,0,0,0.14902,0,0,0,0,0,0,0,0,0,0,0,0,0,0,0,0,0,0,0,0,0,0,0,0,0.02264,0,0,0,0,0,0,0,0,0,0,0,0,0,0,0,0,0,0,0,0,0,0,0,0,0,0,0,0,0,0,0,0,0.02966,0,0,0,0,0,0,0,0,0,0,0,0,0,0,0.00698,0,0,0,0,0,0,0,0,0,0,0,0,0,0,0,0,0,0,0,0,0,0,0,0,0,0,0,0,0,0,0,0,0,0,0,0,0,0,0,0,0,0,0,0,0,0,0,0,0,0,0,0,0,0,0.09586,0,0,0,0,0,0,0,0,0,0,0,0,0.07834,0,0,1.39024,0,16.72598,0,0,0.5864,4.17163,0,0,0,0,0,0,0,0,0,0,8.07975,0.24337,0,0,1.69979,0,0,0,0,0,0.25088,0.00606,0,0,0.00187,0,0.86689,1.6572,0,0.04723,0.00394,0.04381,0,0.25322,0.06603,0,0,0,0,0,0.02323,0,0,0,0,0,0,0,0,0,0,0,0,0,0,0
"4066_4",0,0,0,0,0,0,0,0,0,0,0,0,0,0,0,0,0,0.01664,13.17213,1.30024,0,0,0.23268,0,10.95804,0.28284,0,0,0,0,0,0.21525,0,0,0,0,0,0,0.19572,0,0,0,0,0,0,0,0,0.76198,0.11129,0,0,0,0.89791,0,0,0,0.0284,0,0,0,0.38465,0.16461,0,0,0.10582,0,0,0.29428,0,0,0,0,0,0,0,0,0,0,0,0,0,0,1.04748,1.05245,1.2682,2.32602,0.06251,4.75966,0,0.14456,0,0,0,0,0,0,0.02188,0,0,0.00862,0,0,0,0.23107,0,0.05934,0,0,0.02362,0,0,0,0,0,0,0,0,0,0.24178,0,0,0,0,0,0,0,0,0,0,0,0,0,0,0,0,0,0,0,0,0,0,0,0,0,0,0,0,0,0,0,0,0,0,0,0,0,0.03072,0,0,0,0,0,0,0,0,0,0,0.055,0.00155,0.01268,0,0,0,0,0.93786,0,0,0.50915,0,0,0,0,0.1214,0,0,0.10833,0.02332,0.04428,0.02837,0,0.07118,0,0,0,0,0,0,0.00915,0,0,0,0,0,0,0.06416,0,0,0,0,0,0,0,0,0,0,0,0,0,0.07376,0,0,0,0,0.20631,0,0,0,0,0,0,0,0,0,0,0,0,0,0.26966,0,0,0,0,0,0,0,0,0,0,0,0.05814,0.03071,0.41446,0,0,0,0,0,0,0,0,0,0,0.07156,0,0,0,0.03359,0.22187,0,0,0,0,0,0,0,0,0,0,0,0,0,0,0,0,0,0,0.0283,0,0.51031,0.00779,0,0.03282,0.38576,0.85149,0,0,0,0,0,0.05158,0,0,0,0,0,0.23955,0,0,0.06268,1.96408,3.6799,1.01587,0,0,0,0,0,0,0,0.24124,1.31054,0,1.3784,0.6283,0.05397,0,0.00343,0,0.00863,0,0,0.00842,0,0,0.19297,0.01327,0.10858,0,0,0,0,0,0,0,0.08843,0.50672,0,0,0,0,0.00412,0,0,0,0.00962,0,0,0,0.17591,0,0,0,0,0.10687,0,0,0,0,0,0,0,0,0.01427,0,0,0.19806,0.0265,0.01761,0,0,0,0,0,0,0,0,0,0,0,0,0.62914,0,0,0,0,0,0,0,0,0,0,0,0,0,0,0,0,0,0,0.00211,0,0,0,0,0,0,0,0,0,0,0,0,0,0,0,0,0,0,0,0,0.11124,0,0.8024,0,0.17387,0,0.2195,0,0,1.25527,0,0,0,3.21314,0,0,0,0,0,0,0,0,0,0,0,0,0,0.31142,0,0,0,0,0,0,32.3366,0,0,0,0,0,0,0,0,0,0,0,0,0,0,0,0,0,0,0,0,0,0,0,0,0,0,0,0,0,0,0,0,0.32935,0.00762,0,0,0,0,0.01897,0,0,0,0,0,0.18116,0.00275,0.02913,1.59087,0,0,0,0.20624,0.12802,0,0.14796,0,0,0,0,0,0,0,0.08321,0,0,0,0,0,0,0.01257,0,0,0,0,0,0,0,0,0,0.02913,0,0,0,0,0,0.33395,0.06817,0,0,0,0,0,0,0,0,0,0,0,0,0,0,0,0,0,0.08333,0,0,0
"4066_3",0,0,0,0,0,0,0,0,0,0,0,0,0,0,0,0,0,0.03393,4.31681,1.46136,0,0,0.2987,0,9.82134,0.32737,0,0,0,0,0,0.18024,0,0,0,0,0,0,0.35595,0,0,0,0,0,0.01256,0,0,0.78086,0.4205,0,0,0,1.88121,0,0,0,0.04595,0,0,0,0.68469,0.1863,0,0,0.46203,0,0,0.19381,0,0,0,0,0,0,0,0,0,0,0,0,0,0,1.26917,0.72841,1.46549,1.76756,0.01994,4.50255,0,0.33209,0,0,0,0,0,0,0.04348,0,0,0.01809,0,0,0,0.26917,0,0.11517,4e-04,0,0.07299,0,0.00214,0,0,0,0,0,0,0,0.36116,0,0,0,0,0,0,0,0,0,0,0,0,0,0,0,0,0,0,0,0,0,0,0,0,0,0,0,0,0.00067,0,0,0,0,0,0,0,0,0,0,0,0,0.00247,0,0,0,0,0,0,0.10522,0.00222,0.04515,0,0,0,0,1.16506,0,0.00173,0.47847,0,0,0,0,0.26503,0,0,0.0741,0.02552,0.04926,0.02061,0,0.13576,0,0,0,0,0,0,0.76968,0,0,0,0,0,0,0.30346,0,0,0,0,0,0,0,0,0,0,0,0,0,0.07898,0,0,0,0,0.25025,0,0,0,0,0,0,0,0,0,0,0,0,0,0.39122,0,0,0,0,0,0,0,0,0,0,0,0.06507,0.04313,2.89229,0,0,0,0,0,0,0,0,0,0,0.06635,0,0,0,0.04614,0.39345,0,0,0,0,0,0.01504,0,0,0,0,0,0,0,0,0,0,0,0,0,0,1.50847,0.09247,0,0.0657,0.65866,1.48189,0,0,0,0,0,0.04556,0,0,0,0,0,0.1005,0,0,0.11265,3.18298,3.08481,0.69755,0,0,0,0,0,0,0,0.25836,1.26186,0,1.15441,0.65604,0.03425,0,0.02069,0,0.11193,0,0,0.00776,0,0,0.61131,0.00411,0.07465,0,0,0,0,0,0,0,0.07809,0,0,0.01022,0,0,0.01157,0,0,0,0.03272,0,0,0,0.29953,0,0,0,0,0.1478,0,0,0,0,0,0,0,0,0.02108,0.00039,0,0.25463,0.00171,0,0,0,0,0,0,0,0,0,0,0,0,0,0.48583,0,0.00119,0,0,0,0,0,0,0,0,0,0,0,0,0,0,0,0,0.00332,0,0,0,0,0,0,0.00175,0,0,0,0,0,0,0,0,0,0,0,0,0,0.13433,0,1.28068,0,0.10851,0,0.2598,0,0,1.43336,0,0,0,3.1642,0,0,0,0,0.02304,0,0,0,0,0,0,0,0,0.53268,0,0,0,0,0,0,31.59285,0,0,0,0,0,0,0,0,0,0,0,0,0,0,0,0,0,0,0,0,0,0,0,0,0,0,0,0,0,0,0,0,0.18871,0.00617,0,0,0,0,0.04766,0,0,0,0,0,0.1657,0.00399,0.16675,2.35411,0,0,0,0.30419,0.18764,0,0.81305,0,0,0,0,0,0,0,0.07792,0.00135,0,0,0,0,0,0.02271,0,0,0,0,0,0,0,0,0,0.04514,0,0,0,0.01403,0,0.29612,0.06164,0,0,0,0,0,0.01574,0,0,0,0,0,0,0,0,0,0,0,0.00372,0,0,0
"4066_2",0,0,0,0,0,0,0,0,0,0,0,0,0,0,0,0,0,0.00477,3.72822,0.71351,0,0,0.31399,0,9.79684,0.15217,0,0,0,0,0,0.07078,0,0,0,0,0,0,0.05058,0,0,0,0,0,0,0,0,0.25929,0.08812,0,0,0,0.77989,0,0,0,0.08342,0,0,0,0.37632,0.18828,0,0,0.25158,0,0,0.07371,0,0,0,0,0,0,0,0,0,0,0,0,0,0,1.60566,0.50693,1.53656,4.38636,0,2.73409,0,0.0936,0,0,0,0,0,0,0.04004,0,0,0.04823,0,0,0,0.04795,0,0.01573,0,0,0.00976,0,0,0,0,0,0,0,0,0,0.12646,0,0,0,0,0,0,0,0,0,0,0,0,0,0,0,0,0,0,0,0,0,0,0,0,0,0,0,0,0.00195,0,0,0.00084,0,0,0,0,0,0.02316,0,0,0,0,0,0,0,0,0,0,0.11328,0,0.02209,0,0,0,0,0.36845,0,0,0,0,0,0.04844,0,0.38069,0,0,0,0.08151,0.09476,0.0096,0,0.03301,0,0,0,0,0,0,0.19713,0,0,0,0.07969,0,0,1.01503,0,0,0,0,0,0,0,0,0,0,0,0,0,0,0,0,0,0,0.02162,0,0,0,0,0,0,0,0,0,0,0,0,0,0.33975,0,0,0,0,0,0,0,0,0,0,0,0.01562,0.0241,2.30429,0,0,0,0,0,0,0,0,0,0,0.22817,0,0,0,0.01995,0.14032,0,0,0,0,0,0,0,0,0,0,0,0,0,0,0,0,0,0,0,0,0.94341,0.007,0,0.00527,0.06985,0.37096,0.00351,0,0,0,0,0.00077,0,0,0,0,0,0.03222,0,0,0.06478,1.74546,1.314,0.30648,0,0,0,0,0,0,0,0.06489,0.30446,0,0.38472,0.5469,0.00927,0,0,0,0.09353,0,0,0.00247,0,0,0.60367,0,0.03622,0,0,0,0,0,0,0,0.04046,0.46746,0,0.00095,0,0,0,0,0,0,0.00889,0,0,0,0.05787,0,0,0,0,0.05316,0,0,0,0,0,0,0,0,0.00194,0,0,0.1255,0,0.26886,0,0,0,0,0,0,0,0,0,0,0,0,0.55486,0,0,0,0,0,0,0,0,0,0,0,0,0,0,0,0,0,0,0.00049,0,0,0,0,0,0,0,0,0,0,0,0,0,0,0,0,0,0,0,0,0.02297,0,0.52612,0,0.31043,0,0.08625,0,0,0.57612,0,0,0,3.48186,0,0,0,0,0,0,0,0,0,0.00178,0,0,0,0.17024,0,0,0,0.00053,0,0,51.18057,0,0,0,0,0,0,0,0,0,0,0,0,0,0,0,0,0,0,0,0,0,0,0,0,0,0,0,0,0,0,0,0.09929,0.33119,0,0,0,0,0,0.03344,0,0,0,0,0,0.11997,0,0,0.38225,0,0,0,0.10906,0.02061,0,0.12131,0,0,0,0,0,0,0,0.02156,0,0,0,0,0,0,0,0,0,0,0,0,0,0,0,0,0.00549,0,0,0,0.06806,0,0.13381,0.05361,0,0,0,0,0,0,0,0,0,0,0,0,0.00505,0,0,0,0.00192,0,0,0,0
"4005_3",0,0,0,0,0,0.0424,0,0,0,0,0,0,0,0,0,0,0,0,8.67318,2.17012,0.45384,2.43582,3.6249,0.06378,4.41706,0.10382,0,0,0,0,0,0,0,0,0,0,0,0,0.46361,0,0,0,0,0,0,0,0.00819,1.33998,0.01245,0,0,0,0,2.38069,0,0,0,0,0.6227,0,0,0,0,0,0.14071,0,0,0,0,0,0,0,0,0,0,0,0,0,0,0,0,0.117,0,0.95029,6.96466,1.16942,0.76067,2.87432,0,0.3941,0,0,0,0,0,0,0.07477,3.15081,0,0.01215,0,0,0,0.6091,0,0,0,0,0.16667,0,0,0,0,0,0,0,0.03586,0.00396,0.13079,0,0,0,0,0,0,0,0,0,0,0,0,0,0,0,0,0,0,0,0,0,0,0,0,0,0,0,0,0,0,0,0,0,0,0,0,0,0,0,0,0,0,0,0,0,0,0,0,0,0,0,0,0,0,0,0.0758,0,0.04936,0.85141,0,0,0,0,0,0,0,0,0.17841,0,0,0,0,0,0,0,0,0,0,0,0.22419,0,0,0,0,0,0,0,0,0,0.37418,0,0,0,0,0,0,0,0.01616,0,0,0,0,0,0,0.00605,0,0,0.01604,0,0,0,0,0,0,0,0,0,0,0.70206,0,0,0,0,0,0,0,0,0,0.20959,0,0.24119,0.03202,0,0,0,0,0,0,0,0.00131,0,0,0,0,0,0,0,0.02208,0,0,0,0,0,0,0.00113,0,0,0,0,0,0,0,0,0,0,0,0,0.09796,0,0.33428,0.63428,0,0.03104,4.71181,2.49878,0.11369,0,0,0,0,0.15881,0,0,0,0,0,0,0,0,0.72017,1.7272,0.37923,0,0,0,0,0,0,0,0,0.05909,0.11896,0.02915,0.08536,2.86952,0.02289,0,0,19.72713,0.00182,0,0,0.00655,0,0,0.01504,0,0,0,0,0,0,0,0,1.52888,0.02151,0,0,0,0,0,0,0,0,0,0,0,0,0,0.15053,0,0,0,0,0.0108,0,0,0,0,0,0,0,0,0,0,0,0,0,0,0,0,0,0,0,0,0,0,0,0,0,0,0.21958,0,0,0,0,0,0,0,0,0,0,0,0,0,0,0,0,0,0,0,0,0,0,0,0,0,0,0,1.07571,0,0,0,0,0,0,0.02441,0,0,0,0,4.81199,0,0.19571,0,0.27654,0,0.07354,0,0,4.03024,0.13715,0,0,0.26642,0,0,0,0,0.02209,0,0,0,0,0.00246,0,0,0,0,0,0,0,0,0,0,0,0,0,0,0,0,0,0,0,0,0,0,0,0,0,0,0,0,0,0,0,0,0,0,0,0,0,0,0,0,0.02593,0.65313,0.04594,0.70699,0,0,0,0,0,0,0.00144,0,0,0,0,0.04161,0.06722,0.0262,2.70353,0,0,0,0,0.36149,0,0,0,0,0,0,0,0,0,0.66943,0,0,0,0,0,0.0046,0,0,0,0,0,0,0,0,0,0,0,0,0,0,0,0,0.08554,0.04787,0,0,0,0,0,0,0,0,0,0,0,0,0,0,0,0,0,0,0,0,0
"4066_1",0,0,0,0,0,0,0,0,0,0,0,0,0,0,0,0,0,0.05675,3.3639,0.64713,0,0,0.23289,0,8.88164,0.09972,0,0,0,0,0,0.08276,0,0,0,0,0,0,0.35125,0,0,0,0,0,0.00466,0,0,0.16914,0.03962,0,0,0,0.31254,0,0,0,0.10815,0,0,0,0.2513,0.08301,0,0,0.29251,0,0,0.05392,0,0,0,0,0,0,0,0,0,0,0,0,0,0,1.21271,0.34783,0.73042,2.93912,0,3.38296,0,0.23398,0,0,0,0,0,0,0.06065,0,0,0.02127,0,0,0,0.11905,0,0.11532,0,0,0.11399,0,0.0041,0,0,0,0,0,0,0,0.05511,0,0,0,0,0,0,0,0,0,0,0,0,0,0,0,0,0,0,0,0,0,0,0,0,0,0,0,0,0.00432,0,0,0,0,0,0,0,0,0.01297,0,0,0,0,0,0,0,0,0,0,0.09974,0,0.04978,0,0,0,0,0.16392,0,0.0041,0,0,0,0.12656,0,0.13803,0,0,0.0044,0.06224,0.05972,0.01134,0,0.20466,0,0,0,0,0,0,0.01056,0,0,0,0.07459,0,0,0,0,0,0,0,0,0,0,0,0,0,0,0,0,0,0,0,0,0,0.00492,0,0,0,0,0,0,0,0,0,0,0,0,0,0.55829,0,0,0,0,0,0,0,0,0,0,0,0.08855,0.13757,4.96893,0,0,0,0,0,0,0,0,0,0,0.10634,0,0,0,0.11502,0.50061,0,0,0,0,0,0.03756,0,0,0,0,0,0,0,0,0,0,0,0,0,0,1.44437,0.16855,0,0.06788,1.13277,2.93056,0.03089,0,0,0,0,0.03453,0,0,0,0,0,0,0,0,0.059,2.51713,0.93459,0.19189,0,0,0,0,0,0,0,0.09513,0.36144,0,0.47098,0.2072,0.04726,0.00105,0,0,0.2285,0,0,0.00484,0,0,0.59356,0,0.04063,0,0,0,0,0,0,0,0.22044,0.13675,0,0.00095,0,0,0.01002,0,0,0,0.0058,0,0,0,0.53494,0,0,0,0,0.12707,0,0,0.00505,0.00663,0,0,0,0,0.04265,0,0,0.89034,0,0.03838,0,0,0,0,0,0,0,0,0,0,0,0,0.48847,0,0.00672,0,0,0,0,0,0,0,0,0,0,0,0,0,0,0,0,0.00195,0,0,0,0,0,0,0.03022,0,0,0,0,0,0,0,0,0,0,0,0,0,0.00805,0,0.48401,0,0.07699,0,0.06837,0,0,0.18786,0,0,0,2.07743,0,0,0,0,0,0,0,0,0,0,0,0,0,0.07772,0,0,0,0,0,0,46.62961,0,0,0,0,0,0,0,0,0,0,0,0,0,0,0,0,0,0,0,0,0,0,0,0,0,0,0,0,0,0,0,0.67772,0.20548,0.00457,0,0,0,0,0.01452,0,0,0,0,0,0.01188,0.00169,0.01895,1.48744,0,0,0,0.2205,0.18798,0.00039,0.84489,0,0,0,0,0,0,0,0.1847,0.00415,0,0,0,0,0,0.01197,0,0,0,0,0,0,0,0,0,0.12984,0,0.00126,0,0.01802,0,0.19077,0.08843,0,0,0,0,0,0.0582,0,0,0,0,0,0,0,0,0,0,0,0.00538,0,0,0
"4065_4",0,0,0,0,0,0,0,0,0,0,0,0,0,0,0,0,0,0.0145,1.218,1.61989,0.00872,0,1.29872,0,2.53303,0.00704,0,0,7.4579,0,0,0,0,0,0,0,0,0,0.22521,0,0,0.43465,0,0,0,0,0.05528,0.74281,0.09149,0,0,0,0.78955,0,0,0,0,0,0,0,0.45324,0.94937,0,0,3.5545,0.09751,0,0.17529,0,0,0,0.14849,0,0,0,0,0,0,0,0,0,0,2.8942,0.33604,5.05592,8.1044,0.03335,2.71649,0,0,0,0,0,0,0,0,0,0,0,0.00222,0,0,0,0.12843,0,0.2085,0,0,0.0027,0,0,0,0,0,0,0,0,0,0.12909,4.3406,0.19154,0,0,0,0,0,0.00229,0.11501,0,0.02624,0,0,0,0,0,0,0,0,0,0,0,0,0,0,0.0123,0,0,0.05939,0,0,0,0,0,0,0,0,0.07007,0,0,0,0,0,0,0,0,0,0,0.17896,0.00753,0.00126,3.64826,0,0,0,0.63728,0.00814,0,0,0,2.00209,0.21748,0,0,0,0,0,0,0.38413,0,0,0.01551,0.03205,0,0.03089,0,0,0,0.91009,0,0,0,0,0,0.78233,1.03542,0,0,0,0.94326,1.68625,0,0,0,0,0,0,0,0.02033,0,0,0,0,0,0.09342,0,0,0,0,0,0,0,0,0,0,0,0,0,0.23569,0,0,0.00306,0,0,0,0,0,0,0,0,0.24978,0.31389,1.87398,0,0.01948,0,0,0,0,0,0,0,0,0,0,0,0,0.05669,1.70021,0,0,0,0,0.02518,0,0.00338,0,0,0,0,0,0,0,0,0,0,0,0,0,0.17814,0.08466,0,0.12149,0.7906,0.02931,0.00338,0,0,0,0.46331,0,0,0,0,0,0,0,0,0,0,1.77898,8.37271,0.67195,0,0,0,0,0,0,0,0.22721,0.45726,0.03798,0.08459,1.39112,0.05972,0,0.01696,3.07063,0.89719,0.6121,1.96561,0.51767,0,0.25965,0,0,0.00887,0,0,0.00604,0,0.02574,0.31481,0,0,0,0,0.07347,0,0,0.08442,0.50441,0,0,0.0652,0,0,0,0.07091,0,0,0,0,0.01768,0,0,0.00982,0,0,0,0,0,0.04043,0,0,0,0,0,0,0,0,0,0,0,0,0,0,0,0,0,0,0,0.01202,0,0,0,0,0,0,0,0,0,0,0,0,0,0,0,0,0,0,0,0,0,0,0,0,0,0.23046,0,0,0.00198,0,0,0,0,0,0.56139,0,0.03617,0,0,0.14263,0,1.86873,0,0.97318,0,0,3.01721,0,0,0,1.70498,0,0,0,0,0,0,0,0,0,0,0,0,0,0,0,0,0,0,0,0,0,0,0,0,0,0,0,0,0,0,0,0,0,0,0,0,0,0,0,0,0,0,0,0,0,0,0,0,0,0,0.1616,0.65812,0.01015,0.04557,0.10532,0.01198,0.00754,0,0,0,0,0.00993,0,0,0,0,0.04509,0,0.67355,0,0,0,0.31956,0.04906,0.01372,0.41223,0,0,0.01078,1.39137,0,0,0.49498,0.02559,0,0,0,0,0,0.01031,0,0,0,0,0,0,0,0,0,0,0.00457,0,0,0,0,0,0.02888,0.01277,0,0,0.21177,0,0,0,0,0,0,0,0,0,0,0,0.00108,0,0,0,0.00171,0,0
"4065_3",0,0,0,0,0,0,0,0,0,0,0,0,0,0,0,0,0,0.05304,0.48617,0.38409,0,0,0.70877,0,1.19737,0,0,0,2.69554,0,0,0,0,0,0,0,0.0225,0,0.43986,0,0,0.89492,0,0,0,0,0.16883,0.45511,0.05414,0,0,0,0.26811,0,0,0,0,0,0,0,1.15908,0.65737,0,0,2.47422,3.23877,0,0.22782,0,0,0,0.5144,0,0,0,0,0,0,0,0,0,0,1.85058,0.07157,2.22855,12.43528,0.17402,2.56339,0,0.08611,0,0,0,0,0,0,0,0,0,0.0047,0,0,0,0.11965,0,1.81196,0.05354,0,0.0903,0,0,0,0,0,0,0,0,0,0.07859,0,0.45084,0,0,0,0,0,0.01055,0.34016,0,0.10455,0,0,0,0,0,0,0,0,0,0,0,0,0,0,0.11278,0,0,1.15981,0,0,0,0,0,0,0,0,0.04852,0,0,0,0,0,0,0,0,0,0,0.55168,0.03641,0.00952,1.89588,0,0,0,0.04471,0.09018,0,0,0.12122,0.28481,0.12124,0,0.05446,0.24269,0,0.03849,0,1.31417,0,0,0.0517,0.13176,0,0.12926,0,0.53687,0.02802,0.45678,0,0,0.0088,0,0,5.65952,0.26006,0,0,0,0,2.76292,0,0,0,0,0,0,0,0,0,0,0,0,0,0.54162,0,0,0,0,0,0,0,0,0,0,0,0,0,1.03919,0,0,0,0,0,0,0,0.39043,0,0,0,0.204,0.40543,0.06901,0,0.00804,0,0,0,0,0,0,0,0,0,0,0,0,0.0656,0.60966,0,0,0,0,0.07931,0,0.00278,0,0,0,0,0,0,0,0,0,0,0,0,0,0.50153,0.11295,0,0.33384,3.9642,0,0.34655,0,0,0,0.42377,0,0,0,0,0.01621,0,0.09546,0,0,0,3.34536,6.61201,0.54061,0,0,0,0,0.02542,0,0,0.12286,0.39254,0.00311,0.03113,0.51345,0.07257,0.00154,0.0216,1.27862,0.1489,0.09951,0.72814,0.31479,0,0.24959,0,0,0.00465,0,0,0.00202,0,0.27089,0.17747,0,0.32599,0.40373,0,0.07676,0,0,0.10897,5.60416,0,0,0.11318,0,0,0,0.50787,0,0,0,0,0.06007,0,0,0.00128,0.01134,0,0,0,0,0.04284,0,0,0.00273,0,0,0,0,0,0,0,0,0,0,0,0,0,0,0,0,0.03525,0,0,0,0,0,0,0,0,0,0,0,0,0,0,0,0,0,0,0.04219,0,0,0,0.00372,0,0,0.17667,0,0,0.00845,0,0,0,0.01951,0,0.46236,0,0.64117,0.02143,0,0.2109,0,0.87669,0,0.39155,0,0,2.36665,0,0,0,1.28122,0,0,0,0,0,0,0,0,0,0,0,0,0,0,0,0,0,0,0,0,0,0,0,0,0,0,0,0,0,0,0,0,0,0,0,0,0,0,0,0,0,0,0,0,0,0,0,0,0,0,0.63543,1.7139,0.10832,0.11924,1.54559,0.30069,0.10204,0,0.20175,0,0,0.36707,0,0,0,0,0.01078,0,0.72575,0,0,0,0.03312,0.21111,0.0919,0.01003,0,0,0.00052,0.1957,0,0,0.3188,0.10187,0.00339,0,0,0,0,0.00833,0,0,0,0,0,0,0,0,0,0.00222,0.00243,0,0,0,0,0,0.02489,0.04816,0,0,0.16822,0,0,0.17816,0,0,0,0,0,0,0,0,0,0,0,0,0.08083,0,0
"4065_2",0,0,0,0,0,0,0,0,0,0,0,0,0,0,0,0,0,0.05303,0.77701,1.24267,0.06536,0,1.24843,0,2.67904,0,0,0,8.45334,0,0,0,0,0,0,0,0.0031,0,0.27628,0,0,0.49819,0,0,0,0,0.02279,0.36797,0.07382,0,0,0,2.73896,0,0,0,0,0,0,0,0.99536,0.6754,0,0,4.90776,0.1443,0,0.81749,0,0,0,0.49833,0,0,0,0,0,0,0,0.00667,0,0,3.53542,0.39524,6.15716,7.73081,0.01868,2.35182,0,0,0,0,0,0,0,0,0,0,0,0.00659,0,0,0,0.10497,0,0.1323,0,0,0.12122,0,0,0,0,0,0,0,0,0,0.18258,5.19557,0.21676,0,0,0,0,0,0,0.0261,0,0.00925,0,0,0,0,0,0,0,0,0,0,0,0,0,0,0.02515,0,0,0.002,0,0,0,0,0,0,0,0,0.15138,0,0,0,0,0,0,0,0,0,0,0.09389,0,0.00316,10.46718,0,0,0,0.08506,0.05979,0,0,0,1.22129,0.08251,0.0074,0.00306,0.03913,0,0,0,0.29298,0,0,0.00209,0.02836,0,0.07259,0,0.02314,0,0.66013,0,0,0,0,0,0.21924,0.83322,0,0,0,0,0.67845,0,0,0,0,0,0,0,0,0,0,0,0,0,0.0803,0,0,0,0,0,0,0,0,0,0,0,0,0,0.25624,0,0,0.00253,0,0,0,0,0.02341,0,0,0,0.38464,0.37825,0.33994,0,0.01951,0,0,0,0,0,0,0,0,0,0,0,0,0.23683,1.34619,0,0,0,0,0.14118,0,0.01464,0,0,0,0,0,0,0,0,0,0,0,0,0,0.02311,0.16893,0,0.28386,0.46796,0.00749,0,0,0,0,0.08674,0.01142,0,0,0,0,0,0,0,0,0,2.14131,8.18129,0.63011,0,0,0,0,0,0,0,0.09408,0.72921,0.04699,0.11607,0.7242,0.03644,0,0.01543,1.33001,0,0.20637,1.55303,0.52922,0,0.23487,0,0,0,0,0,0,0,0.13097,0.03003,0,0.00065,0.00598,0,0.00657,0,0,0.20652,0.55785,0,0,0.00374,0,0,0,0.48692,0,0,0,0,0.04013,0,0,0,0.00187,0,0,0,0,0.07733,0,0,0.06853,0,0,0,0,0,0,0,0,0,0,0,0,0,0,0,0,0.03791,0,0,0,0,0,0,0,0,0,0,0,0,0,0,0,0,0,0,0.01359,0,0,0,0,0,0,0.30503,0,0,0.00103,0,0,0,0.09542,0,0.12576,0,0,0.00896,0,0.1015,0,0.56832,0,0.97546,0,0,2.2757,0,0,0,0.97783,0,0,0,0,0,0,0,0,0,0,0,0,0,0,0,0,0,0,0,0,0,0,0,0,0,0,0,0,0,0,0,0,0,0,0,0,0,0,0,0,0,0,0,0,0,0,0,0,0,0,0.1161,0.79779,0,0.04076,0.09719,0.00601,0,0,0,0,0,0.049,0,0,0,0,0.09925,0,1.25742,0,0,0,0.31653,0.06945,0,0.31573,0,0,0.05491,0.49547,0,0,0.15664,0.13389,0,0,0,0,0.00354,0.02904,0,0,0,0,0,0,0,0,0,0,0,0,0,0,0,0,0.07446,0.00703,0,0,0.12219,0,0,0.00099,0,0,0,0,0,0,0,0,0,0,0,0,0.03026,0,0
"4065_1",0,0,0,0,0,0,0,0,0,0,0,0,0,0,0,0,0,0.24889,1.35552,0.64893,0.04659,0,0.95554,0,1.0137,0,0,0,4.88171,0,0,0,0,0,0,0,0.02453,0,1.38456,0,0,0.01425,0,0,0,0,0,0.56818,0.04807,0,0,0,3.12625,0,0,0,0,0,0,0,0.52183,0.53403,0,0,3.59301,1.5419,0,1.21222,0,0,0,0.41097,0,0,0,0,0,0,0,0,0,0,3.18423,0.28865,2.5819,3.57049,0.01996,4.53643,0,0,0,0,0,0,0,0,0,0,0,0,0,0,0,0.09246,0,0.58416,0,0,0.0017,0,0,0,0,0,0,0,0,0,0.2159,0,0.18717,0,0,0,0,0,0.00684,0.19161,0,0,0,0,0,0,0,0,0,0,0,0,0,0,0.02376,0,0.21074,0,0,0.02508,0,0,0,0,0,0,0,0,0.43682,0,0,0,0,0,0,0,0,0,0,0.70137,0.13353,0.03063,0.12079,0,0.01864,0.00695,0.20286,0.67399,0,0,0,1.76928,0.46998,0.01664,0.07164,0.41081,0,0.03645,0,1.74579,0,0,0,0,0,0.02276,0,0.01163,0,1.76037,0,0,0,0,0,0.30113,0.52457,0,0,0,0,1.89036,0,0,0,0,0,0,0,0,0,0,0,0,0,1.86417,0,0,0,0,0,0,0,0,0,0,0,0,0,0.19573,0,0,0,0,0,0,0,0.12952,0,0,0,0.74787,0.2129,1.63081,0,0,0,0,0,0,0,0,0,0,0,0,0,0,0.36196,2.4892,0,0,0,0,0.17566,0,0.02939,0,0,0,0,0,0,0,0,0,0,0,0,0,0.18744,0.27714,0,0.64224,1.03529,0.14401,0.16822,0.01143,0,0,0.23836,0.17645,0,0,0,0.31885,0,0.01828,0,0,0.00191,2.97236,5.58651,0.51157,0,0,0,0,0,0,0,0.65798,0.48365,0.05882,0.05633,1.42655,0.09206,0,0.05127,0.59453,0.23601,0.50013,1.82897,0.62552,0,0.14503,0,0,0.35559,0,0,0,0,0.00779,0.05609,0,0.19253,0,0,0.00645,0,0,0.07856,0.65656,0,0,0.00533,0,0,0,0.43695,0,0,0,0,0.01339,0,0,0,0,0,0,0,0,0.36542,0,0,0.07953,0,0,0,0,0,0,0,0,0,0,0,0,0,0,0,0,0.1127,0,0,0,0,0,0,0,0,0,0,0,0,0,0,0,0,0,0,0,0,0,0,0,0,0,0.88468,0,0,0.03712,0,0,0,0.04541,0,0.11412,0,0,0.07609,0,0.08367,0,1.03597,0,1.39124,0,0,2.56916,0,0,0,0.70846,0,0,0,0,0,0,0,0,0,0,0,0,0,0,0,0,0,0,0,0,0,0,0,0,0,0,0,0,0,0,0,0,0,0,0,0,0,0,0,0,0,0,0,0,0,0,0,0,0,0,2.87466,2.89657,0.20817,0.03264,0.37826,0.06878,0.0383,0,0.03765,0,0,0.0108,0,0,0,0.02656,0.06931,0,0.5168,0,0,0,0.34218,0.16041,0.0284,4.22167,0,0,0.28661,0.65052,0,0,1.09316,0.10448,0,0,0,0,0,0.02343,0,0,0,0,0,0,0,0,0,0,0,0,0,0,0.00266,0,0.00936,0.01109,0,0,0.06748,0,0,0.42693,0,0,0,0,0.00498,0,0.00245,0,0,0,0,0,0,0,0
"4064_4",0,0,0,0,0,0,0,0,0,0,0,0,0,0,0,0,0,0.00421,0,0.18567,0,0,0.24137,0,5.60378,0.01095,0,0,0,0,0,0.04974,0,0,0,0,0,0,0.33404,0,0,0,0,0,0,0,0,1.50167,1.58728,0.06514,0,0,9.808,0.28715,0,0,0,0,1.24587,0,0,3.77082,0,0,0.03186,0,0,1.44916,0,0,0,0,0,0,0,0,0,0,0,0,0,0,3.41636,0.01077,5.56429,3.27201,0.82297,3.51634,0,0.34061,0,0,0,0,0,0,0.03867,0,0,0,0,0,0,0.80727,0,0,0,0,0,0,0,0.17467,0,0,0,0,0,0,0,0.56315,0,0.42059,0,0,0,0,0.1521,0.3314,0,0.13313,0,0,0,0,0,0,0,0,0,0,0,0,0,0,0,0,0,0.07755,0,0,0,0,0,0,0,0,0,0,0,0,0,0,0,0,0,0,0,0,0.04666,0.0043,0,0,0,0,0,0,0,0,0,0,0,0,0,4.90074,0,0,0.12059,0,0,0,0,0.11285,0,0,0,0,0.09248,0,0,0,0,0,0,0,0,0,0,0,0,0,0,0,0,0,0,0,0.01595,0,0,0,0,0,0,0,0,0,0,0,0,0,0,0,0,0,0,0,0,0.08404,0,0,0,0,0,0,0,0,0,0,0,0.03794,0.01387,0,0,0,0,0,0,0,0,0,0,0,0,0,0,0,0.01144,0.39973,0,0,0,0,0,0,0,0,0,0,0,0,0,0,0,0,0,0,0,0,0.12859,0.56237,0,0,0,0,0.43838,0,0,0,0,0,0,0,0,0,0.12311,0.19108,0,0,0,10.4818,1.7528,0.15143,0,0,0,0,0.01101,0.09864,0.0216,1.88339,0,0,0,0.41924,0,0,0,0,0,0,0,0,0,0,0,0,0.01321,0,0,0,0,0,0,0,0.31207,0,0,0.05434,0,0,0,0,0,0,0,0,0,0,0.68269,0.23235,0,0,0,0,0,0,0,0,0,0,0,0,0,0,0,0,0,0,0,0,0,0,0,0,0,0,0,0,0,0,0,0,0,0,0,0,0,0,0,0,0,0,0,0,0,0,0,0,0,0,0,0,0,0,0,0,0,0,0,0,0,0,0,0,0,0,0,0,0,0,0,0,0,0,0.61829,0,0.2078,0,0,5.66652,0.21698,0,0.27412,8.05034,0,0,0,0,3.37214,0,0,0,0,0.70877,0,0,0,0,0,0,0,0,0,0,0,0,0,0,0,0,0,0,0,0,0,0,0,0,0,0,0,0,0,0,0,0,0,0,0,0,0,0,0,0,1.43523,0.14842,0.03661,0.05753,0,0,0,0,0,0,0,0,0,0,0,0,0,0.26925,0,0.11285,0,0,0,0,0,6.35248,0,0,0,0,0,0,0,0,0,0,0,0,0,0,0,0,0,0,0,0,0,0,0,0,0.01935,0,0,0,0,0,0,0.01685,0,0,0,0,3.21922,0,0,0,0,0,0,0,0,0,0,0,0,0,0,0,0
"4064_3",0,0,0,0,0,0,0,0,0,0,0,0,0,0,0,0,0,0.09039,0.00026,0.20068,0.20723,0.15758,0.26303,0.03494,11.92997,0.2055,0,0,0.11703,0,0,0.08386,0.02613,0,0,0,0,0,2.85084,0,0,0,0,0,0.07312,0,0,0.57814,0.13321,0.02734,0,0,0.65686,0.43983,0,0.16199,0,0,0.24208,0,0,0.02613,0,0,0.14332,0,0,0.23312,0,0,0,0,0,0,0,0,0,0,0,0,0,0,2.18204,0,5.3205,0.51907,0.13209,3.91154,0,11.92245,0,0,0,0,0,0,2.41219,0,0,0,0,0,0,3.32296,0,0,0,0,0.45086,0,0,0,0,0,0,0,0,0.00406,0.00524,0.47244,0,0.32606,0,0,0,0,0,0,0,0,0,0,0,0,0,0,0,0,0,0,0,0,0,0,0.25812,0,0,0.16887,0,0,0,0,0,0,0,0,0,0,0,0,0.00451,0,0,0,0,0,0,0,0.03409,0.02909,0,0,0,0,0.00854,0,0,0,0,0,0,0.11405,0,0,0,0,0.08639,0,0,0,0,0,0,0,0,0,0.0226,0,0,0,0,0,0,0,0,0,0,0,0,0,0,0,0,0,0,0,0.04902,0,0,0,0,0,0,0,0,0,0,0,0,0,0,0,0,0,0.05158,0,0,2.59647,0,0,0,0,0,0,0,0,0,0,0,0.8635,0.4049,0,0,0,0,0,0,0,0,0,0,0,0,0,0,0,0.46298,4.08532,0,0,0,0,0,0.15581,0,0,0,0,0,0,0,0,0,0,0.032,0,0.0121,0,0.62795,2.62362,0,0.00106,0.14885,0,0.06,0,0,0,0,0.02812,0,0,0,0,0.20436,0.05156,0,0,0,5.35634,5.21289,0.38501,0,0,0,0,0.11326,0.15367,0.10787,0.99504,0,0,0,1.19531,0.03961,0.00789,0,0,0.00815,0,0,0,0,0,0,0,0.07617,0,0,0,0,0,0,0,2.67167,0,0,0,0,0,0.05385,0,0,0.02042,0,0,0,0,3.57158,0,0,0,0,0.00266,0,0,0,0,0,0,0,0,0,0.03275,0,0,0,0,0,0,0,0,0,0,0,0,0,0,0,0,0.10654,0,0,0,0,0,0,0,0,0,0,0,0,0,0,0,0,0,0,0.0048,0,0,0,0,0,0,0,0,0.06091,0,0,0,0,0,0,0,0,0,0,0,0,0,0.07522,0,0.0104,0,0.25854,0,0,0.52937,0.03584,0,0.09992,1.64487,0,0,0,0,0.00077,0,0,0,0,0.1293,0,0,0,0,0,0,0,0,0,0,0,0,0,0,0,0,0,0,0,0,0,0,0,0,0,0,0,0,0,0,0,0,0,0,0,0,0,0,0,0.01842,2.08198,0.03487,0.01152,0.08036,0,0,0,0,0,0,0,0,0,0,0,0,0,0.43991,0,0.45701,0,0.01346,0,0,0,9.38938,0,0,0,0,0,0,0,0,0.02466,0,0,0,0.183,0.09702,0,0,0,0,0,0,0,0,0,0.02266,0.48714,0,0,0,0.09317,0,0.01356,0.04527,0,0,0,0,0.04125,0,0,0,0.45523,0,0,0,0,0,0,0,0,0,0,0,0
"4064_2",0,0,0,0,0,0,0,0,0,0,0,0,0,0,0,0,0,0.0473,0.01509,0.20079,0.1497,0.17107,1.15381,0.0184,8.17871,0.42761,0,0,4.13244,0,0,0.07569,0.03422,0,0,0,0,0,2.50451,0,0.0553,0,0,0,0.0663,0,0,0.69362,0.40173,0.03882,0,0,0.85871,1.35489,0,0,0,0,0.04111,0,0,0.17839,0,0,0.11713,0,0,0.28062,0,0,0,0,0,0,0,0,0,0,0,0,0,0,1.3449,0.04411,8.59874,1.14674,0.24458,3.21015,0,1.33002,0,0,0,0,0,0,1.0482,0,0,0.00607,0,0,0.00833,0.95795,0,0,0,0,0.13065,0,0,0,0,0,0,0,0,0.0249,0.04502,0.59781,0,0,0,0,0,0,0,0,0,0,0,0,0,0,0,0,0,0,0,0,0,0,0,0,0.27658,0,0,0.0545,0,0,0,0,0,0,0,0,0,0,0.01482,0,0.00487,0,0,0,0,0.00094,0,0,0.01896,0.00628,0,0,0,0,0.46463,0,0,0,0,0,0,0.2799,0,0,0,0,0.33602,0,0,0,0,0,0,0,0,0,0,0,0,0,0,0,0,0,0,0,0,0,0,0,0,0,0,0,0,0,0.35582,0,0,0,0,0,0,0,0,0,0,0.04179,0,0,0,0,0,0,0.0679,0,0,1.20223,0,0,0,0,0,0,0,0,0,0.03371,0.00389,0.42276,0.72123,0,0,0,0,0,0,0,0,0,0,0,0,0,0,0,0.18535,4.24129,0,0,0,0,0,0.08051,0,0,0.06677,0,0,0,0,0,0,0,0.07116,0,0.51715,0.00456,0.02494,1.87212,0,0,0.00558,0,0,0,0,0,0,0.0542,0,0,0,0,0.07007,0.37748,0,0,0,3.13891,1.34337,0.06781,0,0,0,0,0.10887,0.02721,0.14018,12.80347,0,0,0,1.41469,0,0.01515,0,0,0.02193,0,0,0,0,0,0,0,0.02989,0,0,0,0,0,0,0,0.14016,0,0,0.0213,0,0,0.12047,0,0,0.01673,0,0.13758,0,0,3.34808,0,0,0,0,0.00727,0,0,0,0,0,0,0,0,0,0.06024,0,0,0,0,0,0,0,0,0,0,0,0,0,0,0,0,0.02702,0,0,0,0,0,0,0,0,0,0,0,0,0,0,0,0,0,0,0.03111,0,0,0,0,0,0,0,0,0.04486,0,0,0,0,0,0,0,0,0,0,0,0,0,0.0882,0,0.14299,0,1.57309,0,0,1.36785,0.23696,0,0.25389,4.83507,0,0,0,0,0.03006,0,0,0,0,0.34964,0,0,0,0,0,0,0,0,0,0,0,0,0,0,0,0,0,0,0,0,0,0,0,0,0,0,0,0,0,0,0,0,0,0,0,0,0,0,0,0.00149,0.36909,0.02019,0.0292,0.03528,0,0,0,0,0,0,0,0,0,0,0,0,0,0.61652,0,0.20373,0,0.08993,0,0,0,14.02122,0,0,0,0,0,0,0,0,0.07536,0,0.0112,0,0.08943,0.02118,0,0,0,0,0,0,0,0,0,0,0.03451,0,0,0,0.09082,0,0.05014,0.03936,0,0,0,0,0.12182,0,0,0,0.32331,0,0,0,0,0,0,0,0,0,0,0,0
"4064_1",0,0,0,0,0,0,0,0,0,0,0,0,0,0,0,0,0,0.09252,0,0.12739,0.10722,0.00993,0.72256,0.00163,11.09431,0.40174,0,0,1.25364,0,0,0.1636,0,0,0,0,0,0,1.31771,0,0,0,0,0,0.04917,0.00388,0,0.12382,0.67686,0.04168,0,0,5.61853,0.1483,0,0.64457,0,0,0.39813,0,0,0.77736,0,0,0.11258,0,0,1.3352,0,0,0,0,0,0,0,0,0,0,0,0,0,0,0.7913,0,2.17434,0.23037,0.26857,5.01333,0,0.68955,0,0,0,0,0,0,0.42743,0,0,0.00277,0,0,0,1.40113,0,0,0,0,0.21633,0,0,1.73316,0,0,0,0,0,0.01881,0.0404,4.02218,0,0.73433,0,0,0,0,0.19877,0.36998,0,0.0534,0,0,0,0,0,0,0,0,0,0,0,0,0,0,0.0689,0,0,0.17899,0,0,0,0,0,0,0,0,0,0,0,0,0,0,0,0,0,0,0,0,0.28007,0.0404,0,0,0,0,0.45702,0,0,0,0,0,0,0,0,1.05715,0,0,0.13748,0,0,0,0,0.0656,0,0,0,0,0.03497,0,0,0,0,0,0,0,0,0,0,0,0,0,0,0,0,0,0,0,0.01964,0,0,0,0,0,0,0,0,0,0,0,0,0,0,0,0,0,0.02865,0,0,0.36578,0,0,0,0,0,0,0,0,0,0.00198,0.00732,0.27004,0.15504,0,0,0,0,0,0,0,0,0,0,0,0,0,0,0,0.30978,1.36528,0,0,0,0,0,0.05225,0,0,0,0,0,0,0,0,0,0,0.03763,0,0,0,0.1912,1.49992,0,0,0.1298,0.00326,0.0232,0,0,0,0,0.01358,0,0,0,0,0.39025,1.44878,0,0,0,15.48204,4.44348,0.17716,0,0,0,0,0.06281,0.31887,0.04002,0.80304,0,0,0,0.74075,0,0.00963,0,0,0.8179,0,0,0,0,0,0,0,0.04194,0,0,0,0,0,0,0,1.2773,0,0,0.06077,0,0,0.00984,0,0,0,0,0,0,0,2.35487,1.28896,0,0,0,0.00362,0,0,0,0,0,0,0,0,0,0.0439,0,0,0,0,0,0,0,0,0,0,0,0,0,0,0,0,0.04604,0,0,0,0,0,0,0,0,0,0,0,0,0,0,0,0,0,0,0.02368,0,0,0,0,0,0,0,0,0.00217,0,0,0,0,0,0,0,0,0,0,0,0,0,0.29221,0,0.0846,0,0.5226,0,0,1.53072,0.23405,0,0.27111,2.96675,0,0,0,0,0.1073,0,0,0,0,0.20173,0,0,0,0,0,0,0,0,0,0,0,0,0,0,0,0,0,0,0,0,0,0,0,0,0,0,0,0,0,0,0,0,0,0,0,0,0,0,0,0,2.63186,0.61371,0.17994,0.18514,0,0,0,0,0,0,0,0,0,0,0,0,0,0.5459,0,0.18797,0,0,0,0,0,6.39812,0,0,0,0,0,0,0,0,0,0,0,0,0.08291,0.03905,0,0,0,0,0,0,0,0,0,0.00419,0.01461,0,0,0,0,0,0.02585,0.04195,0,0,0,0,2.42224,0,0,0,0.06486,0,0,0,0,0,0,0,0,0.04985,0.00955,0,0
"4063_4",0,0,0,0,0,0,0,0,0,0,0,0,0,0,0,0,0,0,5.33058,5.27649,0.04525,0.36844,0.08382,0,3.85857,0.23694,0,0,0,0,0,0,0,0,0,0,0,0,0,0,0,0,0,0,0.03889,0,0,0,0,0,0,0,9.8307,0,0,0,0.21001,0,0,0.01095,0,0.26788,0,0,0.21542,0,0,0,0,0,0,0,0,0,0,0,0,0,0,0,0,0,0,1.78335,25.32145,0,0.29665,0,0,0,0,0,2.80295,0,0,0,1.12731,0,0,0.00606,0,0,0,1.59824,0,0,0.10004,0,0,0,0,0,0,0,0,0,0,0,0,0,0,0,0,0,0,0,0,0,0,0,0,0,0,0,0,0,0,0,0,0,0,0,0,0,0,0,0,0,0,0,0,0,0,0,0,0,0,0,0,0,0,0,0,0,0,0,0,0,0,0,0,0,0,0,4.9599,0,0,0,0,0,0,0,0,0,0,0,0,0,0,0,0,0,0,0,0,0,0,0,0,0,0,0,0,0,0,0,0,0,0,0,0,0,0,0,0,0,0,0,0,0,0,0,0,0,0,0,0,0,0,0,9.18847,0,0,0,0.62198,0.12968,0,0.89145,0,0,0,0,0,0,0,0,0,0,0.00894,0.37812,0.10322,0,0,0,0,0,0,0,0,0,0,0,0,0,0,0,0.41893,0.18771,0,0,0,0,0.01905,0,0,0.03029,1.24615,0,0,0,0,0,0,0,0,0,0.30709,0,0.6173,0.43094,0,0,0.51976,0.48322,0,0,0,0,0,0,0,0,0,0,0,0,0,0,0.21431,1.67064,0.62789,0.06569,0,0,0,0,0,0,0,0.1176,0.00863,0,0,1.47055,0,0.65546,0,0,0,0,3.05243,0.67379,0,0,0,0,0,0,0,0,0,0,0,0,0,0,0,0,0,0,1.10016,0,0,0,0,0.15044,0,0,0,0,0,0,0,0.04163,0.01754,0,0,0,0,0,0,0,0.88575,0,0,0.03234,0.2256,0,0,0,0,0,0,0,0,0,0,0,0,0,0,0,0,0,0,0,0,0,0,0,0,0,0,0,0,0,0,0,0,0.00925,0,0,0,0,0,0,0,0,0,0,0,0,0,0,0,0,0,0,0,0,0,0,0.42306,0,1.94939,0,0,0,0.30339,1.44087,0,0,0,1.90708,0,0,0,0,0.02694,0,0,0,0,0,0,0,0.02555,0,0,0,0,0,0,0,0,0,0,0,0,0,0,0,0,0,0,0,0,0,0,0,0,0,0,0,0,0,0,0,0,0,0,0,0,0,0,0,0,0.25414,0,0,0,0,0,0,0,0,0,0,0,0.09897,0,0.09305,0,0,0,0,0,0,0,0,0,0,0,0,0,0,0,0.25223,2.25831,0,0,0,0,0,0,0,0,0,0,0,0,0,0,0,0,0,0,0,0,0,0.55621,0,0,0,0,0,0,0.01949,0,0.01944,0,0,0,0,0,0,0,0,0,0,0,0,0
"4005_2",0,1.42217,0,0,0,6.06541,0,0,0,0,0,0,0,0,0,0,0,0,0,1.05287,0.20264,0,0.8893,0.02429,6.69009,0.09882,0,0,0,0,0,0,0,0,0,0,0,0,0.70403,0,0,0,0,0,0,0,0,3.7807,0.0316,0,0,0,0,7.23219,0,0,0,0,1.98507,0,0,0,0,0,0,0,0,0,0,0,0,0,0,0,0,0,0,0,0,0,0,0.6216,0,2.28821,12.82316,9.92566,2.04042,3.58817,0,0.08255,0,0,0,0,0,0,0.24179,0.38023,0,0.15951,0,0,0,0.00558,0,0,0,0,0.01652,0,0.01772,0,0,0,0,0,0.04541,0.01951,0.08321,0,0,0,0,0,0,0,0,0,0,0,0,0,0,0,0,0,0,0,0,0,0,0,0,0,0.1357,0,0,0,0,0,0,0.41706,0,0,0,0,0,0,0,0,0.12821,0,0,0,0,0,0,0,0,0.01983,0,0,0,0,0.03302,0,0.18703,0.66145,0,0,0,0,0,0,0,0,0,0,0,0,0,0,0,0,0,0,0,0,0,0,0,0,0,0,0,0,0,0,0,0,0,0,0,0,0,0,0.19464,0,0,0,0,0,0,0.00587,0,0,0,0,0,0,0,0,0,0,0,0,0,0.41439,0,0,0.037,0,0,0,0,0,0,0.18724,0,0.21046,0.07415,0,0,0,0,0,0,0,0.01225,0,0,0,0,0,0,0,0.02284,0.06577,0,0,0,0,0,0.00086,0,0,0,0,0,0,0,0,0,0,0.04699,0,0.59372,0,1.071,0.27712,0,0.04521,2.44624,0.06603,0,0,0,0,0,0,0,0,0,0,0,0,0,0,0.42139,6.92206,0,0,0,0,0,0,0,0,0,0.11513,0.22269,0.00404,0,0.03739,0.01283,0,0,2.81316,0,0,0,0,0,0,0,0,0,0,0,0,0,0,0,0,0,0,0,0,0,0,0.13984,0,0,0,0,0.27378,0,0,0,0,0,0,0,0.02077,0,0,0,0,0,0,0,0,0,0.01703,0,0,0,0,0,0,0,0,0,0,0,0,0,0,0,0,0,0,0,0,0,0,0,0,0,0,0,0,0,0,0,0,0,0,0,0,0,0,0,0,0,0,0,0,0.10932,0,0,0,0,0,0,0,0,0,0,0,0.22281,0,0.55655,0,0.20279,0,0.16142,0,0,5.523,0.03121,0,0,1.1739,0,0,0,0,2.06009,0,0,0,0,0.10029,0,0,0,0,0,0,0,0,0,0,0,0,0,0,0,0,0,0,0,0,0,0,0,0,0,0,0,0,0,0,0,0,0,0,0,0,0,0,0,0,0,0.3988,0.34027,0.0655,0,0,0,0,0,0,0.02182,0,0,0,0,0,0.02757,0.84255,2.43639,0,0,0,0,3.6102,0,0,0,0,0,0,0,0,0,0,0.09481,0,0,0,0,0,0,0,0,0,0,0,0,0,0,0,0,0,0,0,0.672,0,0.07666,0.23251,0,0,0,0,0,0,0,0,0.16694,0,0,0,0,0,0,0,0,0,0,0,0
"4000_3",0,0,0,0,0,0,0,0,0,0,0,0,0,0,0,0,0,0,0,0,0,3.02074,0.21429,0,0.62115,0.13058,0,1.95631,0,0,12.48372,0,0,0,0,0,0,0,0.1818,0,0,0,0,0,0,0,0,1.69878,0,0,0,0,0.37285,0,0,0,0,0,0,0,0,0,0,0,0.27684,0,0,0,0,0,0,0.05661,0,0,0,0,0,0,0,0,0,0,0,1.08295,1.39694,0.61803,0,0.72747,0,1.96125,0,0,0,0,0,0,0,0,0,0,0,0,0,2.31602,0,0,0.0464,0,0.02617,0,0.00429,0,0,0,0,0,0,0.01389,0.00407,0,0,0,0,0,0,0,0,0,0,0,0,0,0,0,0,0,0,0,0,0,0,0,0,0,0.11544,0,0,0.01228,0,0,0,0,0,0,0,0,0.0401,0,0,0,0.00912,0,0,0,0,0,0,0,0,0,0,0.04216,0,0,0,0,0,2.1408,0,0,0,0,0.03607,0,0,0.03511,0,0,0,0,0,0,0,0,0,0,0,0,0.68237,0,0,3.95768,0,0,0,0,0,0,0,0,0,0,0,0,0,0,0,0,0,0,0,0,0,0.22068,0,0,0,0,0,0,0,0,0,0,0,0,0,0.65231,0,0,0,0,0,0,0,0,0,0,0,0.18155,0.54826,0,0,0,0,0,0,0,0,0,0,0.00232,0,0,0,0,0.02694,0.39237,0,0,0,0,0,0,0,0,0,0,0,0,0,0,0,0,0,0,0,0,0.21506,0.61207,0,0.35464,0.24186,0.04514,0,0,0,0,0,0,0,0,0,0,0,0,0,0,0.01001,6.33556,0.55866,0.01069,0,0,0,0,0.00101,0,0,0.75445,0,0.00136,0.1651,0.50316,0,0,0,2.57383,1.75784,0,0,0,0,0,0.14203,0,0.04716,0,0,0,0,0,0,0,0.31928,0,0,0.3647,0,0,0,0,0,0,0,0,0,0,0.38831,0,0,0,0,0,0,0,0,0,0,0,0,0,0.37444,0,0,0,0.01732,0,0,0,0,0,0,0,0,0,0,0,0,0,0.08681,0,0,0,0,0,0,0,0,0,0,0,0,0,0,0,0,0,0,0,0,0,0,0,0,0,0,0,0.21194,0,0,0,0,0.06731,0,0,0,0,0,0,0,0,0.03462,0,0.31176,0,0.44912,0,0.04079,0.38157,0,0,0,0.6178,0,0,0.23004,0.0028,0,0,0,0,0,0,0,2.5361,0,0,0,0,0,0,0,0,32.71774,0,0,0,0,0,0,0,0,0,0,0,0,0,0,0,0,0,0,0,0,0,0,0,0,0,0,0,0,0,0.37427,2.03241,1.61616,0.7037,0,0,0,0,0,0,0,0.13314,0,0,0,0,0.05576,0.03624,0.66998,0,0,0,0,0,0,0,0,0,0,0,0,0,0,2.42642,0,0,0,0,0,0,0,0,0,0,0,0,0,0,0,0,0.03915,0,0,0,0,0,0.01173,0.00765,0,0,0.05836,0,0,0,0,0,0.04626,0,0,0,0,0,0,0,0,0,0,0,0
"4029_2",0,0,0,0,0,0,0,0,0,0,0,0,0,0,0,0,0,0,0,0,0,0,0,0,0,0,0,0,0,0,0,0,0,0,0,0,0,0,1.35245,0,0,0,0,0,0,0,0,0,0,0,0,0,0,0,0,0.30522,0,0,0,0,0,0,0,0,0,4.5012,0.07124,0,0,0,0,0,0,0,0,0,0,0,0,0,0,0,0,0,0.18804,0,0,0,0,3.14009,0,0,0,0,0,0,0,0,0,0,0,0,0,0,0,0,7.0934,0,0.34447,0,0,0,0,0,0,0,0,0,0,0.28911,0,3.05729,0,0,0,0,0,0,0,0,0,0,0,0,0,0,0,0,0,0,0,0,0,0,0,0,0,0,0,0,0,0,0,0,0,0,0,0,0,0,0,0,0,0,0,0,0,0,0,0,4.35807,0,0,0,0.32015,0,0,0,0,0,0,0,0.82,0,0,0,0,0,0,0,0,0,0,0,0,0.47878,0,0.23378,0,0,0,0,0,0,0.99704,0,0,0,1.9657,0,0.63078,0,0,0,0,0,0,0,0,0,0,0,0,1.52565,0,0,1.62076,0,0,0,0,0,0,0,0,0,0,0,0,0,0,0,0,0,0,0.07151,0,0,0,0.11016,0.03106,0.54127,0,0,0,0,0,0,0,0,0,0,0,0,0,0,0.77065,0,0,0,0,0,0,0,0,0,0,0,0,0,0,0,0,0,0,0,0,0,0,0,0,0,0,0,0,0,0,0,0,0,0,0,0,0.4963,0,0,0,0,0,4.15289,8.6302,0,0,0,0,0,0,0,0,0.32867,0,0,0,0,0,0,0,0,0,0,0,0,0,0,0,0,0,0,0,0.34347,0,0,2.1511,0,1.36876,1.5646,0,0,0,0,0,0,0,0,0,0,0,0,0.68873,0,0,0,0,0,0,0,0,0,0,0,0,0,0,0,0,0,0,0,0,0,0,0,0,0,0,0,0,0,0,0,0,0,0,0,0,0,0,0,0,0,0,0,0,0,0,0,0,0,0,0,0,0,0,0,0,0,0,0,0,0,0,0,0,0,0,0,0,0.56702,0,0,0,0,0,0,0,0,0,0,0,0,0,0,0,0.04102,0,0,0,0,0,0,0,0,0,0,0,0.32459,0,0,0,0,0,0,0,0,31.2242,0,0,0,0,0,2.08594,0,0,0,0,0,0.37073,0,0,0.58344,0,0,0,0,0,0,0,0,0,0,0,0,0,0,0.91081,5.05588,0.3491,0.09026,0,0,0,0,1.81652,0,0,0,0,0,0,0,0,0,0.69711,0,0,0,0,0.16593,0,0,0,0,0,0,0,0,0,1.17487,0,0,0,0,0,0,0,0,0,0,0,0,0,0,0,0,0,0,0,0,0,0,0,0,0,0,0,0,0,0,0,0,0,0,0,0,0,0,0,0,0,0,0,0,0
"4002_3",0,0.18557,0,0,0,0,0,0,0,0,0,0,0,0,0,0,0,0,0.04776,0.4789,0,0,1.59815,0,5.09662,0.00523,0,0,0,0,0,0,0,0,0,0,0,0,0.78012,0,0,0,0,0,0.02376,0,0,0.96636,2.15046,0,0,0,0,0,0,0.31391,0.21825,0,0,0.03778,0,0.33831,0,0,2.72292,0,0,0,0,0,0,0.05042,0,0,0,0,0,0.29487,0,0,0,0,1.03839,0,8.15303,6.69193,0.11437,1.33805,0,0,0,0.20229,0,0,0,0,4.8706,0,0,0,0,0,0,0.47,0,0.16795,0,0,0,0,0,0,0,0,0,0,0.00893,0,0.11287,0,0,0,0,0,0,0,0,0,0,0,0,0.17643,0,0,0,0,0.08138,0,0,0,0,0,0,0,0.01591,0,0,0.05017,0,0,0,0,0,0,0,0,0,0,0,0,0,0,0,0,0,0,0,0.07424,0,0.03131,1.14063,0,0,0,0.76056,0,0,4.5188,0,0,0,0,0.45027,0,0,0,0,0.09372,0,0,0.15424,0,0,0,0,0,0,0,0.61469,0.85924,0,0,0,0,0,0,0,0,0,0,0,0,0,0,0,0,0,0,0,0,0.54542,0,0,0.04759,0.59783,0,0,0,0,0,0,0,0,0,0,0,0,1.76083,0,0,0,0,0,0,0,0,0,0,0.00227,0.83801,0.03573,2.29988,0.60762,0,0,0,0,0,0,0,0,0.14091,0.15262,0,0,0,0.06907,1.04395,0,0,0,0,1.27667,0,0,0,0,0,0,0,0,0,0,0,0,0,0,0,1.83827,1.52614,0,0.50184,0.27123,0.04278,0.08342,0,0,0,0.03576,0,0,0,0,0,0,0.02849,0.08003,0,0.09193,8.3041,1.10858,0.15238,0,0,0,0,0,0,0,0.01463,0,0,0.04075,4.06229,0,0,0,0.91752,0.49004,0.65099,2.55555,0.55049,0.09884,0.10346,0.00844,0,0.01117,0,0,0,0,0,0,0,0,0.0825,0,0.02609,0,0,0.02286,0,0,0.04243,0.01844,0,0,0,1.93959,0,0,0,0,0.06093,0,0,0,0,0,0,0,0,0,0,0,0,0,0,0,0,0,0,0,0,0,0,0,0,0,0,2.42155,0,0.00271,0,0,0,0,0,0,0,0,0,0,0,0,0,0,0,0,0,0,0,0,0,0,0.00244,0,0,0.60837,0,0,0,0,0,0,0,0,0.03021,0,0,0,0,0.14136,0,0.26316,0,3.86624,0,0,0.40931,0.00145,0,0,0.34869,0,0,0.04755,0,0,0,0,0,0,0,0,0,0,0,0,0,0,0,0,0,0,0,0,0,0,0,0,0,0,0,0,0,0,0,0,0,0,0,0,0,0,0,0,0,0,0,0,0,0,0,0.26121,0.00753,0,0.00946,0,0,0,0.05384,0,0.12727,0,0,0,0,0,0,0,0.41576,6.95627,0,0,0,0.19039,0,0,0.38763,0,0,0,0,0.24547,0,0,0,0,0,0,0,0,0,0,0,0,0,0,0,0,0,0,0,0.00817,0,0,0,0,0,0.2253,0.1135,0,0,0.14769,0,0,0.02771,0,0,0,0,0,0,0,0,0,0,0,0,0,0,0
"4029_1",0,0,0,0,0,0,0,0,0,0,0,0,0,0,0,0,0,0.20538,0.01102,0.12564,0,1.7764,0.38965,0,0.47213,0.00897,0,0,0,0,0,0,0,0,0,0,0,0,4.22634,0,0,0,0,0,0.00873,0,0,1.0159,0.0086,0,0.00331,0,0.13565,0,0,0.692,0,0,0,0,0,0.05378,0,0,0.25681,1.90601,0.61203,0,0,0,0,0,0,0,0,0,0,0,0,0,0,0,0.01925,0,0.81477,0.01164,0.08011,0,0,13.57141,0,0,0,0,0,0,0.04815,0.32573,0,0,0,0,0,1.13548,0,1.05197,5.38151,0,1.10318,0,0.0209,0,0,0,0,0,0,0,0.02293,0.05275,0,0.82479,0,0,0,0,0,0,0.00997,0,0,0,0,0,0,0,0,0,0,0,0,0,0,0,0,0,0,0.05037,0,0,0,0,0,0,0,0,0,0,0,0,0,0,0,0,0,0,0,0,0.01883,0.05309,0.21743,0,0,0,0.57279,0.01971,0,0,1.3306,0.14809,0.15794,0,0.02412,0,0.14176,0.20357,0.00462,0,0,0,0.05471,0,0,0,0,0.01096,0.16201,0,0,0,0,0.01329,0,0,0.16743,0,0,0,0.05571,0.09562,0.56933,0.0564,0,0,0,0,0,0,0,0.76558,0.40804,0,0.05622,0.22119,0.10964,0,0.85692,0,0,0,0,0,0,0,0,0,0,1.94928,0,0,0,0,0,0,0,0.41563,0,0,0,0.26577,0.34545,0.06759,0,0,0.04052,0,0,0,0,0,0.09416,0,0,0,0,0,0.39362,0.77537,0,0,0,0,0,0.02108,0,0,0,4.04152,0,0,0,0,0,0,0,0,0.02759,0,0.07125,1.26502,0,0.14087,0.13073,0.00941,0.02787,0,0,0,0.01209,0.46338,0.00225,0,0,0.07016,0,0,0,0,0.18851,4.09354,9.04261,0.17032,0,0,0.00598,0,0.00849,0.16159,0,0.06563,0.0129,0.08307,0,0.02009,0,0,0,0.24981,0.0541,0.00942,0.02833,0.02147,0.51239,0,0,0,0,0,0,0.30937,0,0,4.29611,0,1.43278,0.8965,0,0,0,0,0,0,0,0,0.01245,0,0,0,0.40795,0,0,0,0,0.00318,0,0,0.38294,0,0,0,0,0,0.00037,0,0,0.16138,0,0,0,0,0.13749,0,0.03859,0,0,0,0,0,0,0,0,0,0,0,0,0,0,0,0,0,0,0,0,0,0,0,0,0,0,0,0.00548,0,0,0,0,0,0,0,0.4702,0,0,0,0,0,0,0,0,0.20711,0,0,0,0,0.06403,0,0,0,0.00332,0,0,0.09175,0,0,0,1.41834,0,0,0,0,0,0,0.02266,0,0,0,0,0.4693,0,0,0,0,0,0,0,0,9.92526,0,0,0,0,0,0.49394,0,0,0,0,0,0.20517,0,0,0.43298,0,0,0,0,0,0,0,0,0,0,0,0,0,0.00335,0.67408,2.17897,2.2319,0.37503,0,0,0,0,0.46782,0.07394,0,0,0,0.00064,0,0,0.10564,0,0.96999,0,0,0,0.11708,1.12862,0.00616,0,0,0,0,0.04495,0,0,0,0.95849,0.00567,0,0,0,0.00576,0.13477,0,0,0,0,0,0,0,0,0,0.01595,0.16001,0,0,0,0,0,0.01825,0.11045,0,0,0,0,0,0,0,0,0,0.02044,0,0,0.00785,0,0.00779,0,0,0,0,0,0
"4028_4",0,0.01299,0,0,0,0,0,0,0,0,0,0,0,0,0,0,0,0.22068,0,1.21781,0,0,0,0,0.87348,0,0,0,0,0,0,0,0,0,0,0,0,0,19.5784,0,0,0,0,0,0,0,0,0.08189,0,0,0,0,3.00977,0,0,0,0,0,0,0,0.22311,0,0,0,0.39039,0,0,0,0,0,0,0,0,0,0,0,0,0,0,0,0,0,0.44471,0,1.99767,0.64812,0,0.21094,0,0,0,0,0,0,0,0,8.44534,0,0,0,0,0,0,6.49688,0,0,2.00596,0,1.30366,0,0.0378,0,0,0,0,0,0,0,0,0,0,0,0,0,0,0,0,0,0,0,0,0,0,0,0,0,0,0,0,0,0,0,0,0,0,0,0,0.81112,0,0,0,0,0,0,0,0,0,0,0,0,0,0,0,0,0,0,0,0,0,0.30558,0,0,0,0,0,0,0,0,0,0,0.01757,0,0,0,0,0,0,0,0,0,0,0,0,0,0,0,0,0,0,0,0,0,0,0,0,0,0,0,0,0,0,0.02816,0,0,0,0,0,0,0,0,0,0,0,0,0,0,0,0,0,0,0,0,0,0,0,0,0,0.42991,0,0,0,0,0,0,0,0,0,0,0,0.19233,0.5334,0,0,0,3.93567,0,0,0,0,0,0,0,0,0,0,0,0.3318,1.16714,0,0,0.07347,0,0,0,0,0,0,0,0,0,0,0,0,0,0,0,0,0,0.89615,6.24262,0,0.92316,7.6536,0,0,0,0,0,0,0,0,0.11845,0,0,0,0,0,0,0,3.91883,3.25387,0.19292,0,0,0,0,0,0,0,0,0,0.04279,0.04274,0,0,0,0,0,0,0,0,0,0,0,0,0,0.15121,0,0,0,0,0,0,0,2.00565,0.27162,0,0,0,0,0.25924,0,0,0,0,0,0,0,3.63077,0,0,0,0,0.01576,0.00608,0,0,0,0,0,0,0,0,0,0,1.2451,0,0,0,0,0,0,0,0,0,0,0,0,0,0,0.51181,0,0,0,0,0,0,0,0,0,0,0,0,0,0,0,0,0,0,0,0,0,0,0,0,0,0,0,0,0,0,0,0,0,0,0,0,0,0,0,0,0,0,0,0,0,0,0,0,0,0,0,0,0.03364,0,0,0,0,0,0,0,0,0,0,0,0,0,0,0,0,0,0,0,0,0,0,0,0,0,0,0,0,0,0,0,0,0,0,0,0,0,0,0,0,0,0,0,0,0,0,0,0,0,0.06719,0.53035,0,0,0.60032,0,0,0,0,0,0,0,0,0,0,0,0,0.07894,0.03507,7.66844,0,0,0,0,0,0,0,0,0,0,0,0,0,0,2.86723,0,0,0,0,0,0,0,0,0,0,0,0,0,0,0,0,0.12852,0,0,0,0.13676,0,0.31291,1.13252,0,0,0,0,0,0,0,0,0,0,0,0,0,0,0,0,0,0,0,0,0
"4028_3",0,0.02683,0,0,0,0,0,0,0,0,0,0,0,0,0,0,0,0.22947,0.00149,5.53505,0,0,0,0,5.46247,0.00346,0,0,0,0,0,0,0,0,0,0,0,0,6.21244,0,0,0,0,0,0.00859,0,0,2.05403,0.01434,0,0,0,0,0,0,0,0,0,0,0,0,0,0,0,0.82025,0,0,0,0,0,0,0,0,0,0,0,0,0,0,0,0,0,14.3544,1.19444,4.12867,21.28103,0,0.92045,0,0,0,0,0,0,0,0,3.3706,0,0,0,0,0,0,0.87885,0,0,0.23251,0,0.15369,0,0.00849,0,0,0,0,0,0,0,0,0,0,0,0,0,0,0,0.00045,0.01083,0,0,0,0,0,0,0,0,0,0,0,0,0,0,0,0,0,0,0,0.18459,0,0,0,0,0,0,0,0,0,0,0,0,0,0,0,0,0,0,0,0,0.01728,0.21658,0,0,0,0,0,1.46223,0,0,0,0,0.37242,0,0.01309,0,0,0,0,0,0,0,0,0,0,0,0,0,0,0,0,0,0,0,0,0,0,0,0,0,0,0,0,0,0,0,0,0,0,0,0,0,0,0,0,0,0,0,0,0,0,0,0,0,0,0,0,0,0,0.12341,0,0,0,0,0,0,0,0,0,0,0,0.11539,0.20549,0,0,0,3.32922,0,0,0,0,0,0,0,0,0,0,0,0.0322,0.26149,0,0,0.10886,0,0,0,0,0,0,0,0,0,0,0,0,0,0,0,0,0,2.72856,1.0459,0,0.55399,5.33016,0,0.10201,0,0,0,0,0,0,0.14498,0,0,0,0.06321,0,0,0,4.04048,0.36471,0.00884,0,0,0,0,0.01555,0,0,0.01412,0,0.00414,0.00635,0.00949,0,0,0,0,0,0,0,0,0,0,0,0,0.23522,0,0,0,0,0,0,0,0.87519,0.38193,0,0.01266,0,0,0.03976,0,0,0,0.00217,0,0,0,1.09657,0,0,0,0,0.29179,0,0,0,0,0,0,0,0,0,0,0,0,0,0,0,0,0,0,0,0,0,0,0,0,0,0,3.06014,0,0,0,0,0,0,0,0,0,0,0,0,0,0,0,0,0,0,0,0,0,0,0,0,0,0,0,0,0,0,0,0,0,0,0,0,0,0,0,0,0,0.30166,0,0.05028,0,0,0,0,0,0,0,0,0.71085,0,0,0,0,0,0,0,0,0,0,0,0,0,0,0,0,0,0,0,0,0,0,0,0,0,0,0,0,0,0,0,0,0,0,0,0,0,0,0,0,0,0,0,0,0,0,0,0,0,0,0.40922,0.2718,0,0.81855,0,0,0,0,0,0,0.17513,0,0,0,0,0,0.01374,0.02272,1.26545,0,0,0,0,0,0,0,0,0,0,0,0,0,0,0.45945,0.00567,0,0,0,0,0,0,0,0,0,0,0,0,0,0,0.01156,0.06116,0,0,0,0,0,1.13651,0.28384,0,0,0,0,0,0,0,0,0.17621,0.01171,0,0,0.04152,0,0,0,0,0,0,0,0
"4028_2",0,0.01473,0,0,0,0,0,0,0,0,0,0,0,0,0,0,0,0.09328,3.93995,29.85786,0,0,0,0,8.04503,0.02147,0,0,0,0,0,0,0,0,0,0,0,0,5.19244,0,0,0,0,0,0.00578,0,0,1.05594,0.07168,0,0,0,0,0,0,0,0,0,0,0,0,0,0,0,1.10049,0,0,0,0,0,0,0,0,0,0,0,0,0,0,0,0,0,5.34489,1.47079,4.20555,4.50431,0,1.92022,0,0,0,0,0,0,0,0,2.56452,0,0,0,0,0,0,1.46817,0,0,0.39874,0,0.13995,0,0.01126,0,0,0,0,0,0,0,0,0,0,0,0,0,0,0,0,0,0,0,0,0,0,0,0,0,0,0,0,0,0,0,0,0,0,0,0,0.54794,0,0,0,0,0,0,0,0,0,0,0,0,0,0,0,0,0,0,0,0,0.01787,0.03685,0,0,0,0,0,0.08651,0,0,0,0,0.47549,0,0.09142,0,0,0,0,0,0,0,0,0,0,0,0,0,0,0,0,0,0,0,0,0,0,0,0,0,0,0,0,0,0,0,0,0,0.00333,0,0,0,0,0,0,0,0,0,0,0,0,0,0,0,0,0,0,0,0,0.01554,0,0,0,0,0,0,0,0,0,0,0,0.32719,0.15234,0,0,0,2.97994,0,0,0,0,0,0,0,0,0,0,0,0.04744,0.54567,0,0,0.07105,0,0,0,0,0,0,0,0,0,0,0,0,0,0,0,0,0,0.56192,1.9469,0,0.16728,3.53487,0,0.01655,0,0,0,0.02546,0.06733,0,0.02904,0,0,0,0.34945,0,0,0,1.18276,4.20772,0.32035,0,0,0,0,0.03283,0,0,0.2098,0.04291,0.05006,0.25736,0.07528,0,0,0,0,0,0,0.63053,0.17914,0,0,0,0,0.01533,0,0,0,0,0,0,0,0.42317,0.04969,0,0.00233,0,0,0.09758,0,0,0,0.0065,0,0,0,0.97831,0,0,0,0,0.01264,0.09933,0,0,0,0,0,0,0,0,0,0,0.11655,0.00097,0,0,0,0,0,0,0,0,0,0,0,0,0,0.47704,0,0,0,0,0,0,0,0,0,0,0,0,0,0,0,0,0,0,0,0,0,0,0,0,0,0,0,0,0,0,0,0,0,0,0.00739,0,0,0,0,0,0,0.32804,0,0.03532,0,0,0,0,0,0,0,0,1.08263,0,0,0,0,0,0,0,0,0,0,0,0,0,0,0,0,0,0,0,0,0,0,0,0,0,0,0,0,0,0,0,0,0,0,0,0,0,0,0,0,0,0,0,0,0,0,0,0,0,0,0.31305,1.35658,0,0.13102,0.03918,0.01131,0,0,0,0.00106,0.28788,0,0,0,0,0,0.06632,0.11795,2.25348,0.00032,0,0,0.10116,0,0,0,0,0,0,0,0,0,0,0.32646,0.03005,0,0,0,0,0,0,0,0,0,0,0,0,0,0,0,0.00488,0,0,0,0,0,0.22159,0.29169,0,0,0,0,0,0,0,0,0,0,0,0,0,0,0,0,0,0,0,0,0
"4028_1",0,0.15591,0,0,0,0,0,0,0,0,0,0,0,0,0,0,0,0.18284,1.14531,29.09276,0,0,0,0,9.3564,0.01398,0,0,0,0,0,0,0,0,0,0,0,0,4.63812,0,0,0,0,0,0,0,0,2.30209,0.08823,0,0,0,0,0,0,0,0,0,0,0,0,0,0,0,1.09657,0,0,0,0,0,0,0,0,0,0,0,0,0,0,0,0,0,1.0887,0.88784,1.17585,6.16323,0,3.25327,0,0,0,0,0,0,0,0,0.08675,0,0,0,0,0,0,1.45611,0,0,0.34366,0,0.10956,0,0.00822,0,0,0,0,0,0,0,0,0,0,0,0,0,0,0,0,0,0,0.00276,0,0,0,0,0,0,0,0,0,0,0,0,0,0,0,0,0,0.68928,0,0,0,0,0,0,0,0,0,0,0,0,0,0,0,0,0,0,0,0,0.02157,0.02867,0,0,0,0,0,0.61763,0,0,0,0,0.05924,0,0.24657,0,1.70667,0,0,0,0,0,0,0.03661,0,0,0,0,0,0,0,0,0,0,0,0,0,0,0,0,0,0,0,0,0,0,0,0,0,0,0,0,0,0,0,0,0,0,0,0,0,0,0,0,0,0,0.00846,0,0,0.00531,0,0,0,0,0,0,0,0,0,0,0,0.16809,0.06943,0,0,0,2.26038,0,0,0,0,0,0,0,0,0,0,0,0.03878,0.76362,0,0,0.02573,0,0,0,0,0,0,0,0,0,0,0,0,0,0,0,0,0,1.34918,1.39512,0,0.20241,2.02534,0,0.01964,0,0,0,0.50253,0,0,0.02291,0,0,0,0.1882,0,0,0,3.21017,6.31762,0.54094,0,0,0,0,0.01631,0,0,0.18792,0.02431,0.00663,0.97513,0.01738,0,0,0,0,0,0,0.0525,0.00541,0,0,0,0,0.19842,0,0,0,0,0,0,0,0.43119,0.01096,0,0.01907,0,0,0.00298,0,0,0,0.0769,0,0,0,0.87123,0,0,0,0,0.01139,0.02365,0,0,0,0,0,0,0,0,0,0,0.13069,0,0,0,0,0,0,0,0,0,0,0,0,0,0,0.93467,0,0,0,0,0,0,0,0,0,0,0,0,0,0,0,0,0,0,0,0,0,0,0,0,0,0,0,0,0,0,0,0,0,0,0.27509,0,0,0,0,0,0,0.36898,0,0.00091,0,0,0,0,0,0,0,0,0.88467,0,0,0,0,0,0,0,0,0,0.00128,0,0,0,0,0,0,0,0,0,0,0,0,0,0,0,0,0,0,0,0,0,0,0,0,0,0,0,0,0,0,0,0,0,0,0,0,0,0,0,0,0.38958,3.35456,0,1.03912,0.0432,0.01465,0,0,0,0.00947,0.18371,0,0,0,0,0,0.04134,0.13919,2.9493,0,0,0,0.06479,0,0,0,0,0,0,0,0,0,0,0.37521,0.03482,0,0,0,0,0,0,0,0,0,0,0,0,0,0,0,0,0,0,0,0,0,0.25391,0.41122,0,0,0,0,0,0,0,0,0,0,0,0,0,0,0,0,0,0,0,0,0
"4027_4",0,0,0,0,0,0,0,0,0,0,0,0,0,0,0,0,0,0.08696,0.25268,0.16387,0.12131,0,0.23141,0,2.90024,0.00226,0,0,0,0,0,0,0,0,0,0,0,0,0.46218,0,0,0,0,0,0,0,0,0,0,0,0.87722,0,0,0,0,0,0,0,0.91017,0,0,0,0,0,0.40243,0,0,0,0,0,0,0,0,0,0,0,0,0,0,0,0,0,0.59816,0.33059,1.73792,4.4346,0,0.73497,0,0.08079,0.11082,0,0,0,0,0,0.02616,0.12782,0,0.00819,0,0,0,0.43445,0,0.05807,0,0,0.02892,0,0.02263,0,0,0,0,0,0,0,0,0,0,0,0,0,0,0,0,0,0,0,0,0,0,0,0,0,0,0,0,0,0,0,0,0,0,0,0,0.24073,0,0,0,0,0,0,0,0,0,0,0,0,0,0,0,0,0,0,0,0,0.00274,0.0419,0,0,0,0,0,0.00879,0.06985,0,0,0,0,0,0,0,0,0.00871,0,0,0,0,0,0,0,0,0,0,0,0,0,0,0,0,0,0,0,0,0,0,0,0,0,0,0,0,0,0,0,0,0,0,0,0,0,0.20138,0,0,0,0,0,0,0,0,0,0,0,0,0,0.27949,0,0,0,0,0,0,0,0,0,0,0.00956,0.07723,0.11908,0.19525,0,0,0,0,0,0,0,0,0,0,0.09771,0,0,0,0.23292,0.59056,0,0,0,0,0,0,0,0,0,0,0,0,0,0,0,0,0,0,0,0,0.81721,0.53568,0,0.14141,1.82937,0,0.12605,0,0,0,0,0,7.813,0,0,0,0,0.03624,0,0,0.04679,2.72737,0.02839,0.00034,0,0,0,0,0.00103,0,0,0.98735,0.04635,0,0,0,0,0,0,0,0.02074,0,0,0,0,0,0,0,0.01844,0,0,0,0,0,0,0,0.63133,0,0,0.0022,0,0,0.17984,0,0,0,0,0,0,0,1.35289,0,0,0,0,0.14459,0,0,0,0,0,0,0,0,0,0,0,0.04748,0,0,0,0,0,0,0,0,0,0,0,0,0,0,0.48645,0,0,0,0,0,0,0,0,0,0,0,0,0,0,0,0,0,0,0.01266,0,0,0,0,0,0,0,0,0,0,0,0,0,0,0,0,0,0,0,0,0,0,0.24875,0,0.35786,0,0.01615,0,0,0.55958,0.01758,0,0,0,0,0,0,0,0.39168,0,0,0,0,0.13856,0,0,0,0.10359,0,0,0,0,0,0,60.4964,0,0,0,0,0,0,0,0,0,0,0,0,0,0,0,0,0,0.02762,0,0,0,0,0,0,0,0,0,0,0.00047,0.22697,0.1063,0.02553,0.28191,0,0,0,0,0,0,0,0.08207,0,0,0,0,0,0.50263,0,0,0,0,0,0,0,0,0,0,0,0,0,0,0,0.54042,0.00122,0,0,0,0.00077,0,0,0,0,0,0,0,0,0,0,0,0,0,0,0,0,0,0.41463,0.04699,0,0,0,0,0,0,0.0042,0,0.05418,0,0,0,0,0,0,0,0,0,0,0,0
"4027_3",0,0,0,0,0,0,0,0,0,0,0,0,0,0,0,0,0,0.05063,2.60049,0.0071,0.01291,0,0.04429,0,0.61103,0,0,0,0,0,0,0,0,0,0,0,0,0,0.18449,0,0,0,0,0,0,0,0,0,0,0,0.15512,0,0,0,0,0,0,0,0.1419,0,0,0,0,0,0.03183,0,0,0,0,0,0,0,0,0,0,0,0,0,0,0,0,0,0.2514,0.04923,0.24277,0.73506,0,0.11356,0,0.12385,0.30778,0.01255,0.43781,0,0,0,0.04854,0.01415,0,0,0,0,0,0.28486,0,0.05017,0,0,0.03025,0,0.00861,0,0,0,0,0,0,0,0,0,0,0,0,0,0,0,0,0,0,0,0,0,0,0,0,0,0,0,0,0,0,0,0,0,0,0,0,0.04466,0,0,0,0,0,0,0,0,0,0,0,0,0,0,0,0,0,0,0,0,0,0.05761,0,0,0,0,0,0.0074,0.00996,0,0,0,0.01534,0,0,0,0.26039,0.02318,0,0,0,0,0,0,0,0,0,0,0,0,0,0,0,0,0,0,0,0,0,0,0,0,0,0,0,0,0,0,0,0,0,0,0,0,0,0.04177,0,0,0,0,0,0,0,0,0,0,0,0,0,0.19887,0,0,0,0,0,0,0,0,0,0,0,0.02112,0.08379,0.16019,0,0,0,0,0,0,0,0,0,0,0.95497,0,0,0,0.08411,0.36539,0,0,0,0,0.00028,0,0,0,0,0,0,0,0,0,0,0,0,0.25134,0,0,0.49566,0.46872,0,0.04333,0.57821,0,0.09623,0,0,0,0,0,13.42968,0.00774,0,0,0,0.01627,0,0,0.01451,4.74664,0,0,0,0,0,0,0,0,0,1.32308,0,0,0,0,0,0,0,0,0,0,0,0,0,0,0,0,0.03349,0,0,0,0,0,0,0,0.20249,0,0,0,0,0,0.03188,0,0,0,0,0,0,0,0.53943,0,0,0,0,0.0757,0,0,0.00665,0,0,0,0,0,0,0,0,0.01869,0,0,0,0,0,0,0,0,0,0,0,0,0,0,0.79885,0,0,0,0,0,0,0,0,0,0,0,0,0,0,0,0,0,0,0.00272,0,0,0,0,0,0,0,0,0,0,0,0,0,0,0,0,0,0,0,0,0,0,0.00119,0,0.22639,0,0.00369,0,0,0.1785,0,0,0,0,0,0,0,0,0.36471,0,0,0,0,0,0,0,0,0.00414,0,0,0,0,0,0,65.4471,0,0,0,0,0,0,0,0,0,0,0,0,0,0,0,0,0,0.12167,0,0,0,0,0,0,0,0,0,0,0.00067,0.58092,0.14321,0,0.28635,0,0,0,0,0,0,0,0.02193,0,0.00265,0,0,0,0.04311,0,0,0,0,0,0,0,0,0,0,0,0,0,0,0,0.16604,0,0,0,0,0.00178,0,0,0,0,0,0,0,0,0,0,0,0,0,0,0,0.07599,0,0.20048,0.03823,0,0,0,0,0,0,0,0,0.02155,0,0.00897,0,0,0,0,0,0,0,0,0,0
"4027_2",0,0,0,0,0,0,0,0,0,0,0,0,0,0,0,0,0,0.01425,0.52798,0.01572,0.04332,0,0.09584,0,2.15809,0.00404,0,0,0,0,0,0,0,0,0,0,0,0,0.10383,0,0,0,0,0,0,0,0,0,0,0,0.49006,0,0,0,0,0,0,0,0.9601,0,0,0,0,0,1.47389,0,0,0,0,0,0,0,0,0,0,0,0,0,0,0,0,0,1.08047,0.84425,1.09778,5.99105,0.00373,0.18531,0,0,0.01127,0,0,0,0,0,0,0,0,0.01035,0,0,0,0.20932,0,0.0079,0,0,0,0,0.00221,0,0,0,0,0,0,0,0,0,0,0,0,0,0,0,0,0,0,0,0,0,0,0,0,0,0,0,0,0,0,0,0,0,0,0,0,0.09789,0,0,0,0,0,0,0,0,0,0,0,0,0,0,0,0,0,0,0,0,0.00698,0.10451,0,0,0,0,0,0.00112,0.00192,0,0,0,0,0,0,0.00913,0,0,0,0,0,0,0,0,0,0,0,0,0,0,0,0,0,0,0,0,0,0,0,0,0,0,0,0,0,0,0,0,0.01092,0,0,0,0,0,0,0.37848,0,0,0,0,0,0,0,0,0,0,0,0,0,0.02989,0,0,0,0,0,0,0,0,0,0,0,0.01273,0.01658,0.17403,0,0,0,0,0,0,0,0,0,0,0.00467,0,0,0,0.07951,0.09735,0,0,0,0,0,0,0,0,0,0,0,0,0,0,0,0,0,0,0.00751,0,0.10838,0.11804,0,0.11141,0.0625,0,0.03042,0,0,0,0,0,0,0,0,0,0,0.01048,0,0,0.00136,1.30466,0.00056,0,0,0,0,0,0,0,0,0.43566,0,0,0,0,0,0,0,0,0.01867,0,0,0,0,0,0,0,0.01699,0,0,0,0,0,0,0,0.06494,0,0,0.00087,0,0,0.00567,0,0,0,0,0,0,0,0.06426,0,0,0,0,0.00487,0,0,0,0,0,0,0,0,0,0,0,0.01508,0,0,0,0,0,0,0,0,0,0,0,0,0,0,0.21858,0,0,0,0,0,0,0,0,0,0,0,0,0,0,0,0,0,0,0,0,0,0,0,0,0,0,0,0,0,0,0,0,0,0,0,0,0,0,0,0,0,0.09554,0,0.58124,0,0.00382,0,0,0.647,0.00782,0,0,0,0,0,0,0,0.90189,0,0,0,0,0.43764,0,0,0,0.13781,0,0,0,0,0,0,77.02,0,0,0,0,0,0,0,0,0,0,0,0,0,0,0,0,0,0.15127,0,0,0,0,0,0,0,0,0,0,8e-04,0.08909,0.23087,0.10398,0.16227,0,0,0,0,0,0,0,0.00546,0,0,0,0,0,0.1931,0,0,0,0,0,0,0,0,0,0,0,0,0,0,0,0.08453,0,0,0,0,0,0,0,0,0,0,0,0,0,0,0,0,0,0,0,0,0,0,0.02816,0.00108,0,0,0,0,0,0,0.02931,0,0.12989,0,0,0,0,0,0,0,0,0,0,0,0
"4027_1",0,0,0,0,0,0,0,0,0,0,0,0,0,0,0,0,0,0.05728,1.08913,0.25642,0.25734,0,1.72142,0,15.53872,0.00578,0,0,0,0,0,0,0,0,0,0,0,0,0.4153,0,0,0,0,0,0,0,0,0,0,0,0.573,0,0,0,0,0,0,0,1.03264,0,0,0,0,0,0.97719,0,0,0,0,0,0,0,0,0,0,0,0,0,0,0,0,0,0.43013,0.62124,3.02058,3.39473,0,2.47104,0,0,0.08469,0,0.08013,0,0,0,0,0.00774,0,0.012,0,0,0,0.7688,0,0.04982,0,0,0,0,0.01369,0,0,0,0,0,0,0,0,0,0,0,0,0,0,0,0,0,0,0,0,0,0,0,0,0,0,0,0,0,0,0,0,0,0,0,0,0.20865,0,0,0,0.00457,0,0,0,0,0,0,0,0,0,0,0,0,0,0,0,0,0.06518,0.08951,0,0,0,0,0,0.00822,0.00678,1.80625,0,0,0,0,0,0.00498,0,0.19325,0,0,0,0,0,0,0,0,0,0,0,0,0,0,0,0,0,0,0,0,0,0,0,0,0,0,0,0,0,0,0,0,0,0,0,0,0,0.2475,0,0,0,0,0,0,0,0,0,0,0,0,0,0.28036,0,0,0,0,0,0,0,0,0,0,0,0.05711,0.17813,0.17769,0,0,0,0,0,0,0,0,0,0,0.58617,0,0,0,0.11414,0.54357,0,0,0,0,0.00156,0,0,0,0,0,0,0,0,0,0,0,0,0,0,0,1.73909,0.27783,0,0.18352,1.87127,0,0.56468,0,0,0,0,0,0,0,0,0,0,0.17842,0,0,0.03527,6.13857,0.20295,0.0403,0,0,0,0,0.01173,0,0,4.82244,0,0,0,0,0,0,0,0,0.14559,0,0,0,0,0,0,0,0.04588,0,0,0,0,0,0,0,0.41442,0,0,0.04576,0,0,0.49352,0,0,0,0,0.04072,0,0,0.62045,0,0,0,0,0.18798,0,0,0,0,0,0,0,0,0,0,0,0,0,0,0,0,0,0,0,0,0,0,0,0,0,0,1.53612,0,0.00419,0,0,0,0,0,0,0,0,0,0,0,0,0,0,0,0,0.0615,0,0,0,0,0,0,0,0,0,0,0,0,0,0,0,0,0,0,0,0,0,0,0.27184,0,0.45703,0,0.03849,0,0,0.10213,0,0,0,0,0,0,0,0,0.16585,0,0,0,0,1.42189,0,0,0,0.04636,0,0,0,0,0,0,31.67066,0,0,0,0,0,0,0,0,0,0,0,0,0,0,0,0,0,0.01485,0,0,0,0,0,0,0,0,0,0,0,2.22813,0.57201,0.85699,1.32469,0,0,0,0,0,0,0,0,0,0,0,0,0,2.03612,0,0,0,0,0,0,0,0,0,0,0,0,0,0,0,0.38108,0.01246,0,0,0,0.00237,0,0,0,0,0,0,0,0,0,0,0,0,0,0,0,0,0,1.03335,0.11739,0,0,0,0,0,0,0,0,0.13169,0,0,0,0,0,0,0,0,0,0,0,0
"4026_4",0,0,0,0,0,0,0,0,0,0,0,0,0,0,0,0,0,0.05019,0,0.81639,0,0,0.67602,0,1.57775,0.02082,0,0,7.23508,0,0,0,0,0,0,0,0,0,0.04003,0.03916,0,0,0,0,0.08545,0,0,0,0,0,0,0,0,0,0,0,0,0,0,0.72072,0,1.20051,0,0,0.39488,0,0,0,0,0,0,0,0,0,0,0,0,0,0,0,0,0,0,0.3709,22.53513,6.18715,0,0,0,0.14162,0,0,0,0.01944,0,0,1.26233,0,0,0,0,0,0,0,0.04329,0,0.16123,0,0,0,0.05307,0,0,0,0,0,0,0,0,0,0,0,0,0,0,0,0,0,0,0,0,0,0,0,0,0,0,0,0,0,0,0,0,0,0,0.09663,0,0.1565,0,0,0,0.02119,0,0,0.03872,0,0,0,0.00928,0.01485,0,0,0,0,0,0,0,0,0,0,0,0,0,0,0,0.52505,0,0,0,0,0.86825,0,0,0,0,0,0,0,0,0,0,0,0,0,0,0,0.07801,0,0,0,0,0,0,0,0,0,0,0.15618,0,0,0,0,0,0,0,0,0.08347,0,0,0,0,0,0,0,0,0,0,0,0,0,0,0,0,0,0,0,0,0.14703,0,0,0,0,0,0,0,0,0,0,0,0,0.03929,0,0,0,0.24023,0,0,0,0,0,0,0,0.11987,0,0,0.0162,0.46592,0.85602,0,0,0.0079,0,0,0,0,0.0197,0,0,0,0,0,0,0,0,0,0,0,0,1.89539,0.8569,0,0,0.08137,0,1.34443,0,0,0,0,0,24.86637,0,0.01196,0,0,0.00385,0,0,0,3.68686,0,0,0,0,0,0,0,0,0,0,0,0,0,0,0,0,0,0,0,0,0,0,0,0,0,0,0.26742,0,0,0,0.04356,0,0,0,0,0,0,0,0,0,0,0,0,0,0,0.22907,0,0,0.45759,0.01041,0,0,0,0,0,0.00569,0,0,0,0,0,0,0,0,0,0.00653,1.48973,0,0,0,0,0,0,0,0,0,0,0,0,0,11.54605,0.04446,0,0,0,0,0,0,0,0,0,0,0,0,0,0,0,0.01061,0,0,0,0,0,0,0,0,0,0,0,0,0,0,0,0,0,0,0,0,0,0,0,0,0.2141,0,0,0,0,0,0,0,0,0,0,0.6977,0,0,0,0,0.83745,0,0,0,0,0,0,0,0,0,0,0,0,0,0,0,0,0,0,0,0,0,0,0,0,0,0,0,0,0,0,0,0,0,0,0,0,0,0,0,0,0,0,0,0,0,0.24342,1.79576,0.30798,0,0,0,0,0,0,0,0,0,0,0,0,0,0,0,0,0,0,0,1.3107,0,0,0,0,0,0,0,0,0,0,0,0.01673,0,0,0,0,0,0,0,0,0,0,0,0,0,0,0.00228,0.03899,0,0,0,0,0,0,0.08517,0,0,0,0,0,0,0,0,0,0,0,0,0,0,0,0,0,0,0,0,0
"4002_2",0,0.27771,0,0,0,0,0,0,0,0,0,0,0,0,0,0,0,0,0.02213,0.29035,0,0,0.80821,0,3.56248,0.00137,0,0,0,0,0,0,0,0,0,0,0,0,0.67977,0,0,0,0,0,0.05376,0,0,0.36164,0.75794,0,0,0,0,0,0,0.06837,0.32347,0,0,0.09652,0,0.24252,0,0,0.54928,0,0,0,0,0,0,0.31588,0,0,0,0,0,0.25486,0,0,0,0,0.89459,0,0.28526,7.3741,0.04462,1.49776,0,0,0,0.48936,0,0,0,0,1.65325,0,0,0,0,0,0,0.36149,0,0.15978,0.00053,0,0.02766,0,0,0,0,0,0,0,0.0043,0.00721,0.04813,0,0,0,0,0,0,0,0.10397,0.05828,0,0,0,0.34484,0,0,0,0,0,0,0,0,0,0,0,0,0.04984,0,0,0.11759,0,0,0,0,0,0,0,0,0.04879,0,0,0,0,0,0,0,0,0,0,0.72361,0.00138,0.04807,4.23053,0,0.08834,0.04168,0.41399,0.0071,0,5.57944,0.00707,0,0,0,0.71506,0,0,0,0,1.91725,0,0,0.10335,0,0,0,0,0,0.01173,0,0.9523,1.33678,0,0,0,0,0,0,0,0,0,0,0,0,0,0,0,0,0,0,0,0,0.91478,0,0,0.97208,0,0,0,0,0,0,0,0,0,0,0,0,0,0.61171,0,0,0,0,0,0,0,0,0,0.09454,0.00082,0.35742,0.25629,5.71407,0.02406,0,0,0,0,0,0,0,0,0.35067,0.26726,0,0,0,0.1768,0.51959,0,0,0,0,0.39302,0,0,0,0,0,0,0,0,0,0,0,0,0,0,0,1.72659,0.57378,0,0.51647,3.89941,0.02273,0.48799,0,0,0,0.42873,0.0327,0,0,0,0,0,0.38282,0,0,0.19242,8.60108,1.06815,0.11327,0,0,0,0,0.01595,0,0,0.06668,0,0,0.09932,2.14507,0,0,0.02059,1.25732,0.13764,0.80529,4.25319,0.57264,0.10801,1.16203,0,0.16411,0.0404,0,0,0,0,0.29295,0,0,0.03998,0.00488,0,0.05383,0,0,0.02705,0,0,0.06436,0.0051,0,0,0,1.39507,0,0,0,0,0.03934,0,0,0,0,0,0,0,0,0,0,0,0,0,0,0,0,0,0,0,0,0,0,0,0,0,0,4.95148,0,0.01768,0,0,0,0,0,0,0,0,0,0,0,0,0,0,0,0,0,0,0,0,0,0,0,0,0,0.46687,0,0,0,0,0,0,0,0,0.00149,0,0,0,0,0.18442,0,0.73852,0,1.62481,0,0,0.59571,0.02701,0,0,0.35599,0,0,0.04627,0,0.052,0,0,0,0,0,0,0,0,0,0,0,0,0,0,0,0,0,0,0,0,0,0,0,0,0,0,0,0,0,0,0,0,0,0,0,0,0,0,0,0,0,0,0,0,0.00443,1.25289,0.15358,0.01117,0.27422,0,0,0,0.02361,1.098,0.18831,0,0,0,0,0,0,0,0.9152,4.89267,0,0,0,0.58856,0,0,1.01015,0,0,0,0,0.10433,0,0,0,0,0,0.00238,0,0,0,0,0,0,0,0,0,0,0,0,0,0,0,0,0,0,0,0.21566,0.11022,0,0,0.19477,0,0,0.00772,0,0,0,0,0,0,0,0,0,0,0,0,0.0045,0,0
"4026_2",0,0,0,0,0,0,0,0,0,0,0,0,0.00664,0,0,0,0,0.04468,0,0.40494,0,0,0.44434,0,0.97542,0.02749,0,0,4.48666,0,0,0,0,0,0,0,0,0,1.00889,0.13492,0.00893,0,0,0,0.05808,0,0,0,0,0,0,0,0,0,0,0,0,0,0,0.28345,0,1.37775,0,0,0.7965,0,0,0,0,0,0,0,0,0,0,0,0,0,0,0,0,0,0,0.48535,18.50749,9.22384,0,0,0,0.21185,0,0,0,0.00084,0,0,4.5332,0,0,0,0,0,0,0,0.01852,0,0.25462,0,0,0,0.17869,0,0,0,0,0,0,0,0,0,0,0,0,0,0,0,0,0,0,0,0,0,0,0,0,0,0,0,0,0,0,0,0,0,0,0.04831,0.00147,0.08336,0,0,0,0.0429,0,0,0.03713,0,0,0,0.01152,0.01419,0,0,0,0,0,0,0.00158,0,0,0,0,0,0,0,0,2.14893,0,0,0,0,1.36166,0,0,0,0,0,0,0,0,0,0,0,0,0,0,0,0.11165,0,0,0,0,0,0,0,0,0,0,0.34014,0,0,0,0,0,0,0,0,0.25272,0,0,0,0,0,0,0,0,0,0,0,0,0,0,0,0,0,0,0,0,0.33135,0,0,0,0,0,0,0,0,0,0,0,0,0,0.00213,0,0,2.27793,0,0,0,0,0,0,0,0.26334,0,0,0.03673,0.36714,1.55852,0,0,0.03364,0,0,0,0,0.00426,0,0,0,0,0,0,0,0.00416,0,0,0,0,1.29333,1.68478,0,0,0.31345,0,0.8491,0,0,0,0,0,15.25748,0,0,0,0,0.00913,0,0,0,6.12076,0,0,0,0,0,0,0,0,0,0,0,0,0,0,0,0,0,0,0,0,0,0,0,0,0,0,0.77098,0,0,0,0.0843,0,0,0,0,0,0,0,0,0,0,0,0,0,0,1.42809,0,0,2.82768,0.89107,0,0,0,0,0,0,0,0,0,0,0,0,0,0.00035,0.0027,0.0046,1.54093,0,0,0,0,0,0,0,0,0,0,0,0,0.00596,5.32399,0.02405,0,0,0,0,0,0,0,0,0,0,0,0,0,0,0.00657,0,0,0.15044,0,0,0,0,0,0,0,0,0,0,0,0,0,0,0,0,0,0,0,0,0,0,0.0473,0,0,0,0,0,0,0,0,0,0,0.57615,0,0,0,0,2.23334,0,0,0,0,0,0,0,0,0,0,0,0,0,0,0,0,0,0,0,0,0,0,0,0,0,0,0,0,0,0,0,0,0,0,0,0,0,0,0,0,0,0,0,0,0,1.36314,1.85412,1.34025,0.02045,0,0,0,0.04329,0,0,0,0,0,0,0,0,0,0.01323,0,0,0,0.01333,0.7627,0,0,0,0,0,0,0,0,0,0,0,0.0012,0,0,0,0,0,0,0,0,0,0,0,0,0,0,0.00874,0.07383,0,0,0,0,0,0,0.20836,0,0,0,0,0,0,0,0,0,0.03252,0,0,0,0,0.01043,0,0,0,0,0,0
"4026_1",0,0,0,0,0,0,0,0,0,0,0,0,0,0,0,0,0,0,0,0.11584,0,0,0.07674,0,0.24432,0,0,0,2.0238,0,0,0,0,0,0,0,0,0,3.63583,0,0,0,0,0,0,0,0,0,0,0,0,0,0,0,0,0,0,0,0,0.12216,0,0.39938,0,0,0.48734,0,0,0,0,0,0,0,0,0,0,0,0,0,0,0,0,0,0,0.25293,19.33777,2.93869,0,0,0,0.07721,0,0,0,0,0,0,3.53417,0,0,0,0,0,0,0,0,0,0.21685,0,0,0,0.25904,0,0,0,0,0,0,0,0,0,0,0,0,0,0,0,0,0,0,0,0,0,0,0,0,0,0,0,0,0,0,0,0,0,0,0,0,0.13089,0,0,0,0,0,0,0,0,0,0,0,0,0,0,0,0,0,0,0,0,0,0,0,0,0,0,0,0.36724,0,0,0,0,0.51244,0,0,0,0,0,0,0,0,0,0,0,0,0,0,0,0.0404,0,0,0,0,0,0,0,0,0,0,0,0,0,0,0,0,0,0,0,0,0,0,0,0,0,0,0,0,0,0,0,0,0,0,0,0,0,0,0,0,0.07756,0,0,0,0,0,0,0,0,0,0,0,0,0,0,0,0,1.4013,0,0,0,0,0,0,0,0.44242,0,0,0,0.37218,1.67385,0,0,0,0,0,0,0,0,0,0,0,0,0,0,0,0,0,0,0,0,1.24279,2.13032,0,0,2.94742,0,0.75379,0,0,0,0,0,27.10187,0,0,0,0,0,0,0,0,11.39405,0,0,0,0,0,0,0,0,0,0,0,0,0,0,0,0,0,0,0,0,0,0,0,0,0,0,0.39791,0,0,0,0,0,0,0,0,0,0,0,0,0,0,0,0,0,0,1.19269,0,0,2.46493,0,0,0,0,0,0,0,0,0,0,0,0,0,0,0,0,0,1.68458,0,0,0,0,0,0,0,0,0,0,0,0,0,3.20365,0,0,0,0,0,0,0,0,0,0,0,0,0,0,0,0,0,0,0.05368,0,0,0,0,0,0,0,0,0,0,0,0,0,0,0,0,0,0,0,0,0,0,0,0,0,0,0,0,0,0,0,0,0,0.06067,0,0,0,0,1.58659,0,0,0,0,0,0,0,0,0,0,0,0,0,0,0,0,0,0,0,0,0,0,0,0,0,0,0,0,0,0,0,0,0,0,0,0,0,0,0,0,0,0,0,0,0,0.21795,1.79812,1.15362,0,0,0,0,0,0,0,0,0,0,0,0,0,0,0,0,0,0,0.00871,1.32832,0,0,0,0,0,0,0,0,0,0,0,0,0,0,0,0,0,0,0,0,0,0,0,0,0,0,0,0.11707,0,0,0,0.02224,0,0,0.3987,0,0,0,0,0,0,0,0,0,0,0,0,0,0,0,0,0,0,0,0,0
"4025_4",0,0,0,0,0,0,0,0,0,0,0,0,0.00194,0,0,0,0,0.00681,0.00095,0.32315,0.09583,0,1.24774,0,0.03276,1.46604,0,0,0,0,0,0,0,0,0,0,0,0,3.63926,0,0.05725,0,0,0,0.02274,0,0,6.09687,0,0,0,0,3.15846,5.2898,0,2.27039,0,0,0,0,0,0,0,0,2.84122,0,0,0,0,0,0,0,0,0,0,0,0,0,0,0,0,0,8.7269,0,29.56392,13.55889,0,0,0,0,0,0,0,0,0,0,0,0,0,0.02725,0,0,0,1.93329,0,0.07411,0,0,0.24353,0,0.11251,0,0,0,0,0,0.00155,0.04515,0.06008,0,0,0,0,0,0,0,0,0,0,0,0,0,0,0,0,0,0,0,0,0,0,0,0,0,0,0,0,0,0,0,0,0,0,0,0.00201,0,0,0,0,0,0.01066,0,0,0,0,0,0,0,0.07193,0,0,0,0,0,0,0,0,0,0,0,0,0,0,0,0,0,0,0,0,0,0,0,0,0,0,0,0,0,0,0,0,0.08693,0,0,0,0,0,0,0,0,0,0,0,0,0,0,0.0075,0,0,0,0,0,0,0,0,0,0,0,0,0,0,0,0,0,0,0,0,0.11534,0,0,0,0,0,0,0,0,0,0,0,0.53247,0.40863,1.06192,0,0,0,0,0,0,0,0,0,0,0,0,0,0,0.25751,0.06353,0,0,0.05027,0,0,0,0.171,0,0,0,0,0,0,0,0,0,0,0,0,0,0.7894,0.207,0,0.27346,0.04013,0,0,0,0,0,0.02437,0.20228,0,0,0,0,0.18585,0.13198,0,0,0.15235,1.7088,0.20206,0.00537,0,0,0,0,0.01427,0.00861,0.03253,0.01548,0,0,0,0,0,0,0,0.8545,0,0,0,0,0,0,0,0,0.04104,0,0,0,0,0,0,0,0,0,0,0,0,0,1.06325,0,0,0,0,0.03274,0,0,0.67653,0,0,0,0,0.00153,0.00812,0,0,0,0,0,0,0,0.18086,0.00796,0,0,0.00286,0,0,0,0,0,0,0,0,0,0,0,0,0,0,0,0.00038,0,0,0,0,0,0,0,0,0,0,0,0,0,0,0,0,0,0,0,0,0,0,0,0,0,0,0,0,0,0,0,0,0,0,0,0,0,0,0,0.05374,0,0.54698,0,0,0,0,2.32107,0,0,2.4606,0,0,0,0,0,0.33045,0,0,0,0,0.51904,0,0,0,0,0,0,0,0,0,0,0,0,0,0,0,0,0,0,0,0,0,0,0,0,0,0,0,0,0,0,0,0,0,0,0,0,0,0,0,0,0,0,0.13714,0,0,0,0,0,0,0,0,0.00032,0,0,0,0,0,0.05563,0,0,0,0,0.84451,0,0.01458,0.19243,0,0.72946,0,0,0,0,0,0.56892,0.02177,0,0,0,0,0,0,0,0,0,0,0,0,0,0,0,0.01967,0,0,0,0.17794,0,0,0.07861,0,0,0,0,0,0,0,0,0.32533,0,0,0,0,0,0,0,0,0,0,0,0
"4025_3",0,0,0,0,0,0,0,0,0,0,0,0,0,0,0,0,0,0,0.00506,0.43963,0.02459,0,0.65037,0,0.01917,1.19957,0,0,0,0,0,0,0,0,0,0,0,0,4.35224,0,0,0,0,0,0.01091,0,0,2.29702,0,0,0,0,3.36051,0.56156,0,1.2838,0,0,0,0,0,0,0,0,2.36549,0,0,0,0,0,0,0,0,0,0,0,0,0,0,0,0,0,20.75313,0,16.14093,13.40016,0,0,0,0.07347,0,0,0,0,0,0,0,0.00121,0,0,0,0,0,1.25918,0,0.06298,0,0,0.2828,0,0.13785,0,0,0,0,0,0,0.1282,0.01076,0,0,0,0,0,0,0,0,0,0,0,0,0,0,0,0,0,0,0,0,0,0,0,0,0,0,0,0,0,0,0,0,0,0,0,0,0,0,0,0,0,0,0,0,0,0,0,0,0,0,0,0,0,0,0,0,0,0,0,0,0,0,0,0,0,0,0,0,0,0,0,0,0,0,0,0,0,0,0,0,0,0,0,0,0,0,0,0,0,0,0,0,0,0,0,0,0,0,0,0,0,0,0,0,0,0,0,0,0,0,0,0,0,0,0,0,0,0,0.21397,0,0,0,0,0,0,0,0,0,0,0,0.16909,0.85537,2.05424,0,0,0,0,0,0,0,0,0,0,0,0,0,0,0.18772,0.06274,0,0,0,0,0,0,0.00836,0,0,0,0,0,0,0,0,0,0,0,0,0,0.14041,0.47738,0,0.20651,1.87338,0,0,0,0,0,0.04742,0.00823,0.04512,0,0,0,0.07368,0.04346,0,0,0.09364,1.84304,0.10963,0.00294,0,0,0,0,0.01186,0.00705,0.13509,0.0205,0,0,0,0,0,0,0,3.11994,0,0,0,0,0,0,0,0,0.08164,0,0,0,0,0,0,0,0,0,0,0,0,0,0.66747,0,0,0,0,0.00626,0,0,1.43756,0,0,0,0,0.00374,0,0,0,0,0,0,0,0,0.2932,0,0,0,0,0,0,0,0,0,0,0,0,0,0,0,0,0,0,0,0,0,0,0,0,0,0,0,0,0,0,0,0,0,0,0,0,0,0,0,0,0,0,0,0,0,0,0,0,0,0,0,0,0,0,0,0,0,0,0,0.01077,0,1.3705,0,0,0,0,0.83079,0,0,1.16245,0,0,0,0,0,0.05964,0,0,0,0,0.70962,0,0,0,0,0,0,0,0,0,0,0,0,0,0,0,0,0,0,0,0,0,0,0,0,0,0,0,0,0,0,0,0,0,0,0,0,0,0,0,0,0,0,1.12587,0,0,0,0,0,0,0,0,0,0,0,0,0,0,0.05847,7.08575,0,0,0,1.01739,0,0.00627,0.06229,0,1.00628,0,0,0,0,0,0.3022,0.05939,0,0,0,0,0,0,0,0,0,0,0,0,0,0,0,0.08597,0,0,0,0,0,0,0.2171,0,0,0,0,0,0,0,0,1.70801,0,0,0,0,0,0,0,0,0,0,0,0
"4025_2",0,0,0,0,0,0,0,0,0,0,0,0,0,0,0,0,0,0.01409,0.00154,0.0521,0,0,0.41558,0,0,0.28205,0,0,0,0,0,0,0,0,0,0,0,0,4.19454,0,0,0,0,0,0,0,0,2.21388,0,0,0,0,0.73572,1.6904,0,1.16689,0,0,0,0,0,0,0,0,1.18357,0,0,0,0,0,0,0,0,0,0,0,0,0,0,0,0,0,8.35423,0,15.57891,10.95447,0,0,0,0,0,0,0,0,0,0,0,0,0,0,0,0,0,2.21087,0,0.09347,0,0,0.3131,0,0.23481,0,0,0,0,0,0,0.12252,0.01386,0,0,0,0,0,0,0,0,0,0,0,0,0,0,0,0,0,0,0,0,0,0,0,0,0,0,0,0,0.00827,0,0,0,0,0,0,0,0,0,0,0,0,0,0,0,0,0,0,0,0,0.08772,0,0,0,0,0,0,0,0,0,0.0236,0,0,0,0,0,0,0,0,0,0,0,0,0,0,0,0,0,0,0,0,0,0,0,0,0,0,0,0,0,0,0,0,0,0,0,0,0.1873,0,0,0,0,0,0,0,0,0,0,0,0,0,0,0,0,0,0,0,0,0,0.20533,0,0,0,0,0,0,0,0,0,0,0,0.47709,0.49909,12.79993,0,0,0,0,0,0,0,0,0,0,0,0,0,0,0.457,0.23772,0,0,0.05013,0,0,0,0.44247,0,0,0,0,0,0,0,0,0,0,0,0,0,0.19123,0.33695,0,0.04832,0.55225,0,0,0,0,0,0.87868,0.01325,0,0,0,0,0.11446,0.15707,0,0,0.03697,6.69383,0.46063,0.00591,0,0,0,0,0.07406,0.0365,0.02366,0,0,0,0,0.00424,0,0,0,1.63825,0,0,0,0,0,0,0,0,0.20975,0,0,0,0,0,0,0,0,0,0,0,0,0,0.15384,0,0,0,0,0,0,0,4.89551,0,0,0,0,0,0.00449,0,0,0,0,0,0,0,0.66986,0,0,0,0,0,0,0,0,0,0,0,0,0,0,0,0,0,0,0,8e-04,0,0,0,0,0,0,0,0,0,0,0,0,0,0,0,0,0,0,0,0,0,0,0,0,0,0,0,0,0,0,0,0,0.14527,0,0,0,0,0,0,0,0,0.08029,0,0,0,0,0.41052,0,0,0.94996,0,0,0,0,0,0.34261,0,0,0,0,0.60957,0,0,0,0,0,0,0,0,0,0,0,0,0,0,0,0,0,0,0,0,0,0,0,0,0,0,0,0,0,0,0,0,0,0,0,0,0,0,0,0,0,0,0.25049,0,0,0,0,0,0,0,0,0,0,0,0,0,0,0.17996,7.76074,0,0,0,0.65036,0,0.0265,0.01707,0,4.87452,0,0,0,0,0,0.56699,0.08778,0,0,0,0,0,0,0,0,0,0,0,0,0,0,0,0.14572,0,0,0,0,0,0,0.15631,0,0,0,0,0,0,0,0,0.24058,0,0.00201,0,0,0,0,0,0,0,0,0,0
"4025_1",0,0,0,0,0,0,0,0,0,0,0,0,0,0,0,0,0,0,0,0.64703,0.00532,0,0.57343,0,0.00293,0.75602,0,0,0,0,0,0,0,0,0,0,0,0,0.74401,0,0,0,0,0,0,0,0,3.9123,0,0,0,0,5.01807,2.66205,0,1.52649,0,0,0,0,0,0,0,0,1.95909,0,0,0,0,0,0,0,0,0,0,0,0,0,0,0,0,0,7.0716,0,33.92192,18.05391,0,0,0,0,0,0,0,0,0,0,0,0,0,0.04515,0,0,0,0.18477,0,0.00167,0,0,0.02114,0,0.03235,0,0,0,0,0,0,0.2187,0.02104,0,0,0,0,0,0,0,0,0,0,0,0,0,0,0,0,0,0,0,0,0,0,0,0,0,0,0,0,0,0,0,0,0,0,0,0,0,0,0,0,0,0,0,0,0,0,0,0,0,0.01951,0,0,0,0,0,0,0,0,0,0,0,0,0,0,0,0,0,0,0,0,0,0,0,0,0,0,0,0,0,0,0,0,0,0,0,0,0,0,0,0,0,0,0,0,0,0,0,0,0,0,0,0,0,0,0,0,0,0,0,0,0,0,0,0,0,0,0,0,0.01199,0,0,0,0,0,0,0,0,0,0,0,0.048,0.12578,0.86539,0,0,0,0,0,0,0,0,0,0,0,0,0,0,0.0182,0.0042,0,0,0,0,0,0,0.02422,0,0,0,0,0,0,0,0,0,0,0,0,0,0.06473,0.02982,0,0.00158,0,0,0,0,0,0,0.10797,0,0,0,0,0,0.01703,0.00293,0,0,0.00748,2.05497,0.04417,0,0,0,0,0,0.01486,0,0.03205,0,0,0,0,0.10901,0,0,0,9.94391,0,0,0,0,0,0,0,0,0.00912,0,0,0,0,0,0,0,0,0,0,0,0,0,0.07137,0,0,0,0,0,0,0,0.1457,0,0,0,0,0,0,0,0,0,0,0,0,0,0.05264,0,0,0,0.04948,0,0,0,0,0,0,0,0,0,0,0,0,0,0,0,0,0,0,0,0,0,0,0,0,0,0,0,0,0,0,0,0,0,0,0,0,0,0,0,0,0,0,0,0,0,0,0,0,0,0,0,0,0,0,0,0.00477,0,0.51487,0,0,0,0,2.01824,0,0,2.77368,0,0,0,0,0,0.57882,0,0,0,0,0.57688,0,0,0,0,0,0,0,0,0,0,0,0,0,0,0,0,0,0,0,0,0,0,0,0,0,0,0,0,0,0,0,0,0,0,0,0,0,0,0,0,0,0,0.08096,0,0,0,0,0,0,0,0,0,0,0,0,0,0,0.04924,0.83627,0,0,0,0.13386,0,0,0.00515,0,0.79125,0,0,0,0,0,0.12256,0.01247,0,0,0,0,0,0,0,0,0,0,0,0,0,0,0,0,0,0,0,0,0,0,0.05463,0,0,0,0,0,0,0,0,0.19126,0,0,0,0,0,0,0,0,0,0,0,0
"4023_4",0,0,0,0,0,0,0,0,0,0,0,0,0,0,0,0,0,0,6.21837,1.05761,0.48446,0,2.3495,1.06606,3.39057,1.08448,0,0,15.72146,0,0,0.03535,0,0.00791,0,0,0.00077,0,3.87898,0,0,0,0,0,0,0,0,0,0,0,0,0,2.35008,0,0,0,0,0,0,0.07399,0,0,0,0,0.32006,0,0,0,0,0,0,0,0,0,0,0,0,0,0,0,0,0,0,0.6235,5.33879,4.07149,0,0.44049,0,0,0,0.03461,0,0,0,0,0,0.92189,0,0.00069,0,0,0,0.02362,0,0,0,0,0,0,0,0,0,0,0,0,0.00096,0,0.08327,0,0,0,0,0,0,0.00653,0,0,0,0,0,0,0,0,0,0,0,0,0,0,0,0,0.02922,0,0,0,0,0.00241,0,0,0,0,0,0,0,0,0,0,0.44445,0,0,0,0,0,0,0,0,0,0,0,0,0,0,0,2.2515,0,0,0,0,0,0,0,0,0,0,0.0026,0.41422,0,0,0,0,0,0,0,0,0,0,0,0,0,0,1.13071,0,0,0,0,0,0,0,0,0,0,0,0,0,0,0,0,0,0,0,0,0,0,0,0,0,0,0,0,0,0,0,0,0,0,0,0.51355,0,0,0,0,0,0,0,0,0,0,0.0124,0.0486,0,0,0,0,0,0,0,0,0,0,0,0.04524,0.24595,0,0,0,0.22024,0,0,0,0.11878,0,0,0.07343,0,0,0.00268,0,0,0,0,0,0,0,0,0,0,0,1.12979,0.02244,0,0,0,0.61158,0.0514,0,0,0,0,0.12106,0,0.08057,1.3386,0,0,0,0,0,0,0.28786,0,0,0,0,0,0,0,0,0,0.04809,0,0.28527,0.1002,1.04906,0,0.71994,0,0,0,0,0,0.04138,0,0.24699,0,0,0,0,0,0,0,1.38513,0,2.98071,0,0,0,0,0,0,20.79648,0,0,0.13594,0,0.20146,0,0,0,0,0,0,0,0.16297,0.013,0,0,0,0,0,0,0,0,0,0.08541,0,0.01089,0,0,0,0,0,0,0,0,0.06544,0,0,0,0,0.58133,0.00936,0,0,0,0,0,0,0,0,0,0,0,0,0,0,0,0,0,0,0,0,0,0,0,0,0,0,1.59331,0,0,0,0,0,0,0.07537,0,0,0,0,0,0,0.24152,0,0.42664,0,0,0,0.03137,0.79331,1.69779,0,0,0.03721,0,0,0,0,0,0,0,0,0,0,0,0,0,0,0,0,0,0.02495,0,0,0,0,0,0,0,0,0,0,0,0,0,0,0,0,0,0,0,0,0,0.18071,0,0,0,0,0,0,0,0,0,0,0,0,0,0,0,0,0,0,0,0,0,0,0,0,0,0.27553,0.43904,0,3.34896,0,0,0,0,0,0,0,0,0,0,0,0,0,0,0.48537,1.91111,0,0,0,0,0,0,0,0,0,0,0,0,0,0,0,0.00586,0,0,0,0.27384,0,0.45431,0,0,0,0,0,0,0,0,0,0,0,0,0,0,0,0,0,0,0,0,0,0
"4023_3",0,0,0,0,0,0,0,0,0,0,0,0,0,0,0,0,0,0,4.1845,1.75665,0.4019,0,2.84803,2.85495,4.02699,0.85739,0,0,14.14336,0,0.3944,0,0,0,0,0,0,0,4.96024,0,0,0,0,0,0,0,0,0,0,0,0,0,0.92621,0,0,0,0,0,0,0,0,0,0,0,0.58542,0,0,0,0,0,0,0,0,0.6634,0,0,0,0,0,0,0,0,0,0.14409,6.75627,2.27023,0,0.30494,0,1.08075,0,0,0,0,0,0,0.00723,0.0947,0,0,0,0,0,0.36625,0,0,0,0,0,0,0,0,0,0,0,0,0,0.02076,0.06137,0,0,0,0,0,0,0,0,0,0,0,0,0,0,0,0,0,0,0,0,0,0,0,0,0,0,0,0,0,0,0,0,0,0,0,0,0,0,0,0,0,0,0,0,0,0,0,0,0,0,0,0,0,0,0,0.27982,0,0,0,0,0,0,0,0,0,0,0,0.25951,0,0,0,0,0,0,0,0,0,0,0,0,0,0,0.75775,0,0,0,0,0,0,0,0,0,0,0,0,0,0,0,0,0,0,0,0,0,0,0,0,0,0,0,0,0,0,0,0,0,0,0,0.61988,0,0,0,0,0,0,0,0,0,0,0,0.17859,0.05534,0.10402,0,0,0,0,0,0,0,0,0,0,0.10654,0,0,0,0.28677,0.09385,0,0,0,0,0,0.0471,0,0,0,0,0,0,0,0,0,0,0,0,0,0,0.67283,0.45156,0,0,1.96656,0.37204,0,0,0,0,0.5263,0,2.156,0,1.82391,0,0,0,0,0,0,1.33281,0.12824,0,0,0,0,0,0,0,0,0.00458,0,0.14224,0.31087,0.97843,0,0.56215,0,0.01533,0,0,0,0.05451,0,1.14772,0,0,0,0,0,0,0,3.31622,0,0.92251,0,0,0,0,0,0,12.51665,0,0,0,0,0,0,0,0.77168,0,0,0,0,0.48669,0,0,0,0,0,0,0,0,0,0,0,0,0,0,0,0,0,0,0,0,0,0,0,0,0,0,0.64313,0,0,0,0,0,0,0,0,0,0,0,0,0,0,0,0,0,0,0,0,0,0,0,0,0,0,0,1.19472,0,0,0,0,0,0,0.75149,0,0,0,0,0,0,0.04703,0,0.53284,0,0,0,0,0.84117,1.0779,0,0,0.22142,0,0,0,0,0,0,0,0,0,0,0,0,0,0.41485,0,0,0,0,0,0,0,0,0,0,0,0,0,0,0,0,0,0,0,0,0,0,0,0,0,0.3633,0,0,0,0,0,0,0,0,0,0,0,0.23054,0,0,0,0,0,0,0,0,0.05251,0,0,0,0,0,0.3393,0,5.787,0,0,0,0.0428,0,0,0,0,0,0,0,0,0,0,1.28862,0.53609,0,0,0,0,0,0,0,0,0,0,0,0,0,0,0,0,0,0,0,1.09813,0,0.99093,0,0,0,0,0,0.00651,0,0,0,0.38072,0,0,0,0,0,0,0,0,0,0,0,0
"4023_2",0,0,0,0,0,0,0,0,0,0,0,0,0,0,0,0,0,0,6.1754,1.21607,1.11521,0,5.183,1.22148,5.12111,1.44958,0,0,18.34139,0,0,0.01341,0,0,0,0,0,0,5.71554,0,0,0,0,0,0.00039,0,0,0,0,0,0,0,1.03926,0,0,0,0,0,0,0,0,0,0,0,1.73931,0,0,0,0,0,0,0,0,0,0,0,0,0,0,0,0,0,0,0.76764,10.43692,0.99575,0,0.38156,0,0,0,0,0,0,0,0,0,0,0,0,0,0,0,0.2524,0,0,0,0,0,0,0.00796,0,0,0,0,0,0.0033,0,0.20277,0,0,0,0,0,0,0,0,0,0,0,0,0,0,0,0,0,0,0,0,0,0,0,0.02411,0,0,0,0,0.02299,0,0,0,0,0,0,0,0,0,0,0.03648,0,0,0,0,0,0,0,0,0,0,0,0,0,0,0,1.46966,0.08255,0.00141,0,0,0,0,0.01562,0,0,0,0,0.1088,0,0,0,0,0,0,0,0,0,0,0,0,0,0,0,0,0,0,0,0,0,0,0,0,0,0,0,0,0,0,0,0,0,0,0,0,0,0,0,0,0,0,0,0,0,0,0,0,0,0,0.43186,0,0,0,0,0,0,0,0,0,0,0.01513,0.06848,0.32358,0,0,0,0,0,0,0,0,0,0,0.01903,0.06939,0,0,0,0.26292,0,0.05908,0,0.02888,0,0,0.08557,0,0,0,0,0,0,0,0,0,0,0,0,0.11221,0,0.24575,0.04609,0,0,0.0143,0.09602,0.01181,0,0,0,0.33675,0,0,0.01253,0.5372,0,0,0,0,0,0,0.16082,0,0,0,0,0,0,0,0,0.00586,0.05039,0.0021,0.19974,0.05751,0.6893,0,1.10437,0,0,0,0,0,0.01083,0,0,0,0,0.00271,0,0,0,0,0.10839,0,3.31628,0,0,0,0,0,0,18.32422,0,0,0,0,0.07038,0,0,0,0,0,0,0,0.05988,0.00721,0,0,0,0,0,0,0,0,0,0,0,0.00328,0,0,0,0,0,0,0,0,0,0,0,0,0,0.09656,0.0119,0,0,0,0,0,0,0,0,0,0,0,0,0,0,0,0,0,0.00602,0,0,0,0,0,0,0,0,1.57325,0,0,0,0,0,0,0.07462,0,0,0,0,0,0,0.19376,0,0.00823,0,0,0,0.01445,0.67927,1.56737,0,0,0.32976,0,0,0,0,0,0,0,0,0.0204,0,0,0,0.00916,0,0,0,0,0.04463,0,0,0,0,0.05653,0,0,0,0,0,0,0,0,0,0,0,0,0,0.02017,0,0,0.5707,0,0,0,0,0,0,0,0,0,0,0.00195,0.11663,0,0,0,0,0,0,0,0,0.00492,0,0,0,0,0.12034,0.26565,0,1.79825,0,0,0,0.01001,0,0,0,0,0,0,0,0,0,0,0.38292,0.9959,0,0,0,0,0,0,0,0,0,0,0,0,0,0,0,0.00231,0,0,0,0.75584,0,0.12174,0,0,0,0,0,0,0,0,0,0.05586,0,0,0,0,0,0,0,0,0,0,0,0
"4023_1",0,0,0,0,0,0,0,0,0,0,0,0,0,0,0,0,0,0,20.61573,1.18254,0.28832,0,4.10195,0.91344,4.78258,1.83953,0,0,20.91694,0,0,0.02012,0,0,0,0,0,0,1.81746,0,0,0,0,0,0.00133,0,0,0,0,0,0,0,0.87468,0,0,0,0,0,0,0.00208,0,0,0,0,0.53307,0,0,0,0,0,0,0,0,0,0,0,0,0,0,0,0,0,0,0.84387,14.1032,4.1172,0,1.06887,0,0,0,0.00246,0,0,0,0,0,0,0,0.00522,0,0,0,0.46528,0,0,0,0,0,0,0.03983,0,0,0,0,0,0.01214,0.00276,0.17608,0,0,0,0,0,0,0.03972,0,0,0,0,0,0,0,0,0,0,0,0,0,0,0,0,0.00164,0,0,0,0,0.1356,0,0,0,0,0,0,0,0,0,0,0,0,0,0,0.00225,0,0,0,0,0,0,0,0,0,0,0,0.19067,0.07392,0.05396,0,0,0,0,0.05466,0.02048,0,0,0.04305,0.10961,0,0,0,0,0,0,0,0.00384,0,0,0,0,0,0,0,0,0,0,0,0,0,0,0,0,0,0,0,0,0,0,0,0,0,0,0,0,0,0,0,0,0,0,0,0,0,0.00836,0,0,0,0,0.23147,0,0,0,0,0,0,0,0,0,0,0.03922,0.03389,0.09672,0,0,0,0,0,0,0,0,0,0,0.2338,0.0878,0,0,0,0.10051,0,0.05314,0,0,0,0,0.14506,0,0,0,0,0,0,0,0,0,0,0,0,0,0,0.65252,0.37048,0,0,1.4431,0.00311,0,0,0,0,0.00915,0,0,0,0.42998,0,0,0.12501,0,0,0,1.16032,0,0,0,0,0,0,0,0,0,0.00333,0.03132,0.0711,0.07495,1.03895,0,0.12917,0,0,0,0,0,0.01883,0,0.14379,0,0,0.09522,0,0,0,0,1.71659,0,0.61447,0,0,0,0,0,0,2.16318,0,0,0.00273,0,0,0,0,0.14779,0,0,0,0,0.26185,0,0,0,0,0,0,0,0.00779,0,0,0,0,0,0,0,0,0,0,0,0,0,0,0,0,0,0,0.08985,0,0,0,0,0,0,0,0,0,0,0,0,0,0,0,0,0,0,0.01546,0,0,0,0,0,0,0,0,0.4883,0,0,0,0,0,0,0.93552,0,0,0,0,0,0,0.62023,0,0.20437,0,0,0,0.0083,0.65444,1.2976,0,0,0.57913,0,0,0,0,0.00054,0,0,0,0,0,0,0,0,0,0,0,0,0,0,0,0,0,0,0,0,0,0,0,0,0,0,0,0,0,0,0,0,0,0,0.50059,0,0,0,0,0,0,0,0,0,0,0.1255,0.15556,0,0,0,0,0.05339,0,0,0.01385,0.07152,0,0,0,0,0.03463,0.09469,0,1.38432,0,0,0,0.35267,0,0,0,0,0,0,0,0,0,0,0.31103,0.17915,0,0,0,0,0,0,0,0,0,0,0,0,0,0,0,0,0,0,0,0.12991,0,0.47271,0,0,0,0,0,0,0,0,0,0.02426,0,0,0,0,0,0,0,0,0,0.0017,0,0
"4002_1",0,0.52047,0,0,0,0,0,0,0,0,0,0,0,0,0,0,0,0.00073,0.00637,0.10385,0,0,1.01905,0,3.53298,0.00467,0,0,0,0,0,0,0,0,0,0,0,0,0.24576,0,0,0,0,0,0.00228,0,0,0.6385,5.23755,0,0,0,0,0,0,0.19755,0.41741,0,0,0.05172,0,0.73141,0,0,0.5725,0,0,0.00504,0,0,0,0.67085,0,0,0,0,0,0.58606,0,0,0,0,3.88848,0,4.6876,15.80204,0.00822,1.35232,0,0,0,0.00472,0,0,0,0,0.8792,0,0,0,0,0,0,0.08885,0,0.09397,0,0,0.04756,0,0,0,0,0,0,0,0.01303,0,0.03712,0,0,0,0,0,0,0,0.19726,0.09539,0,0,0,0.16535,0,0,0,0,0,0,0,0,0,0,0,0,0.00683,0,0,0.05671,0,0,0,0,0,0,0,0,0,0,0,0,0,0,0,0,0,0,0,0.58033,0,0.03545,2.86315,0,0.20477,0.06246,0.45427,0,0,0.54284,0.03131,0,0,0,0.1085,0,0,0,0,1.35749,0.00756,0,0.05291,0,0,0,0,0,0,0,0.17792,0.35865,0,0,0,0,0,0,0,0,0,0,0,0,0,0,0,0,0,0,0,0,1.24163,0,0,0.19045,0,0,0,0,0,0,0,0,0,0,0,0,0,0.34167,0,0,0,0,0,0.00332,0,0,0,0.03846,0,0.12274,0.09883,3.90963,0.00612,0,0,0,0,0,0,0,0,0.38964,0.15563,0,0,0,0.06029,0.36601,0,0,0,0,0.0771,0,0,0,0,0,0,0,0,0,0,0,0,0,0,0,1.47033,0.40007,0,0.31322,2.72473,0.00146,0.04079,0,0,0,1.37896,0.02251,0,0,0,0,0,0.49483,0,0,0.06818,8.43605,0.09714,0.00538,0,0,0,0,0.00131,0,0,0.02965,0,0,0.0629,1.10458,0,0,0,0.59979,0.34164,0.12567,1.72464,0.31085,0.11648,1.79739,0.00332,0.1072,0.03383,0,0,0,0,2.56014,0,0,0,0.00058,0,0.04307,0,0,0.00965,0,0,0.07778,0.02724,0,0,0,0.52075,0,0,0,0,0.00374,0,0,0,0.00913,0,0,0,0,0,0,0,0,0,0,0,0,0,0,0,0,0,0,0,0,0,0,3.7757,0,0,0,0,0,0,0,0,0,0,0,0,0,0,0,0,0,0,0,0,0.01096,0,0,0,0,0,0,0.08716,0,0,0,0,0,0,0,0,0,0,0,0,0,0.16374,0,0.50293,0,0.59934,0,0,0.41528,0.00348,0,0,0.45952,0,0,0.09279,0,0.05479,0,0,0,0,0.00325,0,0,0,0,0,0,0,0,0,0,0,0,0,0,0,0,0,0,0,0,0,0,0,0,0,0,0,0,0,0,0,0,0,0,0,0,0,0,0,0,2.39201,0.4492,0.83053,0.4607,0,0,0,0.51934,0.63172,0.1342,0,0,0,0,0,0,0,0.8428,3.51974,0,0,0,0.55795,0,0,0.99292,0,0,0,0,0.61161,0,0,0,0,0,0,0,0,0,0,0,0,0,0,0,0,0,0,0,0.00367,0,0,0,0,0,0.06592,0.07952,0,0,0.79482,0,0,0,0,0,0,0.03172,0,0,0,0,0,0,0,0,0.0392,0,0
"4021_4",0,0.00909,0,0,0,0,0,0,0,0,0,0,0,0,0,0,0,0.40038,0.12861,0.02115,0,0,0.03848,0,0.39573,0.01249,0,0,1.2518,0.38456,0.00793,0,0,0,0,0,0,0,0,0,0,0,0,0,0,0,0,0.07086,0.00945,0,0,0,25.28269,0,0,0.19048,0,0,0,0,2.59255,0,0,0,1.39769,0,0,0,0,0,0,0,0,0,0,0,0,0,0,0,0,0,0.14959,0.03667,5.86366,2.7756,0.28691,0.01024,0,0.03322,0,0,0.19091,0,0,0,0,0,0,0,0,0,0,0.00362,0.19761,0,0,0.19937,0,0,0.14327,0,0,0,0,0,0,0,0,0,0,0,0,0,0,0,0,0,0,0,0,0,0,0,0,0,0,0,0,0,0,0,0,0,0,0.06452,0,0,0,0,0,0,0,0,0.00136,1.52185,0,0,0.03932,0,0,0,0,0,0,0,0,0,0,0.7482,0,0,0.02203,0,0,0,0,0.05804,0,0,0,0,0,0,0,0,0,0,0,0,0,0,0,0,0,0,0,0,0,0.03715,0,0,0,0,0,0,0,0,0,0.0135,0,0,0,0,0.01176,0,0.23027,0,0,0,0,0,0,0,0,0,0,0,0,0,0,0,0,0.05167,0,1.4644,0,0,0,0,0,0,0,0,0,0,0,0,0,0.3047,7.05931,0,0,0,0,0,0,0,0,0,0,0,0,0,0,0,0,0.07577,0.93924,0,0,0.51896,0,0,0,0.49877,0,0,0,0,0,0,0,1.42025,0,0,14.11642,0,0.26268,1.45671,0,0,4.35768,0.25465,0,0,0,0,0.08645,0,0.27537,0,0,1.22477,0,0,0,0,0,0.5369,0.26529,0,0,0,0,0,0,0,0,0,0,0,0,0,0,0,0,0,0,0,0,0,0,0,0,0,0,0,0,0,0,0,0,0,0,0,0,0,0,0,0.07608,0.08086,0,0,0,4.70799,0,0,0.10984,0,0,0,0,0.04781,0,0,0.36067,0,0,0,0,0,0,0.08529,2.31541,0.09128,0,0,0,0,0,0,0,0,0,0,0,0,0,0,0.07263,0,0,0,0,0,0,0,0,0,0,0,0,0,0,0,0,0,0.02903,0,0,0,0,0,0,0,0,0,0,0,0,0,0,0,0,0,0,0,0,0,0,0,0,0,0.01805,0,0.0448,0,0,0.33516,0,0,0,0.17126,0,0,0,0,0.01368,0,0,0,0,0,0,0,0,0,0,0,0,0,0,0,0.22681,0,0,0,0,0,0,0,0,0,0,0,0,0,0,0,0,0,0,0,0,0,0,0,0,0,0,0,0,0,0,0.10022,0,0,0,0,0,0,0,0,0,0,0,0,0.06914,0,0,0,1.26467,0,0,0.26543,0,0,0,0,0,0,0,0,0,0,0,0,4.17299,0.05675,0,0,0,0,0,0,0,0,0,0,0,0,0.02048,0,0,0,0,0,2.29831,0,1.28185,0.03538,0,0,0,0,0,0,0,0,0,0,0,0,1.6455,0,0,0,0,0,0,0,0
"4021_2",0,0,0,0,0,0,0,0,0,0,0,0,0,0,0,0,0,0,0,0,0,0,0,0,0,0,0,0,0,0,0,0,0,0,0,0,0,0,0,0,0,0,0,0,0,0,0,0,0,0,0,0,40.56129,0,0,0,0,0,0,0,4.97132,0,0,0,5.47802,0,0,0,0,0,0,0,0,0,0,0,0,0,0,0,0,0,0,0,28.44098,0,0.20705,0,0,0,0,0,1.19595,0,0,0,0,0,0,0,0,0,0,0,0.00521,0,0,0,0,0,0,0,0,0,0,0,0,0,0,0,0,0,0,0,0,0,0,0,0,0,0,0,0,0,0,0,0,0,0,0,0,0,0,0,0,0,0,0,0,0,0,0,0,0,0.06942,0.71988,0,0,0,0,0,0,0,0,0,0,0,0,0,2.31363,0,0,0,0,0,0,0,0,0,0,0,0,0,0,0,0,0,0,0,0,0,0,0,0,0,0,0,0,0,0,0,0,0,0,0,0,0,0,0,0,0,0,0,0,0,0,0.21189,0,0,0,0,0,0,0,0,0,0,0,0,0,0,0,0,0.05949,0,0.51572,0,0,0,0,0,0,0,0,0,0,0,0,0,0.07442,1.96929,0.97107,0,0,0,0,0,0,0,0,0,0,0,0,0,0.01446,0,0.20358,0,0,0,0.07384,0,0,0,0.62774,0,0,0,0,0,0,0,0.44444,0,0,0.04347,0,0,0,0,0,0,0,0,0,0,0,0,0,0,0,0,0,0,0,0,0,0,0,0,0,0,0,0,0,0,0,0,0,0,0,1.83426,0,0,0,0,0,0,0,0,0,0,0,0,0,0,0,0,0,0,0,0,0,0,0,0,0,0,0,4.41216,0,0,0,0,0,0,0,0,0,0,0,0,0.06331,0,0,0,0,0,0,0,0.00231,0,0.08308,0.26171,0.04067,0,0,0,0,0,0,0,0,0,0,0,0,0,0,0,0,0,0,0,0,0,0,0,0,0,0,0,0,0,0,0,0,0,0,0,0,0,0,0,0,0,0,0.04544,0,0,0,0,0,0,0,0,0,0,0,0,0,0,0,0,0,0.04003,0,0,0,0,0,0,0,0,0,0,0,0,0,0,0,0,0,0,0,0,0,0,0,0,0,0,0,0,0,0,0.01765,0,0,0,0,0,0,0,0,0,0,0,0,0,0,0,0,0,0,0,0,0,0,0,0,0,0,0,0,0.25145,0,0,0,0,0,0,0,0,0,0,0,0.00731,0.80646,0,0,0,0,0,0,0,0,0,0,0,0,0,0,0,0,0,0,0.64805,0,0,0,0,0,0,0,0,0,0,0,0,0,0,0,0,0,0,0,0,0,2.31393,0,0,0,0,0,0,0,0,0,0,0,0,0,0,0,0,0,0,0,0,0,0
"4021_1",0,0,0,0,0,0,0,0,0,0,0,0,0,0,0,0,0,0.00234,0,0,0,0,0,0,0,0,0,0,0,0,0,0,0,0,0,0,0,0,0,0,0,0,0,0,0,0,0,0,0,0,0,0,58.08108,0,0,0,0,0,0,0,4.67794,0,0,0,3.73913,0,0,0,0,0,0,0,0,0,0,0,0,0,0,0,0,0,0,0,20.66542,0,0.12125,0,0,0,0,0,1.30931,0,0,0,0,0,0,0,0,0,0,0,0.00904,0,0,0,0,0,0,0,0,0,0,0,0,0,0,0,0,0,0,0,0,0,0,0,0,0,0,0,0,0,0,0,0,0,0,0,0,0,0,0,0,0,0,0,0,0,0,0,0,0,0,0.14239,0,0,0,0,0,0,0,0,0,0,0.01214,0,0,0.36627,0,0,0,0,0,0,0,0,0,0,0,0,0,0,0,0,0,0,0,0,0,0,0,0,0,0,0,0,0,0,0,0,0,0,0,0,0,0,0,0,0,0,0,0,0,0,0.15844,0,0,0,0,0,0,0,0,0,0,0,0,0,0,0,0,0,0,0.30414,0,0,0,0,0,0,0,0,0,0,0,0,0,0.01737,1.35538,0.16894,0,0,0,0,0,0,0,0,0,0,0,0,0,0.06622,0,0.23496,0,0,0,0.16308,0,0,0,2.05692,0,0,0,0,0,0,0,0.16883,0,0,0.0352,0,0,0,0,0,0,0,0,0,0,0,0,0,0,0,0,0,0,0,0,0,0,0,0,0,0,0,0,0,0,0,0,0,0,0,1.15372,0,0,0,0,0,0,0,0,0,0,0,0,0,0,0,0,0,0,0,0,0,0,0,0,0,0,0,1.25679,0,0,0,0,0.00548,0,0,0,0,0,0,0,0.0336,0,0,0.12589,0,0,0,0,0.00187,0,0.00429,0.18972,0.08726,0,0,0,0,0,0,0,0,0,0,0,0,0,0,0,0,0,0,0,0,0,0,0,0,0,0,0,0,0,0,0,0,0,0,0,0,0,0,0,0,0,0,0.11291,0,0,0,0,0,0,0,0,0,0,0,0,0,0,0,0,0,0.00398,0,0,0,0,0,0,0,0,0,0,0,0,0,0,0,0,0,0,0,0,0,0,0,0,0,0,0,0,0,0,0,0,0,0,0,0,0,0,0,0,0,0,0,0,0,0,0,0,0,0,0,0,0,0,0,0,0,0,0,0.38307,0,0,0,0,0,0,0,0,0,0,0,0,0.05595,0,0,0,0,0,0,0,0,0,0,0,0,0,0,0,0,0,0,0.5755,0,0,0,0,0,0,0,0,0,0,0,0,0,0,0,0.106,0,0,0,0.16001,0,1.77182,0,0,0,0,0,0,0,0,0,0,0,0,0,0.11636,0,0,0,0,0,0,0,0
"4019_4",0,0,0,0,0,0,0,0,0,0,0,0,0,0,0,0,0,0.10674,0.15392,0.143,0,0,0.74245,0,7.23789,0.04054,0,0,0,0,0,0,0,0,0,0,0.04056,0,1.65083,0,0,0,0,0,0.0068,0,0,0,0,0,0,0,1.0565,0.05941,0,0,0,0,0.07403,0,0,0,0,0,0.79147,0,0,0,0,0,0,0,0,0,0,0,0,0,0,0,0,0,0,0.57452,2.27121,0.61382,0,0.62157,0,1.29113,0,0,0,0,0,0,2.14964,0.93522,0,0,0,0,0,0.35874,0,0.52435,0.28444,0,0.00815,0,0.00454,0,0,0,0,0,0,0,0,0,0,0,0,0,0,0,0,0,0,0,0,0,0,0,0,0,0,0,0,0,0,0,0,0,0,0,0,0.06171,0,0,0,0,0,0,0,0,0.00713,0,0,0,0.18591,0,0,0,0,0,0,0.02357,0,0,0,0,0.06773,0.01081,0,0,0,0,0,0,0,0,0.00368,0,0,0.00807,0,0.02888,0,0,0.16768,0,0,0,0,0.45571,0.0251,0,0,0,0,0,0,0,0,0,0,0,0,0,0,26.00879,0,0,0,0,0,0,0,0,0,0,0,0,0,0,0.34357,0.01599,0,0,0,0,0,0,0,0,0,0.5789,0,0,0,0,0,0,0,0,0,0.00209,0,0.64814,0.40597,0.00137,0,0,0,0,0,0,0,0,0,0,0.04451,0,0,0,0.2152,2.00083,0,0,0,0,0.0917,0.00545,0,0,0,0,0,0,0,0,0,0,0,0,0,0,0.06004,0.95857,0,0.00026,4.72718,1.09797,0,0,0,0,0.04315,0.00412,17.98371,0,0,0,0,0,0,0,0.00192,2.85197,2.09153,0.06307,0,0,0,0,0.01018,0,0.00785,0.55102,0,0.04395,0,0,0.11308,0,0,1.77664,0,0,0.03719,0.02059,0,0,0,0,0.23618,0,0,0,0,0,0,0,0.05662,0,0,0.00282,0,0,0.90026,0,0,0.04192,0,0,0,0,0.5996,0,0,0,0,0.08894,0,0,0,0,0,0,0,0,0,0,0,0,0,0,0,0,0,0,0,0,0,0,0,0,0,0,0,0,0,0,0,0,0,0,0,0,0,0,0,0,0,0.02903,0,0,0,0.00543,0,0,0,0,0,0,0,0,0.01908,0,0,0,0,0,0,0,0,0,0,0,0,0,0.12413,0,0.02901,0,0.01779,0,0.22825,0.07579,0.00699,0,0,0.26797,0,0,0,0,0.02946,0,0,0,0,0,0,0,0,0.0184,0,0,0,0,0,0,0,0,0,0,0,0,0,0,0,0,0,0,0,0,0,0,0,0,0,0,0,0,0,0,0,0,0,0,0,0.00191,0.08668,1.27069,0,0.00389,0,0,0,0,0,0.00918,0,0.16928,0,0,0,0,0.10884,0,7.47771,0,0,0,0,0,0.00998,0,0.11715,0,1.5034,0,0,0,0,0.15144,0.0338,0,0,0,0.01643,0,0.00084,0,0,0,0,0,0,0,0,0,0,0,0,0,0,0,0.43295,0.13863,0,0,0,0,0,0,0,0,0.09554,0,0,0,0,0,0,0,0,0,0,0,0
"4001_2",0,0,0,0,0,0,0,0,0,0,0,0,0,0,0,0,0,0,0.12978,0,0,0,0.93441,0,3.31417,0.21077,0,0,0,0,0,0,0,0,0,0,0,0,0.05535,0,0,0,0,0,0,0,0,1.28721,0.26566,0.53972,0,0,7.19491,3.61477,0,0,0,0,1.92456,0.08902,0,0,0,0,0.20062,0,0,0,0,0,0,0,0,0,0,0,0,0,0,0,0,0,0,0,10.12827,0,0.15312,2.4844,0,0,0,0,0,0,0,0,0,0.37195,0,0,0,0,0,0.8531,0,0.05832,0,0,0,0,0,0,0,0,0,0,0,0,0,0.12337,0,0,0,0,0,0,0.64411,0.05476,5.10031,0.39694,0,0,0,0,0,0,0,0,0,0,0,0,0,0,0.04645,0,0,0,0,0,0,0,0,0,0,0,0.01162,0,0,0,0,0,0,0,0,0,0,0.16191,0,0,0.48427,0,0.09519,0.01975,0.15441,0.07886,0,0,0,0,0,0,0,0,0,0,0,0.4143,0,0,0.0639,0.52417,0,0,0,0,0,0,0,0,0,0,0,0,0.33483,0,0,0,0,0,0,0,0,0,0,0,0,0,0,0,0,0,0,0.13371,0,0,0,0,0,0.69383,0,0,0,0,0,0,0,0.52444,0,0,0,0,0,0,0,0,0,0,0,0.11457,0.20802,0.03345,0,0,0,0,0,0,0,0,0,0,0,0,0,0,0.06864,0.14539,0,0,0,0,0,0,0,0,0,0,0,0,0,0,0,0,0,0,0,0,12.84052,0.03669,0,0.19395,7.81944,0,0.34332,0,0,0,0,0.034,0,0,0,0,0,0,0,0,0,4.67274,0,0,0,0,0,0,0,0,0,0.25422,0,0,0.19738,1.9893,0,0,0,1.63597,0.62545,0,0.06951,0,0,0,0.13055,0,0.03515,0,0,1.19414,0,0,0,0,0.02237,0,0,0.02078,0,0,0.04592,0,0,0,0.86217,0,0,0,1.3959,0,0,0,0,0.30518,0,0,0.07326,0.10095,0,0,0,0,0,0,0,0.04743,0,0,0,0,0,0,0,0,0,0,0,0,0,0,8.85584,0,0,0,0,0,0,0,0,0,0,0,0,0,0,0,0,0,0,0,0,0,0,0,0,0,0,0,0.00585,0,0,0,0,0,0,0,0,0,0,0,0,0,0.04886,0,2.2838,0,0.90679,0,0,1.23403,0.00405,0,0,2.22867,0,0,0,0,0,0,0,0,0,0.12034,0,0,0,0.27893,0,0,0,0,0,0,0,0,0,0,0,0,0,0,0,0,0,0,0,0,0,0,0,0,0,0,0,0,0,0,0,0,0,0,0,0,0.4847,0.75767,1.3443,0.05563,0,0,0,0,0,0,0,0,0,0,0,0,0,0,0,0,0,0,0.38104,0,0,0.12417,0,0,0,0,0,0,0,0.55339,0,0,0,0,0,0,0,0,0,0,0,0,0,0,0,0,0,0,0,0,0,0,0.9207,0,0,0,0,0,0,0,0,0,0.02361,0,0,0,0,0,0,0,0,0,0,0,0
"4010_3",0,0,0,0,0,0,0,0,0,0,0,0,0,0,0,0,0,0.00237,0,0.85173,0.02192,0,0,0,0,0.37473,0,0,0,0,0,0,0,0,0,0,0,0,0.46751,0,0,0,0,0,0.00039,0,0,1.02421,0.02247,0.01294,0,0,8.2723,0,0,0,0.0034,0,0,0.14623,0.0025,1.17766,0,0,0,1.78377,0,0.21892,0,0,0,0,0,0,0,0,0,0,0,0,0,0,17.82532,0.64011,7.9587,3.61386,0.53716,0,0,0,0,0,0,0,0,0,0,0,0,0,0.92344,0,0,0.10149,0,0.1425,0.01252,0,0.13596,0,0,0,0,0,0,0,0,0.0945,0.01615,0,0,0,0,0,0,0,0,0,0,0,0,0,0,0,0,0,0,0,0,0,0,0,0,0,0.04508,0,0,0.03604,0,0,0,0,0,0,0,0,0,0,0,0,0.01172,0,0,0,0,0,0,0.72181,0.10107,0.01921,0,0,0,0,0,0,0.00374,0,0,0,0,0,0,0,0,0,0,1.15402,0,0,0,0,0,0,0,0,0,0,0,0.00031,0,0,0,0.5316,0,0,0.13402,0,0,0,0,0,0,0,0,0,0,0,0,0,0,0,0.03293,0,0,0,0,0,0,0,0,0,0.00643,0,0.0092,0,0,0.16613,0,0,0,0,0,0,0,0,0,0,0.15932,0.06542,0.09973,0,0,0,0,0,0,0,0,0,0,0,0,0,0,0,0.27703,0.33904,0.00924,0,0,0,0,0.00886,0,0,0,0,0,0,0,0,0,0,0,0,0.05559,0,2.18636,0.13404,0,0.10352,13.11178,12.38138,1.3071,0,0,0,0,0,0,0,0,0,0,0.04578,0,0,0.02688,2.80464,1.51761,0.01507,0,0,0,0,0.04025,0,0,0.11314,0,0.01001,0.07219,0.15665,0,0,0,1.18316,0,0,0.21838,0.09765,0,0,0.00091,0,0.04514,0,0,0,0,0,0,0,0.20561,0,0,0.05637,0,0,0.05498,0,0,0,0.07081,0,0,0,1.33064,0,0,0,0,0.10478,0.00504,0,0.00714,0,0,0,0,0,0.31613,0.00378,0,0,0,0,0,0,0,0,0,0,0,0,0,0,0,0,1.52948,0,0.00837,0,0,0,0,0,0,0,0,0,0,0,0,0,0,0,0,0,0,0.40641,0,0,0,0,0,0,0.0277,0,0,0.0038,0,0,0,0,0,0,0,0,0,0,0.63132,0,0.63962,0,1.05011,0,0.00787,0.74065,0,0,0,0.44531,0,0,0,0,0.21485,0,0,0,0,0.20004,0,0,0,0.15688,0,0,0,0,0,0,0,0,0,0,0,0,0,0,0,0,0,0,0,0,0,0,0,0,0,0,0,0,0,0,0,0,0,0,0,0,0,0.12363,0,0.01365,0.32198,0.09347,0.10921,0.37291,0,0.09713,0,0.02489,0,0,0,0.00641,0.01823,0.016,2.8849,0,0,0,0.27534,0,0.01233,0.02939,0,0,0,0,0,0,0,0.07473,0.00025,0,0,0,0,0.00914,0,0,0,0,0,0,0,0,0,0.02385,0.03499,0,0,0,0,0,0.15321,0.11922,0,0,0,0,0,0,0,0,0.11184,0.01415,0,0,0.02086,0,0.00792,0,0,0.09592,0.77282,0,0
"4009_4",0,0,0,0,0,0,0,0,0,0,0,0,0,0,0,0,0,0,0.07732,0,0,0,0,0,0,0,0,0,0,0,0,0,0,0,0,0,0,0,0.43356,0,0.05145,0,0,0,0,0,0,0,0,0,0,0,0,0,0,0,0,0,8.2809,0.11233,0,0,0,0,1.11875,0,0,24.39587,0,0,0,0,0,0,0,0,0,0,0,0,0,0,0,9.25289,2.73093,0.38568,9.70101,0,0,0,2.12373,0,0,0,0,0.13264,0.01993,0,0,0.07188,0,0,0,0.4547,0,0.00042,0,0,0.1253,0,0,0,0,0,0.1455,0,0,0,0,0,0,0,0,0,0,0,0,0,0,0,0,0,0,0,0,0,0,0,0,0,0,0,0,0,0,0.25886,0.0226,0,0,0,0.06522,0.26922,0,0,0.04511,0,0,0,0,0.03287,0.00675,0.00031,0,0,0,0,0.00487,0,0,0,0,0,0.01109,0.00148,0,0,0,6.01262,0,0,0,0,0,0,0,0,0,0,0,0,0,0,0,0,0,0,0,0,0,0,0,0,0,0,0,0,0,0,0,0,0,0,0,0,0,0,0,0,0,0,0,0,0,0,0,0,0,0,0,0,0,0,0,0,0.05898,0.21547,0,4.19704,0,0,0,0,0,0,0,0,0,0,0,0.72019,0,0,0,0,0,0,0,0,0,0,0,0,0,1.32588,0,0.00389,0.28782,0.17397,0,0,0.44702,0,0,0,0,0,0.04834,0,0,0,0,0,0,0.2075,0.00907,0,0.0034,0,0.21846,0,0,0,0.39313,0,0,0,0,0.03128,0,0,0,0.34685,3.16619,0,0,0.14654,0,0,0,0.61486,0,0,0.00321,0,0,0,0,0,0,0,0,0.10056,0,0,0,0,0,0,0,0,0,0,0,0,0,0,0,0,0,0,0,0,0,0,0,0,0,0,0,0,0,0,0,0,0,0.75536,0,0,1.3467,0,0,0,0,0,0,0,0,0,0,0,0,0,0,0,0.00646,0.09224,0.00261,0,0,0,0,0,0,0,0,0,0,0,0,0,3.55386,0.01316,0,0,0,0,0,0,0,0,0,0,0,0,0,0,0,0,0,0,0,0,0,0,0,0,0,0,0,0,0,0,0,0,0,0,0,0,0,0,0,0,0,0,0,0,0,0,0,0,0,0,0,10.13109,0,0,0,0,0,0,0,0,0,0,0,0,0,0,0,0,0,0,0,0,0,0,0,0,0,0,0,0,0,0,0,0,0,0,0,0,0,0,0,0,0,0,0,0,0,0,0,0,0,0,0,0.15269,0,0.0013,0,0,0,0,0,0,0,0.87201,0,0,0.03879,0,0.10361,0.38764,0,0,0,0.04647,0.04119,0,0,0,0,0,0,0,0,0,0,0,0.27327,0,0,0.01256,0,0,0,0,0,0,0,0,0,0,0,0,0,0,0,0,0,0,0,0,0,0,0,0,3.10352,0,0,0,0,0,0,0,0,0,0,0,0,0,0,0,0
"4009_3",0,0,0,0,0,0,0,0,0,0,0,0,0,0,0,0,0,0,0.15075,0,0,0,0,0,0,0,0,0,0,0,0,0,0,0,0,0,0,0,0.35727,0,0.01623,0,0,0,0,0,0,0,0,0,0,0,0,0,0,0,0,0,13.16688,0.31548,0,0,0,0,1.41459,0,0,20.41026,0,0,0,0,0,0,0,0,0,0,0,0,0,0,0,0,1.55249,0.44437,10.09684,0,0,0,2.58087,0,0,0,0,0.00842,0.03077,0,0,0.05628,0,0,0,1.17372,0,0,0,0,0.07802,0,0,0,0,0,0,0,0,0,0,0,0,0,0,0,0,0,0,0,0,0,0,0,0,0,0,0,0,0,0,0,0,0,0,0,0,0.1157,0,0,0,0,0.00557,0.13429,0,0,0.02601,0,0,0,0.00413,0.00056,0.02999,0,0,0,0,0,0.00321,0,0,0,0,0,0,0,0,0,0,3.55489,0,0,0,0,0,0,0,0,0,0,0,0,0,0,0,0,0,0,0,0,0,0,0,0,0,0,0,0,0,0,0,0,0,0,0,0,0,0,0,0,0,0,0,0,0,0,0,0,0,0,0,0,0,0,0,0,0.03922,0.09364,0,2.50079,0,0,0,0,0,0,0,0,0,0,0,0.58745,0,0,0,0,0,0,0,0,0,0,0,0,0,0.45191,0,0.0299,0.48078,0.17294,0,0,0.32453,0,0,0,0,0.0086,0.0642,0,0,0,0,0,0,0.15524,0,0,6.15165,0,2.08497,0,0,0,0.53704,0,0,0,0,0.07081,0,0,0,0.15283,0,0,0,0.17585,0,0,0,1.75407,0,0,0.00813,0,0,0,0,0,0,0,0,0.08173,0,0,0,0,0,0,0,0,0,0,0,0,0,0,0,0,0,0,0,0,0,0,0,0,0,0,0,0,0,0,0,0,0,0.87611,0,0,1.53639,0,0,0,0,0,0,0,0,0,0,0,0,0,0,0.00492,0,0.13124,0.15041,0,0,0,0,0,0,0,0,0,0,0,0,0,8.11805,0.0017,0,0,0,0,0,0,0,0,0,0,0,0,0,0,0,0,0,0,0,0,0,0,0,0,0,0,0,0,0,0,0,0,0,0,0,0,0,0,0,0,0,0,0,0,0,0,0,0,0,0,0,11.43435,0,0,0,0,0,0,0,0,0,0,0,0,0,0,0,0,0,0,0,0,0,0,0,0,0,0,0,0,0,0,0,0,0,0,0,0,0,0,0,0,0,0,0,0,0,0,0,0,0,0,0.01685,0.41906,0.00993,0.16008,0,0,0,0,0,0,0,0.56321,0,0,0.0521,0,0.09359,0.06064,0,0,0,0.30621,0.92568,0,0,0,0,0,0,0,0,0,0,0,1.02919,0,0,0.00195,0,0,0,0,0,0,0,0,0,0,0,0,0.00356,0,0,0,0,0,0,0,0,0,0,0,2.44355,0.00734,0,0,0,0,0,0,0,0,0,0,0,0,0,0,0
"4009_2",0,0,0,0,0,0,0,0,0,0,0,0,0,0,0,0,0,0,0.10165,0,0,0,0,0,0,0,0,0,0,0,0,0,0,0,0,0,0,0,0,0,0.1152,0,0,0,0,0,0,0,0,0,0,0,0,0,0,0,0,0,1.1883,0,0,0,0,0,0.1908,0,0,23.19681,0,0,0,0,0,0,0,0,0,0,0,0,0,0,0,0,10.7299,6.14675,1.32665,0,0,0,2.37533,0,0,0,0,0,0.15849,0,0,0.35652,0,0,0,0.56165,0,0.21724,0,0,0,0,0,0,0,0,0,0,0,0,0,0,0,0,0,0,0,0,0,0,0,0,0,0,0,0,0,0,0,0,0,0,0,0,0,0,0,1.28375,0,0,0,0,0.15849,1.25186,0,0,0.01079,0.021,0,0,0,0.04341,0.21523,0,0,0,0,0,0,0,0,0,0,0,0,0,0,0,0,12.27683,0,0,0,0,0,0,0,0,0,0,0,0,0,0,0,0,0,0,0,0,0,0,0,0,0,0,0,0,0,0,0,0,0,0,0,0,0,0,0,0,0,0,0,0,0,0,0,0,0,0,0,0,0,0,0,0,0,0.9798,0,3.63136,0,0,0,0,0,0,0,0,0,0,0,0.95291,0,0,0,0,0,0,0,0,0,0,0,0,0,7.38178,0,0,0,0.35559,0,0,0.98436,0,0,0,0,0.05896,0.03064,0,0,0,0,0,0,0,0,0,0.54261,0,0.18921,0,0,0,0.02526,0,0,0,0,0,0,0,0,0,0,0,0,0,0,0,0,3.58297,0,0,0,0,0,0,0,0,0,0,0,0.05937,0,0,0,0,0,0,0,0,0,0,0,0,0,0,0,0,0,0,0,0,0,0,0,0,0,0,0,0,0,0,0,0,0,1.22487,0,0,0.12359,0,0,0,0,0,0,0,0,0,0,0,0,0,0,0,0,0,0.42338,0,0,0,0,0,0,0,0,0,0,0,0,0,0,0,0,0,0,0,0,0,0,0,0,0,0,0,0,0,0,0,0,0,0,0,0,0,0,0,0,0,0,0,0,0,0,0,0,0,0,0,0,0,0,0,0,0,0,0,0,0,0,0,0,0,0,10.68014,0,0,0,0,0,0,0,0,0,0,0,0,0,0,0,0,0,0,0,0,0,0,0,0,0,0,0,0,0,0,0,0,0,0,0,0,0,0,0,0,0,0,0,0.01989,0,0,0,0.0514,0,0,0.23928,0.46898,0.55099,0,0,0,0,0,0,0,0,0,0,0,0,0,0.10447,0,0,0,0,0.02008,0,0,0.00276,0,0,1.7774,0,0,0,0,0,0,0.15838,0,0,0,0,0,0,0,0,0,0,0,0,0,0,0,0.0163,0,0,0,0,0,0,0,0,0,0,0,3.43658,0,0,0,0,0,0,0,0,0,0,0,0,0,0,0,0
"4009_1",0,0,0,0,0,0,0,0,0,0,0,0,0,0,0,0,0,0,0.46331,0,0,0,0,0,0,0,0,0,0,0,0,0,0,0,0,0,0,0.01436,0.58438,0,0.05748,0,0,0,0,0,0,0,0,0,0,0,0,0,0,0,0,0,19.86397,0.13254,0,0,0,0,1.03583,0,0,15.40275,0,0,0,0,0,0,0,0,0,0,0,0,0,0,0,0,0.51049,0.52811,7.04114,0,0,0,3.48036,0,0,0,0,0,0.00446,0,0,0.19861,0,0,0,0.19631,0,0.09238,0,0.00815,0.02332,0,0,0,0,0,0.04463,0,0,0,0,0,0,0,0,0,0,0,0,0,0,0,0,0,0,0,0,0,0,0,0,0,0,0,0,0,0,0.14322,0,0,0,0,0.06269,0.19956,0,0,0.05192,0,0,0,0.06914,0.0038,0.17699,0,0,0,0,0,0.00768,0,0,0,0,0,0,0,0,0,0,3.76879,0,0,0,0,0,0,0,0,0,0,0,0,0,0,0,0,0,0,0,0,0,0,0,0,0,0,0,0,0,0,0,0,0,0,0,0,0,0,0,0,0,0,0,0,0,0,0,0,0,0,0,0,0,0,0,0,0.02444,0.23232,0,1.11976,0,0,0,0,0,0,0,0,0,0,0,1.50762,0,0,0,0,0,0,0,0,0,0,0,0,0,0.8462,0,0,0.61573,0.03525,0,0,0.72821,0,0,0,0,0.05293,0.48143,0,0,0,0,0,0,0.15942,0,0,0.41083,0,0.77658,0,0,0,0.81783,0,0,0,0,0.04506,0,0,0,0.11005,0,0,0,0.00636,0,0,0,2.01397,0,0,0,0,0,0,0,0,0,0,0,0.11147,0,0,0,0,0,0,0,0,0,0,0,0,0,0,0,0,0,0,0,0,0,0,0,0,0,0,0,0,0,0,0,0,0,1.66064,0,0,1.01204,0,0,0,0,0,0,0,0,0,0,0,0,0,0,0,0.01515,0.06432,0,0,0,0,0,0,0,0,0,0,0,0,0,0,3.90894,0,0,0,0,0,0,0,0,0,0,0,0,0.01572,0,0,0,0,0,0,0,0,0,0,0,0,0,0,0,0,0,0,0,0,0,0,0,0,0,0,0,0,0,0,0,0,0,0,0,0,0,0,0,19.33792,0,0,0,0,0,0,0,0,0,0,0,0,0,0,0,0,0,0.00554,0,0,0,0,0,0,0,0,0,0,0,0,0,0,0,0,0,0,0.07175,0,0,0,0,0,0,0,0,0,0,0,0,0,0,0.08278,0.01019,0.00719,0,0,0,0,0,0,0,0.20298,0,0,0.04864,0,0.19009,0,0,0,0,2.44431,0.01518,0,0.00295,0,0,0.16011,0,0,0,0,0,0,3.0724,0,0,0.00681,0,0,0,0,0,0,0,0,0,0,0,0,0.01612,0,0,0,0.24019,0,0,0,0,0,0,0,3.14624,0,0,0,0,0,0,0,0,0,0,0,0,0,0,0,0
"4008_4",0,0,0,0,0,0,0,0,0,0,0,0,0,0,0,0,0,0.00081,0.00252,0.00306,0,0.41379,0.15318,0,1.7274,0.22411,0,0,6.30489,5.75735,0.25889,0,0.00625,0,0,0,0,0,0.15946,0,0,0,0,0,0.00459,0,0,0.71747,0.00197,0,0,0,0.13903,0.00471,0,0,0.37799,0,0,0,0.11531,0.78356,0,0,0,0,0,0.01105,0,0,0,0.08669,0,0,0,0.51082,0,0,0,0,0.16327,0,0.61411,1.19587,4.83804,2.86142,0.04972,0.83623,0,0.01101,0,0,0,0,0,0,0.09046,0,0,0,0,0,0,0.51121,0,0.01009,0,0,0.15334,0,0,0,0,0,0,0,0.01802,0,0.12403,0,0,0.01929,0,0,0,0,0,0,0,0,0,0,0,0,0,0,0,0,0,0,0,0,0,0.00917,0.0958,0,0,0.00129,0,0,0,0,0,0,0,0,0.00197,0,0,0,0,0,0,0,0,0,0,0,0.00851,0.05816,0,0,0,0,0.13086,0.04597,0.18102,0,0,0.00717,0,0,0,0,0,0.13083,0.04717,0,0.00103,0,0,0,0,0,0,0,0,0,0,0,0,0,0,0,0,0,0,0,0,0,0,0,0,0,0,0,0.03705,0,0,0,0,0,0,0.00598,0,0,0,0.00958,0,0,0,0,0,0,0,0,0,0.70217,0,0,0,0,0,0,0,0,0,0.15861,0,0.09961,0.24506,0,0,0,0,0,0,0,0,0.80775,0,0.00105,0,0,0,0,0.20756,0.23192,0,0,0,0,0.17678,0,0,0,0,0,0,0,0,0,0,0,0,0,0.22119,0,0.92312,0.15663,0,0,0,13.4791,0,0,0,0,0.20106,1.13533,0,0.02097,0,0,0,0.13813,0,0,0.21263,4.06677,4.79357,0.11238,0,0,0,0,0,0,0,0.57844,0.32796,0.0235,0.65316,0.18069,0,0,0.00402,1.15783,0.08124,0,0.13769,0.15572,0.05445,0,0,0,0.0123,0,0,0.00684,0,0,0,0,0.48065,0,0,0,0,0,0.01416,0,0,0,0,0,0,0,0.31967,0,0,0,0,0.01548,0,0,0,0,0,0,0,0,0.00623,0,0,0,0,0,0,0,0,0,0,0,0,0,0,0,0,0,0,0,0.0256,0,0,0,0,0,0,0,0,0,0,0,0,0,0,0,0,0.00208,0,0,0,0,0,0,0,0,0.08031,0,0,0,0.14804,0,0,0,0,0,0,0,0,0.00164,0.72102,0,1.13318,0,0.26955,0,0,0.57602,0.02354,0,0,0.41066,0,0,0.065,0.00171,0,0,0,0,0,0,0,0,0,0.02023,0,0,0,0,0,0,24.00627,0,0,0,0,0,0,0,0,0,0.45951,0,0,0,0,0,0,0,0,0,0,0,0,0,0.00279,0,0,0,0,0,0.48102,1.68768,0.38697,1.33874,0,0,0,0.87139,0,0,0,0,0,0,0,0,0.07895,0,2.08499,0,0,0,0,0,0,1.91508,0,0,0,0,0,0.05591,0,0.19155,0.00302,0,0,0,0,0.04219,0,0,0,0,0,0,0,0,0,0,0,0,0,0,0,0,0.38433,0.06181,0,0,0,0,0,0,0,0,0,0.12222,0.00362,0,0.00942,0,0,0,0,0,0,0,0
"4008_3",0,0,0,0,0,0,0,0,0,0,0,0,0,0,0,0,0,0.00806,0.00156,0.01339,0.0107,0.31803,0.38284,0,6.96789,0.37412,0,0,17.73236,6.56591,0.26884,0,0,0,0,0,0.0017,0,0.2714,0,0,0,0,0.00247,0.02923,0,0,1.43886,0,0,0,0,0.44704,0.05151,0.00138,0,0.59823,0,0,0,0.00393,0.91925,0,0,0.01797,0,0,0,0,0,0,0.62711,0,0,0,0.26284,0,0,0,0,0,0,1.70601,0.70535,3.84492,3.51855,0.00736,2.759,0,0.05061,0,0,0,0,0,0,0.10906,0,0,0.0029,0,0,0,0.20172,0,0.01495,0,0,0.11531,0,0,0,0,0,0,0,0.05924,0,0.2463,0,0,0.5849,0,0,0,0,0,0,0,0,0,0,0,0,0,0,0,0,0,0,0,0,0,0.01793,0.02061,0,0,0.00553,0,0,0,0,0,0,0,0,0.01012,0,0,0,3e-04,0,0,0.03935,0,0,0,0,0.02298,0.03429,0,0,0.00568,0.00052,0.80638,0.00257,0.10713,0,0,0.01997,0,0,0,0,0,0.07643,0,0,0.05424,0,0,0,0,0.05687,0,0,0,0,0,0,0,0,0,0,0,0,0,0,0,0,0,0,0,0,0,0,0.01968,0,0,0,0,0,0,0.17211,0,0,0,0.0011,0,0,0,0,0,0,0,0,0,0.6039,0,0,0,0,0,0,0,0,0,0.04265,0,0.13276,0.20783,0,0,0,0,0.01796,0,0,0,0.75693,0,0.10667,0,0,0,0,0.08506,0.11052,0,0,0,0,0.36637,0.00125,0,0,0.04181,0,0,0,0,0,0,0,0,0,0.35229,0,1.17372,0.24328,0,0.01484,0,7.59996,0,0,0,0,0.13514,0.02038,0,0.00362,0,0,0,0.40186,0,0,0.02441,3.45013,2.16048,0.03965,0,0,0,0,0.00666,0,0,0.77288,0.16246,0.03122,0.55199,0.45394,0.00688,0,0.01261,1.42656,0.00567,0,0.59723,0.23712,0.29114,0,0,0,0.02354,0,0.0058,0,0,0,0,0,0.58584,0,0,6e-04,0,0,0.05347,0,0,0,0,0.01508,0,0,0.12341,0,0,0,0,0.03005,0,0,0.02428,0,0,0,0,0,0.00823,0.00255,0,0,0,0,0,0,0,0,0,0,0,0,0,0,0,0,0,0,0.0051,0,0,0,0,0,0,0,0,0,0,0,0,0,0,0,0,0,0,0.00496,0,0,0,0,0,0,0.0646,0,0,0,0.1495,0,0,0,0,0,0,0,0,0.10942,1.31143,0,0.55171,0,0.2206,0,0,0.58052,0.26744,0,0,0.93853,0,0,0.03222,0.00146,0.01999,0,0,0,0,0,0,0,0,0.02001,0,0,0,0.02879,0,0,12.10781,0,0,0,0,0,0,0,0,0,0.67544,0,0,0,0,0,0,0,0,0,0,0,0,0,0,0,0,0,0,0,0.7537,0.16244,0.11353,1.32585,0,0,0,0.13503,0,0,0,0,0,0,0,0.0207,0.09178,0,1.08766,0,0,0.00828,0,0,0,2.316,0,0,0,0,0,0.25987,0,0.09794,0.02918,0,0.02597,0,0.00202,0.05909,0.00383,0,0,0,0,0,0,0,0,0,0,0,0,0,0,0,0.11521,0.00991,0,0,0.00165,0,0.00532,0,0,0,0,0.00486,0.00199,0.00141,0.00078,0,0.01128,0,0,0,0.02595,0,0
"4008_2",0,0,0,0,0,0,0,0,0,0,0,0,0,0,0,0,0,0,0,0.01506,0,1.36608,0.17927,0,4.46686,0.20173,0,0,18.54136,4.22433,0.15641,0,0,0,0,0,0,0,0.48554,0,0,0,0,0,0,0,0,0.43721,0,0,0,0,1.10191,0.09012,0,0,0.65242,0,0,0,0,0.30232,0,0,0.03121,0,0,0.0703,0,0,0,0.14721,0,0,0,0.6524,0,0,0,0,0,0,1.154,0.26217,4.62423,1.96315,0.19546,1.14996,0,0.38905,0,0,0,0,0,0,0.3102,0,0,0,0,0,0,0.30774,0,0.04568,0,0,0.26626,0,0,0,0,0,0,0,0.00207,0,0.08938,0,0,0.20714,0,0,0,0,0,0,0,0,0,0,0,0,0,0,0,0,0,0,0,0,0,0,0.06008,0,0,0.00302,0,0,0,0,0,0,0,0,0,0,0,0,0,0,0,0.00223,0,0,0,0,0.01085,0,0,0,0,0,0.00966,0.01604,0.06619,0,0,0,0,0,0,0,0,0,0,0,0,0,0,0,0,0,0,0,0,0,0,0,0,0,0,0,0,0,0,0,0,0,0,0,0,0,0,0,0,0,0,0,0,0,0,0,0,0,0,0.00619,0,0,0,0,0,0,0,0,0,0.96917,0,0,0,0,0,0,0,0,0,0.01964,0,0.48858,0.66181,0,0,0,0,0.0091,0,0,0,0.24626,0,0,0,0,0,0,0.08203,0.61084,0,0,0,0,0.85316,0,0,0,0,0,0,0,0,0,0,0,0,0,0,0,1.01377,0.74004,0,0,0.01929,16.09438,0,0,0,0,0.13467,0.00716,0,0.00615,0,0,0,0.23129,0,0,0.03046,1.86384,6.06859,0.09488,0,0,0,0,0,0,0,0.12954,0.05027,0.02392,0.12785,0.10942,0.00868,0,0,1.36365,0.06877,0,0.07312,0.05035,0.03402,0,0,0,0.02097,0,0,0.148,0,0,0,0,1.14526,0,0,0,0,0,0.00465,0,0,0,0,0,0,0,0.52048,0,0,0,0,0.02039,0,0,0,0,0,0,0,0,0.02025,0,0,0,0,0,0,0,0,0,0,0,0,0,0,0,0,0,0,0,0.04273,0,0,0,0,0,0,0,0,0,0,0,0,0,0,0,0,0,0,0,0,0,0,0,0,0,0.27987,0,0,0,0.04102,0,0,0,0,0,0,0,0,0.02497,1.48904,0,0.05774,0,0.10163,0,0,0.52826,0.12935,0,0,0.30142,0,0,0.01782,0,0,0,0,0,0,0,0,0,0,0.01184,0,0,0,0,0,0,7.19298,0,0,0,0,0,0,0,0,0,0.18835,0,0,0,0,0,0,0,0,0,0,0,0,0,0,0,0,0,0,0,1.00887,0.37685,0.24998,0.41329,0,0,0,0.5499,0,0,0,0,0,0,0,0,0.11749,0,2.67589,0,0,4.21273,0,0,0,0.87543,0,0,0,0,0,0.00534,0,0.32815,0,0,0,0,0,0.04564,0,0,0,0,0,0,0,0,0,0,0,0,0,0,0,0,0.22423,0.01415,0,0,0,0,0,0,0,0,0,0.0321,0.02163,0,0.0035,0,0.01063,0,0,0,0,0,0
"4097_4",0,0,0,0,0,0,0,0,0,0,0,0,0,0,0,0,0,0.02579,4.06103,0,0,0,1.04345,0,4.3909,0.26371,0,0,0,0,0,0,0,0,0,0,0,0,1.79608,0,0,0,0,0,0.00831,0,0,0,0,0,0,0,0,0,0,0,1.72622,0,0,0.01924,7.32158,1.00539,0.03435,0,0,0,0,0,0,0,0,0,0,0,0,0,0,0,0,0,0,0,2.93937,2.13973,43.78715,6.2792,0,1.36204,0,0,0,0,0,0,0,0,0.26339,0,0,0.04327,0,0,0,0.97595,0,0.17428,0.37011,0,0.13268,0,0.00244,0,0,0,0,0,0,0,0,0,0,0,0,0,0,0,0,0,0,0,0,0,0,0,0,0,0,0,0,0,0,0,0,0,0,0,0,0,0,0,0,0,0,0,0,0,0,0,0,0,0.00102,0,0,0,0,0,0,0,0.00191,0.07993,0,0,0,0,0,0,6e-04,0,0,0,0,0,0.14564,0,0,0,0.00324,0,0,0,0,0.00194,0,0,0,0,0,0,0,0,0,0,0,0,0,0,0,0.01159,0,0,0,0,0,0,0.05184,0,0,0,0,0,0,0,0,0,0,0,0,0,0,0,0,0,0,0,0,0,0,0.32604,0,0,0,0,0,0,0,0,0,0,0,0.08842,0.39293,0,0,0,0,0,0,0,0,0,0,0,0,0,0,0,0.08256,0.4232,0,0,0,0,0,0,0,0,0,0,0,0,0,0,0,0,0,0,0.0363,0,0.16018,0.37676,0,0,3.03732,0.01131,0.07331,0.03854,0,0,0.08223,0,0,0.26381,0,0,0,0,0,0,0,3.38552,0,0,0,0,0,0,0,0,0,0.0562,0,0.02146,0.00704,0.09736,0,0,0,0,0.01863,0,0,0.01057,0,0,0,0,0.02697,0,0,0,0.00793,0,0,0,0.14927,0,0,0,0,0,0.01167,0,0,0,0,0.00042,0,0,1.58699,0,0,0,0,0.11039,0,0,0,0,0,0,0,0,0,0,0,0,0,0,0,0,0,0,0,0,0,0,0,0,0,0,0.74133,0,0.01346,0,0,0,0,0,0,0,0,0,0,0,0,0,0,0,0,0.01871,0,0,0,0,0,0,0,0,0,0,0,0,0,0,0,0,0,0,0,0,0,0,0.1306,0,0.0387,0,0.11881,0,0,1.50633,0,0,0,1.11016,0,0,0.90117,0.00653,0,0,0,0,0,0.20485,0,0,0,0.61729,0,0,0,0,0,0,0,0,0,0,0,0,0,0,0,0,0,0,0,0,0,0,0,0,0,0,0,0,0,0,0,0,0,0,0,0,0.5013,0.87842,0.5313,0.53381,0,0,0,0,0,0,0.12214,0,0,0,0,0,0.02707,0,0,0,0,0,0,0,0,0,0,0,0,0,0,0,0,0.25121,0.02383,0,0,0,0,0.04249,0,0,0,0,0,0,0,0,0,0,0.00961,0,0,0,0.10772,0,0.12818,0.05195,0,0,0,0,0,0,0,0,0,0,0.01608,0.00314,0,0,0.01717,0,0,0,0,0,0
"4097_3",0,0,0,0,0,0,0,0,0,0,0,0,0,0,0,0,0,0.07643,2.60998,0,0,0,0.65274,0,7.1094,0.38422,0,0,0,0,0,0,0,0,0,0,0,0,1.24072,0,0,0,0,0,0.06483,0,0,0,0,0,0,0,0,0,0,0,1.94577,0,0,0,4.63215,0.37019,0.09702,0,0,0,0,0,0,0,0,0,0,0,0,0,0,0,0,0,0,0,1.87903,1.84731,37.15906,4.4887,0,1.17904,0,0,0,0,0,0,0,0,0.11028,0,0,0.02668,0,0,0,0.57105,0,0.38651,0.34938,0,0.02965,0,0,0,0,0,0,0,0,0,0,0,0,0,0,0,0,0,0,0,0,0,0,0,0,0,0,0,0,0,0,0,0,0,0,0,0,0,0,0,0,0,0,0,0,0,0,0,0,0,0,0,0,0,0,0,0,0,0,0,0.04542,0.05341,0,0,0,0,0,0,0,0,0,0,0,0,0.44189,0,0,0,0.15346,0,0,0,0,0,0,0,0,0,0,0,0,0,0,0.87748,0,0,0,0,0,0,0,0,0,0,0,0,3.37604,0,0,0,0,0,0,0,0,0,0,0,0,0,0,0,0,0,0,0,0,0,0,0.6935,0,0,0,0,0,0,0,0,0,0,0,0.19946,0.66334,0,0,0,0,0,0,0,0,0,0,0,0,0,0,0,0.48118,0.73673,0,0,0,0,0,0,0,0,0,0,0,0,0,0,0,0,0,0,0,0,2.04586,0.23575,0,0,1.53948,0.29896,0.28452,0,0,0,0.25898,0,0,0,0,0,0,0.00286,0,0,0,5.30984,0,0,0,0,0,0,0,0,0,3.40948,0,0.08843,0.01606,0.05724,0,0,0,0,0,0,0,0,0,0,0,0,0.2582,0,0,0,0,0,0,0,0.41854,0,0,0.00778,0,0,0.00318,0,0,0,0,0,0,0,1.2131,0,0,0,0,0.19419,0.01195,0,0,0,0,0,0,0,0,0,0,0,0,0,0,0,0,0,0,0,0,0,0,0,0,0,0.39855,0,0.02018,0,0,0,0,0,0,0,0,0,0,0,0,0,0,0,0,0,0,0,0,0,0,0,0,0,0,0,0,0,0,0,0,0,0,0,0,0,0,0,0.14773,0,0.0364,0,0.72397,0,0,0.30961,0,0,0,0.48208,0,0,0.14353,0,0,0,0,0,0,0.33424,0,0,0,0.02347,0,0,0,0,0,0,0,0,0,0,0,0,0,0,0,0,0,0,0,0,0,0,0,0,0,0,0,0,0,0,0,0,0,0,0,0,0.46855,0.50004,0.01887,0.2145,0,0,0,0,0,0,0.40441,0,0,0.01029,0,0,0.091,0.08586,0,0,0,0,0,0,0,0,0,0,0,0,0,0,0,0.46487,0.00454,0,0,0,0,0.09013,0,0,0,0,0,0,0,0,0,0.23045,3.45942,0,0,0,0.0996,0,0.5694,0.08186,0,0,0,0,0,0,0,0,0,0,0,0,0,0,0,0,0,0,0,0,0
"4096_4",0,0,0,0,0,0,0,0,0,0,0,0,0,0,0,0,0,0.01402,0,0.96825,0,0,0,0,6.41816,0,0,0,0,0,0,0,0,0,0,0,0,0,0.28024,0,0,0,0,0,0,0,0,0,0,0,0.64957,0,0.69169,0.08021,0,0,0.35714,0,0,0,0,0,0,0,0.55,1.07734,0.71992,0.0304,0,0,0,0,0,0,0,0,0,0,0,0,0,0,0,0.04923,1.12256,1.53481,0.14484,0,0,0.79195,0,0,0,0,0,0,0.12041,0,0,0,0,0,0,0.02645,0,0.07317,0,0,0.03695,0,0,0,0,0,0,0,0,0,0,0,0,0,0,0,0,0,0,0,0,0,0,0,0,0,0,0,0,0,0,0,0.0514,0,0,0,0.034,0,0,0,0,0,0,0,0,0,0,0,0.00819,0,0,0,0,0,0,0,0,0,0,0,0,0,0,0,0,0,0.0129,0,0,0,0,0,0,0,0.56094,0,0,0,0,0,0,0,0,0,0,0,0,0,0,0,0,0,0,0.00537,0,0,0,0,0,0,0,0,0,0,0,0.01566,0,0,0,0,0,0,0,0,0,0.10571,0,0,0,0,0,0,0,0,0,0,0,0,0,0.2577,0,0,0,0,0,0,0,0,0,0,0,0.26562,0.16175,0,0,0,0,0,0,0,0,0,0,0,0.3629,0.3183,0,0,0.08303,1.07588,0,0,0,0,0,0,0,0,0,0,0,0,0,0,0,0,0,0,0,0,0.0628,0.23201,0,0.25322,2.58687,0.16121,0,0,0,0,0.2519,0,1.99006,0,0,0,0,0.00722,0,0.00116,0.01858,2.1996,0.26619,0.12856,0,0,0,0,0.00268,0,0,0.07746,0.0753,0,0,0.00669,0,0,0,3.27554,0.2027,0,0,0,0,0,0,0,0.01606,0,0,0,0,0,0,0,0.08823,0,0,0.00944,0,0,0.05004,0,0,0,0,0,0,0,0.07854,0,0,0,0,0.02088,0,0,0.01608,0,0,0,0,0,0,0,0,0.55483,0,0,0,0,0,0,0,0,0,0,0,0,0,0,0.00539,0,0,0,0,0,0,0,0,0,0,0,0,0.00773,0,0.09535,0,0,0,0.00323,0,0,0,0,0,0,0,0,0.07246,0,0,0,0,0,0,0,0,0,0,0,0,0,0.24952,0,0.03595,0,0.00147,0,0,1.66283,0,0,0,0.95656,0,0,0,0,0,0,0,0,0,0,0,0,0,0,0,0,0,0,0,0,61.23214,0,0,0,0,0,0,0,0,0,0,0,0,0,1.20245,0,0,0,0,0,0,0,0,0,0,0,0,0,0,0.00103,0.14301,0.38793,0.00457,0.02381,0,0,0,0.12939,0,0,0,0,0,0,0,0,0,0.00554,0,0,0,0,0,0,0,0,1.50735,0,0,0,0,0,0,0.28914,0.01463,0,0,0,0,0,0.00144,0,0,0,0,0,0,0,0,0,0.04646,0,0,0,0.01052,0,0.0434,0.15084,0,0,0,0,0,0.00524,0,0,0,0,0.01458,0,0,0,0.00555,0,0,0,0,0,0
"4096_2",0,0.00747,0,0,0,0,0,0,0,0,0,0,0,0,0,0,0,0.01723,0,0.34828,0,0,0,0,2.42885,0,0,0,0,0,0,0,0,0,0,0,0,0,0.0282,0,0,0,0,0,0,0,0,0,0,0,0.50711,0,0.13365,0.08506,0,0,0.18283,0,0,0,0,0,0,0,0.32145,2.17856,0.45258,0.03531,0,0,0,0,0,0,0,0,0,0,0,0,0,0,0,0.04992,0.10381,0.68759,0.01947,0,0,0.30575,0,0,0.00783,0,0,0,0.00633,0,0,0,0,0,0,0,0,0.02141,0,0,0.01456,0,0.00135,0,0,0,0,0,0,0,0,0,0,0,0,0,0,0,0,0,0,0,0,0,0,0,0,0,0,0,0,0,0,0,0,0,0,0,0,0.00189,0,0,0,0,0,0,0,0,0.04976,0,0,0,0.00086,0,0,0,0,0,0,0,0,0,0,0,0,0,0,0.03413,0,0,0.04941,0,0,0,0.18345,0,0,0.02525,0,0,0,0,0,0,0,0,0,0.02497,0,0,0,0,0,0.01701,0,0,0,0,0,0,0,0,0,0,0,0.03128,0,0,0,0,0,0,0,0,0,0.27652,0,0,0,0,0,0.01721,0,0,0,0,0,0,0,0.1856,0,0,0,0,0,0,0,0,0,0,0,0.03355,0.1802,0,0,0,0,0,0,0,0,0,0,0,0.18352,0.12616,0,0,0.03966,0.2631,0,0,0,0,0,0,0,0,0,0,0,0,0,0,0,0,0,0,0,0,0.08829,0.03387,0,0.02789,5.64738,0.03942,0,0,0,0,0.35821,0.00251,3.59498,0.00554,0,0,0,0,0,0.00278,0.00063,2.93018,0.15941,0.05605,0,0,0,0,0.00921,0,0,0.05491,0.02875,0,0,0,0,0,0,1.54849,0.19671,0,0,0,0,0,0,0,0.0667,0,0,0,0,0,0,0,0.02201,0,0,0.01052,0,0,0.01915,0,0,0,0,0,0,0,0.03348,0,0,0,0,0.00266,0,0,0.11816,0,0.00922,0,0,0,0,0,0,0.2588,0,0,0,0,0,0,0,0,0,0,0,0,0,0,0.33135,0,0,0,0,0,0,0,0,0,0,0,0,0,0,0.02352,0,0,0,0,0,0,0,0,0,0,0,0.00549,0.00088,0,0,0,0,0,0,0,0,0,0,0,0,0,0.10397,0,0.02754,0,0,0,0,0.87905,0,0,0,0.38242,0,0,0,0,0.01213,0,0,0,0,0,0,0,0,0,0,0,0,0,0,0,67.1749,0,0,0,0,0,0,0,0,0,0,0,0,0,2.79681,0,0,0,0,0,0,0,0,0,0,0,0,0,0,0,0.18134,0.34495,0.02043,0.02599,0,0,0,0.38291,0,0.01331,0.0046,0,0,0,0,0,0,0,0.00685,0,0,0,0,0,0,0,1.66641,0,0,0,0,0,0,0.17745,0,0,0,0,0,0,0,0,0,0,0,0,0,0,0,0.0039,0.21178,0,0,0,0,0,0.04423,0.02993,0,0.10407,0,0,0,0,0,0,0,0.00314,0.00453,0,0.04207,0,0,0,0,0,0,0,0
"4096_1",0,0.01686,0,0,0,0.00916,0,0,0,0,0,0,0,0,0,0,0,0.05872,0,1.37848,0,0,0,0,4.29531,0,0,0,0,0,0,0,0,0,0,0,0,0,0.11472,0,0,0,0,0,0,0,0,0,0,0,0.7938,0,0.60578,0.07591,0,0,0.23359,0,0.00139,0,0,0,0,0,0.49184,0.65376,0.51306,0.03557,0,0,0,0,0,0,0,0,0,0,0,0,0,0,0,0.15656,0.6825,1.40246,0.04167,0,0,0.11074,0,0,0.05996,0,0,0,0.08257,0,0,0,0,0,0,0.03674,0,0.06504,0,0,0.01469,0,0,0,0,0,0,0,0,0.0144,0.00115,0,0,0,0,0,0,0,0,0,0,0,0,0,0,0,0,0,0,0,0,0,0,0,0,0,0.06618,0,0,0.00245,0,0,0,0,0,0,0,0,0.01842,0,0,0,0.00779,0,0,0,0,0,0,0,0,0,0,0,0.02553,0.01445,0.01522,0.12792,0.04495,0,0,0,0,0,0.1017,0,0,0.02318,0,0,0,0,0,0,0,0,0,0,0,0,0,0,0,0.18809,0,0,0,0,0.00515,0,0,0,0,0,0,0.34788,0,0,0,0,0,0,0,0,0,0.17316,0,0,0,0,0,0,0,0,0,0,0,0,0,0.16792,0,0,0,0,0,0,0,0,0,0,0,0.14181,0.24017,0,0,0,0,0,0,0,0,0,0,0,0.14507,0.09879,0,0,0.05821,0.4748,0,0,0,0,0,0,0,0,0,0,0,0,0,0,0,0,0,0,0,0,1.54348,0.14229,0,0.07075,1.32166,0.01744,0.03773,0,0,0,0.72295,0.02373,8.20294,0.01078,0,0,0,0.07142,0,0,0.02835,2.63731,0.40353,0.17307,0,0,0,0,0.04039,0,0,0.1783,0.12185,0,0,0.00972,0,0,0,3.2101,0.76923,0,0,0,0,0,0,0,0.03419,0,0,0,0,0,0,0,0.12715,0,0,0.00353,0,0,0.13513,0,0,0.00373,0,0,0,0,0.07811,0,0,0,0,0.01526,0,0,0,0,0,0,0,0,0.00182,0,0,0.28263,0,0,0,0,0,0,0,0,0,0,0,0,0,0,1.3816,0,0.00059,0,0,0,0,0,0,0,0,0,0,0,0,0.03876,0,0,0,0.00033,0,0,0,0,0,0,0,0.01678,0.02365,0.00683,0,0,0,0,0,0,0,0,0,0,0,0,0.40638,0,0.10647,0,0.00542,0,0,0.91022,0,0,0,0.84625,0,0,0,0,0.04148,0,0,0,0,0,0,0,0,0,0,0,0,0,0,0,54.1012,0,0,0,0,0,0,0,0,0,0,0,0,0,3.09098,0,0,0,0,0,0,0,0,0,0,0,0,0,0,0,0.57557,0.92019,0.02519,0.19564,0,0,0,0.24535,0,0.04252,0.5446,0,0,0,0,0,0,0.07307,0.10639,0,0,0,0.01608,0,0.00262,0,0.77405,0,0,0,0,0,0,0.18197,0.0071,0,0,0,0,0,4e-04,0,0,0,0,0,0,0,0,0,0.03744,0,0,0,0,0,0.06395,0.11703,0,0.22842,0,0,0,0.01163,0,0,0,0,0,0,0,0,0,0,0,0,0,0,0
"4094_4",0,0,0,0,0,0,0,0,0,0,0,0,0,0,0,0,0,0.02793,0.08416,0.15435,0,0,0,0.05282,8.22468,0,0,0,0,0,0,0,0,0,0,0,0,0,1.98553,0,0,0,0,0,0.0034,0,0,1.01881,0.01363,0,0,0,0,0,0,0,1.95047,0,1.22387,0,0,0,0,0,0.10123,0,0,0,0,0,0,0,0,0,0,0,0,0,0,0,0,0,0.13992,0.57483,4.72355,6.7924,0,1.93252,0,0,0,0,0,0,0,0,0.36563,0,0,0,0,0,0,1.14793,0,0,0,0.04519,0.82699,0,0,0,0,0,0,0,0,0.02489,0,0,0,0,0,0,0,0,0,0,0,0,0,0,0,0,0,0.0132,0,0.01767,0,0,0,0,0,0,0,0,0,0.04822,0,0,0,0,0,0,0,0,0,0,0,0,0.04264,0,0,0,0,0,0,0,0,0.05099,0,0,0,0,0,0,0,0,0,0,0,0,0,0,0,0,0,0,0,0,0,0,0,0,0,0,0,0,0,0,0,0,0,0,0,0,0,0,0,0,0,0,0,0,0,0,0.05338,0,0,0,0,0,0,0,0,0,0,0,0,0,0,0,0,0,0.00115,0,0,0.77559,0.34005,0,0,0,0,0,0,0,0,0.07989,0,0.28748,1.33786,0,0,0,0,0,0,0,0,0,0,0,0,0,0,0,0.5971,2.01175,0.0109,0,0.04289,0,0,0,0,0,0,0,0,0,0,0.01856,0,0,0,0,0,0,3.55939,0.77843,0,0.7839,4.97931,0,0,0,0,0,0,0,0,0,0,0,0,0,0,0,1.01278,5.2296,0,0,0,0,0,0,0.34428,0.11492,0,0,0,0.07694,0,0,0,0.00989,0,0,0,0,0,0,0,0,0,0,0.12935,0,0,0,0,0,0,0,0.88008,0,0,0,0,0,0.78204,0,0,0,0,0.01109,0,0,0.63712,0,0,0,0,0,0.00641,0,0,0,0,0,0,0,0,0,0,0,0,0,0,0,10.73399,0.76534,18.50665,0,0,0,0,0,0,0,0.5222,0,0,0,0,0,0,0,0,0,0,0,0,0,0,0,0,0,0,0.25452,0,0,0,0,0,0,0.73723,0,0,0,0,0,0,0,0,0,0,0,0,0,0,0,0.37983,0,0.01144,0,0,0,0,0.83463,0,0,0,0.49131,0,0,0,0,0.04474,0,0,0,0,0,0,0,0,0,0,0,0,0,0,0,0,0,0,0,0,0,0,0,0,0,0,0,0,0,0,0,0,0,0,0,0,0,0,0,0,0,0,0,0,0,0,0.53464,2.4532,0.77676,0,0,0,0,0,0,0,0,0,0,0,0,0.21485,0,0,0,0,0.46774,0,0,0,0,0,0,0,0,0,0,0,4.91246,0.0895,0,0,0,0.06189,0,0,0,0,0,0,0,0,0,0,0.03184,0.20844,0,0,0,0.0549,0,0.00401,0,0,0,0,0,0,0,0,0,0.42527,0.00309,0,0,0,0,0,0,0,0,0,0,0
"4094_3",0,0,0,0,0,0,0,0,0,0,0,0,0,0,0,0,0,0.00687,0.01387,0.46583,0,0,0.03559,0.18966,12.20637,0.01951,0,0,0,0,0,0,0,0,0,0,0,0,1.04842,0,0.0034,0,0,0,0.01333,0,0,1.80629,0.0979,0,0,0,0,0,0,0,3.08765,0,1.48168,0,0,0,0,0,0.205,0,0,0,0,0,0,0,0,0,0,0,0,0,0,0,0,0,0.55395,1.53674,16.4369,22.42588,0,3.27688,0,0,0,0,0,0,0,0,0.10115,0,0,0.00622,0,0,0.05167,0.30106,0,0,0,0.01828,0.3364,0,0.00193,0,0,0,0,0,0,0.20353,0.0042,0,0,0,0,0,0,0,0,0,0,0,0,0,0,0,0,0,0,0,0,0,0,0,0,0,0,0,0,0.0276,0,0,0,0,0,0,0,0,0,0,0.00252,0,0.00822,0,0,0,0,0,0,0,0,0.10071,0,0,0,0,0,0,0.22043,0,0,0,0,0,0,0,0,0,0,0,0,0,0,0,0,0,0,0,0,0,0,0,0,0,0,0,0,0,0,0,0,0,0,0,0,0,0,0,0.23297,0,0,0,0,0,0,0,0,0,0,0,0,0,0,0,0,0,0.00137,0,0,0.36911,0.17645,0,0,0,0,0,0.01139,0,0,0.11239,0,0.15161,0.40278,0,0,0,0,0,0,0,0,0,0,0,0,0,0,0,0.30786,0.46015,0.05983,0,0.05232,0,0,0,0,0.00807,0,0,0,0,0,0,0,0,0,0,0.06038,0,1.09244,0.4366,0,0.35209,1.67258,0,0,0,0,0,0,0,0,0,0,0,0,0,0,0,0.53889,10.5058,0,0,0,0,0,0,0.18367,0.04719,0,0,0,0.07219,0,0,0,0.19255,0,0,0,0,0,0,0,0,0,0,0.00593,0,0,0,0,0,0,0,0.53526,0,0,0,0,0,1.34879,0,0,0,0,0.08467,0,0,0.18598,0,0,0,0,0.00239,0.01047,0,0,0,0,0,0,0,0,0.00969,0,0,0,0,0,0,0.95772,0.06149,1.37006,0,0,0,0,0,0,0,0.42909,0,0,0,0,0,0,0,0,0,0,0,0,0,0,0,0,0,0,2.06664,0,0,0,0,0,0,0.04235,0,0,0,0,0,0,0,0,0,0,0,0,0,0,0,0.90125,0,0.36272,0,0,0,0,2.17878,0.00073,0,0,1.39949,0,0,0,0,0.60951,0,0,0,0,0,0,0,0,0,0,0,0,0,0,0,0,0,0,0,0,0,0,0,0,0,0,0,0,0,0,0,0,0,0.00395,0,0,0,0,0,0,0,0,0,0,0,0,0.01335,1.12682,0.47987,0,0,0,0,0,0,0,0,0,0,0,0,0.16964,0,0,0,0,0.03859,0,0,0,0,0,0,0,0,0,0,0,1.40733,0.11093,0,0,0,0.03097,0,0,0,0,0,0,0,0,0,0,0.01598,0.04221,0,0,0,0.01734,0,0.02076,0,0,0,0,0,0,0,0,0,0.16292,0,0,0,0,0,0,0,0,0,0,0,0
"4008_1",0,0,0,0,0,0,0,0,0,0,0,0,0,0,0,0,0,0.04345,0,0,0,0.17783,0.22184,0,4.34939,0.12836,0,0,9.22644,1.64925,0.08827,0,0,0,0,0,0,0,0.25602,0,0,0,0,0,0.06094,0,0,0.25294,0,0,0,0,0.31726,0.05478,0,0,0.59474,0,0,0,0,0.14558,0,0,0.00189,0,0,0,0,0,0,0,0,0,0,1.05891,0,0,0,0,0,0,1.45817,0.58042,3.62175,1.49099,0,0.41707,0,0.06803,0,0,0,0,0,0,0.31722,0,0,0,0,0,0,0.36645,0,0.03304,0,0,0.65827,0,0,0,0,0,0,0,0,0,0,0,0,0.10115,0,0,0,0,0,0,0,0,0,0,0,0,0,0,0,0,0,0,0,0,0,0,0.0163,0,0,0,0,0,0,0,0,0,0,0,0,0,0,0,0,0,0,0,0,0,0,0,0.02416,0.01013,0,0,0.01336,0,0.01399,0.08479,0.09492,0,0,0,0,0,0,0,0,0,0,0,0,0,0,0,0,0,0,0,0,0,0,0,0,0,0,0,0,0,0,0,0,0,0,0,0,0,0,0,0,0,0,0,0,0,0,0.12525,0,0,0,0.00538,0,0,0,0,0,0,0,0,0,1.88895,0,0,0,0,0,0,0,0,0,0,0,0.6922,1.03235,0,0,0,0,0,0.04832,0,0,0.13823,0,0,0,0,0,0,0.20723,0.5123,0,0,0,0,0.96754,0.00157,0,0,0,0,0,0,0,0,0,0,0,0,0,0,0.6497,0.61583,0,0.03714,0,21.43662,0,0,0,0,0.13519,0,0,0,0,0,0,0.33093,0,0,0,2.21013,6.89093,0.10294,0,0,0,0,0,0,0,0.62077,0.11533,0.07408,0.27523,0.04442,0,0,0,2.47232,0.08279,0,1.09583,0.30514,0,0,0,0,0,0,0,0,0,0,0,0,2.11982,0,0,0,0,0,0.00734,0,0,0,0,0,0,0,0.47165,0,0,0,0,0,0,0,0,0,0,0,0,0,0.00966,0,0,0,0,0,0,0,0,0,0,0,0,0,0,0,0,0,0,0,0.0604,0,0,0,0,0,0,0,0,0,0,0,0,0,0,0,0,0,0,0,0,0,0,0,0,0,0.29518,0,0,0,0.87514,0,0,0,0,0,0,0,0,0,0.26191,0,0.084,0,0.11708,0,0,0.24397,0.02813,0,0,0.28811,0,0,0.04036,0,0,0,0,0,0,0,0,0,0,0,0,0,0,0,0,0,3.30569,0,0,0,0,0,0,0,0,0,0.58586,0,0,0,0,0,0,0,0,0,0,0,0,0,0,0,0,0,0,0,1.00132,1.94728,1.07984,0.82178,0,0,0,0.87322,0,0,0,0,0,0,0,0,0.36587,0,5.86228,0,0,5.0126,0,0,0,2.22292,0,0,0,0,0,0.03579,0,0.28167,0.04772,0,0,0,0.0205,0.29752,0.02591,0,0,0,0,0,0,0,0,0,0,0,0,0,0,0,0.03251,0,0,0,0,0,0,0,0,0,0,0.11349,0.05075,0,0,0,0,0,0,0,0,0,0
"4094_2",0,0,0,0,0,0,0,0,0,0,0,0,0,0,0,0,0,0.03472,0.08106,0.13857,0,0,0.02015,0.04208,15.47138,0.01369,0,0,0,0,0,0,0,0,0,0,0,0,0.37208,0,0,0,0,0,0.01638,0,0,2.23025,0.08155,0,0,0,0,0,0,0,1.82991,0,1.49425,0,0,0,0,0,0.92073,0,0,0,0,0,0,0,0,0,0,0,0,0,0,0,0,0,1.03172,1.14112,29.43785,16.83155,0,2.41953,0,0,0,0,0,0,0,0,0.17767,0,0,0,0,0,0.01335,0.60496,0,0,0,0.03894,0.12272,0,0,0,0,0,0,0,0,0.06282,0.00135,0,0,0,0,0,0,0,0,0,0,0,0,0,0,0,0,0,0,0,0,0,0,0,0,0,0,0,0,0.00707,0,0,0,0,0,0,0,0,0,0,0,0,0,0,0,0,0,0,0,0,0,0.03585,0,0,0,0,0,0,0.05715,0,0,0,0,0,0,0,0,0,0,0,0,0,0,0,0,0,0,0,0,0,0,0,0,0,0,0,0,0,0,0,0,0,0,0,0,0,0,0,0.04621,0,0,0,0,0,0,0,0,0,0,0,0,0,0,0,0,0,0,0,0,0.43554,0.20525,0,0,0,0,0,0.02797,0,0,0.03872,0,0.13568,0.49431,0,0,0,0,0,0,0,0,0,0,0,0,0,0,0,0.22536,0.64322,0.01281,0,0.03182,0,0,0,0,0,0,0,0,0,0.01844,0,0,0,0,0,0.16613,0,0.72943,0.19712,0,0.2775,1.87673,0,0,0,0,0,0,0,0,0,0,0,0,0,0,0,0.44714,3.56988,0,0,0,0,0,0,0.01213,0.02706,0,0,0,0.04752,0,0,0,0,0,0,0,0,0,0,0,0,0,0,0.03641,0,0,0,0,0,0,0,0.29227,0,0,0,0,0,0.26931,0,0,0,0,0.27336,0,0,0.1874,0,0,0,0,0.00142,0.03199,0,0,0,0,0,0,0,0,0,0,0,0.01234,0,0,0,1.7615,0.13104,2.16974,0,0,0,0,0,0,0,0.24566,0,0,0,0,0,0,0,0,0,0,0,0,0,0,0,0,0,0,0.02093,0,0,0,0,0,0,0.15711,0,0,0,0,0,0,0,0,0,0,0,0,0,0,0,1.06044,0,0.01739,0.00525,0,0,0,2.1949,0.01228,0,0,1.80569,0,0,0,0,0.09499,0,0,0,0,0,0,0,0,0,0,0,0,0,0,0,0,0,0,0,0,0,0,0,0,0,0,0,0,0,0,0,0,0,0,0,0,0,0,0,0,0,0,0,0,0,0,0.05557,1.04309,0.41933,0,0,0,0,0,0,0,0,0,0,0,0,0.13021,0,0,0,0,0.05166,0,0,0,0,0,0,0,0,0,0,0,2.32497,0.30604,0,0,0,0.03149,0,0,0,0,0,0,0,0,0,0,0.00842,0.03473,0,0,0,0,0,0.01509,0.00359,0,0,0,0,0,0,0,0,0.39751,0,0,0,0.00047,0,0,0,0,0,0,0,0
"4094_1",0,0,0,0,0,0,0,0,0,0,0,0,0,0,0,0.04312,0,0.00604,0,0.09236,0,0,0.05643,0.01353,10.81734,0.02827,0,0,0,0,0,0,0,0,0,0,0,0,0.25744,0,0,0,0,0,0.00111,0,0,1.76522,0.11551,0,0,0,0,0,0,0,3.02102,0,1.80442,0,0,0,0,0,0.69854,0,0,0,0,0,0,0,0,0,0,0,0,0,0,0,0,0,1.43857,1.83011,28.52316,18.79733,0,3.95458,0,0,0,0,0,0,0,0,0.18865,0,0,0,0,0,0.02884,0.45772,0,0,0,0.10254,0.85608,0,0.00063,0,0,0,0,0,0,0.1183,0.00333,0,0,0,0,0,0,0,0,0,0,0,0,0,0,0,0,0,0,0,0,0,0,0,0,0,0,0,0,0.04513,0,0,0,0,0,0,0,0,0,0,0,0,0.00074,0,0,0,0,0,0,0,0,0.04918,0,0,0,0,0,0,0.07252,0,0,0,0,0,0,0,0,0,0,0,0,0,0,0,0,0,0,0,0,0,0,0,0,0,0,0,0,0,0,0,0,0,0,0,0,0,0,0,0.09944,0,0,0,0,0,0,0,0,0,0,0,0,0,0,0,0,0,0,0,0,0.33638,0.25084,0,0,0,0,0,0.3391,0,0,0.29132,0,0.12206,0.46703,0,0,0,0,0,0,0,0,0,0,0,0,0,0,0,0.26492,0.60644,0.08096,0,0.02802,0,0,0,0,0,0,0,0,0,0.02049,0,0,0,0,0,1.134,0,2.26076,0.27656,0,0.2182,0.79289,0,0,0,0,0,0,0,0,0,0,0,0,0,0,0,0.2847,5.75673,0,0,0,0,0,0,0.0117,0.021,0,0,0,0.04001,0,0,0,0.00132,0,0,0,0,0,0,0,0,0,0,0.06604,0,0,0,0,0,0,0,0.26339,0,0,0,0,0,0.70096,0,0,0,0,0.52394,0,0,0.09486,0,0,0,0,0.00039,0.0107,0,0,0,0,0,0,0,0,0,0,0,0.05595,0,0,0,0.43737,0.01015,0.48258,0,0,0,0,0,0,0,0.5216,0,0,0,0,0,0,0,0,0,0,0,0,0,0,0,0,0,0,0.05905,0,0,0,0,0,0,0.0944,0,0,0,0,0,0,0,0,0,0,0,0,0,0,0,1.15692,0,0.03572,9e-04,0,0,0,1.36503,0.50021,0,0,0.9498,0,0,0,0,0.42877,0,0,0,0,0,0,0,0,0,0,0,0,0,0,0,0,0,0,0,0,0,0,0,0,0,0,0,0,0,0,0,0,0,0.01179,0,0,0,0,0,0,0,0,0,0,0,0,0.01777,0.47614,0.1455,0,0,0,0,0,0,0,0,0,0,0.00046,0,0.14636,0,0,0,0,0.06073,0,0,0,0,0,0,0,0,0,0,0,1.39773,0.82877,0,0,0,0.00835,0,0,0,0,0,0,0,0,0,0,0.0034,0.02202,0,0,0,0.00604,0,0.01421,0,0,0,0,0,0,0,0,0,0.20481,0,0,0,0.00313,0,0.00143,0,0,0,0,0,0
"4093_4",0,0,0,0,0,0,0,0,0,0,0,0,0,0,0,0,0,0.04145,12.3343,0.00283,0.06309,0.25288,0.34349,0.00699,0.69135,0,0,0,0,0.30441,0.00022,0,0,0,0,0,0,0,2.12607,0.01019,0,0,0,0,0.09228,0,0.2933,0.00389,0.00142,0,0.01191,0,0.52088,0,0,0,0.22073,0,0,0.37697,0,0.06006,0,0,0,0,0,0.19268,0,0,0,0,0,0,0,0,0,0,10.99226,0,0,0,0,0.75891,5.32128,6.78746,0.09451,0,0,0,0,0,0,0,0,0,0.08951,0,0,0,0,0,0,0.1425,0,0.00045,0.09014,0,0.21778,0,0.01003,0,0,0,0,0,0,0,0,0,0,0,0,0,0,0,0.03291,0.34256,0,0.00127,0,0,0,0,0,0,0,0,0,0,0,0,0,0,0.05423,0,0,0.40073,0,0,0,0,0,0,0,0,0,0,0,0,0,0,0,0,0,0,0,0,0.02828,0.01579,0,0,0,0,0,0.33334,0.01627,1.64645,0,0.83361,0,0,0.00691,0,0,0.03071,0.02808,0,0,0,0.093,0.01333,0,0.02103,0,0.06012,0,0,0.12035,0,0,0.87529,0,0,0,0.10764,0,0.02275,0,0,0,0,0,0,0,0,0.13091,0,0,0,0,0,0,0.24339,0,0,0,0,0,0,0,0.38987,0,0,0,0,0,0.19008,0,0,0,0,0,0,0,0,0,0.03055,0,0.25065,0.3037,0,0,0,0,0,0,0,0,0.01367,0,0,0,0,0,0,0.38183,0.2954,0,0,0,0,0,0.07082,0,0,0,0.11111,0,0,0,0,0,0,0,0,0,0,11.58912,1.09319,0,0.07213,0.50458,0.0014,0.18333,0,0,0,3.75354,0.02617,0,0.00266,0,0,0,0.09863,0,0,0,3.0713,8.17334,0.56134,0,0,0,0,0.00018,0.03237,0,0.00133,0.04001,0,0.00331,1.5412,0.2871,0,0,1.87502,0,0.02701,0.16958,0.10478,0,0,0.01216,0,0.06631,0,0,0.00585,0,0,0,0,0.50406,0,0,0.05578,0,0,0.14549,0,0,0,0.01886,0,0,0,1.27153,0,0,0,0,0.07556,0.0389,0,0.00185,0.00666,0,0,0,0,0,0.00557,0,0,0.02214,0,0,0,0,0,0,0,0,0,0,0,0,0,3.98671,0,0.01061,0,0,0,0,0,0,0,0,0,0,0,0,0,0,0,0,0.01217,0,0,0,0,0,0,0,0,0.1942,0,0,0.0066,0,0,0,0,0,0.11666,0.32879,0,0,0,0.19256,0,0.28492,0,0.00218,0,0,0.34331,0,0,0,0,0,0,0.02171,0.00013,0.02896,0,0,0,0,0.19566,0,0,0,0,0,0,0,0,0,0,0,0,0,0,0,0,0,0,0,0,0,0,0,0,0,0,0,0,0,0,0,0,0,0,0,0,0,0,0,0,0.03115,1.0033,0.00635,0.17219,0.26524,0.03629,0,0,2.51123,0,0.53666,0,0,0,0,0.00713,0,0.91666,1.78276,0,0,0,0.01589,0.45118,0,0,0,0,0,0,0,0,0,0.17645,0,0,0.00515,0,0.09232,0,0,0,0,0,0,0,0,0,0,0,0.00622,0,0,0,0,0,0.41513,0.00451,0,0,0,0,0.43606,0,0,0,0,0.00145,0.00527,0,0,0,0,0,0,0,0,0,0
"4093_3",0,0,0,0,0,0,0,0,0,0,0,0,0.00583,0,0,0,0,0.02922,1.23578,0.06552,0.10631,0.06147,0.39285,0.00589,2.04644,0,0,0,0,2.35484,0.00187,0,0,0,0,0,0,0,2.97404,0,0,0,0,0,0.05849,0,0.0925,0.13773,0,0,2.74861,0,0.47433,0,0,0,0.81253,0,0,0.28164,0,0.2472,0,0,0,0,0,0.02901,0,0,0,0,0,0,0,0,0,0,6.38345,0,0,0,0,0.74754,8.69363,5.67447,0.11711,0,0,0,0,0,0,0,0,0,0.50068,0,0,0,0,0,0,0.09018,0,0,0.01932,0,0.70844,0,0.00712,0,0,0,0,0,0,0,0,0,0,0,0,0,0,0,0.00678,0.07483,0,0.06651,0,0,0,0,0,0,0,0,0,0,0,0,0,0,0.08469,0,0,0.38789,0,0,0,0,0,0,0,0,0,0,0,0,0,0,0,0,0,0,0,0,0.04228,0.00499,0,0,0,0,0.20342,0.60121,0.00472,1.73481,0,1.09007,0,0,0.00192,0,0,0.01948,0,0,0,0,0.0648,0.11859,0,0.00841,0,0.15445,0,0,0.01755,0,0,0.6402,0,0,0,0.12419,0,0.00114,0,0,0,0,0,0,0,0,0.01402,0,0,0,0,0,0,0.48791,0,0,0,0,0,0,0,0.30131,0,0,0,0,0,0.23432,0,0,0,0,0,0,0,0,0,0.07981,0,0.46474,0.19143,0,0,0,0,0,0,0,0,0,0,0,0,0,0,0,0.15871,0.26686,0,0,0,0,0,0.03071,0,0,0,0,0,0,0,0,0,0,0,0,0,0,9.18256,0.62772,0,0.26522,3.87352,0,0.15403,0.00431,0,0,8.96517,0.15981,0,0.07415,0,0,0,0.35643,0,0,0.05252,3.61229,8.23169,0.54019,0,0,0,0,0,0.01861,0,0,0.14273,0,0,0.95826,0.05226,0,0,2.3469,0,0.07668,0.1158,0.07606,0,0,0.01875,0,0.05274,0,0,0.00151,0,0,0,0,0.44225,0,0,0.00833,0,0,0.08396,0,0,0.00296,0.01279,0,0,0,2.11407,0,0,0,0,0.06322,0.03477,0,0.01441,0,0,0,0,0,0,0,0,0,0.01531,0,0,0,0,0,0,0,0,0,0,0,0,0,3.1139,0,0,0,0,0,0,0,0,0,0,0,0,0,0,0,0,0,0,0.01253,0,0,0,0,0,0,0,0,0.13413,0,0,0.00017,0,0,0,0,0,0.09812,0.12349,0,0,0,0.24117,0,0.13379,0,0.01129,0,0,0.41161,0,0,0,0,0,0,0.02047,0,0,0,0,0,0,0.1146,0,0,0,0,0,0,0,0,0,0,0,0,0,0,0,0,0,0,0,0,0,0,0,0,0,0,0,0,0,0,0,0,0,0,0,0,0,0,0,0,0.10604,1.1929,0,0.16464,0.08431,0.01075,0,0.0099,1.68856,0.0143,0.30915,0.00332,0,0,0,8e-04,0,0.84031,1.4385,0,0,0,0.00586,0.59292,0,0,0,0,0,0,0,0,0,0.30871,0.00185,0,0,0,0.09472,0,0,0,0,0,0,0,0,0,0,0.00785,0.05131,0,0,0,0.03256,0,0.42648,0.00623,0,0,0,0,0.63149,0.0028,0,0,0,0,0.00138,0,0.00046,0,0.01785,0,0,0,0,0,0
"4093_2",0,0,0,0,0,0,0,0,0,0,0,0,0,0,0,0,0,0.02601,9.6351,0.38913,0.1701,0.48104,1.48472,0.23857,3.91823,0,0,0,0,2.95729,0.0042,0,0,0,0,0,0,0,0.55441,0,0,0,0,0,0.0173,0,0.13405,0.61787,0,0,0,0,1.6751,0,0,0,0.14412,0,0,0,0,0.08001,0,0,0,0,0,0.02306,0,0,0,0,0,0,0,0,0,0,27.84052,0,0,0,0,0.35232,10.1308,3.29495,1.17426,0,0,0,0,0,0,0,0,0,0.0665,0,0,0,0,0,0,0.09567,0,0,0.01407,0,0.05488,0,0.00031,0,0,0,0,0,0,0,0,0,0,0,0,0,0,0,0.03388,0.14646,0,0,0,0,0,0,0,0,0,0,0,0,0,0,0,0,0.08608,0,0,0.22069,0,0,0,0,0,0,0,0,0,0,0,0,0,0,0,0,0,0,0,0,0.01273,0.00088,0,0,0,0,0,0.03632,0.01772,1.46247,0,1.21621,0,0,0.01672,0,0,0,0.00406,0,0,0,0.00287,0,0,0,0,0,0,0,0.04417,0,0,0.05046,0,0,0,0.10033,0,0,0,0,0,0,0,0,0,0,0.01438,0,0,0,0,0,0,0.06991,0,0,0,0,0,0,0,0.59935,0,0,0,0,0,0.06209,0,0,0,0,0,0,0,0,0,0.03417,0,0.22522,0.07839,0,0,0,0,0,0,0,0,0.00481,0,0,0,0,0,0,0.07171,0.1512,0,0,0,0,0,0.01327,0,0,0,0,0,0,0,0,0,0,0,0,0,0,3.50265,0.13759,0,0.00837,0,0,0.00135,0,0,0,1.7793,0.02071,0,0,0,0,0,0.31497,0,0,0,2.42464,6.37582,0.4015,0,0,0,0,0.00295,0.0044,0,0,0.14228,0,0.00883,2.39265,0.21761,0,0,2.68144,0,0.05578,0.4087,0.19117,0,0,0,0,0.00951,0,0,0,0,0,0,0,0.2854,0,0,0.03226,0,0,0.01039,0,0,0,0.04553,0,0,0,0.57084,0,0,0,0,0.03796,0.01746,0,0.00472,0.02022,0,0,0,0,0,0.0076,0,0.00278,0.01672,0,0,0,0,0,0,0,0,0,0,0,0,0,0.03314,0,0,0,0,0,0,0,0,0,0,0,0,0,0,0,0,0,0,0.01973,0,0,0,0,0,0,0,0,0.07925,0,0,0,0,0,0,0,0,0,0.16315,0,0,0,0.59384,0,0.18406,0,0.00693,0,0,1.06209,0,0,0,0,0,0,0.01531,0,0.05508,0,0,0,0,0.12472,0,0,0,0,0,0,0,0,0,0,0,0,0,0,0,0,0,0,0,0,0,0,0,0,0,0,0,0,0,0,0,0,0,0,0,0,0,0,0,0,0,0.13698,0.18951,0.03127,0.01451,0,0,0,0.47672,0,0.28801,0,0,0,0,0.01732,0,0.01808,1.75641,0,0,0,0.01618,0.3291,0,0,0,0,0,0,0,0,0,0.11434,0.00413,0,0.00718,0,0.02236,0,0,0,0,0,0,0,0,0,0,0,9e-04,0,0,0,0,0,0.31801,0,0,0,0,0,1.40075,0.02951,0,0,0,0,0,0,0.00619,0,0,0,0,0,0,0,0
"4093_1",0,0,0,0,0,0,0,0,0,0,0,0,0,0,0,0,0,0,0,0,0,0,0,0,0,0,0,0,0,0,0,0,0,0,0,0,0,0,0,0,0,0,0,0,0,0,0,0,0,0,0,0,0,0,0,0,0,0,0,0,0,0,0,0,0,0,0,0,0,0,0,0,0,0,0,0,0,0,0,0,0,0,0,0,0,0,0,0,0,0,0,0,0,0,0,0,0,0,0,0,0,0,0,0,0,0,0,0,0,0,0,0,0,0,0,0,0,0,0,0,0,0,0,0,0,0,0,0,0,0,0,0,0,0,0,0,0,0,0,0,0,0,0,0,0,0,0,0,0,0,0,0,0,0,0,0,0,0,0,0,0,0,0,0,0,0,0,0,0,0,0,0,0,0,0,0,0,0,0,0,0,0,0,0,0,0,0,0,0,0,0,0,0,0,0,0,0,0,0,0,0,0,0,0,0,0,0,0,0,0,0,0,0,0,0,0,0,0,0,0,0,0,0,0,0,0,0,0,0,0,0,0,0,0,0,0,0,0,0,0,0,0,0,0,0,0,0,0,0,0,0,0,0,0,0,0,0,0,0,0,0,0,0,0,0,0,0,0,0,0,0,0,0,0,0,0,0,0,0,0,0,0,0,0,0,0,0,0,0,0,0,0,0,0,0,0,0,0,0,0,0,0,0,0,0,0,0,0,0,0,100,0,0,0,0,0,0,0,0,0,0,0,0,0,0,0,0,0,0,0,0,0,0,0,0,0,0,0,0,0,0,0,0,0,0,0,0,0,0,0,0,0,0,0,0,0,0,0,0,0,0,0,0,0,0,0,0,0,0,0,0,0,0,0,0,0,0,0,0,0,0,0,0,0,0,0,0,0,0,0,0,0,0,0,0,0,0,0,0,0,0,0,0,0,0,0,0,0,0,0,0,0,0,0,0,0,0,0,0,0,0,0,0,0,0,0,0,0,0,0,0,0,0,0,0,0,0,0,0,0,0,0,0,0,0,0,0,0,0,0,0,0,0,0,0,0,0,0,0,0,0,0,0,0,0,0,0,0,0,0,0,0,0,0,0,0,0,0,0,0,0,0,0,0,0,0,0,0,0,0,0,0,0,0,0,0,0,0,0,0,0,0,0,0,0,0,0,0,0,0,0,0,0,0,0,0,0,0,0,0,0,0,0,0,0,0,0,0,0,0,0,0,0,0,0,0,0,0,0,0,0,0,0,0,0,0,0,0,0,0,0,0,0,0,0,0,0,0,0,0,0,0,0,0,0,0,0,0,0,0,0,0,0
"4092_4",0,0,0,0,0,0,0,0,0,0,0,0,0,0,0,0,0,0.01609,6.89328,0.57049,0.32764,0,0.18794,0,2.74213,0.64806,0,0,0,0,0,0,0,0,0,0,0,0,2.8559,0,0.02769,0,0,0,0.19686,0,0,0.06608,0,0.08513,0,0,0,0,0,0,0.00095,0,0,0,0.84683,0.17787,0,0,0.24612,0,0.04056,0,0,0,0,0,0,0,0,0,0,0,0,0,0,0,0,0.1816,5.5415,8.0731,0,0.52422,0,0,0,0,0,0,0,0,2.72535,7.58302,0,0,0,0,0,4.15382,0,0,0,0.00193,0.32267,0,0.011,0,0,0,0,0,0,0,0,0,0,0,0,0,0,0,0,0,0,0,0,0,0,0,0,0,0,0,0,0,0,0,0.11885,0,0,0,0,0.16272,0,0,0,0,0,0,0,0,0,0,0,0.00027,0.00583,0,0,0,0,0,0,0,0.00706,0.05621,0,0,0,0,0,0.03491,0,0,0,0,0,0,0,0.09603,0,0.13592,0.3366,0,0,0,0,0,0,0,0.38481,0,0,0,0,0,0,0,0,0,0,0,0,0,0,0,0,0,0,0,0,0.16274,0.38706,0,0,0,0,0,0,0,0,0,0,0,0,0,0,0,0,0,0.0183,0,0,2.97176,0,0,0,0,0,0,0,0,0,0,0,0.99613,0.43196,0.05316,0,0,0,0,0,0,0,0,0,0,0,0.09084,0,0,0.48644,0.74548,0,0,0,0,0,0.13603,0,0,0,0,0,0,0,0,0,0,0,0,0,0,2.63805,1.42054,0,0.09333,1.1607,0.23196,0.23172,0,0,0,0,1.1302,0,0,1.99696,0,0,0.02704,0,0,0,3.9754,4.22252,0.27019,0,0,0,0,0.03936,0.04343,0,0.84307,0,0,1.37676,0.40976,0.43662,0.00906,0,0,0,0,0,0.00561,0,0,0,0,0.02687,0,0,0,0,0.00681,0,0.4582,0.6397,0,0,0.00208,0,0,0.25313,0,0,0,0.0384,0,0,0,2.73759,0,0,0,0,0.31094,0.2306,0,0,0,0,0,0,0,0,0.00617,0,0,0.00194,0,0,0,0,0,0,0,0,0,0,0,0,0,0.10134,0.01329,0.04428,0,0.01491,0,0,0,0,0,0,0,0,0,0,0,0,0,0,0,0,0,0,0,0,0,0,0,0,0,0,0,0,0,0,0.50767,0,0,0,0,0.08797,0,0,0,0.89672,0,8.94665,0,0.32602,0.24441,0,0,0.03886,0,0,0,0,0,0.28973,0,0,0,0,0,0,0,0,0,0,0,0,0,0,0,0,0,0,0,0,0,0,0,0,0,0,0,0,0,0,0,0,0,0,0,0,0,0,0,0,0,0,0,0,0,1.47857,1.28656,0.02322,0.1318,0,0,0,0,0,0,0.51464,0,0,0.00084,0,0,0,3.1481,0,0,0,0,0,0.2835,0.00105,2.00769,0,0,0,0,0,0,0,0.97072,0.01513,0,0,0,0,0.084,0,0,0,0,0,0,0,0,0,0.00797,0.06311,0,0,0,0,0,0.18828,0.12958,0,0,0,0,0,0,0,0,0.01175,0,0,0,0,0,0,0,0,0,0,0,0
"4092_3",0,0,0,0,0,0,0,0,0,0,0,0,0,0,0,0,0,0,4.34219,8.10515,0.39762,0,1.20588,0,2.72531,1.02995,0,0,0,0,0,0,0,0,0,0,0,0,1.56683,0,0.00106,0,0,0,0.0627,0,0.00098,0.71148,0,0.70511,0,0,0,0,0,0,0.08622,0,0,0,2.90855,0.24168,0,0,0.41121,0,0.65343,0,0,0,0,0,0,0,0,0,0,0,0,0,0,0,0,0.79567,3.40371,10.69709,0.00612,1.89891,0,0,0,0,0,0,0,0,0.50588,1.76838,0,0.02264,0,0,0,4.49602,0,0,0,0,0.41247,0,0.0031,0,0,0,0,0,0,0.08038,0.005,0,0,0,0,0,0,0,0,0,0,0.00636,0,0,0,0,0,0,0,0,0,0,0,0,0.0785,0,0,0,0,0.1005,0,0,0,0,0,0,0,0,0,0,0,0,0.01178,0,0,0,0,0,0,0,0.04741,0.01222,0,0,0,0,0,0.17468,0,0,0,0,0,0,0,0.01128,0,0.05435,0.26247,0,0,0,0,0.01066,0,0,0.20373,0,0,0,0,0,0,0,0,0,0,0,0,0,0,0,0,0,0,0,0,0.02385,0.11149,0,0,0,0,0,0,0,0,0,0,0,0,0,0,0,0,0,0.00382,0,0,1.04129,0,0,0,0,0,0,0,0,0,0.2075,0.01811,0.84901,0.11037,0.03994,0,0,0,0,0,0,0,0,0,0,0,0.03111,0,0,0.15255,0.21671,0.00164,0.00148,0.00381,0,0,0.00104,0,0,0,0,0,0,0,0,0,0,0,0,0,0,1.87206,0.71129,0,0,0.14088,0.47597,0.26135,0,0,0,0,1.1409,0,0,0.93972,0,0,0.00537,0,0,0,2.90438,0.89567,0.037,0,0,0,0,0.00224,0.00958,0,0.10201,0,0,1.43978,0.35977,0.7354,0.00445,0,0,0,0,0,0.00663,0,0,0,0,0,0,0,0,0,12.51568,0,0.4513,0.1609,0,0,0,0,0,0.12613,0,0,0,0.10786,0.00808,0,0,2.09485,0,0,0,0,0.15718,0.12757,0,0,0,0,0,0,0.00034,0,0.00604,0,0,0.00913,0,0,0,0,0,0,0,0,0,0,0,0,0,0.50579,0.00072,0.0091,0,0,0,0,0,0,0,0,0,0,0,0,0,0,0,0,0.0036,0,0,0,0,0,0,0,0,0,0,0,0,0,0,0,1.90865,0,0,0,0,0.72896,0,0.38881,0,0.45846,0,10.39507,0,0.09259,0.40686,0,0,0.45551,0,0,0,0,0,0.3939,0,0,0,0,0,0,0,0,0,0,0,0,0,0,0,0,0,0,0,0,0,0,0,0,0,0,0,0,0,0,0,0,0,0,0,0,0,0,0,0,0,0,0,0,0,0.21955,0.10359,0,0.00928,0,0,0,0,0,0,0.17665,5e-04,0,0,0,0.03136,0,0.59257,0,0,0,0,0,0.10588,0,1.37266,0,0,0,0,0,0,0,0.50456,0.0847,0,0,0,0,0.06951,0,0,0,0,0,0,0,0,0,0,0.00128,0,0,0,0,0,0.08521,0.04175,0,0,0,0,0,0.00504,0,0,0,0,0,0,0,0,0,0,0,0,0,0,0
"4092_2",0,0,0,0,0,0,0,0,0,0,0,0,0,0,0,0,0,0.00779,20.57343,5.07512,0.40544,0,0.60096,0,2.33393,0.46254,0,0,0,0,0,0,0,0,0,0,0,0,1.9881,0,0,0,0,0,0.17097,0,0,0.57154,0,0.72896,0,0,0,0,0,0,0.38004,0,0,0,1.65717,0.43227,0,0,0.84688,0,0.32227,0,0,0,0,0,0,0,0,0,0,0,0,0,0,0,0,0.43712,8.6765,10.22627,0,1.41544,0,0,0,0,0,0,0,0,1.01708,1.63497,0,0,0,0,0.02486,5.84543,0,0,0,0,0.15995,0,0.00654,0,0,0,0,0,0,0.04132,0.00088,0,0,0,0,0.02616,0,0,0,0,0,0.01187,0,0,0,0,0,0,0,0,0,0,0,0,0.00534,0,0,0,0,0.04069,0,0,0,0,0,0,0,0,0,0,0,0,0.00531,0,0,0,0,0,0,0,0,0.03471,0,0,0,0,0,0.08486,0,0,0,0,0,0,0,0,0,0.02321,0.82999,0,0,0,0,0.00154,0,0,0,0,0,0,0,0,0,0,0,0,0,0,0,0,0,0,0,0,0,0,0,0.55181,0.55982,0,0,0,0,0,0,0,0,0,0,0,0,0,0,0,0,0,0.01389,0,0,0.98614,0,0,0,0,0,0,0,0,0,0.015,0,0.54511,0.35029,0.0288,0,0,0,0,0,0,0,0,0,0,0,0.07922,0,0,0.28657,0.40815,0.02751,0.00166,0,0,0,0.03682,0,0,0,0,0,0,0,0,0,0,0,0,0,0,0.09564,1.20001,0,0.07185,0.42778,0.04978,0.02096,0,0,0,0.03506,1.27283,0,0,1.76529,0,0,0,0,0,0,1.55447,0.9328,0.03051,0,0,0,0,0.02029,0.08102,0.23668,0.19274,0,0,0.01599,1.23112,0.20457,0.03139,0,0,0,0,0,0.00172,0,0,0,0,0.01156,0,0,0,0,0.42477,0,0.23054,0.15359,0,0,0,0,0,0.53,0,0,0,0.03595,0.11695,0,0,2.4276,0,0,0,0,0.28843,0.10915,0,0,0,0,0,0,0,0,0.00156,0,0,0.04462,0,0,0,0,0,0,0,0,0,0,0,0,0,0.01827,0,0.02078,0,0,0,0,0,0,0,0,0,0,0,0,0,0,0,0,0,0,0,0,0,0,0.00298,0,0,0,0,0,0,0,0,0,0.85562,0,0,0,0,0.50585,0,0.09824,0,1.8798,0,1.80534,0,0.22202,0.50726,0,0,0.23607,0,0,0,0,0,0.42728,0,0,0,0,0,0,0,0.01601,0,0,0,0.00067,0,0,0.05551,0,0.23167,0,0,0,0,0,0,0,0,0,0,0,0,0,0,0.05475,0,0,0,0,0,0,0,0,0,0,0,0,0,0.55738,1.45429,0.116,0,0,0,0,0,0,0,0.03993,0.00083,0,0,0,0,0,0.48912,0,0,0,0,0,0.0996,0.00591,1.63955,0,0,0,0,0,0,0,1.9965,0.10129,0,0,0,0,0.08846,0,0,0,0,0,0,0,0,0,0.00053,0.00742,0,0,0,0,0,0.38339,0.01287,0,0,0,0,0,0.03143,0,0,1.19191,0,0,0,0,0,0,0,0,0,0,0,0
"4092_1",0,0,0,0,0,0,0,0,0,0,0,0,0,0,0,0,0,0,5.51238,4.01447,0.40419,0,0.52488,0,4.09403,0.66896,0,0,0,0,0,0,0,0,0,0,0,0,1.64038,0,0,0,0,0,0.09639,0,0,0.17438,0,0.28405,0,0,0,0,0,0,0.40017,0,0,0,1.37594,0.04464,0,0,1.30645,0,0.72963,0,0,0,0,0,0,0,0,0,0,0,0,0,0,0,0,0.61002,7.78402,10.95318,0,2.04476,0,0,0,0,0,0,0,0,1.43055,0.28079,0,0.00379,0,0,0,6.11239,0,0,0,0,0.17778,0,0.01156,0,0,0,0,0,0,0.02033,0.00037,0,0,0,0,0,0,0,0,0,0,0,0,0,0,0,0,0,0,0,0,0,0,0,0.01557,0,0,0,0,0.1607,0,0,0.00506,0,0,0,0,0,0,0,0,0.00056,0.00326,0,0,0,0,0,0,0,0.02676,0.04444,0,0,0,0,0,0.11903,0,0,0,0,0,0,0,0.04266,0,0.17281,0.48549,0,0,0,0,0.00342,0,0,0,0,0,0,0,0,0,0,0,0,0,0,0,0,0,0,0,0,0,0,0,0.02875,0.19212,0,0,0,0,0,0,0,0,0,0,0,0,0,0,0,0,0,0.00137,0,0,0.62177,0,0,0,0,0,0,0,0,0,0.03608,0,0.87738,0.30761,0.06817,0,0,0,0,0,0,0,0,0,0,0,0.0765,0,0,0.34428,0.35413,0,0,0.00765,0,0,0.03757,0,0,0,0,0,0,0,0,0,0.00165,0,0,0,0,3.77288,1.46905,0,0.00579,0.20508,0.11767,0.27263,0,0,0,0,3.30404,0,0,1.04055,0,0,0.01031,0,0,0,2.21653,1.5931,0.11262,0,0,0,0,0.00507,0.14464,0,0.17437,0,0,0.00163,0.83709,0.51176,0.01519,0,0,0,0,0,0.00877,0,0,0,0,0,0,0,0,0,3.70646,0,2.42176,0.21502,0,0,0,0,0,0.46455,0,0,0,0.07201,0.0012,0,0,4.70111,0,0,0,0,0.2165,0.11217,0,0,0,0,0,0,0,0,0.00446,0,0,0.0042,0,0,0,0,0,0,0,0,0,0,0,0,0,0.57907,0,0.03323,0,0,0,0,0,0,0,0,0,0,0,0,0,0,0,0,0,0,0,0,0,0,0,0,0,0,0,0,0,0,0,0,0.86812,0,0,0,0,0.34152,0,0.16919,0,1.94728,0,6.80393,0,0.12341,0.80111,0,0,0.50382,0,0,0,0,0,0.6141,0,0,0,0,0,0,0,0,0,0,0,0,0,0,0,0,0,0,0,0,0,0,0,0,0,0,0,0,0,0,0,0,0,0,0,0,0,0,0,0,0,0,0,0,0,0.49753,0.3886,0,0,0,0,0,0,0,0,0.31189,0.00023,0,0,0,0,0,0.84223,0,0,0,0,0,0.0785,0.00415,1.62779,0,0,0,0,0,0,0,0.50626,0.02826,0,0,0,0,0.13608,0,0,0,0,0,0,0,0,0,0.00391,0.00593,0,0,0,0,0,0.29761,0.01274,0,0,0,0,0,0,0,0,0,0,0,0,0,0,0,0,0,0,0,0,0
"4007_4",0,0,0,0,0,0,0,0,0,0,0,0,0,0,0,0,0,0,10.69576,1.64937,0.17729,0,0,0,4.27346,0.05926,0.07834,0,0,0,0,0,0,0,0,0,0,0,1.40905,0,0,0,15.17154,0,0.04413,0,0,0.36664,0,0,0,0,0,0,0,0,0.01572,0,0.70703,0,0.62362,0,0.00519,0,0.06341,0,0,0,0,0,0,0,0,0,0,0,0,0,0,0,0,0,0,0.02043,2.27125,0.45921,0.05852,0,0,0,0,0,0,0,0,0,0,0,0,0,0,0,0,0.21771,0,0,2.86511,0,0,0,0,0,0,0,0,0,0.00485,0,0.15897,0,0,0,0,0,0,0,0,0,0,0,0.00395,0,0,0,0,0,0,0,0,0,0,0,0,0.01035,0.2226,0,0,0.11694,0,0,0,0.00477,0,0,0,0,0,0,0,0,0.00934,0,0,0,0,0,0.00468,0,0.00278,0,0,0,0,0,0,0,0,0,0.09083,0,0.34689,0,0,0,0,0,0.43309,0,0,0,0,0,0,0,0,0,0,0,0,0,0,0,0,0,0,0,0,0,0,0,0,0,0,0,0,0,0.07144,0,0,0,0,0,0,0.43308,0,0,0,0,0,0,0,0,0,0,0,0,0,0.24605,0,0,0,0,0,0,0,0,0,0,0,0.12112,0,0.03961,0,0,0,0,0,0,0.00387,0,0,0,0,0,0,0,0,0,1.06294,0,0.04596,0,0,0.00347,0,0,0,0,0,0,0,0,0,0.00718,0,0,0.21404,0,2.79212,0.01508,0,0,1.78103,7.20339,0,0,0,0,0,0.42209,0,0,0,0,0,0.08972,1.89286,0,0,2.99692,13.28076,3.04103,0,0,0,0,0.19263,0,0,1.76608,0.13248,0.07842,0,2.6996,0,0.06276,0,0,0,0,0,0.00862,0,0,0,0,0.01747,0,0,0,0,0,0,0,0,0,0,0,0,0,0,0,0,0,0,0,0,0,5.47666,0,0,0,0,0.18051,0,0,0,0,0,0,0,0,0,0.00791,0,0,0.21149,0,0,0,0,0,0,0,0,0,0,0,0,0,0.70211,0,0,0,0,0,0,0,0,0,0,0,0,0,0,0,0,0,0,0.02663,0,0,0,0,0,0,0,0,0.40831,0,0,0.032,0,0,0,0,0,0,0,0,0,0,0.17538,0,0.01116,0,0,0,0.10882,1.74433,0,0,0.32025,0.01394,0,0,0,0,0.19905,0,0,0,0,0.33322,0,0,0,0,0,0,0,0,0,0,0,0,0,0,0,0,0,0,0.7911,0,0,0,0,0,0,0,0,0,0,0,0,0,0,0,0,0,0,0,0,0,0.0837,0.26037,0.45747,0.00942,0.48054,0.08597,0,0,0.24861,0.0075,0,0,0,0,0,0,0.10279,0,0,0,0,0.07298,2.79979,0,0,0,0,0,0,0,0,0,0,0.81571,0.00806,0,0,0.05921,0,0,0,0,0,0,0,0,0,0,0,0,0,0,0,0,0,0,0.40106,0,0,0,0,0,0,0,0,0,0,0,0,0,0,0,0,0,0,0,0,0,0
"4083_3",0,0,0,0,0,0,0,0,0,0,0,0,0,0,0,0,0,0.07646,0.00909,0,0,0,0,0,0,0,0,0,0,0,0,1.2687,0,0,0,0,0.08332,0,0.64721,0.52098,0.03704,0,0,0,0,0.01455,0.10418,0,0.56937,0,3.97356,0,0,0,0,0.04481,0,0,0,0,0,1.08356,0,0,0.486,0,0,0,0,0,0,0,0,0,0,0,0,0,0,0,0,0,0,0.06388,15.9532,4.1146,0,0,0,30.56885,0,0,0,0,0,0,0,0,0,0.01262,0,0,0,0.25734,0,0.69348,0.31268,0,0.10114,0,0.00192,0,0,0,0,0,0,0,0,0,0,0,0,0,0,0,0,0,0,0,0,0,0,0,0,0,0,0,0,0,0,0,0,0,0,0,0,0.03245,0,0,0,0.01755,0,0,0.01244,0,0,0,0.0246,0.00232,0.29979,0,0,0,0,0.01029,0,0,0,0,0,0,0,0,0,0,0,0,0,0,0.00476,0.15995,0,0,0,0,0,0,0,0,0,0,0,0,0,0,0,0,0,0,0,0,0,0,0,0,0,0,0,0,0,0,0,0,0,0,0,0,0,0,0,0,0,0.05995,0,0,0,0,0,0,0,0,0,0,0.04509,0.01009,0,2.79587,0,0,0,0,0,0,0,0,0,0,0,0,0,0,0,0,0,0,0,0,0,0,0,0,0.57695,0,0,0,0.38163,0.88139,0,0,0.39874,0,0,0,0,0,0.06887,0,0,0,0,0,0,0,0,0,0,0,0,2.37348,0,0.38867,8.5329,0,0,0,0,0,0,0,0,0,0,0,0.10032,0.42376,0,0,0.1022,3.93085,0,0,0,0,0,0,0,0.08626,0,1.21733,0,0,0,0,0,0,0,0,0,0,0,0,0,0,0,0,0.13937,0,0,0,0,0,0,0,0,0,0,0,0,0,0,0,0,0,0,0.35043,0,0,1.20399,0,0,0,0,0.06523,0.06563,0,0,0,0,0,0,0,0,0.01558,0.00071,0.00764,0,0,0,0,0,0,0,0,0,0,0,0,0,0,0,0.00339,0,0,0,0,0,0,0,0,0,0,0,0,0,0,0,0,0,0.05443,0,0,0,0,0,0,0,0,0,0,0,0,0,0,0,1.161,0,0,0,0,0,0,0,0,0,0.0953,0,0,0.59734,0.52811,0.44686,0.06862,0,0,0,0,0,0,0.13303,0,0,0,0,0,0,0,0,0,0,0,0,0,0,0,0,0,0,0,0,0,0,0,0,0,0,0,0,0,0,0,0,0,0.26054,0,0,0,0,0,0,0,0,0,0,0,0.03808,0.64958,0,0.0939,0,0,0.01728,0,0,0,0,0.00024,0,0,0,0,0,0.76982,0,0,0,0.009,0.71487,0,0.00044,0,1.03364,0,0,0,0,0,0,0.55829,6.33059,0,0,0,0,0,0,0,0,0,0,0,0,0,0,0.00932,0.00715,0,0,0,0,0,0.61346,0.02013,0,0,0,0,0,0,0,0,0,0,0,0,0,0,0,0,0,0,0,0,0
"4083_2",0,0,0,0,0,0,0,0,0,0,0,0,0.00856,0,0,0,0,0.26517,0.01196,0,0,0,0,0,0,0,0,0,0,0,0,0.07633,0,0,0,0,0.09621,0,1.30963,0.44808,6e-04,0,0,0,0,0,0,0,0.00684,0,0.23411,0,0,0,0,0.02255,0,0,0,0,0,0.08524,0,0,0.4188,0,0,0,0,0,0,0,0,0,0,0,0,0,0,0,0,0,0,0,3.85027,0.21761,0,0,0,29.01937,0,0,0,0,0,0,0,0,0,0,0,0,0,1.34212,0.00113,0.9304,0.4658,0.00196,0.23218,0,0.01865,0,0,0,0,0,0,0,0,0,0,0,0,0,0,0,0,0,0,0,0,0,0,0,0,0,0,0,0,0,0,0,0,0,0,0,0,0,0,0,0,0,0,0,0,0,0,0,0.01377,0,0.01611,0,0,0,0,0,0,0,0,0,0,0,0,0,0,0,0,0,0,0,0,0.00798,0,0,0,0,0,0,0,0,0,0,0,0,0,0,0,0,0,0,0,0,0,0,0,0,0,0,0,0,0,0,0,0,0,0,0,0,0,0,0,0,0,0.06714,0,0,0,0,0,0,0,0,0,0,0.10316,0,0,5.03509,0,0,0,0,0,0,0,0,0,0,0,0,0,0,0,0,0,0,0,0,0,0,0,0,0.37648,0,0,0,1.25871,5.07426,0,0,0.66001,0,0,0,0,0,0.01177,0,0,0,0,0,0,0,0,0,0.04808,0,0,5.48679,0,1.0951,19.3343,0,0,0,0,0,0,0,0,0,0,0,0.13949,0.01042,0,0,1.80526,3.86642,0,0,0,0,0,0.00471,0,0.3851,0,0.94626,0,0,0,0,0,0,0,0,0,0,0,0,0,0,0,0,0.55164,0,0,0,0,0,0,0,0,0,0,0,0,0,0,0,0,0,0,0.11877,0,0,5.19858,0,0,0,0,0.05913,0.17207,0,0,0,0,0,0,0,0,0.04248,0,0.01048,0,0,0,0,0,0,0,0,0,0,0,0,0,0,0,0.01188,0,0,0,0,0,0,0,0,0,0,0,0,0,0,0,0,0.00086,0,0,0,0,0,0,0,0,0,0,0,0,0,0,0,0,1.00837,0,0,0,0,0,0,0,0,0,0,0,0,0.30658,0.23371,0,0.01093,0,0,0,0,0,0,0.02089,0,0,0,0,0,0,0,0,0,0,0,0,0,0,0.01892,0,0,0,0,0,0,0,0,0,0,0,0,0,0,0,0,0,0,0.2326,0,0,0,0,0,0,0,0,0,0,0.00039,0.13576,0.62632,0,0.39033,0,0,1.06258,0,0,0,0,0.00091,0,0,0,0,0,0.37996,0,0,0,0.00508,0.90187,0,0.02113,0,0.27893,0,0,0,0,0,0,1.35755,0.84488,0,0,0,0,0,0,0,0,0,0,0,0,0.00299,0,0.02962,0.11356,0,0,0,0.00951,0,1.01019,0.02056,0,0,0,0,0,0,0,0,0,0,0,0,0,0,0,0,0,0,0,0,0
"4083_1",0,0,0,0,0,0,0,0,0,0,0,0,0,0,0,0,0,0.13625,0,0,0,0,0,0,0,0,0,0,0,0,0,0.60581,0,0,0,0,0.01778,0,0.52911,0.10866,0,0,0,0,0,0,0,0,1.06167,0,3.56942,0,0,0,0,0.51499,0.00866,0,0,0,0,0.99378,0,0,13.45565,0,0,0,0,0,0,0,0,0,0,0,0,0,0,0,0,0,0,0.03905,22.00186,4.74671,0,0,0,9.9619,0,0,0,0,0,0,0,0,0,0,0,0,0,0.43289,0,0.49972,0.07565,0,0.10725,0,0.00514,0,0,0,0,0,0,0,0,0,0,0,0,0,0,0,0,0,0,0,0,0,0,0,3e-04,0,0,0,0,0,0,0,0,0,0,0,0,0.03411,0,0,0,0,0,0,0,0,0,0,0.00125,0,0.00655,0,0,0,0,0.0109,0,0,0,0,0,0,0,0,0,0,0,0,0,0,0,0.03457,0,0,0,0,0,0,0,0,0,0,0,0,0,0,0,0,0,0,0,0,0,0,0,0,0,0,0,0,0,0,0,0,0,0,0,0,0,0,0,0,0,0.28695,0,0,0,0,0,0,0,0,0,0,0.0193,0,0,2.4342,0,0,0,0,0,0,0,0,0,0,0,0,0,0,0,0,0,0,0,0,0,0,0,0,0.21813,0,0,0,0.52828,1.9385,0,0,0.55809,0,0,0,0,0,0,0,0,0,0,0,0,0,0,0,0.00335,0,0,3.41416,0,0.54821,12.43566,0,0,0,0,0,0,0,0,0,0,0,0.0995,0.05193,0,0,0.19667,5.38395,0,0,0,0,0,0,0,0.18457,0,0.1067,0,0,0,0,0,0,0,0,0,0,0,0,0,0,0,0,0.06773,0,0,0,0,0,0,0,0,0,0,0,0,0,0,0,0,0,0,0.14198,0,0,3.73321,0,0,0,0,0.10457,0.09816,0,0,0,0,0,0,0,0,0.0155,0,0,0,0,0,0,0,0,0,0,0,0,0,0,0,0,0,0,0,0,0,0,0,0,0,0,0,0,0,0,0,0,0,0,0,0,0,0,0,0,0,0,0,0,0,0,0,0,0,0,0,0.0184,0,0,0,0,0,0,0,0,0,0,0,0,0.15881,2.89468,0.0383,0.00027,0,0,0,0,0,0,0.19394,0,0,0,0,0,0,0,0,0,0,0,0,0,0,0,0,0,0,0,0,0,0,0,0,0,0,0,0,0,0,0,0,0,0.44621,0,0,0,0,0,0,0,0,0,0,0,0.39327,0.02119,0,0.13604,0,0,0.14247,0,0,0,0,0.00069,0,0,0,0,0,0.54689,0,0,0,0,0.56265,0,0.00423,0,1.23031,0,0,0,0,0,0,0.50948,0.02835,0,0,0,0,0,0,0,0,0,0,0,0,0,0,0,0.01476,0,0,0,0.00801,0,1.11253,0.00963,0,0,0,0,0,0,0,0,0,0,0,0,0,0,0,0,0,0,0,0,0
"4082_4",0,0.28603,0,0,0,0,0,0,0,0,0,0,0,0,0,0,0,0.00439,1.63287,0.06355,0.19416,0,1.09289,0,0.1658,0.01795,0,0,2.27356,0,0,0,0,0,0,0,0.01399,0,6.84574,0,0,0,0,0,0,0,0,0,0.0344,0,0,0,0,0,0,0,0.27507,0,0.03929,0,5.57681,0,0,0,0.51306,0,0,0,0,0,0,0,0,0,0,0,0,0,0,0,0,0,0.00189,0,6.68992,0.97428,0,0,0.75026,0,0,0.66956,0,0,0,0,0,0,0,0.00052,0,0,0,0.53586,0,0,0,0,0.09184,0,0,0,0,0,0,0,0,0,0,1.1207,0,0,0,0,0,0,0,0,0,0,0,0,0.84163,0,0,0,0,0,0,0,0,0,0,0,0.01043,0,0,2.40924,0,0,0,0,0,0,0,0,0,0,0,0,0.00724,0,0,0,0,0,0,0,0,0,0,0,0,0,3.12466,0.09023,0,1.26375,0,2.94863,0,0,0.88189,0.06528,0,0.25818,0.02368,0,0.03083,0,1.195,0,0,0,0.00218,0.24506,0,0.00412,3.74523,0,0,0,0,0.03311,0,0,0.02015,0,0.09528,0,3.48558,0,0,0,0,0,0,0,0,0,0,0,0,0,0,0,0,0.0116,0,0,0,0,0,0,0,0,0,0.08887,0,0,0,0,0,0,0,0,0,0,0,0.17011,0.25601,0.51498,0,0,0,0,0,0,0,0,0,0,0,0,0,0,0.21421,0.01323,0,0,0.01917,0,0.22465,0,0,0,0,0,0,0,0,0,0,0,0,0,0.0042,0,0.22161,1.21063,0,0.02425,0,0.02172,0.78219,0.03182,0,0,0,1.59444,0,0,0,0,0.22808,0,0,0,0.66608,7.01564,5.39544,1.30489,0,0,0,0,0,0,0.12737,0.03677,5.56067,0,0.15234,1.48793,0,0,0,2.9097,0.19099,0.51442,2.0925,0.81433,0,0,0,0,0,0,0,0,0,0,0,0,0.71553,0.09851,0,0,0,0,0.14671,0,0,0,0,0,0,0,0.34302,0,0,0,0,0.19629,0,0,0,0,0,0,0,0,0,0.01424,0,0,0,0,0,0,0,0,0,0,0,0,0,0,0,0,0.05015,0,0.00438,0,0,0,0,0,0,0,0,0,0,0,0,0,0,0,0,0.00291,0,0.03976,0,0,0,0.00095,0,0,0,0,0,0,0,0,0,0,0,0,0.18717,0,0.31625,0,0.06184,0,0.30629,0,0.0529,0,0,0.88467,0,0,0,0.22747,0,0,0.48103,0.02977,0.44556,0,0,0,0,0,0.57197,0,0,0,0,0,0,0,0,0,0,0,0,0,0,0,0,0,0,0,0,0,0,0,0,0,0,0,0.08257,0,0,0,0,0,0,0,0,0,0,0,0.01824,1.29481,0,0,0.33808,0.01954,0.00056,0,0,0,0.09853,0,0,0,0,0.02152,0,0,2.71278,0,0,0,2.09656,0,0,0,0,0,0.05214,0,0,0,0,2.08093,0,0,0,0,0,0,0,0,0,0,0,0,0,0,0,0,0,0,0,0,0,0,0.6585,0.22054,0,0,0,0,0,0,0,0,0.51467,0,0,0,0,0,0,0,0,0,0.06601,0,0
"4082_3",0,0.36653,0,0,0,0,0,0,0,0,0,0,0,0,0,0,0,0.00795,1.99935,0.10324,0.50848,0,2.22094,0,0.39201,0.06067,0,0,4.83364,0,0,0,0,0,0,0,0.05653,0,6.53025,0,0,0,0,0,0.00057,0,0,0,0.021,0,0,0,0,0,0.07438,0,0.16782,0,0.01546,0.19158,1.91237,0,0,0,1.17862,0,0,0,0,0,0,0,0,0,0,0,0,0,0,0,0,0,0.02791,0,6.734,1.35465,0,0,0.94909,0,0,1.76448,0,0,0,0,0,0,0,0.02057,0,0,0,0.38742,0,0.01488,0,0,0.04326,0,0,0,0,0,0,0,0,0,0,0.36158,0,0,0,0,0,0,0,0,0,0,0,0,1.69783,0,0,0,0,0,0,0,0,0,0,0,0.00204,0,0,2.40074,0,0,0,0,0,0,0,0,0,0,0,0,0.02445,0,0,0,0,0,0,0,0.02996,0.05195,0,0,0,0,3.33854,1.14652,0,2.72546,0,5.09892,0.05462,0,0.76641,0,0,0.27324,0,0,0.00671,0,1.24,0,0,0,0.00343,0,0,0.17416,4.26817,0,0,0.00563,0,0,0,0,0.00393,0,0,0,0,0,0,0,0,0,0,0,0,0,0,0,0,0,0,0,0,0.00205,0,0,0,0,0,0,0,0,0,0.08107,0,0,0,0,0,0,0,0,0,0,0,0.18354,0.22227,0.30997,0,0,0,0,0,0,0,0,0,0,0,0,0,0,0.24656,0.09894,0,0,0.08682,0,0.14164,0,0,0,0,0,0,0,0,0,0,0,0,0,0,0,1.4613,0.84179,0,0.03731,0,0.01748,0.5686,0,0,0,1.29401,0.02157,0,0,0,0,0.30856,0.02225,0,0,0.00555,5.12516,3.79181,1.29761,0,0,0,0,0.04304,0,0.13325,0.03303,2.25507,0,0.25364,0.85863,0,0,0.05144,3.84751,0.0169,0.65155,2.43909,1.03563,0,0,0,0,0.00173,0,0,0,0,0,0,0,0.22529,0,0,0.00748,0,0,0.21822,0,0,0,0.00279,0,0,0,1.25461,0,0,0,0,0.29278,0,0,0,0,0,0,0,0,0,0.01576,0,0,0,0,0,0,0,0,0,0,0,0,0,0,0,0,2.00676,0,0.00794,0,0,0,0.00299,0,0,0,0,0,0,0,0,0,0,0,0,0.01133,0,0.23452,0,0,0,0.03166,0,0,0,0,0,0,0,0,0,0,0,0,0.21436,0,0.81994,0,0.15776,0,0.37485,0,0.05235,0.00568,0,0.82187,0,0,0,0.64536,0,0,0.211,0.02596,0.42584,0,0,0,0,0,0.22342,0,0,0,0,0,0,0,0,0,0,0,0,0,0,0,0,0,0,0,0,0,0,0,0,0,0,0,0.15649,0,0,0,0,0,0,0,0,0,0,0,0.06135,0.60156,0,0,0.04933,0,0,0,0,0,0.23049,0,0,0,0,0.01931,0,0,1.34056,0,0,0,1.96964,0,0,0,0,0,0.00446,0,0,0,0,1.32644,0.01437,0,0,0,0,0,0,0,0,0,0,0,0,0,0,0,0.00381,0,0,0,0,0,1.23446,0.23303,0,0,0,0,0,0,0,0,0.68261,0,0,0,0,0,0.00095,0,0,0,0.3823,0,0
"4007_1",0,0,0,0,0,0,0,0,0,0,0,0,0,0,0,0,0,0.00261,25.33008,0.84349,0,0,0,0,0.64594,0.00295,0,0,0,0,0,0,0,0,0,0,0,0,2.54001,0,0,0,10.2363,0,0.05968,0,0,0.71736,0,0,0,0,0,0,0,0,0,0,0.78476,0,0.76996,0,7e-04,0,0.01637,0,0,0,0,0,0,0,0,0,0,0,0,0,0,0,0,0,0,0.06743,1.23688,0.20832,0.0134,0,0,0,0,0.23439,0,0,0,0,0,0,0,0,0,0,0,0.28245,0.00739,0,6.04093,0,0,0,0.01342,0,0,0,0,0,0.00293,0,0.043,0,0,0,0,0,0,0,0,0,0,0.01264,0.01779,0,0,0,0,0,0,0,0,0,0,0,0,0.04491,0.02243,0,0,0.03715,0,0,0,0.08132,0,0,0,0,0,0,0,0.00324,0.00941,0,0,0,0,0,0,0,0.01382,0,0,0,0,0,0,0,0,0,0,0,0.13381,0,0,0,0,0,0.68005,0,0,0,0,0.02544,0,0,0,0,0,0,0,0,0,0,0,0,0,0,0,0,0,0,0,0,0,0,0,0.03452,0.20553,0,0,0,0,0,0,0.0202,0,0,0,0,0,0,0,0,0,0,0,0.02349,0,1.0241,0,0,0,0,0,0,0,0,0,0,0,0.08982,0,0.30143,0,0,0,0,0,0,0.01259,0,0,0,0,0,0,0,0,0,1.84649,0,0.17472,0,0,0.01947,0,0.00508,0.00427,0,0,0,0,0,0,0.03501,0.08848,0,1.60548,0,1.83689,0,0,0,0.12573,4.02127,0,0,0,0,0,0.05767,0,0,0,0,0,0.05154,0,0,0,0.8313,21.24838,3.85279,0,0,0,0,0.06459,0,0,0.60963,0.03251,0.10397,0.1272,3.7403,0,0.162,0,0,0,0,0,0.01839,0,0,0,0,0.01573,0,0,0,0,0,0,0,0,0,0,0,0,0,0,0,0,0,0,0.04975,0,0,0.00663,0,0,0,0,0.2135,0,0.00522,0,0,0,0,0,0,0,0.00674,0,0,0.04931,0,0,0,0,0,0,0,0,0,0,0,0,0,0.39982,0,0,0,0,0,0,0,0,0,0,0,0,0,0,0,0,0,0,0.01841,0,0,0,0,0,0,0,0,1.61894,0,0,0.12348,0,0,0,0,0,0,0,0,0,0,0.01232,0,0,0,0,0,0.07454,0.29076,0,0,0.04347,0,0,0,0,0,0.02184,0,0,0,0,0.6125,0,0,0,0,0,0,0,0,0,0,0,0,0,0,0,0,0,0,0.2317,0,0,0,0,0,0,0,0,0,0,0,0,0,0,0,0,0,0,0,0,0,0.59611,0,0.16535,0.01559,0.18911,0.02906,0,0,0.05608,0.01864,0,0,0,0,0,0,0.11966,0,0,0,0,0,0.00688,0,0,0,0,0,0,0,0,0,0,0.40848,0.05037,0,0,0.01333,0,0,0,0,0,0,0,0,0,0,0,0,0.00913,0,0,0,0.09099,0,0.87893,0,0,0,0,0,0,0,0,0,0,0,0,0,0,0,0,0,0,0,0,0,0
"4082_2",0,0.47903,0,0,0,0,0,0,0,0,0,0,0,0,0,0,0,0.01376,0.35666,0.3549,0.30981,0,1.74517,0,3.1243,0.03653,0,0,8.75719,0,0,0,0,0,0,0,0.03323,0,5.1909,0,0,0,0,0,0.04116,0,0,0,0.03036,0,0,0,0,0,0.05253,0,0.8071,0,0.348,0.45979,0.87198,0,0,0,1.03442,0,0,0,0,0,0,0,0,0,0,0,0,0,0,0,0,0,0.19072,0,14.43191,5.33638,0,0,3.82172,0,0,1.0928,0,0,0,0,0,0,0,0.07346,0,0,0,0.28491,0,0.00673,0,0,0.07862,0,0,0,0,0,0,0,0,0,0,1.658,0,0,0,0,0,0,0,0,0,0.00039,0,0,1.83116,0,0,0,0,0,0,0,0,0,0,0,0.01287,0,0,0.55314,0,0,0,0,0,0,0,0,0,0,0,0,0.06102,0,0,0,0,0,0,0.27713,0.31202,0.04944,0,0,0,0,0.64077,0.0984,0,1.73663,0,0.18383,0.00078,0,0.26379,0,0,0.11111,0.05715,0.56687,0.03522,0,0.15371,0.00664,0,0,0.01047,0,0,0.22523,1.06102,0,0,0,0,0,0,0,0,0,0,0,0,0,0,0,0,0,0.0355,0,0,0,0,0,0,0,0,0,0,0,0,0,0,0,0,0,0,0,0,0.12808,0,0,0,0,0,0,0,0,0,0,0,0.24834,0.2341,1.24719,0,0,0,0,0,0,0,0,0,0,0,0,0,0,0.21059,0.07652,0,0,0.05205,0,0.15936,0,0,0,0,0,0,0,0,0,0,0,0,0,0.01876,0,1.06561,0.87135,0,0.08402,0,0.03847,0.47167,0,0,0,0.48502,0.07896,0,0,0,0,0.75805,0.02182,0,0,0.00746,4.09615,2.07769,0.66717,0,0,0,0,0.06188,0,0.01461,0.02506,1.40721,0,0.114,0.5427,0,0,0.01267,2.24311,0.00891,0.11709,0.32282,0.25224,0,0,0,0,0.00892,0,0,0,0,0,0,0,0.56009,0,0,0.01276,0,0,0.06377,0,0,0,0.00811,0,0,0,0.80424,0,0,0,0,0.12979,0,0,0,0,0,0,0,0,0,0.01779,0,0.00417,0.0015,0,0,0,0,0,0,0,0,0,0,0,0,0,5.31173,0,0.00868,0,0,0,0.0165,0,0,0,0,0,0,0,0,0,0,0,0,0.04969,0,0.42487,0,0,0,0.00638,0,0,0,0,0,0,0,0,0,0,0,0,0.27264,0,0.7266,0,0.71328,0,0.21454,0.00161,0.0201,0.00613,0,3.62274,0,0,0,1.0787,0,0,0.35459,0.03297,0.69109,0,0,0,0,0,0.31949,0,0,0,0,0,0,0,0,0,0,0,0,0,0,0,0,0,0,0,0,0,0,0,0,0,0,0,0.13264,0,0,0,0,0,0,0,0,0,0,0,0.04054,0.19519,0,0.09317,0.01929,0,0.00442,0,0,0,0,0,0,0,0,0,0,0,0.46973,0,0,0,1.7672,0,0,0,0,0,0,0,0,0,0,2.21881,0.00417,0,0,0,0,0,0,0,0,0,0,0,0,0,0,0.00114,0,0,0,0,0.00487,0,1.09381,0.07614,0,0,0,0,0,0,0,0,0.16356,0,0.00537,0,0,0,0,0,0,0,0.69947,0,0
"4082_1",0,0.14129,0,0,0,0,0,0,0,0,0,0,0,0,0,0,0,0.00151,5.86287,0.06208,0.23333,0,1.82491,0,0.10675,0.01215,0,0,4.29031,0,0,0,0,0,0,0,0.00679,0,3.60402,0,0,0,0,0,0.01392,0,0,0,0.00112,0,0,0,0,0,0.06833,0,0.38667,0,0.11272,0.27945,2.49202,0,0,0,0.51494,0,0,0,0,0,0,0,0,0,0,0,0,0,0,0,0,0,0.17538,0,4.63981,1.29079,0,0,0.66639,0,0,0.46255,0,0,0,0,0,0,0,0.00498,0,0,0,0.20223,0,0.00604,0,0,0.05333,0,0,0,0,0,0,0,0,0,0,0.63442,0,0,0,0,0,0,0,0,0,0,0,0,0.56979,0,0,0,0,0,0,0,0,0,0,0,0.01093,0,0,2.36345,0.02298,0,0,0,0,0,0,0,0,0,0,0,0.02544,0,0,0,0,0,0,0.1038,0.38052,0.02195,0,0,0,0,5.62936,0.69334,0,2.26308,0,3.25557,0,0,0.05633,0,0,0.20662,0.0866,0.24748,0.08674,0,0.12453,0,0,0,0.00146,0,0,0.08117,6.22597,0,0,0.00769,0,0,0,0,0,0,0.07475,0,0,0,0,0,0,0,0,0,0,0,0,0,0,0,0,0,0,0,0,0,0,0,0,0,0,0,0,0.00645,0,0,0,0,0,0,0,0,0,0,0,0.19164,0.18196,0.48643,0,0,0,0,0,0,0,0,0,0,0,0,0,0,0.31734,0.0946,0,0.00207,0.15105,0,0.13292,0,0,0,0,0,0,0,0.0043,0,0,0,0,0,0.44186,0,3.28844,1.00317,0,0.18955,0,0.06702,0.05222,0.03073,0,0,0.23385,0.06878,0,0,0,0,0.59846,0,0,0,0.05424,4.96517,5.33084,1.49951,0,0,0,0,0.00361,0,0.08903,0.04485,2.59984,0,0.29135,1.42952,0,0,0.06877,4.77993,0.09062,0.64776,2.17203,0.68735,0,0,0,0,0.00606,0,0,0,0,0,0,0,0.57521,0,0,0.01825,0,0,0.0466,0,0,0,0.52166,0,0,0,1.02618,0,0,0,0,0.1724,0.0581,0,0,0,0,0,0,0,0,0.07028,0,0,0,0,0,0,0,0,0,0,0,0,0,0,0,0,2.28348,0,0.00569,0,0,0,0,0,0,0,0,0,0,0,0,0,0,0,0,0.1065,0,0.12909,0,0,0,0.03317,0,0,0,0,0,0,0,0,0,0,0,0,0.4034,0,0.16797,0,0.08308,0,0.50071,0,0.0869,0.00661,0,0.70526,0,0,0,0.41927,0,0,0.36364,0.01108,0.11472,0,0,0.04392,0,0,0.16972,0,0.01327,0,0,0,0.0097,0.1353,0,0,0,0,0.06848,0,0,0,0,0,0,0,0,0,0,0,0,0,0.07431,0,0.06102,0,0,0,0,0,0,0,0,0,0,0,0.10268,0.23256,0,0.00621,0.05712,0.0136,0,0,0,0,0,0,0,0,0,0.01662,0,0,2.87371,0,0,0,1.95311,0,0,0,0,0,0,0,0,0,0,1.25945,0.01426,0,0,0,0,0,0,0.00588,0,0,0,0,0,0,0,0,0,0,0,0,0,0,0.64181,0.11698,0,0,0,0,0,0,0,0,0.98963,0,0,0,0,0,0.00361,0,0,0,0.23379,0,0
"4081_4",0,0,0,0,0,0,0,0,0,0,0,0,0,0,0,0,0,0.03317,15.82223,0.36149,0.09513,0,2.90421,0,6.05892,0.14762,0,0,0,0,0,0,0,0,0,0,0,0,1.45066,0,0,0,0,0,0.01943,0,0,0.43302,0.10854,0,0,0,0,0,0,0,0.38792,0,0,0,0,0.94441,0,0,0.43591,0,0,0.04679,0,0,0,0,0,0,0,0,0,0,0,0,0,0,4.65689,0.45984,4.12664,4.09411,0.02188,2.40807,0,0,0,0,0,0,0,0,0.95081,0,0,0,0,0,0,0.15192,0,0.14018,0.02694,0,0.13187,0,0,0,0,0,0,0,0,0.00384,0,0,0,0,0,0,0,0,0.00152,0.01076,0,0,0,0,0,0,0,0,0,0,0,0,0,0,0,0,0.04843,0,0,0.03161,0,0,0,0,0,0,0,0,0,0,0,0,0.01238,0,0,0,0,0,0,0,0.10583,0.02171,0,0,0,0,0.19925,0.07743,0,0,0,0.63213,0,0,0.09033,0.04769,0.07691,0.00436,0,0,0,0,0,0,0,0.88168,0,0,0,0,0,0,0,0,0,0,0,0,0,0,0,0,0,0,0,0,0,0.00727,0.03466,0,0,0,0,0,0,0.01621,0,0,0,0,0,0,0,0,0,0,0,0,0,0.83382,0,0,0,0,0,0.03818,0,0,0,0,0,0.01167,0.2849,3.04064,1.63399,0,0,0,0,0,0,0,0,0,0.06393,0,0,0,0.04485,0.27872,0,0,0,0,0,0.05152,0,0,0,0,0,0,0,0,0,0,0,0,0.00152,0,2.44244,0.37169,0,0.12947,1.98395,0,0.02057,0,0,0,1.31575,0.00365,0,0.01321,1.28312,0,0.05975,0.16857,0,0,0.05241,2.55315,3.64805,0.24177,0,0,0,0,0.07575,0,0.09709,0.06761,0.0347,0,0.26957,4.3908,0.14117,0.05116,0.12321,0,0,0,1.10507,0.47254,0,0,0,0,0.04633,0,0,0.008,0,0,0,0,0.03898,0,0,0,0,0,0.69487,0,0,0,0.00299,0,0,0,0.54218,0.10404,0,0,0,0.02325,0.07566,0,0.00102,0.01653,0,0,0,0,0,0,0,0,0.09017,0,0,0,0,0,0,0,0,0,0,0,0,0,2.00255,0,0.00297,0,0,0,0,0,0,0,0,0,0,0,0,0,0,0,0,0.02851,0,0,0,0,0,0.00131,0,0,0.0986,0,0,0.00785,0,0,0,0,0,0,0,0,0,0,0.15651,0,0.69127,0,0,0,0,1.18887,0.41696,0,0,0.1757,0,0,0,0,0.02528,0,0,0,0,0.12529,0,0,0,0.62323,0,0,0,0,0,0,0,0,0,0,0,0,0,0,0,0,0,0,0,0,0,0,0,0,0,0,0,0,0,0,0,0,0,0,0,0,0.37737,0.04111,0.00683,0.19453,0,0,0,0.0088,0,0,0,0.00212,0,0,0,0.01519,0,0.31775,6.94329,0,6.0218,0.00172,0.10817,0,0.0027,0,0.10398,0,0,0,0,0,0,0,0.10354,0,0,0,0,0,0.00684,0,0,0,0,0,0,0,0,0.01065,0.07842,0,0,0,0.08946,0,1.63233,0.00289,0,0,0,0,0.41851,0,0,0.00288,0.19768,0,0,0,0,0,0,0,0,0,0,0,0
"4081_3",0,0,0,0,0,0,0,0,0,0,0,0,0,0,0,0,0,0.03031,0.70589,0.10874,0.00037,0,1.69555,0,6.96518,0.08249,0,0,0,0,0,0,0,0,0,0,0,0,1.3746,0,0,0,0,0,0.00472,0,0,0.52812,0.02042,0,0,0,0,0,0,0,0.50466,0,0,0,0,2.01604,0,0,0.72294,0,0,0.01805,0,0,0,0,0,0,0,0,0,0,0,0,0,0,5.20293,0.42132,2.41111,4.99596,0.01462,2.35131,0,0,0,0,0,0,0,0,1.06557,0,0,0,0,0,0,0.39471,0,0.43866,0.07535,0,0.25742,0,0,0,0,0,0,0,0,0.0094,0,0,0,0,0,0,0,0,0.02964,0.17126,0,0.00164,0,0,0,0,0,0,0,0,0,0,0,0,0,0,0.13071,0,0,0.06891,0,0,0,0,0,0,0,0,0,0,0,0,0,0,0,0,0,0,0,0,0.13839,0.03939,0,0,0,0,0,0.28043,0,0,0,0.22336,0,0,0.18598,0.42578,0.02055,0.05286,0.11021,0,0,0,0,0.01452,0,0.21232,0,0,0,0,0,0,0,0,0,0,0,0,0,0,0,0,0,0,0,0,0,0,0.03875,0,0,0,0,0,0,0.00803,0,0,0,0,0,0,0,0,0,0,0,0,0,1.30631,0,0,0,0,0,0,0,0,0,0,0,0.01414,0.58101,3.87427,1.89758,0,0,0,0,0,0,0,0,0,0.03885,0,0,0,0.06692,0.52683,0,0,0,0,0,0.01103,0,0,0,0,0,0,0,0,0,0,0,0,0,0,3.06444,0.41815,0,0.2263,1.13536,0,0.10186,0,0,0,2.87678,0.03005,0,0.04854,7.43963,0,0.07038,0.14681,0,0,0.09988,4.04264,2.79128,0.15526,0,0,0,0,0.31039,0,0.02683,0.09043,0.07475,0,0.283,1.38803,0.08915,0.05578,0.12642,0,0,0,4.90611,1.40125,0,0,0,0,0.03049,0,0,0.01658,0,0,0,0,0.12547,0,0,0.00338,0,0,0.7473,0,0,0,0.02779,0,0,0,0.8535,0.26879,0,0,0,0.02352,0.02698,0,0,0,0,0,0,0,0,0,0,0,0.07751,0,0,0,0,0,0,0,0,0,0,0,0,0,3.74712,0,0,0,0,0,0,0,0,0,0,0,0,0,0.00197,0,0,0,0,0.01165,0,0,0,0,0,0,0,0,0.05635,0,0,0,0,0,0,0,0,0,0,0,0,0,0.13493,0,1.44191,0,0,0,0,1.78286,0.33152,0,0,0.40156,0,0,0,0,0.04009,0,0,0,0,0.26927,0,0,0,0.88294,0,0,0,0,0,0,0,0,0,0,0,0,0,0,0,0,0,0,0,0,0,0,0,0,0,0,0,0,0,0,0,0,0,0,0,0,1.99907,0.44239,0.46472,0.53309,0,0,0,0.02483,0,0.05162,0,0.00578,0,0.00934,0,0,0,0.44874,6.37462,0,0.64368,0,0.03954,0,0.00427,0,0.71149,0,0,0,0,0,0,0,0.00753,0,0,0,0,0,0.00407,0,0,0.0105,0,0,0,0,0,0.22015,0.39229,0,0.00072,0,0,0,1.31991,0.00303,0,0,0,0,0.49657,0,0,0,0.16721,0.02286,0.00152,0,0,0.00336,0.00798,0,0,0,0,0,0
"4081_2",0,0,0,0,0,0,0,0,0,0,0,0,0,0,0,0,0,0.03415,1.52377,0.21013,0.02525,0,2.52549,0,6.27094,0.29262,0,0,0,0,0,0,0,0,0,0,0,0,0.71853,0,0,0,0,0,0.0179,0,0,1.04042,0.03889,0,0,0,0,0,0,0,0.33751,0,0,0,0,2.10908,0,0,0.22983,0,0,0.0925,0,0,0,0,0,0,0,0,0,0,0,0,0,0,9.70955,1.13349,3.84721,6.54246,0.10718,6.54789,0,0,0,0,0,0,0,0,0.17801,0,0,0.00069,0,0,0,0.258,0,0.16388,0.04051,0,0.20078,0,0,0,0,0,0,0,0,0.04509,0.01087,0,0,0,0,0,0,0,0.06532,0.25684,0,0.05665,0,0,0,0,0,0,0,0,0,0,0,0,0,0,0.00253,0,0,0.03082,0,0,0,0,0,0,0,0,0,0,0,0,0,0,0,0,0,0,0,0,0.06312,0.07898,0,0,0,0,0.11278,0.28857,0,0,0,0.30613,0,0,0.14643,0.20763,0.00626,0.02952,0.01751,0,0,0,0,0.07781,0,2.16641,0,0,0,0,0,0,0,0,0,0,0,0,0,0,0,0,0,0,0,0,0,0.00475,0.03825,0,0,0,0,0,0,1.00403,0,0,0,0,0,0,0,0,0,0,0,0,0,0.29153,0,0,0,0,0,0.00157,0,0,0,0,0,0.01,0.26604,2.58349,2.4328,0,0,0,0,0,0,0,0,0,0.00128,0,0,0,0.09779,0.22194,0,0,0,0,0,0.02082,0,0,0,0,0,0,0,0,0,0,0,0,0,0,4.10867,0.23995,0,0.18942,0.64225,0,0.01992,0,0,0,4.64003,0.09939,0,0.02782,0.85099,0,0.04778,0.11706,0,0,0.04635,4.25231,3.56787,0.24306,0,0,0,0,0.2334,0,0.00645,0.04909,0.10396,0,0.16445,1.85701,0.07587,0.02578,0.03862,0,0,0.00158,1.30724,0.42256,0,0,0,0,0.02487,0,0,0.00652,0,0,0,0,0.09941,0,0,0.00255,0,0,0.53207,0,0,0,0.00083,0,0,0,0.67422,0.00842,0,0,0,0.05069,0.04619,0,0.00571,0,0,0,0,0,0,0,0,0,0.00857,0,0,0,0,0,0,0,0,0,0,0,0,0,2.42489,0,0,0,0.03193,0,0,0,0,0,0,0,0,0,0.00153,0,0,0,0,0.02456,0,0,0,0,0,0.00033,0,0,0.01041,0,0,0.00317,0,0,0,0,0,0,0,0,0,0,0.62262,0,1.6937,0,0,0,0,1.55326,0.53742,0,0,0.28702,0,0,0,0,0.02544,0,0,0,0,0.11331,0,0,0,0.99533,0,0,0,0,0,0,0,0,0,0,0,0,0,0,0,0,0,0,0,0,0,0,0,0,0,0,0,0,0,0,0,0,0,0,0,0,1.25228,0.14337,0.36825,0.5614,0.04206,0.01034,0,0.17162,0,0.00574,0,0.00431,0,0.00791,0.00296,0.00614,0,0.36127,4.75603,0,0.06516,0.00405,0.19076,0,0.00292,0,0.3342,0,0,0,0,0,0,0,0.00264,0,0,0,0,0,0.00379,0,0,0.01098,0,0,0,0,0.00042,0.06396,0.06581,0,0,0,0.57937,0,1.35183,0.00471,0,0,0,0,1.17658,0,0,0,0.10756,0.00749,0.00218,0.00041,0.0021,0.00398,0.01064,0.00173,0,0.009,0,0,0
"4080_4",0,0,0,0,0,0,0,0,0,0,0,0,0,0,0,0,0,0,0.80746,0,0,0,0.67351,0,0.00972,0.05792,0,0,0,0,0,0,0,0,0,0,0,0,0.02228,0,0,0,0,0,0,0,0,0.45206,0,0,0.16481,0,0,0,0,0,0,0,0,0,0,0,0,0,0.47692,2.06402,0.00564,0,0,0,0,0,0,0,0,0,0,0,0,0,0,0,0,0.63463,0.45303,2.47754,0.01547,0.81675,0,1.65765,0,0,0,0,0,0,0,0,0,0,0,0,0,0.05948,0,0.06635,0,0,0.01011,0,0,0,0,0,0,0,0,0,0,0,0,0,0,0,0,0,0,0,0,0,0,0,0,0,0,0,0.00357,0,0,0,0,0,0,0,0,0,0,0,0,0,0,0,0,0,0,0,0,0,0,0,0,0,0,0,0,0,0,0,0,0,0,0,0.00429,0,0,0.16,0,2.99918,0,0,0.12638,0,0.00687,0,0.00389,0,0,0,0,0,1.69329,0,0,0,0,0,0,0,0,0.01344,0,0,0,0.01605,0,0,0,0,0,0,0,0,0,0,0,0,0,0,0.06837,0,0,0,0,0.5147,0,0,0,0,0,0,0,0,0,0,0,0,0,0.22192,0,0,0,0,0,0,0,0,0,0,0,0.11762,0.46978,0,0,0,0,0,0,0,0,0,0,0,0,0,0,0,0.34129,0.61832,0,0,0,0,0,0,0,0,0,0,0,0,0,0,0,0,0,0,0,0,0.00593,0.48139,0,0.00499,8.24193,0,0.04533,0,0,0,0.05147,0,4.22881,0,0,0,0,0.31338,0.03479,0.00551,0,3.85677,0,0,0,0,0,0,0,0,0,12.63169,0.00233,0,0,0,0,0,0,5.70765,0,0,0,0,0,0,0.02836,0,0,0,0,0,0,0,0,0,0.94821,0,0,0.63013,1.14962,0,0.41689,0,0,0,0,0,0,0,0.10143,0,0,0,0,0.02843,0,0,0,0,0,0,0,0,0.25115,0,0,0.20557,0,0,0.87497,0.20361,0,0,0,0,0,0,0,0,0,0,0,0,0,0,0,0,0,0,0,0,0,0,0,0,0,0.18265,0,0,0,0,0,0,0,0,0,0,0,0,0,0,0,0,0,0,0,0,0,0,0,0,0,0,0.12299,0,2.09932,0,2.24705,0,0,0.01995,0,0,0,0.53761,0,0,0,0,0,0,0,0,0,0,0,0,0,0,0,0,0,0,0,0,24.21565,0,0,0,0,0,0.0101,0,1.86576,0,0,0,2.72884,0,0,0,0,0,0,0,0,0,0,0,0,0,0,0,0,0,0.17317,3.55035,0.18037,0.45465,0,0,0,0,0,0,0,0,0,0,0,0,0,0.07876,0,0,0,0,0.09435,0,0,0,1.1274,0,0,0,0,0,0,0,0,0,0,0,0.00822,0,0,0,0,0,0,0,0,0,0,0.02116,0.4871,0,0,0,0,0,1.03989,0,0,0,0,0,0,0,0,0,0,0,0,0,0,0,0,0,0,0,0,0,0
"4080_3",0,0,0,0,0,0,0,0,0,0,0,0,0,0,0,0,0,0.02634,0.26494,0,0,0,1.2649,0,0.0965,0.07679,0,0,0,0,0,0,0,0,0,0,0,0,0.09822,0,0,0,0,0,0,0,0,0.76966,0,0,0.14774,0,0,0,0,0,0,0,0,0,0,0,0,0,0.62511,4.26384,0.01669,0,0,0,0,0,0,0,0,0,0,0,0,0,0,0,0,0.91169,0.58894,3.14851,0.06175,0.97091,0,0.06682,0,0,0,0,0,0,0,0,0,0,0,0,0,0.14249,0,0.26904,0.00402,0,0.05402,0,0,0,0,0,0,0,0,0,0,0,0,0,0,0,0,0,0,0,0,0,0,0,0,0,0,0,0.01672,0,0,0,0,0,0,0,0,0,0,0,0,0,0,0,0,0,0,0,0,0,0,0,0,0,0,0,0,0,0,0,0,0,0,0,0,0,0,0.04934,0,2.90674,0.01386,0,0.03045,0,0.68625,0,0,0.01277,0,0,0,0,7.09989,0,0,0,0,0,0,0,0,0.49137,0,0,0,0.0524,0,0,0,0,0,0,0,0,0,0,0,0,0,0,0.55493,0,0,0,0,0.70875,0,0,0,0,0,0,0,0,0,0,0,0,0,0.4143,0,0,0.01179,0,0,0,0,0,0,0,0,0.23317,0.77315,0,0,0,0,0,0,0,0,0,0,0,0,0,0,0,0.6598,1.03173,0,0,0,0,0.00281,0,0,0,0,0,0,0,0,0,0,0,0,0,0,0,0.09142,0.98788,0,0.02013,5.87963,0,0.40598,0,0,0,1.41878,0,7.77576,0,0,0,0,0.0153,0,0,0,2.33417,0.0513,0,0,0,0,0,0,0,0,11.50267,0,0,0,0,0,0,0,0.70891,0,0,0,0.00225,0,0,0.469,0,0,0,0,0,0,0,0,0,0.98251,0,0,0.32808,1.31207,0,0.01315,0,0,0,0,0,0,0,0.17935,0,0,0,0,0.09234,0,0,0.03154,0,0,0,0,0,0.19294,0,0,0.08136,0,0,0.2975,0.11215,0,0,0,0,0,0,0,0,0,0,0,0,0,0,0,0,0,0,0,0,0,0,0,0,0,0.11045,0,0,0,0,0,0,0,0,0,0,0,0,0,0,0,0,0,0,0,0,0,0,0,0,0,0,0.1272,0,1.51262,0,0.79773,0,0,0.02897,0,0,0,1.28242,0,0,0,0,0,0,0,0,0,0,0,0,0,0,0,0,0,0,0,0,14.78035,0,0,0,0,0,0.00144,0,2.66527,0,0,0,1.65888,0,0,0,0,0,0,0,0,0,0,0,0,0,0,0,0,0.00484,0.10134,7.38885,0.46192,0.1011,0,0,0,0,0,0,0,0,0,0,0,0,0,0,0,0,0,0,0.3701,0,0.03206,0,1.58858,0,0,0,0,0,0,0,0.03552,0,0,0,0.03127,0,0,0,0,0,0,0,0,0,0,0,0.35635,0,0,0,0,0,1.65366,0.00378,0,0,0,0,0,0,0,0,0,0,0,0,0,0,0,0,0,0,0,0,0
"4080_2",0,0,0,0,0,0,0,0,0,0,0,0,0,0,0,0,0,0,2.75096,0,0,0.01579,2.2581,0,0.16707,0.26079,0,0,0,0,0,0,0,0,0,0,0,0,0.00789,0,0,0,0,0,0,0,0,0.69697,0,0,0.27429,0,0,0,0,0,0,0,0,0,0,0,0,0,0.72356,1.09214,0.00462,0,0,0,0,0,0,0,0,0,0,0,0,0,0,0,0,1.34963,1.62323,3.19654,0.06527,0.84126,0,0.13595,0,0,0,0,0,0,0,0,0,0,0,0,0,0.01951,0,0.1301,0,0,0.06114,0,0.00187,0,0,0,0,0,0,0,0,0,0,0,0,0,0,0,0,0,0,0,0,0,0,0,0,0,0,0,0,0,0,0,0,0,0,0,0,0,0,0,0,0,0,0,0,0,0,0,0,0,0,0,0,0,0,0,0,0,0,0,0,0,0.00639,0,0,0.24445,0,1.7867,0,0,0.01321,0,0.19245,0,0.04964,0.0096,0,0,0,0,0.49172,0,0,0,0,0,0,0,0,0,0,0,0,0.03958,0,0,0,0,0,0,0,0,0,0,0,0,0,0,0.07928,0,0,0,0,0.29713,0,0,0,0,0,0,0,0,0,0,0,0,0,0.2616,0,0,0,0,0,0,0,0,0,0,0,0.13683,0.22635,0,0,0,0,0,0,0,0,0,0,0,0,0,0,0,0.11333,0.23234,0,0,0,0,0.00805,0,0,0,0,0,0,0,0,0,0,0,0,0,0.25234,0,0.00305,0.1769,0,0.00279,2.39855,0,0.12375,0,0,0,0.86124,0.11681,7.28373,0,0,0,0,0.01164,0,0,0,0.89763,0.02343,0,0,0,0,0,0,0,0,7.05467,0.01698,0,0,0,0,0,0,8.26225,0,0,0,0,0,0,0.46002,0,0,0,0,0,0,0,0,0,0.36778,0,0,0.59355,0.14071,0,0,0,0,0,0,0,0,0,0.04145,0,0,0,0,0.10628,0,0,0,0,0,0,0,0,0.03979,0,0,0,0,0,0.1807,0.08921,0.0326,0,0,0,0,0,0,0,0,0,0,0,0,0,0,0,0,0,0,0,0,0,0,0,0,0,0,0,0,0,0,0,0,0,0,0,0,0,0,0,0,0,0,0,0,0,0,0,0,0,0,0,0.29839,0,4.24469,0,2.38004,0,0,0.16894,0,0,0,0.73764,0,0,0,0,0.00202,0,0,0,0,0,0,0,0,0,0,0,0,0,0,0,30.53702,0,0,0,0,0,0.00052,0,0.73543,0,0,0,1.17099,0,0,0,0,0,0,0,0,0,0,0,0,0,0,0,0,0,0.26943,7.14639,0.10943,0.01553,0.01001,0,0,0,0,0,0,0,0,0,0,0.00381,0,0,0,0,0,0,0.33939,0,0.00756,0,0.09943,0,0,0,0,0,0,0,0.28019,0,0,0,0.0094,0,0,0,0,0.00356,0,0,0,0,0,0,0.06328,0,0,0,0,0,1.95015,0.00201,0,0,0.01163,0,0,0,0,0,0,0,0,0,0,0,0,0,0,0,0,0,0
"4080_1",0,0,0,0,0,0,0,0,0,0,0,0,0,0,0,0,0,0.01101,3.55643,0,0,0.00223,0.41603,0,0.10807,0.07967,0,0,0,0,0,0,0,0,0,0,0,0,0.7022,0,0,0,0,0,0,0,0,0.44656,0,0,0.0429,0,0,0,0,0,0,0,0,0,0,0,0,0,0.30378,0.1328,0,0,0,0,0,0,0,0,0,0,0,0,0,0,0,0,0,0.42251,0.83267,0.84859,0.03077,0.37685,0,0.25299,0,0,0,0,0,0,0.06816,0,0,0,0,0,0,0.30158,0,0.65383,0.00924,0,0.15647,0,0.0254,0,0,0,0,0,0,0,0,0,0,0,0,0,0,0,0,0,0,0,0,0,0,0,0,0,0.00358,0,0,0,0,0,0,0,0,0,0,0.01419,0,0,0,0,0,0,0,0,0,0,0,0,0.12246,0,0,0,0,0,0,0,0,0.02539,0,0,0.00239,0,0,0.13122,0,1.02152,0.32686,0,0.09805,0,0.03275,0,0.00173,0,0,0,0,0,4.40145,0,0,0,0,0,0,0,0,0.19028,0,0,0,0.00669,0,0,0,0,0,0,0,0,0,0,0,0,0,0,5.9647,0,0,0,0,0.15296,0,0,0,0,0,0,0,0,0,0,0,0,0,0.81232,0,0,0.11666,0,0,0,0,0,0,0,0,0.74724,1.01556,0,0,0,0,0,0,0,0,0,0,0,0,0,0,0,2.46965,2.03899,0,0,0,0,0.19324,0,0.04079,0,0,0,0,0,0,0,0,0,0,0,0,0,0.03498,2.37002,0,0.05968,11.72228,0,0.02425,0,0,0,0.02056,0.00839,25.20747,0.03082,0,0,0,0.02147,0,0,0,0.30106,0.03057,0,0,0,0,0,0,0,0,6.62027,0.02198,0,0,0,0,0.00457,0,3.66094,0,0,0,0.0013,0,0,6.27251,0,0.04266,0,0,0,0,0,0,0,1.24967,0,0,0.04882,0.32013,0,0.04608,0,0,0,0,0,0,0,1.17307,0,0,0,0,0.03778,0,0,0,0,0,0,0,0,0.89866,0,0,0.05705,0,0,0.04516,0.00961,0.00585,0,0,0,0,0,0,0,0,0,0,0.01064,0.04364,0,0,0,0,0,0,0,0,0,0,0,0,0.22383,0,0,0,0,0,0,0,0,0,0,0,0,0,0,0,0,0,0,0,0,0,0,0,0,0,0,0.03835,0,0.07355,0,2.52214,0,0,0.03445,0,0,0,0.7873,0,0,0,0,0,0,0,0,0,0,0,0,0,0,0,0,0,0,0,0,0.71964,0,0,0,0,0,0,0,0.9444,0,0,0,0.05416,0,0,0,0,0,0,0,0,0,0,0,0,0,0,0,0,0,0.08748,0.51614,0.03519,0,0,0,0,0,0,0,0,0.00119,0,0.15463,0,0,0,0.00211,0,0,0,0,1.95689,0,0.10657,0,0.16279,0,0,0,0,0,0,0,0.00291,0,0,0,0.15519,0.03259,0,0,0,0.00297,0,0,0,0,0,0.004,0.91612,0,0.00298,0,0,0,0.34546,0.0036,0,0,0,0,0,0,0,0,0,0,0,0,0,0,0,0,0,0,0,0,0
"4078_4",0,0.49552,0,0,0,0,0,0,0,0,0,0,0,0,0,0,0,0.00067,0.02565,1.0554,0.21915,0.10473,0.26716,0,5.10794,0.07753,0,0,0,0,0,0,0,0,0,0,0.03325,0,1.09762,0,0,0,0,0,0.04208,0,0.01563,1.13987,0.7143,0.00213,0,0,0.87971,0.15617,0,0,0,0,0,0.36537,0.76409,0.02092,0,0,0.1335,0,2.44899,0.10088,0,0,0,1.06266,0,0,0,0,0,0,0,0,0,0,0.605,0.07621,4.43012,1.19155,0.00212,2.57121,0,0.37433,0,0,0,0,0,0,0,0,0,0.02345,0,0,0,3.37671,0,0.11225,0,0,0.08191,0,0,0,0,0,0,0,0,0,0.18517,0,0,0,0,0,0,0,0,0,0,0,0,0,0,0,0,0,0,0,0,0,0,0,0.00122,0,0.00681,0,0,0.0428,0,0,0.01738,0,0,0,0,0,0.0014,0,0,0,0,0,0,0,0,0,0,0.09958,0.0354,0.03356,0,0,0.14026,0.03628,5.22354,0.57112,0.04124,0,0,1.45966,0,0,0.20366,0,0,0,0,0.19359,0,0,0,0,0,0,0.00234,0,0,0,0,0,0,0.76256,0,0,0,0,0,0,0,0,0,1.13549,0,0,0,0,0.04731,0,0,0,0,0,0,0.08307,0,0,0,0,0,0,0,0,0,0,0.01534,0,0,1.54275,0,0,0,0,0,0,0,0,0,0.01541,0.00069,0.62261,0.24524,0.0219,0,0,0,0,0,0,0,0.04542,0,0,0,0,0,0,0.53815,0.51869,0,0,0,0,0.09744,0.00048,0,0,0,0,0,0,0,0,0,0.00578,0,0,0,0,0.43857,0.4441,0,0.08053,0.02289,6.64165,0.03182,0.00186,0,0,0.26043,0.06269,0,0,0,0,0,0.03599,0.99648,0,0.0379,5.1455,1.76254,0.22671,0,0,0,0,0.03748,0,0.00266,3.06499,0.03462,0.04422,1.08716,1.94975,0.05358,0,0,0.92462,0,0.02527,5.20001,1.4818,0.8305,0,0,0,0.28518,0,0,0,0,0,0,0,0.23328,0,0,0.00961,0,0,0.07859,0,0,0,0,0.00019,0,0,0.47877,0,0,0,0,0.09321,0,0,0,0,0,0,0,0,0,0,0,0,0.00086,0,0,0,0,0,0,0,0,0,0,0,0,0,1.8891,0,0.00369,0,0.0468,0,0,0,0,0,0,0,0,0,0,0,0,0,0,0.00355,0,0,0,0,0,0,0,0,0.25677,0,0,0,0,0,0,0,0,0,0,0,0,0,0.11216,0,0.59247,0,11.63818,0,0.38194,0.23098,0.04558,0,0,0.1356,0,0,0,0,0.09488,0,0,0,0,0.55837,0,0,0,0,0,0,0,0,0,0,0,0,0,0,0,0,0,0,0,0,0,0,0,0,0,0,0,0,0,0,0,0,0,0,0,0,0,0,0,0,0.11759,0.59405,0.11382,0.04702,0.03231,0.02041,0,0,0,0,0,0.00022,0,0,0,0.04519,0.12859,0.09631,0.0222,0,0,0,1.73012,0,0.00232,4.03411,0,0,0,0,0,0,0,0.17176,0.07174,0,0,0,0.01739,0,0,0,0,0,0,0,0,0,0,0,0.00059,0,0,0,1.34644,0,0.0105,0.08683,0,0,0,0,0,0,0,0,0.02581,0,0,0,0,0,0,0,0,0.01947,0,0,0
"4006_4",0,2.01598,0,0,0,0,0,0,0,0,0,0,0,0,0,0,0,0.00297,1.17578,3.23392,0.18073,0.07953,0.56334,0.16324,5.58274,0.06405,0.54199,0,0,0,0,0,0,0,0,0,0,0,0.35675,0,0,0,0,0,0.00041,0.22826,0,1.13403,0,0,0,0,1.42951,0,0,0,0,0,0,0,4.04577,0.45256,0.00241,0,0.69364,0,0,1.12745,0,0,0,0,0,0,0,0,0,0,0,0,0,0,0,2.28626,19.84796,9.556,0,3.44682,0,0,0,0,0,0,0,0,0.01375,0,0,0.00799,0,0,0,0.06405,0,0.00587,0.00021,0,0.00818,0,0,0,0,0,0,0,0,0,0.3405,0,0,0,0,0,0,0.56325,0.01816,0.4429,0,1.67959,0,0,0,0,0,0,0,0,0,0,0,0,0,0,0.02835,0,0,0.09705,0,0,0,0,0,0,0,0,0,0,0,0,0,0,0,0,0,0,0,0,0.00116,0.12859,0,0,0,0,0.31225,0,0,3.97194,0,0,0,0,0,0.48566,0,0,0.00938,0,0,0,0.06029,2.33636,0,0,0.01539,0,0,0,0,0,0,0,0,0,0,0,0,0,0.37177,0,0,0,0,0,0.07102,0.00886,0,0,0,0,0,0,0,0,0,0,0,0,0,0,0,0,0,0,0,0,0,0.06411,0,0,0,0,0,0,0,0,0,0.06094,0,0.05234,0.0381,0,0,0,0,0,0,0,0,0,0,0,0,0.14063,0,0,0.07357,0.08723,0,0,0,0,0.05669,0,0,0,0,0,0,0,0,0,0,0,0,0,0.13496,0,0.63564,0.02508,0,0.04749,2.74032,0.47803,0.42662,0.00066,0,0,5.94694,0.06616,0,0,0,0,0,0.19842,0,0,0.08561,1.61927,0,0,0,0,0,0,0,0,0,0.01922,0.0683,0.00267,0.01421,0.66742,0.02707,0,0.01272,1.66266,0.63116,0,2.28008,0.83625,0.14006,0,0.00123,0,0.02498,0,0.03024,0.25732,0,0,0,0,0.14433,0,0.25653,0,0,0,0.02077,0,0,0,0.11164,0,0,0,0.20436,0,0,0,0,0.06121,0.01243,0,0,0,0,0,0,0,0,0.00416,0,0,0,0,0,0,0,0,0,0,0,0.00268,0,0,0,0,0,0,0,0,0,0,0,0,0,0,0,0,0,0,0,0,0,0,0,0.00219,0,0,0,0,0,0,0,0,0,0,0,0,0,0,0,0,0,0,0,0,0,0,0.92769,0,0.64974,0,0.06865,0,0,0.35719,0.04699,0,0,0,0,0,0,0,0.01454,0,0,0,0,0,0,0,0,0,0,0,0,0,0,0.00173,0,0,0,0,0,0,0,0,0,0,0,0,0,0,0,0,0,0,0,0,0,0,0,0,0,0,0,0,0,0,0,1.25762,0,0,0,0,0,0,0,0,0.39327,0,0,0,0,0.0382,0.02237,0,3.91847,0,0,0,0,0,0,0,0,0,0,0,0,0,0,0.126,0.04342,0,0.02584,0,0,0,0.00166,0,0,0,0,0,0,0,0.0011,0.00206,0.00085,0,0,0,0,0,1.1278,0.03233,0,0,0,0,1.2131,0,0,0,0,0,0,0,0,0,0,0,0,0,0,0,0
"4078_3",0,0.85269,0,0,0,0,0,0,0,0,0,0,0,0,0,0,0,0.00288,0.00282,1.62122,0.19292,0.26053,0.58553,0,6.50758,0.0366,0,0,0,0,0,0,0,0,0,0,0.03872,0,0.60168,0,0,0,0,0,0.01619,0,0,2.46128,2.18236,0.04051,0,0,1.18584,0.27777,0,0,0,0,0,0.37713,0.24772,0.01678,0,0,0.25119,0,3.39701,0.05802,0,0,0,0.35349,0,0,0,0,0,0,0,0,0,0,0.37972,0.06978,5.3676,1.02521,0.06775,3.0366,0,0.39441,0,0,0,0,0,0,0,0,0,0.0125,0,0,0,2.08275,0,0.43355,0.00153,0,0.03887,0,0,0,0,0,0,0,0,0,0.28969,0,0,0,0,0,0,0,0.00567,0,0,0,0,0,0,0,0,0,0,0,0,0,0,0,0,0,0.0125,0,0,0.02254,0,0,0.00891,0,0,0,0,0,0,0,0,0,0,0,0,0,0,0,0,0.31245,0.08669,0.04208,0,0,0.20258,0.0649,2.33502,0.49727,0,0,0,0.17557,0,0,0.54619,0,0,0,0,0.6329,0,0,0,0,0,0,0.01843,0.12605,0.05783,0,0,0,0,0.6081,0,0,0,0,0,0,0,0,0,0.05869,0,0,0,0,0.05713,0,0,0,0,0,0,0.3976,0,0,0,0,0,0,0,0,0,0,0.03283,0,0,0.89189,0,0,0,0,0,0,0,0,0,0.00575,0,0.6693,0.18573,0.05394,0,0,0,0,0,0,0,0.01691,0,0,0,0,0,0,0.47464,0.37583,0,0,0,0,0.04696,0,0,0,0,0,0,0,0,0,0,0,0,0,0,0,0.54499,0.45209,0,0.99016,0.03272,6.68929,0.04691,4e-04,0,0,0.68082,0.08594,0,0,0,0,0,0.03524,2.11914,0,0.00881,4.8619,2.27437,0.12094,0,0,0,0,0.02333,0,0,2.87782,0.00785,0.01253,0.67663,1.66658,0.01788,0,0,0.53096,0,0.02645,3.72803,1.07604,0.53733,0,0,0,0.62337,0,0,0,0,0,0,0,0.38144,0,0,0,0,0,0.07939,0,0,0,0,0,0,0,0.43992,0,0,0,0,0.10781,0,0,0,0,0,0,0,0,0,0,0,0.23557,0,0,0,0,0,0,0,0,0,0,0,0,0,0,3.59817,0,0,0,0,0,0,0,0,0,0,0,0,0,0,0,0,0,0,0,0,0,0,0,0,0,0,0,0.18729,0,0,0,0,0,0,0,0,0,0,0,0,0,0.13974,0,0.68638,0,8.66237,0,0.23471,0.63376,0.00237,0,0,0.29781,0,0,0,0,0.10982,0,0,0,0,0.78545,0,0,0,0,0,0,0,0,0,0,0,0,0,0,0,0,0,0,0,0,0,0,0,0,0,0,0,0,0,0,0,0,0,0,0,0,0,0,0,0,0.04034,2.39334,0.14396,0.134,0.08841,0.0452,0,0,0,0,0,0,0,0,0,0.00312,0.1097,0.14779,0,0,0,0,0.03085,0,0,5.1309,0,0,0,0,0,0,0,0.04909,0.03686,0,0,0,0.00529,0,0,0,0,0,0,0,0,0,0,0,0.00088,0,0,0,0.37542,0,0.0149,0.12812,0,0,0,0,0,0,0,0,0,0,0,0,0,0,0,0,0,0,0,0,0
"4078_2",0,0.52579,0,0,0,0,0,0,0,0,0,0,0,0,0,0,0,0,0.00744,1.20688,0.14999,0.14855,0.19083,0,7.47188,0.10635,0,0,0,0,0,0,0,0,0,0,0.02003,0,0.23699,0,0,0,0,0,0.04483,0.13042,0.37429,3.16988,5.24101,0.72845,0,0,1.38496,0.43179,0,0,0,0,0,0.44946,0.55186,0.11755,0,0,0.16616,0,4.20033,0.30852,0,0,0,3.15471,0,0,0,0,0,0,0,0,0,0,0.7957,0.03913,3.38108,1.14053,0,4.22138,0,0,0,0.00857,0,0,0,0,0,0,0,0.01844,0,0,0,0.6002,0,0.11479,0.02632,0,0.06663,0,0,0,0,0,0,0,0,0.01595,0.33041,0,0,0,0,0,0,0,0.07576,0.00905,0,0.07343,0,0,0,0,0,0,0,0,0,0,0,0,0.00162,0,0.00533,0,0,0.00874,0,0,0.00488,0,0,0,0,0,0.01154,0,0,0,0,0,0,0.0025,0,0,0,0.06283,0.18687,0.03424,0,0,0.13316,0.04909,2.18437,0.31712,0.0834,0,0,0.18636,0,0,0.05005,0,0,0,0,0.12878,0,0,0,0.13698,0,0,0,0.01158,0.01309,0,0,0,0,0.34555,0,0,0,0,0,0,0,0,0,6.09285,0,0,0,0,0.11405,0,0,0,0,0,0,0.10472,0,0,0,0,0,0,0,0,0,0,0.02174,0,0,0.48866,0,0,0,0,0,0,0,0,0,0.00751,0,0.26789,0.12054,0.00118,0,0,0,0,0,0,0,0.01027,0,0,0,0,0,0,0.15715,0.21835,0,0,0,0,0.03918,0,0,0,0,0,0,0,0,0,0,0.00075,0,0,0.00286,0,0.75129,0.08337,0,0.0711,0.12926,8.3085,0.35177,0.00324,0,0,0.88486,0.08349,0,0,0,0,0,0.00407,0.95389,0,0.02232,4.95289,2.72839,0.17659,0,0,0,0,0.04445,0,0.0013,0.66531,0.01808,0.01536,0.5564,1.45781,0.00108,0,0,0.43617,0,0.00044,2.46449,0.76699,1.24235,0,0,0,0.10973,0,0,0,0,0,0,0,0.25909,0,0,0.17925,0,0,0.07072,0,0,0,0.00232,0.00463,0,0.0034,0.40133,0,0,0,0,0.08113,0,0,0,0,0,0,0,0,0,0.00207,0,0,0.00201,0,0,0,0,0,0,0,0,0,0,0,0,0,2.70005,0,0,0,0,0,0,0,0,0,0,0,0,0,0,0,0,0,0,0.00154,0,0,0,0,0,0,0,0,0.10448,0,0,0,0,0,0,0,0,0,0,0,0,0,0.49913,0,1.65155,0,4.97506,0,0.17698,1.20512,0.21934,0,0,0.42102,0,0,0,0,0.04928,0,0,0,0,0.4353,0,0,0,0,0,0,0,0,0,0,0,0,0,0,0,0,0,0,0,0,0,0,0,0,0,0,0,0,0,0,0,0,0,0,0,0,0,0,0,0,0,0.46458,0.62322,0.57324,0.36296,0.22208,0,0,0,0,0,0.00038,0,0,0,0.08686,0.06367,0.00659,0.36956,0,0,0.00418,0.55779,0,0.00647,2.37535,0,0,0,0,0,0,0,0.04923,0.04416,0,0,0,0.01595,0,0,0,0,0,0,0,0,0,0,0,0,0,0,0,0.27176,0,0.01383,0.08773,0,0,0,0,0,0,0,0,0.01984,0,0,0,0,0,0,0,0,0.0087,0,0,0
"4078_1",0,0.00907,0,0,0,0,0,0,0,0,0,0,0,0,0,0,0,0.00617,0.00727,1.06713,0.34497,0.06941,0.51167,0,4.22012,0.08204,0,0,0,0,0,0,0,0,0,0,0.1028,0,0.96056,0,0,0,0,0,0.09121,0,0,2.37895,0.85399,0.00282,0,0,0.83962,0.35918,0,0,0,0,0,0.06763,0.42027,0.082,0,0,0.18301,0,1.54799,0.04277,0,0,0,0.03721,0,0,0,0,0,0,0,0,0,0,0.86776,0.12633,4.47403,1.34379,0,2.92075,0,0.1188,0,0.11588,0,0,0,0,0,0,0,0.01118,0,0,0,1.95096,0,0.43993,0.11353,0,0.10914,0,0,0,0,0,0,0,0,0,0.12954,0,0,0,0,0,0,0,0,0,0,0,0,0,0,0,0,0,0,0,0,0,0,0,0,0,0.03029,0,0,0.03789,0,0,0,0,0,0,0,0,0.06356,0,0.0094,0,0.02724,0,0,0,0,0,0,0.24754,0.05081,0.01402,0,0,0.07704,0.02139,0.93949,0.19217,0.04819,0,0,0.26825,0,0,0.01231,0,0,0,0,0.45727,0,0,0,0,0,0,0,0.04646,0,0,0,0,0,1.10728,0,0,0,0,0,0,0,0,0,1.63346,0,0,0,0,0.18698,0,0,0,0,0,0,0.02139,0,0,0,0,0,0,0,0,0,0,0.0561,0,0,1.09321,0,0,0,0,0,0,0,0,0,0,0,0.99655,0.66746,0.0331,0,0,0,0,0,0,0,0.05327,0,0,0,0,0,0,0.77476,1.15871,0,0,0,0,0.1792,0.00093,0,0,0,0,0,0,0,0,0,0,0,0,0,0,0.60797,0.38547,0,0.06422,0.21677,3.43645,0.13591,0.00449,0,0,0.06308,0.26119,0,0,0,0,0,0.00827,6.36426,0,0.05323,6.1686,1.50852,0.16896,0,0,0,0,0.18046,0,0,3.09905,0.03397,0.10554,0.90967,1.60632,0.04782,0,0,0.86829,0,0,2.00527,0.79803,0.10639,0,0,0,0.1292,0,0,0,0,0,0,0,1.04442,0,0,0.07599,0,0,0.26274,0,0,0,0,0,0,0,0.96485,0,0,0,0,0.18485,0,0,0,0,0,0,0,0,0,0,0,0.25766,0.00113,0,0,0,0,0,0,0,0,0,0,0,0,0,0.52824,0,0.00525,0,0,0,0.0117,0,0,0,0,0,0,0,0,0,0,0,0,0,0,0,0,0,0,0.00076,0,0,0.48918,0,0,0,0,0,0,0,0,0,0,0,0,0,0.05697,0,0.66562,0,10.94109,0,0.41985,0.47013,0.20406,0,0,0.13376,0,0,0,0,0.04523,0,0,0,0,0.93722,0,0,0,0,0,0,0,0,0,0,0,0,0,0,0,0,0,0,0,0,0,0,0,0,0,0,0,0,0,0,0,0,0,0,0,0,0,0,0,0.00098,0,0.94123,0.18599,0.50803,0.00237,0,0,0,0,0,0,0,0,0,0,0.00354,0.29752,0.5971,2.08149,0,0,0,1.31991,0,0.00774,7.64403,0,0,0,0,0,0,0,0.26857,0.08452,0,0,0,0.05756,0,0,0,0,0,0,0,0,0,0,0,0.04086,0,0,0,1.21294,0,0.02571,0.1666,0,0,0,0,0,0,0,0,0,0,0,0,0,0,0,0,0,0,0,0,0
"4077_4",0,0,0,0,0,0,0,0.07801,0,0,0,0,0,0,0,0,0,0.0237,0,0.12985,0,0,0,0,0.05326,0,0,0,0,0,0,0,0,0,0,0,0.00919,0,1.33813,0,0,0,0,0,0.2402,0,0,0.00341,0,0,0.1314,0,0,0,0,0,0,0,0,0,0,0,0,0,0.02781,0,0,0,0,0,0,0,0,0,0,0,0,0,0,0,0,0,0.46055,0,0.22948,0.59466,0,0.01589,0,16.45989,0,0,0,0,0,0,7.87546,0,0,0,0,0,0,2.71331,0,1.22859,0,0,0.58895,0,0.05897,0,0,0,0,0,0,0,0,0,0,0,0,0,0,0,0,0,0,0,0,0,0,0,0,0,0,0.00263,0,0,0,0,0,0,0,0,0,0.11348,0,0,0,0,0,0,0,0,0,0,0,0,0,0,0,0,0,0,0,0,0.08752,0,0,0,0,0,0,0.277,0,0,0.04341,0,0,0,1.52504,0,0,0.17178,0,0,0,0,0,0,0,0,0.35867,0,0,0,0,0,0,0,0,0,0,4.07553,0,0,0,0,0,0,0,0,0,0,0,0,0,0,0,0,0,0.0388,0,0,0,0,0,0,0,0,0,0,0.13012,0,0,3.09565,0,0,0,0,0,0,0,0,0,0,0,0.63397,1.19855,0.53881,0,0,0,0,0,0,0,0,0,0,0.89433,0,0,0,0.5366,3.72538,0,0,0,0,0,2.54091,0,0,0,0,0,0,0,0,0,0,0,0,0,0,0,2.27534,0,0.62335,4.02142,0,0,0,0,0,0,0.12005,0,0.41192,0,0,0,0.16386,0,0,0.65834,7.1911,1.07887,0.14603,0,0,0,0,0.11216,0,0,0.13554,0.20281,0,0,0.05185,0,0,0,0,0,0,0,0.02886,0,0,0,0,0.5359,0,0,0,0,0,0,0,1.83945,0,0,0.05725,0,0,0.17387,0,0,0,0,0.02506,0,0,2.94615,0,0,0,0,0.05455,0.04589,0,0,0,0,0,0,0,0,0,0,0.30237,0,0,0,0,0,0,0,0,0,0,0,0,0,0,0.08909,0,0,0,0,0,0,0,0,0,0,0,0,0,0,0,0.02399,0,0,0,0,0,0,0,0,0,0,0,0,0,0,0,0,0,0.0017,3.86044,0,0,0,0,0,0,0,0,0.06814,0,0.29014,0,0,0,0,0,0,0.17667,0,0,0,0,0,0,0,0,0,0,0,0,0,0,0,0,0,0,0,0,0,0,0,0,0,0,0,0,0,0,0,0,0,0,0,0,0,0,0,0,0,0,0,0,0,0,0,0,0,0,0,0.04957,0,1.24076,0,0,0,0,0,0,0,0,0,0.00759,0,0,0,0.11399,15.1714,0,0,0,0,0,0.01683,0,0,0,0,0,0,0,0,1.04182,0.03404,0,0,0,0,0,0,0,0,0,0,0,0,0,0,0.16374,0.85465,0,0.00372,0,0.02309,0,0.96501,0.34958,0,0,0,0,0,0,0,0,0,0,0,0,0,0,0.00317,0,0,0,0,0,0
"4077_3",0,0,0,0,0,0,0,0,0,0,0,0,0,0,0,0,0,0.00883,0.08665,1.95401,0.00057,0,0,0,0.64902,0.00521,0,0,0,0,0,0,0,0,0,0,0,0,2.3065,0,0,0,0,0,0.08281,0,0,0.52384,0.00858,0,1.27241,0,0,0,0,0,0,0,0,0.00399,0,0,0,0,0.63682,0,0,0,0,0,0,0,0,0,0,0,0,0,0,0,0,0,8.35844,0.04604,1.87597,2.01418,0.12354,0.20859,0,11.70869,0,0,0,0,0,0,3.4653,0,0,0,0,0,0,4.85386,0,0.51,0,0,0.79758,0,0.14695,0,0,0,0,0,0,0.01243,0,0,0,0,0,0,0,0,0,0,0,0,0,0,0,0,0,0,0,0.00773,0,0,0,0,0,0,0.09747,0,0,0.02553,0,0,0,0,0,0,0,0,0,0,0,0,0.00084,0,0,0,0,0,0,0,0.0762,0,0,0,0,0,0.00104,0.24118,0.01816,0,0,0,0,0,1.24776,0,0,0.02051,0,0,0,0,0,0,0,0,3.93179,0,0,0,0,0,0,0,0,0,0,0,0,0,0,0,0,0,0,0,0,0,0,0,0,0,0,0,0,0.11136,0,0,0,0,0,0,0,0,0,0,0.08679,0,0,3.51625,0,0,0,0,0,0,0,0,0,0.00541,0,0.79525,0.94584,0.24977,0,0,0,0,0,0,0,0,0,0,0.28512,0,0,0,0.47669,1.27243,0,0,0.07409,0,0,0.13545,0,0,0,0,0,0,0,0,0,0,0,0,0.00667,0,0.03878,3.42038,0,1.43838,0.52287,0.00024,0,0,0,0,0,0.02184,0,0.31718,0,0,0,0,0,0,0.19914,2.19601,0.23848,0.03996,0,0,0,0,0.03994,0,0,0.13306,0.1923,0,0,0.19862,0,0.00249,0,0,0.02168,0,0,0.01085,0,0,0.03102,0,0.20642,0,0,0,0,0,0,0,0.63981,0,0,0.01727,0,0,0.37145,0,0,0,0,0.00149,0,0,2.2201,0,0,0,0,0.01833,0.0341,0,0.00365,0.00637,0,0,0,0,0,0.00504,0,0.01876,0,0,0,0,0,0,0,0,0,0,0,0,0,0,0.08406,0,0,0,0,0,0,0,0,0,0,0,0,0,0,0,0,0,0,0,0,0,0,0,0,0,0,0,0.16929,0,0,0,0,0,0,0.23623,0,0,0,0,0,0,0.05833,0,0.0898,0,0.30362,0,0,0.19291,0,0,0,0.68233,0,0,0,0,0,0,0,0,0,0.0185,0,0,0,0,0,0,0,0,0,0,0,0,0,0,0,0,0,0,0,0,0,0,0,0,0,0,0,0,0,0,0,0,0,0,0,0,0,0,0,0,0,1.98322,0,0.02778,0,0,0,0,0,0,0,0.00055,0,0,0,0,0,0.20804,26.21439,0,0,0,0,0,0.00542,0,0,0,0,0,0,0,0,0.90363,0.03538,0,0,0,0,0,0,0,0,0.00938,0,0,0,0,0,0.07087,0.22636,0,0.01246,0,0.02286,0,0.24459,0.26395,0,0,0,0,0,0.03989,0,0,0,0,0,0,0,0,0,0,0,0,0,0,0
"4077_2",0,0,0,0,0,0,0,0,0,0,0,0,0,0,0,0,0,0.00176,0,3.77474,0,0,0,0,2.83804,0.01324,0,0,0,0,0,0,0,0,0,0,0,0,0.43593,0,0,0,0,0,0,0,0,1.32856,0.00995,0,8.90657,0,0,0,0,0,0,0,0.03356,0,0,0,0,0,0.34981,0,0,0,0,0,0,0,0,0,0,0,0,0,0,0,0,0,25.74641,0.14355,6.32681,7.59349,0.7007,1.05508,0,1.20101,0,0,0,0,0,0,1.72586,0,0,0,0,0,0,0.65998,0,0.20335,0,0,0.13058,0,0,0,0,0,0,0,0,0.04597,0,0,0,0,0,0,0,0,0,0,0,0,0,0,0,0,0,0,0,0,0,0,0,0,0,0,0.00725,0,0,0.05953,0,0,0,0,0,0,0,0,0,0,0,0,0,0,0,0,0,0,0,0,0.04961,0,0,0,0,0,0,0.85428,0.14124,0,0.01154,0,0,0,1.51602,0,0,0.0221,0,0,0,0,0,0,0,0,0,0,0,0,0,0,0,0.38066,0,0,0,0.29168,0,0,0,0,0,0,0,0,0,0,0,0,0,0,0,0,0,0.08528,0,0,0,0,0,0,0,0,0,0,0.06576,0,0,0.4003,0,0,0,0,0,0,0,0,0,0.02881,0,0.10892,0.72689,2.9713,0,0,0,0,0,0,0,0,0,0,0.16497,0,0,0,0.2665,1.06886,0,0,0,0,0,0.02115,0,0,0,0,0,0,0,0,0,0,0,0,0,0,0.28318,0.77033,0,0.23633,1.84385,0,0,0,0,0,0,0.05648,0,0.11031,0,0,0,0.26442,0,0,0.24863,5.43564,2.56942,0.40344,0,0,0,0,0.06608,0,0,0.20432,0.04351,0,0,0.00101,0,0,0,0,0,0,0,0.01165,0,0,0,0,0.11027,0,0,0,0,0,0,0,0.72421,0,0,0,0,0,0.43653,0,0,0,0,0,0,0,1.48337,0,0,0,0,0,0,0,0.16892,0,0,0,0,0,0,0,0,0.0381,0,0,0,0,0,0,0,0,0,0,0,0,0,0,0.46793,0,0,0,0,0,0.00207,0,0,0,0,0,0,0,0,0,0,0,0,0,0,0,0,0,0,0,0,0,0,0,0,0,0,0,0,0.22003,0,0,0,0,0,0,0.59045,0,0.15063,0,0.15119,0,0,0.47903,0,0,0,3.86077,0,0,0,0,0,0,0,0,0,0,0,0,0,0,0,0,0,0,0,0,0,0,0,0,0,0,0,0,0,0,0,0,0,0,0,0,0,0,0,0,0,0,0,0,0,0,0,0,0,0,0.30795,0.65931,0,0.08404,0,0,0,0,0,0,0,0,0,0,0,0,0,0.20406,3.49723,0,0,0,0.01209,0,0,0,0,0,0,0,0,0,0,0.31384,0,0,0,0,0,0,0,0,0,0,0,0,0,0,0,0,0.07798,0,0,0,0.23907,0,0.60405,0.10062,0,0,0,0,0,0,0,0,0,0,0,0,0,0,0,0,0,0,0,0,0
"4077_1",0,0,0,0,0,0,0,0,0,0,0,0,0,0,0,0,0,0,0.44809,1.26474,0,0,0,0,0.40564,0,0,0,0,0,0,0,0,0,0,0,0,0,0.40931,0,0,0,0,0,0,0,0,0.44532,0,0,1.50887,0,0,0,0,0,0,0,0,0.01065,0,0,0,0,0.32299,0,0,0,0,0,0,0,0,0,0,0,0,0,0,0,0,0,4.43202,0.02196,4.1178,2.94189,0.11902,0.29532,0,2.01932,0,0,0,0,0,0,2.89032,0,0,0,0,0,0,1.16455,0,0.40594,0,0,0.21826,0,0,0,0,0,0,0,0,0,0,0,0,0,0,0,0,0,0,0,0,0,0,0,0,0,0,0,0,0,0,0,0,0,0,0,0,0,0,0.03606,0,0,0,0,0,0,0,0,0,0,0,0,0.03041,0,0,0,0,0,0,0,0.40669,0,0,0,0,0,0.06366,4.03426,0.04929,0,0,0,0,0,1.21957,0,0,0.26327,0,0,0,0,0,0,0,0,0.00425,0,0,0,0,0,0,0.6197,0,0,0,0.201,0,0,0,0,0,0,0,0,0,0,0,0,0,0,0,0,0,4.61741,0,0,0,0,0,0,0,0,0,0,0.00995,0,0,0.42294,0,0,0,0,0,0,0,0,0,0,0,0.2149,0.5335,12.62285,0,0,0,0,0,0,0,0,0,0,0.19687,0,0,0,0.26663,0.9191,0,0,0,0,0,0,0,0,0,0,0,0,0,0,0,0,0,0,0,0,0.265,1.62957,0,0.0399,8.81656,0.11054,0,0,0,0,0,0.03799,0,0.03298,0,0,0,0.95,0,0,0.13505,3.42513,4.37014,0.93486,0,0,0,0,0.07385,0,0,2.08743,0.05085,0,0,0.14119,0,0,0,0,0,0,0.03929,0.0957,0,0,0.23053,0,0.59992,0,0,0,0,0,0,0,0.66184,0,0,0.03293,0,0,0.09503,0,0,0,0,0,0,0,1.74201,0,0,0,0,0,0,0,0,0,0,0,0,0,0,0,0,0,0,0,0,0,0,0,0,0,0,0,0,0,0,0,1.00421,0,0,0,0,0,0,0,0,0,0,0,0,0,0,0,0,0,0,0,0,0,0,0,0,0,0,0,0,0,0,0,0,0,0,0.17774,0,0,0,0,0,0,0.09341,0,1.14396,0,0.82725,0,0,0.18079,0.00575,0,0,0.61941,0,0,0,0,0,0,0,0,0,0.02765,0,0,0,0,0,0,0,0,0,0,0,0,0,0,0,0,0,0,0,0,0,0,0,0,0,0,0,0,0,0,0,0,0,0,0,0,0,0,0,0,0.68656,4.26447,0,0,0,0,0,0,0,0,0,0,0,0,0,0,0,0.07171,12.62663,0,0,0,0.15325,0,0,0,0,0,0,0,0,0,0,0.4106,0,0,0,0,0,0,0,0,0,0,0,0,0,0,0,0,0.01354,0,0,0,0,0,0.79931,0.12114,0,0,0,0,0,0,0,0,0,0,0,0,0,0,0,0,0,0,0,0,0
"4076_4",0,0,0,0,0,0,0,0,0,0,0,0,0,0,0,0,0,0.686,0,0,0,0,0,0,0,0,0,0,0,0,0,0,0,0,0,0,0,0,0.70756,0,0,0,0,0,0,0,0,0,0,4.35665,0,0,0,0,0,0,0,0,0.08211,0,0,0,0,0,9.58166,0,0,0,0,0,0,0,0,0,0,0,0,0,0,0,0,0,0,3.15678,0,0,0,0,0,0,0,0,0,0,0,0,0.16593,0,0,0,0,0,0,0.16223,0,0,0.02962,0,0.02065,0,0,0,0,0,0,0,0,0,0,0,0,0,0,0,0,0,0,0,0,0,0,0,0,0,0,0,0,0,0,0,0,0,0,0,0,0,0,0.00291,0,0,0,0.00832,0,0,0,0,0,0,0,0,0,0,0,0,0,0,0,0,0,0.18044,0,0,0.18087,0.02678,0,0,0,5.11132,0.31637,0,0.41223,0,0,0,0.00841,0,0,0,0,0,0,0,0,0,0,0,0,0,0,0,0,0,0,0,0,0,0,0,0,0,0,0,0,0,0,0,0,0,0,0,0,0,0,0,0,0,0,0,0,0,0,0,0,0,0,0,0,0,0,0,0,0,0,0,0,0,0,0,0,0.14097,0.34797,0.00425,0,0,0,0,0,0,0,0,0,0,0.03632,5.25541,0,0,0.65413,0.11277,0,0,0,0,0,0,0,0,0,0,0,0,0,0,0,0,0,0,0,0,1.94019,0.10171,0,0,1.99782,0,0,0,0,0,0,0,0,0,0,0,0,0,1.27245,0,0,5.69216,4.28303,1.32669,0,0,0,0,0.04193,0,0,0,0,0,0,0,0,0,0,0,0,0,0,0,0,0,0,0,0.81441,0,0,0,0,0,0,0,0.81551,0,0,0.38983,0,0,0.22839,0,0,0,0,0,0,0,1.12407,0,0,0,0,0,0,0,0.489,0,0,0,0,0,0,0,0,0.05116,0,0,0,0,0,0,0,0,0,0,0,0,0,0,0,0,0,0,0,0,5.589,0,0,0,0,0,0,0,0,0,0,0,0,0,0,0,0,0,0,0,0,0,0,0,0,0,0,0,0,0,0,0,0,0,0,0,0,0,0,0,0,0,0,2.7883,0,0,0,0,0,0,0,0,0,0,0,0,0,0,0,0,0,0,0,0,0,0,0,0,0,0,0,0,0,0,0,0,0,0,0,0,0,0,0,0,0,0,0,0,0,0,0,0,0,0,0,0,0,0,1.3433,23.49094,0.31579,3.08669,0,0,0,0.30217,3.51076,0,0,0,0,0,0,0,0,0.42326,0,0,0,0,0,0,0,0,3.63152,0,0,0,0,0,0,0,0,0,0,0,0,0,0,0,0,0,0,0,0,0,0,0,0,0,0,0,2.88028,0,0,0.0051,0,0,0,0,0,0,0,0,0,0.22706,0,0,0.07587,0,0.01296,0,0,0,0,0,0
"4076_3",0,0,0,0,0,0,0,0,0,0,0,0,0,0,0,0,0,0.27562,0,0,0,0,0,0,0,0,0,0,0,0,0,0,0,0,0,0,0,0,6.0452,0,0,0,0,0,0,0,0,0,0,0.9124,0,0,0,0,0,0,0,0,0.08911,0,0,0,0,0,3.84423,0,0,0,0,0,0,0,0,0,0,0,0,0,0,0,0,0,0,3.65765,0,0,0,0,0,0,0,0,0,0,0,0.02927,2.367,0,0,0,0,0,0,0.70533,0,0,0.38151,0,1.17675,0,0.07222,0,0,0,0,0,0,0,0,0,0,0,0,0,0,0,0,0,0,0,0,0,0,0,0,0,0,0,0,0,0,0,0,0,0,0,0,0.0425,0,0,0,0,0,0,0,0,0,0,0,0,0,0,0,0,0,0,0,0,0,0.17748,0,0,0,0,0,0,0,5.18083,0.01033,0,1.3676,0,0,0,0.15463,0,0,0,0,0,0,0,0,0,0,0,0,0,0,0,0,0,0,0,0,0,0,0,0,0,0,0,0,0,0,0,0,0,0,0,0,0,0,0,0,0,0,0,0,0,0,0,0,0,0,0,0,0,0,0,0,0,0,0,0,0,0,0,0,1.35593,0.97525,0.00347,0,0,0,0,0,0,0,0,0,0,0.2445,0.03729,0,0,0.61632,0.42939,0,0,0,0,0,0,0,0,0,0,0,0,0,0,0,0,0,0,0,0,4.5045,1.39164,0,0,3.20493,0,0,0,0,0,0,0,0,0,0,0,0,0,2.97217,0,0,5.49005,5.83136,1.63606,0,0,0,0,0.11376,0,0,0,0,0,0,0,0,0,0,0,0,0,0,0,0,0,0,0,0.28353,0,0,0,0,0,0,0,1.64701,0,0,0.11642,0,0,0.18863,0,0,0,0,0,0,0,11.05141,0,0,0,0,0.01397,0,0,0.38646,0,0,0,0,0,0,0,0,0.45343,0,0,0,0,0,0,0,0,0,0,0,0,0,0,0,0,0,0,0,0,4.27909,0,0,0,0,0,0,0,0,0,0,0,0,0,0,0,0,0,0,0,0,0,0,0,0,0,0,0,0,0,0,0,0,0,0,0,0,0,0,0,0,0,0,1.04912,0,0,0,0,0,0,0,0,0,0,0,0,0,0,0,0,0,0,0,0,0,0,0,0,0,0,0,0,0,0,0,0,0,0,0,0,0,0,0,0,0,0,0,0,0,0,0,0,0,0,0,0,0,0.17221,0.75418,3.08695,2.89532,7.65491,0,0,0.10072,0,3.98481,0,0,0.00821,0,0,0,0,0,0.42571,0,0,0,0.09264,0,0,0,0,4.31438,0,0,0,0,0,0,0.37227,0.00691,0,0,0,0,0,0,0,0,0,0,0,0,0,0,0.00241,0.08905,0,0,0,1.19175,0,0,0.04712,0,0,0,0,0,0,0,0,0,0,0,0,0.03513,0,0,0,0,0,0,0,0
"4076_2",0,0,0,0,0,0,0,0,0,0,0,0,0,0,0,0,0,0.43801,0,0,0,0,0,0,0,0,0,0,0,0,0,0,0,0,0,0,0,0,1.6464,0,0,0,0,0,0,0,0,0,0,0.90818,0,0,0,0,0,0,0,0,0.04666,0,0,0,0,0,2.63968,0,0,0,0,0,0,0,0,0,0,0,0,0,0,0,0,0,0,0.98676,0,0,0,0,0,0,0,0,0,0,0,0,1.37215,0,0,0,0,0,0,0.20207,0,0,0.08844,0,0.19044,0,0,0,0,0,0,0,0,0,0,0,0,0,0,0,0,0,0,0,0,0,0,0,0,0,0,0,0,0,0,0,0,0,0,0,0,0,0,0.01699,0,0,0,0,0,0,0,0,0,0,0,0,0,0,0,0,0,0,0,0,0.00272,0.14505,0,0,0.30601,0.02544,0,0,0,4.6787,0,0,0.94642,0,0,0,0.02168,0,0,0,0,0,0,0,0,0,0,0,0,0,0,0,0,0,0,0,0,0,0,0,0,0,0,0,0,0,0,0,0,0,0,0,0,0,0,0,0,0,0,0,0,0,0,0,0,0,0,0,0,0,0,0,0,0,0,0,0,0,0,0,0,0.63957,0.98899,0.00354,0,0,0,0,0,0,0,0,0,0,0.02891,3.27996,0,0,0.29373,0.1137,0,0,0,0,0,0,0,0,0,0,0,0,0,0,0,0,0,0,0.05618,0,6.43474,0.04974,0,0,1.69174,0,0,0,0,0,0,0,0,0,0,0.79048,0,3.07793,0.36251,0,0.02671,9.15457,0.58833,0.08346,0,0,0,0,0.02159,0,0,0,0,0,0,0,0,0,0,0,0,0,0,0,0,0,0,0,0.10847,0,0,0,0,0,0,0,1.39107,0,0,0.27818,0,0,0.24221,0,0,0,0,0.08816,0,0,1.99114,0,0,0,0,0.01344,0,0,0.16783,0,0,0,0,0,0,0,0,0.14283,0,0,0,0,0,0,0,0,0,0,0,0,0,0,6.14638,0,0,0,0,0,1.83561,0,0,0,0,0,0,0,0,0,0,0,0,0,0,0,0,0,0,0,0,0,0,0,0,0,0,0,0,0,0,0,0,0,0,0,0,0,0,0,0,0,0,0.69775,0,0,0,0,0,0,0,0,0,0,0,0,0,0,0,0,0,0,0,0,0,0,0,0,0,0,0,0,0,0,0,0,0,0,0,0,0,0,0,0,0,0,0,0,0,0,0,0,0,0,0,0,0,0,0.31029,16.47651,1.9311,13.24451,0,0,0.06304,0.36449,2.5279,0,0,0,0,0,0,0,0,1.07087,0,0,0,0.04008,0,0,0,0,7.23676,0,0,0,0,0,0,0,0.02033,0,0,0,0,0,0,0,0,0,0,0,0,0,0,0,0,0,0,0,1.02432,0,0.00226,0.05968,0,0,0,0,0,0,0,0,0,0.09769,0,0,0.07894,0,0,0,0,0,0,0,0
"4006_3",0,0.30285,0,0,0,0,0,0,0,0,0,0,0,0,0,0,0,0,1.36085,2.8355,0.1785,0.0237,0.21903,0.13394,3.67538,0.06665,0.33939,0,0,0,0,0,0,0,0,0,0,0,0.6663,0,0,0,0,0,0,0.04382,0,2.15065,0,0,0,0,6.12719,0,0,0,0,0,0,0,3.74045,0.84368,0,0,1.36837,0,0,1.43714,0,0,0,0,0,0,0,0,0,0,0,0,0,0,0,0.55569,20.3655,7.40126,0,2.08373,0,0,0,0,0,0,0,0,0.04181,0,0,0.01164,0,0,0,0.10983,0,0.00164,0,0,0.04197,0,0,0,0,0,0,0,0,0,0.3013,0,0,0,0,0,0,0.00869,0,0.06981,0,0.11456,0,0,0,0,0,0,0,0,0,0,0,0,0,0.00049,0.09078,0,0,0.05572,0,0,0,0,0,0,0,0,0,0,0,0,0,0,0,0,0,0,0,0,0,0.1976,0,0,0,0,0.53107,0,0,3.46101,0,0,0,0,0,0.15256,0,0,0,0,0,0,0.15245,0.16897,0,0,0.02619,0,0,0,0,0,0,0,0,0,0,0,0,0,0.74932,0,0,0,0,0,0.19197,0,0,0,0,0,0,0,0,0,0,0,0,0,0,0,0,0,0,0,0,0,0,0.06795,0,0,0,0,0,0,0,0,0,0.03866,0,0.05491,0.03909,0,0,0,0,0,0,0,0,0,0,0,0,0.74794,0,0,0.06623,0.22264,0,0,0,0,0.03363,0,0,0,0,0,0,0,0,0,0,0,0,0,0,0,0.44011,0.06325,0,0.06265,8.10886,3.30325,0.01653,0,0,0,3.29179,0.01752,0,0,0,0,0,0.20645,0,0,0.0702,1.63978,0,0,0,0,0,0,0,0,0,0.00101,0.00378,0.00359,0.00463,0.48819,0,0,0.00504,2.02597,1.07089,0,1.37557,0.55146,0.38857,0,0,0.18701,0.00105,0,0.07231,0.42943,0,0,0,0,0.29148,0,0.29329,0,0,0,0.07609,0,0,0,0.01791,0,0,0,0.30686,0,0,0,0,0.11677,0.00606,0,0,0,0,0,0,0,0,0.00301,0,0,0,0,0,0,0,0,0,0,0,0,0,0,0,0,0,0,0,0,0,0,0,0,0,0,0,0,0,0,0,0,0,0,0,0.00502,0,0,0,0,0,0,0,0,0,0,0,0,0,0,0,0,0,0,0,0,0,0,0.64405,0,0.48057,0,0.1246,0,0,1.33733,0.15659,0,0,0,0,0,0,0,0,0,0,0,0,0,0,0,0,0,0,0,0,0,0,0,0,0,0,0,0,0,0,0,0,0,0,0,0,0,0,0,0,0,0,0,0,0,0,0,0,0,0,0,0,0,0,0.92807,0,0.18464,0,0,0,0,0,0,0.5846,0,0,0,0,0.02956,0.02082,0,4.2936,0,0,0,0,0,0,0,0,0,0,0,0,0,0,0.07474,0.05164,0,0.00943,0,0,0,0,0,0,0,0,0,0,0,0,0.00806,0.00516,0,0,0,0,0,1.54216,0.0231,0,0,0,0,0.88598,0,0,0,0,0,0,0,0,0,0,0,0,0,0,0,0
"4063_3",0,0,0,0,0,0,0,0,0,0.00059,0,0,0,0,0,0,0,0,5.50447,0.69123,0.01873,0.17269,0.0493,0,0.23232,0.04352,0,0,0,0,0,0,0,0,0,0,0,0,0.81267,0,0,0,0,0,0.16712,0,0,0,0,0,0,0,0.97058,0,0,0,0.03625,0,0,0.04358,0,0.03608,0,0,0.10308,0,0,0,0,0,0,0,0,0,0,0,0,0,0,0,0,0,0,0.05162,10.7496,0.02146,0.43786,0,0,0,0,0,5.36782,0,0,0,1.74815,0,0,0,0,0,0,3.967,0,0,0.42819,0,0,0,0,0,0,0,0,0,0,0,0,0,0,0,0,0,0,0,0,0,0,0,0,0,0,0,0,0.01299,0,0.003,0,0,0,0,0,0,0.02501,0,0,0.01447,0,0,0,0,0,0,0,0,0.02307,0,0,0,0.06392,0,0,0,0,0,0,0,0.01728,0,0,0,0,0,0.56265,0,0,0,0,0,0,0,0,0.0109,0,0,0,0,0,0,0,0,0,0,0,0,0,0,0,0,0,0,0,0,0,0,0,0,0,0,0,0,0,0,0,0,0,0,0,0,0,0,0,0.5616,0,0,0,0,0,0,23.88564,0,0,0,1.30397,0,0,1.41269,0,0,0,0,0,0,0,0,0,0,0,1.18593,0.07281,0,0,0,0,0,0,0,0,0,0,0,0,0,0,0,1.259,0.53042,0,0,0.07202,0,0.10836,0,0,0.00106,0.00064,0,0,0,0,0,0,0.00187,0,0,0,0,1.27967,1.63796,0,0,1.49219,1.0297,0,0,0,0,0,0,0,0,0,0,0,0.20389,0,0,0.14109,0.44798,0.27314,0.04753,0,0,0,0,0,0,0,0.24028,0.02937,0,0.00283,0.24221,0.32288,3.31383,0,0,0,0,12.12635,2.10361,0,0,0,0,0.00851,0,0,0,0,0,0,0,0,0,0,0,0,0,4.80005,0,0,0,0,0,0,0,0.00355,0,0,0,0,0.09743,0.49289,0,0,0,0,0,0,0,0.32391,0,0,0.09008,0,0,0,0,0,0,0,0,0,0,0,0,0,0,0,0.02729,0,0,0,0,0,0,0,0,0,0,0,0,0,0,0,0,0,0,0,0,0,0,0.02014,0,0,0,0,0,0,0,0,0,0,0.95938,0,0,0,0,0,0,0.00748,0,0.07411,0,0.00195,0,0.21179,0.19221,0,0,0,0.27514,0,0,0,0,0,0,0,0,0,0,0,0,0.00026,0,0,0,0,0,0,0,0,0,0,0,0,0,0,0,0,0,0,0,0,0,0,0,0,0,0,0,0,0,0,0,0,0,0,0,0,0.02058,0.18186,1.72961,0.93635,0.06946,0,0,0,0,0,0,0,0,0,0,0,0.01071,0,0.45491,0,0,0,0,0,0,0,0,0,0,0,0,0,0,0,0.11641,0.53908,0,0,0,0,0,0,0,0,0,0,0,0,0,0,0,0.02454,0,0,0,0,0,0.44237,0.02949,0,0,0,0,0,0.10345,0,0,0.03726,0,0,0,0,0,0,0,0,0,0,0,0
"4063_2",0,0,0,0,0,0,0,0,0,0,0,0,0,0,0,0,0,0.01185,0.71707,6.02309,0.12454,2.47258,0.76568,0.09643,5.23009,0.49693,0,0,0,0,0,0,0,0,0,0,0,0,0.49006,0,0,0,0,0,0.0257,0,0,0,0,0,0,0,11.04968,0,0,0,1.44865,0,0,0.01104,0,1.35302,0.00076,0,0.65745,0,0,0,0,0,0,0,0,0,0,0,0,0,0,0,0,0,0,0.528,12.79702,1.55818,1.31928,0,0,0,0,0,1.5897,0,0,0,1.91692,0,0,0,0,0,0,1.9298,0,0,0.12262,0,0,0,0.01028,0,0,0,0,0,0,0,0,0,0,0,0,0,0,0,0,0,0,0,0,0,0,0,0,0,0,0,0,0,0,0,0,0,0.21289,0,0,0.01545,0,0,0,0,0,0,0,0,0,0,0,0,0.01215,0,0,0,0,0,0,0,0.03193,0,0,0,0,0,0.27756,0,0,7.24822,0,0,0,0,0,0,0,0,0,0,0,0,0,0,0,0,0,0,0,0,0,0,0,0,0,0,0,0,0,0,0,0,0,0,0,0,0,0,0,0,0,0,0,0,0,1.01579,0,0,0,0,0,0,5.96385,0,0,0,0.08129,0.00113,0,0.83367,0,0,0,0,0,0,0,0,0,0,0.02711,0.32093,0.12055,0,0,0,0,0,0,0,0,0,0,0,0.0036,0,0,0.02167,0.44033,1.26794,0,0,0,0,0.07299,0,0,0,0,0,0,0,0,0,0,0,0,0,1.18267,0,0.96193,0.53656,0,0.03578,2.68299,0.30636,0,0,0,0,0.98672,0,0,0,0,0,0,0.03282,0,0,0.05505,2.1285,1.78724,0.21582,0,0,0,0,0,0,0,0.05163,0.01228,0,0,0.1863,0.28597,1.04782,0,0,0,0,1.90914,0.5449,0,0,0,0,0.03846,0,0,0,0,0,0,0,0,0,0,0,0,0,0.61165,0,0,0,0,0.09196,0,0,0.83045,0,0,0,0,0.65668,0.08092,0,0,0,0,0,0,0,1.3519,0,0,0.00075,0.14385,0,0,0,0,0,0,0,0,0,0,0,0,0,0,0,0,0,0,0,0,0,0,0,0,0,0,0,0,0,0,0,0,0.0046,0,0,0,0,0,0,0,0,0,0,0,0,0,0,0,0.07424,0,0,0,0,0,0,0.4509,0,0.14541,0,0.00119,0,0.79086,0.93202,0,0,0,1.05034,0,0,0,0,0.05908,0,0,0,0,0,0,0,0,0,0,0,0,0,0,0,0,0,0,0,0,0,0,0,0,0,0,0,0,0,0,0,0,0,0,0,0,0,0.03645,0,0,0,0,0,0,0,0.06393,0.85294,0.60014,0.10324,0,0,0,0,0.16165,0,0,0,0,0,0,0,0,0.41495,0,0,0,0,0,0,0,0,0,0,0,0,0,0,0,0.39438,0.2593,0,0,0,0,0,0,0,0,0,0,0,0,0,0,0,0.01083,0,0,0,0,0,3.39683,0.34543,0,0,0,0,0,0,0,0,0.24024,0,0,0,0.13848,0,0,0,0,0,0,0,0
"4063_1",0,0,0,0,0,0,0,0,0,0,0,0,0,0,0,0,0,0,3.98236,11.53223,0.14301,3.5249,0.46158,0.07155,4.0655,0.69977,0,0,0.15756,0,0,0,0,0,0,0,0,0,0.55405,0,0,0,0,0,0.01442,0,0,0.90712,0,0,0,0,5.29083,0,0,0,0.40445,0,0,0,0,1.35795,0.00085,0,0.40954,0,0,0,0,0,0,0,0,0,0,0,0,0,0,0,0,0,0,2.04845,21.7624,1.80458,1.82801,0.13007,0,0.53002,0,0,1.7371,0,0,0,0.64243,0,0,0.01221,0,0,0,1.90231,0,0,0.14433,0,0,0,0,0,0,0,0,0,0,0,0,0,0,0,0,0,0,0,0,0,0,0,0,0,0,0,0,0,0,0,0,0,0,0,0,0,0.02557,0,0,0.00112,0,0,0,0,0,0.00774,0,0,0,0,0,0,0,0,0,0,0,0,0,0,0,0,0,0,0,0,0.19974,0,0,5.38588,0,0,0,0,0.06656,0,0,0,0,0,0,0,0,0,0,0,0,0,0,0,0,0,0,0,0,0,0.0603,0,0,0,0,0,0,0,0,0,0,0,0,0,0,0,0,0,0,0.13671,0,0,0,0,0.16883,0,5.93625,0,0,0,0.12935,0,0,0.78143,0,0,0,0,0,0,0,0,0,0,0.08379,0.33118,0,0,0,0,0,0,0,0,0,0,0,0,0,0,0,0.07073,0.39216,0.46576,0,0,0,0,0.09423,0,0,0,0.00681,0,0,0,0,0,0,0,0,0,1.77503,0,0.28325,1.02,0,0,1.15914,0.16085,0,0,0,0,0.00248,0,0,0,0,0,0,0,0,0,0.01181,1.40832,0.06402,0,0,0,0,0,0,0,0,0.03089,0.01473,0,0,0.26635,0.16926,2.23984,0,0.50824,0,0,0.94513,0.31144,0,0,0.02049,0,0.0019,0,0,0,0,0,0,0,0,0,0,0,0,0,0.21159,0,0,0,0,0.17113,0,0,0.03453,0,0,0,0,0.1197,0.16919,0,0,0,0,0,0,0,0.42228,0,0,0.06043,0.13733,0,0,0,0,0,0,0,0,0,0,0,0,0,0,0,0,0,0,0,0,0,0,0,0,0,0,0,0,0,0,0,0,0,0,0,0,0,0,0,0,0,0,0,0,0,0,0,0,0.09306,0,0,0,0,0,0,0.45455,0,0.00362,0,0.0813,0,0.01719,1.99415,0.02887,0,0,2.52667,0,0,0,0,0.09373,0,0,0,0,0,0,0,0,0,0,0,0,0,0,0,0.07058,0,0,0,0,0,0,0,0,0,0,0,0,0,0,0,0,0,0,0,0,0,0,0,0,0,0,0,0,0.00831,0,0.36704,0.04046,0.28472,0,0,0,0,0,0,0,0,0,0,0,0,0,0.09024,0,0,0,0,0,0,0,0,0,0,0,0,0,0,0,0.15121,0.5864,0,0,0,0,0,0,0,0,0,0,0,0,0,0,0,0,0,0,0,0,0,0.75274,0.06696,0,0,0,0,0,0,0,0.06297,0.0387,0,0,0,0.00346,0,0,0,0,0,0,0,0
"4062_4",0,0,0,0,0,0,0,0,0,0,0,0,0,0,0,0,0,0.00632,0,4.31572,0.07322,0,0,0,7.16164,0.07367,0,0,0,0,0,0,0,0,0,0,0,0,0.37535,0,0,0,0,0,0,0,0,1.09701,2.88006,0,0,0,9.21166,0,0,0,0,0,1.68567,0,1.01793,0,0.065,0,1.41766,0,0,0,0,0,0,0,0,0,0,0,0,0,0,0,0,0,0,3.4106,15.09679,14.03154,0.05826,0,0,1.89992,0,0,0,0,0,0,0.15805,0.45079,0,0.05345,0,0,0,0.23659,0,0.03341,0,0,0.33803,0,0.00927,0,0,0,0,0,0.05172,0,0.45914,0,0,0,0,0,0,0,0,0,0,0,0,0,0,0,0,0,0,0,0,0,0,0,0,0,0,0,0,0.0065,0,0,0,0,0,0,0,0,0,0,0,0,0.06698,0,0,0,0,0,0,0,0.00345,0.05541,0,0,0.15202,0.01702,0,0,0,0,0,0,0.06713,0,0.00066,0,0,0,0,0,0,0,0,0,0,0,0,0,0,0,0,0,0,0,0,0,0,0,0,0,0,0,0,0,0,0,0,0,0.02709,0,0,0,0,0,0,0.07303,0,0,0,0,0,0,0,0,0,0,0,0,0,0.41486,0,0,0,0,0,0,0,0,0,0,0,0.10112,0.06243,0,0,0,0,0,0,0,0,0,0,0,0.09694,0,0,0,0.22988,0.6027,0,0,0.01215,0,0,0.04955,0,0,0,0,0,0,0,0,0,0,0,0,0,0,1.06682,0.50365,0,0.30868,9.69651,0,0,0,0,0,0,0.09628,0,0,0,0,0.03825,0.85157,0,0,0.45188,5.22703,0,0,0,0,0,0,0.64681,0,0,0.67205,0,0,0,0,0,0,0,0,0,0,0,0.00325,0,0,0,0,0.0195,0,0,0,0,0,0,0,0.30643,0,0,0,0,0,0.84054,0,0,0,0,0.01227,0,0,0.69798,0,0,0,0,0.02138,0,0,0,0,0,0,0,0,0,0,0,0,0,0,0,0,0,0,0,0,0,0,0,0,0,0,0.93531,0,0,0,0,0,0,0,0,0,0,0,0,0,0,0,0,0,0,0.00121,0,0,0,0,0,0,0,0,0,0,0,0,0,0,0,0,0,0,0,0,0,0,0.41342,0,0.14014,3e-04,0,0,0,1.42698,0,0,0,0,0,0,0,0,0.97901,0,0,0,0,0,0,0,0,0,0,0,0,0,0,0,0,0,0,0,0,0,0,0,0,0,0,0,0,0,0,0,0,0,0,0,0,0,0,0,0,0,0,0,0,0,0.68963,0.18403,0.33284,0.57258,0,0,0,0,0,0,0,0.00021,0,0,0,0,0,0,4.29981,0,0,0,0,0,0.00119,0,0,0,0,0,0,0,0,0.21594,0.00806,0,0,0,0,0,0,0,0,0,0,0,0,0,0,0.04907,0.13618,0,0,0,0,0,0.05767,0.09008,0,0,0,0,0,0,0,0,0.22676,0.01911,0.01432,0,0.02415,0,0.01232,0,0,0.00137,0,0,0
"4062_3",0,0,0,0,0,0,0,0,0,0,0,0,0,0,0,0,0,0.11539,0,1.97014,0.03593,0,0,0,4.81799,0.04086,0,0,0,0,0,0,0,0,0,0,0,0,1.03042,0,0,0,0,0,0,0,0,1.24382,1.75182,0,0,0,9.02819,0,0,0,0,0,1.40309,0,1.07492,0,0.14364,0,0.49097,0,0,0,0,0,0,0,0,0,0,0,0,0,0,0,0,0,0,2.81141,20.69263,10.88772,0.24551,0,0,2.8952,0,0,0,0,0,0,0.31658,2.75571,0,0.02246,0,0,0,0.2549,0,0.03198,0,0,0.43543,0,0.01737,0,0,0,0,0,0.0245,0,0.21307,0,0,0,0,0,0,0,0,0,0,0,0,0,0,0,0,0,0,0,0,0,0,0,0,0,0,0,0,0.01002,0,0,0,0,0,0,0,0,0,0,0,0,0,0,0,0,0,0,0,0,0.00788,0.10726,0,0,0.20819,0.04577,0,0,0,0,0,0,0.09732,0,0,0,0,0,0,0,0,0,0,0,0,0,0,0,0,0,0,0,0,0,0,0,0,0,0,0,0,0,0,0,0,0,0,0,0.00332,0,0,0,0,0,0,0.27141,0,0,0,0,0,0,0,0,0,0,0,0,0,0.3192,0,0,0,0,0,0,0,0,0,0,0,0.10511,0.04612,0,0,0,0,0,0,0,0,0,0,0,0.06547,0,0,0,0.46417,0.60706,0,0,0.01372,0,0,0.07237,0,0,0,0,0,0,0,0,0,0,0,0,0.01198,0,2.4284,0.50397,0,0.50278,9.69297,0,0,0,0,0,0.38075,0.10282,0,0,0,0,0.03433,0.49786,0,0,0.13941,4.90527,0,0,0,0,0,0,0.13816,0,0,0.99244,0,0,0,0.00432,0,0,0,0,0,0,0,0.01339,0,0,0,0,0.07035,0,0,0,0,0,0,0,0.3535,0,0,0,0,0,0.81336,0,0,0,0,0.00826,0,0,0.79215,0,0,0,0,0.01562,0,0,0,0,0,0,0,0,0,0,0,0,0,0,0,0,0,0,0,0,0,0,0,0,0,0,3.09224,0,0,0,0,0,0,0,0,0,0,0,0,0,0,0,0,0,0,0.00252,0,0,0,0,0,0,0,0,0,0,0,0,0,0,0,0.12669,0,0,0,0,0,0,0.33268,0,0.8186,0,0,0,0,0.88204,0,0,0,0,0,0,0,0,0.3439,0,0,0,0,0.03023,0,0,0,0,0,0,0,0,0,0,0,0.03113,0,0,0,0,0,0,0,0,0,0,0,0,0,0,0,0,0,0,0,0,0,0,0,0,0,0,0,0,0.82955,0.23702,0.4205,0.59784,0,0,0,0,0,0,0,0.00023,0,0,0,0,0,0,1.80824,0,0,0,0,0,0.00616,0,0,0,0,0,0,0,0,0.35816,0.02221,0,0,0,0,0,0,0,0,0,0,0,0,0,0,0,0.01596,0,0,0,0,0,0.0268,0.07502,0,0,0,0,0,0,0,0,0.32609,0,0,0,0,0,0,0,0,0.01809,0,0,0
"4062_1",0,0,0,0,0,0,0,0,0,0,0,0,0,0,0,0,0,0.00943,0,1.89999,0.02365,0,0,0,2.07817,0.03044,0,0,0,0,0,0,0,0,0,0,0,0,0.83222,0,0,0,0,0,0.0074,0,0,0.05961,0.04058,0,0,0,0.56779,0,0,0,0,0,0.09622,0,0.07649,0,0.00236,0,0.00645,0,0,0,0,0,0,0,0,0,0,0,0,0,0,0,0,0,0,0.54178,3.41345,0.21774,0.01875,0,0,26.12563,0,0,0,0,0,0,0.53299,4.36197,0,0,0,0,0,1.28358,0,0.00453,0,0,1.20627,0,0.10742,0,0,0,0,0,0.00452,0,0.04351,0,0,0,0,0,0,0,0,0,0,0,0,0,0,0,0,0,0,0,0,0,0,0,0,0,0,0,0,0.00201,0,0,0,0,0,0,0,0,0,0,0,0,0.18878,0,0,0,0,0,0,0,0,0.00815,0,0,0,0,0,0,0,0,0,0,0.09539,0,0.04431,0,0,0,0,0,0,0,0,0,0,0,0,0,0,0,0,0,0,0,0,0,0,0,0,0,0,0,0,0,0,0,0,0,0,0,0,0,0,0,0,0,0,0,0,0,0,0,0,0,0,0,0,0,0,0.96676,0,0,0,0,0,0,0,0,0,0,0,0.64174,0.0054,0,0,0,0,0,0,0,0,0,0,0,0.17753,0,0,0,1.42756,2.07235,0,0,0.22986,0,0,0.40755,0,0,0,0,0,0,0,0,0,0,0,0,0.0123,0,0.03858,4.53504,0,0.09646,17.97553,0,0,0,0,0,0,0.63955,0,0,0,0,0.01563,0,0,0,0.08476,3.51366,0,0,0,0,0,0,1.42299,0.01303,0,0.28817,0,0,0,0,0,0.03894,0,0,0,0,0,0.00097,0,0,0,0,0.04271,0,0,0,0,0,0,0,0.05971,0,0,0,0,0,0.94769,0,0,0,0,0,0,0,4.09139,0,0,0,0,0.0293,0,0.0026,0,0,0,0,0,0,0,0,0,0,0,0,0,0,0,0,0,0,0,0,0,0,0,0,0.01011,0,0,0,0,0,0,0,0,0,0,0,0,0.0018,0,0,0,0,0,0,0,0,0,0,0,0.00213,0,0,0,0,0,0,0,0,0,0.00351,0,0,0,0,0,0,0.02077,0,0,0,0,0,0,0.05796,0,0,0,0,0,0,0,0,0,0,0,0,0,0.00829,0,0,0,0,0,0,0,0,0,0,0,0,0,0,0,0,0,0,0,0,0,0,0,0,0,0,0,0.00171,0,0.01523,0,0,0,0,0,0,0,0,0,0,0.38025,0.03655,0.00919,0.21039,0,0,0,0,0,0,0,0.00474,0,0,0,0,0,0,14.42111,0,0,0,0,0,0.00113,0,0,0,0,0,0,0,0,0.84088,0.02561,0,0,0,0,0,0,0,0,0,0,0,0,0,0,0,0,0,0,0,0,0,0.02521,0.11244,0,0,0,0,0,0,0,0,0.08505,0,0,0,0.01658,0,0,0,0,0,0,0,0
"4061_4",0,0,0,0,0,0,0,0,0,0,0,0,0,0,0,0,0,0,0.00417,1.00666,0.01373,0,1.33813,0,6.36738,0,0,0,0,0,0,0,0,0,0,0,0.00079,0,0.68504,0,0.01016,0,0,0,0.0312,0,0,29.45466,0,0,0,0,0,0,0,0,0.29697,0,0.04787,0,0.02179,0,0,0.00973,0.42475,0,0,0,0,0,0,0,0,0,0,0,0,0,0,0,0,0,12.4062,1.17505,12.79718,5.77113,0.10114,3.55101,0,0,0,0,0,0,0,0,1.79186,1.31075,0,0.00024,0,0,0,0.30966,0,0,0,0,0.14912,0,0.00912,0,0,0,0,0,0,0.0478,0.00857,0,0,0,0,0,0,0,0,0,0,0,0,0,0,0,0,0,0,0,0,0,0,0,0,0,0,0,0,0,0,0,0,0,0,0,0,0,0,0,0,0,0,0,0,0,0,0,0,0,0.00074,0,0,0,0,0,0,0,0,0,0,0,0,0,0,0,0,0,0,0,0,0,0,0,0,0,0,0,0,0,0,0,0,1.72619,0,0,0,0,0,0,0,0,0,0,0,0,0,0,0.00849,0,0,0,0,0,0,0.19705,0,0,0,0,0,0,0,0,0,0,0,0,0,0.19247,0,0,0,0,0,0,0,0,0,0,0.06499,0.28752,0.23836,1.1279,0,0,0,0,0,0,0,0.10316,0,0,0,0,0,0,0.06722,0.1911,0,0,0.03885,0,0,0.46635,0,0,0,0,0,0,0,0,0,0,0,0,0,0,0.72663,0.88033,0,0.04852,0.98336,1.06507,0,0,0,0,0,0,2.16764,0.01821,0,0,0,0.32415,0,0,0,1.48165,0.02439,0,0,0,0,0,0,0,0,0.04783,0,0.03321,0,0.16717,0,0.03781,0,0,0,0,0,0.00235,0,0,0,0,0.00022,0,0,0,0,0,0,0,0,0,0,0,0,0,0.83959,0,0,0,0,0.07108,0,0,0.43652,0,0,0,0,0.02749,0.03239,0,0,0,0,0,0,0,0,0,0,0.0553,0.0101,0,0,0,0,0,0,0,0,0,0,0,0,0,0.05283,0,0,0,0,0,0,0,0,0,0,0,0,0,0,0,0,0,0,0.00813,0,0,0,0,0,0,0,0,0,0,0,0,0,0,0,0.07633,0,0,0,0,0,0,0.19155,0,0.08185,0,0.12425,0,0,0.71323,0,0,0,1.69902,0,0,0,0,0,0,0,0,0,0.08059,0,0,0,0,0,0,0,0,0,0,0.00249,0,0,0,0,0,0,0,0,0,0,0,0,0,0,0,0,0,0,0,0,0,0,0,0,0,0,0,0,0,0.00061,0.23021,0.35974,0.03539,0,0,0,0,0,0,0,0,0,0,0,0,0.04795,0.00855,1.33108,0,0,0,0.00661,0,0,0,0,0,0,0,0,0,0,0.10743,0.63178,0,0,0,0,0,0,0,0,0,0,0,0,0,0,0,0.00479,0,0,0,0,0,0.31967,0.00142,0,0,0,0,0.50559,0,0,0,0.04564,0,0,0,0,0,0,0,0,0,0,0,0
"4061_3",0,0,0,0,0,0,0,0,0,0,0,0,0.00039,0,0,0.00025,0,0.01346,0,0.86902,0.05343,0,0.45974,0,3.60469,0,0,0,0,0,0,0,0,0,0,0,0.01807,0,1.78392,0,0,0,0,0,0.1227,0,0,5.62385,0,0,0,0,0,0,0,0,0.1598,0,0.01042,0,0,0,0,0.01078,0.20277,0,0,0,0,0,0,0,0,0,0,0,0,0,0,0,0,0,5.22468,0.91936,5.60817,1.47794,0.05661,3.1094,0,0,0,0,0,0,0,0,3.74767,9.67588,0,0,0,0,0,0.57465,0,0,0,0,0.76317,0,0.04651,0,0,0,0,0,0,0,0,0,0,0,0,0,0,0,0,0,0,0,0,0,0,0,0,0,0,0,0,0,0,0,0,0,0,0,0,0,0,0,0,0,0,0,0,0,0,0,0,0,0,0,0,0,0,0,0,0,0,0,0,0,0,0,0,0,0,0,0,0,0,0,0,0,0,0,0,0,0,0,0,0,0,0,0,0,0,0,0,0,0,4.82286,0,0,0,0,0,0,0,0,0,0,0,0,0,0,0.02593,0,0,0,0,0,0,0.46389,0,0,0,0,0,0,0,0,0,0,0.04202,0,0,0.57464,0,0,0,0,0,0,0,0,0,0,0.03813,3.45022,0.72087,6.18092,0,0,0,0,0,0,0,0.02235,0,0,0,0,0,0,0.31004,0.9586,0,0,0.21928,0,0,0.29765,0,0,0.05013,0,0,0,0,0,0,0.26753,0,0,0.02689,0,0.32785,3.08666,0,0.29751,4.17108,0.3754,0,0,0,0,0,0,14.19143,0.03165,0,0,0,0.06914,0,0,0,1.18954,0.00347,0,0,0,0,0,0,0,0,0.16918,0,0.16827,0,0.11317,0,0.10065,0,0,0,0,0,0,0,0,0,0,0.00758,0,0,0,0,0,0,0,0.05685,0,0,0,0,0,0.72805,0,0,0,0,0.02203,0,0,2.92215,0,0,0,0,0.0607,0.07565,0,0,0,0,0,0,0,0,0,0,0,0,0,0,0,0,0,0,0,0,0,0,0,0,0,0.16458,0,0,0,0,0,0,0,0,0,0,0,0,0,0,0,0,0,0,0,0,0,0,0,0,0,0,0,0,0,0,0,0,0,0,0.07551,0,0,0,0,0,0,0.09311,0,0.00455,0,0.0503,0,0,0.20289,0,0,0,0.41457,0,0,0,0,0,0.00312,0,0,0,0.0507,0,0,0.01893,0,0,0,0,0,0,0,0,0,0,0,0,0,0,0,0,0,0,0,0,0,0,0,0,0,0,0,0,0,0,0,0,0,0,0,0,0,0.00411,0.19567,0.12381,0.17698,0,0,0,0,0,0,0,3e-04,0,0,0,0,0.21473,0.03598,5.32711,0,0,0,0.00952,0,0,0,0,0,0,0,0,0,0,0.77505,0.33259,0,0,0,0,0,0,0,0,0,0,0,0,0,0,0,0.06941,0,0,0,0,0,0.63106,0.04251,0,0,0,0,0.00911,0,0,0,0.1965,0,0,0,0,0,0,0,0,0,0,0,0
"4061_2",0,0,0,0,0,0,0,0,0,0,0,0,0,0,0,0,0,0,0,3.02983,0.09677,0,2.03654,0,10.2742,0,0,0,0,0,0,0,0,0,0,0,0,0,1.34433,0,0.00707,0,0,0,0.0563,0,0,0.41132,0,0,0,0,0,0,0,0,0.1503,0,0.01737,0,0.03506,0,0,0.01797,0.26508,0,0,0,0,0,0,0,0,0,0,0,0,0,0,0,0,0,9.45309,1.25093,13.77129,3.27789,0.21359,4.90342,0,0,0,0,0,0,0,0,1.77865,0.55509,0,0.00991,0,0,0,0.71814,0,0,0,0,0.70256,0,0.0238,0,0,0,0,0,0,0.02322,0.00256,0,0,0,0,0,0,0,0,0,0,0,0,0,0,0,0,0,0,0,0,0,0,0,0,0,0,0,0,0,0,0,0,0,0,0,0,0,0,0,0,0,0.0588,0,0,0,0,0,0,0,0,0,0,0,0,0,0,0,0,0,0,0,0,0,0,0,0,0,0,0,0,0,0,0,0,0,0,0,0,0,0,0,0,1.36026,0,0,0,0,0,0,0,0,0,0,0,0,0,0,0.03909,0,0,0,0,0,0,0.15316,0,0,0,0,0,0,0,0,0,0,0.06235,0,0,0.54794,0,0,0,0,0,0,0,0,0,0,0.01031,0.4544,0.29274,1.54048,0,0,0,0,0,0,0,0.05627,0,0,0,0,0,0,0.21273,0.49117,0,0,0.08259,0,0,0.23672,0,0,0,0,0,0,0,0,0,0,0,0,0,0,0.80706,1.106,0,0.12376,2.31299,2.15543,0,0,0,0,0,0,14.25127,0.00262,0,0,0,0.02984,0,0,0,0.96296,0.08121,0.00073,0,0,0,0,0.00877,0,0,0.03786,0,0.06681,0,1.70426,0,0.09007,0,0,0,0,0,0,0,0,0,0,0,0,0,0,0,0,0,0,0,0,0,0,0,0,0.68842,0,0,0,0,0.02691,0,0,0.82527,0,0,0,0.01888,0.03551,0.04167,0,0,0,0,0,0,0,0,0,0,0.03818,0.00777,0,0,0,0,0,0,0,0,0,0,0,0,0,0.11849,0,0,0,0,0,0,0,0,0,0,0,0,0,0,0,0,0,0,0,0,0,0,0,0,0,0,0,0,0,0,0,0,0,0,0.03002,0,0,0,0,0,0,0.25915,0,3.01147,0,0.2029,0,0,0.3816,0,0,0,1.57234,0,0,0,0,0,0,0,0,0,0.24687,0,0,0,0,0,0,0,0,0,0,0,0,0,0,0,0,0,0,0,0,0,0,0,0,0,0,0.04213,0,0,0,0,0,0,0,0,0,0,0,0,0,0,1.14864,0.03181,0.32407,0,0,0,0,0,0,0,0.00127,0,0,0,0,0.10093,0.01318,5.54049,0,0,0.00208,0.21461,0,0,0,0,0,0,0,0,0,0,0.66694,0.14495,0,0,0,0,0,0,0,0,0,0,0,0,0,0,0,0,0,0,0,0,0,0.33648,0.0094,0,0,0,0,0.10542,0,0,0,0.04526,0,0,0,0,0,0,0,0,0,0,0,0
"4061_1",0,0,0,0,0,0,0,0,0,0,0,0,0,0,0,0,0,0.00753,0.00046,2.18797,0.04633,0,0.68145,0,9.28974,0,0,0,0,0,0,0,0,0,0,0,0.02396,0,0.42376,0,0.03813,0,0,0,0.05134,0,0,0.89325,0,0,0,0,0.00603,0,0,0,0.79726,0,0.08455,0,0.03861,0,0,0.09605,0.26589,0,0,0,0,0,0,0,0,0,0,0,0,0,0,0,0,0,6.07368,1.65344,24.39407,2.03998,0.09206,5.38733,0,0,0,0,0,0,0,0,3.16243,1.45822,0,0.05498,0,0,0,0.56326,0,0,0,0,0.20645,0,0.00874,0,0,0,0,0,0,0.05778,0.01424,0,0,0,0,0,0,0,0,0,0,0,0,0,0,0,0,0,0,0,0,0,0,0,0,0,0,0,0,0.00628,0,0,0,0.00033,0,0,0,0,0,0,0,0,0.02264,0,0,0,0,0,0,0,0,0,0,0,0,0,0,0,0,0,0,0,0,0,0,0,0,0,0,0,0,0,0,0,0,0,0,0,0,0,0,0,0,6.77529,0,0,0,0,0,0,0,0,0,0,0,0,0,0,0.13082,0,0,0,0,0,0,0.35956,0,0,0,0,0,0,0,0,0,0,0.04822,0,0,0.54182,0,0,0,0,0,0,0,0,0,0,0.08717,0.54723,0.17041,1.8992,0,0,0,0,0,0,0,0.31604,0,0,0,0,0,0,0.0558,0.37738,0,0,0.04487,0,0,0.32515,0,0.03604,0.04037,0,0,0,0,0,0,0,0,0,0,0,1.29463,1.35045,0,0.03867,2.3078,0.81228,0,0,0,0,0,0,3.62723,0.07663,0,0,0,0.3281,0,0,0,1.65419,0.13574,5e-04,0,0,0,0,0.00592,0,0,0.01532,0,0.08852,0,0.32766,0,0.02647,0,0,0,0,0,0.00724,0,0,0,0,0,0,0,0,0,0,0,0,0,0,0,0,0,0,1.42658,0,0,0,0,0.0681,0,0,0.8174,0,0,0,0,0.04359,0.07914,0,0,0,0,0,0,0,0,0,0.00139,0.027,0.00964,0,0,0,0,0,0,0,0,0,0,0,0,0,0.88669,0,0,0,0,0,0,0,0,0,0,0,0,0,0,0,0,0,0,0.02869,0,0,0,0,0,0,0,0,0,0,0,0,0,0,0,0.0068,0,0,0,0,0,0,0.26657,0,1.2501,0,0.47259,0,0,0.75854,0,0,0,1.3062,0,0,0,0,0,0,0,0,0,0.28737,0,0,0,0,0,0,0,0,0,0,0,0,0,0,0,0,0,0,0,0,0,0,0,0,0,0,0,0,0,0,0,0,0,0,0,0,0,0,0,0,0,0.04698,0.02885,0.00922,0,0,0,0,0,0,0,0,0,0,0,0,0.08934,0.00404,5.73395,0,0,0,0.05787,0,0,0,0,0,0,0,0,0,0,0.31779,0.2287,0,0,0,0,0,0,0,0,0,0,0,0,0,0,0,0,0,0,0,0,0,0.38436,0.03785,0,0,0,0,1.19633,0,0,0,0.05345,0,0,0,0,0,0,0,0,0.09391,0,0,0
"4005_1",0,0.15425,0,0,0,0.52429,0,0,0,0,0,0,0,0,0,0,0,0,0.92306,5.52873,0.81258,3.77859,1.20163,0.14834,11.35814,0.26116,0,0,0,0,0,0,0,0,0,0,0.01076,0,0.24266,0,0,0,0,0,0,0,0.01703,2.02995,0.15965,0,0,0,0,3.83879,0,0,0,0,0.97737,0,0,0,0,0,0,0,0,0,0,0,0,0,0,0,0,0,0,0,0,0,0,0.28158,0,0.52549,10.11435,6.02077,2.99673,5.36735,0,0.34515,0,0,0,0,0,0,0.18447,0.12002,0,0,0,0,0,0.37263,0,0.01279,0,0,0.32593,0,0,0,0,0,0,0,0.02666,0.03242,0.06351,0,0,0,0,0,0,0,0,0,0,0,0,0,0,0,0,0,0,0,0,0,0,0,0,0,0.03586,0,0,0,0,0,0,0,0,0,0,0,0,0,0,0,0.01578,0,0,0,0,0,0,0,0,0.07655,0,0,0,0,0,0,0.10719,0.50833,0,0,0,0,0,0,0,0,0.21968,0,0,0,0,0,0,0,0,0,0,0,0.06061,0,0,0,0,0,0,0,0,0,0,0,0,0,0,0,0,0,0,0,0,0,0,0,0,0,0,0,0,0,0,0,0,0,0,0,0,0,0,0.48361,0,0,0,0,0,0,0,0,0,4.9657,0,0.00431,0.15826,1.15366,0,0,0,0,0,0,0.02549,0,0,0,0,0,0,0,0.05676,0.30334,0.01422,0,0,0,0,0,0,0,0,0,0,0,0,0,0,0,0,0,0.19046,0,0.02794,0.5082,0,0.26183,2.14783,0.4543,0,0,0,0,0,0.02479,0,0,0,0,0,0,0,0,0.37323,1.13659,0,0,0,0,0,0,0,0,0,0,0.15266,0.00505,0,1.32181,0,0,0,3.38756,0.03249,0,0,0,0,0,0,0,0,0,0,0,0,0,0,0,0,0,0,0,0,0,0,0,0,0,0,0,0,0,0.08306,0,0,0,0,0,0,0,0,0,0,0,0,0,0,0,0,0,0,0,0,0,0,0,0,0,0,0,0,0,0,0,0.11189,0,0,0,0,0,0,0,0,0,0,0,0,0,0,0,0,0,0,0,0,0,0,0,0,0,0,0,5.92888,0,0,0,0,0,0,0,0,0,0,0,5.85576,0,1.36206,0,0.02035,0,0.01669,0,0,4.99876,0.02354,0,0,0.23833,0,0,0,0,0.07259,0,0,0,0,0.01461,0,0,0,0,0,0,0,0,0,0,0,0,0,0,0,0,0,0,0,0,0,0,0,0,0,0,0,0,0,0,0,0,0,0,0,0,0,0,0,0,0,1.0476,0.25162,0.69424,0,0,0,0,0,0,0.22402,0,0,0,0,0,0.018,0,0.49178,0,0,0,0,0.88026,0,0,0,0,0,0,0,0,0,0.40051,0.07694,0,0,0,0,0,0,0,0,0,0,0,0,0,0,0,0,0,0,0,0,0,0.02953,0,0,0,0,0,0,0,0,0,0.18804,0,0,0,0,0,0,0,0,0,0,0,0
"4060_4",0,0,0,0,0,0,0,0,0,0,0,0,0,0,0,0,0,0.07203,7.31236,0.01581,0.01309,0,0.23098,0.00829,2.59653,0,0,0,0,0,0,0,0,0,0,0,0,0,1.82759,0,0,0,0,0,0,0,0,0,0.00535,0.03449,0,0,0,0,0,0,0,0,0,0,0,0,0,0,0.7904,0,0,0,0,0,0,0,0,0,0,0,0,0,0,0,0,0,0,0,19.46218,8.55419,0,1.63672,0,0,0,0,0,0,0,0,0,0,0,0,0,0,0,0.44383,0,0,0.4633,0,0.29323,0,0,0,0,0,0,0,0,0,0,0,0,0,0,0,0,0,0,0,0,0,0.00374,0,0,0,0,0,0,0,0,0,0,0,0,0,0.15245,0,0,0,0,0,0,0,0,0,0,0,0,0,0,0,0,0,0,0,0,0,0,0,0,0.35612,0,0,0,0,0,0,0.00414,7.3686,0,0,0,0,0,0.10421,0,0,0.02238,0,0,0,0,0,0,0,0,0,0,0,0,0,0,0,0,0,0,0,0,0,0,0,0,0,0,0,0,0,0.01356,0,0,0,0,0,0,4.18098,0,0,0,0,0,0,0,0,0,0,0,0,0,0.55192,0,0,0,0,0,0,0,0,0,0,0,0.01277,0.62153,0,0,0,0,0,0,0,0,0,0,0,0,0,0,0,0.6391,0.952,0,0,0,0,0,0,0,0.1237,0,0,0,0,0,0,0,0,0,0,0,0,0.63194,1.62006,0,0.29954,5.05684,0,0.86558,0,0,0,0,0.09252,0,0.04853,0,0.29335,0,0.1238,0,0,0.08195,1.16599,0,0,0,0,0,0,0.30197,0.01668,0.04973,3.88253,0,0,0,0,0,0,0,0,0,0,0,0,0,0,0,0,0.4,0,0,0,0,0,0,0,0.77867,0,0,0,0,0,0.71681,0,0,0,0,0,0,0,1.10324,0,0,0,0,0,0,0,0,0,0,0,0,0,1.37783,0,0,0,0,0,0,0,0,0,0,0,0,0,0,0,0,0,0,0,0,0,0,0,0,0,0,0,0,0,0,0,0,0,0.01468,0,0,0,0,0,0,0,0,0,0,0,0,0,0,0,0,0,0,0,0,0,0,0,0,0,0,0,0.60905,0,0,0,0,0.27264,0.31706,0,0,0.22508,0,0,0,0,0.03866,0,0,0,0,0.04862,0,0,0,0.03145,0,0,0,0,0,0,0,0,0,0,0,0,0,0,0,0,0,0,0,0,0,0,0,0,0,0,0,0,0,0,0,0,0,0,0,0,1.29399,13.28203,1.14508,0.4238,0.00447,0,0.20703,0,0,0.07355,0,0,0,0,0,0,0,0.94813,1.6297,0,0,0,0,0.47572,0,0,0,0,0,0,0,0,0,0.0284,0.11812,0,0,0,0,0,0,0,0,0,0,0,0,0,0,0,0.02775,0,0,0,0.09627,0,0,0.00696,0,0,0,0.01049,0,0,0,0,0.8961,0,0,0,0,0,0,0,0,0,0,0,0
"4060_3",0,0,0,0,0,0,0,0,0,0,0,0,0,0,0,0,0,0.05089,3.0334,0.15684,0.04988,0,0.17101,0.02522,3.85974,0,0,0,0,0,0,0,0,0,0,0,0,0,1.30494,0,0,0,0,0,0,0,0.0029,0,0.01995,1.67386,0,0,0,0,0,0,0,0,0,0,0,0,0,0,1.21968,0,0,0,0,0,0,0,0,0,0,0,0,0,0,0,0,0,0,0,15.38758,4.35816,0,1.09414,0,0,0,0.0063,0,0,0,0,0,0,0,0,0,0,0,0.46281,0,0,0.39569,0.00122,0.29051,0,0.00749,0,0,0,0,0,0,0.01743,0.00185,0,0,0,0,0,0,0,0.02773,0.01172,0,0,0.70808,0,0,0,0,0,0,0,0,0,0,0,0,0,0,0,0,0,0,0,0,0,0,0,0,0,0,0,0,0,0,0,0,0,0,0,0,0,0,0.09665,0,0,0,0,0,0,0.0131,12.08046,0,0,0,0,0,0.55765,0,0.20657,0.12189,0,0,0,0,0,0,0,0,0,0,0,0,0,0,0,0,0,0,0,0,0,0,0,0,0,0,0,0,0,0.04134,0,0,0,0,0,0,0.63376,0,0,0,0,0,0,0,0,0,0,0,0,0,0.60914,0,0,0,0,0,0,0,0,0,0,0,0.00638,0.36598,0,0,0,0,0,0,0,0,0,0,0,0,0,0,0,0.33947,0.43054,0,0,0.00163,0,0,0.0064,0,0.10017,0,0,0,0,0,0,0,0,0,0,0,0,3.48848,0.92859,0,0.21021,16.06574,0,0.79006,0,0,0,0,0.53514,0,0.23486,0,0.7759,0,0.4593,0,0,0.60159,2.25756,0,0,0,0,0,0,0.20802,0.03696,0.00433,0.57901,0,0,0,0,0,0.03425,0,0,0,0,0,0,0,0,0,0,0.31447,0,0,0,0,0,0,0,0.56304,0,0,0,0,0,0.68644,0,0,0,0,0.00149,0,0,1.24937,0,0,0,0,0,0,0,0,0,0,0,0,0,2.42024,0,0,0,0,0,0,0,0,0,0,0,0,0,0,0,0,0,0,0,0,0,0,0,0,0,0,0,0,0,0,0,0,0,0,0,0,0,0,0,0,0,0,0.00051,0,0,0,0,0,0,0,0,0,0,0,0,0,0,0,0,0.00105,0,0.20879,0,0,0,0,0.90083,1.0939,0,0,0.75362,0,0,0,0,0.10596,0,0,0,0,0.01586,0,0,0,0.20031,0,0,0,0,0,0,0,0,0,0,0,0,0,0,0,0,0,0,0,0,0,0,0,0,0,0,0,0,0,0,0,0,0,0,0,0,0.41863,8.53285,1.07624,0.8298,0.04612,0.02923,0.01992,0,0,0.08305,0,0,0,0,0,0,0,0.128,2.39497,0,0,0,0,0,0,0,0,0,0,0,0,0,0,0.09045,0.17438,0,0,0,0.00769,0,0,0,0,0,0,0,0,0,0,0.00367,0.03264,0,0,0,0.26925,0,0,0.01071,0,0,0,0.06805,0,0,0,0,0.10397,0.00373,0.00062,0,0,0,0,0,0,0,0,0,0
"4060_2",0,0,0,0,0,0,0,0,0,0,0,0,0,0,0,0,0,0,0,0,0,0,0,0,0,0,0,0,0,0,0,0,0,0,0,0,0,0,0,0,0,0,0,0,0,0,0,0,0,0,0,0,0,0,0,0,0,0,0,0,0,0,0,0,0,0,0,0,0,0,0,0,0,0,0,0,0,0,0,0,0,0,0,0,100,0,0,0,0,0,0,0,0,0,0,0,0,0,0,0,0,0,0,0,0,0,0,0,0,0,0,0,0,0,0,0,0,0,0,0,0,0,0,0,0,0,0,0,0,0,0,0,0,0,0,0,0,0,0,0,0,0,0,0,0,0,0,0,0,0,0,0,0,0,0,0,0,0,0,0,0,0,0,0,0,0,0,0,0,0,0,0,0,0,0,0,0,0,0,0,0,0,0,0,0,0,0,0,0,0,0,0,0,0,0,0,0,0,0,0,0,0,0,0,0,0,0,0,0,0,0,0,0,0,0,0,0,0,0,0,0,0,0,0,0,0,0,0,0,0,0,0,0,0,0,0,0,0,0,0,0,0,0,0,0,0,0,0,0,0,0,0,0,0,0,0,0,0,0,0,0,0,0,0,0,0,0,0,0,0,0,0,0,0,0,0,0,0,0,0,0,0,0,0,0,0,0,0,0,0,0,0,0,0,0,0,0,0,0,0,0,0,0,0,0,0,0,0,0,0,0,0,0,0,0,0,0,0,0,0,0,0,0,0,0,0,0,0,0,0,0,0,0,0,0,0,0,0,0,0,0,0,0,0,0,0,0,0,0,0,0,0,0,0,0,0,0,0,0,0,0,0,0,0,0,0,0,0,0,0,0,0,0,0,0,0,0,0,0,0,0,0,0,0,0,0,0,0,0,0,0,0,0,0,0,0,0,0,0,0,0,0,0,0,0,0,0,0,0,0,0,0,0,0,0,0,0,0,0,0,0,0,0,0,0,0,0,0,0,0,0,0,0,0,0,0,0,0,0,0,0,0,0,0,0,0,0,0,0,0,0,0,0,0,0,0,0,0,0,0,0,0,0,0,0,0,0,0,0,0,0,0,0,0,0,0,0,0,0,0,0,0,0,0,0,0,0,0,0,0,0,0,0,0,0,0,0,0,0,0,0,0,0,0,0,0,0,0,0,0,0,0,0,0,0,0,0,0,0,0,0,0,0,0,0,0,0,0,0,0,0,0,0,0,0,0,0,0,0,0,0,0,0,0,0,0,0,0,0,0,0,0,0,0,0,0,0,0,0,0,0,0,0,0,0,0,0,0,0,0,0,0,0
"4060_1",0,0,0,0,0,0,0,0,0,0,0,0,0,0,0,0,0,0.02192,5.23265,0.11535,0.00901,0,0.93598,0.00971,2.86765,0,0,0,0,0,0,0,0,0,0,0,0,0,1.09271,0,0,0,0,0,0,0,0,0,0.04393,0,0,0,0,0,0,0,0,0,0,0,0,0,0,0,0.74108,0,0,0,0,0,0,0,0,0,0,0,0,0,0,0,0,0,0,0,32.09841,12.93157,0,1.98825,0,0,0,0,0,0,0,0,0,0,0,0,0,0,0,0.34819,0,0,1.15164,0.00104,0.30113,0,0,0,0,0,0,0,0,0.0079,0,0,0,0,0,0,0,0,0,0,0,0,0,0,0,0,0,0,0,0,0,0,0,0,0,0,0,0,0,0,0,0,0,0,0,0,0,0,0,0,0,0,0,0,0,0,0,0,0,0,0,0.08992,0,0,0,0,0,0,0,6.02408,0,0,0,0,0,0.04189,0,0.0106,0.07545,0,0,0,0,0,0,0,0,0,0,0,0,0,0,0,0,0,0,0,0,0,0,0,0,0,0,0,0,0,0.00441,0,0,0,0,0,0,1.25421,0,0,0,0,0,0,0,0,0,0,0,0,0,0.51511,0,0,0,0,0,0,0,0,0,0,0,0.01634,0.12184,0,0,0,0,0,0,0,0,0,0,0,0,0,0,0,0.30876,0.40092,0,0,0,0,0,0.02342,0,0.08308,0,0,0,0,0,0,0,0,0,0,0,0,1.34172,1.43672,0,0.21674,5.85854,0,0.11068,0,0,0,0,0.07194,0,0.07169,0,0.00388,0,0.16181,0,0,0.212,1.42594,0,0,0,0,0,0,0.06974,0,0.03552,1.45633,0,0,0,0,0,0.03693,0,0,0,0,0,0,0,0,0,0,0.34379,0,0,0,0,0,0,0,0.50319,0,0,0,0,0,0.34585,0,0,0,0,0,0,0,1.07062,0,0,0,0,0,0,0,0,0,0,0,0,0,1.69174,0,0,0,0,0,0,0,0,0,0,0,0,0,0,0,0,0,0,0,0,0,0,0,0,0,0,0,0,0,0,0,0,0,0,0,0,0,0,0,0,0,0,0,0,0,0.10333,0,0,0,0,0,0,0,0,0,0,0,0,0,0,0,0.02889,0,0,0,0,0.44362,0.55311,0,0,1.59799,0,0,0,0,0.15404,0,0,0,0,0.00535,0,0,0,0.06157,0,0,0,0,0,0,0,0,0,0,0,0,0,0,0,0,0,0,0,0,0,0,0,0,0,0,0,0,0,0,0,0,0,0,0,0,0.05261,7.49456,1.44208,0.13656,0,0,0.02491,0,0,0.01652,0,0,0,0,0,0,0,0.48964,0.94599,0,0,0,0,0.38993,0,0,0,0,0,0,0,0,0,0.0668,0.21367,0,0,0,0.01715,0,0,0,0,0,0,0,0,0,0,0,0,0,0,0,0,0,0,0,0,0,0,0.11232,0,0,0,0,0.31585,0,0,0,0,0,0,0,0,0,0,0,0
"4059_4",0,0,0,0,0,0,0,0,0,0,0,0,0,0,0,0,0,0.00416,0.44007,0.70234,0.04427,0.41264,1.57928,0,5.433,1.29358,0,0,14.82846,0,0,0,0,0,0,0,0,0,0.11707,0,0,0,0,0,0.00372,0,0,0.17899,0.00078,0,0,0,0.28379,0,0,0,0.28564,0,0,0.04108,0.00314,0.52785,0,0,0.40977,0,0,0,0,0,0,0,0,0,0,0,0,0,0,0,0,0,0.70582,0.09444,3.09632,2.68056,0.03035,1.46092,0,2.09055,0,0,0.51346,0,0,0,0.06144,0,0,0.02291,0,0,0,0.1671,0,0.11873,0,0,0.02445,0,0.00156,0,0,0,0,0,0.0072,0.01237,0.1636,0,0,0,0,0,0,0,0,0,0,0,0,0,0,0,0,0,0,0,0,0,0,0,0,0,0.13377,0,0,0.00453,0,0,0,0,0,0,0,0,0,0,0,0,0.05502,0,0,0,0,0,0,0,0.07506,0.03522,0,0,0.05458,0.00629,0.6425,0.27509,0.00639,0,0,0,0,0,0.08457,0,0.00366,0.01267,0,0,0,0,0.06401,0,0,0,0,0,0,0,0,0,0,0,0,0,0,0,0,0,0,0,0,0,0,0,0,0,0.01314,0,0,0,0.4548,0,0,1.27789,0,0,0.23666,0,0,0,0,0,0,0,0,0,0,0.39933,0,0,0,0,0,0,0.00664,0,0.33812,0.02674,0.02056,0.08104,0.13226,0.22849,0,0,0,0,0,0,0,0.12308,0,0.02181,0,0,0,0,0.12391,0.25635,0,0,0,0,0.04103,0,0,0,0,0,0,0,0,0,0,0,0,0,0.01073,0,1.91294,0.29685,0,0.0476,3.64343,0.0924,0.0445,0,0,0,0.73569,0.01252,4.3069,0,0.19194,0,0,0.1734,0,0,0.00182,3.10381,1.595,0.13939,0,0,0,0,0.01224,0,0,0.03144,0.48006,0.00724,0.05647,0.49271,0.00503,0,0,1.80082,0.01454,0,2.52574,0.54889,0,0,0.02286,0.2781,0.04939,0,0,0.00272,0,0,0,0,0.13644,0,0,0.38909,0,0,0.0316,0,0,0,0.00804,0.00786,0,0,0.51854,0,0,0,0,0.03124,0,0,0,0.00163,0,0,0,0,0,0,0,0,0,0,0,0,0,0,0,0,0,0,0,0,0,0,0.77712,0,0,0,0,0,0,0,0,0,0,0,0,0,0,0,0,0,0,0.21431,0,0.00429,0,0,0,0,0.00802,0,0.01181,0,0,0,0,0,0,0,0,0,0,0,0,0,1.4095,0,0.81258,0,0.07369,0,0.07341,2.18424,0.36294,0,0,2.27967,0,0,0.31447,0.02709,0.00874,0,0,0,0,0.11474,0,0,0,0.16875,0,0,0,0,0,0,13.16211,0,0,0,0,0,0,0,4.24514,0,0,0,0,0,0,0,0,0,0,0,0,0,0,0,0,0,0,0,0,0,0,1.93976,0.03699,0.06951,0,0,0,0.11724,0,0,0,0.15009,0,0,0,0,0.01836,0.55649,1.62825,0.03556,0,0,0.00732,0,0,0.35928,0.01267,0,0,0,0,0,0,0.37276,0.01506,0,0,0,0.00553,0,0,0,0,0,0,0,0,0,0,0.00328,0.00992,0,0,0,0,0,0.08705,0.35704,0,0,0,0,1.0638,0.00999,0,0,0.01164,0,0,0,0,0,0.00186,0,0,0.02583,0.01388,0,0
"4059_2",0,0,0,0,0,0,0,0,0,0,0,0,0,0,0,0,0,0,1.3769,0.48552,0.0093,0.56516,0.29498,0,5.30067,0.16436,0,0,7.69936,0,0,0,0,0,0,0,0,0,0.34044,0,0,0,0,0,0,0,0,0.04313,0.03061,0,0,0,0.51266,0,0,0,0.3451,0,0,0.02997,0,0.59658,0,0,0.34302,0,0,0,0,0,0,0,0,0,0,0,0,0,0,0,0,0,0.4175,0.18132,2.33372,1.27045,0,1.83675,0,0.44102,0,0,0.04802,0,0,0,0.05124,0,0,0,0,0,0,0.18571,0,0.12003,0,0,0.05997,0,0.00585,0,0,0,0,0,0,0,0.06419,0,0,0,0,0,0,0,0.00378,0.01399,0,0,0,0,0,0,0,0,0,0,0,0,0.01414,0,0,0,0.2157,0,0,0,0,0,0,0,0,0,0,0,0,0,0,0,0.02798,0,0,0,0,0,0,0,0.09608,0.02189,0,0,0.04255,0,0,0.04116,0,0,0.16156,0,0,0,0.06034,0,0,0.04372,0.04676,0,0,0,0.28822,0,0,0,0,0,0,0,0,0,0,0,0,0,0,0,0,0,0,0,0,0,0,0,0,0,0.02178,0,0,0,3.2946,0,0,0.46988,0,0,0.47209,0,0,0,0,0,0,0,0,0,0,0.4856,0,0,0,0,0,0,0,0,0,0,0,0.20586,0.32177,0.34038,0,0,0,0,0,0,0,0.11646,0,0,0,0,0,0,0.20554,0.51006,0,0,0,0,0.09318,0,0,0,0,0,0,0,0,0,0,0,0,0,0,0,0.64694,0.35161,0,0.06091,5.12343,0,0,0,0,0,0.58062,0.01051,7.71164,0,0.48946,0,0,0.11281,0,0,0,3.72028,1.47607,0.1163,0,0,0,0,0,0,0,0.16746,0.15015,0.00085,0,0.19663,0,0,0,2.39697,0.07125,0,0.27004,0.08499,0,0,0.09148,0,0.05139,0,0,0.01072,0,0,0,0,0.42095,0,0,0.50851,0,0,0.02722,0,0,0,0,0,0,0,0.99747,0,0,0,0,0.01707,0,0,0,0,0,0,0,0,0,0,0,0,0,0,0,0,0,0,0,0,0,0,0,0,0,0,0.9251,0,0,0,0,0,0,0,0,0,0,0,0,0,0,0,0,0,0,0.51813,0,0,0,0,0,0,0.07102,0,0.00315,0,0,0,0,0,0,0,0,0,0,0,0,0,0.76094,0,0.15116,0,0.07587,0,0.16682,2.41988,0.08874,0,0,2.32877,0,0,0.22368,0.01726,0,0,0,0,0,0.82052,0,0,0,0.07364,0,0,0,0,0,0,19.20672,0,0,0,0,0,0,0,2.49405,0,0,0,0,0,0,0,0,0,0,0,0,0,0,0,0,0,0,0,0,0,0,3.15204,0.71743,0.57372,0,0,0,0.10233,0,0,0,0.15216,0,0,0,0,0.0558,0.99795,2.50174,0.03263,0,0,0.57556,0,0,0.46744,0.11096,0,0,0,0,0,0,0.77509,0.03581,0,0,0,0.00926,0,0,0,0,0,0,0,0,0,0,0,0.03786,0,0,0,0,0,0.33237,0.25078,0,0,0,0,0,0,0,0,0.05666,0,0.02167,0,0,0,0.06303,0,0,0,0,0,0
"4059_1",0,0,0,0,0,0,0,0,0,0,0,0,0,0,0,0,0,0.00758,1.55479,0.31356,0.04881,0,0.56853,0.04262,4.7259,0,0,0,0,0,0,0,0,0,0,0,0,0,0.67127,0,0,0,0,0,0,0.01184,0.30321,0,0.08741,3.42838,0,0,0,0,0,0,0,0,0,0,0,0,0,0,2.00041,0,0,0,0,0,0,0,0,0,0,0,0,0,0,0,0,0,0,0,23.80812,9.9585,0,3.78702,0,0,0,0,0,0,0,0,0,0,0,0,0,0,0,0.2108,0,0,0.17599,0,0.17821,0,0.00443,0,0,0,0,0,0,0.17023,0.0367,0,0,0,0,0,0,0,0.4005,0.18137,0,0,2.02424,0,0,0,0,0,0,0,0,0,0,0,0,0,0,0,0,0,0,0,0,0,0,0,0,0,0,0,0,0,0,0,0,0,0,0,0,0,0,0.08674,0,0,0,0,0,0,0.01875,1.57963,0,0,0,0,0,0.46951,0,0.03845,0.07609,0,0,0,0,0,0,0,0,0,0,0,0,0,0,0,0,0,0,0,0,0,0,0,0,0,0,0,0,0,0.04185,0,0,0,0,0,0,0.66721,0,0,0,0,0,0,0,0,0,0,0,0,0,0.2764,0,0,0,0,0,0,0,0,0,0,0,0.00784,0.25295,0,0,0,0,0,0,0,0,0,0,0,0,0,0,0,0.37895,0.2809,0,0,0,0,0,0.00025,0,0.072,0,0,0,0,0,0,0,0,0,0,0,0,3.25799,0.45874,0,0.15876,10.26728,0,0.90389,0,0,0,0,0.2468,0,0.10325,0,1.09894,0,0.47018,0,0,0.3276,1.14147,0,0,0,0,0,0,0.18266,0.01852,0.03215,0.20261,0,0,0,0,0,0.02121,0,0,0,0,0,0,0,0,0,0,0.09868,0,0,0,0,0,0,0,0.39363,0,0,0,0,0,0.70509,0,0,0,0,0.00168,0,0,0.82623,0,0,0,0,0,0,0,0,0,0,0,0,0,1.61422,0,0,0,0,0,0,0,0,0,0,0,0,0,0,0,0,0,0,0,0,0,0,0,0,0,0,0,0,0,0,0,0,0,0,0,0,0,0,0,0,0,0,0,0,0,0,0,0,0,0,0,0,0,0,0,0,0,0,0,0.28604,0,0.55993,0,0.00068,0,0,1.31754,2.69208,0,0,1.16644,0,0,0,0,0.39173,0,0,0,0,0.00593,0,0,0,0.34119,0,0,0,0,0,0,0,0,0,0,0,0,0,0,0,0,0,0,0,0,0,0,0,0,0,0,0,0,0,0,0,0,0,0,0,0,0.47427,6.33089,0.92164,0.80903,0.09494,0.04372,0.02133,0,0,0.07462,0,0,0,0,0,0,0,0.09681,1.64428,0,0,0,0,0,0,0,0,0,0,0,0,0,0,0.0281,0.05464,0,0,0,0.0015,0,0,0,0,0,0,0,0,0,0,0,0.00831,0,0,0,0.06701,0,0,0.00119,0,0,0,0.81531,0,0,0,0,0.27126,0,0,0,0,0,0,0,0,0,0,0,0
"4058_4",0,0,0,0,0,0,0,0,0,0,0,0,0,0,0,0,0,0.03461,3.81498,0.08186,0.09933,0.29713,1.4179,0.00119,2.96831,0.23745,0,0,0,0,0,0,0,0,0,0,0,0,0.75515,0,0,0,0,0,0.00733,0,0,1.04232,0.08653,0.2051,1.91882,0.69212,0,0,0,0.00421,0.00631,0,0.25415,0,0,0,0,0,0.07143,0,1.21966,1.46611,0,0,0,0,0,0,0,0,0,0,0,0,0,0,0.47527,0.00868,9.55043,3.42848,0.04061,1.12828,0,2.49732,0,0.1441,0,0,0,0,2.36271,0,0,0.00999,0,0,0,0.26837,0,0.02537,0,0,0.06911,0,0.00244,0,0.13006,0,0,0,0.0124,0,0.1001,0.26065,0,0,0,0,0,0,0,0,0,0,0.00225,0,0,0,0,0,0,0,0,0,0,0,0,0,0.10898,0,0,0.62392,0,0,0,0,0,0,0,0,0,0,0,0,0,0,0,0,0,0,0,0.02586,0,0.0197,0,0,0.00283,0,0.73471,0,0.03736,3.25541,0,0,0.09849,0,0.80401,0,0,0.0763,0.05689,0.05813,0,0,0,0,0.00431,0,0.01568,0,0.0354,0,0,0,0,0.47341,0,0,0,0,0,0,1.32902,0,0,0,0,0,0,0,0.01745,0,0.07505,0,0,0,0,0.00414,0,0,0,0,0,0.10665,0,0,0,0,0,0,0,1.06329,0,0,0,0,0,0,0,1.064,0,0.1702,0.01361,0.07399,0.18228,0.00085,0,0,0,0,0,0,0,0.26224,0,0.01986,0.09207,0,0,0,0.17078,0.09228,0,0,0,0,0.14006,0,0,0,0,0,0,0,0,0.01063,0,0,0,0,0,0,4.08641,0.00214,0,0.08123,0.63475,5.45018,0.15614,0,0,0,0.39997,0.10567,0,0,0,0,0,0,0,0,0.12105,2.82432,7.28398,1.69057,0,0,0,0,0,0,0,0.4916,0.18686,0,0.2942,1.47585,0,0,0,4.04935,0.17395,0,0.02612,0.0308,0,0,0,0,0.11267,0,0,0,0,0,0,0,0.04711,0,0,0,0,0,0.08082,0,0,0,0.00392,0.02723,0,0,1.23051,0,0,0,0,0.13748,0,0,0,0,0,0,0,0,0.00522,4e-04,0,0,0,0,0.36735,0,0,0,0,0,0,0,0,0,0,0,0.06897,0,0,0,0,0,0,0,0,0,0,0,0,0,0,0,0,0,0,0.07907,0,0,0,0,0,0,0,0,0.21511,0,0,0,0,0,0,0,0,0,0,0,0,0,0.17177,0,1.2377,0,1.15677,0,0,0.60286,0.17816,0,0,0.60716,0,0,0,0,0,0,0,0,0,0.38158,0,0,0,0.23821,0,0,0,0,0,0,0,0.01778,0,0,0,0,0,0,0,0,0,0,0,0,0,0,0,0,0,0.05736,0,0,0,0,0,0,0,0,0,0,0.73956,2.17557,0.083,0.18643,0.05023,0.00049,0,0,0.34359,0,0,0,0,0,0,0,0,0.00741,6.91403,0,0,0,0.19943,0.24821,0,0,0,0,0,0,0,0,0,0.32857,0.00476,0,0,0,0,0.03187,0.01962,0,0,0,0,0,0,0,0,0,0.00209,0,0,0,0.22213,0,2.67136,0.62766,0,0,0,0,0,0,0,0,0.02869,0,0,0,0.00386,0,0,0,0,0.00164,0.001,0,0
"4058_3",0,0,0,0,0,0,0,0,0,0,0,0,0,0,0,0,0,0.23787,0.63689,0,0,0.03975,0,0,0.29735,0.00416,0,0,0,0,0,0,0,0,0,0,0,0,3.20291,0,0,0,0,0,0.00449,0,0,0.06364,0.01293,0,0.03487,0.00365,0,0,0,0,0,0,0.00425,0,0,0,0,0,0.0012,0,0.02318,0.04803,0,0,0,0,0,0,0,0,0,0,0,0,0,0,0.0738,0,1.62219,0.29713,0,0.27469,0,1.92474,0,0,0,0,0,0,1.06944,0,0,0,0,0,0,1.02017,0,0.26739,0,0,0.58274,0,0.00468,0,0.05308,0,0,0,0,0,0,0.03981,0,0,0,0,0,0,0,0,0,0,0,0,0,0,0,0,0,0,0,0,0,0,0,0,0.05481,0,0,3.29286,0,0,0,0,0,0,0,0,0,0,0,0,0,0,0,0,0,0,0,0,0,0.01245,0,0,0,0,0,0,0.07915,7.9925,0,0,0.00807,0,0.12059,0,0,0.19437,0.1901,0,0,0,0,0,0,0,0,0,0.15993,0,0,0,0,0.11458,0,0,0,0.03866,0,0,0.03606,0,0,0,0,0,0,0,0.00232,0,0.44224,0,0,0,0,0,0,0,0,0,0,0.16939,0,0,0,0,0,0,0,1.21215,0,0,0,0,0,0,0,5.09295,0,0,0,0.17075,0.30745,0,0,0,0,0,0,0,0,0.01131,0,0,0.09016,0,0,0,0.73291,0.60956,0,0,0,0,0.22432,0.00535,0,0,0,0,0,0,0,0,0,0,0,0,0,0,0.98658,0.12363,0,1.23977,0.38676,1.23113,0,0,0,0,1.27972,0,0,0,0,0,0,0,0,0,0,6.73835,17.43093,3.88836,0,0,0,0,0,0,0,0.35406,0.5961,0,0.04666,0.08737,0,0,0,0.75044,0.09997,0,0,0,0,0,0,0,0.59557,0,0,0,0,0,0,0,0.2338,0,0,0.0081,0,0,0.00931,0,0,0,0,0,0,0,9.84854,0,0,0,0,0.41348,0,0,0,0.02441,0,0,0,0,0.00859,0,0,0,0,0,0.29753,0,0,0,0,0,0,0,0,0,0,0,0,0,0,0,0.00348,0,0,0,0,0,0,0,0,0.09957,0,0,0,0,0,0,0,0,0,0,0,0,0,0,0.17216,0,0,0,0,0,0,0,0,0,0,0,0,0,0,0,0.00481,0,0.04118,0,0,0.17348,0,0,0,0.18206,0,0,0,0,0,0,0,0,0,0.0726,0,0,0,0.04561,0,0,0,0,0,0,0,0,0,0,0,0,0,0,0,0,0,0,0,0,0,0,0,0,0,0,0,0,0,0,0,0,0,0,0,0,0.34423,2.95174,0.339,0.1258,0.03291,0,0,0,0.64112,0,0,0,0,0,0,0,0,0,1.11332,0,0,0,0.55174,0.40693,0,0,0,0,0,0,0,0,0,3.23307,0,0,0,0,0,0.02957,0.06289,0,0,0,0,0,0,0,0,0,0.01913,0,0,0,3.14899,0,5.08495,1.20234,0,0,0,0,0,0,0,0,0.02812,0,0,0,0,0,0,0,0,0,0,0,0
"4058_2",0,0,0,0,0,0,0,0,0,0,0,0,0,0,0,0,0,0.02723,10.08087,0.13873,0.33885,0.44519,1.98905,0.01675,3.73324,0.30848,0,0,0,0,0,0,0,0,0,0,0.00811,0,0.90543,0,0,0,0,0,0.00261,0,0.00049,0.98605,0.09687,0.06353,0.51532,0.35047,0,0,0,0.0552,0.00075,0,0.10824,0,0,0,0,0,0.17827,0,0.58532,0.14966,0,0,0,0,0,0,0,0,0,0,0,0,0,0,1.03195,0,12.58985,1.69329,0.02888,1.50011,0,1.05705,0,0.10061,0,0,0,0,0.46197,0,0,0.00061,0,0,0,0.15348,0,0.05554,0,0,0.09934,0,0,0,0.09746,0,0,0,0.01228,0,0.15845,0.06354,0,0,0,0.01673,0,0,0.0082,0.00677,0,0,0.00806,0,0,0,0,0,0,0,0,0,0,0,0,0,0.12582,0,0,1.44886,0,0,0,0,0,0,0,0,0,0,0,0,0,0,0,0,0,0,0,0.00089,0,0.00963,0,0,0,0,0.27611,0,0.0059,5.71688,0,0,0.00325,0,0.23779,0,0,0.02838,0.01327,0.00064,0,0,0,0,0,0,0.00518,0,0,0,0,0,0,0.17257,0,0,0,0.00951,0,0,0.53223,0,0,0,0,0,0,0,0.01539,0,0.00073,0,0,0,0,0,0,0,0,0,0,0,0,0,0,0,0,0,0,0.28983,0,0,0,0,0,0,0,0.0185,0,0.05431,0.00443,0.06455,0.30999,0.00098,0,0,0,0,0,0,0,0.11009,0,0.00391,0.12848,0,0,0,0.14514,0.07665,0,0,0,0,0.04194,0,0,0,0,0,0,0,0,0,0,0,0,0,0,0,1.31018,0.01393,0,0.06036,0.45294,1.38012,0.2009,0,0,0,0.06321,0.00973,0,0,0,0,0,0.00486,0,0,0.06517,1.61388,6.96196,1.39921,0,0,0,0,0.00682,0,0.00137,0.62582,0.20893,0,0.27935,1.82138,0,0,0,10.41157,0.43722,0,0.03504,0.03142,0,0,0,0,0.0754,0,0,0,0,0,0,0,0.02373,0,0,4e-04,0,0,0.0724,0,0,0,0.01318,0,0,0,0.95775,0,0,0,0,0.1393,0,0,0,0,0,0,0,0,0,0,0,0,0,0,0.54562,0,0,0,0,0,0,0,0,0,0,0,0.00099,0,0,0,0,0,0,0,0,0,0,0,0,0,0,0,0,0,0,0.01983,0,0,0,0,0,0,0,0,0.0381,0,0,0,0,0,0,0,0,0,0,0,0,0,0.13316,0,1.12553,0,0.89804,0,0,1.0564,0.14064,0,0,1.27013,0,0,0,0,0,0,0,0.03166,0,0.68795,0,0,0.06444,0.3514,0.0643,0,0,0,0,0.02316,0,0.70554,0,0,0,0,0,0,0,0,0,0,0,0,0,0,0,0,0,0.03473,0,0,0,0,0,0,0,0,0,0,0.27804,5.55428,0.00156,0.05911,0.04372,0,0,0,0.06374,0,0,0,0,0,0,0,0,0.00452,1.61932,0,0,0,0.25816,0.05337,0,0,0,0,0,0,0,0,0,0.47678,0.01472,0,0,0,0,0.01734,0.01425,0,0,0,0,0,0,0,0,0,0.01088,0,0,0,0.71039,0,4.32511,0.54225,0,0,0,0,0,0,0,0,0.00261,0,0,0,0,0,0,0,0,0,0,0,0
"4004_4",0,0,0,0,0,0,0,0,0,0,0,0,0,0,0,0,0,0,0,0.48684,0,0,0.78027,0,3.82768,0.04203,0,0,0,0,0,0,0,0,0,0,0,0,0.56333,0,0,0,0,0,0.00659,0,0,0,0,0,0,0,4.53121,0,0,0,0,0,0.41934,0,0,0,0,0,0.02476,0,0,0,0,0,0,0,0,0,0,0,0,0,0,0,0,0,12.43481,2.13008,9.71648,0.23353,0,8.08294,0,0,0,0,0,0,0,0,0,0,0,0.00438,0,0,0,0.69016,0,0,0,0,0.04968,0,0.00095,0,0,0,0,0,0.02878,0,0.22719,0,0,0,0,0,0,0,0,0,0,0,0,0,0,0,0,0,0,0,0,0,0,0,0,0,0,0,0,0,0,0,0,0,0,0,0,0,0,0,0,0,0,0,0,0,0,0,0,0,0,0.00227,0,0,0,0,0,0,0,1.78642,0,0,0,0,0,0,0,0,0,0,0,0,0,0,0,0,0,0,0,0,0,0,0,0,0,0,0,0,0,0,0,0,0,0,0,0,0,0,0.01336,0,0,0,0,0,0,0.10215,0,0,0,0,0,0,0,0,0,0,0,0,0,0,0,0,0,0,0,0,0,0,0,0,0,0.0516,0.26948,0.00221,0,0,0,0,0,0,0,0,0,0,0,0,0,0,0.06853,0.40409,0,0,0,0,0,0,0,0,0,0,0,0,0,0,0,0,0,0,32.61984,0,0.26828,0.02,0,0.14259,0.57791,0,0,0,0,0,0,0,0,0,0,0,0,0.03757,0,0,0,4.13714,1.16211,0.04334,0,0,0,0,0.04079,0,0.00926,0.19592,0.15432,0.03567,0.61124,0.39659,0.07114,0,0,0,0,0,0,0,0,0,0,0,0.00502,0,0,0,0,0,0,0,0,0,0,0,0,0.04823,0.01761,0,0,0.03705,0,0,0,0,0.38918,0,0,0,0,0.00112,0,0,0,0,0,0,0,0,0,0,0,0,0,0,0,0,0,0,0,0,0,0,0,0,0,0,0.34067,0,0,0,0,0.47297,0,0,0,0,0.88186,0,0,0,0,0,0,0,0,0.07602,0,0,0,0,0,0,0,0,0.21368,0,0,0,0,0,0,0.13131,0,0,0,0,0,0,0.71029,0,0.15569,0,0.9998,0,0,0.78399,0,0,0,1.2617,0,0,0,0,0.00842,0,0,0,0,0.33099,0,0,0,0,0,0,0,0,0,0,0,0,0,0,0,0,0,0,0,0,0,0,0,0,0,0,0,0,0,0,0,0,0,0,0,0,0,0,0,0,0.26909,0.07972,0,0,0,0,0,0,0,0.0024,0,0,0,0,0,0.01402,0.04265,0.1505,3.52763,0,0,0,0,0.70711,0,0.47297,0,0,0,0,0,0,0,0.06857,0.00481,0,0,0,0,0,0,0,0,0,0,0,0,0,0,0,0,0,0,0,0,0,0.09888,0.00054,0,0,0,0,0,0,0,0,0.13848,0.05219,0,0,0,0,0,0,0,0,0,0,0
"4058_1",0,0,0,0,0,0,0,0,0,0,0,0,0,0,0,0,0,0,0,0,0,0,0,0,0,0,0,0,0,0,0,0,0,0,0,0,0,0,0,0,0,0,0,0,0,0,0,0,0,0,0,0,0,0,0,0,0,0,0,0,0,0,0,0,0,0,0,0,0,0,0,0,0,0,0,0,0,0,0,0,0,0,0,0,0,0,0,0,0,0,0,0,0,0,0,0,0,0,0,0,0,0,0,0,0,0,0,0,0,0,0,0,0,0,0,0,0,0,0,0,0,0,0,0,0,0,0,0,0,0,0,0,0,0,0,0,0,0,0,0,0,0,0,0,0,0,0,0,0,0,0,0,0,0,0,0,0,0,0,0,0,0,0,0,0,0,0,0,0,0,0,0,0,0,0,0,0,0,0,0,0,0,0,0,0,0,0,0,0,0,0,0,0,0,0,0,0,0,0,0,0,0,0,0,0,0,0,0,0,0,0,0,0,0,0,0,0,0,0,0,0,0,0,0,0,0,0,0,0,0,0,0,0,0,0,0,0,0,0,0,0,0,0,0,0,0,0,0,0,0,0,0,0,0,0,0,0,0,0,0,0,0,0,0,0,0,0,0,0,0,0,0,0,0,0,0,0,0,0,0,0,0,0,0,0,0,0,0,0,0,0,0,0,0,0,0,0,0,0,0,0,0,0,0,0,0,0,0,0,0,0,0,0,0,0,0,0,0,0,0,0,0,0,0,0,0,0,0,0,0,0,0,0,0,0,0,0,0,0,0,0,0,0,0,0,0,0,0,0,0,0,0,0,0,0,0,0,0,0,0,0,0,0,0,0,0,0,0,0,0,0,0,0,0,0,0,0,0,0,0,0,0,0,0,0,0,0,0,0,0,0,0,0,0,0,0,0,0,0,0,0,0,0,0,0,0,0,0,0,0,0,0,0,0,0,0,0,0,0,0,0,0,0,0,0,0,0,0,0,0,0,0,0,0,0,0,0,0,0,0,0,0,0,0,0,0,0,0,0,0,0,0,0,0,0,0,0,0,0,0,0,0,0,0,0,0,0,0,0,0,0,0,0,0,0,0,0,0,0,0,0,0,0,0,0,0,0,0,0,0,0,0,0,0,0,0,0,0,0,0,0,0,0,0,0,0,0,0,0,0,0,0,0,0,0,0,0,0,0,0,0,0,0,0,0,0,0,0,0,0,0,0,0,0,0,0,0,0,0,0,0,0,0,0,0,0,0,0,0,0,0,0,0,0,0,0,0,0,0,0,0,0,0,0,0,0,0,0,0,0,0,0,0
"4056_4",0,0,0,0,0,0,0,0,0,0,0,0,0,0,0,0,0,0.01125,0.14468,0.08795,0.0506,0,0.29551,0,4.64018,0.1746,0,0,0,0,0,0,0,0,0,0,0,0,1.21012,0,0,0,0,0,0.00924,0,0,1.23742,0.91021,0,0,0,0.00161,2.76611,0,0,0.36149,0,0,0,0,1.84855,0,0,0.53758,0,0,0,0,0,0,0,0,0,0,0,0,0,0,0,0,0,0,2.47554,11.62091,15.25424,0.46469,2.47251,0,0,0,0,0,0,0,0,0,2.7115,0,0.00033,0,0,0,0.31307,0,0.03711,0.07348,0,0.06381,0,0,0,0,0,0,0,0,0.05279,0,0,0,0,0,0,0,0,0,0,0,0,0,0,0,0,0,0,0,0,0,0,0,0,0,0,0,0,0,0.01239,0,0,0,0,0,0,0,0,0,0,0,0,0.01221,0,0,0,0,0,0,0,0,0.0703,0,0,0,0,0,0,0,0,0,0,0,0,0,0,0,0.06301,0,0,0,0,0,0,0,0,0,0,0,0,0,1.32971,0,0,0,0,0,0,0,0,0,0,0,0,0,0,0,0,0.0752,0,0,0,0,0,0,0,0,0,0,0,0,0,0,0,0,0,0.01197,0,0,0.23694,0,0,0,0,0,0,0,0,0,0,0.00159,0.01102,0.03934,0,0,0,0,0,0,0,0,0.39175,0,0,0,0,0,0,0.11026,0.37858,0.0277,0,0,0,0.08741,0,0,0,0,0,0,0,0,0,0,0,0,0,0.00279,0,2.90608,0,0,0,11.06502,0,0,0,0,0,0,0,0,0,0,0,0,4.6202,0,0,0,3.74182,0.77454,0.23834,0,0,0,0,0.06313,0,0.00758,0,0,0,0.06787,0.26166,0,0.00226,0,0,0,0,0,0,0,0,0,0,0.01313,0,0,0,0,0,0,0,0.54265,0,0,0.00045,0,0,1.85588,0,0,0,0,0.01646,0,0,1.8879,0,0,0,0,0.08022,0,0,0.04383,0,0,0,0,0,0,0,0,0,0.00239,0,0,0,0,0,0,0,0,0,0,0,0,0,0,0,0,0,0,0,0,0,0,0,0,0,0,0,0,0,0,0,0,0.0384,0,0,0,0,0,0,0,0,0,0,0,0,0,0,0,0.01097,0,0,0,0,0,0,0.29653,0,0.40439,0,0,0,0,2.69552,0,0,0.48181,0,0,0,0,0,0.53325,0,0,0,0,0,0,0.6018,0,0,0,0,0,0,0,0,0,0,0,0,0,0,0,0,0,0,0,0,0,0,0,0,0,0,0.01234,0,0,0,0,0,0,0,0,0,0,0,0,0.16014,3.80059,2.24781,0,0,0,0,0,0,0.23077,0.28506,0,0,0,0,0,0.00834,5.59789,0,0,0.1776,0.32842,0,0,0,0,0,0,0,0,0,0,0,0.37446,0,0,0,0,0,0,0,0,0,0,0,0,0,0,0.02272,0.4263,0,0,0,0,0,0.21583,0,0,0,0,0,0,0.0475,0,0,0.10912,0.0043,0,0,0.00752,0,0,0,0,0,0,0,0
"4056_2",0,0,0,0,0,0,0,0,0,0,0,0,0,0,0,0,0,0.02327,0.96163,0.12424,0.01547,0,0.65272,0,6.1152,0.28141,0,0,0,0,0,0,0,0,0,0,0,0,1.44469,0,0,0,0,0,0.0164,0,0,0.97765,0.33733,0,0,0,0,6.52873,0,0,0.31442,0,0,0,0,1.06126,0,0,0.13042,0,0,0,0,0,0,0,0,0,0,0,0,0,0,0,0,0,0,1.81315,11.37125,21.8137,0.57801,4.61934,0,0,0,0,0,0,0,0,0,2.45204,0,0,0,0,0,0.19878,0,0.00817,0.02304,0,0.059,0,0,0,0,0,0,0,0,0.04476,0,0,0,0,0,0,0,0,0,0,0,0,0,0,0,0,0,0,0,0,0,0,0,0,0,0,0.00103,0,0,0.01891,0,0,0,0,0,0,0,0,0,0,0,0,0.00033,0,0,0,0,0,0,0,0,0.01015,0,0,0,0,0,0,0,0,0,0,0,0,0,0,0,0.12352,0,0,0,0,0,0,0,0,0,0,0,0,0,4.77382,0,0,0,0,0,0,0,0,0,0,0,0,0,0,0,0,0.03287,0,0,0,0,0,0,0,0,0,0,0,0,0,0,0,0,0,0.06411,0,0,0.46958,0,0,0,0,0,0,0,0,0,0,0.00046,0.00336,0.11452,0,0,0,0,0,0,0,0,0.09267,0,0,0,0,0,0,0.02655,0.4829,0.01296,0,0,0,0.09444,0,0,0,0,0,0,0,0,0,0,0,0,0,0.01108,0,0.24859,0,0,0,6.67102,0,0.00139,0,0,0,0,0,0,0,0,0,0.00506,1.03192,0,0,0,2.94079,2.07859,0.37958,0,0,0,0,0.0997,0,0,0,0,0,0.03982,0.13186,0,0,0,0,0,0,0,0,0,0,0,0,0.00661,0,0,0,0,0,0,0,0.416,0,0,0.00069,0,0,1.60879,0,0,0,0,0.01037,0,0,0.89387,0,0,0,0,0.1187,0.00813,0,0,0,0,0,0,0,0,0,0,0.81636,0,0,0,0,0,0,0,0,0,0,0,0,0,0,0,0,0,0,0,0,0,0,0,0,0,0,0,0,0,0,0,0,0,0.02198,0,0,0,0,0,0,0,0,0,0,0,0,0,0,0,0.22483,0,0,0,0,0,0,0.41531,0,0.09861,0,0,0,0,2.60044,0,0,0.33786,0,0,0,0,0,0.24885,0,0,0,0,0,0,0.71227,0,0,0,0,0,0,0,0,0,0,0,0,0,0,0,0,0,0,0,0,0,0,0,0,0,0,0.00668,0,0,0,0,0,0,0,0,0,0,0,0,0.36221,1.621,1.23424,0,0,0,0,0,0,0.81309,0.24214,0,0,0,0,0,0.00615,3.36187,0.29212,0,0.06561,0.38672,0,0,0,0,0,0,0,0,0,0,0,0.65205,0,0,0,0,0,0,0,0,0,0,0,0,0,0,0,0.01442,0,0,0,0,0,0.4711,0.00325,0,0,0,0,0,0,0,0,0,0,0,0,0,0,0,0,0,0,0,0,0
"4056_1",0,0,0,0,0,0,0,0,0,0,0,0,0,0,0,0,0,0,0.0675,0.00612,0,0,0,0,1.58436,0.06077,0,0,0,0,0,0,0,0,0,0,0,0,1.49657,0,0,0,0,0,0,0,0,0.81396,0.06734,0,0,0,0,1.48905,0,0,0.16991,0,0,0,0,2.07932,0,0,0.10207,0,0,0,0,0,0,0,0,0,0,0,0,0,0,0,0,0,0,2.81499,4.6814,22.38315,0.4596,0.3844,0,0,0,0,0,0,0,0,0,1.57561,0,0,0,0,0,0.05298,0,0.0022,0,0,0,0,0,0,0,0,0,0,0,0,0,0,0,0,0,0,0,0,0,0,0,0,0,0,0,0,0,0,0,0,0,0,0,0,0,0,0,0,0,0,0,0,0,0,0,0,0,0,0,0,0,0,0,0,0,0,0,0,0,0,0,0.01193,0,0,0,0,0,0,0,2.00727,0,0,0,0,0,0,0,0.12693,0,0,0,0,0,0,0,0,0,0,0,0,0,1.56364,0,0,0,0,0,0,0,0,0,0,0,0,0,0,0,0,0,0,0,0,0,0,0,0,0,0,0,0,0,0,0,0,0,0,0,0,0,0.08682,0,0,0,0,0,0,0,0,0,0,0,0,0,0,0,0,0,0,0,0,0,0.15876,0,0,0,0,0,0,0.00892,0.25019,0,0,0,0,0,0,0,0,0,0,0,0,0,0,0,0,0,0,0,0,4.39149,0,0,0,14.3594,0,0,0,0,0,0,0,0,0,0,0,0,11.38763,0,0,0,6.36399,1.09252,0.31546,0,0,0,0,0,0,0,0,0,0,0,0.12985,0,0,0,0,0,0,0,0,0,0,0,0,0.00342,0,0,0,0,0,0,0,0.1244,0,0,0,0,0,1.18836,0,0,0,0,0,0,0,0.58461,0,0,0,0,0.05553,0,0,0.02853,0,0,0,0,0,0,0,0,0,0,0,0,0,0,0,0,0,0,0,0,0,0,0,0,0,0,0,0,0,0,0,0,0,0,0,0,0,0,0,0,0,0,0,0,0,0,0,0,0,0,0,0,0,0,0,0,0,0,0.11029,0,0,0,0,0,0,0.02826,0,0.7398,0,0,0,0,1.29043,0,0,0.26401,0,0,0,0,0,0.71793,0,0,0,0,0,0,1.51593,0,0,0,0,0,0,0,0,0,0,0,0,0,0,0,0,0,0,0,0,0,0,0,0,0,0,0,0,0,0,0,0,0,0,0,0,0,0,0,1.06148,2.71967,2.77474,0,0,0,0,0,0,0.59164,0.03322,0,0,0,0,0,0,2.67083,0,0,0.05975,0.17729,0,0,0,0,0,0,0,0,0,0,0,0.17555,0,0,0,0,0,0,0,0,0,0,0,0,0,0,0,0.00522,0,0,0,0,0,0.33568,0,0,0,0,0,0,0,0,0,0.19735,0,0,0,0,0,0,0,0,0,0,0,0
"4055_4",0,0,0,0,0,0,0,0,0,0,0,0,0,0,0,0,0,0,5.24889,7.19393,0.01565,0,4.60116,0,2.75828,0.11077,0,0,0,0,0,0,0,0,0,0,0.01352,0,0.14298,0,0,0,0,0,0,0,0,0.6754,0,0,0,0,1.07355,0,0,0,0.45092,0,0,0,0.03298,0.1779,0,0,0.6856,0,0,0,0,0,0,0,0,0,0,0,0,0,0,0,0,0,0,0.32602,4.62154,2.94124,0,3.95399,0,12.14888,0,0,0.77597,0,0,0,6.20143,0,0,0,0,0,0,0.07563,0,0.00746,0,0,0.02218,0,0,0,0,0,0,0,0,0.00189,0.13474,0,0,0,0,0,0,0,0,0,0,0,0,0,0,0,0,0,0,0,0,0,0,0,0,0,0,0,0,0,0,0,0,0,0,0,0,0,0,0,0,0,0.06673,0,0,0,0,0,0,0,0,0,0,0,0,0,1.7221,0,0,0,0,0,0,0,0.58362,0,0,0,0,0,0,0,0.04725,0,0,0,0,0,0,0,0.0012,0.01863,0,0,0,0,2.26428,0,0,0,0.79757,0,0,0,0,0,0,0,0,0,0,0,0,0,0,0,0,0,0,0,3.23882,0,0,0,0,0,0,0,0,0.6289,0,0,0.04438,0,0,0,0,0,0,0,0.0049,0.23645,0.09115,0.00699,0,0,0,0,0,0,0,0.24907,0,0.24999,0,0,0,0,0.00783,0.03486,0,0,0,0,0.05795,0,0,0,0,0,0,0,0,0,0,0,0,0,0,0,0,0.09741,0,0,0.14999,0.4672,0,0,0,0,0,0,0,0,0.75798,0,0,0.10909,0,0,0,3.21769,0.0083,0,0,0,0,0,0.01738,0,0,0.2316,0.229,0,0.55301,1.18238,0.07824,0,0,14.6739,0,0,1.33229,0.29104,0,0,0.07258,0,0,0,0,0,0,0,0,0,0,0,0,0,0,0,0.16083,0,0,0,0,0,0,0,0.31969,0,0,0,0,0.03833,0,0,0,0,0,0,0,0,0.00076,0,0,0,0,0,0,0,0,0,0,0,0,0,0,0,0,0,0,0,0,0,0,0,0,0,0,0,0,0,0,0,0,0,0,0,0,0,0,0,0,0,0,0,0,0.03234,0.01918,0,0,0,0,0,0,0,0,0,0,0,0,0,1.11991,0,0.26548,0,1.31176,0,0,0.27757,0.38063,0,0,2.08079,0,0,0,0,0.36559,0,0,0,0,0,1.43306,0,0,0,0,0,0,0,0,0,1.14832,0,0,0,0,0,0,0,0,0.03512,0,0,0,0,0,0,0,0,0.01492,0,0,0,0,0,0,0,0,0,0,0,0.00316,0.07929,0,0,0,0,0,0,0,0,0.02355,0,0,0,0,0.04529,0,0,0,0,0,0,0,0,0,1.66123,0,0,0,0,0,0,0,0.10761,0.01553,0,0,0,0.01515,0.05836,0,0,0,0,0,0,0,0,0,0,0,0,0,0,0,0,0.34694,0.02033,0,0.40509,0,0,0,0,0,0,0,0,0,0,0,0,0,0,0,0,0,0,0
"4055_2",0,0,0,0,0,0,0,0,0,0,0,0,0,0,0,0,0,0.01943,32.63255,4.09913,0.07515,0.00453,0.88548,0,1.88951,0.03569,0,0,0,0,0,0,0,0,0,0,0,0,0.33489,0,0,0,0,0,0,0,0,4.39893,0,0,0,0,0.3213,0,0,0,0.27423,0,0,0,0.03284,0.38545,0,0,0.23918,0,0,0.0373,0,0,0,0,0,0,0,0,0,0,0,0,0,0,0,0.26759,1.87457,2.85541,0,1.44649,0,7.13281,0,0.03429,0.92969,0,0,0,4.30575,0,0,0.0023,0,0,0,0.20085,0,0.04992,0,0,0.04633,0,0,0,0,0,0,0,0,0.00632,0.10978,0,0,0,0,0,0,0,0,0,0,0,0,0,0,0,0,0,0,0,0,0,0,0,0,0,0,0,0,0.00501,0,0,0,0.09437,0,0,0,0,0,0,0,0,0.00771,0,0,0,0,0,0,0,0,0,0,0,0,0,2.72269,0,0.02838,1.7094,0,0,0,0,0.07518,0,0,0,0,0,0,0,0.138,0,0,0,0,0,0,0,1.10163,0.06719,0.00385,0,0,0,1.31178,0,0,0,0,0,0,0,0,0,0,0,0,0,0,0,0,0,0,0,0,0,0,0,1.38799,0,0,0,0,0,0,0,0,0.78116,0,0,0.13201,0,0.01135,0,0.00828,0,0,0,0.00307,0.29193,0.20591,0.08221,0,0,0,0,0,0,0,0.28881,0,0.4455,0,0,0,0,0.07537,0.07287,0,0,0,0,0.30829,0,0,0,0.10401,0,0,0,0,0,0,0,0,0,0.01925,0,0.00356,0.17152,0,0,0.12493,0.58394,0,0,0,0,0,0.01529,0,0,0.41162,0,0,0.00756,0,0,0.01747,1.13622,0.63261,0.05587,0,0,0,0,0,0,0,0.43287,0.2165,0,1.29287,0.52556,0.28844,0.00951,0,7.68154,0,0,1.62923,0.2761,0,0,0.55625,0,0,0,0.00197,0,0,0,0,0,0.03068,0,0,0,0,0,0.24847,0,0,0,0.00623,0.01068,0,0,0.06775,0,0,0,0,0.0356,0,0,0,0,0,0,0,0,0.00452,0,0,0,0,0,0,0,0,0,0,0,0,0,0,0,0,0,0,0,0,0,0,0,0,0,0,0,0,0,0,0,0,0,0,0,0,0,0,0,0,0.01882,0,0,0,0,0.0334,0,0,0,0,0,0,0,0,0,0,0,0,0,0.41408,0,0.20976,0,1.67654,0,0,0.17594,0.20504,0,0,1.01228,0,0,0,0,0.33746,0,0,0,0,0,0.34005,0,0,0,0,0,0,0,0,0,0.42204,0,0,0,0,0,0,0,0,0,0,0,0,0,0,0,0,0,0.04811,0,0,0,0,0,0,0,0,0,0,0,0,0.34193,0,0.0189,0,0,0,0,0,0,0.51094,0,0,0,0,0.20237,0,0,0,0.00212,0,0,0.01044,0,0,0.19803,0,0,0,0,0,0,0,0.08607,0.3221,0,0,0,0.10311,0.04925,0,0,0,0,0,0,0,0,0,0,0.00326,0,0,0,0,0,0.3521,0.01961,0,0,0,0,0,0,0,0,0,0,0,0,0,0,0,0,0,0,0,0,0
"4019_3",0,0,0,0,0,0,0,0,0,0,0,0,0,0,0,0,0,0.01576,1.0648,0.18388,0,0,1.31282,0,6.07539,0.03374,0,0,0,0,0,0,0,0,0,0,0.00275,0,0.31621,0,0,0,0,0,0,0,0.00698,0,0,0,0,0,8.76319,0.45792,0,0,0,0,0.20966,0,0,0,0,0,1.27645,0,0,0,0,0,0,0,0,0,0,0,0,0,0,0,0,0,0,1.0442,2.35916,2.15736,0,1.84412,0,0.3567,0,0,0,0,0,0,0.4296,0.06539,0,0.00236,0,0,0,0.03204,0,0.76333,0.00164,0,0,0,0.00022,0,0,0,0,0,0,0,0,0,0,0,0,0,0,0.00056,0.0075,0.00592,0,0,0,0,0,0,0,0,0,0,0,0,0,0,0,0,0,0,0,0.00786,0,0,0,0,0,0,0,0,0,0,0,0,0,0,0,0,0,0,0,0,0,0,0,0,0.00087,0,0.11702,0,0,0,0,0,0,0,0,0,0,0,0,0,0,0,0.09187,0,0,0,0,0,0.007,0,0,0,0,0,0,0,0,0,0,0,0,0,0,13.68991,0,0,0,0,0,0,0,0,0,0,0,0.17218,0,0,0.23053,0.22264,0,0,0,0,0,0,0,0,0,0.16503,0,0,0,0,0,0,0,0,0,0.09654,0,0.31416,0.33287,0.00038,0,0.08558,0,0,0,0,0,0,0,0,0.01896,0,0,0,0.01103,2.422,0,0,0,0,0.04812,0.00222,0,0,0,0,0,0,0,0,0,0,0,0,0,0,0.10844,0.22216,0,0,0.98502,1.40054,0,0,0,0,0.00031,0,9.35714,0,0,0,0,0,0,0,0,0.59888,3.58308,0.08226,0,0,0,0,0,0,0,0.21149,0,0.01831,0,0,0.17862,0,0,3.13953,0,0,0.1077,0.06726,0,0,0,0,0.02016,0,0,0,0,0,0,0,0.02435,0,0.03861,0.00064,0,0,0.62314,0,0,0,0,0,0,0,0.28671,0,0,0,0,0.01845,0,0,0,0,0,0,0,0,0,0,0,0,0.00659,0,0,0,8.27146,15.6321,1.79297,0,0,0,0,0,0,0,0,0,0,0,0,0,0,0,0,0,0,0,0,0,0,0.00863,0,0,0,0.00089,0,0,0,0,0,0,0,0.01574,0.02154,0,0,0,0,0,0,0,0,0,0,0,0,0,0.69453,0,0.2286,0,0.03797,0,0.11986,0.64917,0.17875,0,0,0.56279,0,0,0,0,0.06139,0,0,0,0,0,0,0,0,0.14366,0,0,0,0,0,0,0,0,0,0,0,0,0,0,0,0,0,0,0,0,0,0,0,0,0,0,0,0,0,0,0,0,0,0,0,0,0.03438,0.85743,0,0,0,0,0,0,0,0.00091,0,0.01969,0,0,0,0.00591,0.05193,0.00981,1.44275,0,0,0,0,0,0.00115,0,0,0,1.06709,0,0,0,0,0.0211,0.01222,0,0,0,0.00124,0,0,0,0,0,0,0,0,0,0,0,0,0,0,0,0,0,0.09834,0.03305,0,0.00522,0,0,0,0,0,0,0,0,0,0,0,0,0,0,0,0.0119,0,0,0
"4019_2",0,0,0,0,0,0,0,0,0,0,0,0,0.00368,0,0,0,0,0.07293,1.5699,0.18538,0,0,0.54306,0,4.904,0.02049,0,0,0,0,0,0,0,0,0,0,0.05439,0,0.79897,0,0,0,0,0,0.00752,0,0.00084,0,0,0,0,0,1.17999,0.03283,0,0,0,0,0.04913,0,0,0,0,0,0.31545,0,0,0,0,0,0,0,0,0,0,0,0,0,0,0,0,0,0,0.28497,1.4303,0.91794,0,0.49922,0,0.93584,0,0.00968,0,0,0,0,1.48252,0.99943,0,0,0,0,0,0.23329,0,0.25686,0.06644,0,0.00058,0,0.0013,0,0,0,0,0,0,0,0,0,0,0,0,0,0,0,0,0,0,0,0,0,0,0,0,0,0,0,0,0,0,0,0,0,0,0,0,0.02082,0,0,0,0,0,0,0,0,0.00508,0,0,0,0.00605,0,0,0,0,0,0,0.00101,0,0,0,0,0.07253,0.0175,0.01676,0,0,0,0,0,0,0,0,0,0.22087,0.01622,0,0,0,0,0.0805,0,0,0,0,0.05147,0.01305,0,0,0,0,0.00392,0,0,0,0,0,0,0,0,0,33.29836,0,0,0,0,0,0,0,0,0,0,0,0.25692,0,0,1.57741,0.43938,0,0,0,0,0,0,0,0,0,0.42413,0,0,0,0,0,0,0,0,0,0,0,0.47503,0.30989,0.00155,0,0,0,0,0,0,0,0,0,0,0.16988,0,0,0,0.06014,2.12106,0,0,0,0,0.1646,0.00799,0,0,0,0,0,0,0,0,0,0,0,0,0.04331,0,0.11903,0.46171,0,0,1.92824,0.49057,0,0,0,0,0.00733,0,16.51176,0,0,0,0,0,0,0,0.0072,1.95992,6.26852,0.28993,0,0,0,0,0.00137,0,0,0.89914,0,0.05465,0,0,0.28629,0,0,3.76926,0,0,0.54081,0.19466,0,0,0,0,0.05613,0,0,0,0,0,0,0,0.04154,0,0,0,0,0,1.29657,0,0,0.0081,0,0,0,0,0.40324,0,0,0,0,0.06767,0,0,0,0,0,0,0,0,0,0,0,0.05479,0,0,0,0,0,0,0,0,0,0,0,0,0,0,0,0,0,0,0,0,0,0,0,0,0,0,0,0,0,0.01488,0,0,0,0.00371,0,0,0,0,0,0,0,0.01729,0.04716,0,0,0,0,0,0,0,0,0,0,0,0,0,0.06838,0,0.02904,0,0.09696,0,0.11436,0.22132,0.04098,0,0,0.47296,0,0,0,0,0.02788,0,0,0,0,0,0,0,0,0.06748,0,0,0,0,0,0,0,0,0,0,0,0,0,0,0,0,0,0,0,0,0,0,0,0,0,0,0,0,0,0,0,0,0,0,0,0,0.09789,1.9313,0,0,0,0,0,0,0,0.00609,0,0.04,0,0,0,0,0.14964,0,2.77563,0,0,0,0,0,0,0,0.0148,0,0.80077,0,0,0,0,0.08546,0.04827,0,0,0,0.02125,0,0.00774,0,0,0,0,0,0,0,0,0,0,0,0,0,0,0,0.30463,0.02846,0,0.01186,0,0,0,0.00302,0,0,0,0,0,0,0,0,0,0,0,0,0,0,0
"4019_1",0,0,0,0,0,0,0,0,0,0,0,0,0,0,0,0,0,0.02763,4.20416,0.36991,0,0,0.88907,0,12.01246,0.03837,0,0,0,0,0,0,0,0,0,0,0,0,1.02672,0,0,0,0,0,0,0,0.00367,0,0,0,0,0,5.06973,0.26109,0,0,0,0,0.47767,0,0,0,0,0,1.25367,0,0,0,0,0,0,0,0,0,0,0,0,0,0,0,0,0,0,0.93302,6.21433,2.85376,0,1.10179,0,0.82371,0,0.03859,0,0,0,0,1.15368,1.57767,0,0.01706,0,0,0,0.01391,0,0.9551,0.00256,0,0,0,0.00926,0,0,0,0,0,0,0,0,0,0,0,0,0,0,0,0.00123,0,0,0,0,0,0,0,0,0,0,0,0,0,0,0,0,0,0,0,0,0.00844,0,0,0,0,0,0,0,0,0,0,0,0,0,0,0,0,0,0,0,0,0,0,0,0,0,0,0.13253,0,0,0,0,0,0,0,0,0,0,0,0,0,0,0,0.05578,0,0,0,0,0,0,0,0,0,0,0,0,0,0,0,0,0,0,0,0,7.21506,0,0,0,0,0,0,0,0,0,0,0,0.04833,0,0,0.58119,0.20211,0,0,0,0,0,0,0,0,0,0.31621,0,0,0,0,0,0,0,0,0,0.13314,0,0.26089,0.4361,0,0,0.05158,0,0,0,0,0,0,0,0,0.02751,0,0,0,0,2.77928,0,0,0,0,0.06673,0,0,0,0,0,0,0,0,0,0,0,0,0,0,0,0.21495,0.27714,0,0,1.88439,1.19616,0,0,0,0,0.06292,0,0.35293,0,0,0,0,0,0,0,0,2.31306,2.97035,0.13109,0,0,0,0,0,0,0,0.26167,0,0.0518,0,0,0.20894,0,0,14.63755,0,0,0.45403,0.17457,0,0,0,0,0,0,0,0,0,0,0,0,0.0224,0,0.02388,0.00075,0,0,0.49639,0,0,0,0,0,0,0,0.14269,0,0,0,0,0.11957,0,0,0,0,0,0,0,0,0,0,0,0,0,0,0,0,0,0,0,0,0,0,0,0,0,0,0,0,0,0,0,0,0,0,0,0,0,0,0,0,0,0.02225,0,0,0,0.01114,0,0,0,0,0,0,0,0.04785,0.00116,0,0,0,0,0,0,0,0,0,0,0,0,0,0.48689,0,0.48714,0,0.10596,0,0.38283,1.64166,0.10997,0,0,0.62731,0,0,0,0,0.23313,0,0,0,0,0,0,0,0,0.30509,0,0,0,0,0,0,0,0,0,0,0,0,0,0,0,0,0,0,0,0,0,0,0,0,0,0,0,0,0,0,0,0,0,0.63753,10.05153,0,0.02676,2.06214,0,0,0,0,0,0,0,0,0,0.00162,0,0,0,0.00654,0.19562,0,1.17608,0,0,0,0,0,0.00579,0,0.0028,0,0.93743,0,0,0,0,0.02226,0.0197,0,0,0,0.00618,0,0,0,0,0,0,0,0,0,0,0,0,0,0,0,0,0,0.69071,0.00442,0,0.04856,0,0,0,0,0,0,0,0,0,0,0,0,0,0,0,0,0,0,0
"4018_4",0,0,0,0,0,0,0,0,0,0,0,0,0,0,0,0,0,0.03111,0,0.13298,0.00237,0,0,0,1.5675,0.09139,0,0,0,0,3.80958,0,0,0,0,0,0.00251,0,0.36153,0,0,0,0,0,0.00395,0,0,0,0,0.13596,0,0,0,0.20398,0,0,0,0,0.00737,0,0,0.01744,0,0,0.2912,0,0,0.04305,0,0,0,0,0,2.69693,0,0,0,0,0,0,0,0,0,0.04061,0.71109,3.19119,0.08281,0.24059,0,11.48014,0,0,0,0,0,0,4.77254,2.96442,0,0.00539,0,0,0,0.29787,0,0.28051,0.22871,0,0.09948,0,0,0,0,0,0,0,0,0.08786,0.00976,0,0,0,0,0,0,0,0,0,0,0,0,0,0,0,0,0,0,0,0,0,0,0,0,0,0.05825,0,0,0.00767,0,0,0,0,0,0,0,0,0,0,0.00097,0,0,0,0,0,0,0,0,0,0.00097,0.02817,0,0,0,0,0.01842,0.00576,0,0,0,0,0.00112,0,0,0.00719,0.01575,0.00257,0.00284,0,0,0,0,0,0,0,0,0,0,0,0,0,0,0,0,0,0,0,0.01135,0,0,0,0,0,0,0.00522,0,0,0,0,0,0,0,0,0,0.00077,0,0,0,0,0,0,0,0,0,0,0,0,0,0.8177,0,0,0,0,0,0,0,0.12785,0,0.00462,0,0.08428,0.98397,0.43628,0,0,0,0,0,0,0,0.26112,0,0,0,0,0,0,0.23574,1.22671,0,0,0,0,0.03355,0,0,0,0,0,0,0,0,0,0,0,0,0,0.28893,0,0.03584,2.66309,0,0.20875,6.82276,0.00496,0,0,0,0,0.02183,0.03482,37.55836,0,0,0,0.00139,0.05885,0,0.01262,0.03348,1.88245,2.27261,0.03459,0,0,0,0,0.01691,0.02616,0,0.0966,0,0.02742,0.01178,0.28041,0,0,0,0.8767,0.01098,0,0,0,0,0,0,0,0.00102,0,0,0,0,0,0,0,0.00775,0,0,0,0,0,0.16062,0,0,0,0,0,0,0,2.28721,0,0,0,0,0.04366,0.00269,0,0,0,0,0,0,0,0,0,0,0,0,0,0,0,0,0,0,0,0,0,0,0,0,0,0,0,0,0,0,0,0,0,0,0,0,0,0,0,0,0,0,0,0,0,0,0,0,0,0,0,0,0,0.03504,0,0,0,0,0,0,0,0,0,0,0,0,0,0.01324,0,0.36216,0,0.00072,0,0,0.28518,0,0,0,0.90293,0,0,0,0,0,0,0,0,0,0,0,0.50488,0,0.04632,0,0,0,0,0,0,0,0,0,0,0,0,0,0,0,0,0,0,0,0,0,0,0,0,0,0.00969,0,0,0,0,0,0,0,0,0,0,0.19207,0.73367,0.29433,0.05152,0,0,0,0,0,0,0,0,0,0,0,0,0.0848,0.0561,0,0,0,0,0,0,0,0,0.32361,0,0,0,0,0,0,1.15183,0.00225,0,0,0,0,0,0,0,0,0,0,0,0,0,0,0,0,0,0,0,0.1594,0,0.17398,0,0,0,0,0,0.36225,0,0,0,0.19813,0,0,0,0,0,0,0,0,0,0,0,0
"4018_3",0,0,0,0,0,0,0,0,0,0,0,0,0,0,0,0,0,0.06758,0,0.26586,0,0,0,0,3.83522,0.14523,0,0,0,0,7.17929,0,0,0,0,0,0,0,0.51505,0,0,0,0,0,0.00046,0,0,0,0,0.14812,0,0,0,0.37562,0,0,0,0,0.12074,0,0,0.00713,0,0,0.0377,0,0,0.14752,0,0,0,0,0,1.91438,0,0,0,0,0,0,0,0,0,0.28643,0.68126,1.11255,0.13351,0.18763,0,8.72439,0,0,0,0,0,0,2.08895,1.36728,0,0,0,0,0,0.38366,0,0.35155,0.82889,0,0.26921,0,0,0,0,0,0,0,0,0.11382,0.01931,0,0,0,0,0,0,0,0,0,0,0,0,0,0,0,0,0,0,0,0,0,0,0,0,0,0.01738,0,0,0.01923,0,0,0,0,0,0,0,0,0,0,0,0,0,0,0,0,0,0,0,0,0,0.00559,0,0,0,0,0,0.00067,0,0,0,0,0,0,0,0.04552,0,0.01183,0.02641,0,0,0,0,0,0,0,0,0,0,0,0,0,0.0516,0,0,0,0,0,0.05166,0,0,0,0,0,0,0.25683,0,0,0,0,0,0,0,0,0,0,0,0,0,0,0,0,0,0,0,0,0,0,0,0.69289,0,0,0,0,0,0,0,0.1748,0,0,0,0.16203,0.77516,1.47131,0,0,0,0,0,0,0,0.18843,0,0,0,0,0,0,0.32699,1.45577,0,0,0,0,0.0171,0,0,0,0,0,0,0,0,0,0,0,0,0,0.29592,0,0.06445,3.1026,0,0.40094,8.63491,0,0,0,0,0,0.0936,0,29.70423,0,0,0,0,0.02886,0,0.01222,0.02966,2.33887,1.73913,0.02512,0,0,0,0,0,0.07929,0,0.10932,0,0.02936,0,0.35226,0,0,0,0.59035,0.04725,0,0,0,0,0,0,0,0.00439,0,0,0,0,0,0,0,0.16212,0,0,0,0,0,0.12338,0,0,0,0,0,0,0,3.35549,0,0,0,0,0.0819,0.00993,0,0,0,0,0,0,0,0,0,0,0,0,0,0,0,0,0,0,0,0,0,0,0,0,0,0,0,0,0,0,0,0,0,0,0,0,0,0,0,0,0,0,0,0,0,0,0,0,0,0,0,0,0,0,0,0,0,0,0,0,0,0,0,0,0,0,0,0.01797,0,0.09801,0,0,0,0,0.93324,0,0,0,1.14964,0,0,0,0,0,0,0,0,0,0,0,1.25062,0,0.25867,0,0,0,0,0,0,0,0,0,0,0,0,0,0,0,0,0,0,0,0,0,0,0,0,0,0,0,0,0,0,0,0,0,0,0,0,0.22008,2.95567,0.0452,0.28913,0,0,0,0,0,0,0,0,0,0,0,0,0.20876,0.07038,0,0,0,0,0,0,0,0,0.79543,0,0,0,0,0,0,2.55535,0,0,0,0,0,0,0,0,0,0,0,0,0,0,0,0,0,0,0,0,0,0,0.48099,0,0,0,0,0,0.0896,0,0,0,0.10617,0,0,0,0,0,0,0,0,0,0,0,0
"4018_2",0,0,0,0,0,0,0,0,0,0,0,0,0,0,0,0,0,0.04206,0,0.34465,0.00237,0,0,0,2.70456,0.19769,0,0,0,0.0017,3.17347,0,0,0,0,0,0,0,0.44173,0,0,0,0,0,0.00767,0,0,0,0.00699,1.04747,0,0,0,0.93148,0,0,0,0,0.04635,0,0.09204,0.02684,0,0,0.09686,0.01147,0,1.01629,0,0,0,0,0,4.26322,0,0,0,0,0,0,0,0,0,0.63599,1.40322,2.13514,0.51278,0.19064,0,9.0527,0,0,0,0,0,0,1.71786,0.04358,0,0.00664,0,0,0,0.65961,0,0.2352,0.46423,0,0.41231,0,0,0,0,0,0,0,0.00054,0.04045,0.01918,0,0,0,0,0,0,0,0,0,0,0,0,0,0,0,0,0,0,0,0,0,0,0,0,0,0.06878,0,0,0.0231,0,0,0,0,0,0,0,0,0,0,0,0,0,0,0,0,0,0,0,0,0.00602,0.01734,0,0,0,0,0,0.25928,0,0,0,0,0.12955,0,0,0,0,0.1042,0.01578,0,0,0,0,0,0,0,0,0,0,0,0,0,0.15502,0,0,0,0,0,0.10147,0,0,0,0,0,0,0.48205,0,0,0,0,0,0,0,0,0,0,0,0,0,0,0,0,0,0,0,0,0,0,0,0.60513,0,0,0,0,0,0,0,0.88453,0,0.00173,0,0.24845,1.52595,3.6056,0,0,0,0,0,0,0,0.40329,0,0,0,0,0,0,0.44713,1.41141,0,0,0,0,0.02757,0,0,0,0,0,0,0,0,0,0,0,0,0,0.11567,0,0.21849,2.92009,0,0.52817,5.42136,0.00609,0,0,0,0,1.54846,0.00149,19.79718,0,0,0,0.03799,0.44929,0,0.00188,0.08239,3.73963,2.91407,0.04299,0,0,0,0,0.02253,0.26986,0,0.0821,0.00242,0.05203,0.01714,0.16833,0,0,0,0.60828,0.22297,0,0,0,0,0,0,0,0.02326,0,0,0,0,0,0,0,0.06531,0,0,0.00049,0,0,0.40303,0,0,0,0.00472,0.00277,0,0,4.90181,0,0,0,0,0.09554,0.03537,0,0,0,0,0,0,0,0,0,0,0,0,0,0,0,0,0,0,0,0,0,0,0,0,0,0,0,0.02569,0,0,0,0,0,0,0,0,0,0,0,0,0,0,0,0,0,0,0,0,0,0,0,0,0,0.019,0,0,0,0,0,0,0,0,0,0,0,0,0,0.16192,0,0.1075,0,0.00044,0,0,0.64826,0,0,0,0.91262,0,0,0,0,0.00183,0,0,0,0,0,0,0.54857,0,0.05721,0,0,0,0,0,0,0,0,0,0,0,0,0,0,0,0,0,0,0,0,0,0,0,0,0,0.16127,0,0,0,0,0,0,0,0,0,0,0,4.74326,0,0.30586,0,0,0,0,0,0.01103,0,0,0,0,0,0,0.16492,0.35537,0.01483,0,0.01276,0,0,0,0,0,2.20087,0,0,0,0,0,0,1.0206,0.02883,0,0,0,0,0,0,0,0,0,0,0,0,0,0,0,0.0168,0,0,0,0.01148,0,0.45988,0,0,0,0,0,0.51148,0,0,0,0.1862,0,0,0,0,0,0,0,0,0,0,0,0
"4001_4",0,0,0,0,0,0,0,0,0,0,0,0,0,0,0,0,0,0,0.03535,0.18578,0.00418,0,0.85314,0.12111,4.84535,0.04141,0,0,0,0,0,0,0,0,0,0,0,0,0.32093,0,0,0,0,0,0,0,0,2.00353,0.2992,0.20172,0,0,8.46604,4.45363,0,0,0,0,0.65602,0.032,0,0,0,0,0.22962,0,0,0.05212,0,0,0,0,0,0,0,0,0,0,0,0,0,0,0,0.13317,25.9005,0,0.65744,2.70236,0,0,0,0,0,0,0,0,0,0.77513,0,0,0,0,0,1.59676,0,0.00833,0,0,0,0,0,0,0,0,0,0,0,0,0,0,0,0,0,0,0,0,0.01352,0,1.40681,0,0,0,0,0,0,0,0,0,0,0,0,0,0,0,0.00929,0,0,0,0,0,0,0,0,0,0,0,0.05859,0,0,0,0,0,0,0,0,0,0,0.38393,0.06387,0,5.26644,0,0.00889,0,0,0.0529,0,0,0,0,0,0,0,0,0,0,0,0.74715,0,0,0.02975,0,0,0,0,0,0,0,0,0,0,0,0,0,0,0,0,0,0,0,1.05707,0,0,0,0,0,0,0,0,0,0,0,0,0.50839,0,0,0,0,0,0.20112,0,0,0,0,0,0,0,0.22284,0,0,0,0,0,0,0,0,0,0,0,0.11062,0,0.2775,0,0,0,0,0,0,0,0,0,0,0,0,0,0,0.46917,0.18295,0,0,0,0,0,0,0,0,0,0,0,0,0,0,0,0,0,0,0,0,3.96496,0.34878,0,0.11486,3.12146,0,0.42451,0,0,0,1.08144,0.0102,0,0,0,0,0,0,0,0,0,4.35798,0,0,0,0,0,0,0.00207,0,0,0,0,0,0,0.99016,0,0,0,0.55206,0.0651,0,1.1732,0.1464,0,0,0,0,0,0,0,1.07001,0,0,0,0,0.189,0,0,0.0078,0,0,0.05676,0,0,0,0.16442,0,0,0,2.38727,0,0,0,0,0.4474,0,0,0,0,0,0,0,0,0,0,0,0,0,0,0,0,0,0,0,0,0,0,0,0,0,0,3.30148,0,0,0,0,0,0,0,0,0,0,0,0,0,0,0,0,0,0,0,0,0,0,0,0,0,0,0,0.0201,0,0,0,0,0,0,0,0,0,0,0,0,0,0.18389,0,0.2315,0,1.21198,0,0,1.0157,0.04601,0,0,2.27298,0,0,0,0,0,0,0,0,0,0.34217,0,0,0,0,0,0,0,0,0,0,0,0,0,0,0,0,0,0,0,0,0,0,0,0,0,0,0,0,0,0,0,0,0,0,0,0,0,0,0,0,0.31425,2.56899,0.57775,0.04247,0,0,0,0,0,0.0298,0,0,0,0,0,0,0,0,0,0,0,0,0.14978,0,0,0,0.38866,0,0,0,0,0,0,0.15479,0,0,0,0,0,0.00693,0,0,0,0,0,0,0,0,0,0,0,0,0,0,0,0,0.80011,0.01921,0,0,0,0,0,0,0,0,0,0,0,0,0,0,0,0,0,0,0,0,0
"4017_4",0,0,0,0,0,0,0,0,0,0,0,0,0,0,0,0,0,0,1.55201,0.00883,0.00469,0,0,0,0.53576,0.05962,0,0,0,1.27802,0,0,0,0,0,0,0,0,2.83028,0,0,0.40843,0,0,0,0,0,0,0,0.00546,0.61689,0,2.13603,0.11286,0,0.0184,0.12784,0,0.41302,0.63235,0.04532,0.10955,0,0,0.09934,11.26311,0,0,0,0,0,0.6826,0,4.9929,0,0,0,0,2.70218,0,0.00351,0,0.44162,0.004,1.34492,2.34788,0,0.02319,0,1.22877,0,1.00628,0,0,0,0,0.8082,0.04856,0,0.00903,0,0,0,0.3367,0,0.52686,0,0,0.00252,0,0.00089,0,0,0,0,0,0,0,0.0406,3.09401,0,0,0,0,0,0,0.00097,0,0,0,0,0,0,0,0,0,0,0,0,0,0,0,0,0,0,0,0,0.0911,0,0,0,0,0,0,0,0,0,0,0,0,0,0,0,0,0,0,0,0,0.24484,0.05041,0,0,0,0,0.08132,0.33268,0,0,0.00362,0.41337,0,0,0.22146,0,0,0,0,0,0,0,0,0,0,0,0,0.00699,0,0,0,0,0.03104,0.01308,0,0,0,0.16597,0.04488,0,0.48066,0,1.00716,0,0,0,0,0,0,0,0,0,0.64573,0,0,0.49797,0,0,0,0,0,0,0,0,0,0,0,0,0,1.02595,0,0,0,0,0,0,0,0,0,0,0,0.90085,0.71654,0,0,0.00798,0,0,0,0,0.00518,0,0,0.07933,0,0,0,0,0.30654,1.2776,0,0,0,0,0.12856,0,0,0,0,0,0,0,0,0,0,0,0,0,0.06234,0,0.82287,1.5004,0,0.03356,2.55021,0.1554,0,0,0,0,0.60246,0.03627,0,0,0,0,0,0.2789,0,0,0.04328,6.30827,4.41827,0.2445,0,0,0,0,0,0,0,0.34487,0.87437,0,0.05307,1.48664,0,0,0,0,0.80445,0,0.31285,0.15968,0,0,0,0,0.0278,0,0,0,0,0,2.96423,0,0.3488,0,0,0.33919,0,0,0.00103,0,0,0,0.2783,0,0,0,1.29489,0,0,0,0,0.22634,0,0,0,0.02191,0,0,0,0,0.08908,0,0,0,0,0,0,0,0.30591,0,0,0,0,0,0,0,0,0,1.53547,0,0,0,0,0,0,0,0,0,0,0,0,0,0,0,0,0,0,0,0,0,0,0,0,0,0,0,0.38312,0,0,0,0,0,0,0,0,0,0,0,0,0,0.28945,0,0.35122,0,0.19115,0,0,0.43031,0.02881,0,0,0.99084,0,0,0,0,0.00608,0,0,0,0,0.03734,0,0,0,0,0,0,0,0,0,0,0,0,0,0,0,0,0,0,0,0,0,0,0,0,0,0,0,0,0,0.7277,0,0,0,0,0,0,0,0,0,0,0.00724,0,0,0.0092,0.06236,0,0,0.54979,1.9226,0,0,0.10262,0,0,0,0,0,0.00299,9.94883,0.01645,0.26424,0,1.20094,0,0.01591,0,0.05656,0,0.86882,0.10216,0,0,0,1.27639,0,0,0,0,0.0366,0.01313,0,0,0,0,0,0,0,0,0,0.02472,0.23422,0,0,0,0,0,0.57749,0.012,0,0,0,0,0,0,0,0,0,0,0.008,0,0,0,0.02692,0,0,0.01334,0,0,0
"4017_3",0,0,0,0,0,0,0,0,0,0,0,0,0,0,0,0,0,0.00165,12.49212,0.01691,0.07508,0,0,0,2.59072,0.08654,0,0,0,1.85398,0,0,0,0,0,0,0,0,1.1829,0,0,2.5391,0,0,0,0.00042,0,0,0,0.26529,0.82425,0,4.38445,0.09606,0.00183,0.03457,0.0958,0,0.20464,0.24303,0.5376,0.16252,0,0,0.19295,7.32019,0,0.11395,0,0,0,1.71324,0,5.57313,0,0,0,0,2.57701,0,0.04025,0,1.37244,0.02171,2.67691,3.01738,0.00895,0.04598,0,1.84088,0,0.12754,0,0,0,0,0.26812,0.44968,0,0.04515,0,0,0,0.15256,0,0.34873,0,0,0.03042,0,0,0,0,0,0,0,0.01815,0,0.06259,0.02854,0,0,0,0,0.00508,0,0.00714,0.00883,0,0,0,0,0,0,0,0,0,0,0,0,0,0,0,0,0,0,0,0.03204,0,0,0,0,0,0,0,0,0,0,0,0,0.00384,0,0,0,0,0,0,0,0.17883,0.02926,0,0,0.00094,0,0.19728,0.5796,0,0.01148,0.00207,0.4302,0,0,0.0772,0,0,0,0.01165,0,0,0,0,0,0,0,0,0.03385,0,0,0,0,0.00126,0,0,0,0,0.15977,0.02103,0,0.61641,0,0.63137,0,0,0,0,0,0,0,0,0,0.28938,0,0,0.72924,0,0,0,0,0,0,0,0,0,0,0,0,0,0.67583,0,0,0.00049,0,0,0.00674,0,0,0,0,0.01091,0.37752,0.19977,0.00127,0,0.02832,0,0,0,0,0.01712,0,0,0.11679,0,0,0,0,0.05568,0.35216,0,0,0,0,0.05965,0,0.0059,0,0,0.01625,0,0,0,0,0,0,0,0,0.39459,0,0.68349,0.65821,0,0.00271,0.14936,0.56703,0,0,0,0,0.55857,0.07546,0,0,0,0,0,0.06309,0,0,0.00044,4.50256,7.80747,0.41553,0,0,0,0,0.00057,0,0,0.13495,0.30077,0,0.02357,1.72162,0,0,0.00137,0,0.31331,0,2.46426,0.69492,0,0,0,0.01193,0.00928,0,0,0,0,0,1.55415,0,0.23622,0,0,0.15737,0,0,0.09669,0,0,0,0.1254,0,0,0,0.51156,0,0,0,0,0.14096,0,0,0.00941,0,0,0,0,0,0.00869,0,0,0,0.00148,0,0,0,0.09111,0.00615,0.01024,0,0,0,0,0,0,0,2.79213,0,0,0,0,0,0,0,0,0,0,0,0,0,0,0,0,0,0,0.01009,0,0,0,0,0,0,0,0.30056,0.10718,0,0.00582,0,0,0,0,0,0,0,0,0,0,0,0.39591,0,0.20463,0,0.24289,0,0.06945,0.44949,0.18995,0,0,0.71379,0,0,0,0,0.11693,0,0,0,0,0,0,0,0,0,0,0,0,0,0,0.05865,0,0,0,0,0,0,0,0,0,0,0,0,0,0,0,0,0,0,0,0.36663,0,0,0,0,0,0,0,0,0,0,0.00521,0.00065,0,0.00173,0.0744,0.01066,0,0.13352,1.76968,0,0,0.1833,0,0,0,0.00376,0,0.00506,2.34272,0.0192,0.74464,0,0.72356,0,0.00481,0.00513,0.01029,0,0.38723,0.27415,0,0,0,0.28359,0.00153,0,0.00502,0,0.02883,0.01754,0,0,0,0,0,0,0,0,0,0.0025,0.01326,0,0,0,0.00355,0,0.44288,0.01532,0,0.18102,0,0,0,0.00566,0,0,0,0,0.00074,0,0,0,0.00249,0,0,0.04968,0,0,0
"4017_2",0,0,0,0,0,0.02457,0,0,0,0,0,0,0,0,0,0,0,0,4.03153,0.06153,0.1021,0,0,0,1.82388,0.01413,0,0,0,3.08764,0.00063,0,0,0,0,0,0,0,0.36788,0,0,0.30388,0,0,0,0,0,0,0,0.0633,0.92289,0,4.3715,0.05076,0,0.1219,0.03068,0,0.59038,0.06451,0.57214,0.01925,0,0,0.20609,15.27977,0,0,0,0,0,0.20941,0,1.67332,0,0,0,0,3.79493,0,0.02933,0,1.03916,0,3.92783,2.88902,0,0.00481,0,0.91768,0,0,0,0,0,0,0.21822,0.18364,0,0.02508,0,0,0,0.42046,0,0.22055,0,0,0.0323,0,0,0,0,0,0,0,0.01607,0,0.05685,0,0,0,0,0,0,0,0,0,0,0,0.00421,0,0,0,0,0,0,0,0,0,0,0,0,0,0,0,0,0.02841,0,0,0,0,0,0,0,0,0,0,0,0,0,0,0,0,0,0,0,0,0.5627,0.03248,0,0,0,0,0.15458,0.2872,0,0,0,0.10346,0,0,0.28452,0,0,0,0.00137,0,0,0,0,0,0,0,0,0.10055,0,0,0,0,0.08767,0,0,0,0,0.00484,0,0,1.44082,0,1.17632,0,0,0,0,0,0,0,0,0.17141,0.52472,0,0,0.09339,0,0,0,0,0,0,0,0,0,0,0,0,0,1.70491,0,0,0,0,0,0.00324,0,0,0,0,0,0.84625,0.56379,0,0,0,0,0,0,0,0.02127,0,0,0.07566,0,0,0,0,0.29847,0.76978,0,0,0,0,0.12345,0,0.00953,0,0,0,0,0,0,0,0,0,0,0,2.63884,0,1.39049,1.14085,0,0.09661,0.08441,0.39984,0,0,0,0,1.4948,0,0,0,0,0,0,0.08899,0,0,0.11499,3.47897,8.26989,0.39463,0,0,0,0,0,0,0,0.64638,0.89174,0,0,1.89746,0,0,0,0,0.85273,0,0.36683,0.19051,0,0,0,0,0.08736,0,0,0,0,0,1.52809,0,0.18669,0,0,0.55534,0,0,0.03198,0,0,0,0.46462,0,0,0,1.97944,0,0,0,0,0.14559,0,0,0,0,0,0,0,0,0.03899,0,0,0,0,0,0,0,0.05875,0,0,0,0,0,0,0,0,0,0.95196,0,0,0,0,0,0,0,0,0,0,0,0,0,0,0,0,0,0,0.03074,0,0,0,0,0,0,0,0.02684,0.64618,0,0.03202,0,0,0,0,0,0,0,0,0,0,0,0.19876,0,0.23673,0,0.47537,0,0,0.80844,0.0369,0,0,0.44759,0,0,0,0,0,0,0,0,0,0,0,0,0,0,0,0,0,0,0,0,0,0,0,0,0,0,0,0,0,0,0,0,0,0,0,0,0,0,0,0.2582,0,0,0,0,0,0,0,0,0,0,0,0,0,0,0.30043,0.02131,0,0.31438,0.58932,0,0,0.07851,0,0,0,0,0,0,2.77835,0.00075,0.18423,0,1.65727,0,0.01542,0.00836,0.29864,0,0.96911,0.0275,0,0,0,0.84105,0.0275,0,0,0,0.04188,0.03547,0,0,0,0,0,0,0,0,0,0.07875,0.1545,0,0,0,0,0,0.47709,0.03451,0,0.00607,0,0,0,0.14942,0,0,0,0,0,0,0,0,0,0,0,0,0,0,0
"4017_1",0,0,0,0,0,0.12805,0,0,0,0,0,0,0,0,0,0,0,0.01607,2.46449,0.03761,0.09537,0,0,0,6.81283,0.01583,0,0,0,0.99986,0.00107,0,0.03032,0,0,0,0,0,0.38472,0,0,0.11886,0,0,0,0,0,0.00311,0.00045,0.02417,1.89595,0,2.86486,0.28232,0,0.05316,0.02767,0,0.55689,0.05926,0.21649,0.20181,0,0,0.12126,8.83985,0,0.01028,0,0,0,0.03938,0,7.06878,0,0,0,0,7.86614,0,0.04274,0,1.62162,0,2.21419,3.50806,0.07395,0.01389,0,0.91612,0,0.04354,0,0,0,0,0.16176,0.14687,0,0.01311,0,0,0,0.22736,0,0.35676,0,0,0.22795,0,0,0,0,0,0,0,0,0,0.06003,0.59484,0,0,0,0,0,0,0,0,0,0,0,0,0,0,0,0,0,0,0,0,0,0,0,0,0,0,0,0.04247,0,0,0,0,0,0,0,0,0,0,0,0,0,0,0,0,0,0,0,0,1.06528,0.06919,0,0,0.19035,0.02278,0.00652,0.10794,0.06244,0,0,0.06588,0,0,0.13106,0,0.04801,0,0,0,0,0,0,0,0,0,0,0.05688,0,0,0,0,0.01439,0.00932,0,0,0,0.06698,0,0,0.32418,0,0.4533,0,0,0,0,0,0,0,0,0.06346,0.3657,0,0,1.19717,0,0,0,0,0,0,0,0,0,0,0,0,0,0.5834,0,0,0.01385,0,0,0,0,0,0,0,0,0.60769,0.67106,0.13598,0,0,0,0,0,0,0.00323,0,0,0.05143,0,0,0,0,0.23831,0.76695,0,0,0,0,0.06133,0,0,0,0,0,0,0,0,0,0,0,0,0,0.04699,0,0.2676,0.82799,0,0.13088,0.04516,0.23845,0,0,0,0,4.0096,0.00612,0,0,0,0,0,0.35706,0,0,0.05635,7.79425,5.34778,0.25421,0,0,0,0,0.01431,0,0,2.2132,0.80769,0,0,0.54436,0,0,0,0,0.52809,0,0.15399,0.11817,0,0,0,0,0.01852,0,0,0,0,0,1.25407,0,0.29915,0,0,0.3461,0,0,0.12697,0,0,0,0.07526,0,0,0,2.95075,0,0,0,0,0.19339,0,0,0.04763,0,0,0,0,0,0.05116,0,0,0,0,0,0,0,0.23189,0.06596,0.0404,0,0,0,0,0,0,0,2.12921,0,0,0.0078,0,0,0,0,0,0,0,0,0,0,0,0,0,0,0,0.00857,0,0,0,0,0,0,0,0.13406,0.06561,0,0.00241,0,0,0,0,0,0,0,0,0,0,0,0.45056,0,0.27037,0,0.25078,0,0,0.82796,0.00668,0,0,0.8127,0,0,0,0,0.00477,0,0,0,0,0,0,0,0,0,0,0,0,0,0,0,0,0,0,0,0,0,0,0,0,0,0,0,0,0,0,0,0,0,0,0.07535,0,0,0,0,0,0,0,0,0,0.00079,0.74328,0,0.42697,0.02239,0.07289,0.00461,0,1.60191,1.31714,0,0,0.40311,0,0,0,0,0,0.05553,0.02544,0.07454,0.04898,0,0.50308,0,0,0.00725,0,0,0.04575,0.02848,0,0,0,0.41584,0.05354,0,0,0,0.00965,0.01234,0,0,0,0,0,0,0,0,0,0.02007,0.04046,0,0,0,0.00985,0,0.42134,0.09889,0,0.06176,0,0,0,0.00757,0,0,0,0,0,0,0,0,0,0,0,0,0,0,0
"4016_4",0,0,0,0,0,0,0,0,0,0,0,0,0,0,0,0,0,0.04252,1.87665,0.88476,0.08015,0,0.22371,0.03535,6.80397,0.73765,0,0,0,0,0,0,0,0,0,0,0.05195,0,0.64179,0,0,0,3.65697,0,0.00745,0,0,1.37199,0.09259,0,0,0,0.29303,0.01056,0,0,0.83267,0,0,0,0.58018,0.96973,0,0,0.00413,0,0,0.66158,0,0,0,0.04929,0,0,0,0,0,0,0,0,0,0,4.63316,1.24369,2.54666,5.55916,1.19609,1.21194,0,0.65524,0,0,0.29096,0,0.06749,0,0.36113,0.02451,0,0,0,0,0,0.33641,0,0.08051,0.02949,0,0.10072,0,0.0029,0,0,0,0,0,0.00653,0.40242,0.03611,0,0,0,0,0,0,0,0,0,0,0,0,0,0,0,0,0,0,0,0,0,0,0,0,0,0.02065,0,0,0.02044,0,0,0,0,0,0,0,0,0,0,0,0,0.0334,0,0,0,0,0,0,0,0,0,0,0,0,0,0.03501,0.01441,0.03698,0,0.18062,0.01033,0,0,0.00773,0,0,0,0,0,0,0.00331,1.78481,0,0,0,0,0,0.14677,0,0,0,0,0,0,0,0,0,0,0,0,0,0,0,0,0,0,0,0,0,0,0,0,0,0,0.0118,0,0,0,0,0,0,0,0,0,0,0.02052,0,0,0.41928,0,0,0.12012,0,0,0,0,0,0,0.00894,0,0.18946,0.7814,0,0,0,0,0,0,0,0,0,0,0.00557,0,0,0,0,0.29128,0.90358,0,0,0,0,0.02599,0,0,0,0,0.06739,0,0,0,0,0,0,0,0,0.07465,0,0.95349,0.45313,0,0.06815,0.17078,0.14549,0,0,0,0,0,0.00198,7.69727,0,0,0,0,0,0,0,0.27278,4.27403,0.08538,0.01104,0,0,0,0,0.01239,0,0.00313,0.01334,0.13067,0,0.23333,0.43016,0.01575,0,0,2.49607,0.04294,0,0,0.04586,0,0,2.2173,0,0.04497,0,0,0,0,0,0,0,0.50135,0,0,0.06318,0,0,0.07058,0,0,0,0,0.02675,0,0,0.71694,0,0,0,0,0.05982,0,0,0.10216,0,0,0,0,0,0.02714,0,0,0.08608,0,0,0,0,0.09981,0.00834,0,0,0,0,0,0,0,0,0.11843,0,0.00034,0,0,0,0,0,0,0,0,0,0,0,0,0,0,0,0,0.0722,0,0,0,0,0,0,0,0,0.03838,0,0,0,0,0,0,0,0,0,0,0,0.00228,0,0.75735,0,0.02532,0,0.06312,0,0,0.88111,0,0,0.00185,4.36996,0,0,0,0,0,0,0,0,0,0,0,0,0,0,0,0,0,0,0,0,23.32031,0,0,0,0,0,0,0,0,0,0,0,0,0,0,0,0,0,0,0,0,0,0,0,0,0,0,0,0,0.00869,0.04092,0.0442,0.14076,0.1563,0,0,0,0,0,0.00885,0.05874,0,0,0,0,0,0,0.40275,1.60167,0,0,0,0,0,0,0.00458,0,0,0,0,0,0,0,1.28753,0.10189,0,0,0,0,0.00986,0,0,0,0,0,0,0,0,0,0.07412,0.34612,0,0,0,0.0135,0,0.2255,0.06369,0,0,0,0,0,0.02824,0,0,0.21854,0,0.02312,0,0,0,0,0,0,0,0,0,0
"4016_3",0,0,0,0,0,0,0,0,0,0,0,0,0,0,0,0,0,0.08412,1.45973,0.18275,0,0,0.24858,0,4.43285,0.36798,0,0,0.21879,0.15497,0,0,0,0,0,0,0,0,0.08067,0,0,0,7.11613,0,0,0,0,1.03311,0.26774,0,0,0,0.24661,0,0,0,0.51867,0,0,0,0.43739,0.61734,0,0,0,0,0,0.0991,0,0,0,0,0,0,0,0,0,0,0,0,0,0,0.6038,0.50757,2.39744,4.03906,0,0.77401,0,1.00256,0.78,0.10361,0.41612,0,0.13515,0.26919,2.32106,0.01068,0,0,0,0,0,0.26302,0,0.175,0.0385,0,0.26736,0,0,0,0,0,0,0,0,0.05971,0,0,0,0,0,0,0,0,0,0,0,0,0,0,0,0,0,0,0,0,0,0,0,0,0,0,0,0,0,0.01702,0,0,0,0,0,0,0,0,1.55169,0,0,0,0,0,0,0,0,0,0,0,0,0,0,0,0,0,0,0,0.01586,0,0.58079,0,0,0,0.08723,0,0,0,0,0,0,0,0,0,0.08712,0,0,0,0.434,0,0,0,0,0,0,0,0,0,0,0,0,0,0,0,0,0,0,0,0,0,0,0,0,0,0,0.04682,0,0,0,0,0,0,0,0,0,0,0,0,0,1.86757,0,0,0.73646,0,0,0,0,0,0,0,0,0.20758,0.94459,0,0,0,0,0,0,0,0,0,0,0,0,0,0.7962,0,0.71482,2.13675,0,0,0,0,0.05336,0,0,0,0,0,0,0,0,0,0,0,0,0,0.05029,0,0.43133,0.60398,0,0,0.05098,0.66318,0,0,0,0,0,0.04637,0,0,0,0,0,0,0,0,0.02966,8.81428,0.45302,0,0,0,0,0,0,0,0.00812,0,0,0,0.22329,0.01349,0,0,0,0.29926,0.13837,0,0,0,0,0,0,0,0.01415,0,0,0,0,0,0,0,1.44741,0,0,0.13504,0,0,0.1684,0,0,0,0,0,0,0,1.68734,0,0,0,0,0.09549,0,0,1.32335,0,0,0.73306,0,0,0.1964,0,0,0,0,0,0.05808,0,0,0,0,0,0,0,0,0,0,0,0.31489,0,0,0,0,0,0.06425,0,0,0,0,0,0,0,0,0,0,0,0,0,0,0,0,0,0,0,0,0,0,0,0,0,0,0,0,0,0,0,0,0,0,0,0.265,0,0.03105,0,0.00551,0,0,1.05346,0,0,0,1.10184,0,0,0,0,0,0,0,0,0,0,0,0,0,0,0,0,0,0,0,0,23.51132,0,0,0,0,0,0,0,0,0,0,0,0,0,0,0,0,0,0,0,0,0,0,0,0,0,0,0,0,0.05042,0.57678,0.79543,1.25176,0.49854,0,0,0,0,0,0,0,0,0,0.04773,0,0,0,0.91012,0.0388,0,0,0,0,0,0,0.03443,0,0,0,0,0,0,0,3.153,0,0,0,0,0,0.02042,0,0,0.05745,0,0,0,0,0,0,1.51103,3.25833,0,0,0,0.40925,0,0.37841,0.04779,0,0,0,0,0,0.01228,0,0,0.03605,0.45305,0.24242,0,0.17662,0,0,0,0,0,0,0,0
"4016_2",0,0,0,0,0,0,0,0.00119,0,0.01723,0,0,0.00832,0,0,0,0,0.302,0.08877,0.25049,0,0,0.11518,0.01614,2.45801,0.34843,0,0,0,0,0,0,0,0,0,0,0.01846,0,9.17347,0,0,0,0.34075,0,0.15558,0,0,0.85632,0.02122,0,0,0,0.43233,0,0,0,0.35017,0,0,0,0.16301,0.32403,0,0,0.00999,0,0,0.12199,0,0,0,0,0,0,0,0,0,0,0,0,0,0,0.1685,0.86939,1.40932,3.42544,0.37367,0.74279,0,2.01989,0.10353,0,2.93609,0,0.08175,0.01614,1.44648,0.02078,0,0,0,0,0,2.05975,0,0.17115,2.25584,0,0.3446,0,0.07758,0,0,0,0,0,0,0.00235,0,0,0,0,0,0,0,0,0,0,0,0,0,0,0,0,0,0,0,0,0,0,0,0,0,0,0,0,0,0.00757,0,0,0,0,0,0,0,0,2.07611,0,0,0,0,0,0,0,0,0,0,0,0,0,0,0,0,0,0,0.02756,0,0,0.00075,0,0,0,0.02889,0,0.2561,0,0,0,0,0,0.29734,0,0,0,0,0,0.11598,0,0,0,0,0,0,0,0,0,0,0,0,0,0,0,0,0,0,0,0,0,0,0,0.15861,0,0,0.041,0,0,0,0,0,0,0,0,0,0,0.09015,0,0,1.60743,0,0,0.44729,0,0,0.00026,0,0,0,0,0,1.17522,0.88033,0.083,0,0,0,0,0,0,0,0,0,0,0,0,0,0,1.26311,8.1138,0,0,0.00394,0,2.86964,0.02498,0,0,0,0.11222,0,0,0,0,0,0,0,0,6.59202,0,0.27801,3.14014,0,0.47702,0.06821,0.01368,0,0,0,0,0,0,1.37645,0,0,0,0,0,0,0,0.09507,7.9819,0.26763,0.01705,0,0.00096,0,0,0.02594,0,0,0.01117,0.00766,0,0,0,0,0,0,0.04453,0,0,0,0,0,0,0.36208,0,0.01386,0,0,0,0,0,0,0,0.69283,0,0,0,0,0,0.00684,0,0,0,0,0,0,0,4.30906,0,0,0,0,0.1714,0,0.00024,0.03751,0.06045,0,0,0,0,1.57691,0,0,0.0033,0,0,0,0,0.02199,0,0.01553,0,0,0,0,0,0,0,0,0,0.05806,0,0,0,0,0.1144,0,0,0,0,0,0,0,0,0,0,0,0,0,0,0,0,0,0,0,0,0.00092,0,0,0,0,0,0,0,0,0.15928,0,0,0,0,0.0171,0,0,0,0,0,0,0.4513,0,0,0,2.6046,0,0,0,0,0,0,0,0,0,0,0,0,0,0,0,0,0,0,0,0,1.66346,0,0,0,0,0,0,0,0,0,0,0,0,0,0,0,0,0,0,0,0,0,0,0,0,0.22236,0,0,0,0.00163,0.00052,0.00294,0.1167,0.02679,0,0,0,0,0,0,0,0.00172,0.01435,0.05916,0,0,0,0.02923,5.5336,0,0,0,0,0,0,0,0,0,0,0,0,0,0,3.07907,0,0,0,0,0,0.10194,0.05223,0,0.01814,0,0.00642,0,0,0,0.00273,0.82979,2.22754,0.00786,0,0,0.0033,0.00517,0.46876,0.57284,0,0,0,0,0,0,0,0,0,0.02191,0.07531,0,0,0,0,0,0,0,0,0,0
"4016_1",0,0,0,0,0,0,0,0,0,0,0,0,0,0,0,0,0,0.05914,0.50453,1.26944,0,0,1.27078,0.13028,2.57759,0.45014,0,0,0,0,0,0,0,0,0,0,0.02902,0,1.86906,0,0,0,2.71314,0,0.01018,0,0,1.555,0.38103,0,0,0,1.56113,0.01453,0,0,1.05212,0,0.41852,0,0.97796,0.9831,0,0,0.6947,0,0,0.73954,0,0,0,0,0,0,0,0,0,0,0,0,0,0,0.36579,1.59725,5.84256,7.14934,0.6859,0.15508,0,0.98139,0.46011,0,0.16954,0,0.00446,0,0.51909,0,0,0,0,0,0,0.59198,0,0.12687,0.03828,0,0.12535,0,0.00854,0,0,0,0,0,0.00255,0.30773,0.03452,0,0,0,0,0,0,0,0,0,0,0,0,0,0,0,0,0,0,0,0,0,0,0,0,0,0.00692,0,0,0.00229,0,0,0,0,0,0,0,0,0.00337,0,0,0,0,0,0,0,0,0,0,0,0,0,0,0,0,0,0.15249,0.03257,0.00918,0,0,0.59741,0,0,0.40203,0,0,0,0,0,0,0,0.76222,0,0,0,0,0,0,0,0,0,0,0,0.00221,0,0,0,0,0,0,0,0,0,0,0,0,0,0,0,0,0,0.93824,0,0,0.00984,0,0,0,0,0,0,0,0,0,0,0,0,0,0.45671,0,0,0.20484,0,0,0.08155,0,0,0,0.00718,0,0.26486,0.47963,4.79105,0,0,0,0,0,0,0.01532,0,0,0.02119,0,0,0,0,0.34037,1.0647,0,0,0,0,0.07842,0,0,0,0,0,0,0,0,0,0,0,0,0,0.20526,0,0.39039,1.66201,0,0.04433,2.13254,0.40373,0,0,0,0,0,0.00815,2.86986,0,0,0,0,0,0,0,0.13226,4.36727,4.21256,0.18688,0,0,0,0,0.01579,0,0,0.10817,1.31941,0,0.01048,1.9624,0.12639,0,0.01756,2.24829,0,0,0.00174,0.01836,0,0,1.43808,0,0.0023,0,0,0.01129,0,0,0,0,0.3167,0,0,0.11509,0,0,0.03234,0,0,0,0,0.02383,0,0,0.74961,0,0,0,0,0.2007,0,0,0.44947,0.00766,0,0,0,0,0.03796,0,0,0.10176,0.00496,0,0,0,0.87236,0.03023,0.2843,0,0,0,0,0,0,0,0.00788,0,0.00508,0,0,0,0,0,0,0,0,0,0.01677,0,0,0,0.00089,0,0,0.00805,0,0,0,0,0,0,0,0.03847,0.7747,0,0,0,0,0,0,0,0,1.84576,0,0,0.09594,0,0.39661,0,0.01804,0,0.02318,0,0,2.32432,0,0,0.0127,6.53579,0,0,0,0,0.00067,0,0,0,0,0,0,0,0,0,0,0,0,0,0,0,1.50958,0,0,0,0,0,0,0,0,0,0,0,0,0,0,0,0,0,0,0,0,0,0,0,0.03525,0,0,0,0,0.00204,0.13757,0.42612,0.10529,0.23827,0,0,0,0,0,0,0.05657,0,0,0,0,0,0,0.39361,4.81436,0,0,0.31079,0,0,0,0.27654,0,0,0,0,0,0.02563,0,1.85857,0.04695,0,0,0,0,0.0033,0.00499,0,0,0,0,0,0,0,0,0.04005,0.09726,0,0,0,0.01823,0,0.45739,0.19826,0,0.02787,0,0,0,0,0,0,0,0.04783,0.02333,0,0,0,0,0,0,0,0,0.44471,0.0205
"4015_4",0,0,0,0,0,0,0,0,0,0,0,0,0,0,0,0,0,0,0.01336,0,2.12639,0,0.86921,0,5.47629,0.57034,0,0,20.47604,0,0,0,0,0,0,0.66886,0,0.03469,0,0,0.02368,0,0,0,0,0,0,0,0.14611,0,0,0,0,0,0,0.55984,0,0,1.41764,0,0,0,0.07391,0,1.5543,0,0,0,0,0,0,0,0,0,0,0,0,0,0,0,0,0,0,0.12419,20.8218,3.90087,0,0,0,0,0,0,0,0,0.4363,0,0,0,0,0,0,0,0,0,0.09523,0,0,0,0,0,0.86688,0,0,0,0,0,0,0.16626,0.01371,0,0,0,0,0,0,0.00776,0,0,0,0,0,0,0,0,0.05501,0,0,0,0,0,0,0,0.07199,0,0,0,0,0,0,0,0.03419,0.02034,0,0,0,0.41148,0,0.02682,0,0.01308,0,0,0,0,0,0,0.02484,0,0,0,0,0,0,0,0,0,0,0,0,0,0,0.08022,0,0,0,0,1.55301,0,0,0,0,0,0,0,0,0,0,0,0,0,0,0,0,0,0,0,0,0,0,0,0,0,0,0,0,0,0.0918,0,0,0,0,0,0,0,0,0,0,0,0,0,0,0,0,0,0,0.04958,0,0,0,0,0,0,0,0.82686,0,0,0,0,0,0,1.00878,0,0,0,0,0,0,0,0.03634,0,0,0,0,0,0,0,0,0,0,0,0.67526,0,0,0,0,0.12065,0,0,0,0,0,0,0,0,0,0,0.01491,0,0,0,0,0,0,1.26975,0,0,0,0,0,0,0,0,0,0,0,0,0,0,0,0,0,0,0,0.41214,0,0,0,0,0,0,0,0.06368,0.05539,0.26841,0.07775,0,0,0,0,0,0,0,0,0,0,0,0,0,0,0,0,0,0,0,0,0,0,0,0,0,0.40976,0,0,0.15266,0,0.02239,0,0,0,0,0,0,0,0,0,0,0,0,0,0,0,0,0,0,0,0,0,0,0,0,0,0,0,0,0,0,0,0,0.01193,0,0,0,0,0,0,0,0,0,0,0,0,0,0,0,0,0,0,0,0,0,0,0,0,0,0,0,0,0,0.67195,0,0,0,0,0,0,0,0,0,0,0,0,0,0,0,0,0,1.96848,0,0,11.66625,0,0,0,4.42917,0,0,0,0,0.8844,0,0,0,0,0,0,0,0,0,0,0,0,0,0,0,0,0,0,0,0,0,0,0,0,0,0,0,0,0,0,0,0,0,0,0,0,0,0,0,0,0,0,0,0,0,0,0.71826,0,0,0,0,0,0,0,0,0,0,0,0,0,0.16195,0.1117,0,9.55357,0,0,0.5033,0,0,0,0,0,0,0,0,0,0,0,0,0.69787,0,0,0,0,0,0,0,0,0,0,0,0,0,0,0,0,0,0,0,0.33043,0,0,0,0,0,0,0,0,0,0,0,0,0,0,0,0,0,0,0,0,0,0,0,0
"4015_3",0,0,0,0,0,0,0,0,0,0,0,0,0,0,0,0,0,0.00549,0.01236,0,0.87062,0,1.4149,0,7.5015,0.44487,0,0,32.58316,0,0,0,0,0,0,0.53603,0,0.0234,0,0,0.10567,0,0,0,0,0,0,0,0.13899,0,0,0,0,0,0,0.6941,0,0,0.15643,0,0,0,0.04652,0,0.43671,0,0,0,0,0,0,0,0,0,0,0,0,0,0,0,0,0,0,0.01359,15.18246,2.7484,0.00172,0,0,0,0,0.12618,0,0,0.48355,0,0,0,0,0.00119,0,0,0,0,0.08993,0,0,0,0,0,0.78288,0,0,0,0,0,0,0.14812,0.03226,0,0,0,0,0,0,0.11382,0,0,0,0,0,0,0,0,0,0,0,0.00035,0,0,0,0,0.04503,0,0,0,0,0,0,0.00106,0.00892,0.01415,0,0,0,0.14438,0,0.03438,0.00019,0.03126,0.01928,0,0,0,0,0,0.0346,0,0,0.00568,0,0,0,0,0,0,0,0,0,0,0,0.40218,0,0,0,0,0.95568,0,0,0,0,0,0,0,0,0,0,0,0,0,0,0,0,0,0,0,0,0,0,0,0,0,0,0,0,0,0.01095,0,0,0,0,0,0,0,0,0,0,0,0,0,0,0,0,0,0,0.08148,0,0,0,0,0,0,0,0,0,0,0,0,0,0,0.72536,0,0,0,0,0,0.00248,0,0.15486,0,0,0,0,0,0,0,0,0,0,0,0.27872,0,0,0.01667,0,0.12148,0.03909,0,0,0,0,0,0,0,0,0,0.05654,0.01361,0,0.00186,0,0,0,2.34189,0,0,0,0,0,0,0,0,0,0,0,0,0,0,0,0,0,0,0,0.24849,0,0,0,0,0,0,0,0.0914,0.07223,0.30196,0.55191,0,0,0,0,0,0,0,0,0,0,0,0.00297,0,0,0,0,0,0,0,0,0,0,0,0,0,0.55861,0,0,0.49213,0,0.07838,0.03621,0,0,0,0,0,0,0,0,0,0,0,0,0,0,0.00364,0,0.03885,0.01663,0,0.04066,0,0,0,0,0,0,0,0,0,0.00203,0.00592,0.0114,0,0,0.02628,0,0,0,0,0,0,0,0,0,0,0,0.0122,0,0,0,0,0.00046,0.0547,0,0.00374,0,0,0.01992,0,0,0,0.23992,0,0,0,0,0,0,0,0.00243,0,0,0,0,0,0,0,0,0,1.7926,0,0,5.44132,0,0,0,2.36082,0,0,0,0,0.50885,0,0,0,0,0.00499,0,0,0,0,0,0,0,0,0,0,0,0,0,0,0,0,0,0,0,0,0,0,0,0,0,0,0,0,0,0,0,0,0,0.03714,0,0,0,0,0,0,0,0.29904,0,0,0,0,0.00511,0,0,0,0,0,0,0,0,0.13761,0.10402,0,15.2288,0,0,0.34199,0,0,0,0,0,0,0,0,0,0,0,0,0.18554,0,0,0.03887,0,0,0,0,0,0,0,0,0,0,0,0,0.00096,0,0,0,0.27815,0,0,0.00238,0,0,0,0,0,0,0,0,0,0,0,0,0,0,0,0,0,0.07523,0.00652,0,0
"4001_3",0,0,0,0,0,0,0,0,0,0,0,0,0,0,0,0,0,0,0,0.06051,0.01513,0,0.4054,0.10423,4.43901,0.02295,0,0,0,0,0,0,0,0,0,0,0,0,1.4012,0,0,0,0,0,0,0,0,1.09984,0.49126,1.81109,0,0,2.53146,5.36385,0,0,0,0,0.97454,0.0162,0,0,0,0,0.29423,0,0,0.00865,0,0,0,0,0,0,0,0,0,0,0,0,0,0,0,0.12444,12.00058,0,0.90216,5.49901,0,0,0,0,0,0,0,0,0,0.62893,0,0,0,0,0,5.7703,0,0,0,0,0,0,0,0,0,0,0,0,0,0,0,0.97757,0,0,0,0,0,0,0.13462,0,2.25165,0.30923,0,0,0,0,0,0,0,0,0,0,0,0,0,0,0,0,0,0,0,0,0,0,0,0,0,0,0,0,0,0,0,0,0,0,0,0,0,0.34704,0.00448,0,4.36489,0,0.16987,0.01469,0,0.48462,0,0,0,0,0,0,0,0,0,0,0,0.62543,0,0,0.11438,0.5137,0,0.0249,0.06032,0,0,0,0,0,0,0,0,0,0.0572,0,0,0,0,0,0,0,0,0,0,0,0,0,0,0,0,0,0,0.06358,0,0,0,0,0,0.16303,0,0,0,0,0,0,0,0.52988,0,0,0,0,0,0,0,0,0,0,0,0.22092,0.0503,0.04526,0,0,0,0,0,0,0,0,0,0,0,0,0,0,0.06742,0.46864,0,0,0,0,0,0,0,0,0,0,0,0,0,0,0,0,0,0,0,0,8.26177,0.99048,0,0.31506,9.17743,0,0.30116,0,0,0,1.21879,0,0,0,0,0,0,0,0,0,0,3.28081,0,0,0,0,0,0,0,0,0,0.14286,0,0,0,0.30983,0.07931,0,0,0.4918,0.24754,0,0,0,0,0,0.25289,0,0.04145,0,0,2.59566,0,0,0,0,0.13148,0,0,0.00788,0,0,0,0,0,0,0.02175,0,0,0,2.09551,0,0,0,0,0.19887,0,0,0,0,0,0,0,0,0,0,0,0,0,0,0,0,0,0,0,0,0,0,0,0,0,0,1.64842,0,0,0,0,0,0,0,0,0,0,0,0,0,0,0,0,0,0,0,0,0,0,0,0,0,0,0,0.06793,0,0,0,0,0,0,0,0,0,0,0,0,0,0.29489,0,0,0,1.59009,0,0,0.96732,0,0,0,1.25321,0,0,0,0,0,0,0,0,0,0.01088,0,0,0,0.21963,0,0,0,0,0,0,0,0,0,0,0,0,0,0,0,0,0,0,0,0,0,0,0,0,0,0,0,0,0,0,0,0,0,0,0,0,0.00615,5.37422,0.85948,0,0,0,0,0,0,0,0,0,0,0,0,0,0,0,0,0,0,0,0.57568,0,0,0,0.13651,0,0,0,0,0,0,0.40001,0,0,0,0,0,0,0,0,0,0,0,0,0,0,0,0,0,0,0,0,0,0,0.35311,0.02292,0,0,0,0,0,0,0,0,0.02861,0,0,0,0,0,0,0,0,0,0,0,0
"4015_2",0,0,0,0,0,0,0,0,0,0,0,0,0,0,0,0,0,0.00344,0.01032,0,0.64748,0,1.93849,0,6.20907,1.10487,0,0,22.94573,0,0,0,0,0,0,0.7033,0,0.04281,0,0,0.18169,0,0,0,0,0,0,0,0.33674,0,0,0,0,0,0,3.96145,0,0,0.55935,0,0,0,0.06132,0,2.13195,0,0,0,0,0,0,0,0,0,0,0,0,0,0,0,0,0,0,0.295,7.9646,10.15311,0.01891,0,0,0,0,0,0,0,0.24694,0,0,0,0,0,0,0,0,0,0.092,0,0,0,0,0,1.33556,0,0,0,0,0,0,0.13872,0.01453,0,0,0,0,0,0,0.439,0,0,0,0,0,0,0,0,0,0,0,0,0,0,0,0,0.05896,0,0,0,0,0,0,0.00734,0.10774,0.14686,0,0,0.0146,1.43674,0,0.01953,0,0.20262,0.04795,0,0,0,0,0,0.03589,0,0,0,0,0,0,0,0,0,0,0,0,0,0,0.12748,0,0,0,0,0.76389,0,0,0,0,0,0,0,0,0,0,0,0,0,0,0,0,0,0,0,0,0,0,0,0,0,0,0,0,0,0,0,0,0,0,0,0,0,0,0,0,0,0,0,0,0,0.0801,0,0,0.25209,0,0,0,0,0,0,0,0,0,0,0,0,0,0,0.22559,0,0,0,0,0,0,0,0.22843,0,0,0,0,0,0,0,0,0,0,0,0.39135,0,0,0.00987,0,0.42242,0.08797,0,0,0,0,0,0,0,0,0,0.08849,0,0,0.00192,0,0,0,1.5536,0,0,0,0,0,0,0,0,0,0,0,0,0,0,0,0,0,0,0,0.16686,0,0,0,0,0,0,0,0.05251,0.05327,0.05016,0.24079,0,0,0,0,0,0,0,0,0,0,0,0,0,0,0,0,0,0,0,0,0,0,0,0,0,0.64096,0,0,0.26313,0,0.38702,0,0,0,0,0,0,0,0,0,0,0,0,0,0,0,0,0,0.03485,0.02835,0,0.03422,0,0,0,0,0,0,0,0,0,0,0,0,0,0,0.03616,0,0,0,0,0,0,0,0,0,0,0,0,0,0,0,0,0,0.11815,0,0,0,0,0.05083,0,0,0,0.01304,0,0,0,0,0,0,0,0.01572,0,0,0,0,0,0,0,0,0,1.03953,0,0,6.40136,0,0,0,2.04675,0,0,0,0,0.69429,0,0,0,0,0.01347,0,0,0,0,0,0,0,0,0,0,0,0,0,0,0,0,0,0,0,0,0,0,0,0,0,0,0,0,0,0,0,0,0,0.01054,0,0,0,0,0,0,0,0.27365,0,0,0,0,0,0,0,0,0,0,0,0,0,0.22615,0.07638,0,17.9758,0,0,0.16374,0,0,0,0,0,0,0,0,0,0,0,0,0.99986,0,0,0,0,0,0,0,0,0,0,0,0,0,0,0,0.00917,0,0,0,0.00483,0,0,0,0,0,0,0,0,0,0,0,0,0,0,0,0,0,0,0,0,0.03066,0,0,0
"4013_4",0,0,0,0,0,0,0,0,0,0,0,0,0,0,0,0,0,0.01428,4.32301,0.97543,0.0355,0.65055,1.15672,2.18608,0.02296,0.09543,0,0,12.48215,0,0,0,0,0,0,0,0,0,0.2534,0,0,0,0,0,0,0,0,0,0.04336,0,0,0,0,0,0,0.05805,0,0,0,0,0,0,0.01264,0,0,0,0,0,0,0,0,0,0,0,0,0,0,0,0,0,0,0,0,0.22324,18.30831,6.94792,0.57841,0,0,0,0,0,0,0,0,0,0,0,0,0,0,0,0,0.06799,0,0.04234,0.01104,0,0,0,0.00527,0,0,0,0,0,0,0,0,0,0,0,0,0,0,0,0,0,0,0,0,0,0,0,0,0,0,0,0,0,0,0,0,0,0,0,0,0.00777,0,0,0,0,0,0,0,0,0,0,0,0,0,0,0,0,0,0,0,0,0.00063,0.0131,0,0,0,0,0.06512,0.03506,0,0,0,0,0.19497,0,0.00367,0,0,0.01231,0,0,0,0,0,0,0,0,0,0,0,0,0,0,0.19374,0,0,0,0,0,0.18852,0,0,0,0,0,0,0,0,0,0,0,0,0,0,0,0,0.80354,0,0,0,0,0,0,0,0,0,0,0,0,0,0.02129,0,0,0,0,0,0,0,0,0,0,0,0.10034,0.08943,4.62632,0,0,0,0,0,0,0,0,0,0,0,0,0,0,0.05893,0.17958,0,0,0,0,0,0.01297,0,0,0,0,0,0,0,0,0,0,0,0,0,0,1.75441,0.30177,0,0.0214,0.00696,0,0.00413,0,0,0,0,0.07394,0,0.00827,0,0,0.04257,0.00767,0,0,0,1.76037,2.03126,0.07783,0,0,0,0,0,0,0.00793,0.21364,0.00829,0.01086,0,0.19847,0.03073,0,0,0,0,0.00366,0.45304,0.11842,0,0,0,0,0.10975,0,0,0,0,0,0,0,0.14585,0,0,0.13348,0,0,0,0,0,0,0,0,0,0,0.31593,0.01433,0,0,0,0.01126,0,0,0,0,0,0,0,0,0,0,0,0,0,0,0,0,18.9031,1.87548,5.7344,0,0,0,0,0,0,0,3.21901,0,0,0,0,0,0,0,0,0,0,0,0,0,0,0,0,0,0,0.00046,0,0,0,0,0,0,0,0.00617,0,0,0,0,0,0,0,0,0,0,0,0,0,0,0,0,0.2987,0,0.17563,0,0,0,0,0,0,0.00022,0,0,0,0,0.27329,0,0,0,0,0.04056,0,0,0,0,0,0,0,0,0,0,0,0,0,0,0,0,0,0,0,0,0,0,0,0,0,0,0,0,0,0,0,0,0,0,0,0,0,0,0,0,0.09417,3.13036,0.02462,0.04697,0.20729,0.05577,0.00374,0,0.60215,0,0.01019,0,0,0,0,0,0.01516,0.61201,0.70241,0,0,0,0.36127,0,0.00481,0.03207,0.31281,0,0,0,0,0,0,0.00773,0.02356,0,0,0,0.01421,0.02439,0,0,0,0,0,0,0,0,0,0,0,0,0,0,0,0,0.05382,0.00363,0,0.13938,0,0,0,0,0,0,0.0228,0,0,0,0,0,0,0,0,0,0,0,0
"4013_3",0,0,0,0,0,0,0,0,0,0,0,0,0,0,0,0,0,0.0493,10.30803,0.30632,0,4.66147,0.395,0.62317,0.00102,0.01149,0,0,7.98348,0,0,0,0,0,0,0,0,0,0.12825,0,0,0,0,0,0,0,0,0,0.00226,0,0,0,0,0,0,0.03746,0,0,0,0,0,0,0.00384,0,0,0,0,0,0,0,0,0,0,0,0,0,0,0,0,0,0,0,0,0.22692,8.76589,7.44742,1.34258,0,0,0,0,0,0,0,0,0,0,0,0,0,0,0,0,0.44625,0,0.12001,0.04827,0,0,0,0.05301,0,0,0,0,0,0,0,0,0,0,0,0,0,0,0,0,0,0,0,0,0,0,0,0,0.00431,0,0,0,0,0,0,0,0,0,0,0,0.03,0,0,0,0,0,0,0,0,0,0,0,0,0,0,0,0,0,0,0,0,0.00246,0.03908,0,0,0.06629,0.00183,0,0.85308,0.00265,0,0,0,0.21871,0,0.24961,0,0,0.00981,0,0,0,0,0,0,0,0,0,0,0,0,0,0,0.07822,0,0,0,0,0,0.27458,0,0,0,0,0,0,0,0,0,0,0,0,0,0,0,0,2.06022,0,0,0,0,0,0,0,0,0,0,0,0,0,0.43722,0,0,0,0,0,0,0,0,0,0,0,0.18294,0.29508,2.65245,0,0,0,0,0,0,0,0,0,0,0,0,0,0,0.25364,0.43946,0,0,0,0,0,0,0,0,0,0,0,0,0,0,0,0,0,0,0,0,0.58919,0.52662,0,0.36435,0.05536,0,0.00739,0,0,0,0,0.02836,0,0.02775,0,0,0.13112,0.16109,0,0,0,3.22959,3.93134,0.17801,0,0,0,0,0.00982,0,0.04886,0.26611,0.03185,0.06132,0,0.04024,0.06692,0,0,0,0,0,0.07603,0.03408,0,0,0,0,0.44498,0,0,0,0,0,0,0,0.74564,0,0,0.38835,0,0,0,0,0,0,0,0,0,0,0.63877,1.06793,0,0,0,0.03865,0,0,0.205,0,0,0,0.00482,0,0,0,0,0,0,0,0,0,16.32268,1.50531,4.95812,0,0,0,0,0,0,0,0.90675,0,0,0,0,0,0,0,0,0,0,0,0,0,0,0,0,0,0,0,0,0,0,0,0,0,0,0,0.03017,0,0,0,0,0,0,0.23146,0,0,0,0,0,0,0,0,0.2193,0,0.06089,0,0,0,0,0,0,0.00028,0,0,0,0,0.04707,0,0,0,0,0.01383,0,0,0,0,0,0,0,0,0,0,0,0,0,0,0,0,0,0,0,0,0,0,0,0,0,0,0,0,0,0,0,0,0,0,0,0,0,0,0,0,0.32762,2.82165,0.38057,0.29789,0.48235,0.09931,0.00053,0,0.59229,0,0,0,0,0,0,0,0.05706,0.73738,1.63605,0,0,0,0.59961,0,0.03614,0.00414,1.55435,0,0,0,0,0,0,0.59986,0.05704,0,0,0,0.01152,0.00855,0,0,0,0,0,0,0,0,0,0.00487,0.54067,0,0,0,0,0,0.0951,0.00052,0,0.06821,0,0,0,0,0,0,0.12699,0.03279,0.01072,0,0,0,0.0078,0,0,0,0,0,0
"4013_2",0,0,0,0,0,0,0,0,0,0,0,0,0,0,0,0,0,0,6.82694,0.38171,0,3.8364,0.81234,0.86666,0,0.01612,0,0,9.64043,0,0,0,0,0,0,0,0,0,0.08517,0,0,0,0,0,0,0,0,0,0.03916,0,0,0,0,0,0,0.00309,0,0,0,0,0,0,0,0,0,0,0,0,0,0,0,0,0,0,0,0,0,0,0,0,0,0,0,0.18974,14.669,12.71958,0.65171,0,0,0,0,0,0,0,0,0,0,0,0,0,0,0,0,0.48525,0,0.06092,0,0,0,0,0.00295,0,0,0,0,0,0,0,0,0,0,0,0,0,0,0,0,0,0,0,0,0,0,0,0,0,0,0,0,0,0,0,0,0,0,0,0,0.03584,0,0,0,0,0,0,0,0,0,0,0,0,0,0,0,0,0,0,0,0,0,0.01746,0,0,0,0,0.0034,0.87077,0,0,0,0,0.33766,0,0.10241,0,0,0,0,0,0,0,0,0,0,0,0,0,0,0,0,0,0.20164,0,0,0,0,0,0.31594,0,0,0,0,0,0,0,0,0,0,0,0,0,0,0,0,1.23559,0,0,0,0,0,0,0,0,0,0,0,0,0,0.00225,0,0,0,0,0,0,0,0,0,0,0,0.12174,0.06842,2.49361,0,0,0,0,0,0,0,0,0,0,0,0,0,0,0.07102,0.05181,0,0,0,0,0,0,0,0,0,0,0,0,0,0,0,0,0,0,0,0,2.73646,0.28283,0,0.04346,0.00828,0,0.04385,0,0,0,0,0,0,0,0,0,0.18806,0.66005,0,0,0,3.12623,4.50565,0.16647,0,0,0,0,0.00067,0,0.01483,0.05966,0.028,0,0,0.11881,0.01526,0,0,0,0,0,0.46232,0.1034,0,0,0,0,0.17735,0,0,0,0,0,0,0,0.13772,0,0,0.43554,0,0,0,0,0,0,0,0,0,0,0.32944,0.69912,0,0,0,0.00189,0,0,0,0,0,0,9.79459,0,0,0,0,0,0,0,0,0,0,0,0,0,0,0,0,0,0,0,4.77101,0,0,0,0,0,0,0,0,0,0,0,0,0,0,0,0,0,0,0,0,0,0,0,0,0,0,0,0,0,0,0,0,0,0,0.04717,0,0,0,0,0,0,0,0,1.75634,0,0.25798,0,0,0,0,0,0,0,0,0,0,0,0.28762,0,0,0,0,0.03254,0,0,0,0,0,0,0,0,0,0,0,0,0,0,0,0,0,0,0,0,0,0,0,0,0,0,0,0,0,0,0,0,0,0,0,0,0,0,0,0,0.0669,2.83231,0.04385,0.10377,2.10095,0.43026,0,0,1.97121,0,0.0229,0,0,0,0,0,0.00625,1.39912,1.55124,0,0,0,0.42578,0,0.00798,0.01752,0.40902,0,0,0,0,0,0,0.02233,0,0,0,0,0,0,0,0,0,0,0,0,0,0,0,0,0,0,0,0,0,0,0.05614,0,0,0,0,0,0,0,0,0,0.02314,0,0,0,0,0,0,0,0,0,0,0,0
"4013_1",0,0,0,0,0,0,0,0,0,0,0,0,0,0,0,0,0,0.00423,8.09438,0.25772,0.00486,3.64922,0.98865,0.65057,0.00247,0.03189,0,0,11.69161,0,0,0,0,0,0,0,0,0,0.74457,0,0,0,0,0,0,0,0,0,0.05043,0,0,0,0,0,0,0.0689,0,0,0,0,0,0,0,0,0,0,0,0,0,0,0,0,0,0,0,0,0,0,0,0,0,0,0,0.05445,11.2135,16.88867,1.21566,0,0,0,0,0,0,0,0,0,0,0,0,0,0,0,0,0.34015,0,0.04504,0,0,0,0,0.00603,0,0,0,0,0,0,0,0,0,0,0,0,0,0,0,0,0,0,0,0,0,0,0,0,0,0,0,0,0,0,0,0,0,0,0,0,0.00725,0,0,0,0,0,0,0,0,0,0,0,0,0,0,0,0,0,0,0,0,0.00082,0.02737,0,0,0.01662,0.00234,0.00477,0.16723,0.00751,0,0,0,0.14594,0,1.15434,0,0,0,0,0,0,0,0,0,0,0,0,0,0,0,0,0,0.64456,0,0,0,0,0,0.11344,0,0,0,0,0,0,0,0,0,0,0,0,0,0,0,0,1.92831,0,0,0,0,0,0,0,0,0,0,0,0,0,0.09661,0,0,0,0,0,0,0,0,0,0,0,0.03974,0.13249,3.18155,0,0,0,0,0,0,0,0,0,0,0,0,0,0,0.07016,0.33194,0,0,0,0,0,0,0,0,0,0,0,0,0,0,0,0,0,0,0,0,0.62998,0.40716,0,0.00399,0.00135,0,0.02176,0,0,0,0,0,0,0,0,0,0.05637,0.42092,0,0,0,3.52549,2.3296,0.10408,0,0,0,0,0.00036,0,0.04983,0.75426,0.0065,0.01513,0,0.61828,0.02573,0,0,0,0,0,0.11992,0.09274,0,0,0,0,0.20504,0,0,0,0,0,0,0,0.27113,0,0,0.21932,0,0,0,0,0,0,0,0,0,0,0.29022,0.12866,0,0,0,0.00259,0,0,0.05409,0,0,0,0.05706,0,0,0,0,0,0,4.60322,0,0,0.07682,0,0,0,0,0,0,0,0,0,2.88797,0,0,0,0,0,0,0,0,0,0,0,0,0,0,0,0,0,0,0,0,0,0,0,0,0,0,0.02407,0,0,0,0,0,0,0,0.07616,0,0,0,0,0,0,0,0,3.21268,0,0.31198,0,0.00115,0,0,0,0,0,0,0,0,0,0.58153,0,0,0,0,0.16627,0,0,0,0,0,0,0,0,0,0,0,0,0,0,0,0,0,0,0,0,0,0,0,0,0,0,0,0,0,0,0,0,0,0,0,0,0,0,0,0,1.25293,4.68559,0.0939,0.21084,1.36004,0.39042,0.01115,0,0.34907,0,0.09361,0,0,0,0,0,0.01227,0.65987,1.66982,0,0,0,0.40746,0,0,0.02948,1.43092,0,0,0,0,0,0,0.10405,0.02265,0,0,0,0,0.02079,0,0,0,0,0,0,0,0,0,0.08484,0.12108,0,0,0,0,0,0.06333,0,0,0.29508,0,0,0,0,0,0,0.07976,0.12167,0,0,0,0,0,0,0,0,0,0,0
"4012_4",0.00538,0.06199,0,0,0,0.26269,0,0,0,0,0,0,0,0,0,0,0,0.18085,0.0726,0.2639,0.10544,0.09235,0.17831,0.00633,4.63039,0.27943,0,0,0.01996,0,0,0,0,0,0,0,0.00952,0,1.68458,0,0,0,0,0,0.01588,0,0,1.44008,0.00179,0.00632,0,0,1.1464,0.19403,0,0,0.02568,0,0.00907,0.00216,0.02613,0.3629,0,0,0.20029,0.15489,0,0.14234,0,0,0,0,0,0,0,0,0,0,0,0,0,0,1.99975,0.2466,7.87326,3.80361,0.6206,0.54548,0,2.25988,0,0.03282,1.31725,0,0,0,0.84786,0.116,0,0,0.0578,0,0.0025,0.85837,0,0.06801,0.07554,0,0.39746,0,0.02464,0,0,0,0,0,0,0.00346,0,0,0,0.00542,0,0,0,0,0,0,0,0,0,0,0,0,0,0,0,0,0,0,0,0,0,0,0,0,0,0.03844,0,0,0,0,0,0,0,0,0,0,0,0,0.02023,0,0,0,0,0,0,0,0,0.00304,0,0,0.01074,0.00159,0.02652,0.00947,0.04868,6.29571,0.06677,0.01434,0.04053,0,0.07406,0,0.16581,0.00469,0,0,0,0,0.02218,0,0.0172,0,0,0.04352,0.04963,0,0,0.0184,0,0,0,0,0,0,0,0,0,0,0,3.61151,0,0.00061,0.00392,0,0.00133,0,0,0,0,0,0,0.01002,0,0,0.02664,0.0023,0,0,0,0,0,0,0.0084,0,0,14.77327,0,0.00065,0.07039,0,0,0,0,0,0,0.03403,0,0.26815,0.55463,0.00644,0,0,0,0,0,0,0,0.0839,0,0,0.00283,0,0,0,0.39183,2.39415,0.02625,0,0,0,0.0751,0.00118,0.01184,0,0,0,0,0,0,0,0,0,0.00383,0,0.01847,0,0.2186,1.02164,0,0.21879,11.39959,1.38403,0.07497,0,0,0,0.00405,0.00092,1.78101,0,0,0,0.45922,0.01492,0,0.00016,1.33729,3.46926,0.58211,0.03037,0,0,0,0,0.00336,0.01469,0,0.16479,0.00374,0.07544,0.00676,0.19191,0.00487,0,0.01077,0.40859,0,0,0.00846,0.01419,0,0,0.02002,0,0.18697,0,0,0,0,0.02026,0,0,0.1931,0,0,0.00989,0,0,0.11652,0,0,0,0.01147,0.01459,0,0,1.70453,0,0,0,0,0.14,0,0,0,0,0,0,0.00561,0,0.02553,0.00238,0,0,0,0,0,0,0,0,0,0,0,0,0,0,0,0,0.80677,0,0,0,0,0,0,0,0,0,0,0,0,0,0,0,0,0,0,0.00045,0,0,0,0,0,0,0,0,0.08995,0,0,0,0,0,0,0.0216,0,2e-04,0,0,0,0,0.24166,0,0.19338,0,0.03875,0,0.02201,0.20539,0,0,0,0.13168,0.13409,0,0.00092,0,0.04502,0,0,0,0,0.02546,0,0.02477,0,0,0,0,0,0,0,0,0.98945,0,0,0,0,0,0,0,0,0,0,0,0,0,0,0,0,0,0,0,0,0,0,0,0,0,0,0,0,0.00832,0.11566,0.41337,0.13629,0.16678,0.01154,0.00236,0,0.0172,0,0.00755,0.01162,0.15221,0,0,0,0,0.15517,0.02573,5.76093,8e-04,0,0.00014,0.18716,0,0.00467,0.00597,0.00683,0,0.1566,0,0,0,0,1.32234,0.04354,0,0,0,0.02298,0.05105,0,0,0,0,0,0,0,0,0,0,0.00405,0,0,0,0.18985,0,0.49333,0.09228,0,0,0,0,0,0,0,0,0.00906,0,0,0,0,0,0,0,0,0.00651,0,0,0
"4012_3",0,0,0,0,0,0.29865,0,0,0,0,0,0,0,0,0,0,0,0.22494,0,0.04156,0.26914,0.08048,0.11085,0,5.58657,0.22513,0,0,0,0,0,0,0,0,0,0,0,0,1.71284,0,0,0,0,0,0.00084,0,0,1.08717,0.00875,0,0,0,0,0.00887,0,0,0,0,0,0,0,0.63142,0,0,0.04247,0,0,0.12545,0,0,0,0,0,0,0,0,0,0,0,0,0,0,0.38603,0.03142,6.34311,5.6831,0.48485,0.46193,0,1.7524,0,0,0.1036,0,0,0,0.86131,0,0,0,0,0,0.00367,0.7121,0,0,0.01533,0,0.80345,0,0.00121,0,0,0,0,0,0,0,0,0,0,0,0,0,0,0,0,0,0,0,0,0,0,0,0,0,0,0,0,0,0,0,0,0,0,0,0,0.02577,0,0,0,0,0,0,0,0,0,0,0,0,0,0,0,0,0,0,0,0,0,0.04213,0,0,0,0,0,0,0.02715,1.96206,0,0,0,0,0.02418,0,0,0,0,0,0,0,0,0,0,0,0,0,0.08124,0,0,0,0,0,0,0,0,0,0,0,0,0,0,0,0,0,0,0,0,0,0,0,0,0,0,0.0261,0,0,0,0,0,0,0,0,0,0,0,0,0,13.91042,0,0,0.10059,0,0,0,0,0,0,0.03605,0,0.41611,0.65037,0,0,0,0,0,0,0,0,0.09988,0,0,0,0,0,0,0.29906,3.23325,0,0,0,0,0.10748,0,0.0123,0,0,0,0,0,0,0,0,0,0,0,0,0,0.11935,1.32754,0,0.34643,7.22837,0,0.01645,0,0,0,0,0,0,0,0,0,0.50294,0,0,0,1.63871,4.64853,0,0,0,0,0,0,0,0,0,0.00593,0,0.02706,0,0,0,0,0,0,0,0,0,0,0,0,0,0,0.08458,0,0,0,0,0,0,0,0.34591,0,0,0,0,0,0,0,0,0,0,0.05749,0,0,2.9237,0,0,0,0,0.1025,0,0,0,0,0,0,0,0,0,0.00321,0,0,0,0,0,0,0,0,0,0,0,0,0,0,0,0,1.64815,0,0,0,0,0,0,0,0,0,0,0,0,0,0,0,0,0,0,0.01181,0,0,0,0,0,0,0.02471,0,0,0,0,0,0,0,0,0,0,0,0,0,0,0,0.1925,0,0.05637,0,0.00875,0,0,0.32478,0,0,0,0.13671,0.06637,0,0,0,0,0,0,0,0,0,0,0.83039,0,0,0,0,0,0,0,0,20.48779,0,0,0,0,0,0,0,0,0,0,0,0,0,0,0,0,0,0,0,0,0,0,0,0,0,0,0,0,0,0.38356,0.51763,0.48812,0.37247,0,0,0,0,0,0,0,0.10075,0,0,0,0,0.17127,0,3.45243,0,0,0,0.06996,0,0,0,0,0,0,0,0,0,0,1.57663,0.02114,0,0,0,0.0174,0.01898,0,0,0,0,0,0,0,0,0,0,0.01053,0,0,0,0,0,0.43187,0,0,0,0,0,0,0,0,0,0.04745,0,0,0,0,0,0,0,0,0,0,0,0
"4012_2",0,0,0,0,0,0.33379,0,0,0,0,0,0,0,0,0,0,0,0.213,0,0,0.02368,0.2332,0.07428,0,1.88112,0.09297,0,0,0,0,0,0,0.00553,0,0,0,0,0,2.9702,0,0,0,0,0,0,0,0,0.37228,0,0,0,0,0,0,0,0,0,0,0,0,0,0.34158,0,0,0,0,0,0.01781,0,0,0,0,0,0,0,0,0,0,0,0,0,0,0.1243,0,2.39281,2.572,0.14576,0.25309,0,1.72365,0,0,0,0,0,0,1.01668,0,0,0,0,0,0,0.65545,0,0,0.01088,0,0.49159,0,0.001,0,0,0,0,0,0,0,0,0,0,0,0,0,0,0,0,0,0,0,0,0,0,0,0,0,0,0,0,0,0,0,0,0,0,0,0,0.07627,0,0,0,0,0,0,0,0,0,0,0,0,0,0,0,0,0,0,0,0,0,0.07442,0,0,0,0,0,0,0.04062,2.279,0,0,0,0,0.14768,0,0,0,0,0,0,0,0,0,0,0,0,0,0,0,0,0,0,0,0,0,0,0,0,0,0,0,0,0,0,0,0,0,0.00379,0,0,0,0,0,0,0.14147,0,0,0,0,0,0,0,0,0,0,0,0,0,3.5295,0,0,0.06039,0,0,0,0,0,0,0,0,0.12821,0.71057,0,0,0,0,0,0,0,0,0.24261,0,0,0,0,0,0,0.19113,0.68819,0,0,0,0,0.05967,0,0,0,0,0,0,0,0,0,0,0,0,0,0,0,0.40676,3.05618,0,0.17297,24.31232,0,0.14161,0,0,0,0,0,0,0,0,0,0.30644,0,0,0,1.10744,10.36657,0,0,0,0,0,0,0,0.0337,0,0.0366,0,0.06587,0,0.02166,0,0,0,0,0,0,0,0,0,0,0,0,0.16706,0,0,0,0,0,0,0,0.39506,0,0,0,0,0,0,0,0,0,0,0,0,0,3.7064,0,0,0,0,0.12936,0,0,0,0,0,0,0,0,0,0,0,0,0,0,0,0,0,0,0,0,0,0,0,0,0,0,2.04756,0,0,0,0,0,0,0,0,0,0,0,0,0,0,0,0,0,0,0.00771,0,0,0,0,0,0,0.00526,0,0,0,0,0,0,0,0,0,0,0,0,0,0,0,0.00646,0,0.11993,0,0.0197,0,0,0.08164,0,0,0,0.05634,0.03523,0,0,0,0.00875,0,0,0,0,0,0,1.34654,0,0,0,0,0,0,0,0,20.31804,0,0,0,0,0,0,0,0,0,0,0,0,0,0,0,0,0,0,0,0,0,0,0,0,0,0,0,0,0,0.62738,0.34566,0.33704,0.47638,0,0,0,0.00684,0,0,0,0.10819,0,0,0,0,0.19205,0,3.25928,0,0,0,0.11018,0,0,0,0,0,0,0,0,0,0,1.29607,0.01171,0,0,0,0.01188,0.00792,0,0,0,0,0,0,0,0,0,0,0.02128,0,0,0,0,0,0.25201,0,0,0,0,0,0,0,0,0,0.13676,0,0,0,0,0,0,0,0,0,0,0,0
"4012_1",0,0,0,0,0,0,0,0,0,0,0,0,0,0,0,0,0,0.04592,0,0.07459,0.04718,0.12571,0.56032,0,7.77504,0.27118,0,0,0,0,0,0,0,0,0,0,0,0,0.50924,0,0,0,0,0,0,0,0,2.13642,0,0.00338,0,0,0,0.03779,0,0,0,0,0,0,0,2.4918,0,0,0.00909,0,0,0.37989,0,0,0,0,0,0,0,0,0,0,0,0,0,0,1.25207,0.02747,7.81051,13.69419,1.62076,1.97938,0,3.15066,0,0.02519,0,0,0,0,0.45656,0,0,0,0,0,0,0.18624,0,0,0,0,0.60362,0,0,0,0,0,0,0,0.00098,0.01213,0.00923,0,0,0,0,0,0,0,0,0,0,0,0,0,0,0,0,0,0,0,0,0,0,0,0,0,0,0,0,0.02693,0,0,0,0,0,0,0,0,0,0,0,0,0,0,0,0,0,0,0,0,0,0.00423,0,0,0,0,0,0,0.01518,1.45526,0,0,0,0,0,0,0,0,0,0,0,0,0,0,0,0,0,0,0,0,0,0,0,0,0,0,0,0,0,0,0,0,0,0,0,0,0,0,0,0,0,0,0,0,0,0.06551,0,0,0,0,0,0,0,0,0,0,0,0,0,6.02932,0,0,0.01753,0,0,0,0,0,0,0.03698,0,0.15491,0.352,0,0,0,0,0,0,0,0,0.06703,0,0,0,0,0,0,0.18051,1.81438,0,0,0,0,0.03024,0,0,0,0,0,0,0,0,0,0,0,0,0,0,0,0.11031,1.53445,0,0.25398,14.18972,0,0,0,0,0,0,0,0,0,0,0,0.76099,0,0,0,0.07747,6.24471,0,0,0,0,0,0,0,0.01026,0,0,0,0.03112,0,0,0,0,0,0,0,0,0,0,0,0,0,0,0.0712,0,0,0,0,0,0,0,0.32762,0,0,0.00435,0,0,0,0,0,0,0,0.01919,0,0,1.75312,0,0,0,0,0.24408,0,0,0,0,0,0,0,0,0,0,0,0,0,0,0,0,0,0,0,0,0,0,0,0,0,0,1.57198,0,0,0,0,0,0,0,0,0,0,0,0,0,0,0,0,0,0,0,0,0,0,0,0,0,0.01495,0,0,0,0,0,0,0,0,0,0,0,0,0,0,0,0.4289,0,0.12154,0,0,0,0,0.34218,0,0,0,0.27124,0.12697,0,0,0,0,0,0,0,0,0,0,0.40357,0,0,0,0,0,0,0,0,6.83923,0,0,0,0,0,0,0,0,0,0,0,0,0,0,0,0,0,0,0,0,0,0,0,0,0,0,0,0,0,0.84221,0.12059,0.83771,1.43741,0,0,0,0.1007,0,0,0,0.15998,0,0,0,0,0.11312,0,2.39171,0,0,0,0.04306,0,0,0,0,0,0,0,0,0,0,1.04668,0,0,0,0,0,0,0,0,0,0,0,0,0,0,0,0,0,0,0,0,0.52928,0,1.07786,0,0,0,0,0,0,0,0,0,0,0,0,0,0,0,0,0,0,0,0,0,0
"4010_4",0,0,0,0,0,0,0,0.00311,0,0,0,0,0,0,0,0,0,0,3.12575,0.65782,0.0165,0,0,0,0,0.38641,0,0,0,0,0,0,0,0,0,0,0,0,0.43309,0,0,0,0,0,0,0,0,0.82685,0.03604,0.00435,0,0,2.89184,0,0,0,0.00832,0,0,0.15128,0.00104,0.73564,0,0,0,1.6278,0,0.25338,0,0,0,0,0,0,0,0,0,0,0,0,0,0,19.3293,0.53564,9.44795,7.76898,0.57538,0,0,0,0,0,0,0,0,0,0,0,0,0,0.69809,0,0,0.15217,0,0.02661,0.01731,0,0.21602,0,0,0,0,0,0,0,0,0.0506,0.00407,0,0,0,0,0,0,0,0,0,0,0,0,0,0,0,0,0,0,0,0,0,0,0,0,0,0.03953,0,0,0.0935,0,0,0,0,0,0,0,0,0,0,0,0,0.00097,0,0,0,0,0,0,0.57967,0.1093,0.00466,0,0,0.39871,0.16476,0,0,0,0,0,0,0,0,0,0,0,0,0,0.91222,0,0,0,0,0,0,0,0,0,0,0,2.00867,0,0,0,0.55654,0.01902,0.28076,0.22239,0,0,0,0,0,0,0,0,0,0,0,0,0,0,0,0,0,0,0,0,0,0,0,0,0,0.00143,0,0.01668,0,0,0.39732,0,0,0,0,0,0,0,0,0,0,0.33505,0.07624,0.13535,0,0,0,0,0,0,0,0,0,0,0,0,0,0,0,0.13937,0.56352,0.00724,0,0,0,0,0.04259,0,0,0,0,0,0,0,0,0,0,0,0,0,0,1.70501,0.17642,0,0.06707,0.66665,11.36606,1.12399,0,0,0,0,0,0,0,0,0,0,0.04742,0,0,0.16894,3.24359,4.44029,0.03234,0,0,0,0,0.04589,0,0,0.13707,0,0.01812,0.04769,0.0771,0,0,0,0.37888,0,0,0.01937,0.01374,0,0,0.03021,0,0.02933,0,0,0,0,0,0,0,0.09335,0,0,0.01768,0,0,0.06786,0,0,0,0.018,0,0,0,1.48632,0,0,0,0,0.10207,0.00109,0,0,0,0,0,0.06412,0,0.5244,0.00037,0,0,0,0,0,0,0,0,0,0,0,0,0,0,0,0,1.80983,0,0.0027,0,0,0,0,0,0,0,0,0,0,0,0,0,0,0,0,0,0,0.08131,0,0,0,0,0,0,0.05967,0,0,0,0,0,0,0,0,0,0,0,0,0,0.62936,0,0.53197,0,1.00611,0,0.00294,1.22628,0,0,0,0.74096,0,0,0,0,0.18933,0,0,0,0,0.23412,0,0,0,0.32893,0,0,0,0,0,0,0,0,0,0,0,0,0,0,0,0,0,0,0,0,0,0,0,0,0,0,0,0,0,0,0,0,0,0,0,0,0,0.08327,0,1.55029,0.41008,0.13678,0.46697,1.67514,0,0.13339,0,0.09597,0,0,0,0,0.02673,0.00937,3.42313,0,0,0,0.59898,0,0,0.03425,0,0,0,0,0,0,0,0.08002,0.00052,0,0,0,0,0.0134,0,0,0,0,0,0,0,0,0,0.04303,0.24699,0,0,0,0.00455,0,0.14692,0.34644,0,0,0,0,0,0.00137,0,0,0.09479,0.01745,0,0,0.05717,0,0,0,0,0.02105,0.14109,0,0
"4076_1",0,0,0,0,0,0,0,0,0,0,0,0,0,0,0,0,0,0.08049,0,0,0.00776,0,0,0,0.07706,0,0,0,0,0,0,0,0,0,0,0,0,0,7.34632,0,0,0,0,0,0,0,0,0,0,1.68972,0,0,0,0,0,0,0.00685,0,0.33342,0,0.02952,0,0,0,11.64609,0,0,0,0,0,0,0,0,0,0,0,0,0,0,0,0,0,0.0255,5.53922,0.37055,0.0108,0,0,0,0,0,0,0,0,0,0.02535,2.15134,0,0,0,0,0,0,0.22291,0,0,0.19451,0,0.94486,0,0.01664,0,0,0,0,0,0,0,0,0,0,0,0,0,0,0,0,0,0,0,0,0,0,0,0,0,0,0,0,0,0,0,0,0,0,0,0,0.06262,0,0,0,0,0,0,0,0,0,0,0,0,0,0,0,0,0,0,0,0,0,0.11721,0,0,0.1231,0.01,0,0,0,5.91175,0,0,0.80979,0,0,0,0.41376,0,0,0,0,0,0,0,0,0,0,0,0,0,0,0,0,0,0,0,0,0,0,0,0,0,0,0,0,0,0,0,0,0,0,0,0,0,0,0,0,0,0,0,0,0,0,0,0,0,0,0,0,0,0,0,0,0,0,0,0,0,0,0,0,1.63118,0.86502,0,0,0,0,0,0,0,0,0,0,0,0,0.32683,0,0,0.63731,0.28006,0,0,0,0,0,0,0,0,0,0,0,0,0,0,0,0,0,0,0.08067,0,6.54094,0.08575,0,0,9.03215,0,0,0,0,0,0,0,0,0,0,0,0,0.04602,7.64635,0,0,6.04496,0,0,0,0,0,0,0.12633,0,0,0,0,0,0,0,0,0,0,0,0,0,0,0,0,0,0,0,0.03238,0,0,0,0,0,0,0,0.48428,0,0,0.01445,0,0,0,0,0,0,0,0.40414,0,0,3.68668,0,0,0,0,0,0,9e-04,0.18748,0,0,0,0,0,0,0,0,1.16172,0,0,0,0,0,0,0,0,0,0,0,0,0,0,0.734,0,0,0,0,0,0.427,0,0,0,0,0,0,0,0,0,0,0,0,0,0,0,0,0,0,0,0,0,0,0,0,0,0,0,0,0,0,0,0,0,0,0,0,0,0,0,0,0,0,0.86079,0,0,0,0,0,0,0,0,0,0,0,0,0,0,0,0,0,0,0,0,0,0,0,0,0,0,0,0,0,0,0,0,0,0,0,0,0,0,0,0,0,0,0,0,0,0,0,0,0,0,0,0,0,0,1.11968,0.75347,10.35369,2.61511,0,0,0.10818,0.09298,0.02525,0,0,0.00395,0,0,0,0,0,1.41832,0,0,0,0.13238,0,0,0,0,3.29846,0,0,0,0,0,0,0.0487,0.02162,0,0,0,0,0,0,0,0,0,0,0,0,0,0,0,0.28496,0,0,0,0.18149,0,0,0.01133,0,0,0,0,0,0,0,0,0,0.02589,0,0,0,0,0,0,0,0,0,0,0
"4075_4",0,0,0,0,0,0,0,0,0,0,0,0,0,0,0,0,0,0.12987,0,0.3237,0.37012,0,0,0,0,0,0,0,0,0,0,0,0,0,0,0,0,0,0.65907,0.17307,0.0066,0,0,0,0.00933,0,0,8.31656,0.30128,0,0,0,0,0,0,0,6.78542,0,0.57668,0,0,0,0.00094,0,0.22008,0,0,0,0,0,0,0,0,0,0,0,0,0,0,0,0,0,0,0.33773,22.48261,28.08945,0,0,0,0,0,0,0,0,0,0,0,1.06341,0,0.02633,0,0,0,0.17304,0,0.00464,0,0.00194,0,0,0.01919,0,0,0,0,0,0,0,0,0,0,0,0,0,0,0,0,0,0,0,0,0,0,0,0,0,0,0,0,0,0,0,0,0,0,0,0,0,0,0,0,0.00935,0,0,0.02125,0,0,0,0.00152,0,0.23405,0,0,0,0,0,0,0,0,0.25152,0,0,0,0,0,0,0,0,0,0,0,0.16212,0,0,0,0,0,0,0,0.04697,0,0,0,0,0,0,0,0,0,0,0,0,0,0,0,0,0,0.42234,0,0,0,0,0,0,0,0,0.06718,0,0,0,0,0,0,0,0,0,0,0,0,0,0,0,0,0,0,0.02401,0,0,0.10017,0,0,0,0,0,0,0,0,0,0,0,0,0,0,0,0,0,0,0,0,0,0,0,0,0,0,0,0.22276,0,0.05067,0,0.30691,0,0,0,0,0.60515,0.01462,0,0,0,0,0,0,0,0,0,0,0,0,0.97014,0,0.81648,0,0,0,0,0,0,0,0,0,0.05147,0,0.16715,0,0,0,0,0,10.38506,0,0,0,0,0,0,0.33909,0,0,0,0,0.05282,0,0,0,0,0,0,0,0,0,0,0,0,0,0,0.27098,0,0,0,0.04472,0,0,0,0,0,0,0,0,0,0,0,0,0,0,0.33965,0,0,0.61457,0,0,0,0,0,0,0,0,0,0,0,0,0,0,0,0.01088,0,0.04082,0,0,0,0,0,0,0,0,0,0,0,0,0,0,0,0,0,0,0,0,0,0,0,0,0,0,0,0,0,0,0,0,0,0,0,0,0,0,0,0,0,0,0,0,0,0,0,0,0,0,0,0,0,0,0,0.36333,0,0,0,0,0,0,0.52855,0,0,0,0,0,0,0,0,0.08246,0,0,0,0,1.32729,0,0,0,0,0,0,0,0,0,0,0,0,0,0,0,0,0,0,0,0,0,0,0,0,0,0,0,0,2.22658,0,0,0,0,0,0,0,0,0,0,0,0,0,0.84133,0.45393,0,0,0,0,0,0,0,0,0,0,0,0,0.18811,0.01164,4.2491,0,0,0.21586,0,0,0,0,0,0,0,0,0,0,0,2.46579,0.23705,0,0,0,0,0,0,0,0,0,0,0,0,0,0,0.00444,0.03245,0,0,0,0,0,0,0,0,0,0,0,0,0,0,0.05663,0,0,0,0,0,0,0,0,0,0,0,0,0
"4075_3",0,0,0,0,0,0,0,0,0,0,0,0,0,0,0,0,0,0.03713,0,1.16972,0.41986,0,0,0,0,0,0,0,0,0,0,0,0,0,0,0,0,0,4.61379,0.12068,0.01183,0,0,0,0,0,0,8.86992,0.20019,0,0,0,0,0,0,0,8.15132,0,1.01864,0.00935,0,0,0.00236,0,0.594,0,0,0,0,0,0,0,0,0,0,0,0,0,0,0,0,0,0,1.9309,20.78489,26.52639,0,0,0,0,0,0,0,0,0,0,0,1.45498,0,0,0,0,0,0.05726,0,0.00201,0,0,0,0,0.01022,0,0,0,0,0,0,0,0,0,0,0,0,0,0,0,0,0,0,0,0,0,0,0,0,0,0,0,0,0,0,0,0,0,0,0,0,0,0,0,0,0,0,0,0,0,0,0,0.03147,0,0.00219,0,0,0,0,0,0,0,0,0.04943,0,0,0,0,0,0,0,0,0,0,0,0,0,0,0,0,0,0,0,0,0,0,0,0,0,0,0,0,0,0,0,0,0,0,0,0,0,0.16047,0,0,0,0,0,0,0,0,0.00352,0,0,0,0,0,0,0,0,0,0,0,0,0,0,0,0,0,0,0,0,0,0.07585,0,0,0,0,0,0,0,0,0,0,0,0,0,0,0,0,0,0,0,0,0,0,0,0,0,0,0,0.13746,0,0.14056,0,0.21437,0,0,0,0,0.21739,0,0,0,0,0,0,0,0.01996,0,0,0,0,0,1.29268,0,1.45752,0,0,0,0,0,0,0,0,0,0.05991,0,0.66506,0,0,0,0,0,2.68609,0,0,0,0,0,0,0,0,0,0,0,0.01582,0,0,0,0,0,0,0,0,0,0,0,0,0,0,0.16997,0,0,0,0.02643,0,0,0,0,0,0,0,0,0,0,0,0,0,0,0.23806,0,0,4.65917,0,0,0,0,0,0,0,0,0,0,0,0,0,0,0,0,0,0,0,0,0,0,0,0,0,0,0,0,0,0,0,0,0,0,0,0,0,0,0,0,0,0,0,0,0,0,0,0,0,0,0,0,0,0,0,0,0,0,0,0,0,0,0,0,0,0,0,0,0,0,0,0,0,0.63281,0,0,0,0,0,0,0.744,0,0,0,0,0,0.0017,0,0,0,0,0,0,0,0.04745,0,0,0,0,0,0,0,0,0,0,0,0,0,0,0,0,0,0,0,0,0,0,0,0,0,0,0,0,0.01639,0,0,0,0,0,0,0,0,0,0,0,0,0,1.83591,1.93702,0,0,0,0,0,0,0,0,0,0,0,0,0.07271,0.00134,3.63147,0,0,0.15003,0,0,0,0,0,0,0,0,0,0,0,2.42154,0.0882,0,0,0,0,0,0,0,0,0,0,0,0,0,0,0,0.06007,0,0,0,0,0,0,0,0,0,0,0,0,0,0,0.05054,0,0,0,0,0,0,0,0,0,0,0,0,0
"4075_2",0,0,0,0,0,0,0,0,0,0,0,0,0,0,0,0,0,0.10375,0,0.07557,0.08924,0,0,0,0,0,0,0,0,0,0,0,0,0,0,0,0,0,0.67,0.29972,0,0,0,0,0,0,0,8.03048,0.39132,0,0,0,0,0,0,0,6.80053,0,1.00496,0,0,0,0,0,0.20822,0,0,0,0,0,0,0,0,0,0,0,0,0,0,0,0,0,0,0.60318,20.4025,39.90399,0,0,0,0,0,0,0,0,0,0,0,0.22657,0,0.06531,0,0,0,0.08261,0,0,0,0,0,0,0.00235,0,0,0,0,0,0,0,0,0,0,0,0,0,0,0,0,0,0,0,0,0,0,0,0,0,0,0,0,0,0,0,0,0,0,0,0,0,0,0,0,0.05886,0,0,0.07587,0.02473,0,0,0.00848,0,0,0,0,0,0,0,0,0,0,0.36608,0,0,0,0,0,0,0,2.24906,0,0,0,0.01623,0,0,0,0,0,0,0,0.06897,0,0,0,0,0,0,0,0,0,0,0,0,0,0,0,0,0,0.38225,0,0,0,0,0,0,0,0,0.02245,0,0,0,0,0,0,0,0,0,0,0,0,0,0,0,0.01088,0,0,0,0,0,0.06138,0,0,0,0,0,0,0,0,0,0,0,0,0,0,0,0,0,0,0,0,0,0,0,0,0,0,0,0.18569,0,0.00718,0,0.00637,0,0,0,0,0.08774,0,0,0,0,0,0,0,0,0,0,0,0,0,0.84993,0,0.25464,0,0,0,0,0,0,0,0,0,0.0055,0,0.01817,0,0,0,0,0,2.64878,0,0,0,0,0,0,0.07206,0,0,0,0,0,0,0,0,0,0,0,0,0,0,0,0,0,0,0,0.5877,0,0,0,0.10486,0,0,0,0,0,0,0,0,0,0,0,0,0,0,0.50534,0,0,0.40858,0,0,0,0,0,0,0,0,0,0,0,0,0,0,0,0.00126,0,0,0,0,0,0,0,0,0,0,0,0,0,0,0,0,0,0,0,0,0,0,0,0,0,0,0,0,0,0,0,0,0,0,0,0,0,0,0,0,0,0,0,0,0,0,0,0,0,0,0,0,0,0,0,0,0,0.12758,0,0,0,0,0,0,0.3211,0,0,0,0,0,0,0,0,0.11593,0,0,0,0,3.46219,0,0,0,0,0,0,0,0,0,0,0,0,0,0,0,0,0,0,0,0,0,0,0,0,0,0,0,0,4.23216,0,0,0,0,0,0,0,0,0,0,0,0,0,0,0.04641,0,0,0,0,0,0,0,0,0,0,0,0,0.0224,0,2.65521,0,0,0.03845,0,0,0,0,0,0,0,0,0,0,0,0.87078,0.05033,0,0,0,0,0,0,0,0,0,0,0,0,0,0,0,0,0,0,0,0,0,0,0,0,0,0,0,0,0,0,0.00808,0,0,0,0,0,0,0,0,0,0,0,0,0
"4075_1",0.00159,0,0,0,0,0,0,0,0,0,0,0,0,0,0,0,0.00344,0.24855,0,0.0876,0.01361,0,0,0,0,0,0,0,0,0,0,0,0,0,0,0,0,0,3.18714,0.20674,0,0,0,0,0.002,0,0,2.95668,0.06742,0,0,0,0,0,0,0,3.05935,0,0.64569,0.01958,0,0,0,0,0.05353,0,0,0,0,0,0,0,0,0,0,0,0,0,0,0,0,0,0,0.33152,7.6938,8.71521,0,0,0,0,0,0,0,0,0,0,0,0.54657,0,0,0,0.00989,0,2.86471,0.02264,0.09665,0,0.21695,0,0,0.09401,0,0,0,0,0.01203,0,0,0,0,0,0,0,0,0,0,0,0,0,0,0,0,0,0,0,0,0,0,0,0,0,0,0,0,0,0,0,0,0,0,0,0.01599,0,0,0.00863,0,0,0,0.03063,0,0.35177,0,0,0,0,0,0,0,0,0.29035,0,0,0,0,0,0,0,8.45501,0,0,0,0.04728,0,0,0,0,0,0,0,0.28582,0,0,0,0,0,0,0,0,0,0,0,0,0,0,0,0,0,0.32207,0,0,0,0,0,0,0,0,0.30764,0,0,0,0,0,0,0,0,0,0,0,0,0,0,0,0,0,0,0,0,0,0.89631,0,0,0,0,0,0.00111,0,0,0,0,0,0,0,0,0,0,0,0,0,0,0,0,0,0,0,0,0,0.81889,0,0.51212,0,0.1845,0,0,0,0,0.28608,0.00486,0,0,0,0,0,0,0.00638,0,0,0,0,0,3.55222,0,1.08217,0,0,0,0,0,0,0,0,0,1.76775,0,0.70614,0,0,0,0,0,11.54051,0,0,0,0,0,0,0.58657,0,0,0,0,0.15972,0,0,0,0,0,0,0,0,0,0,0,0,0,0,1.12328,0,0,0,0.05189,0,0,0,0,0,0,0,0,0,0,0,0,0,0,0.12284,0,0,3.54169,0,0,0,0,0,0,0,0.03039,0,0,0,0,0,0,0,0,0,0,0,0,0,0,0,0,0,0,0,0,0,0,0,0,0,0,0,0,0,0,0,0,0,0,0,0,0,0,0,0,0,0,0,0,0,0,0,0,0,0,0,0,0,0,0,0,0,0,0,0,0,0,0,0,0,0.07205,0,0,0,0,0,0,0.70782,0,0,0,0,0,0.0047,0,0,0.07646,0,0,0,0,0.35882,0,0,0,0,0,0,0,0,0,0,0,0,0,0,0,0,0,0,0,0,0,0,0,0,0,0,0,0,1.42308,0,0,0,0,0,0,0,0,0,0,0.02091,0,0,0,3.13947,0,0,0,0,0,0,0,0,0,0,0,0,0.43877,0,15.30171,0,0,0.09252,0,0,0.0104,0,0,0,0,0,0,0,0,8.9277,0.3048,0,0,0.0515,0,0,0,0,0,0,0,0,0,0,0,0.12154,0.45457,0,0,0,0,0,0,0,0,0,0,0,0,0,0,0.23959,0,0.00605,0,0,0,0,0,0,0,0,0,0,0
"4074_4",0,0,0,0,0,0,0,0,0,0,0,0,0,0,0,0,0,0.11131,0.1442,0.67403,0.13892,0.00594,1.55896,0,15.40326,0.16232,0,0,0,0,0,0,0.02261,0,0,0,0,0,0.20624,0,0,0,0,0,0.00098,0,0,1.39942,0.00094,0,0,0,0,0,0,0.01796,0.4818,0,0.0559,0,0.00635,0.80673,0,0,0.76671,0,0,0.39697,0,0,0,0.06782,0,0,0,0,0,0,0,0,0,0,14.09648,0.02985,15.17953,7.2345,0.10936,1.56381,0,7.88885,0,0.2824,0,0,0.12882,0,1.9329,0,0,0.02162,0,0,0,0.4254,0,0,0.1232,0,0.01622,0,0.00168,0,0,0,0,0,0,0,0.04323,0,0,0,0,0,0,0,0,0,0,0,0,0,0,0,0,0,0,0,0,0,0,0,0,0,0,0,0,0.03651,0,0,0,0,0,0,0,0,0,0,0,0,0.00162,0,0,0,0,0,0,0.30893,0.13199,0.01387,0,0,0,0,0.31275,0,0,0,0.00495,0,0,0.00615,0.0283,0.00124,0,0,0,0.71303,0,0,0,0,0,0,0,0,0,0,0,0,0,0,0,0,0,0,0,0,0,0,0,0,0,0,0,0,0.02017,0,0,0,0,0,0,0.66997,0,0,0,0,0,0,0,0,0,0,0,0,0,0.63454,0,0,0,0,0,0,0,0,0,0,0.01262,0.08153,0.04377,0,0,0,0,0,0,0,0,0.08713,0,0.0037,0.1388,0,0,0,0.10023,0.34083,0,0.00571,0,0,0.02472,0,0,0,0,0,0,0,0,0,0,0,0,0,0.08324,0,0.15498,0.43939,0,0.05843,1.3942,0,0.64348,0,0,0,0,0.0499,0,0,0.6671,0,0,0.08862,1.31461,0,0.05923,5.3341,2.4408,0.07364,0,0,0,0,0.01494,0,0,1.14085,0,0.01926,0.05204,0.03694,0.18476,0,0,0.66514,0,0,0,0,0,0,0,0,0.03659,0,0,0,0,0.07056,0,0,0.25413,0,0,0.0476,0,0,1.87439,0,0,0,0,0,0,0,0.19261,0,0,0,0,0.02241,0,0,0,0,0,0.86975,0,0,0,0,0,0.05707,0,0,0,0,0,0,0,0,0,0,0,0,0,0,0.35239,0,0,0,0,0,0,0,0,0,0,0,0,0,0,0,0,0,0,0.01368,0,0,0,0,0,0,0,0,0.06149,0,0,0,0,0,0,0,0,0,0,0,0,0,0.3528,0,1.23881,0,0,0,0,0.58172,0,0,0,0.62996,0,0,0,0,0.21687,0,0,0,0,0.00473,0,0,0,0,0,0,0,0,0,0,0,0,0,0,0,0,0,0,0,0,0,0,0,0,0,0,0,0,0,0,0,0,0,0,0,0,0,0,0,0,1.14744,0.2266,0.15022,0.14166,0,0,0,0.01259,0,0,0,0,0,0,0,0,0.04813,0.58758,0,0,0,0,0,0,0,0,0,0,0,0,0,0,0,0.308,0.06007,0,0,0,0,0.00439,0.00164,0,0,0,0,0,0,0,0,0,0.02182,0,0,0,0,0,0.19987,0.00172,0,0,0,0,0,0,0,0,0.05591,0,0,0,0.00891,0,0,0,0,0,0,0,0
"4074_3",0,0,0,0,0,0,0,0,0,0,0,0,0,0,0,0,0,0.11152,0.39247,1.30612,0.293,0.00942,2.04834,0,9.99238,0.24286,0,0,0,0,0,0,0.00145,0,0,0,0,0,0.2844,0,0.00242,0,0,0,0.01799,0,0,3.09638,0,0.03441,0,0,0,0.01659,0,0.01237,0.14283,0,2.63296,0,0.03417,0.5703,0,0,0.42424,0,0,1.04488,0,0,0,2.17954,0,0,0,0,0,0,0,0,0,0,5.60175,0.06384,13.51999,6.47881,0.01458,1.62066,0,1.84314,0,0.01063,0,0,0,0.00654,1.24705,0,0,0.04824,0,0,0,0.92806,0,0.00419,0.35778,0,0.00599,0,0.00069,0,0,0,0,0,0,0,0.27204,0,0,0,0,0,0,0,0,0,0,0,0,0,0,0,0,0,0,0,0,0,0,0,0,0,0,0,0,0.0692,0,0,0,0.00107,0,0,0,0,0,0,0,0,0,0,0,0,0,0,0,0,0.04023,0.00503,0,0,0,0,2.6544,0,0,0,0,0,0,0.02926,0.21616,0.00653,0.00632,0,0,0,0,0,0,0,0,0,0,0,0,0,0,0,0,0,0,0,0,0,0,0,0,0,0,0,0,0,0,0,0.04877,0,0,0,0,0,0,0.33671,0,0,0,0,0,0,0,0,0,0,0,0,0,0.78793,0,0,0,0,0,0,0.09159,0,0,0,0.00141,0.2008,0.12593,0,0,0,0,0,0,0,0,0.37215,0,0.15834,0.0178,0,0,0,0.0847,0.3916,0,0.00526,0,0,0.04702,0.00159,0,0,0.00366,0,0,0,0,0,0,0,0,0,0.25265,0,2.1133,0.23914,0,0.03089,3.37426,0.14211,0.64108,0,0,0,0,0.0044,0,0,0.44106,0,0,0.0884,1.37295,0,0.04219,4.86639,2.30501,0.10912,0,0,0,0,0.0389,0,0,0.9441,0,0.02943,1.58248,0.07092,0.28651,0,0.01081,2.20103,0,0,0,0,0,0,0,0,0.02332,0,0,0,0,5.43957,0,0,0.62968,0,0,0.22788,0,0,1.87161,0,0,0.01354,0.00638,0.01338,0,0.00114,0.50853,0,0,0,0,0.04511,0,0,0,0,0,0,0,0,0,0.00409,0.00063,0.10236,0.00399,0,0,0,0,0,0,0,0,0,0,0,0,0,0.85045,0,0.00891,0.01159,0,0,0.02342,0,0,0,0,0,0,0,0,0,0,0,0,0.06362,0,0,0,0,0,0,0,0,0.06077,0,0,0,0,0,0,0,0,0,0,0,0,0,1.13909,0,0.73713,0,0,0,0,0.9126,0,0,0,0.63141,0,0,0,0.00018,0.14254,0,0,0,0,0.0608,0,0,0,0,0,0,0,0,0,0,0,0,0,0,0,0,0,0,0,0,0,0,0,0,0,0,0,0,0,0,0,0,0,0,0,0,0,0,0,0,0.0187,0.04091,0.0218,0.17029,0,0,0,0,0,0,0,0,0,0,0,0,0.0833,1.30387,0,0,0,0,0,0,0,0,0,0,0,0,0,0,0,0.48737,0.09276,0,0,0,0,0.04507,0.00496,0,0,0,0,0,0,0,0,0,0.01382,0,0,0,0.01705,0,0.26093,0.00293,0,0,0,0,0,0,0,0.00101,0.02773,0,0,0,0.01127,0,0,0,0,0.0569,0,0,0
"4074_2",0,0,0,0,0,0,0,0,0,0,0,0,0,0,0,0,0,0.03367,0.25798,1.72088,0.34544,0,1.45496,0,17.2296,0.11893,0,0,0,0,0,0,0.00786,0,0,0,0,0,0.47006,0,0,0,0,0,0.03309,0,0,0.95018,0,0.00549,0,0,0,0.04722,0,0.01043,0.22633,0,0,0,0.03459,0.65041,0,0,0.35706,0,0,0.26479,0,0,0,0.02316,0,0,0,0,0,0,0,0,0,0,4.1432,0.11131,15.20433,1.79501,0.05954,1.41546,0,0.78148,0,0.31642,0,0,0,0.06632,1.56826,0,0,0.01492,0,0,0,0.59218,0,0.00422,0.20277,0,0.03477,0,0,0,0,0,0,0,0,0,0.15645,0,0,0,0,0,0,0,0,0,0,0,0,0,0,0,0,0,0,0,0,0,0,0,0,0,0,0,0,0.23286,0,0,0,0,0,0,0,0,0,0,0,0,0.00062,0,0,0,0,0,0,0,0.22152,0.01221,0,0,0,0,1.44118,0,0,0,0.11351,0,0,0.06726,0.10085,0.00051,0.00768,0,0,0,0,0,0,0,0,0,0,0,0,0,0,0,0,0,0,0,0,0,0,0,0,0,0,0,0,0,0,0,0.16326,0,0,0,0,0,0,1.46019,0,0,0,0,0,0,0,0,0,0,0,0,0,0.50181,0,0,0,0,0,0,0,0,0,0,0,0.20373,0.07753,0,0,0,0,0,0,0,0,0.3115,0,0.07462,0.04981,0,0,0,0.19359,0.4326,0,0.00485,0,0,0.1474,0.00049,0,0,0,0,0,0,0,0,0,0,0,0,0.00525,0,2.92227,0.32677,0,0.02392,4.07466,0.12086,0.3557,0,0,0,0,0.05912,0.01908,0,1.76294,0,0,0.10468,1.93585,0,0.14416,3.63365,3.70322,0.13954,0,0,0,0,0.04483,0,0,2.77303,0,0.05764,0.46801,0.07157,0.36291,0.00283,0.03648,4.79287,0,0,0,0,0,0,0,0,0.17241,0,0,0,0,0.00932,0,0,0.51763,0,0,0.23281,0,0,4.19126,0,0,0,0.05253,0,0,0,0.54003,0,0,0,0,0.09981,0,0,0,0,0,0,0,0,0,0.00706,0,0.10169,0.00065,0,0,0,0,0,0,0,0,0,0,0,0,0,0.70069,0,0.01149,0.01112,0,0,0,0,0,0,0,0,0,0,0,0,0,0,0,0.03996,0,0,0,0,0.00083,0,0,0,0.15664,0,0,0,0,0,0,0,0,0,0,0,0,0,0.33865,0,1.71828,0,0,0,0,0.67939,0,0,0,0.41356,0,0,0,0,0.04347,0,0,0,0,0.21164,0,0,0,0,0,0,0,0,0,0,0,0,0,0,0,0,0,0,0,0,0,0,0,0,0,0,0,0,0,0,0,0,0,0,0,0,0,0,0,0.00072,0.59551,0.33844,0.12811,0.37989,0,0,0,0.00122,0,0,0,0,0,0.00914,0,0,0.11321,2.03874,0,0,0,0,0,0,0,0,0,0,0,0,0,0,0,0.77747,0.0897,0,0,0,0,0.04458,0.02076,0,0,0,0,0,0,0,0,0,0.04104,0,0,0,0,0,0.65724,0.00026,0,0,0,0,0,0,0,0,0.03779,0,0,0,0.00505,0,0,0,0,0,0,0,0
"4074_1",0,0,0,0,0,0,0,0,0,0,0,0,0,0,0,0,0,0.03456,13.2665,1.47463,0.25258,0.0019,2.1045,0,12.24514,0.30062,0,0,0,0,0,0,0.00887,0,0,0,0,0,0.25238,0,0.01646,0,0,0,0.00747,0,0,5.07984,0.01028,0.01173,0,0,0,0.02092,0,0.01925,0.4665,0,0.23608,0,0.00869,0.63442,0,0,0.43282,0,0,0.74651,0,0,0,1.71102,0,0,0,0,0,0,0,0,0,0,3.38872,0.14015,9.37979,1.97534,0.06998,2.55597,0,0.52081,0,0.02291,0,0,0.00488,0.04108,0.92089,0,0,0.02978,0,0,0.00102,0.23703,0,0.00272,0.07458,0,0.02068,0,0,0,0,0,0,0,0,0,0.5001,0,0,0,0,0,0,0,0,0,0,0,0,0,0,0,0,0,0,0,0,0,0,0,0,0,0,0,0,0.09603,0,0,0,0.02568,0,0,0.00019,0,0,0,0.00381,0,0,0,0,0,0,0,0,0,0.00077,0.00042,0,0,0,0,2.89045,0,0,0,0.02428,0,0,0.41763,0.33732,0.00443,0.00124,0,0,0,0,0,0,0,0,0,0,0,0,0,0,0,0,0,0,0,0,0,0,0,0,0,0,0,0,0,0,0,0.24813,0,0,0,0,0,0,0.09148,0,0,0,0,0,0,0,0,0,0,0,0,0,0.3275,0,0,0,0,0,0,0.14678,0,0,0,0.00131,0.15477,0.04,0,0,0,0,0,0,0,0,0.29819,0,0.10614,0.00777,0,0,0,0.05774,0.23293,0,0.00316,0,0,0.02987,0,0,0,0.15591,0,0,0,0,0,0,0,0,0,0.03528,0,2.58086,0.12188,0,0,1.9829,0.13496,0.71452,0,0,0,0,0.01685,0.00358,0,0.57184,0,0,0.13438,0.51616,0,0.22478,2.67274,2.77029,0.10931,0,0,0,0,0.03352,0,0,2.81125,0,0.03985,0.41055,0.06132,0.3935,0,0.10957,2.68508,0,0,0,0.00056,0,0,0,0,0,0,0,0,0,5.59131,0,0,0.42368,0,0,0.03906,0,0,1.68142,0,0,0,0.00145,0.03068,0,0.00039,0.29631,0,0,0,0,0.0574,0,0,0,0,0,0,0,0,0,0.01095,0,0.01591,0.00075,0,0,0,0,0,0,0,0,0,0,0.00134,0,0,0.75771,0,0.0026,0,0,0,0,0,0,0,0,0,0,0,0,0,0,0,0,0.03851,0,0,0,0,0.00324,0,0,0,0.09803,0,0,0,0,0,0,0,0,0,0,0,0,0,1.03756,0,1.27905,0,0,0,0,0.89534,0,0,0,0.55592,0,0,0,0,0.04813,0,0,0,0,0.15563,0,0,0,0,0,0,0,0,0,0,0,0,0,0,0,0,0,0,0,0,0,0,0,0,0,0,0,0,0,0,0,0,0,0,0,0,0,0,0,0,0.00454,0.01241,0.04044,0.03198,0,0,0,0,0,0,0,0,0,0,0,0,0.07971,1.18715,0,0,0,0,0,0,0,0,0,0,0,0,0,0,0,0.32077,0.50237,0,0,0,0,0.02104,0.01182,0,0,0,0,0,0,0,0,0,0.00376,0,0,0,0,0,0.43853,0.00123,0,0,0,0,0,0,0,0.00106,0.22788,0,0,0,0.00584,0,0,0,0,0.0175,0,0,0
"4073_4",0,0,0,0,0,0,0,0,0,0,0,0,0,0,0,0,0,0.00794,0.77121,1.53338,0.06231,0,1.4547,0,3.2435,0,0,0,0,0,0,0,0,0,0,0,0,0,0.14039,0,0.01388,0,0,0,0,0,0,1.55929,0.0024,0,0,0,17.58236,0,0,0,0,0,0,0,0.02938,0.87425,0,0,2.04963,0,0,0.79401,0,0,0,0,0,0,0,0,0,0,0,0,0,0,4.45805,2.55594,19.17335,0.4664,0.0637,1.02871,0,0,0,0,0,0,0,0,0,0,0,0.05726,0,0,0,0.06553,0,0.30709,0.08706,0,0,0,0,0,0,0,0,0,0,0,0,0,0,0,0,0,0,0,0,0,0,0,0,0,0,0,0,0,0,0,0,0,0,0,0,0,0,0,0,0.08935,0,0,0,0,0,0,0.005,0,0,0,0,0.00503,0,0,0,0,0,0,0,0,0.09016,0.10268,0,0,0.12734,0.03061,0,0,0,0,0,0,0,0,0.25669,0,0,0,0,0,0,0,0.22799,0,0,0,0,0,0,0,0,0,0,0.04669,0,0,0,0,0,0,0,0,0,0,0,0,0,0,0,0,0,0,0,0,0,0,0,0,0,0,0,0,0,0,0,0,0,0,0,0.17099,0,0,0,0,0,0,0.01936,0,0,0.09099,0.00078,0.12548,0.09082,5.89106,0,0,0,0,0,0,0.00045,0,0,0,0.04593,0,0,0,0.20683,0.06049,0,0,0,0,0,0,0,0,0,0,0,0,0,0,0,0,0,0,0.96703,0,3.79772,0.14021,0,0.03009,9.16584,0,0.97265,0,0,0,0.46955,0,0,0,1.07166,0.11433,0,0.49226,0,0,0.00624,1.707,2.29535,0.10207,0,0,0,0,0.00665,0,0,0,0,0,1.85588,1.37798,0,0,0,0,0,0,0,0,0,0,0,0,0.15609,0,0,0,0,0,0,0,0.06932,0,0,0.0168,0,0,1.74057,0,0,0,0,0.02852,0,0,0.2693,0,0,0,0,0,0,0,0,0,0,0,0,0,0,0,0,0.069,0.21069,0,0,0,0,0,0,0,0,0,0,0,0,0,0,0,0,0,0,0,0,0,0,0,0,0,0,0,0,0,0,0,0,0,0,0,0,0,0,0,0,0,0,0,0,0,0,0,0,0,0,0,0,0,0,0,0.2411,0,1.79596,0,0,0,0,0.17928,0,0,0,0,0,0,0,0,0,0,0,0,0,0.1754,0,0,0,0,0,0,0,0,0,0,0,0,0,0,0,0,0,0,0,0,0,0,0,0,0,0,0,0,0,0,0,0,0,0,0,0,0,0,0,0,0,0.74392,0.03284,0.39263,0.12314,0,0,0.24416,0,0,1.50847,0.01232,0,0,0,0,0,0,0,0.05564,0,0,0.55892,0,0.10961,0,0,0,0,0,0,0,0,0.47535,0.07589,0,0,0,0,0,0,0,0,0,0,0,0,0,0,0,0.02188,0,0,0,0.00581,0,0,0.03171,0,0,0,0,0,0,0,0,0,0,0.00339,0.00309,0,0,0.01024,0,0,0,0,0,0
"4006_2",0,0.29595,0,0,0,0,0,0,0,0,0,0,0,0,0,0,0,0,0.32454,1.82363,0.11096,0.11671,0.13169,0.05882,3.48996,0.03319,0.48118,0,0,0,0,0,0,0,0,0,0,0,1.33171,0,0,0,0,0,0.00233,0.02772,0,1.69325,0,0,0,0,4.07669,0,0,0,0,0,0,0,6.81132,0.89459,0,0,1.29218,0,0,0.90574,0,0,0,0,0,0,0,0,0,0,0,0,0,0,0,0.82233,18.78743,6.62695,0,1.72611,0,0,0,0,0,0,0,0,0.00882,0,0,0.00863,0,0,0,0.46178,0,0.01521,0,0,0.14675,0,0,0,0,0,0,0,0,0,0.2538,0,0,0,0,0,0,0,0.00096,0.04084,0,0.89425,0,0,0,0,0,0,0,0,0,0,0,0,0,0,0.04216,0,0,0.18576,0,0,0,0,0,0,0,0,0,0,0,0,0.00791,0,0,0,0,0,0,0,0,0.12017,0,0,0,0,0.18328,0,0,2.87313,0,0,0,0,0,0.27521,0,0,0.0195,0,0,0,0.16664,1.3087,0,0,0.05703,0,0,0,0,0,0,0,0,0,0,0,0,0,0.41559,0,0,0,0,0,0.61706,0,0,0,0,0,0,0,0,0,0,0,0,0,0,0,0,0,0,0,0,0,0,0.05082,0,0,0,0,0,0,0,0,0,0.01408,0,0.14814,0.13722,0,0,0,0,0,0,0,0,0,0,0,0,0.40566,0,0,0.10663,0.55587,0,0,0,0,0.12366,0,0,0,0,0,0,0,0,0,0,0,0,0,0,0,0.96244,0.08287,0,0.11995,1.89162,7.49155,0.02782,0,0,0,5.6532,0.07485,0,0,0,0,0,0.08054,0,0,0.05875,3.07364,0,0,0,0,0,0,0,0,0,0,0.00807,0.00711,0.00618,0.39788,0.00292,0,0.00787,0.50168,1.0797,0,1.39666,0.53482,0.25951,0,0,0.03306,0.0024,0,0.0366,0.19703,0,0,0,0,0.6202,0,0.14343,0,0,0,0.0729,0,0,0,0.13097,0,0,0,0.62495,0,0,0,0,0.20183,0.04844,0,0,0,0,0,0,0,0,0.00225,0,0,0,0,0,0,0,0,0,0,0,0,0,0,0,0,0,0,0,0,0,0,0,0,0,0,0,0,0,0,0,0,0,0,0,0.00257,0,0,0,0,0,0,0,0,0,0,0,0,0,0,0,0,0,0,0,0,0,0,0.72811,0,0.54548,0,0.32269,0,0,1.05905,0.00472,0,0,0,0,0,0,0,0,0,0,0,0,0,0,0,0,0,0,0,0,0,0,0,0,0,0,0,0,0,0,0,0,0,0,0,0,0,0,0,0,0,0,0,0,0,0,0,0,0,0,0,0,0,0,1.39272,0,0.10933,0,0,0,0,0,0,0.46939,0.00027,0,0,0,0.00888,0.0306,0,3.97476,0,0,0,0,0,0,0,0,0,0,0,0,0,0,0.18714,0.0255,0,0.01211,0,0,0,0.00518,0,0,0,0,0,0,0,0,0,0.00084,0,0,0,0,0,2.72068,0.05438,0,0,0,0,1.00162,0,0,0,0,0,0,0,0,0,0,0,0,0,0,0,0
"4073_3",0,0,0,0,0,0,0,0,0,0,0,0,0,0,0,0,0,0.00363,0.04462,1.20594,0.13157,0,1.42061,0,3.21922,0,0,0,0,0,0,0,0,0,0,0,0,0,0.18374,0,0,0,0,0,0,0,0,0.93078,0,0,0,0,29.1256,0,0,0,0,0,0,0,0.12012,1.56647,0,0,2.50938,0,0,0.94141,0,0,0,0,0,0,0,0,0,0,0,0,0,0,2.28841,3.86293,13.34739,0.91552,0,0.62244,0,0,0,0,0,0,0,0,0,0,0,0,0,0,0,0.06091,0,0.57334,0.11239,0,0.00835,0,0.00246,0,0,0,0,0,0,0,0,0,0,0,0,0,0,0,0,0,0,0,0,0,0,0,0,0,0,0,0,0,0,0,0,0,0,0,0,0.04832,0,0,0,0,0,0,0,0,0,0,0,0,0,0,0,0,0,0,0,0,0.114,0.00619,0,0,0.10614,0.01598,0,0,0,0,0,0,0,0,0.118,0,0,0,0,0,0,0,1.26734,0,0,0,0,0,0,0,0,0,0,0.04163,0,0,0,0,0,0,0,0,0,0,0,0,0,0,0,0,0,0,0,0,0,0,0,0,0,0,0,0,0,0,0,0,0,0,0,0.25439,0,0,0,0,0,0,0,0,0,0.06354,0,0.25942,0.15883,4.96219,0,0,0,0,0,0,0,0,0,0,0,0,0,0,0.1357,0.06665,0,0,0,0,0,0,0,0,0,0,0,0,0,0,0,0,0,0,0,0,2.40874,0.04849,0,0.03084,7.19116,0,1.03985,0,0,0,0.21974,0,0,0,0.87154,0.17553,0,0.29313,0,0,0.00293,1.37937,5.11645,0.23531,0,0,0,0,0,0,0,0,0,0,1.58271,0.08325,0,0,0,0,0,0,0,0,0,0,0,0,0.11674,0,0,0,0,0,0,0,0.12649,0,0,0.00348,0,0,1.66205,0,0,0,0,0,0,0,0.81497,0,0,0,0,0,0,0,0.02928,0.07425,0,0,0,0,0,0,0,0.11999,0.02867,0,0,0,0,0,0,0,0,0,0,0,0,0,0,0,0,0,0,0,0,0,0,0,0,0,0,0,0,0,0,0,0,0,0,0,0,0,0,0,0,0,0,0,0,0,0,0,0,0,0,0,0,0,0,0,0.35421,0,1.90831,0,0,0,0,0.16413,0,0,0,0,0,0,0,0,0,0,0,0,0,0.04167,0,0,0,0,0,0,0,0,0,0,0,0,0,0,0,0,0,0,0,0,0,0,0,0,0,0,0,0,0,0,0,0,0,0,0,0,0,0,0,0,0,0.44214,0,0.4758,0.00483,0,0,0.13253,0,0,0.54185,0.07594,0,0,0,0,0,0,0,0.03985,0,0,0.43747,0,0.15968,0,0,0,0,0,0,0,0,0.57253,0.0244,0,0,0,0,0,0,0,0,0,0,0,0,0,0,0,0.12584,0,0,0,0.01266,0,0,0.00691,0,0,0,0,0,0,0,0,0,0,0.00703,0,0,0,0.00174,0,0,0,0,0,0
"4073_2",0,0,0,0,0,0,0,0,0,0,0,0,0,0,0,0,0,0.00342,0.12258,2.47577,0.32801,0.00108,2.11127,0,4.95089,0,0,0,0,0,0,0,0,0,0,0,0,0,0.19125,0,0.00813,0,0,0,0,0,0,2.10497,0.00171,0,0,0,19.4082,0,0,0,0,0,0,0,0.28814,1.63211,0,0,2.84765,0,0,0.58816,0,0,0,0,0,0,0,0,0,0,0,0,0,0,12.28703,2.27589,27.71833,1.04243,0.02195,1.55328,0,0,0,0.00884,0,0,0,0,0.00702,0,0,0.05374,0,0,0,0.02576,0,0.18955,0.0086,0,0.02715,0,0.00203,0,0,0,0,0,0,0,0,0,0,0,0,0,0,0,0,0,0,0,0,0,0,0,0,0,0,0,0,0,0,0,0,0,0,0,0,0.06164,0,0,0,0,0,0,0,0,0.02151,0,0,0,0,0,0,0,0,0,0,0,0.02708,0.01022,0,0,0.06996,0.01538,0,0,0,0,0,0,0,0,0.04472,0,0,0,0,0,0,0,0.51723,0,0,0,0,0,0,0,0,0,0,0.04442,0,0,0,0,0,0,0,0,0,0,0,0,0,0,0,0,0,0,0,0,0,0,0,0,0,0,0,0,0,0,0,0,0,0,0,0.13612,0,0,0,0,0,0,0,0,0,0.09605,0.00514,0.19106,0.04227,0.85648,0,0,0,0,0,0,0,0,0,0,0.00054,0,0,0,0.08595,0.05481,0,0,0,0,0.01009,0,0,0,0,0,0,0,0,0,0,0,0,0,0.00401,0,1.97016,0.08887,0,0.0336,1.93567,0,0.0097,0,0,0,0.76458,0,0,0,0.76677,0.27524,0,0.39726,0,0,0.01108,1.06231,0.62788,0.02773,0,0,0,0,0.00507,0,0,0,0,0,0.39438,0.91496,0.01261,0,0,0,0,0,0,0,0,0,0,0,0.11081,0,0,0,0,0,0,0,0.13645,0,0,0.01427,0,0,0.58222,0,0,0,0,0,0,0,0.34768,0,0,0,0,0,0,0,0.01991,0,0,0,0,0,0,0,0,0.07667,0.00499,0,0,0,0,0,0,0,0,0,0,0,0,0,0,0,0,0,0,0,0,0,0,0,0,0,0,0,0,0,0,0,0,0,0,0,0,0,0,0,0,0,0,0,0,0,0,0,0,0,0,0,0,0,0,0,0.6528,0,1.08568,0,0,0,0,0.33666,0,0,0,0,0,0,0,0,0.02579,0,0,0,0,0.07719,0,0,0,0,0,0,0,0,0,0,0,0,0,0,0,0,0,0,0,0,0,0,0,0,0,0,0,0,0,0,0,0,0,0,0,0,0,0,0,0,0.00244,0.08563,0.01494,0.53543,0.02274,0.00158,0,0.04143,0,0,0.7734,0.04023,0,0,0,0,0,0,0,0.03746,0,0.00432,0.18371,0,0.09898,0,0,0,0,0,0,0,0,0.54519,0.02143,0,0,0,0,0,0,0,0,0,0,0,0,0,0,0,0.11693,0,0,0,0.09189,0,0,0.01403,0,0,0,0,0,0,0,0,0,0.00073,0.01245,0,0,0,0,0,0.00644,0,0,0,0
"4073_1",0,0,0,0,0,0,0,0,0,0,0,0,0,0,0,0,0,0,1.12211,1.0178,0.33595,0,2.40268,0,5.6601,0,0,0,0,0,0,0,0,0,0,0,0,0,0.93563,0,0,0,0,0,0,0,0,1.35357,0,0,0,0,20.05166,0,0,0,0,0,0,0,0.07023,1.35687,0,0,2.46012,0,0,0.74752,0,0,0,0,0,0,0,0,0,0,0,0,0,0,9.71527,2.25829,18.52073,0.94234,0,1.17703,0,0,0,0,0,0,0,0,0.05932,0,0,0,0,0,0,0.10551,0,0.7761,0.03777,0,0.05116,0,0,0,0,0,0,0,0,0,0,0,0,0,0,0,0,0,0,0,0,0,0,0,0,0,0,0,0,0,0,0,0,0,0,0,0,0,0,0.30917,0,0,0,0,0,0,0,0,0.28899,0,0,0,0,0,0,0,0,0,0,0,0,0,0,0,0.02539,0,0,0,0,0,0.37761,0,0,0,0.01303,0,0.01835,0,0,0,0,0,2.42688,0,0,0,0,0,0,0,0,0,0,0.12034,0,0,0,0,0,0,0,0,0,0,0,0,0,0,0,0,0,0,0,0,0,0,0,0,0,0,0,0,0,0,0,0,0,0,0,0.5907,0,0,0,0,0,0,0,0,0,0.00655,0,0.99389,0.10591,2.17808,0,0,0,0,0,0,0,0,0,0,0,0,0,0,0.21945,0.23503,0,0,0,0,0.00913,0,0,0,0,0,0,0,0,0,0,0,0,0,0.10907,0,0.84413,0.43529,0,0.07006,2.28108,0,0,0,0,0,0.15725,0,0,0,1.40388,0.28121,0,0.62169,0,0,0.0026,2.69234,2.68065,0.10416,0,0,0,0,0,0,0,0,0,0,0.12572,0.23059,0,0,0,0,0,0,0,0,0,0,0,0,0.14167,0,0,0,0,0,0,0,0.29521,0,0,0.00523,0,0,1.66994,0,0,0,0,0,0,0,1.09333,0,0,0,0,0,0,0,0,0,0,0,0,0,0,0,0,1.03824,0,0,0,0,0,0,0,0,0,0,0,0,0,0,0,0,0,0,0,0,0,0,0,0,0,0,0,0,0,0,0,0,0,0,0,0,0,0,0,0,0,0,0,0,0,0,0,0,0,0,0,0,0,0,0,0,0.11064,0,0.02148,0,0,0,0,0.05133,0,0,0,0,0,0,0,0,0,0,0,0,0,0.08394,0,0,0,0,0,0,0,0,0,0,0,0,0,0,0,0,0,0,0,0,0,0,0,0,0,0,0,0,0,0,0,0,0,0,0,0,0,0,0,0,0,0.03971,0,0.41516,0,0,0,0.73917,0,0,0.09443,0.1448,0,0,0,0,0,0,0,0.09621,0,0.00072,0.16051,0,0.13903,0,0,0,0,0,0,0,0,1.98596,0.20715,0,0,0,0,0,0,0,0,0,0,0,0,0,0,0,0.1621,0,0,0,0.12947,0,0,0.05863,0,0,0,0,0,0,0,0,0,0,0,0,0,0,0,0,0,0,0,0,0
"4072_4",0,0.17306,0,0,0,0,0,0,0,0,0,0,0,0,0,0,0,0.02433,20.50274,0.57243,0.1559,0.19152,0.0765,0,4.89186,0.46727,0,0,0,0,0,0,0,0,0,0,0,0,1.66819,0,0,0,0,0,0.03271,0,0,0,0.52783,0.39436,0,0,0,0,0,0,0.8318,0,0,0,0,1.39414,0,0,0.46562,0,0,1.86355,0,0,0,0,0,0,0,0,0,0,0,0,0,0,18.36615,0.90914,4.01533,8.52755,0.09679,0.43611,0,0,0,0,0,0,0,0,0,0,0,0,0,0,0,0.54268,0,0,0.07292,0,0.23049,0,0.06552,0,0,0,0,0,0,0.00347,0.20631,2.00754,0,0,0,0,0,0,0.00236,0.02083,0,0,0,0,0,0,0,0,0,0,0,0,0,0,0.00408,0,0,0,0,0.002,0,0,0,0,0,0,0,0,0,0,0,0,0,0,0,0,0,0,0,0,0,0,0,0.03782,0.02824,0.00236,0.20664,0,0,0,0,0.10369,0,0,0.30516,0,0,0.03292,0,0,0,0,0.50458,0,0.10765,0.04593,0,0,0,0,0,0,0.01539,0,0,0,0,0,0,0,0.17621,0,0,0,0,0,0,0,0.00583,0,0,0,0,0,0,0,0.15451,0,0,0,0,0,0,0,0,0,0,0,0.4249,0.25572,0,0,0,0,0,0,0,0,0,0,0,0.06624,0.09811,0,0,0,0,0,0,0,0,0.282,0,0.04077,0,0,0,0,0.15518,0.42479,0,0,0,0,0,0,0,0,0,0,0,0,0,0,0,0,0,0,0.00162,0,0.74448,0.71649,0,0.15043,0.28902,2.36308,0,0.00495,0,0,0.3479,0,0,0,1.08886,0,0,0,0,0,0.00342,5.72464,2.16868,0.18451,0,0,0,0,0.00429,0,0.00434,0.00866,0.06624,0.02728,0,0.78529,0,0,0.012,0.02606,0,0,2.42959,0.41999,0.01022,0.29216,0.00159,0,0.24221,0,0,0,0,0,0,0,0.0016,0,0.00105,0,0,0,0.00615,0,0,0,0.0205,0.03472,0,0,0.82097,0,0,0,0,0.03689,0,0,0,0,0,0,0,0,0,0,0,0,0.01126,0,0,0,0,0,0,0,0,0,0,0,0,0,0.66744,0,0,0,0,0,0,0,0,0,0,0,0,0,0,0,0,0,0,0.00192,0,0,0,0,0,0,0,0,0.28437,0,0,0,0,0,0,0,0,0,0,0,0,0,0.90702,0,0.02945,0,0.0581,0,0,0.40774,0.28608,0,0,0.51905,0,0,0.17692,0.06268,0,0,0,0,0,0.70818,0,0,0,0,0,0,0,0,0,0,0,0,0,0,0,0,0,0,0,0,0,0,0,0,0,0,0,0,0,0,0,0,0,0,0,0,0,0,0,0,0,0.34121,0.50058,0,0,0,0,0,0,0.04504,0,0,0,0,0,0,0.09433,0.01122,1.61076,0.04108,0,0,0.12356,0,0,0.073,0,0,0,0,0,0,0,0.38406,0.02566,0,0.01185,0,0,0,0.06876,0,0,0,0,0,0,0,0,0,0,0,0,0,0,0,0.02496,0.00603,0,0,0,0,0.04301,0,0,0,0.21708,0,0,0,0,0,0,0,0,0,0,0,0
"4072_3",0,0.32354,0,0,0,0,0,0,0,0,0,0,0,0,0,0,0,0.01547,8.2088,0.24252,0.16693,0.09163,0.01872,0,0.61453,0.15296,0,0,0,0,0,0,0,0,0,0,0,0,3.27471,0,0,0,0,0,0.02285,0,0.01827,0,0.25383,0.17793,0,0,0,0,0,0,0.29059,0,0,0,0,0.53967,0,0,0.15514,0,0,0.54769,0,0,0,0,0,0,0,0,0,0,0,0,0,0,1.2961,0.94553,0.99124,2.92445,0.08612,0.08319,0,0,0,0,0,0,0,0,0,0,0,0.00812,0,0,0,0.35537,0,0,1.22069,0,0.7254,0,0.07181,0,0,0,0,0,0,0,0.01632,0.92085,0,0,0,0,0,0,0,0.05392,0,0.01858,0.0157,0,0,0,0,0,0,0,0,0,0,0,0.03582,0,0,0,0,0.15671,0,0,0,0,0,0,0,0,0,0,0,0,0,0,0,0,0,0,0,0,0,0.05085,0,0.13868,0.37707,0.03465,3.50974,0,0,0,0,0.55975,0,0,0.19926,0,0,0.13134,0,0,0,0,0.29469,0.0457,0.06287,0.02135,0,0,0,0,0,0,0,0.1136,0,0,0,0,0,0,0.83386,0,0,0,0,0,0,0,0.04195,0,0.28265,0,0,0,0.37226,0.03127,1.02352,0,0.45546,0,0,0,0,0,0,0,0,0,0,0.43866,0,0,0,0,0,0,0,0,0,0,0,0.17682,0.55524,0,0,0,0,0,0,0,0,0.7779,0,0.01058,0,0,0,0,0.91928,1.26862,0,0,0,0,0,0,0,0,0,0,0,0,0,0,0,0,0,0,0,0,4.62841,1.70814,0,0.26887,0.57159,6.00987,0,0,0,0,0.66054,0.12518,0,0,2.51908,0,0,0,0,0,0,4.8614,5.30876,0.24093,0,0,0,0,0.06348,0,0,0.0602,1.45627,0.13672,0.00517,0.96974,0.76329,0.00575,0.06115,0.51533,0,0,11.28871,1.56507,0.09647,0.06466,0,0,0.27482,0,0,0.10659,0,0,0,0,0.00271,0,0.00185,0,0,0,0.24639,0,0,0,0.08317,0,0,0,1.07858,0,0,0,0,0.09566,0.03192,0,0,0,0,0,0,0,0,0,0,0,0,0,0,0,0,0,0,0,0,0,0,0,0,0,8.19838,0,0.00483,0,0,0,0,0,0,0,0,0,0,0,0,0,0,0,0,0,0,0,0,0,0,0,0,0,1.04259,0,0,0,0,0,0,0,0,0,0,0,0,0,0.25708,0,0.1,0,0.18949,0,0,0.10326,0.21161,0,0,0.12272,0,0,0.03303,0.01506,0,0,0,0,0,1.44942,0,0,0,0,0,0,0,0,0,0,0,0,0,0,0,0,0,0,0,0,0,0,0,0,0,0,0,0,0,0,0,0,0,0,0.00099,0,0,0,0,0,0,0.51062,0.11615,0,0,0,0,0,0,0.13803,0,0.00053,0,0,0,0.13938,0.32045,0,0,0.3083,0,0,0.33997,0,0,0.45028,0,0,0,0,0,0,0,1.6326,0.04812,0,0,0,0,0,0.1662,0,0,0,0,0,0,0,0,0,0.07088,0,0,0,0.04464,0,0.05755,0.03193,0,0,0,0,0.02043,0,0,0,0.22965,0,0,0,0,0,0,0,0,0,0,0,0
"4072_2",0,0.46725,0,0,0,0,0,0,0,0,0,0,0,0,0,0,0,0.07077,18.5233,0.77012,0.82506,0.07271,0.04743,0,1.87739,0.20136,0,0,0,0,0,0,0,0,0,0,0,0,2.4673,0,0,0,0,0,0.00659,0,0.01501,0,0.4022,0.6549,0,0,0,0,0,0,0.15265,0,0,0,0,0.24488,0,0,0.58111,0,0,0.90785,0,0,0,0,0,0,0,0,0,0,0,0,0,0,4.4414,2.02392,3.08482,2.6644,0,0.26645,0,0,0,0,0,0,0,0,0,0,0,0.14025,0,0,0,0.74102,0,0,0.07014,0,0.31736,0,0.06643,0,0,0,0,0,0,0,0.12845,0.50603,0,0,0,0,0,0,0.0561,1.40725,0,0.03421,0.30815,0,0,0,0,0,0,0,0,0,0,0,0.16345,0,0,0,0,0.09351,0,0,0,0,0,0,0,0,0,0,0,0,0,0,0,0,0,0,0,0,0,0.05378,0,0.10388,0.63583,0.07356,0,0,0,0,0,0,0,0,0.02622,0,0,0.03313,0,0,0,0,0.02208,0.04821,0.2029,0,0,0,0,0,0,0,0,0,0,0,0,0,0,0,0.05065,0,0,0,0,0,0,0,0.07649,0,0.72637,0,0,0,0.68687,0,0.46261,0,0,0,0,0,0,0,0,0,0,0,0,0.2726,0,0,0,0,0,0,0,0,0,0,0,0.07121,0.46122,0,0,0,0,0,0,0,0,3.68042,0,0.45567,0,0,0,0,0.42573,1.49064,0,0,0,0,0,0,0,0,0,0,0,0,0,0,0,0,0,0,0,0,0.98463,2.27506,0,0,0,8.04821,0,0,0,0,0.03009,0,0,0,0.49719,0,0,0,0,0,0.01633,6.41838,5.82863,0.40407,0,0,0,0,0,0,0,0.00382,0.17688,0.02878,0,0.30013,0,0.01186,0,0,0,0,4.30821,0.65831,0,0,0,0,0.12281,0,0,0,0,0,0,0,0,0,1.3022,0,0,0,0,0,0,0,0.04736,0,0,0,0.05437,0,0,0,0,0.15486,0,0,0,0,0,0,0,0,0,0,0,0,0,0,0,0,0,0,0,0,0,0,0,0,0,0,0,0,0,0,0,0,0,0,0,0,0,0,0,0,0,0,0,0,0,0.00185,0,0,0,0,0,0,0,0,0.80733,0,0,0,0,0,0,0,0,0,0,0,0,0,0.62628,0,0,0,0.00809,0,0,0.10087,1.28224,0,0,0.17457,0,0,0.1071,0.01655,0.00272,0,0,0,0,2.82544,0,0,0,0,0,0,0,0,0,0,0,0,0,0,0,0,0,0,0,0,0,0,0,0,0,0,0,0,0,0,0,0,0,0,0,0,0,0,0,0,0.01134,3.18253,0.09499,0,0,0,0,0,0,0.00296,0,0,0,0,0,0.32939,0.11215,0,0,0.11764,0,0,0,0,0,1.57228,0,0,0.03755,0,0,0,0,1.33146,0.20512,0,0.02893,0,0,0,0.03276,0,0,0,0,0,0,0,0,0,0,0,0,0,0,0,0.16439,0.03681,0,0,0,0,0.2532,0,0,0,0,0,0,0,0,0,0,0,0,0,0,0,0
"4072_1",0,0.281,0,0,0,0,0,0,0,0,0,0,0,0,0,0,0,0.03057,34.45554,1.70135,0.24824,0.10885,0.00522,0,0.99996,0.05469,0,0,0,0,0,0,0,0,0,0,0,0,1.89903,0,0,0,0,0,0.09299,0,0.00543,0,1.0551,0.09874,0,0,0,0,0,0,0.09836,0,0,0,0,0.26871,0,0,1.26728,0,0,0.26106,0,0,0,0,0,0,0,0,0,0,0,0,0,0,0.87165,0.65402,1.24812,0.68821,0.10548,0.21795,0,0,0,0,0,0,0,0,0,0,0,0.00482,0,0,0,0.5782,0,0,0.85871,0,0.19803,0,0.03716,0,0,0,0,0,0,0,0.04277,0,0,0,0,0,0,0,0.00234,0.05771,0,0.01009,0.17579,0,0,0,0,0,0,0,0,0,0,0,0.01498,0,0,0,0,0.01968,0,0,0,0,0,0,0,0,0,0,0,0,0,0,0,0,0,0,0,0,0,0.01998,0,1.04879,0.02054,0,0.52479,0,0,0,0,1.4808,0,0,0.13543,0,0,0.04078,0,0,0,0,0.63241,0.03153,0.01233,0.03948,0,0,0,0,0,0,0,0.04588,0,0,0,0,0,0,0.97062,0,0,0,0,0,0,0,0,0,0.10844,0,0,0,0,0,0,0,0.48464,0,0,0,0,0,0,0,0,0,0,0.41354,0,0,0,0,0,0,0,0,0,0,0,0.05992,0.61289,0,0,0,0,0,0,0,0,0.31294,0,0.0187,0,0,0,0,0.92246,1.25485,0,0,0,0,0,0,0,0,0,0,0,0,0,0,0,0,0,0,0.01572,0,1.62871,2.11593,0,0.24693,0.0627,0.02377,0,0,0,0,0.0815,0,0,0,5.13694,0,0,0,0,0,0.00245,3.57957,4.58243,0.36984,0,0,0,0,0,0,0,0.18003,0.14864,0.0813,0.00937,2.33318,0.50901,0,0.08796,0.64354,0,0,7.78211,1.02387,0.01004,0.17723,0,0,0.20143,0,0,0,0,0,0,0,0.0263,0,0,0,0,0,0.12728,0,0,0,0.26101,0,0,0,0.26813,0,0,0,0,0.1688,0,0,0,0,0,0,0,0,0,0,0,0,0,0,0,0,0,0,0,0,0,0,0,0,0,0,0,0,0.00116,0,0,0,0,0,0,0,0,0,0,0,0,0,0,0,0,0,0,0,0,0,0,0,0,0,0.43103,0,0,0,0,0,0,0,0,0,0,0,0,0,0.55211,0,0,0,0.09361,0,0,0.31203,0.62326,0,0,0.17589,0,0,0.04816,0.00122,0,0,0,0,0,1.00261,0,0,0,0,0,0,0,0,0,0,0,0,0,0,0,0,0,0,0,0,0,0,0,0,0,0,0,0,0,0,0,0,0,0,0,0,0,0,0,0,0.201,1.07515,0,0,0,0,0,0,0,0.00496,0,0,0,0,0,0,0.20298,0,0,0.04903,0,0,0.17879,0,0,3.53111,0,0,0.09254,0,0,0,0,0.98102,0.09949,0,0.00753,0,0,0,0.16247,0,0,0,0,0,0,0,0,0,0,0,0,0,0,0,0.2916,0.02188,0,0,0,0,0,0,0,0,0.05536,0,0,0,0,0,0,0,0,0.00876,0,0,0
"4071_4",0,0,0,0,0,0,0,0,0,0,0,0,0,0,0,0,0,0,1.36384,0.02573,0,0.27282,0.64673,0,4.45631,0.05964,0,0,0,0,0,0,0,0,0,0,0,0,0.18673,0,0,0,0.08066,0,0,0,0,0.45906,0.46419,0,0,0,9.45219,0,0,0,0,0,0.35337,0,0,0,0,0,1.83299,0,0,0,0,0,0,0,0,0,0,0,0,0,0,0,0,0,7.99256,0.84903,12.04356,12.3336,0,0.93814,0,0,0,0,0,0,0,0,0.26101,0,0,0,0,0,0,0.16248,0,0,0,0,0,0,0,0,0,0,0,0,0,0,0,0,0,0,0,0,0,0,0,0,0,0,0,0,0,0,0,0,0,0,0,0,0,0,0,0,0,0,0,0,0,0,0,0,0,0,0,0,0,0,0,0,0,0,0,0,0,0,0,0,0,0.00439,0,0,0,0,0,0,0,0,0,0,0,0,0,0,0,0,0,0,0,0,0,0,0,0,0,0,0,0,0,0,0,0.29004,0,0,0,0,0.04314,0,0,0,0,0,0,0,0,0,0,0,0,0,0,0,0,0,0,0,0,0,0.01089,0,0,0,0,0,0,0,0,0,0,0,0,0,0,0,0,0,0,0,0,0.18411,0.02033,0,0,0,0,0,0,0,0,0,0,0,0,0,0,0,0,0.0685,0,0,0,0,0.4055,0,0,0,0,0,0,0,0,0,0,0,0,0,0,0,2.71419,0.1414,0,0.07443,7.06442,5.03346,0.03635,0,0,0,0,0,0,0,0,0,0,3.76435,0,0,0,9.84403,6.77728,0.05634,0,0,0,0,0,0,0.02183,0,0,0,0,0,0,0,0,0,0,0,1.26011,0.2563,0,0,0.04379,0,0,0,0,0,0,0,0,0,0.15509,0,0,0,0,0,0,0,0,0,0,0,0,0,0.6027,0,0,0,0,0,0,0,0,0,0,0,0,0,0,0,0,0,0,0,0,0,0,0,0,0,0,0,0,0,0,0,0,0,0,0,0,0,0,0,0,0,0,0,0,0,0,0,0,0,0,0,0,0,0,0,0,0,0,0,0,0,0,0,0,0,0,0,0,0,0,0,0,0,0.27678,0,0,0,0,0,0,0.51578,0,0,0,0,0,0,0,0,0,0,0,0,0,0,0,0,0,0,0,0,0,0,0,0,0,0,0,0,0,0,0,0,0,0,0,0,0,0,0,0,0,0,0,0,0,0,0,0,0,0,0,0,0,0,0,0.20581,0,0.00401,0.46609,0.04747,0,0,0.74704,0,0.15327,0,0,0,0,0,0,0,0,0,0,0,0,0,0,0,0.67657,0,0,0,0,0,0,0,0,0,0,0,0,0,0,0,0,0,0,0,0,0,0,0,0,0,0,0,0,0,1.6671,0.02452,0,0,0,0,2.02914,0,0,0,0.07883,0,0,0,0,0,0,0,0,0,0,0,0
"4071_3",0,0,0,0,0,0,0,0,0,0,0,0,0,0,0,0,0,0.02269,0.26719,0,0,0,0,0,0.33977,0.00564,0,0,0,0,0,0,0,0,0,0,0,0,1.18696,0,0,0,0.33539,0,0.13813,0,0,0.03609,0.0039,0,0,0,1.60959,0,0,0,0,0,0.02723,0,0,0,0,0,0.20772,0,0,0,0,0,0,0,0,0,0,0,0,0,0,0,0,0,1.82702,0.04822,0.39118,2.55836,0,0.02658,0,0,0,0,0,0,0,0,0.36045,0,0,0,0,0,0,0.88288,0,0.09351,0.12385,0,0.37976,0,0.04483,0,0,0,0,0,0,0,0,0,0,0,0,0,0,0,0,0,0,0,0,0,0,0,0.00042,0,0,0,0,0,0,0,0,0,0,0,0,0.11876,0,0,0,0,0,0,0,0,0,0,0,0,0,0,0,0,0,0,0,0,0,0.14563,0,0,0,0,0,0,0,0,0,0,0,0,0,0,0,0,0,0,0,0,0,0,0,0,0,0,0.10408,0,0,0,0,0.27443,0,0,0,0,0,0,0,0,0,0,0,0,0,0,0,0,0,0,0,0,0,0,0,0,0,0,0,0,0,0,0,0,0,0,0,0.19725,0,0,0,0,0,0,0,0,0,0,0,1.14861,0.66955,0,0,0,0,0,0,0,0,0,0,0,0,0,0,0,0.36706,0.7527,0,0,0.00675,0,0.25512,0,0,0,0,0,0,0,0,0,0,0,0,0,0,0,26.77582,0.62621,0,1.43929,18.79855,0.05695,0.15425,0,0,0,0.38263,0,0,0,0,0,0,15.48128,0,0,0.22934,5.52258,0.45883,0.00224,0,0,0,0,0.03571,0.10235,0.18713,0,0,0.0246,0,0,0,0,0,0,0,0,0,0.00588,0,0,0.00042,0,0.10286,0,0,0,0,0,0,0,1.44985,0,0,0,0,0,0,0,0,0,0,0,0,0,3.56039,0,0,0,0,0.0021,0.0187,0,0.03463,0,0,0,0,0,0,0,0,0,0,0,0,0,0,0,0,0,0,0,0,0,0,0,0,0,0,0,0,0,0,0,0,0,0,0,0,0,0,0,0,0,0,0,0,0,0,0,0,0,0,0,0,0,0,0,0,0,0,0,0,0,0,0,0,0,0.00735,0,0,0,0.08975,0,0,0.04257,0,0,0,0,0,0,0,0,0,0,0,0,0,0.00036,0,0,0,0.00659,0,0,0,0,0,0,0,0,0,0,0,0,0,0,0,0,0,0,0,0,0,0,0,0,0,0,0,0,0,0,0,0,0,0,0,0,0.10602,0.68112,0.08098,1.17449,0.17715,0.02435,0,0,3.76619,0,0.55128,0,0,0,0,0,0.03355,0.07552,0,0,0,0,0,0,0.01139,0,0.13339,0,0,0,0,0,0,0.5625,0,0,0,0,0,0.0314,0,0,0,0,0,0,0,0,0,0,0,0,0,0,0.00858,0,1.29608,0.06295,0,0,0,0,0.27116,0,0,0,0.39537,0,0,0,0,0,0,0,0,0,0,0,0
"4071_2",0,0,0,0,0,0,0,0,0,0,0,0,0,0,0,0,0,0.01373,1.2949,0.14334,0.05302,0.06648,0.25207,0,4.12525,0.05043,0,0,0,0,0,0,0,0,0,0,0,0,0.45093,0,0,0,0.10585,0,0.0044,0,0,0.83474,0.82929,0,0,0,8.9113,0,0,0,0,0,0.34369,0,0,0,0.00685,0,3.14838,0,0,0,0,0,0,0,0,0,0,0,0,0,0,0,0,0,5.15056,1.3187,15.02315,19.14733,0,0.93365,0,0,0,0,0,0,0,0,0.23568,0,0,0.00931,0,0,0,0.0284,0,0.06375,0.00261,0,0.02592,0,0.00618,0,0,0,0,0,0,0,0,0,0,0,0,0,0,0,0,0,0,0,0,0,0,0,0,0,0,0,0,0,0,0,0,0,0,0,0,0.00179,0,0,0,0,0,0,0,0,0,0,0,0,0,0,0,0,0,0,0,0,0.12576,0.13235,0,0,0,0,0.00677,0,0,0,0,0,0,0,0,0,0,0,0,0,0,0,0,0,0,0,0,0,0.00125,0,0,0,0,0.61597,0,0,0,0,0,0,0,0,0,0,0,0,0,0,0,0,0,0,0,0,0,0,0,0,0,0,0.00969,0,0,0,0,0,0,0,0,0.03496,0,0,0,0,0,0,0,0,0,0.15393,0,0.18751,0.13223,0,0,0,0,0,0,0,0,0,0,0,0,0,0,0,0.04876,0.13073,0,0,0,0,0.01008,0,0,0,0,0,0,0,0,0,0,0,0,0,0.03702,0,5.91796,0.50097,0,0.08874,6.41338,1.95226,0.00816,0,0,0,1.69645,0,0,0,0,0,0,0.85044,0,0,0.02103,5.30965,3.29135,0.05264,0,0,0,0,0.04852,0.02339,0.09067,0,0,0,0.00062,0.05413,0.00196,0,0,0,0,0,0.17731,0.04659,0,0,0.27569,0,0,0,0,0,0,0,0,0,0.4365,0,0,0,0,0,0,0,0,0,0,0,0,0,0.60069,0,0,0,0,0.0085,0,0,0.00699,0.05967,0,0,0,0,0,0,0,0,0,0,0,0,0,0,0,0,0,0,0,0,0,0,0,0,0,0,0,0,0,0,0,0,0,0,0,0,0,0,0,0,0,0,0,0,0,0,0,0,0,0,0,0,0,0,0,0,0,0,0,0,0,0,0,0,0.72802,0,0.02286,0,0.04211,0,0,0.38092,0,0,0,0,0,0,0,0,0,0,0,0,0,0,0,0,0,0.11077,0,0,0,0,0,0,0,0,0,0,0,0,0,0,0,0,0,0,0,0,0,0,0,0,0,0,0,0,0,0,0,0,0,0,0,0,0.00817,1.60934,0,0.42374,0.76371,0.07041,0,0,0.67805,0,0.05301,0,0,0,0,0,0.01129,0.00134,0,0,0,0,0,0,0,0,0.02564,0,0,0,0,0,0,0.16362,0,0,0,0,0,0,0,0,0,0,0,0,0,0,0,0,0.00498,0,0,0,0,0,0.66401,0.04263,0,0,0,0,1.94055,0,0,0,0.11187,0,0,0,0,0,0,0,0,0,0,0,0
"4006_1",0,0.96474,0,0,0,0,0,0,0,0,0,0,0,0,0,0,0,0,0.26304,4.81812,0.25733,0.03106,0.2468,0.10702,4.75058,0.05339,0.2083,0,0,0,0,0,0,0,0,0,0,0,1.59154,0,0,0,0,0,0,0.10996,0,0.33445,0,0,0,0,2.06943,0,0,0,0,0,0,0,4.00085,0.36889,0,0,0.19756,0,0,0.63933,0,0,0,0,0,0,0,0,0,0,0,0,0,0,0,0.60585,19.38268,4.00751,0,3.03015,0,0,0,0,0,0,0,0,0,0,0,0,0,0,0,0.237,0,0,0,0,0.04817,0,0,0,0,0,0,0,0,0,0.22262,0,0,0,0,0,0,0,0,0.02691,0,3.09397,0,0,0,0,0,0,0,0,0,0,0,0,0,0,0.0074,0,0,0.07731,0,0,0,0,0,0,0,0,0,0,0,0,0,0,0,0,0,0,0,0,0,0.04079,0,0,0,0,0.04945,0,0,4.81411,0,0,0,0,0,0.24928,0,0,0.03367,0,0,0,0.28315,4.38862,0,0,0.00714,0,0,0,0,0,0,0,0,0,0,0,0,0,0.63051,0,0,0,0,0,0.23113,0,0,0,0,0,0,0,0,0,0,0,0,0,0,0,0,0,0,0,0,0,0,0.02963,0,0,0,0,0,0,0,0,0,0,0,0.09609,0.04336,0,0,0,0,0,0,0,0,0,0,0,0,0.28033,0,0,0.04393,0.24256,0,0,0,0,0.00547,0,0,0,0,0,0,0,0,0,0,0,0,0,0,0,0.81721,0.03983,0,0.0455,12.2414,4.42543,0,0,0,0,1.44543,0.0258,0,0,0,0,0,0.01369,0,0,0.01987,1.2025,0,0,0,0,0,0,0,0,0,0,0.15132,0,0,0.56543,0,0,0,0.9618,0.60843,0,0.84345,0.29616,0.22602,0,0,0.05121,0,0,0,0.78333,0,0,0,0,0.32616,0,0.02533,0,0,0,0.00183,0,0,0,0,0,0,0,0.15298,0,0,0,0,0.06339,0,0,0,0,0,0,0,0,0,0,0,0,0,0,0,0,0,0,0,0,0,0,0,0,0,0,0,0,0,0,0,0,0,0,0,0,0,0,0,0,0,0,0,0,0,0,0,0,0,0,0,0,0,0,0,0,0,0,0,0,0,0,0,0,0,0,0,0,0.66259,0,0.36388,0,0.12424,0,0,1.61579,0,0,0,0,0,0,0,0,0,0,0,0,0,0,0,0,0,0,0,0,0,0,0,0,0,0,0,0,0,0,0,0,0,0,0,0,0,0,0,0,0,0,0,0,0,0,0,0,0,0,0,0,0,0,0,0.61993,0,0,0,0,0,0,0,0,0.1372,0,0,0,0,0,0,0,6.7355,0,0,0,0,0,0,0,0,0,0,0,0,0,0,0.07953,0,0,0,0,0,0,0,0,0,0,0,0,0,0,0,0,0,0,0,0,0,0,0.89709,0,0,0,0,0,0.20954,0,0,0,0,0,0,0,0,0,0,0,0,0,0,0,0
"4071_1",0,0,0,0,0,0,0,0,0,0,0,0,0,0,0,0,0,0.01426,2.83399,0.08124,0.0217,0.24773,0.22771,0,2.51303,0.06194,0,0,0,0,0,0,0,0,0,0,0,0,0.44556,0,0,0,0.13454,0,0.01166,0,0,0.64482,0.15955,0,0,0,5.66889,0,0,0,0,0,0.32924,0,0,0,0,0,0.48891,0,0,0,0,0,0,0,0,0,0,0,0,0,0,0,0,0,2.92792,1.10057,8.09868,12.66681,0,0.47572,0,0,0,0,0,0,0,0,0.12195,0,0,0.00319,0,0,0,0.01978,0,0.03456,0.0105,0,0.06228,0,0.00316,0,0,0,0,0,0,0,0,0,0,0,0,0,0,0,0,0,0,0,0,0,0,0,0,0,0,0,0,0,0,0,0,0,0,0,0,0,0,0,0,0,0,0,0,0,0,0,0,0,0,0,0,0,0,0,0,0,0.24384,0.0637,0,0,0,0,0,0,0,0,0,0,0,0,0,0,0,0,0,0,0,0,0,0,0,0,0,0,0,0,0,0,0,0.32569,0,0,0,0,0.00904,0,0,0,0,0,0,0,0,0,0,0,0,0,0,0,0,0,0,0,0,0,0.37503,0,0,0,0,0,0,0,0,0.06149,0,0,0,0,0,0,0,0,0,0.00521,0,0.17432,0.18582,0,0,0,0,0,0,0,0,0,0,0,0,0,0,0.00585,0.15768,0.26551,0,0,0,0,0.01312,0,0,0,0,0,0,0,0,0,0,0,0,0,0,0,4.86786,0.53898,0,0.25027,4.2466,6.13074,0.00045,0,0,0,0.02169,0,0,0,0,0,0,0.71851,0,0,0.06032,3.67971,3.26963,0.02392,0,0,0,0,0.02067,0.04454,0.08621,0,0,0.01367,0.00359,0.03223,0.01078,0.02714,0,0,0,0,1.43193,0.28666,0,0,0.68829,0,0,0,0,0,0,0,0,0,0.52347,0,0,0.03646,0,0,0,0,0,0,0,0,0,0,0.52804,0,0,0,0,0.00485,0,0,0,0.00266,0,0,0,0,0,0,0,0,0,0,0,0,0,0,0,0,0,0,0,0,0,0,0,0,0,0,0,0,0,0,0,0,0,0,0,0,0,0,0,0,0,0,0,0,0,0,0,0,0,0,0,0,0,0,0,0,0,0,0,0,0,0,0,0,0.18538,0,0.00364,0,0.0122,0,0,0.26213,0,0,0,0,0,0,0,0,0,0,0,0,0,0.00031,0,0,0,0.04493,0,0,0,0,0,0,0,0,0,0,0,0,0,0,0,0,0,0,0,0,0,0,0,0,0,0,0,0,0,0,0,0,0,0,0,0,0.0012,26.21754,0,0.1468,0.37187,0.04422,0,0,0.71552,0,0.22621,0,0,0,0,0,0.02205,0,0,0,0,0,0,0,0.00103,0,0.10495,0,0,0,0,0,0,0.69362,0.01019,0,0,0,0,0,0,0,0,0,0,0,0,0,0,0,0,0,0,0,0,0,0.76634,0.03888,0,0,0,0,1.17275,0,0,0,0.11215,0,0,0,0,0,0,0,0,0,0,0,0
"4070_4",0,0,0,0,0,0,0,0,0,0,0,0,0,0,0,0,0,0,6.47616,0.83538,0,0,0.30103,0,1.58747,0,0,0,0,0,0,0,0,0,0,0,0,0,0,0,0,0,0,0,0.01744,0,0.03322,0,0,0,0,0,0,0,0,0,0,0,1.39977,0,0,0,0.15696,0,0.40714,0,0,0,0,0,0,0,0,0,0,0,0,0,0,0,0,0,0,1.08562,2.57319,8.10324,0,0,0,0,0,0,0,0,0,0,0,0,0,0,0,0,0,7.33372,0,0,0.30754,0,0,0,0,0,0,0,0,0,0,0,0,0,0,0,0,0,0,0,0.21165,0.23053,0,0,0.09606,0,0,0,0,0,0,0,0,0,0,0,0,0,0,0,0,0.05526,0,0,0,0,0,0,0,0,0,0,0,0,0,0,0,0,0,0,0,0,0.03434,0,0,0,0.01675,0,0.27856,0,0.0712,16.9201,0,0,0,0,0,0,0,0,0.23148,0,0,0,0,0,0,0,0,0,0,0,0,0,0,0,0,0,0,0,0,0,0,0,0,0,0,0,0,0,0.26457,0,0,0,0,0,0,0.30726,0,0,0,0,0,0,0,0,0,0,0.00851,0,0,0.30385,0,0,0,0,0,0,0,0,0,0,0,0,0,0,0,0,0,0,0,0,0,0,0,0,0,0,0,0,0.55161,0,0.27054,0,0,0,0,0,0,0,0,0,0,0,0,0,0,0,0,0,0,0,0,1.89374,0,0,2.3984,1.71875,0,0,0,0,6.92401,0,0,0,0,0,0,2.85995,0,0,0.04069,10.67093,0,0,0,0,0,0,0.05325,0.17601,0.11863,0.15302,0,0.03157,0,0,2.72531,0.58481,0.11073,0,0,0,0,0,0,0,0,0,0.06691,0,0,0,0,0,0,0,0,0,0,0.02189,0,0,2.49362,0,0,0,0,0,0,0,0.6149,0,0,0,0,0,0,0,0,0,0,0,0,0,0,0,0,0,0.13929,0,0,0,0,0,0,0,0,0,0,0,0,0,0,0,0,0,0,0,0,0,0,0,0,0,0,0,0,0,0,0,0,0.04074,0,0,0,0,0,0,0,0,0.05865,0,0,0,0,0,0,0.19902,0,0,0,0,0,0,0.14029,0,0.18444,0,0,0,0,1.1149,0,0,0,0,0,0,0,0,0.02263,0,0,0,0,0.86931,0,0,0,0,0,0,0,0,0,0,0,0,0,0,0,0,0,0,0,0,0,0,0,0,0,0,0,0,0.12247,0,0,0,0,0,0,0,0,0,0,0,0.05923,1.66323,0.17451,0.1459,0,0,0,0,0,0,0,0,0,0.01457,0,0,0.23479,0,0,0,0,0.15497,0.15067,1.04711,0,0,0,0,0,0,0,0,0,8.34968,0.21718,0,0,0,0.00179,0,0,0,0,0,0,0,0,0,0,0,0,0,0,0,0,0,0.00401,0,0,0,0,0,0,0,0,0,0.76334,0,0,0,0,0,0,0,0,0,0,0,0
"4070_3",0,0,0,0,0,0,0,0,0,0,0,0,0,0,0,0,0,0,4.64866,0.54228,0,0,0.33062,0,0.6628,0,0,0,0,0,0,0.01132,0,0,0,0,0.00216,0,0,0,0,0,0,0,0.12406,0,0,0,0,0,0,0,0,0,0,0,0,0,0.22637,0,0,0,0.05011,0,1.64145,0,0,0,0,0,0,0,0,0,0,0,0,0,0,0,0,0,0,0.73566,2.42526,3.12376,0,0,0,0,0,0,0,0,0,0,0,0,0,0,0,0,0,12.93083,0,0,0.99725,0.00638,0,0,0,0,0,0,0,0,0,0,0,0,0,0,0,0,0,0,0.0112,0,0,0,0.36266,0,0,0,0,0,0,0,0,0,0,0,0,0,0.04212,0,0,0.09002,0,0,0.01047,0,0,0,0,0,0,0,0.02199,0,0.02014,0,0,0,0,0,0,0,0.06653,0,0,0,0,0,0.18798,0,0.09447,22.5057,0,0,0,0,0,0,0,0,0.13791,0,0,0,1.70913,0,0,0,0,0,0,0,0,0,0,0,0,0,0,0,0,0,0,0,0,0,0,0,0,0,0.38767,0,0,0,0,0,0,0.00717,0.44668,0,0,0,0,0,0,0,0,0,0.16975,0,0,1.08848,0,0,0,0,0,0,0,0,0,0,0,0,0,0,0,0,0,0,0,0,0,0,0,0,0,0,0,0,0.3679,0,0.25494,0,0,0,0,0.03539,0,0,0,0,0,0,0,0,0,0.03382,0,0,0,0,0,2.00173,0,0,3.11654,7.92985,0,0,0,0,0.73033,0,0,0,0,0,0,0.90624,0,0,0,3.81441,0,0,0,0,0,0,0.02225,0.12755,0.02865,0.05184,0,0.28766,0,1.01891,2.86872,1.30079,0.04304,0,0,0,0,0,0,0,0,0,0.21596,0,0,0,0,0,0,0,0,0,0,0,0,0,5.27293,0,0,0.28704,0,0.13908,0,0,0.7438,0,0,0,0,0.10443,0.19797,0,0,0,0,0,0,0,0,0.01324,0,0,0.97247,0,0,0,0,0,0,0,0,0,0,0,0,0,0,0.07304,0,0,0,0,0,0,0,0,0,0,0,0,0,0,0,0,0,0.04321,0,0,0,0,0,0,0,0,0.46445,0,0,0,0,0,0,0.30124,0,0,0,0,0,0,0.10529,0,0.22618,0,0,0,0,0.06371,0,0,0,0,0,0,0,0,0,0,0,0,0,0.57257,0,0,0,0,0,0,0,0,0,0,0,0,0,0,0,0,0,0,0,0,0,0,0,0,0,0,0,0,0.10004,0,0,0,0,0,0,0,0,0,0,0,0.12621,2.23144,0.04219,0.29231,0,0,0,0,0,0,0,0,0,0.00611,0,0.00306,0.63098,0,0,0,0,0.40536,0.14647,1.17269,0,0,0,0,0,0,0,0,0,2.45897,0.30549,0,0,0.04907,0.27477,0,0,0,0,0,0,0,0,0,0,0,0.15447,0,0,0,0,0,0.55967,0,0,0,0,0,0,0,0,0.05872,0.42585,0,0,0,0,0,0,0,0,0,0,0,0
"4070_2",0,0,0,0,0,0,0,0,0,0,0,0,0,0,0,0,0,0,4.33514,2.47464,0,0.08008,0.62223,0,3.25453,0,0,0,0,0,0,0.08732,0,0,0,0,0,0,0,0,0,0,0,0,0,0,0,0,0,0,0,0,0,0,0,0,0,0,1.11997,0,0,0,0.16389,0,2.58183,0,0,0,0.06111,0,0,0,0,0,0,0,0,0,0,0,0,0,0,1.8951,14.56003,8.13544,0,0,0,0,0,0,0,0,0,0,0,0,0,0,0,0,0,1.40927,0,0,0.48043,0.01237,0,0,0,0,0,0,0,0,0,0,0,0,0,0,0,0,0,0,0.36524,0.53172,0,0,1.79717,0,0,0,0,0,0,0,0,0,0,0,0,0,0,0,0,0.03559,0,0,0,0,0,0,0,0,0,0,0,0,0.0063,0,0,0,0,0,0,0,0.03673,0.04183,0,0,0,0,0.01018,0,0.05515,20.80564,0,0,0,0,0,0,0,0.19168,0.16469,0,0,0,1.28069,0,0,0,0,0,0,0,0,0,0,0,0,0,0,0,0,0,0,0,0,0,0,0,0,0,0.30857,0,0,0,0,0,0,0,2.53021,0,0,0,0,0,0,0,0,0,0,0,0,0.67547,0,0,0,0,0,0,0,0,0,0,0,0,0,0,0,0,0,0,0,0,0,0,0,0,0,0,0,0,0.2878,0,0.11239,0,0,0,0,0,0,0,0,0,0,0,0,0,0,0,0,0,0,0,0,1.20596,0,0,1.45203,2.0512,0,0,0,0,1.28814,0,0,0,0,0,0,0.37125,0,0,0,4.94223,0,0,0,0,0,0,0.07874,0.08021,0,0.05572,0,0.04946,0,1.9647,2.22756,0.12714,0,0,0,0,0,0,0,0,0,0,0.01289,0,0,0,0,0,0,0,0,0,0,0.21502,0,0,1.84807,0,0,0.17507,0,0.02181,0,0,0.61906,0,0,0,0,0,0.00651,0,0,0,0,0,0,0,0,0,0,0,0.44342,0,0,0,0,0,0,0,0,0,0,0,0,0,0,0,0,0,0,0,0,0,0,0,0,0,0,0,0,0,0,0,0,0.09122,0,0,0,0,0,0,0,0,0.35332,0,0,0,0,0,0,0.14741,0,0,0,0,0,0,0.36656,0,0.16991,0,0,0,0,1.31524,0,0,0,0,0,0,0,0,0.05191,0,0,0,0,1.31269,0,0,0,0,0,0,0,0,0,0,0,0,0,0,0,0,0,0,0,0,0,0,0,0,0,0,0,0,0.39623,0,0,0,0,0,0,0,0,0,0,0,0,0.25509,0.3575,0,0,0,0,0,0,0,0,0,0,0,0,0,0.29566,0,0,0,0,0.19345,0.194,0.1874,0,0,0,0,0,0,0,0,0,3.36787,0.35371,0,0,0,0.07784,0,0,0,0,0,0,0,0,0,0,0,0.07942,0,0,0,0,0,0.11601,0,0,0,0,0,0,0,0,0,0.57093,0,0,0,0,0,0,0,0,0,0,0,0
"4070_1",0,0,0,0,0,0,0,0,0,0,0,0,0,0,0,0,0,0.01109,2.3688,0.07003,0,0,0.05419,0,0.36809,0,0,0,0,0,0,0,0,0,0,0,0.02478,0,0,0,0,0,0,0,0.11617,0,0.03454,0,0,0,0,0,0,0,0,0,0,0,0.04107,0,0,0,0.03759,0,0.06869,0,0,0,0.03697,0,0,0,0,0,0,0,0,0,0,0,0,0,0,0.13807,0.94744,0.53501,0,0,0,0,0,0,0,0,0,0,0,0,0,0,0,0,0,6.76162,0,0,1.06125,0.17648,0,0,0,0,0,0,0,0,0,0,0,0,0,0,0,0,0,0,0.0324,0.00444,0,0,0.00156,0,0,0,0,0,0,0,0,0,0,0,0,0,0,0,0,0.16891,0,0,0,0,0,0,0,0,0,0,0.04207,0,0,0,0,0,0,0,0,0,0.15998,0.00999,0,0,0.04282,0,0,0,0,54.19226,0,0,0,0,0,0,0,0.18854,0.15541,0,0,0,0.31582,0,0,0,0,0,0.00489,0,0,0,0,0,0,0,0,0,0,0,0,0,0,0,0,0,0,0,0.04146,0,0,0,0,0,0,0,0.10564,0,0,0,0,0,0,0,0,0,0.01846,0,0,1.2587,0,0,0,0,0,0,0,0,0,0,0,0,0,0,0,0,0,0,0,0,0,0,0,0,0,0,0,0,1.40017,0,0.28123,0,0,0,0,0.01184,0,0,0,0,0,0,0,0,0,0,0,0,0,0,0,2.47896,0,0,1.53227,0.77945,0.00282,0,0,0,0.53843,0,0,0,0,0,0,0.89721,0,0,0.4431,2.81039,0,0,0,0,0,0,0.02448,0.47634,0,0.1035,0,0.10803,0,0,1.10479,0.10776,0,0,0,0,0,0,0,0,0,0,0.57415,0,0,0,0,0,0,0,0,0,0,0.02233,0,0,0.65171,0,0,0.02199,0,0,0,0,2.63778,0,0,0,0,0,0.04026,0,0,0.02349,0,0,0,0,0,0,0,0,0.01029,0,0,0,0,0,0,0,0,0,0,0,0,0,0,0.01407,0,0,0,0,0,0,0,0,0,0,0,0,0,0,0,0,0,0,0,0,0,0,0,0,0,0,0.23063,0,0,0,0,0,0,1.69461,0,0,0,0,0,0,0.01857,0,0,0,0,0,0,0.03548,0,0,0,0,0,0,0,0,0,0,0,0,0,0.19803,0,0,0,0,0,0,0,0,0,0,0,0,0,0,0,0,0,0,0,0,0,0,0,0,0,0,0,0,0.00214,0,0,0,0,0,0,0,0,0,0,0,0,0.80149,0.88051,0.14578,0,0,0,0.04516,0,0,0,0,0,0.08525,0,0,0.30832,0,0,0,0,0.41461,0.20982,0.13526,0,0,0,0,0,0,0,0,0,6.33406,0.18159,0,0,0,0.1891,0,0,0,0,0,0,0,0,0,0,0.27126,0.92715,0,0.03269,0,0,0,0.0109,0,0,0,0,0,0,0,0,0.02468,0.10336,0.02747,0,0,0,0,0,0,0,0,0,0,0
"4069_4",0,0,0,0,0,0,0,0,0,0,0,0,0,0,0,0,0,0.11355,0,0,0,0,0,0,0.56631,0.201,0,0,0,0,0,0,0,0,0,0,0,0,0.90123,0,0,0,0,0,0.18678,0,0,0,0,0,0,0,7.53669,0,0,0,5.07107,0,1.28538,0,0,0,0,0,1.04084,0,0,0,0,0,0,0,0,0,0,0,0,0,0,0,0,0,2.04244,0.44819,5.28198,0,0,0.47803,0,1.57616,0,0,0,0,0,0,0.30303,0,0,0,0,0,0,0.08519,0,0.62953,0,0,0,0,0,0,0,0,0,0,0,0,0,0,0,0,0,0,0,0,0.06391,0,0,0,0,0,0,0,0,0,0,0,0,0,0,0,0,0,0,0,0,0,0,0,0,0,0,0,0,0,1.70736,0,0,0,0,0,0,0,0,0,0,0,0,0.06667,0,0,0.03084,0,0,12.21766,0,0,0,0,0,0,0,0,0,0,0,0,0,0,0,0,0,0,0,0,0,0,0,0,0,0,0,0,0,0,0,0,0,0,0,0,0,0,0,0,0,0,0,0,0,0,0,0.82473,0,0,0,0,0,0,0,0,0,0,0,0,0,0.44645,0,0,0,0,0,0,0,0,0,0,0,0.60974,0.3527,0,0,0,0,0,0,0,0,0,0,0,0.00934,0,0,0,0.25145,1.41057,0,0,0,0,0,0,0,0,0,0,0,0,0,0,0,0,0,0,0,0,0.58982,0.23565,0,0,3.67357,0,1.39206,0,0,0,0,0,0,0,0,0,0,0.28519,0,0,0,25.84827,0.06235,0,0,0,0,0,0,0,0,0,0,0,0,0,0,0,0,0,0,0,0,0,0,0,0,0,0.37739,0,0,0,0,0,0,0,0.17349,0,0,0,0,0,0,0,0,0,0,0.37971,0,0,0.21382,0,0,0,0,0.41538,0,0,0.24273,0,0,0,0,0,0,0,0,0.31388,0,0,0,0,0,0,0,0,0,0,0,0,0,0,0,0,0,0,0,0,0,0,0,0,0,0,0,0,0,0,0,0,0,0.07882,0,0,0,0,0,0,0,0,0,0,0,0,0,0,0,0,0,0,0,0,0,0,0,0,0.04794,0,0,0,0,0.09606,0,0,0,0.41696,0,0,0,0,0,0,0,0,0,0,0,0,0,0,0,0,0,0,0,0,0,0.17318,0,0,0,0,0,0,0,0,0,0,0,0,0,0,0,0,0,0,0,0,0,0,0,0,0,0,0,0,0.45172,0.31528,1.85099,7.38019,0.2474,0.05205,0,0,1.19392,0,0,0,0,0,0,0,0,0.09914,0,0,0,0,4.30991,0,0.02447,0,0,0,0,0,0,0,0,0.44677,0,0,0,0,0,0.01399,0,0,0,0,0,0,0,0,0,0,0,0,0,0,0,0,0.84046,0.07349,0,0,0,0,1.94514,0,0,0,0,0,0,0,0,0,0,0,0,0,0,0,0
"4055_3",0,0,0,0,0,0,0,0,0,0,0,0,0,0,0,0,0,0.0011,11.95652,5.47803,0.08784,0,1.68953,0,1.63559,0.02419,0,0,0,0,0,0,0,0,0,0,0.01662,0,0.47629,0,0,0,0,0,0,0,0,16.60652,0,0,0,0,0.95332,0,0,0,0.0453,0,0,0,0.0369,0.11411,0.00075,0,0.24537,0,0,0.00272,0,0,0,0,0,0,0,0,0,0,0,0,0,0,0,0.29923,3.74061,4.00526,0,2.69143,0,9.14432,0,0,0.69307,0,0,0,4.93616,0,0,0,0,0,0,0.0973,0,0.01455,0.00172,0,0.02694,0,0,0,0,0,0,0,0,0.02724,0.07613,0,0,0,0,0,0,0,0,0,0,0,0,0,0,0,0,0,0,0,0,0,0,0,0,0,0,0,0,0.00199,0,0,0,0,0,0,0,0,0,0,0.02186,0,0.08998,0,0,0,0,0,0,0,0,0,0,0,0,0,1.08764,0,0,1.9862,0.02037,0,0,0,0.83067,0,0,0,0,0,0,0,0.16385,0,0,0,0,0,0,0,0.06121,0.13236,0,0,0,0,1.4131,0,0,0,0,0,0,0,0,0,0,0,0,0,0,0,0,0,0,0,0,0,0,0,3.48051,0,0,0,0,0,0,0,0,0.50886,0,0,0.06967,0,0.00195,0,0,0,0,0,0.01506,0.17431,0.05701,0.00562,0,0,0,0,0,0,0,0.3029,0,0.13709,0,0,0,0,0.01489,0.0254,0,0,0,0,0.10997,0,0,0,0.15621,0,0,0,0,0,0,0,0,0,0.04438,0,0.00725,0.25932,0,0,0.13986,0.57188,0,0,0,0,0,0.01226,0,0,0.21618,0,0,0.02591,0,0,0,1.33581,0.01642,0,0,0,0,0,0.01177,0,0,0.00831,0.19835,0,0.21007,0.78668,0.05835,0,0,9.56017,0,0,0.39472,0.15664,0,0,0.71701,0,0.00476,0,0,0,0,0,0,0,0,0,0,0.00784,0,0,0.02955,0,0,0,0.00606,0.02448,0,0,0.09999,0,0,0,0,0.05448,0,0,0,0,0,0,0,0,0.0043,0,0,0,0,0,0,0,0,0,0,0,0,0,0,0,0,0,0,0,0,0,0,0,0,0,0,0,0,0,0,0,0,0,0,0,0,0.00032,0,0,0,0,0,0,0,0.02348,0.0868,0,0,0,0,0,0,0,0,0,0,0,0,0,0.56061,0,0.1154,0,0.62319,0,0,0.32812,1.15752,0,0,3.12728,0,0,0,0,0.10218,0,0,0,0,0,0.29071,0,0,0,0,0,0,0,0,0,1.28281,0,0,0,0,0,0,0,0,0.0893,0,0,0,0,0,0,0,0,0.008,0,0,0,0,0,0,0,0,0,0,0.00071,0.01711,0.04546,0,0,0,0,0,0,0,0,0.00831,0,0,0,0,0.00989,0,0,0,0.00943,0,0,0,0,0,0.17037,0,0,0,0,0,0,0,0.11269,0.25975,0,0,0,0.02131,0.00507,0,0,0,0,0,0,0,0,0,0,0.01053,0,0,0,0,0,0.328,0.01908,0,0.22836,0,0,0,0.00206,0,0,0,0,0,0,0,0,0,0,0,0,0,0,0
"4055_1",0,0,0,0,0,0,0,0,0,0,0,0,0,0,0,0,0,0.02206,23.06634,3.05188,0.01751,0.00451,0.96056,0,2.77537,0.09595,0,0,0,0,0,0,0.009,0,0,0,0.02911,0,0.26674,0,0,0,0,0,0,0,0,16.99275,0,0,0,0,2.50359,0,0,0,0.1316,0,0,0,0.05595,0.21023,0.0011,0,0.41534,0,0,0.08352,0,0,0,0,0,0,0,0,0,0,0,0,0,0,0,0.39732,2.87318,5.36129,0,3.24029,0,7.22454,0,0,1.06218,0,0,0,4.05174,0,0,0.0024,0,0,0,0.10499,0,0.07235,0,0,0.03087,0,0,0,0,0,0,0,0,0.05785,0.09259,0,0,0,0,0,0,0,0,0,0,0,0,0,0,0,0,0,0,0,0,0,0,0,0,0,0,0,0,0.00439,0,0,0,0.19658,0,0,0,0,0,0,0.02189,0,0.02507,0,0,0,0,0,0,0,0,0.00169,0,0,0,0,1.80686,0,0.00663,0.13016,0.00291,0,0,0,0.35966,0.00035,0.00419,0,0,0,0,0,0.07296,0,0,0,0,0,0,0,0.73566,0.07057,0,0,0,0,0.82476,0,0,0,0,0,0,0,0,0,0,0,0,0,0,0,0,0,0,0,0,0,0,0,0,0,0,0,0,0,0,0.00318,0,0.88563,0,0,0.10537,0,0.00395,0,0.1025,0,0,0,0.05262,0.21736,0.14274,0.13577,0,0,0,0,0,0,0,0.33202,0,0.26937,0,0,0,0,0.08086,0.1177,0,0,0.00214,0,0.13183,0,0,0,0.63079,0,0,0,0,0,0,0,0,0,0.03703,0,0.01683,0.07416,0,0,0.19312,0.08893,0,0,0,0,0.00504,0.09091,0,0,0.477,0,0,0.08427,0,0,0.03921,1.58189,0.03156,0.00137,0,0,0,0,0.04202,0,0,1.79296,0.08184,0,1.37349,0.12496,0.10397,0.00632,0,1.15965,0,0,0.49457,0.15372,0,0,0.04728,0,0.04872,0,0.01525,0,0,0,0,0,0.0345,0,0,0.0054,0,0,0.14565,0,0,0.00352,7e-04,0.00861,0,0,0.13306,0,0,0,0,0.06655,0,0,0,0,0,0,0,0,0.00552,0,0,0,0,0,0,0,0,0,0,0,0,0,0,0,0,0,0,0,0,0,0,0,0,0,0,0.00532,0,0,0,0,0,0,0,0,0,0,0,0,0,0,0,0,0,0.03474,0.06789,0,0,0,0,0,0,0,0,0,0,0,0,0,0.67332,0,0.04644,0,0.46533,0,0,0.4993,1.21281,0,0,1.91472,0,0,0,0,0.25148,0,0,0,0,0,0.7276,0,0,0,0,0,0,0,0,0,0.52991,0,0,0,0,0,0,0,0,0.0248,0,0,0,0,0,0,0,0,0.00666,0,0,0,0,0,0,0,0,0,0,0,0.05099,0.17923,0,0.04804,0,0,0.00327,0,0,0,0.0977,0,0,0,0,0.09284,0,0,0,0.07811,0,0,0.01666,0,0,0.3935,0,0,0,0,0,0,0,0.05664,0.38101,0,0,0,0.02167,0.02349,0,0,0,0,0,0,0,0,0,0,0,0,0,0,0,0,0.43808,0.02725,0,0.31174,0,0,0,0.00702,0,0,0,0,0,0,0,0,0,0,0,0,0,0,0
"4054_4",0,0,0,0,0,0,0,0,0,0,0,0,0,0,0,0,0,0,0,0,0,0,0,0,0,0,0,0,0,0,0,0,0,0,0,0,0,0,1.66869,0,0,0,0,0,0,0,0,8.43587,0,0,0,0,0,0,0,0,0,0,17.52714,0,0,0,0,0,6.71386,0,0,0,0,0,0,0,0,0,0,0,0,0,0,0,0,0,0,15.18437,31.03009,0,0,0,0,0,0,0,0,0,0,0,0.59108,0,0,0,0,0,0,0,0,0.12385,0,0,0,0,0,0,0,0,0,0,0,0,0,0,0,0,0.0294,0,0,0,0,0,0,0,0,0,0,0,0,0,0,0,0,0,0,0,0,0,0,0,0,0.03668,0,0,0,0,0,0,0,0.69712,0,0,0.00606,0,0,0,0,0,0,0,0,0,0,0,0,0,0,0,0,0,0,0,0,0,0,0,0,0,0,0,0,0,0,0,0,0,0,0,0,0,0,0,0,0,0,0,0,0,0,0,0,0,0,0,0,0,0,0,0,0,0,0,0,0,0,0,0,0.03178,0,0,0,0,0,0,0,0,0,0,0,0.0122,0,0,0,0,0,0,0,0,0,0,0,0,0,1.08411,0,0,0,0,0,0,0,0,0,0,0,0,0,0,0,0,0,0.80557,0,0,0,0.04295,0,0,0,0,0,0,0,0,0,0,0,0.00134,0,0,0.44332,0,5.92405,0,0,0,2.50412,0,0,0,0,0,0,0,0,0,0,0,0,0,0,0.00978,0,0.86629,0,0,0,0,0,0,0,0,0,0,0,0,0,0,0,0,0,0,0,0,0,0,0,0,0,0,0,0,0,0,0,0,0,0,1.53549,0,0,0,0,0,0,0,0,0,0,0.92926,0,0,2.3651,0,0,0,0,0,0,0,0,0,0,0,0,0,0,0,0,0,0,0,0,0,0,0,0,0,0,0,0,0,0,0,0,0,0,0,0,0,0,0,0,0,0,0,0,0,0,0,0,0,0,0,0,0,0,0,0,0,0,0,0,0,0,0,0,0,0,0,0,0,0,0,0,0,0,0,0,0,0,0,0,0,0,0,0,0,0,0,0,0,0,0,0,0,0,0,0,0,0,0,0,0,0,0,0,0,0,0,0,0,0,0,0,0,0,0,0,0,0,0,0,0,0,0,0,0,0,0,0,0,0,0,0,0,0,0,0,0,0.83954,0,0,0,0,0,0,0,0,0,0,0,0,0,0,0.0039,0,0,0,0.21743,0,0,0,0,0.33958,0,0,0,0,0,0,0,0,0,0,0,0,0,0,0,0,0,0,0,0,0,0,0,0,0,0,0,0,0,0,0,0,0,0,0,0,0,0,0,0,0,0,0,0,0,0,0,0,0,0,0,0
"4054_3",0,0,0,0,0,0,0,0,0,0,0,0,0,0,0,0,0,0,0,0,0,0,0,0,0,0,0,0,0,0,0,0,0,0,0,0,0,0,32.83917,0,0,0,0,0,0,0,0,1.76041,0,0,0,0,0,0,0,0,0,0,4.28603,0,0,0,0,0,0.80798,0,0,0,0,0,0,0,0,0,0,0,0,0,0,0,0,0,0,2.42551,1.89309,0,0,0,0,0,0,0,0,0,0,0,9.79016,0,0,0,0,0,0,0,0.00259,3.82269,0,0.10697,0,0,0,0,0,0,0,0,0,0,0,0,0,0,0,0,0,0,0,0,0,0,0,0,0,0,0,0,0,0,0.08962,0,0,0,0,0,0,0,0,0.04557,0,0,0,0,0,0,0,2.1337,0,0,0.39168,0,0,0,0,0,0,0,0.01883,0,0,0,0,0,0,0,0,0,0,0,0,0,0,0.00412,0,0,0,0,0,0,0,0,0,0,0,0,0,0,0,0,0,0,0,0,0,0,0,0,0,0,0,0,0,0,0,0,0,0,0,0,0,0,0,0,0,0,0,0,0,0,0,0,0,0,0,0,0,0.27033,0,0,0,0,0,0,0,0,0.02142,0,0,0,0,1.29219,0,0,0,0,0,0,0,0,0,0,0,0,0,0,0,0,0,2.01598,0,0,0,1.49424,0,0,0,0,0,0,0.00427,0,0,0,0,0.58732,0,0,0,0,0.23106,0,0.16614,0,14.26466,0,0,0,0,0,0,0,0,0.32387,0,0,0,0,0,0.10156,0,0.91487,0,0,0,0,0,0,0,0,0,0,0,0,0,0,0,0,0,0,0,0,0,0,0,0,0,0,0,0,0,0,0,0,0,0,5.48118,0,0,0,0,0,0,0,0,0,0,0.62381,0,0,3.06958,0,0,0,0,0,0,0,0,0,0,0,0,0,0,0.03741,0.0142,0,0,0,0,0,0,0,0,0,0,0,0,0,0,0,0,0,0,0,0,0,0,0,0,0,0,0,0,0,0,0,0,0,0,0,0,0,0,0,0,0,0,0,0,0,0,0,0,0,0,0,0,0,0,0,0,0,0,0,0,0,0,0,0,0,0,0,0,0,0,0,0,0,0,0,0,0,0,0,0,0,0,0,0,0,0,0,0,0,0,0,0,0,0,0,0,0,0,0,0,0,0,0,0,0,0,0,0,0,0,0,0,0,0,0,0,0,0,0,0,0.09399,3.13424,0,0,0,0,0,0,0,0,0,0,0,0,0,0,0,0,0,0,4.6018,0,0,0,0,0.80953,0,0,0,0,0,0,0,0.00186,0,0,0,0,0,0,0,0,0,0,0,0,0,0,0,0.02636,0,0,0,0,0,0,0,0,0,0,0,0,0,0,0,0,0,0,0,0,0,0,0,0,0,0,0,0
"4004_3",0,0,0,0,0,0,0,0,0,0,0,0,0,0,0,0,0,0.0049,0,0.20393,0,0,0.48268,0,3.60018,0.05567,0,0,0,0,0,0,0,0,0,0,0,0,0.03841,0,0,0,0,0,0,0,0,0,0,0,0,0,6.05879,0,0,0,0,0,1.34071,0,0,0,0,0,0.26553,0,0,0,0,0,0,0,0,0,0,0,0,0,0,0,0,0,22.71903,5.4851,26.92657,0.21619,0,6.503,0,0,0,0,0,0,0,0,0,0,0,0,0,0,0,0.63374,0,0,0,0,0.01563,0,0.00106,0,0,0,0,0,0.0425,0,0.19394,0,0,0,0,0,0,0,0,0,0,0,0,0,0,0,0,0,0,0,0,0,0,0,0,0,0.03197,0,0,0,0,0,0,0,0,0,0,0,0,0,0,0,0,0,0,0,0,0,0,0,0,0,0,0,0,0,0,0,0,0.58248,0,0,0,0,0,0,0,0,0,0,0,0,0,0,0,0,0,0,0,0,0,0,0,0,0,0,0,0,0,0,0,0,0,0,0,0,0,0,0,0,0,0,0,0,0,0.02437,0,0,0,0,0,0,0,0,0,0,0,0,0,0,0,0,0,0,0,0,0,0,0,0,0,0.01138,0.10172,0.00338,0,0,0,0,0,0,0,0,0,0,0,0,0,0,0.02496,0.28738,0,0,0,0,0,0,0,0.00267,0,0,0,0,0,0,0,0,0,0,13.57477,0,0.54333,0.01863,0,0.04457,0.2563,0.04429,0,0,0,0,0,0,0,0,0,0,0,0,0,0,0,1.75454,0.29958,0.00966,0,0,0,0,0.01387,0,0,0.09579,0.06215,0.00995,0.18141,0.24961,0.03323,0,0,0,0,0,0,0,0,0,0,0,0,0,0,0,0,0,0,0,0,0,0,0,0,0,0.00573,0,0,0,0,0,0,0,0.18241,0,0,0,0,0.01028,0,0,0,0,0,0,0,0,0,0,0,0,0,0,0,0,0,0,0,0,0,0,0,0,0,0,0.08585,0,0,0,0,0.19526,0,0,0,0,0.27083,0,0,0,0,0,0,0,0,0.0222,0,0,0,0,0,0,0,0,0.04393,0,0,0,0,0,0,0.1252,0,0,0,0,0,0,0.39565,0,0.04598,0,0.23569,0,0,0.85554,0,0,0,1.10817,0,0,0,0,0.01378,0,0,0,0,0.03423,0,0,0,0,0,0,0,0,0,0,0,0,0,0,0,0,0,0,0,0,0,0,0,0,0,0,0,0,0,0,0,0,0,0,0,0,0,0,0,0,0.04633,0.0657,0,0,0,0,0,0,0,0.00559,0,0,0,0,0,0,0.02418,0.11364,0.91644,0,0,0,0,1.98954,0,0.01257,0,0,0,0,0,0,0,0.01115,0,0,0,0,0,0,0,0,0,0,0,0,0,0,0,0,0,0,0,0,0,0,0.07484,0,0,0,0,0,0,0,0,0,0.05974,0,0,0,0,0,0,0,0,0,0,0,0
"4054_2",0,0,0,0,0,0,0,0,0,0,0,0,0,0,0,0,0,0,0,0,0,0,0,0,0,0,0,0,0,0,0,0,0,0,0,0,0,0,1.94966,0,0,0,0,0,0,0,0,4.03331,0,0,0,0,0,0,0,0,0,0,5.60055,0,0,0,0,0,4.2773,0,0,0,0,0,0,0,0,0,0,0,0,0,0,0,0,0,0,21.47458,18.03013,0,0,0,0,0,0,0,0,0,0,0,0.34314,0,0,0,0,0,0,0,0,0.0352,0,0,0,0,0,0,0,0,0,0,0,0,0,0,0,0,0,0,0,0,0,0,0,0,0,0,0,0,0,0,0,0,0,0,0,0,0,0,0,0,0,0.01115,0,0,0,0,0,0,0,1.34479,0,0,0.04025,0,0,0,0,0,0,0,0,0,0,0,0,0,0,0,0,0,0,0,0,0,0,0,0,0,0,0.01338,0,0,0,0,0,0,0,0,0,0,0,0,0,0,0,0,0,0,0,0,0,0,0,0,0,0,0,0,0,0,0,0,0,0,0,0,0,0.35234,0,0,0,0,0,0,0,0,0,0,0,0.06601,0,0,0,0,0,0,0,0,0,0,0,0,0,0.35681,0,0,0,0,0,0,0,0,0,0,0,0,0,0,0,0,0,0.32332,0,0,0,0.05913,0,0,0,0,0,0,0,0,0,0,0,0.03121,0,0,0,0,24.97046,0,0,0,1.87893,0,0,0,0,0,0,0,0,0.01082,0,0,0,0,0,0.34057,0,3.02506,0,0,0,0,0,0,0,0,0,0,0,0,0,0,0,0,0,0,0,0,0,0,0,0,0,0,0,0,0,0,0,0,0,0,1.52152,0,0,0,0,0,0,0,0,0,0,0.79571,0,0,0,0,0,0,0,0,0,0,0.14576,0,0,0,0,0,0,0.00075,0,0,0,0,0,0,0,0,0,0,0,0,0,0,0,0,0,0,0,0,0,0,0,0,0,0,0,0,0,0,0,0,0,0,0,0,0,0,0,0,0,0,0,0,0,0,0,0,0,0,0,0,0,0,0,0,0,0,0,0,0,0,0,0,0,0,0,0,0,0,0,0,0,0,0,0,0,0,0,0,0,0,0,0,0,0,0,0,0,0,0,0,0,0,0,0,0,0,0,0,0,0,0,0,0,0,0,0,0,0,0,0,0,0,0,0,0,0,0,0,0,1.0981,3.94852,0,0,0,0,0,0,0,0,0,0,0,0,0,0,0.16809,0,0,0,0.57644,0,0,0,0,3.17701,0,0,0,0,0,0,0,0,0,0,0,0,0,0,0,0,0,0,0,0,0,0,0,0,0,0,0,0,0,0,0,0,0,0,0,0,0,0,0,0,0,0,0,0,0,0,0,0,0,0,0,0
"4054_1",0,0,0,0,0,0,0,0,0,0,0,0,0,0,0,0,0,0,0,0,0,0,0,0,0,0,0,0,0,0,0,0,0,0,0,0,0,0,14.61831,0,0,0,0,0,0,0,0,10.12095,0,0,0,0,0,0,0,0,0,0,14.5809,0,0,0,0,0,3.12752,0,0,0,0,0,0,0,0,0,0,0,0,0,0,0,0,0,0,14.21889,13.92499,0,0,0,0,0,0,0,0,0,0,0,1.29342,0,0,0,0,0,0,0,0,0.24966,0,0.22521,0,0,0,0,0,0,0,0,0,0,0,0,0,0,0,0,0,0,0,0,0,0,0,0,0,0,0,0,0,0,0,0,0,0,0,0,0,0,0,0.02547,0,0,0,0,0,0,0,0.89662,0,0,0.07918,0,0,0,0,0,0,0,0,0,0,0,0,0,0,0,0,0,0,0,0,0,0,0,0,0,0,0.01514,0,0,0,0,0,0,0,0,0,0,0,0,0,0,0,0,0,0,0,0,0,0,0,0,0,0,0,0,0,0,0,0,0,0,0,0,0,0.00308,0,0,0,0,0,0,0,0,0,0,0,0.03508,0,0,0,0,0,0,0,0,0,0,0,0,0,0.13723,0,0,0,0,0,0,0,0,0,0,0,0,0.02595,0,0,0,0,1.23421,0,0,0,0.18876,0,0,0,0,0,0,0,0,0,0,0,0.3845,0,0,0,0,3.14639,0,0,0,4.7565,0,0,0,0,0,0,0,0,0.06848,0,0,0,0,0,0,0,4.67752,0,0,0,0,0,0,0,0,0,0,0,0,0,0,0,0,0,0,0,0,0,0,0,0,0,0,0,0,0,0,0,0,0,0,3.62455,0,0,0,0,0,0,0,0,0,0,1.09283,0,0,0,0,0,0,0,0,0,0,0.62059,0,0,0,0,0,0,0.05142,0,0,0,0,0,0,0.00767,0,0,0,0,0,0,0,0,0,0,0,0,0,0,0,0,0,0,0,0,0,0,0,0,0,0,0,0,0,0,0,0,0,0,0,0,0,0,0,0,0,0,0,0,0,0,0,0,0,0,0,0,0,0,0,0,0,0,0,0,0,0,0,0,0,0,0,0,0,0,0,0,0,0,0,0,0,0,0,0,0,0,0,0,0,0,0,0,0,0,0,0,0,0,0,0,0,0,0,0,0,0,0,0,0,0,0,0,0,0,0,0,0,0,0.23311,0.57089,0,0,0,0,0,0,0,0,0,0,0.02018,0,0,0,0.10709,0,0,0,2.7804,0,0,0,0,2.85731,0,0,0,0,0,0,0,0,0,0,0,0,0,0,0,0,0,0,0,0,0,0,0,0,0,0,0,0,0,0,0,0,0,0,0,0,0,0,0,0,0,0,0,0,0,0,0,0,0,0,0,0
"4052_4",0,0,0,0,0,0,0,0,0,0,0,0,0,0,0,0,0,0,0,0,0,0,0,0,0,0,0,0,0,0,0,0,0,0,0,0,0,0,0.00315,0,0,0,0,0,0,0,0,0,0,0,0,0,0,0,0,0,0,0,12.68695,0,0,0,0,0,2.23353,0,0,0,0,0,0,0,0,0,0,0,0,0,0,0,0,0,0,15.96372,0,0,0.79794,0,0,0,0,0,0,0,0,0,0,8.84291,0,0,0,0,0,0,0.0115,0,0,0,0,0,2.44529,0,0,0,0,0,0,0,0,0,0,0,0,0,0,0,0,0,0,0,0,0,0,0,0.03632,0,0,0,0,0,0,0,0,0,0,0,0,0,0,0,0,0.04808,0,0,0,0,0,0,0.50019,0,0,0,0,0,0,0,0,0,0,0.30042,0,0,0,0,0,0,0,0,0,0,0,0,0,0,0,0,0,0,0,0,0,0,0,0,0,0,0,0,0,0,0,0,0,0,0,0,0,0,0,0,0,0,0,0,0,0,0,0,0,0,0,0,0,0,0,0,0,0,0,0,0,0,0,0,0,0,0,0,0,0,0,0,0,0,0,0,0,0,0,0,0,0,0,0,0,0,0,0,0,0,0,0,0,0.46697,0,0,0,0,0,0,0,0,0,0,0,0,0,0,0,0,0,0,0,0.50895,0,0,0,0,31.35706,0,0,0,0,0,0,0,0,0,0,0,0,0,0,0,0,1.97479,0,0,0,1.96445,0,0,0,0,0,0,0,0,0,0,0,0,0,0,0,0,0,0,0,0,0,0,0,0,0,0,0,0,0,0,0,0,0,0,0,0,0,0,0,0,0,0,0,0,0,0.71705,0,0,13.32416,0,0,0,0,0,0,0,0,0,0,0,0,0,0,0,0,0.16951,0,0,0,0,0,0,0,0,0,0,0,0,0,0,0,0,0,0,0,0,0,0,0,0,0,0,0,0,0,0,0,0,0,0,0,0,0,0,0,0,0,0.05684,0,0,0,0,0,0,0,0,0,0,0,0,0,0,0,0,0,0,0,0,0,0.36824,0,0,0,0,0,0,0,0,0,0,0,0,0,0,0,0,0,0.07665,0,0,0,0,0,0,0,0,0,0,0,0,0,0,0,0,0,0,0,0,0,0,0,0,0,0,0,0,0,0,0,0,0,0,0,0,0,0,0,0,0,0,0,0,0,0,0,0,0,0,0,0,0,0,0,0,0,4.7544,0,0,0,0,0,0,0,0,0,0,0,0,0.15612,0,0,0,0,0,0,0,0,0,0,0,0.13413,0,0,0.00365,0.09051,0,0,0,0,0,0,0,0,0.00652,0,0,0,0,0,0,0,0,0,0,0,0,0,0,0,0,0,0,0
"4052_3",0,0,0,0,0,0,0,0,0,0,0,0,0,0,0,0,0,0,0,0,0,0,0,0,0,0,0,0,0,0,0,0,0,0,0,0,0,0,0,0,0,0,0,0,0,0,0,0,0,0,0,0,0,0,0,0,0,0,33.67896,0,0,0,0,0,5.0215,0,0,0,0,0,0,0,0,0,0,0,0,0,0,0,0,0,0,39.49718,0,0,2.17634,0,0,0,0,0,0,0,0,0,0,0.51261,0,0,0,0,0,0,0,0,0,0,0,0,0.1932,0,0,0,0,0,0,0,0,0,0,0,0,0,0,0,0,0,0,0,0,0,0,0,0,0,0,0,0.11671,0,0,0,0,0,0,0,0,0,0,0,0,0.07187,0,0,0,0,0,0,0.28468,0,0,0,0,0,0,0,0,0,0,0.06549,0,0,0,0,0,0,0,0,0,0,0,0,0,0,0,0,0,0,0,0,0,0,0,0,0,0,0,0,0,0,0,0,0,0,0,0,0,0,0,0,0,0,0,0,0,0,0,0,0,0,0,0,0,0,0,0,0,0,0,0,0,0,0,0,0,0,0,0,0,0,0,0,0,0,0,0,0,0,0,0,0,0,0,0,0,0,0,0,0,0,0,0,0,0.8295,0,0,0,0,0,0,0,0,0,0,0,0,0,0,0,0,0,0,0,0.10055,0,0,0.42309,0,0.69683,0,0,0,0,0,0,0,0,0,0,0,0,0,0,0,0,0,0,0,0,3.23639,0,0,0,0,0,0,0,0,0,0,0,0,0,0,0,0,0,0,0,0,0,0,0,0,0,0,0,0,0,0,0,0,0,0,0,0,0,0,0,0,0,0,0,0,0,1.26242,0,0,0.51726,0,0,0,0,0,0,0,0,0,0,0,0,0,0,0,0,0,0,0,0,0,0,0,0,0,0,0,0,0,0,0,0,0,0,0,0,0,0,0,0,0,0,0,0,0,0,0,0,0,0,0,0,0,0,0,0,0,0,1.78067,0,0,0,0,0,0,0,0,0,0,0,0,0,0,0,0,0,0,0,0,0,6.57044,0,0,0,0,0,0,0,0,0,0,0,0,0,0,0,0,0,1.48909,0,0,0,0,0,0,0,0,0,0,0,0,0,0,0,0,0,0,0,0,0,0,0,0,0,0,0,0,0,0,0,0,0,0,0,0,0,0,0,0,0,0,0,0,0,0,0,0,0,0,0,0,0,0,0,0,0,0.3509,0,0,0,0,0,0,0,0,0,0,0,0,0.07491,0,0,0,0,0,0,0,0,0,0,0,0.03998,0,0,0,0.0022,0,0,0,0,0,0,0,0,1.00723,0,0,0,0,0,0,0,0,0,0,0,0,0,0,0,0,0,0,0
"4052_2",0,0,0,0,0,0,0,0,0,0,0,0,0,0,0,0,0,0,0,0,0,0,0,0,0,0,0,0,0,0,0,0,0,0,0,0,0,0,0.00219,0,0,0,0,0,0,0,0,0,0,0,0,0,0,0,0,0,0,0,27.04927,0,0,0,0,0,2.36614,0,0,0,0,0,0,0,0,0,0,0,0,0,0,0,0,0,0,28.4987,0,0,1.07026,0,0,0,0,0,0,0,0,0,0,3.22624,0,0,0,0,0,0,0,0,0,0,0,0,0.18556,0,0,0,0,0.05182,0,0,0,0,0,0,0,0,0,0,0,0,0,0,0,0,0,0,0.03709,0,0,0,0,0,0,0,0,0,0,0,0,0.10133,0,0,0,0.00937,0,0,0,0,0,0,0.05234,0,0,0,0,0,0,0,0,0,0,0.4866,0,0,0,0,0,0,0,0,0,0,0,0,0,0,0,0,0,0,0,0,0,0,0,0,0,0,0,0,0,0,0,0,0,0,0,0,0,0,0,0,0,0,0,0,0,0,0,0,0,0,0,0,0,0,0,0,0,0,0,0,0,0,0,0,0,0,0,0,0,0,0,0,0,0,0,0,0,0,0,0,0,0,0,0,0,0,0,0,0,0,0,0,0,0.43158,0,0,0,1.14533,0,0,0,0,0,0,0,0,0,0,0,0,0,0,0,0.10124,0,0,0.14288,0,15.44103,0,0,0,0,0,0,0,0,0,0,0,0,0,0,0,0,0.34705,0,0,0.69292,3.82306,0,0,0,0,0,0,0,0,0,0,0,0,0,0,0,0,0,0,0,0,0,0,0,0,0,0,0.09409,0,0,0,0,0,0,0,0,0,0,0,0,0,0,0,0,0,0,0.59279,0,0,6.59343,0,0,0,0,0,0,0,0.02829,0,0,0,0,0,0,0,0,0,0,0,0,0,0,0,0,0,0,0,0,0,0,0,0,0,0,0,0,0,0,0,0,0,0,0,0,0,0,0,0,0,0,0,0,0,0,0,0,0,0,1.7125,0,0,0,0,0,0,0,0,0,0,0,0,0,0,0,0,0,0,0,0,0,2.9272,0,0,0,0,0,0,0,0,0,0,0,0,0,0,0,0,0,0.60658,0,0,0,0,0,0,0,0,0,0,0,0,0,0,0,0,0,0,0,0,0,0,0,0,0,0,0,0,0,0,0,0,0,0,0,0,0,0,0,0,0,0,0,0,0,0,0,0,0,0,0,0,0,0,0,0,0,0.48807,0,0,0,0,0,0,0,0,0,0,0,0,0,0,0,0,0,0,0,0,0,0,0,0,0.39993,0,0,0.01693,0.15055,0,0.00237,0,0,0,0,0,0,0.87749,0,0,0,0,0,0,0,0.02058,0.00265,0.0018,0.21817,0,0.00456,0,0,0,0,0,0
"4052_1",0,0,0,0,0,0,0,0,0,0,0,0,0,0,0,0,0,0,0,0,0,0,0,0,0,0,0,0,0,0,0,0,0,0,0,0,0,0,0.00704,0,0,0,0,0,0.05476,0,0,0,0,0,0,0,0,0,0,0,0,0,20.73594,0,0,0,0,0,2.96886,0,0,0,0,0,0,0,0,0,0,0,0,0,0,0,0,0,0,24.2121,0,0,0.91591,0,0,0,0,0.88302,0,0,0,0,0,13.54699,0,0,0,0,0,0,0,0,0,0.01867,0,0,0.47475,0,0,0,0,0.00044,0,0,0,0,0,0,0,0,0,0,0,0,0,0,0,0,0,0,0.04067,0,0,0,0,0,0,0,0,0,0,0,0,0.31559,0,0,0,0.00966,0,0,0,0,0,0,0.03638,0,0,0,0,0,0,0,0,0,0,0.25322,0,0,0,0,0,0,0,0,0,0,0,0,0,0,0,0,0,0,0,0,0,0,0,0,0,0,0,0,0,0,0,0,0,0,0,0,0,0,0,0,0,0,0,0,0,0,0,0,0,0,0,0,0,0,0,0,0,0,0,0,0,0,0,0,0,0,0,0,0,0,0,0,0,0,0,0,0,0,0,0,0,0,0,0,0,0,0,0,0,0,0,0,0,0.54523,0,0,0,2.05202,0,0,0,0,0,0,0,0,0,0,0,0,0,0,0,0.10558,0,0,0.01577,0,12.5435,0,0,0,0,0,0,0,0,0,0,0,0,0,0,0,0,0.14114,0,0,0.15515,3.58599,0,0,0,0,0,0,0,0,0,0,0,0,0,0,0,0,0,0,0,0,0,0,0,0,0,0,0.08867,0,0,0,0,0,0,0,0,0,0,0,0,0,0,0,0,0,0,0.21306,0,0,6.92171,0,0,0,0,0,0,0,0.01034,0,0,0,0,0,0,0,0,0.0253,0,0,0,0,0,0,0,0,0,0,0,0,0,0,0,0,0,0.35303,0,0,0,0,0,0,0,0,0,0.1402,0,0,0,0,0,0,0,0,0,0,0,0,0,1.36296,0,0,0,0,0,0,0,0,0,0,0,0,0,0,0,0,0,0,0,0,0,0.89817,0,0,0,0,0,0,0,0,0,0,0,0,0,0,0,0,0,0.24398,0,0,0,0,0,0,0,0,0,0,0,0,0,0,0,0,0,0,0,0,0,0,0,0,0,0,0,0,0,0,0,0,0,0,0,0,0,0,0,0,0,0,0,0,0,0,0,0,0,0,0,0,0,0,0,0,0,1.15051,0,0,0,0,0,0,0,0,0,0,0,0,0.15179,0,0,0,0,0,0,0,0,0,0,0,3.23121,0,0,0,0.09569,0,0,0,0.68921,0,0,0,0,0.80579,0,0,0,0,0,0,0,0,0,0,0,0,0,0,0,0,0,0,0
"4051_4",0,0,0,0,0,0,0,0,0,0,0,0,0,0,0,0,0,0.0177,0,0.77655,0.4683,3.8614,1.7452,0,0,0.90914,0,0,0,0,0,0,0,0,0,0,0,0,1.62825,0,0,0,0,0,0,0,0,1.26235,0,0,0,0,11.93085,0,0,0.83384,0,0,0,0.26483,0,0,0,0,0,0,0,0,0,0,0,0.39515,0,0,2.74664,0,0.03869,0,0,0,0,0.51411,0,0,5.26846,0.49846,0.35259,6.55927,0,0,0,0,0,0,0,0,0.20866,0.45835,0,0,0,0,0,0.80771,0,0,0,0,0,0,0,0,0,0,0,0,0.00423,0,0.17187,0,0,0,0,0,0,0,0,0,0,0,0,0,0,0,0,0,0,0,0,0,0,0,0,0,0.03537,0,0,0.2468,0,0,0,0,0,0,0,0,0,0,0,0,0,0,0,0,0,0,0,0,0,0.03429,0,0,0,0,0.93179,0,0.19886,11.14254,0,0,0,0,0.10502,0,0,0,0,0,0,0,0.15632,0,0,0,0,0,0,0,0,0.08657,0.27825,0,0,0,0,0.01877,0,0,0,0,0,0,0,1.19712,0,0,0,0,0,0,0,0,0,0,0,0,0,0,0,0,0,0,0,0,0,0,0,0.48912,0,0,0,0,0,0,0,0,0,0.13688,0.02785,0.24366,0.26769,0.01572,0,0,0,0,0,0,0,0,0,0,0,0,0,0,0.04797,0.16371,0,0,0.64316,0,0,0.66872,0,0,0,0,0,0,0.04199,0,0,0,0,0,0,0,11.91675,1.50959,0,0.04515,0,3.40965,0.96126,0,0,0,0.10363,0.09757,0,0,0,0,0.23324,0.16063,0,0,0.00074,3.57625,0.63131,0.37235,0,0,0,0,0,0.00506,0,0.04075,0,0.06884,0.15672,0.94114,0.03965,0.04868,0,0,0,0,0.06604,0.01484,0,0,0,0,0.02616,0,0,0,0,0,0,0,0.47785,0,0,0.0013,0,0,0.05419,0,0,0,0,0,0,0,0.72612,0,0,0,0,0.04242,0.02135,0,0,0,0,0,0,0,0,0,0,0,0,0,0,0,0,0,0,0,0,0,0,0,0,0,1.98903,0,0,0,0,0,0,0,0,0,0,0,0,0,0,0,0,0,0,0.03281,0,0,0,0,0,0,0,0,0.10544,0,0,0.04632,0,0,0,0,0,0,0,0,0,0,0.38923,0,0.52215,0,0,0,0,2.26645,0.5351,0,0,0,0,0,0,0,0.00707,0,0,0,0,0,0.40867,0,0,0.64413,0,0,0,0,0,0,0,0,0,0,0,0,0,0,0,0,0,0,0,0,0,0,0,0,0,0.61156,0,0,0,0,0,0,0,0,0,0,0,0.29221,0.02949,0,0,0,0,0,0.36477,0,1.70161,0,0,0,0,0,0.1187,0,1.01362,0,0,0,0.04217,0,0,0,0,0,0,0,0,0,0,0.42289,0.00525,0,0,0,0.05392,0,0,0,0,0,0,0,0,0,0,0,0,0,0,0,0,0,3.01882,0,0,0,0,0,0,0,0.64525,0,0.08338,0,0,0,0,0,0,0,0,0,0,0,0
"4051_3",0,0,0,0,0,0,0,0,0,0,0,0,0,0,0,0,0,0.03094,0,1.43132,0.57467,4.91859,2.38707,0,0,2.2649,0,0,0,0,0,0,0,0,0,0,0.00319,0,4.17986,0,0,0,0,0,0.02641,0,0,0.87768,0,0,0,0,4.47483,0.43594,0,0.11167,0,0,0,0.09215,0,0,0,0,0,0,0,0,0,0,0,0.11589,0,0,1.35136,0,0.4961,0,0,0,0,1.05509,0,0,9.37818,0.03901,0.61757,5.27506,0,0,0,0,0,0,0,0,0.85207,1.00577,0,0,0,0,0,2.2596,0,0,0,0,0.01975,0,0,0,0,0,0,0,0.00321,0,0.12366,0,0,0,0,0,0,0,0,0,0,0,0,0,0,0,0,0,0,0,0,0,0,0,0,0,0.13647,0,0,0.29215,0,0,0,0,0,0,0,0,0.0169,0,0,0,0,0,0,0,0,0,0,0,0,0.01252,0,0,0,0,0.15936,0.00177,0.35766,14.03941,0,0,0,0,0.00648,0,0,0,0,0,0,0,0.43299,0,0,0,0,0,0,0,0,0,2.54539,0,0,0,0,0.07075,0,0,0,0,0,0,0,4.92508,0,0,0,0,0,0,0,0,0,0,0,0,0,0,0,0,0,0,0,0,0,0,0,1.139,0,0,0,0,0,0,0,0,0,0.327,0.0477,0.29377,0.16772,0.12524,0,0,0,0.00124,0,0,0,0,0,0,0,0,0,0,0.24377,0.20533,0.03339,0,0.38613,0,0,0.52524,0,0,0,0,0,0,0.0737,0,0,0,0,0,0.00305,0,5.7561,2.21745,0,0.14415,0,0.7169,0.32775,0.0216,0,0,0,0.01925,0,0,0,0,0.00815,0,0,0,0.00501,1.4504,0.57719,0.30755,0,0,0,0,0,0,0,0.19196,0,0.19248,0.33601,0.48728,0.43071,0.14242,0,0,0,0,3.09277,0.51869,0,0,0,0,0.08667,0,0,0,0,0,0,0,0,0,0,0.08112,0,0,0.04839,0,0,0,0,0,0,0,0.78328,0,0,0,0,0.12856,0.04991,0,0,0,0,0,0,0,0,0.00583,0,0,0,0,0,0,0,0,0,0,0,0,0,0,0,0,0.9395,0,0.00407,0,0,0,0,0,0,0,0,0,0,0,0,0,0,0,0,0.19488,0,0,0,0,0,0,0,0,0.53856,0,0,0.1193,0,0,0,0,0,0,0,0,0,0.01016,0.21638,0,0.17394,0,0,0,0,0.59392,0.33062,0,0,0,0,0,0,0,0,0,0,0,0,0,0.13358,0,0,0.24646,0,0,0,0,0,0,0,0,0,0,0,0,0,0,0,0,0,0,0,0,0,0,0,0,0,0.33295,0,0,0,0,0,0,0,0,0,0,0.01794,0.1752,0,0,0,0,0,0,0.10007,0,0.79175,0,0,0,0,0,0.2072,0,0.97771,0,0,0,0.28854,0.14038,0,0,0,0,0,0,0,0,0,0.88055,0.0793,0,0,0,0.04789,0,0,0,0,0,0,0,0,0,0,0,0,0,0,0,0,0,3.19055,0,0,0,0,0,0,0,0.17027,0,0,0,0,0,0,0,0,0,0,0,0,0,0
"4051_2",0,0,0,0,0,0,0,0,0,0,0,0,0,0,0,0,0,0,0,0.54603,0.33568,3.35278,1.13843,0,0,0.79676,0,0,0,0,0,0,0,0,0,0,0,0,1.7633,0,0,0,0,0,0,0,0,1.77781,0,0,0,0,10.18767,0,0,0.73769,0,0,0,0.29546,0,0,0,0,0,0,0,0,0,0,0,0.11575,0,0,1.998,0,0.07818,0,0,0,0,0.37753,0,0,5.72583,0.66479,0.39971,6.36299,0,0,0,0,0,0,0,0,0.25064,0.3525,0,0,0,0,0,0.95303,0,0,0,0,0,0,0,0,0,0,0,0,0.00441,0,0.08484,0,0,0,0,0,0,0,0,0,0,0,0,0,0,0,0,0,0,0,0,0,0,0,0,0,0,0,0,0.2985,0,0,0,0,0,0,0,0,0,0,0,0,0,0,0,0,0,0,0,0,0,0.01098,0,0,0,0,0.67511,0,0.05846,15.90483,0,0,0,0,0.06417,0,0,0,0,0,0,0,0.23439,0,0,0,0,0,0,0,0,0.12809,0.33243,0,0,0,0,0,0,0,0,0,0,0,0,2.91279,0,0,0,0,0,0,0,0,0,0,0,0,0,0,0,0,0,0,0,0,0,0,0,0.45874,0,0,0,0,0,0,0,0,0,0.14447,0.01483,0.30106,0.31693,0.02111,0,0,0,0,0,0,0,0,0,0,0,0,0,0,0.08602,0.09121,0,0,0.70397,0,0,0.92832,0,0,0,0,0,0,0.09806,0,0,0,0,0,0.10009,0,11.97284,1.66829,0,0.02861,0,3.06071,0.98871,0,0,0,0.13998,0.23575,0,0,0,0,0.18162,0.16854,0,0,0.01387,2.30756,0.44224,0.27757,0,0,0,0,0,0,0.0174,0.06279,0,0.08629,0.11115,1.13035,0.05541,0.03092,0,0,0,0,0.01241,0.04021,0,0,0,0,0.01318,0,0,0,0,0,0,0,0.41276,0,0,0.15585,0,0,0.02402,0,0,0,0,0,0,0,0.74047,0,0,0,0,0.03808,0.02654,0,0,0,0,0,0,0,0,0,0,0,0,0,0,0,0,0,0,0,0,0,0,0,0,0,2.12767,0,0,0,0,0,0,0,0,0,0,0,0,0,0,0,0,0,0,0.00201,0,0,0,0,0,0,0,0,0.13963,0,0,0.10025,0,0,0,0,0,0,0,0,0,0,0.19383,0,0.45684,0,0,0,0,2.00926,0.43863,0,0,0,0,0,0,0,0,0,0,0,0,0,0.28313,0,0,0.39103,0,0,0,0,0,0,0,0,0,0,0,0,0,0,0,0,0,0,0,0,0,0,0,0,0,0.57025,0,0,0,0,0,0,0,0,0,0,0,0.253,0.01039,0,0,0,0,0,0.2944,0,1.7388,0,0,0,0,0,0.11223,0,1.17134,0,0,0,0.01709,0,0,0,0,0,0,0,0,0,0,0.31729,0,0,0,0,0.05075,0,0,0,0,0,0,0,0,0,0,0,0,0,0,0,0,0,2.35786,0,0,0,0,0,0,0,0.33583,0,0,0,0,0,0,0,0,0,0,0,0,0,0
"4081_1",0,0,0,0,0,0,0,0,0,0,0,0,0,0,0,0,0,0.05697,1.47493,0.26929,0.05376,0,1.51276,0,5.80327,0.08536,0,0,0,0,0,0,0,0,0,0,0,0,0.55303,0,0,0,0,0,0.00426,0,0,0.96384,0.07259,0,0,0,0,0,0,0,0.7706,0,0,0,0,1.65829,0,0,0.23187,0,0,0.0381,0,0,0,0,0,0,0,0,0,0,0,0,0,0,8.05486,0.59721,6.06292,7.74889,0.18673,3.51131,0,0,0,0,0,0,0,0,0.24691,0,0,0.00035,0,0,0,0.31831,0,0.18943,0.10494,0,0.0575,0,0,0,0,0,0,0,0,0.02268,0.00396,0,0,0,0,0,0,0,0.00399,0.0099,0,0.00179,0,0,0,0,0,0,0,0,0,0,0,0,0,0,0.0709,0,0,0.02645,0,0,0,0,0,0,0,0,0,0,0,0,0,0,0,0,0,0,0,0,0.08278,0.05044,0,0,0,0,0.05779,0.43969,0,0,0,0.63786,0,0,0.14829,0.18119,0.01543,0.05191,0.02343,0,0,0,0,0.0021,0,0.67161,0,0,0,0,0,0,0,0,0,0,0,0,0,0,0,0,0,0,0,0,0,0.01308,0.05155,0,0,0,0,0,0,1.80989,0,0,0,0,0,0,0,0,0,0,0,0,0,0.31227,0,0,0,0,0,0,0,0,0,0,0,0.00762,0.23968,3.01843,2.06061,0,0,0,0,0,0,0,0,0,0.01103,0,0,0,0.04459,0.18002,0,0,0,0,0,0.00305,0,0,0,0,0,0,0,0,0,0,0,0,0,0,5.24886,0.09217,0,0.08929,0.09666,0,0.16156,0,0,0,3.81645,0.00173,0,0.02294,2.17875,0,0.03564,0.3873,0,0,0.02146,2.96761,3.84854,0.32794,0,0,0,0,0.0995,0,0.03491,0.10313,0.03321,0,0.0845,3.42835,0.08218,0.05479,0.03085,0,0,0.00475,3.76505,1.11665,0,0,0,0,0.0187,0,0,0.00775,0,0,0,0,0.07973,0,0,0,0,0,0.68863,0,0,0,0.04953,0,0,0,0.56011,0,0,0,0,0.01408,0.02031,0,0,0,0,0,0,0,0,0,0,0,0.02533,0,0,0,0,0,0,0,0,0,0,0,0,0,2.66485,0,0,0,0,0,0,0,0,0,0,0,0,0,0.00313,0,0,0,0,0.01016,0,0,0,0,0,0,0,0,0.00027,0,0,0.00022,0,0,0,0,0,0,0,0,0,0,0.28338,0,2.75111,0,0,0.00123,0,1.25604,0.41698,0,0,0.1794,0,0,0,0,0.0251,0,0,0,0,0.21477,0,0,0,0.55437,0,0,0,0,0,0,0,0,0,0,0,0,0,0,0,0,0,0,0,0,0,0,0,0,0,0,0,0,0,0,0,0,0,0,0,0,0.72284,1.02308,0.00023,0.41607,0,0,0.06285,0.19411,0,0.00377,0,0,0,0.00128,0,0.00105,0,0.33517,2.86301,0,3.56412,0,0.05994,0,0.00057,0,0.23574,0,0,0,0,0,0,0,0,0,0,0,0,0,0,0,0,0.00096,0,0,0,0,0,0.01189,0.06361,0,0,0,0,0,0.41945,0.00439,0,0,0,0,0.92171,0,0,0,0.25194,0,0,0,0,0,0,0,0,0,0,0,0
"4004_2",0,0,0,0,0,0,0,0,0,0,0,0,0,0,0,0,0,0.03125,0,0.69514,0,0,1.38907,0,7.05433,0.10383,0,0,0,0,0,0,0,0,0,0,0,0,0.55314,0,0,0,0,0,0.05863,0,0,0,0,0,0,0,3.87934,0,0,0,0,0,1.54721,0,0,0,0,0,0.05482,0,0,0,0,0,0,0,0,0,0,0,0,0,0,0,0,0,5.5027,1.60877,11.32859,0.29089,0,9.81335,0,0,0,0,0,0,0,0,0,0,0,0.05079,0,0,0.00076,1.50286,0,0,0,0,0.03396,0,0.01774,0,0,0,0,0,0.17657,0,0.62794,0,0,0,0,0,0,0,0,0,0,0,0,0,0,0,0,0,0,0,0,0,0,0,0,0,0,0,0,0,0,0,0,0,0,0,0,0,0,0,0,0,0.00158,0,0,0,0,0,0,0,0,0,0,0,0,0,0,0,0.07118,1.17692,0,0,0,0,0,0,0,0,0,0,0,0,0,0,0,0,0,0,0,0,0,0,0,0,0,0,0,0,0,0,0,0,0,0,0,0,0,0,0.01797,0,0,0,0,0,0,0.11617,0,0,0,0,0,0,0,0,0,0,0,0,0,0,0,0,0,0,0,0,0,0,0,0,0,0.06041,0.25002,0.00187,0,0,0,0,0,0,0,0,0,0,0,0,0,0,0.16954,0.55467,0,0,0.02215,0,0,0.00028,0,0.04633,0,0,0,0,0,0,0,0,0,0,22.46667,0,0.71283,0.13628,0,0.14024,0.62354,0,0,0,0,0,0,0,0,0,0,0,0,0.14911,0,0,0,6.64318,1.50414,0.12073,0,0,0,0,0.08177,0,0.00966,0.09424,0.25631,0.08196,1.61292,1.16317,0.22349,0.00903,0,0,0,0,0,0,0,0,0,0,0.00895,0,0,0,0,0,0,0,0,0,0,0,0,0.05929,0.05507,0,0,0.09345,0,0.00311,0,0,0.23665,0,0,0,0,0.0356,0,0,0,0,0,0,0,0,0,0.00424,0,0,0,0,0,0,0,0,0,0,0,0,0,0.0142,0,0,0.32579,0,0,0,0,0.53117,0,0,0,0,1.06581,0.00488,0,0,0,0,0,0,0,0.22758,0,0,0,0,0,0,0,0,0.29037,0,0,0,0,0,0,0.06852,0,0,0,0,0,0,1.49933,0,0.18897,0,2.60023,0,0,1.30578,0,0,0,1.8387,0,0,0,0,0.11008,0,0,0,0,0.12019,0,0,0,0,0,0,0,0,0,0,0,0,0,0,0,0,0,0,0,0,0,0,0,0,0,0,0,0,0,0,0,0,0,0,0,0,0,0,0,0,0.06088,0.06289,0,0.01009,0,0,0,0,0,0,0,0,0,0,0,0.00381,0.09053,0.07438,3.02532,0,0,0,0,0.15486,0,0.60074,0,0,0,0,0,0,0,0.10454,0.00927,0,0,0,0,0,0,0,0,0,0,0,0,0,0,0,0,0,0,0,0,0,0.17605,0.01273,0,0,0,0,0,0,0,0,0.08534,6e-04,0,0,0,0,0,0,0,0,0,0,0
"4051_1",0,0,0,0,0,0,0,0,0,0,0,0,0,0,0,0,0,0.09977,0,0.70965,0.41858,4.13922,1.88247,0,0,1.35493,0,0,0,0,0,0,0,0,0,0,0,0,2.28188,0,0.00218,0,0,0,0.01467,0,0,1.7058,0,0,0,0,15.22598,0.40306,0,0.91383,0,0,0,0.30234,0,0,0.00049,0,0,0,0,0,0,0,0,0.92837,0,0,3.57084,0,0.16267,0,0,0,0,0.48669,0,0,5.02449,0.77102,1.1523,5.91589,0,0,0,0,0,0,0,0,0.12205,0.44956,0,0.00677,0,0,0,0.8813,0,0,0,0,0.01978,0,0,0,0,0,0,0,0.02543,0.00205,0.24781,0,0,0,0,0,0,0,0,0,0,0,0,0,0,0,0,0,0,0,0,0,0,0,0,0.00598,0.10462,0,0,0.36723,0,0,0,0,0,0,0,0,0,0,0,0,0,0,0,0,0,0,0,0,0.01675,0.03803,0,0,0,0.00127,0.73708,0,0.67679,3.23231,0,0,0,0,0.05443,0,0,0,0,0,0,0,0.34872,0,0,0,0,0,0,0,0,0,0.43531,0,0,0,0,0.10152,0,0,0,0,0,0,0,1.11829,0,0,0.11823,0,0,0,0,0,0,0,0,0,0,0,0,0,0,0,0,0,0,0,0,0.35567,0,0,0,0,0,0,0,0,0,0.21775,0.06289,0.3783,0.57216,0.1766,0,0,0,0,0,0,0,0,0,0,0,0,0,0,0.12499,0.37971,0.01212,0,0.48909,0,0,0.60899,0,0,0,0,0,0,0,0,0,0,0,0,0.03375,0,3.59511,1.33423,0,0.03883,0.169,10.11049,0.41779,0.00238,0,0,0.0193,0.02286,0,0,0,0,0.16369,0.20691,0,0,0.03366,2.18734,1.03838,0.65221,0,0,0,0,0,0.01297,0.00865,0.04162,0,0.18349,0.15441,1.05706,0.34929,0.22197,0,0,0,0,0.08116,0.07079,0,0,0,0,0.03428,0,0,0,0,0,0,0,0,0,0,0.00136,0,0,0.28692,0,0,0,0,0.03924,0,0.00279,1.14123,0,0,0,0,0.07391,0.03347,0,0,0,0,0,0,0,0,0.00359,0,0,0.01312,0,0,0,0,0,0,0,0,0,0,0.00103,0,0,2.34769,0,0,0,0,0,0,0,0,0,0,0,0,0,0,0,0,0,0,0.20547,0,0.00026,0,0,0,0,0,0,0.19947,0,0,0.01941,0,0,0,0,0,0,0,0,0,0,0.48863,0,0.41203,0,0,0,0,2.17788,0.44952,0,0,0,0,0,0,0,0.00971,0,0,0,0,0,0.16023,0,0,0.4795,0,0,0,0,0,0,0,0,0,0,0,0,0,0,0,0,0,0,0,0,0,0,0,0,0,0.74055,0,0,0,7e-04,0,0,0,0,0,0,0.04345,0.00194,0.00045,0,0,0,0,0,0.12912,0,1.46728,0,0,0,0,0.00761,0.16814,0.38003,1.3543,0,0,0,0.084,0.00496,0,0,0,0,0,0,0,0,0,0.93544,0.04513,0,0,0,0.07167,0,0,0,0,0,0,0,0,0,0,0,0,0,0,0,0,0,2.42382,0.00197,0,0,0,0,0,0,0.92373,0,0.44903,0,0,0,0,0,0,0,0,0.003,0.01889,0,0
"4050_4",0,0,0,0,0,0,0,0,0,0,0,0,0,0,0,0,0,0,0,3.79353,0.64163,0,0.49685,0,1.20487,0.01154,0,0,0,0,0,0,0,0,0,0,0,0,8.93003,0,0,0,0,0,0.55635,0,0,0.92566,0,0,0,0,0.22797,0,0,0,0,0,0,0,0,0,0,0,0.52953,0,0,0,0,0,0,0.00868,0,0,0,0,0,0,0,0,0,0,0,0.1587,2.18733,0.77404,0,0.287,0,0,0,0,0,0,0,0,0.59436,1.20038,0,0,0,0,0,1.54399,0,0,0,0,0.82726,0,0,0,0,0,0,0,0,0,0,0,0,0,0,0,0,0,0,0,0,0,0,0,0,0,0,0,0,0,0,0,0,0,0.28816,0,0,0,0,0,0,0,0,0,0,0,0,0,0,0,0.17958,0,0.24342,0,0,0,0,0,0,0,0,0,0,0,0,0,10.29412,0,0,0,0,0,0,0,0,0,0,0,0.58719,0,0,0,0,0,0,0,0,0,0,0,0,0,0,0,0,0,0,0,0,0,0,0,0,0,0,0,0,0,0,0,0,0,0,0,0,0,0,0,0,0.9627,0,0,0,0,0,0,0,0,0,4.185,0,0,0,0,0,0,0,0,0,0,0,0,0.11843,0,0,0,0,0,0,0,0,0,0,0,0,0,0,0,1.02917,0.51125,0,0,0.66733,0,0,0,0,0,0.01114,0,0,0,0,0,0,0,0,0,0,0,0.34153,2.27163,0,0,0,0.25556,0,0,0,0,0,0,0,0,0,0,0,0,0,0,0,0.24781,4.26649,0.21599,0,0,0,0,0,0,0,0.00382,0,0.39053,0.12823,0.12963,0,0,0,1.12225,0,0,0,0.00567,0,0,2.08537,0,0,0,0,0,0,0,0,0,0,0,0,0,0,0,0,0,0,0.96201,0,0,0,0.02863,0.16507,0,0,0,0,0.03729,0,0,0,0,0,0,0,0,0,0,0,0,0.01836,0,0,0,0,0,0,0,0,0,0,0,0.07463,0,0.42121,0.01824,0,0,0,0,0,0,0,0,0,0,0,0,0,0,0,0,0,0.05549,0,0,0,0,0,0.0017,0,0,2.50455,0,0,0,0,0,0,0,0,0.51723,0,0,0,0,0.09912,0,0,0,0.45277,0,0,0.36744,0.24812,0,0,0.65169,0,0,0,0,0,0,0,0,0,0,0,0.15095,0,0,0,0,0,0,0,0,0,0,0,0,0,0,0,0,0,0,0,0,0,0,0,0,0,0,0,0.00919,0,0,0,0,0,0,0,0,0,0,0,0.22837,0,0,0,0,0,0,0,0.00733,0,0,0,0,0,0.38748,0.71751,0.0921,15.14363,0,0,0.00743,0.38965,0.01945,0,19.97766,0,0,0,0,0,0,0,0,0.13023,0,0,0,0,0,0,0,0,0,0,0,0,0,0,0,0,0,0,0,0.51732,0,0.14389,0,0,0,0,0,0,0.01254,0,0,0,0,0,0,0,0,0,0,0,0,0,0,0
"4050_3",0,0,0,0,0,0.45253,0,0,0,0,0,0,0,0,0,0,0,0.07527,0,4.16198,0.22993,0,1.69951,0,3.71394,0.08316,0,0,0,0,0,0,0,0,0,0,0.00703,0,0.42436,0,0,0,0,0,0.02866,0,0,2.05263,0.0118,0,0,0,0.86891,0,0,0,0.02789,0,0,0.09455,0,0,0,0,0.58168,0,0,0,0,0,0,0.64719,0,0,0,0,0,0,0,0,0,0,0,2.09736,34.76493,5.26511,0.052,1.15832,0,0,0,0,0,0,0,0,0.20437,0.16887,0,0.03798,0,0,0,0.30054,0,0,0,0,0.23846,0,0,0,0,0,0,0,0.02509,0,0.06239,0,0,0,0,0,0,0,0,0,0,0,0,0,0,0,0,0,0,0,0,0,0,0,0.00751,0,0,0,0,0,0,0,0,0,0,0,0,0,0,0,0,0,0.04821,0,0,0,0,0,0,0,0.00148,0,0,0,0,0,3.08643,0.45101,0,0,0,0,0,0,0,0,0,0,0.08258,0,0,0,0,0,0,0,0,0,0,0,0,0,0,0,0,0,0,0,0,0,0,0,0,0,0,0,0,0,0,0,0,0,0,0,0,0,0,0,0,0.04978,0,0,0,0,0,0,0,0,0,0.39221,0,0,0,0,0,0,0,0,0,0,0.04777,0,0.27268,0,0,0,0,0,0,0,0,0,0,0.02348,0,0,0,0,0.05819,0.25257,0,0,0.02194,0,0,0.01091,0,0,0.00243,0,0,0,0,0,0,0,0,0,0.00568,0,0.2419,0.41269,0,0,0,0.05094,0.00872,0,0,0,0.07402,0,0,0,0,0,0,0,0,0,0,2.02974,3.56895,0.15971,0,0,0,0,0.23711,0,0,0.3449,0,0.03012,0.10028,0.33961,0,0,0,7.78856,0,0,0,0.01236,0,0,0.137,0,0.03645,0,0,0,0,0,0,0,0,0,0,0.01181,0,0,0.0032,0,0,0.23965,0.3863,0,0.00142,0.01022,0.45552,0,0,0,0,0.01833,0,0,0,0,0,0,0,0,0,0,0,0,0,0,0,0,0,0,0,0,0,0,0,0,0.00107,0,1.52898,0,0,0,0,0,0,0,0,0,0,0,0,0,0,0,0,0,0,0.12172,0,0,0,0,0,0.00135,0,0,0.14146,0,0,0,0,0,0,0,0,0.79587,0,0,0,0,0.48588,0,0.90368,0,0.24459,0,0,1.84085,0.49226,0,0,3.20161,0,0,0,0,0.04711,0,0,0,0,0,0,0.28446,0,0,0,0,0,0,0,0,0,0,0,0,0,0,0,0,0,0,0,0,0,0,0,0,0,0,0,0.37326,0,0,0,0,0,0,0,0,0,0,0,0.176,0.13322,0,0,0,0,0,0,0.2908,0,0.00037,0,0,0,0.01903,0.10155,0.3503,1.90742,0,0,0.01389,1.87557,0,0,3.09082,0,0,0,0,0,0,0,0,0.01605,0,0.0455,0,0,0,0,0,0,0,0,0,0,0,0,0,0,0,0,0,0.07733,0,0.07276,0,0,0,0.24091,0,0.06768,0,0,0,0,0,0,0,0,0,0,0,0,0.00584,0,0,0
"4050_2",0,0,0,0,0,0.0959,0,0,0,0,0,0,0,0,0,0,0,0,0.00245,2.42944,0.54583,0,1.20797,0,3.68515,0.03285,0,0,0,0,0,0,0,0,0,0,0,0,0.57503,0,0,0,0,0,0.06551,0.00286,0,1.38281,0.00201,0,0,0,0.87548,0,0,0,0.00083,0,0,0.13169,0,0,0,0,0.33727,0,0,0,0,0,0,0.82576,0,0,0,0,0,0,0,0,0,0,0,0.49956,37.59563,2.48048,0,1.22478,0,0,0,0,0,0,0,0,0.23085,0.12834,0,0.0367,0,0,0,0.33847,0,0,0,0,0.08221,0,0,0,0,0,0,0,0.0258,0,0.06766,0,0,0,0,0,0,0,0,0,0,0,0,0,0,0,0,0,0,0,0,0,0,0,0.12327,0,0,0,0,0,0,0,0,0,0,0,0,0,0,0,0.0162,0,0.06278,0,0,0,0,0,0,0,0,0,0,0,0,0,5.30645,0.72172,0,0,0,0,0,0,0,0,0,0,0.07093,0,0,0,0,0,0,0,0,0,0,0,0,0,0,0,0,0,0,0,0,0,0,0,0,0,0,0,0,0,0,0,0,0,0,0,0,0,0,0,0,0.05643,0,0,0,0,0,0,0,0,0,0.59531,0,0,0,0,0,0,0,0,0,0,0.03173,0,0.22015,0,0,0,0,0,0,0,0,0,0,0.00594,0,0,0,0,0.04553,0.18601,0,0,0.06374,0,0,0.00738,0,0.00125,0,0,0,0,0,0,0,0,0,0,0,0,0.27644,0.72322,0,0,0,2.98975,0,0,0,0,0.01276,0,0,0,0,0,0,0,0,0,0,0.81426,3.1757,0.13649,0,0,0,0,0.05441,0,0,0.37163,0,0.0536,0.05226,0.10109,0,0,0,11.72739,0,0,0,0.00581,0,0,0.37203,0,0.04719,0,0,0,0,0,0,0,0,0,0,0.0586,0,0,0,0,0,0.08516,0.41658,0,0,0,0.10794,0,0,0,0,0.0837,0,0,0,0,0,0,0,0,0,0,0,0,0.01195,0,0,0,0,0,0,0,0,0,0,0,0.01996,0,1.68293,0,0,0,0,0,0,0,0,0,0,0,0,0,0,0,0,0,0,0.03484,0,0,0,0,0,0,0,0,0.44365,0,0,0,0,0,0,0,0,0.42451,0,0,0,0,0.31707,0,0.04788,0,0.07557,0,0,1.31705,0.69105,0,0,1.35546,0,0,0,0,0.00465,0,0,0,0,0,0,0.16401,0,0,0,0,0,0,0,0,0,0,0,0,0,0,0,0,0,0,0,0,0,0,0,0,0,0,0,0.39751,0,0,0,0,0,0,0,0,0,0,0,0.20525,0.01192,0,0,0,0,0,0,0.41588,0,0,0,0,0,0.29688,0.16241,0.094,2.20482,0,0,0.00252,1.62853,0.06073,0,3.11893,0,0,0,0,0,0,0,0,0.01549,0,0.05852,0,0,0,0,0,0,0,0,0,0,0,0,0,0,0,0,0,0.23645,0,0.24591,0,0,0,0.097,0,0.06121,0.00526,0,0,0,0,0,0,0,0,0,0,0,0,0,0,0
"4050_1",0,0,0,0,0,0.16972,0,0,0,0,0,0,0,0,0,0,0,0,0.00624,7.12597,0.65003,0,2.4271,0,6.10287,0.06426,0,0,0,0,0,0,0,0,0,0,0,0,0.70449,0,0,0,0,0,0.01753,0,0,2.74305,0,0,0,0,0.18601,0,0,0,0,0,0,0.18701,0,0,0,0,0.12131,0,0,0,0,0,0,0.20623,0,0,0,0,0,0,0,0,0,0,0,0.49523,40.6877,3.03524,0,2.16371,0,0,0,0,0,0,0,0,0.32244,0.26354,0,0.0076,0,0,0,0.18451,0,0,0,0,0.05514,0,0,0,0,0,0,0,0,0,0.04139,0,0,0,0,0,0,0,0,0,0,0,0,0,0,0,0,0,0,0,0,0,0,0,0.08374,0,0,0,0,0,0,0,0,0,0,0,0,0,0,0,0.03448,0,0.00823,0,0,0,0,0,0,0,0,0,0,0,0,0,5.15834,0.1666,0,0,0,0,0,0,0,0,0,0,0.07438,0,0,0,0,0,0,0,0,0,0,0,0,0,0,0,0,0,0,0,0,0,0,0,0,0,0,0,0,0,0,0,0,0,0,0,0,0,0,0,0,0.12185,0,0,0,0,0,0,0,0,0,0.44666,0,0,0,0,0,0,0,0,0,0,0,0,0.19683,0,0,0,0,0,0,0,0,0,0,0,0,0,0,0,0,0.24382,0,0,0.00081,0,0,0,0,0,0,0,0,0,0,0,0,0,0,0,0,0,0.39608,0.51342,0,0,0,0.19202,0,0,0,0,0,0,0,0,0,0,0,0,0,0,0,0.17022,1.74014,0.06365,0,0,0,0,0,0,0,0.48996,0,0.01794,0.01025,0.18829,0,0,0,3.9639,0,0,0,0,0,0,0.39852,0,0,0,0,0,0,0,0,0,0,0,0,0,0,0,0,0,0,0,0,0,0,0,0.1609,0,0,0,0,0.01053,0,0,0,0,0,0,0,0,0,0,0,0,0.03003,0,0,0,0,0,0,0,0,0,0,0,0.00937,0,1.86398,0,0,0,0,0,0,0,0,0,0,0,0,0,0,0,0,0,0,0.05183,0,0,0,0,0,0,0,0,0.21984,0,0,0,0,0,0,0,0,0.19035,0,0,0,0,0.32378,0,0.05859,0,0.04237,0,0,2.38488,0.72435,0,0,2.62171,0,0,0,0,0,0,0,0,0,0,0,0.10941,0,0,0,0,0,0,0,0,0,0,0,0,0,0,0,0,0,0,0,0,0,0,0,0,0,0,0,0.09686,0,0,0,0,0,0,0,0,0,0,0,0.00967,0,0,0,0,0,0,0,0.00762,0,0,0,0,0,0.20891,0.11215,0.03438,2.81063,0,0,0,1.54231,0,0,3.30388,0,0,0,0,0,0,0,0,0.01543,0,0.02307,0,0,0,0,0,0,0,0,0,0,0,0,0,0,0,0,0,0.34125,0,0.04348,0,0,0,0,0,0,0,0,0,0,0,0,0,0,0,0,0,0,0,0,0,0
"4049_4",0,0,0,0,0,0,0,0,0,0,0.002,0,0,0,0,0,0,0.11821,0,0,0,0,0,0,0,0,0,0,0,0,0,0,0,0,0,0,0.5328,0,1.75482,0,0.11616,0,0,0,0,0,0,0,0,0,0,0,0,0,0,0,0,0,0,0,0,0,0,0,0,0,0,0,0,0,0,0,0,0,0,0,0,0,0,0,0,0,0,0,0,0,0,0,0,0,0,0,0,0,0,0,0,0,0,0,0,0.01788,0,0.32514,0.13229,0.06756,0,0.15379,1.72832,0,0,0,0,0,0.02369,0,0,0,0,0,0,0,0,0,0,0,0,0,0,0,0,0,0,0,0,0,0,0,0,0,0,0,0,0,0,0,0,0,0,0.03179,0,0.03263,0,0,0,2.90466,0,0,0.41038,0.58434,0,0.03177,0,0,0,0,0.04398,0,0,0,0,0,0,0,0,0,0,0,0,0,0,0,0,0.42785,0,0,0,0,0,0,0,0,0,0,0,0,0,0,0,0,0,0,0,0,0,0,0,0,0,0,0,0,0,0,0,0,0,0,0,0,0,0,0,0,0,0,0,0,0,0,0,0,0,0,0.18426,1.26743,0,0,0,0,0,0,0,0,0,0,0,0,0,0,0.56632,0,0,0,0,0,0,0,0,0,0,0,0,0,0,0,0,0,0.11844,0,1.53384,0,0,0,0,0,0,0,0,0,0,0,0,0.35916,0,0,0,0,3.69312,0,0,0,1.92131,0.00783,0,0.04201,0,0,0,0,0,0,0,0,0,4.55998,0,0,0,5.88074,0,0,0,0,0,0,6.76592,0,0,0,0,0,0,0,0,0,0,0,0,0,0,0,0,0,0,0,0.01623,0,0,0,0,0,0,0,0,0,0,0,0,0,0,0,0,0.13979,0,15.34576,0,0,4.63326,0,0.00265,0.00983,0,0,0,0,0,0,0,0,0,0,0,0.16096,0.26096,0,3.21826,0,0,0,0,0,0,0,0,0,0,0,0,0,0,0,0,0,0,0,0,0,0,0,0,0,0,0,0,0,0.03939,0,0,0.06296,0,0,0,0,0,0,0,0,0,0,0,0,0,0,0,4.79284,0,0,0,0,0,0,0,0,0,0,0,0,0,0,0,0,0,0,0,0,0,0,0,0,0,0,0,0,0,0,0,0,0,0,0,0,0,0,0,0,0,0,0,0,0,0,0,0,0,0,0,0,0,0,0,0,0,0,0,0,0,0,0,0,0,0,0,0,0.23107,0.9391,2.6217,0.47136,7.98845,0.36411,0,0,0,0,0,0,0,0,0,0,0,0.89659,18.01146,0,0,1.59345,0,0,0.05142,0,0,0,0,0,0,0,0,0,0.52913,0,0,0.67365,0,0,0,0,0,0,0,0,0,0,0,0,0,0,0,0,0.39138,0,0.00266,0.04701,0,0,0,0,0,0,0,0.15462,0,0.00424,0,0,0.00528,0,0,0,0,0,0,0,0
"4049_3",0,0,0,0,0,0,0,0,0,0,0,0,0,0,0,0,0,0.18736,0,0,0,0,0,0,0,0,0,0,0,0,0,0,0,0,0,0,0.02199,0,1.52847,0,0,0,0,0,0,0,0,0,0,0,0,0,0,0,0,0,0,0,0,0,0,0,0,0,0,0,0,0,0,0,0,0,0,0,0,0,0,0,0,0,0,0,0,0,0,0,0,0,0,0,0,0,0,0,0,0,1.39604,0,0,0,0,0.01994,0,4.31315,0,0.4488,0,0,0.8667,0,0.01811,0,0,0,0,0,0,0,0,0,0,0,0,0,0,0,0,0,0,0,0,0,0,0,0,0,0,0,0,0,0,0,0,0,0,0,0,0,0,0,0,0.02941,0,0,0.04653,1.5311,0,0,0.04967,0.23016,0,0.01853,0,0,0,0,0.09126,0,0,0,0,0,0,0,0,0,0,0,0,0,0,0,0,0.29687,0,0,0,0,0,0,0,0,0,0,0,0,0,0,0,0,0,0,0,0,0,0,0,0,0,0,0,0,0,0,0,0,0,0,0,0,0,0,0,0,0,0,0,0,0,0,0,0,0,0,0.00288,0.86344,0,0,0,0,0,0,0,0,0,0,0,0,0,0,1.89525,0,0,0,0,0,0,0,0,0,0,0,0.07432,0,0,0,0,0,0,0,0.98441,0,0,0,0,0,0,0,0,0,0,0,0,0.09964,0,0,18.70328,0,0.54467,0,0,0,5.09281,0,0,0.00315,0,0,0,0,0,0,0,0,0,5.47237,0,0,0,6.45969,0,0,0,0,0,0,0.16385,0,0,0,0,0,0,0,0,0,0,0,0,0,0,0,0,0,0,0,0.01507,0,0,0,0,0,0,0,0,0,0,0,0,0,0,0,0,0.05778,0,11.39595,0,0,2.98651,0,0.00809,0.00745,0,0,0,0,0,0,0,0,0,0,0,0.06574,0.24968,0,0.05019,0,0,0,0,0,0,0,0,0,0,0,0,0,0,0,0,0,0,0,0,0,0,0,0,0,0,0,0,0,0,0,0,0.12618,0,0,0,0,0,0,0,0,0,0,0,0,0,0,0,0.24326,0,0,0,0,0,0,0,0,0,0,0,0,0,0,0,0,0,0,0,0,0,0,0,0,0,0,0,0,0,0,0,0,0,0,0,0.01595,0,0,0,0,0,0,0,0,0,0,0,0,0,0,0,0,0,0,0,0,0,0,10.13452,0,0,0,0,0,0,0,0,0,1.99566,0.06491,4.84441,1.80713,2.62251,0.10911,0,0,0,0,0,0,0,0,0,0,0,0.03953,6.84401,0,0,2.12556,0,0,0.312,0,0,0,0,0,0,0,0,0,0.72291,0,0,1.15894,0,0,0,0,0,0,0,0,0,0,0,0,0.23293,0,0,0,0,0,0,0.02259,0,0,0,0,0,0,0,0.13561,0,0.07237,0,0,0.07961,0,0,0,0,0,0,0,0
"4049_2",0,0,0,0,0,0,0,0,0,0,0,0,0,0,0,0,0,0,0,0,0,0,0,0,0,0,0,0,0,0,0,0,0,0,0,0,0,0,0,0,0,0,0,0,0,0,0,0,0,0,0,0,0,0,0,0,0,0,0,0,0,0,0,0,0,0,0,0,0,0,0,0,0,0,0,0,0,0,0,0,0,0,0,0,0,0,0,0,0,0,0,0,0,0,0,0,0,0,0,0,0,0,0,1.6894,0,0,0,0,0,0,0,0,0,0,0,0,0,0,0,0,0,0,0,0,0,0,0,0,0,0,0,0,0,0,0,0,0,0,0,0,0,0,0,0,0,0,0,0,0,0,0,0,0,0,0,8.96921,0,0,0,0,0,0,0,0,0,0,0,0,0,0,0,0,0,0,0,0,0,0,0,0,0,0,0,0,0,0,0,0,0,0,0,0,0,0,0,0,0,0,0,0,0,0,0,0,0,0,0,0,0,0,0,0,0,0,0,0,0,0,0,0,0,0,0,0,0,0,0,0,0,0,0,0,0,0,0,1.21151,0,0,0,0,0,0,0,0,0,0,0,0,0,0,0,0,0,0,0,0,0,0,0,0,0,0,0,0,0,0,0,0,0,0,0,0,0,0,0,0,0,0,0,0,0,0,0,0,0,0,0.42728,0,12.15133,0,0,0,0,0,0,0,0,0,0,0,0,0,0,0,0,2.16671,0,0,0,0,0,0,0,0,0,0,0,0,0,0,0,0,0,0,0,0,0,0,0,0,0,0,0,0,0,0,0,0,0,0,0,0,0,0,0,0,0,0,0,0,0,0,0,0,0,14.62141,0,0,5.69182,0,0,0,0,0,0,0,0,0,0,0,0,0,0,0,0,0,0,0,0,0,0,0,0,0,0,0,0,0,0,0,0,0,0,0,0,0,0,0,0,0,0,0,0,0,0,0,0,0,0,0,0,0,0,0,0,0,0,0,0,0,0,0,0,0,0,7.0132,0,0,0,0,0,0,0,0,0,0,0,0,0,0,0,0,0,0,0,0,0,0,0,0,0,0,0,0,0,0,0,0,0,0,0,0,0,0,0,0,0,0,0,0,0,0,0,0,0,0,0,0,0,0,0,0,0,0,0,0,0,0,0,0,0,0,0,0,0.85787,0.45699,2.08014,0,3.47714,0,0,0,0,0,0,0,0,0,0,0,0,0.13239,39.05361,0,0,0,0,0,0,0,0,0,0,0,0,0,0,0,0,0,0,0,0,0,0,0,0,0,0,0,0,0,0,0,0,0,0,0,0,0,0,0,0,0,0,0,0,0,0,0,0,0,0,0,0,0,0,0,0,0,0,0,0
"4049_1",0,0,0,0,0,0,0,0,0,0,0,0,0,0,0,0,0,0.18255,0,0,0,0,0,0,0,0,0,0,0,0,0,0,0,0,0,0,0.11992,0,2.62106,0,0.02684,0,0,0,0,0,0,0,0,0,0,0,0,0,0,0,0,0,0,0,0,0,0,0,0,0,0,0,0,0,0,0,0,0,0,0,0,0,0,0,0,0,0,0,0,0,0,0,0,0,0,3.8517,0,0,0,0,1.07947,0,0,0,0,0.01078,0,7.86555,0.04105,0.76906,0,1.64365,0,0,0.21726,0,0,0,0,0,0,0,0,0,0,0,0,0,0,0,0,0,0,0,0,0,0,0,0,0,0,0,0,0,0,0,0,0,0,0,0,0,0,0,0,0.01187,0,0,0.06877,1.53461,0,0,0.34582,0.05851,0,0.05259,0,0,0,0,0.06848,0,0,0,0,0,0,0,0,0,0,0,0,0,0,0,0,0.23237,0,0,0,0,0,0,0,0,0,0,0,0,0,0,0,0,0,0,0,0,0,0,0,0,0,0,0,0,0,0,0,0,0,0,0,0,0,0,0,0,0,0,0,0,0,0,0,0,0,0,0.35177,0.31081,0,0,0,0,0,0,0,0,0.13955,0,0,0,0,0,0.46839,0,0,0,0,0,0,0,0,0,0,0,0.02517,0,0,0,0,0,0.57176,0,1.18426,0.00268,0,0,0,0,0,0,0,0.0035,0,0,0,0.83242,0,0,0.79408,0,6.36042,0,0,0,4.07309,0,0,0,0,0,0,0,0,0,0,0,0,2.68702,0,0,0,0,0,0,0,0,0,0,0,0,0,0,0,0,0,0,0,0,0,0,0,0,0,0,0,0,0,0,0.19127,0,0,0,0,0,0,0,0,0,0,0,0,0,0,0,0,0.22501,0,4.86691,0,0,7.56342,0,0,0,0,0,0,0,0,0,0,0,0,0,0,0.0603,0.08902,0.38425,0.23035,0,0,0,0,0,0,0,0,0,0,0,0,0,0,0,0,0,0.0089,0,0,0,0,0,0,0,0,0,0,0,0,0,0,0,0,0,0,0,0,0,0,0,0,0,0,0,0,0,0,2.21699,0,0,0,0,0,0,0,0,0,0,0,0,0,0,0,0,0,0,0,0,0,0,0,0,0,0,0,0,0,0,0,0,0.04785,0,0,0.02842,0,0.00901,0,0,0,0,0,0,0,0,0,0,0,0,0,0,0,0,0,0,0,0,0.23604,0,0,0,0,0,0,0,0,0,1.82147,0.84847,4.31101,1.99365,0.82467,0.04014,0,0,0,0,0,0,0,0,0,0,0,0.3212,29.06641,0,0,1.69651,0,0,0.41617,0,0,0,0,0,0,0,0,0,0.5116,0,0,1.45553,0,0,0,0,0,0,0,0,0,0,0,0.02238,0.29431,0,0,0,1.39062,0,0.00162,0,0,0,0,0,0,0,0,0.13757,0,0.01388,0,0,0.06825,0,0,0,0,0,0,0,0
"4048_3",0,0,0,0,0,0,0,0,0,0,0,0,0,0,0,0,0,0.06913,0,0.31111,0,0,0.21417,0,1.79945,0,0,0,0,0,0,0,0,0,0,0,0,0,1.41464,0,0,0,0,0,0,0,0,0.34116,0.01951,0,0,0,10.96315,0,0,0,0,0,0,0,0,0,0,0,0.80088,0,0,0,0,0,0,0,0,0,0,0,0,0,0,0,0,0,0,0.96645,9.94905,8.30994,2.65584,0,0,0.48361,0,0,0,0,0,0,0.05891,0.11199,0,0,0,0,0,0.03122,0,0,0.28592,0,0,0,0.01351,0,0,0,0,0,0,0,0,0,0,0,0,0,0,0,0,0,0,0,0,0,0,0,0,0,0,0,0,0,0,0,0,0,0,0,0,0.02478,0,0,0,0,0,0,0,0,0,0,0,0,0,0,0,0,0,0,0,0,0,0.10607,0,0,0,0,0,0,0,0.86611,0,0,0,0,0,0.99852,0,0,0,0,0,0,0,0,0,0,0,0,0,0,0,0,0,0.38605,0,0,0,0,0.26732,0,0,0,0,0,0,0,0,0,0,0,0,0,0,0,0,3.21436,0,0,0,0,0,0,0,0,0,0,0,0,0,0.30532,0,0,0,0,0,0,0,0,0,0.15297,0,0,0.27635,0,0,0,0,0,0,0,0,0,0,0,0,0,0,0,0.19445,0.08678,0,0,0,0,0,0.12405,0,0,0,0,0,0,0,0,0,0,0,0,0,0,5.83059,0.19965,0,0.0204,8.96759,0,0,0,0,0,7.11318,0,0,0,0,0.27683,0,0.19151,0.60648,0,0.02191,19.56677,0,0,0,0,0,0,0.07517,0,0.01588,0,0,0,0,0,0,0,0,0,0,0,0,0,0,0,0,0,0.1558,0,0,0,0,0,0,0,0.49235,0,0,0.01773,0,0,0,1.35183,0,0,0,0.07254,0,0,0.63992,0,0,0,0,0.395,0,0,0.09709,0.02546,0,0,0,0,0,0,0,0,0,0,0,0,0,0,0,0,0,0,0,0,0,0,0,0,0,0,0,0,0,0,0,0,0,0,0,0,0,0,0,0,0,0,0,0,0,0,0,0,0,0,0,0,0,0,0,0,0,0,0,0,0,0,0,0,0.18865,0,0,0,0,0,0,0.05959,0,0,0,0.27552,0,0,0.02617,0,0,0,0,0,0,0,0,0,0,0,0,0,0,0,0,0,0,0,0,0,0,0,0,0,0,0,0,0,0,0,0,0,0,0,0,0,0,0,0,0,0,0,0,0,0,0,0.46809,1.1693,0,1.19632,0,0,0,0,0,0,0,0.01023,0,0,0,0,0.00322,0.11677,0,0.48775,0,0,0,0,0,0,0,0,0,0,0,0,0,0.05946,0,0,0,0,0,0,0,0,0,0,0,0,0,0,0,0,0.08337,0,0,0,0.11885,0,1.40783,0,0,0,0.10013,0,1.75637,0,0,0,0.52521,0.0107,0,0,0,0,0,0,0,0,0,0,0
"4004_1",0,0,0,0,0,0,0,0,0,0,0,0,0,0,0,0,0,0,0,0.57115,0,0,0.56408,0,4.93003,0.0319,0,0,0,0,0,0,0,0,0,0,0,0,0.24101,0,0,0,0,0,0,0,0,0,0,0,0,0,6.26087,0,0,0,0,0,2.15462,0,0,0,0,0,0.09632,0,0,0,0,0,0,0,0,0,0,0,0,0,0,0,0,0,8.29963,2.67903,16.89212,0,0,8.08749,0,0,0,0,0,0,0,0,0,0,0,0,0,0,0,1.30897,0,0,0,0,0,0,0,0,0,0,0,0,0.04462,0,0.35884,0,0,0,0,0,0,0,0,0,0,0,0,0,0,0,0,0,0,0,0,0,0,0,0,0,0,0,0,0,0,0,0,0,0,0,0,0,0,0,0,0,0,0,0,0,0,0,0,0,0,0,0,0,0,0,0,0,0,0.85912,0,0,0,0,0,0,0,0,0,0,0,0,0,0,0,0,0,0,0,0,0,0,0,0,0,0,0,0,0,0,0,0,0,0,0,0,0,0,0,0,0,0,0,0,0,0.12419,0,0,0,0,0,0,0,0,0,0,0,0,0,0,0,0,0,0,0,0,0,0,0,0,0,0.01515,0.16809,0,0,0,0,0,0,0,0,0,0,0,0,0,0,0,0.0108,0.18937,0,0,0,0,0,0,0,0,0,0,0,0,0,0,0,0,0,0,23.27203,0,2.30208,0.08564,0,0.06117,0.53027,0,0,0,0,0,0,0,0,0,0,0,0,0.02231,0,0,0,4.09542,1.10523,0.01449,0,0,0,0,0,0,0,0.13397,0.10269,0,0.6724,0.73788,0.00293,0,0,0,0,0,0,0,0,0,0,0,0,0,0,0,0,0,0,0,0,0,0,0,0,0,0,0,0,0,0,0,0,0,0.09393,0,0,0,0,0,0,0,0,0,0,0,0,0,0,0,0,0,0,0,0,0,0,0,0,0,0,0,0,0,0,0,0.69453,0,0,0,0,0.5066,0,0,0,0,0.56548,0,0,0,0,0,0,0,0,0.06128,0,0,0,0,0,0,0,0,0.27865,0,0,0,0,0,0,0.08895,0,0,0,0,0,0,1.02857,0,0.07885,0,1.19934,0,0,1.42595,0,0,0,1.08488,0,0,0,0,0,0,0,0,0,0.03079,0,0,0,0,0,0,0,0,0,0,0,0,0,0,0,0,0,0,0,0,0,0,0,0,0,0,0,0,0,0,0,0,0,0,0,0,0,0,0,0,0.08897,0.06909,0,0,0,0,0,0,0,0,0,0,0,0,0,0,0.01966,0.15963,5.02292,0,0,0,0,0.12713,0,0.34534,0,0,0,0,0,0,0,0,0,0,0,0,0,0,0,0,0,0,0,0,0,0,0,0,0,0,0,0,0,0,0.00354,0,0,0,0,0,0,0,0,0,0,0,0,0,0,0,0,0,0,0,0,0,0
"4048_4",0,0,0,0,0,0,0,0,0,0,0,0,0,0,0,0,0,0.00688,0,0.61588,0,0,0.47159,0,2.47275,0,0,0,0,0,0,0,0,0,0,0,0,0,0.1019,0,0,0,0,0,0,0,0,1.17241,0.06236,0,0,0,14.86655,0,0,0,0,0,0.06219,0,0,0,0,0,1.29911,0,0,0,0,0,0,0,0,0,0,0,0,0,0,0,0,0,0,1.86362,17.06449,13.02475,4.42562,0,0,0.40485,0,0,0,0,0,0,0.02194,0.12974,0,0,0,0,0,0.01444,0,0,0.0866,0,0,0,0,0,0,0,0,0,0.00267,0,0.05787,0,0,0,0,0,0,0,0,0,0,0,0,0,0,0,0,0,0,0,0,0,0,0,0,0,0,0,0,0.01314,0,0,0,0,0,0,0,0,0,0,0,0,0,0,0,0,0,0,0,0,0,0.04813,0,0,0,0,0,0,0,1.49593,0,0,0,0,0,0.37367,0.04728,0.05091,0,0,0,0,0,0,0,0,0,0,0,0,0,0,0,0.10737,0,0,0,0,0.1821,0,0,0,0,0,0,0,0,0,0,0,0,0,0,0,0,1.10296,0,0,0,0,0,0,0,0,0,0,0,0,0,0.29953,0,0,0,0,0,0,0,0,0,0.51033,0,0,0.22475,0,0,0,0,0,0,0,0,0,0,0,0,0,0,0,0.04029,0.05426,0,0,0,0,0,0,0,0,0,0,0,0,0,0,0,0,0,0,0,0,3.83052,0.09754,0,0,1.69333,0,0,0,0,0,6.52377,0,0,0,0,0.03312,0,1.40646,0,0,0.15717,7.34546,0,0,0,0,0,0,0,0,0.0293,0,0,0,0,0,0,0,0,0,0,0,0,0,0,0,0,0,0.00849,0,0,0,0,0,0,0,0.7932,0,0,0,0,0,0,4.83066,0,0,0,0.00139,0,0,0.77695,0,0,0,0,0.05231,0,0,0,0,0,0,0,0,0,0,0,0,0.01687,0,0,0,0,0,0,0,0,0,0,0,0,0,0,0,0,0,0,0,0,0,0,0,0,0,0,0,0,0,0,0,0,0,0,0,0,0,0,0,0,0,0,0,0,0,0,0,0,0,0,0,0,0,0,0,0.5935,0,0,0,0,0,0,0.25994,0,0,0,0.2216,0,0,0.21456,0,0,0,0,0,0,0,0,0,0,0,0,0,0,0,0,0,0,0,0,0,0,0,0,0,0,0,0,0,0,0,0,0,0,0,0,0,0,0,0,0,0,0,0,0,0,0,0,3.73885,0.67554,0.00458,0,0,0,0,0,0,0,0.02349,0,0,0,0,0,0.32658,0,0.37245,0,0,0,0,0,0,0,0,0,0,0,0,0,0.02217,0.11319,0,0,0,0,0,0,0,0,0,0,0,0,0,0,0,0,0,0,0,0,0,0.46106,0,0,0,0.12034,0,1.85589,0,0,0,0.62088,0,0,0,0,0,0,0,0,0,0,0,0
"4001_1",0,0,0,0,0,0,0,0,0,0,0,0,0,0,0,0,0,0,0.42836,0.18091,0,0,0.49126,0.52642,2.50975,0.12409,0,0,0,0,0,0,0,0,0,0,0,0,0.91349,0,0,0,0,0,0,0,0,1.94853,0.0852,0.05957,0,0,5.73143,3.40378,0,0,0,0,0.57078,0.14622,0,0,0,0,0.02484,0,0,0.01614,0,0,0,0.01708,0,0,0,0,0,0,0,0,0,0,0,0,14.21922,0,0.15888,1.66934,0,0,0,0,0,0,0,0,0,0.34822,0,0,0,0,0,0.94402,0,0,0.07168,0,0.07504,0,0,0,0,0,0,0,0,0,0,0,0,0,0,0,0,0,0.04695,0,3.15542,0,0,0,0,0,0,0,0,0,0,0,0,0,0,0,0,0,0,0,0,0,0,0,0,0,0,0,0,0,0,0,0,0,0,0,0,0,0,0.1943,0.02558,0,2.72609,0,0,0,0.14385,0.05539,0,0,0,0,0,0,0,0,0,0,0,0.37521,0,0,0.07524,0,0,0.55619,0.06535,0,0,0,0,0,0,0,0,0,1.30807,0,0,0,0,0,0,0,0,0,0,0,0,0,0,0,0,0,0,0.022,0,0,0,0,0,0.54531,0,0,0,0,0,0,0,0.44004,0,0,0,0,0,0,0,0,0,0,0,0.17085,0.03969,0.0109,0,0,0,0,0,0,0,0,0,0,0,0,0,0,0.22374,0.64174,0,0,0,0,0,0,0,0,0,0,0,0,0,0,0,0,0,0,0,0,7.25914,0.89604,0,0.27307,15.61721,0,0.14297,0,0,0,0,0.08352,0,0.02318,0,0,0,0,0,0,0,3.50147,0,0,0,0,0,0,0.18632,0,0,0.84294,0,0.0259,0.40959,1.07576,0,0.02365,0.02574,1.8756,0.88603,0,0.37612,0.12078,0,0,1.1938,0,0.01761,0,0,3.01828,0,0,0,0,0.34074,0,0,0.06098,0,0,0.50052,0,0,0,0.13664,0,0,0,1.5895,0,0,0,0,0.27759,0,0,0,0,0,0,0,0,0,0,0,0,0,0,0,0,0,0,0,0,0,0,0,0,0,0,2.47176,0,0,0,0,0,0,0,0,0,0,0,0,0,0,0,0,0,0,0.03078,0,0,0,0,0,0,0,0,0.11594,0,0,0,0,0,0,0,0,0,0,0,0,0,0.119,0,1.41391,0,1.40358,0,0,0.53252,0,0,0,1.03732,0,0,0,0,0,0,0,0,0,0.33326,0,0,0,0.03663,0,0,0,0,0,0,0,0,0,0,0,0,0,0,0,0,0,0,0,0,0,0,0,0,0,0,0,0,0,0,0,0,0,0,0,0,0,0.56281,0.09419,0.69617,0,0,0,0,0,0.01229,0,0,0,0,0,0,0.06206,0,0,0,0,0,0.23759,0,0,2.38475,0,0,0,0,0,0,0,1.63259,0,0,0,0,0,0.12295,0,0,0,0,0,0,0,0,0,0,0,0,0,0,0,0,0.23728,0,0,0,0,0,0,0,0,0,0.1958,0,0,0,0,0,0,0,0,0,0,0,0
"4090_4",0,0,0,0,0.07857,0,0,0,0,0,0,0,0,0,0,0,0,0.00591,0.09747,0.01111,0.13703,0.19441,0.57268,0,2.18429,0,0,2.17649,0,0,0,0,0,0,0,0,0,0,0.03781,0,0,0,2.01462,0,0,0,0,0.2764,0,0,0,1.54609,0,0,0,0.0027,0,0,0,0.03168,0.0052,0,0,0,0.01088,0,0,0,0,0,0,0,0,0,0,0,0,0,0,0,0,0,0.4487,0.0041,1.51549,1.32792,0.05072,0.1227,0,0.70674,0,0,0,0,0,0,0.18472,0,0,0,0,0,0,0.16861,0,0.00729,0,0,0.04479,0,0,0,0,0,0,0,0,0.01185,0.00061,0,0,0,0,0,0,0,0,0,0,0,0,0,0,0.69752,0,0,0,0,0,0,0,0,0,0,0.01642,0,0,0.00392,0,0,0,0,0,0,0,0,0.01552,0,0,0,0.00044,0,0,0,0,0,0,0,0,0,0,0,0.26539,0.11222,0.02519,0,0.01524,0,0,0,0.02081,0,0.10633,0,0,0,0,0,0,0,0.04672,0,0,0,0,0,0,0,0.19337,0,0,0,0,0.03066,0.03294,0.00018,0,0,0.17923,0,0,0,0,0,0,0,0,0,0,0,0,0,0,0.54128,0,0,0,0.03274,0,0,0,0,0,0,0,0,0,0.67259,0,0,0,0,0,0,0,0,0,0,0,0.1479,0.1019,1.00099,0,0.03189,0,0,0,0,0,0,0,0,0.02518,0,0,0,0.02474,0.17426,0,0,0,0,0,0.01607,0,0,0,0,0,0,0,0,0,0,0,0,0,0,1.60087,0.07037,0,0,0.03824,0.0013,0.02129,0,0,0,0,0,0,0,0,0,0,0.26107,0,0,0.03532,3.18764,0.18633,0.00426,0,0,0,0,0.02647,0,0,0.18157,0,0,0,0.10319,0,0,0.01281,0,0.12929,0,0,7e-04,0,0,0,0,0.00244,0,0,0,0,0,0,0,0.28712,0,0,0.01908,0,0,0.03019,0,0,0,0,0,0,0,0.11394,0,0,0,0,0.08538,0,0,0.23595,0.13165,0.01639,0,0,0,0,0,0,0.08905,0,0,0,0,0,0,0,0,0,0,0,0,0,0,0.49965,0,0,0,0,0,0,0,0,0,0,0,0,0,0,0,0,0,0,0.00478,0,0,0,0,0,0,0,0,0,0,0,0,0,0.0327,0,0,0,0,0,0,0.01842,0,0.26391,0,0.05455,0,0.05314,0,0,0.07581,0,0,0,0.12845,0.24485,0,0,0,0.00594,0,0,0,0,0.00899,0.50754,0,0,0,0,0,0,0,0,0,69.56098,0,0,0,0,0,0,0,0,0,0,0,0,0,0,0,0,0,0,0,0,0,0,0,0,0,0,0,0,0,0.5065,0.04822,0.05205,0.88338,0,0,0,0,0,0,0,0,0,0,0,0,0.00016,0.09393,0.81859,0,0,0,0.09199,0,0,0.05433,0,0,0,0,0,0,0,0.35886,0,0,0,0,0,0,0.00867,0,0,0,0,0,0,0,0,0,0.00513,0,0,0,0.00738,0,0.13684,0.00914,0,0,0,0,0,0.06036,0,0,0,0,0,0,0.00632,0,0,0,0,0.01727,0,0,0
"4090_3",0,0,0,0,0.01363,0,0,0,0,0,0,0,0,0,0,0,0,0.05303,3.33154,0,0.09251,0.14699,0.13793,0,0.11854,0,0,0.30623,0,0,0,0,0,0,0,0,0.15677,0,1.30179,0,0,0,0.5192,0,0.08503,0,0,0.01248,0,0,0,0.0019,0,0,0,0,0,0,0,0.02465,0.00041,0,0,0,0,0,0,0,0,0,0,0,0,0,0,0,0,0,0,0,0,0,0.00513,0,0.06365,0.03885,0,0.00147,0,21.92036,0,0,0,0,0,0,1.29869,0,0,0,0,0,0.00051,10.72084,0,0.00512,0,0,0.60148,0,0.00025,0,0,0,0,0,0,0,0,0,0,0,0,0,0,0,0,0,0,0,0,0,0,0.00173,0,0,0,0,0,0,0.05005,0,0,0,0,0,0,0.00388,0,0,0,0,0,0,0,0,0.35369,0,0.00204,0,1.07811,0,0,0,0,0,0,0,0,0,0,0,0.00859,0.0041,0.00697,0,0.02532,0,0.0616,0,0.10629,0,0,0,0.50337,0,0,0,0,0,0.28355,0,0,0,0,0,0,0,1.07801,0,0,0,0,0,1.47966,0,0,0,2.13814,0,0,0,0,0,0,0,0,0,0,0,0,0,0,2.39193,0,0,0,1.14784,0,0,0,0,0,0,0,0,0,5.3621,0,0,0,0,0,0,0,0,0,0,0,3.27255,1.13579,1.27054,0,0,0,0,0,0,0,0,0,0,0,0,0,0,0.25967,0.65217,0,0,0,0,0,0.44642,0,0,0,0,0,0,0,0,0,0,0,0,0,0.00661,1.94414,1.92032,0,0,0.00477,0.05191,0,0,0,0,0,0.12571,0,0,0,0,0,0.1305,0,0,0.48877,0.44857,0.4475,0.02981,0,0,0.40988,0,0.03884,0,0.00131,4.13241,0,0.05815,0,0.09844,0,0,0.01532,0,0.28726,0,0,0.00539,0,0,0,0,0.00973,0,0,0,0,0,0,0,0.83471,0,0,0.44015,0,0,0.07711,0,0,0.0017,0.01188,0,0,0,0.53483,0,0,0,0,0.32427,0,0,0,0,0,0,0,0,0,0,0,0.2415,0.02457,0,0,0,0,0,0,0,0,0,0,0,0,0,0.1091,0.01048,0,0,0.00173,0,0,0,0,0,0,0,0,0.00366,0,0,0,0,0,0,0,0,0,0,0,0.00101,0,0,0,0,0,0,0,0.0632,0,0,0,0,0,0,0,0,0,0,0.00878,0,0.15037,0,0,0.0037,0,0,0,0.00244,0.01709,0,0,0,0,0,0,0,0,0,0.00517,0,0,0,0,0,0,0,0,0,0.38882,0,0,0,0,0,0,0,0,0,0,0,0,0,0,0,0,0.27211,0,0,0,0,0.00573,0,0,0,0,0,0,0.03311,0.47303,1.46755,0.29345,0.54182,0,0,0,0,0,0.05824,0,0.00022,0,0,0,0,0.07032,0.75174,8.2013,0,0,0,0,0,0.00038,0.17658,0,0,0,0,0,0,0,7.94814,0.06073,0,0,0,0,0,0.97446,0,0,0,0,0,0,0,0,0,0,0,0,0,0.19325,0,0.37521,0.0374,0,0,0,0,0,0.06418,0,0,0.00636,0,0,0,0,0,0,0,0,0,0,0,0
"4090_2",0,0,0,0,0.09154,0,0,0,0,0,0,0,0,0,0,0,0,0.07702,10.01968,0.02199,2.01203,1.82411,2.04468,0.03382,5.00728,0,0,8.14062,0,0,0,0,0.04601,0,0,0,0.10218,0,0.12496,0,0,0,3.91651,0,0.11329,0,0,0.6103,0,0,0,0.47222,0,0,0,0,0,0,0,0,0.10743,0,0.00331,0,0.05959,0,0,0,0,0,0,0,0,0,0,0,0,0,0,0,0,0,0.84181,0.02173,1.75915,0.87352,0.23338,0.29777,0,4.63085,0,0,0,0,0,0,0.39959,0,0,0,0,0,0,0.90935,0,0,0,0,0.13318,0,0,0,0,0,0,0,0,0,0,0,0,0,0,0,0,0,0,0,0,0,0,0,0,0,0,0,0,0,0,0,0,0,0,0,0.04574,0,0,0.00034,0,0,0,0,0,0,0,0,0.00272,0,0.00026,0,0.21599,0,0,0.00025,0,0,0,0,0,0,0,0,0,0,0.02359,0,0.06248,0,0,0,0,0,0.00214,0,0,0,0,0,0,0,0.05907,0,0,0,0,0,0,0,0.918,0,0,0,0,0,0.40135,0,0,0,2.94311,0,0,0,0,0,0,0,0,0,0,0,0,0,0,0.11168,0,0,0,0.11538,0,0,0,0,0,0,0,0,0,1.75337,0,0,0,0,0,0,0,0,0,0,0,0.99029,0.49056,0.32546,0,0,0,0,0,0,0,0,0,0,0.00126,0,0,0,0.08789,0.58907,0,0,0,0,0,0.20216,0,0,0,0,0,0,0,0,0,0,0,0,0.00968,0,0.28794,0.1734,0,0,0.04024,0.11383,0,0,0,0,0,0,0,0,0,0,0,0,0,0,0.09426,5.18981,0.47928,0.02117,0,0,0.02133,0,0.20106,0,0,2.16711,0,0.05937,0,0.23685,0,0,0.15288,0,1.97422,0,0,0.02975,0,0,0,0,0.0081,0,0,0,0,0,0,0,0.42594,0,0,1.56117,0,0,0.15006,0,0,0,0.20228,0.00261,0,0,0.16472,0,0,0,0,0.18076,0,0,0.0286,0.08157,0,0,0,0,0.00172,0,0,0.38393,0.0385,0,0,0,0,0,0,0,0,0,0,0,0,0,0.03936,0,0,0,0,0,0,0,0,0,0,0,0,0,0,0,0,0,0,0.00552,0,0,0,0,0,0,0,0,0,0,0,0,0,0.11182,0,0,0,0,0,0,0.07479,0,0.11971,0,0.11655,0,0.11393,0,0,0.07566,0,0,0,0.13531,0.29516,0,0,0,0,0,0,0,0,0.16871,0.21225,0,0,0,0,0,0,0,0,0,19.01157,0,0,0,0,0,0,0,0,0,0,0,0,0,0,0,0,0,0,0,0,0,0.01013,0,0,0,0,0,0,0.01408,0.39236,0.30092,0.14273,0.64528,0,0,0,0,0,0.0045,0,0,0,0,0,0,0.08192,0.30701,6.73222,0,0,0,0.04777,0,0,0.05438,0,0,0,0,0,0,0,1.06647,0.30435,0,0,0,0,0,0.14644,0,0,0,0,0,0,0,0,0,0,0,0,0,0.00325,0,0.18768,0.02574,0,0,0,0,0,0.29923,0,0,0,0,0,0,0,0,0,0,0,0,0,0,0
"4090_1",0,0,0,0,0.01409,0,0,0,0,0,0,0,0,0,0,0,0,0.25421,1.93485,0,0.04118,0.05268,0.08681,0,0.23855,0,0,0.23788,0,0,0,0,0.00629,0,0,0,0.18327,0,2.07062,0,0,0,2.13021,0,0.16594,0,0,0.07538,0,0,0,0.03817,0,0,0,0,0,0,0,0.01799,0.01928,0,0,0,0.00351,0,0,0,0,0,0,0,0,0,0,0,0,0,0,0,0,0,0.04252,0,0.16099,0.15484,0.00629,0.0207,0,8.54944,0,0,0,0,0,0,0.44409,0,0,0,0,0,0,3.45052,0,0.03747,0,0,1.50017,0,0.00374,0,0,0,0,0,0,0,0,0,0,0,0,0,0,0,0,0,0,0,0,0,0,0.0052,0,0,0,0,0,0,0.18599,0.22075,0,0,0.00513,0,0,0.04676,0,0,0,0,0,0,0,0,0.00056,0,0.00057,0,1.04563,0,0,0,0,0,0,0,0,0,0,0,0,0,0.00721,0,0.18093,0,0,0,0,0,0.01026,0,0,0,0,0,0,0,0.64615,0,0,0,0,0,0,0,0.88418,0,0,0,0,0,1.85141,0.00102,0,0,3.21431,0,0,0,0,0,0,0,0.00442,0,0,0,0,0,0,0.10047,0,0,0,0.77151,0,0,0,0,0,0,0,0,0,3.15982,0,0,0,0,0,0,0,0,0,0,0,2.55806,2.27703,0.47965,0,0,0,0,0,0,0,0,0,0,0,0,0,0,1.20024,2.9956,0,0,0,0,0,0.35758,0,0,0,0,0,0,0,0,0,0,0,0,0,0,0.46993,1.7485,0,0,0.48315,0,0,0.00062,0,0,0,0.52309,0,0.00503,0,0,0,0.02723,0,0,0.53495,3.2091,1.19062,0.07145,0,0,0.59571,0,0.24641,0,0,1.54381,0,0.22462,0,0.00414,0,0,0.01943,0,0.4085,0,0,0.00179,0,0,0,0,0.00895,0,0,0,0,0,0,0,3.43196,0,0,0.81099,0,0,0.09744,0,0,0,0,0,0,0,2.87236,0,0,0,0,0.15213,0,0,0,0,0,0,0,0,0.02617,0,0,1.00692,0.00047,0,0.00222,0,0,0,0,0.00223,0,0,0,0,0,0,0.02922,0.02885,0,0,0,0,0,0,0,0,0,0,0,0,0,0,0,0,0,0.0058,0,0,0,0,0,0.0152,0,0,0,0,0,0,0,0.11401,0,0,0,0,0,0,0,0,0.00634,0,0.02373,0,0.09474,0,0,0,0,0,0,0.01756,0.02836,0,0,0,0,0,0,0,0,0,0.01866,0,0,0,0,0,0,0,0,0,1.65752,0,0,0,0,0,0,0,0,0,0,0,0,0,0,0,0,0,0,0,0,0,0,0,0,0,0,0,0,0.0559,0.88483,0.22682,0.0952,0.43113,0,0,0,0,0,0,0,0.00115,0,0,0,0,0.2234,0.84696,24.36653,0,0,0,0.01016,0,0,0.13004,0,0,0,0,0,0,0,5.48358,0.10366,0,0,0,0,0,0.54785,0,0,0,0,0,0,0,0,0.00031,0.03702,0,0,0,0.00534,0,0.14093,0.04263,0,0,0,0,0,0.41874,0,0,0,0,0,0,0.0359,0,0,0,0,0,0,0,0
"4089_4",0,0.00422,0,0,0,0,0,0,0.00048,0,0.0032,0,0,0,0,0,0,0.15412,0,20.78913,0.09376,5.73817,0,0,7.39675,0.54787,0,0,0,0,0,0,0,0,0,0,0,0,0.50849,0,0.01111,0,0,0,0.29861,0.0195,0.01871,0.72392,0,0,0,0,0.49983,0,0,0,0,0,0,0,0,1.22101,0,0,2.1142,0,0,0,0,0,0,0,0,0,0,0,0,0,0,0,0,0,2.15699,0.92928,6.32752,4.19085,0.09601,0,0,3.95399,0,0,0,0,0,0,4.75427,0,0,0,0,0,0.03318,2.99164,0,1.05402,0,0,0.55688,0,0.03075,0,0,0,0,0,0,0.03415,0.00048,0,0,0,0,0,0,0.01164,0,0,0,0,0,0,0,0,0,0,0,0.00074,0,0,0,0,0,0,0,0,0.00369,0,0,0,0,0,0,0,0,0,0,0,0,0,0.00135,0,0,0,0,0,0,0,0.03766,0,0,0,0,0,0,0.0453,0,0,0.48641,0,0,0,0.0022,0,0.20522,0,0.26101,0,0,0,0,0,0,0,0,0,0.00656,0,0,0,0,0,0,0,0,0,0,0,0,0,0,0,0,0,0,0,0,0,0,0,0,0,0,0.10385,0,0,0,0,0,0,0,0,0,0,0.03048,0,0,1.53394,0,0,0,0,0,0,0,0,0,0.25237,0,0.77524,0.47715,0,0,0,0,0,0,0,0,0,0,0,0.0231,0,0,0,0.20509,0.31556,0,0,0.01993,0,1.69993,0.038,0,0,0,0,0,0,0,0,0,0,0,0,0.07956,0,0.08973,1.69486,0,0.23562,0,0,0.00609,0,0,0,0,0,0,0,0,0,0,0.35602,0,0,0.07696,4.08892,0,0,0,0,0,0,0,0,0.00899,0,0,0,0.00032,0,0,0.16534,0,0,0,0,0,0.00272,0,0,0,0,0.16519,0,0,0,0,0,0,0,0.46291,0,0,0,0,0,0.08686,0,0,0.02819,0,0.04562,0,0,1.35334,0.09347,0,0,0,0.29914,0.40445,0,0,0,0,0,0,0,0,0,0,0.0263,0,0,0,0,0,0,0,0,0,0,0,0,0,0,0,0.04877,0.05347,0,0,0,0,0,0,0,0,0,0,0,0,0,0,0,0,0.09326,0,0,0,0,0,0.0045,0,0.00764,0,0,0,0,0,0,0,0,0,0,0,0,0,0,0.48341,0,0,0,0.01998,0,0,0.9911,0,0,0,0.74309,0,0,0,0,0.03385,0,0,0,0,0,0,0,0,0.20512,0,0,0,0,0,0,0,0,0,0,0,0,0,0,0,0,0,0,0,0,0,0,0,0,0,0,0,0,0,0,0,0,0,0,0,0.00147,0.07552,0.67186,0.79007,0.14148,0,0,0,0.12874,0.04074,0,0,0.00029,0,0.01739,0,0,0,0.15638,6.31893,0,0,0,0.12582,0,0.00326,0,0,0,0,0,0,0,0,3.95885,0.08817,0,0,0,0.22278,0,0,0,0,0,0,0,0,0,0,0.01738,0.16434,0,0,0,0,0,0.45658,0.25487,0,0.09536,0,0,0,0,0,0,0.02536,0,0,0,0,0,0,0,0,0,0,0,0
"4089_3",0,0,0,0,0,0,0,0,0,0,0,0,0,0,0,0,0,0.18559,0,9.58706,0,1.6051,0,0,1.23619,0.14677,0,0,0,0,0,0,0,0,0,0,0.15065,0,0.94405,0,0,0,0,0,0.05088,0.02975,0.01163,0.26119,0,0,0,0,0.09581,0,0,0,0,0,0,0,0,0.31751,0,0,0.43417,0,0,0,0,0,0,0,0,0,0,0,0,0,0,0,0,0,0.11421,0.06584,4.44077,1.32023,0.02438,0,0,5.57834,0,0,0,0,0,0,6.35497,0,0,0,0,0,0.05213,2.02734,0,1.43794,0,0,0.79276,0,0.13709,0,0,0,0,0,0,0,0,0,0,0,0,0,0,0,0,0,0,0,0,0,0,0,0,0,0,0,0,0,0,0,0,0,0,0,0,0.00433,0,0,0,0,0,0,0,0,0,0,0,0,0,0,0,0,0,0,0,0,0.04042,0,0,0,0,0,0,1.24573,0,0,0.02866,0,0,0,0.06877,0,0.61181,0.0242,1.40359,0,0,0,0,0,0,0,0.00461,0.0079,0.00596,0,0,0,0,0,0,0,0,0,0,0,0,0,0,0,0,0,0,0,0,0,0,0,0,0,0,1.94343,0,0,0,0,0,0,0,0,0,0,0.0531,0,0,1.98752,0,0,0,0,0,0,0,0,0,0,0,0.87793,1.17298,0,0,0,0,0,0,0,0,0,0,0,0.02803,0,0,0,0.19439,0.30556,0,0,0,0,1.28763,0,0,0,0,0,0,0,0,0,0,0,0,0,0,0,0.91623,3.46978,0,0.41213,0.19695,0,0.55382,0,0,0,0,0,0,0,0,0,0,0.63821,0,0,0.20108,11.21983,0,0,0,0,0,0,0.02616,0,0.02719,0,0,0,0.00589,0,0,0.23116,0,0,0,0,0,0.00312,0,0,0,0,0.24196,0,0,0,0,0,0,0,0.53609,0,0,0,0,0,0.25282,0,0,0.06457,0,0.09366,0,0,2.5058,0,0,0,0,0.67786,0.22891,0,0,0,0,0,0,0,0,0,0,0,0,0,0,0,0,0,0,0,0,0,0,0,0,0,0,0.03879,0.0495,0,0,0,0,0,0,0,0,0,0,0,0,0,0,0,0,0.16714,0,0,0,0,0,0.01363,0,0,0,0,0,0,0,0,0,0,0,0,0,0,0,0,0.03533,0,0,0,0.0622,0,0,0.21769,0,0,0,0.34767,0,0,0,0,0.01958,0,0,0,0,0,0,0,0,0,0,0,0,0,0,0,0,0,0,0,0,0,0,0,0,0,0,0,0,0,0,0,0,0,0,0,0,0,0.02217,0,0,0,0,0,0,0.0011,0.27754,3.34573,1.18654,0.868,0,0,0,0.82456,0.28629,0,0,0,0,0.00671,0,0,0,0.42625,14.45079,0,0,0,0.14947,0,0,0,0,0,0,0,0,0,0,4.25956,0.11836,0,0,0,0.05207,0,0,0,0,0,0,0,0,0,0,0,0.02613,0,0,0,0,0,1.09539,0.38036,0,0,0,0,0,0,0,0,0.06931,0,0,0,0,0,0,0,0,0,0,0,0
"4089_2",0,0.10522,0,0,0,0,0,0,0,0,0,0,0,0,0,0,0,0.04269,0,16.60437,0.0544,1.50984,0,0,7.60047,0.63995,0,0,0,0,0,0,0,0,0,0,0,0,0.21013,0,0.01498,0,0,0,0.07343,0.73645,0.57995,0.91825,0,0,0,0,2.59947,0,0,0,0,0,0,0,0,1.08813,0,0,1.61623,0,0,0,0,0,0,0,0,0,0,0,0,0,0,0,0,0,4.61785,0.59985,17.72574,5.22816,0.22102,0,0,0.43699,0,0.08005,0,0,0,0,0.61153,0,0,0.04831,0,0,0,0.97377,0,0.08648,0,0,0.03704,0,0.00141,0.87111,0,0,0,0,0,0.113,0.01097,0,0,0,0,0,0,0.07132,0.01185,0.01346,0,0.10065,0,0,0,0,0,0,0,0,0,0,0,0,0,0,0,0,0,0.00296,0,0,0,0,0,0,0,0,0,0,0,0,0.0029,0,0,0,0,0,0,0,0.04606,0,0,0,0,0,0,0.26177,0,0,0,0,0,0,0.07722,0,0.03471,0.00358,0.35717,0,0,0.01606,0,0.10614,0,0,0,0.01443,0.01477,0,0,0,0,0,0,0,0,0.0533,0,0,0,0,0,0,0,0,0,0,0,0,0,0,0,0,0,1.05001,0,0,0,0,0,0,0,0,0,0,0,0,0,0.35235,0,0,0,0,0,0,0,0,0,1.69928,0,0.22298,0.22295,0,0,0,0,0,0,0,0,0,0,0,0.01064,0,0,0,0.11095,0.08274,0,0,0.00191,0,0.59004,0,0,0,0,0,0,0,0,0,0,0,0,0,0,0,1.07288,0.34176,0,0.04356,0.53979,0,0.12303,0,0,0,0,0,0,0,0,0,0,0.52034,0,0,0.06691,2.35867,0,0,0,0,0,0,0.01813,0.0011,0.03889,0,0,0,0.02003,0,0,0.02604,0,0,0,0,0,0.00355,0,0,0,0,0.08067,0,0,0,0,0,0,0,0.66028,0,0,0,0,0,0.16892,0,0,0.08218,0.00966,0.03274,0,0,0.50527,0.75595,0,0,0,0.30252,0.07042,0,0,0,0,0,0,0,0,0,0.00082,0.01028,0,0,0,0,0,0,0,0,0,0,0,0,0,0,0,0.0099,0.01853,0,0,0,0,0,0,0,0,0,0,0,0,0,0,0,0,0.19084,0,0,0,0,0,0,0,0.0575,0,0,0,0,0,0,0,0,0,0,0,0,0,0,1.12878,0,0.11105,0.00196,0.09464,0.00288,0,5.19229,0,0,0,1.46193,0,0,0,0,1.19853,0,0,0,0,0,0,0,0,0.98142,0,0,0,0,0,0,0,0,0,0,0,0,0,0,0,0,0,0,0,0,0,0,0,0.00151,0,0,0,0,0,0,0,0,0,0,0,0,0.24052,0.13765,1.51094,1.75576,0,0,0,0.05757,0.15301,0.00093,0,0,0,0,0,0,0,0.51976,4.02663,0,0,0,0.19639,0,0,0,0,0,0,0,0,0,0,0.43971,0.0332,0,0,0,0.01982,0,0,0,0,0,0,0,0,0,0,0,0.00204,0,0,0,0.06345,0,0.32876,0.05927,0,0.40863,0,0,0,0,0,0,0.11184,0,0,0,0,0,0,0,0,0.03857,0,0,0
"4089_1",0,0.33374,0,0,0,0,0,0,0,0,0,0,0,0,0,0,0,0.0602,0,32.441,0.0808,1.35681,0,0,5.79418,0.74182,0,0,0,0,0,0,0,0,0,0,0,0,0.09183,0,0.00374,0,0,0,0.11025,0.45393,0.28951,0.99862,0,0,0,0,0.76551,0,0,0,0,0,0,0,0,0.50846,0,0,1.4608,0,0,0,0,0,0,0,0,0,0,0,0,0,0,0,0,0,1.40037,0.34357,10.82013,3.61945,0.11954,0,0,0.46292,0,0,0,0,0,0,5.21817,0,0,0.00499,0,0,0,0.47929,0,0.16098,0,0,0.11125,0,0.00211,2.34643,0,0,0,0,0,0.08155,0.00678,0,0,0,0,0,0,0.11921,0.01878,0.00679,0,0.01108,0,0,0,0,0,0,0,0,0,0,0,0,0,0,0,0,0,0.01377,0,0,0,0,0,0,0,0,0,0,0,0,0,0,0,0,0,0,0,0,0.01953,0,0,0,0,0,0,0.79835,0,0,0,0,0,0,0.10399,0,0,0.00081,0.25081,0,0,0,0,0.0245,0,0,0,0.00732,0.05199,0,0,0,0,0,0,0,0,0.00629,0,0,0,0,0,0,0,0,0,0,0,0,0,0,0,0,0,0.72781,0,0,0,0,0,0,0,0,0,0,0,0,0,0.30336,0,0,0,0,0,0,0,0,0,1.4939,0,0.18798,0.22341,0,0,0,0,0,0,0,0,0,0,0,0.00669,0,0,0,0.15909,0.0772,0,0,0,0,0.49074,0,0,0,0,0,0,0,0,0,0,0,0,0,8e-04,0,2.11173,0.27784,0,0,0.3727,0,0.17915,0,0,0,0,0,0,0,0,0,0,0.52623,0,0,0.03145,2.22218,0,0,0,0,0,0,0.03018,0,0.00185,0,0,0,0.0502,0,0,0.0335,0,0,0,0,0,0,0,0,0,0,0.05946,0,0,0,0,0,0,0,0.20706,0,0,0,0,0,0.06552,0,0,0.03205,0.02339,0.01806,0,0,0.7184,0.4165,0,0,0,0.17089,0.04601,0,0,0,0,0,0,0,0,0,0,0.10758,0,0,0,0,0,0,0,0,0,0,0,0,0,0,0,0.0021,0.00213,0,0,0,0,0,0,0,0,0,0,0,0,0,0,0,0,0.1123,0,0,0,0,0,0.0018,0,0.0634,0,0,0,0,0,0,0,0,0,0,0,0,0,0,1.07577,0,0.0184,0,0.15672,0,0,4.77415,0,0,0,0.98252,0,0,0,0,1.22382,0,0,0,0,0,0,0,0,0.99401,0,0,0,0,0,0,0,0,0,0,0,0,0,0,0,0,0,0,0,0,0,0,0,0,0,0,0,0,0.00392,0,0,0,0,0,0,0,0.49874,0.72634,0.43159,0.36817,0,0,0,0.05018,0.30503,0.00151,0,0,0,0,0,0,0,0.54519,2.6335,0,0,0.00029,0.21484,0,0.00285,0,0,0,0,0,0,0,0,0.33976,0.00899,0,0,0,0.02191,0,0,0,0,0,0,0,0,0,0,0,0.02135,0,0,0,0,0,0.22511,0.13775,0,0.52588,0,0,0,0,0,0,0.01069,0,0,0,0,0,0,0,0,0.04442,0,0,0
"4088_4",0,0,0,0,0,0,0,0,0,0,0,0,0,0,0,0,0,0.03756,0,1.54692,0,0,0,0,4.68601,0,0,0,0,0,0,0,0,0,0,0,0,0,9.37029,0.00713,0,0,0,0,0.02307,0,0,0,0,0,0,0,0,0,0,0,0,0,0.8214,0,2.12694,0,0,0,6.84326,0,0,0,0,0,0,0,0,0,0,0,0,0,0,0.01209,0,0,0,1.44719,25.73673,18.15306,0,1.11024,0,0,0,0,0,0,0,0,0.65814,0,0,0,0,0,0.00284,0.49292,0,0,0,0.00968,0.7001,0,0,0,0,0,0,0,0,0.01969,0.00116,0,0,0,0,0,0,0,0,0,0,0,0,0,0,0,0,0,0,0,0,0,0,0,0,0,0,0,0,0.00135,0,0,0,0,0,0,0,0,0,0,0,0,0,0,0,0,0,0,0,0,0,0.03188,0,0,0,0,0,0.03472,0.00732,6.40066,0,0,0,0,0,0,0,0,0,0,0,0,0,0,0,0,0,0,0,0,0,0,0,0,0,0,0,0,0,0.10995,0,0,0,0,0,0,0,0,0,0,0,0,0,0,0,0.01552,0,0,0,0,0,0,0,0,0,0,0.00154,0,0,0.45643,0,0,0,0,0,0,0,0,0,0.11617,0,0,0,0,0,0,0,0,0,0,0,0,0,0,0,0,0,0,0.08725,0.63176,0,0,0.17326,0,0,0.0104,0,0,0,0,0,0,0,0,0,0,0,0,0,0,1.40949,1.05301,0,0,1.29594,0,0.05726,0,0,0,0,0,0,0,0,0,0.62536,0,0,0,0.00987,2.12068,0,0,0,0,0,0,0,0,0,0,0,0.04765,0,0,0,0,0,0,0,0,0,0,0,0,0,0,0.05371,0.0625,0,0,0.02804,0,0,0,0.49741,0,0,0,0,0,1.30117,0,0,0,0,0.62416,0,0,0.53984,0,0,0,0,0.50879,0,0,0,0,0,0,0,0,0.00059,0,0,0,0.01985,0,0,0,0,0,0,0,0,0,0,0,0,0,0.83898,0,0,0,0,0,0,0,0,0,0,0,0,0,0,0,0,0,0,0,0,0,0,0,0,0,0,0,0,0,0,0,0,0,0,0,0,0,0,0,0,0,0,0,0,0,0,0,0,0,0,0,0,0.82295,0,0,0,0,0,0,0,0,0,0.06778,0,0,0,0,0,0,0,0,0,0,0,0,0,0,0,0,0,0,0,0,0,0,0,0,0,0,0,0,0,0,0,0,0,0,0,0,0,0,0,0,0,0.51602,0,0.07056,0,0,0,0,0,0,0,0,0,0,0,0,0.0868,0.25862,0,0,0,0.00962,0,0,0,0,0,0,0,0,0,0,0,3.45873,0.12687,0,0,0,0,0,0,0,0,0,0,0,0,0,0,0,0.00992,0,0,0,0,0,1.5075,0,0,0,0,0,0,0,0.08571,0,0,0,0,0,0,0,0,0,0,0,0,0,0
"4088_3",0,0,0,0,0,0,0,0,0,0,0,0.00184,0,0,0,0,0,0.07982,0,0.83486,0,0,0,0,2.43651,0,0,0,0,0,0,0,0,0,0,0,0,0,12.67036,0.04019,0.00466,0,0,0,0.09354,0,0,0,0,0,0,0,0,0,0,0,0,0,0.12262,0,1.3929,0,0,0,1.18011,0,0,0,0,0,0,0,0,0,0,0,0,0,0,0.0017,0,0,0,0.15786,10.20218,1.69585,0,0.49655,0,0,0,0,0,0,0,0,0.69421,0,0,0,0,0,0.06804,1.8496,0.03687,0,0,0.1369,1.71041,0,0,0,0,0,0,0,0,0,0,0,0,0,0,0,0,0,0,0,0,0,0,0,0,0,0,0,0,0,0,0,0,0,0,0,0,0,0,0.00712,0,0,0,0,0,0,0.00182,0,0,0,0.00232,0,0.02353,0,0,0,0,0,0,0,0,0.05102,0,0,0.09379,0,0,0.00377,0.0184,32.36149,0,0,0,0,0,0,0,0,0.24752,0,0,0,0,0,0,0,0,0,0,0,0,0,0,0,0,0,0,0,0,0.06287,0,0,0,0,0,0,0,0,0.10592,0,0,0,0,0,0,0.02734,0,0,0,0,0,0,0,0,0,0,0.19306,0.00822,0,1.83938,0.00827,0,0,0,0,0,0,0,0,0.03705,0,0,0,0,0,0,0,0,0,0.01241,0,0,0,0,0,0,0,0,0.88426,1.57664,0,0,0.42504,0,0,0.19505,0,0,0,0,0,0,0,0,0,0.03552,0,0,0.09582,0,3.28177,2.41568,0,0,0.08443,0,0.00708,0,0,0,0,0,0,0,0,0,1.05933,0,0,0,0.041,1.44014,0,0,0,0,0,0,0.02306,0,0,0,0,0.27697,0,0,0,0,0,0,0,0,0,0,0,0,0,0,0.0833,0.40479,0,0,0.03344,0,0,0,0.09999,0,0,0,0,0,1.17616,0,0,0,0,0.48964,0,0,0.29775,0,0,0,0,0.33728,0,0,0,0,0,0,0,0,0.00176,0,0,0,0.07461,0,0,0,0,0,0,0,0,0,0,0,0,0,2.0208,0.0136,0,0,0,0,0,0,0,0,0,0,0,0,0,0,0,0,0,0,0,0,0,0,0,0,0,0,0,0,0,0,0,0,0,0.01361,0,0,0,0,0,0,0,0,0,0,0.00215,0,0,0,0,0,0,0.23269,0,0,0,0,0,0,0,0,0,0.04037,0,0,0,0,0,0,0,0,0,0,0,0,0,0,0,0,0,0,0,0,0,0,0,0,0,0,0,0,0,0,0,0,0,0,0,0,0,0,0,0,0,0.1971,0,0.14257,0,0,0,0,0,0,0,0.00025,0,0,0,0,0.39452,0.47263,0,0,0,0.08959,0,0,0,0,0,0,0,0,0,0,0,8.59085,0.34089,0,0,0,0,0,0,0,0,0.00302,0,0,0,0,0,0.02936,0.10669,0,0,0,0,0,1.31099,0.0033,0,0,0,0,0,0,0.14165,0,0,0,0,0,0,0,0,0,0,0,0,0,0
"4007_3",0,0,0,0,0,0,0,0,0,0,0,0,0,0,0,0,0,0.01755,3.6188,1.88871,0.15508,0,0,0,4.25006,0.0277,0.03374,0,0,0,0,0,0,0,0,0,0,0,6.61326,0,0,0,11.78912,0,0.01192,0,0,0.26595,0,0,0,0,0,0,0,0,0.01491,0,0.32678,0,0.48847,0,0.00031,0,0.01739,0,0,0,0,0,0,0,0,0,0,0,0,0,0,0,0,0,0,0.01038,1.3693,0.17606,0.08164,0,0,0,0,0.33713,0,0,0,0,0,0,0,0,0,0,0,0.19714,0.00381,0,5.92203,0,0,0,0,0,0,0,0,0,0.0048,0,0.0585,0,0,0,0,0,0,0,0.0058,0.0018,0,0.02655,0.18711,0,0,0,0,0,0,0,0,0,0,0,0,0,0.33702,0,0,0.2174,0,0,0,0.10256,0,0,0.03039,0.02251,0,0,0,0,0.016,0,0,0,0,0,0,0,0.04307,0,0,0,0,0,0,0,0,0,0.02653,0,0.83134,0,0,0,0,0,0.77511,0,0,0,0,0.06334,0,0,0,0,0,0,0,0,0,0,0,0,0,0,0,0,0,0,0,0,0,0,0,0,0.47842,0,0,0,0,0,0,0,0,0,0,0,0,0,0.09535,0,0,0,0,0.00993,0,0.9545,0,0,0,0,0,0,0,0,0,0,0,0.07916,0,1.30825,0,0,0,0,0,0,0.00311,0,0,0,0,0,0,0,0,0,2.28287,0,0.17342,0,0,0.01972,0,0.00348,0,0,0,0,0,0,0,0.24106,0.01245,0,0,0,6.2521,0,0,0,4.03896,9.85376,0,0,0,0,0,0.76664,0,0,0,0,0,0.34892,0,0,0,2.7592,7.77736,1.26646,0,0,0,0,0.06352,0,0,0.60385,0.31897,0.10664,0.0208,0.51613,0,0.11476,0,0,0,0,0,0.01229,0,0,0,0,0.15062,0,0,0,0,0,0,0,0,0,0,0,0,0,0,0,0,0,0,0.04037,0,0,3.93002,0,0,0,0,0.09128,0,0,0,0,0,0,0,0,0,0.01246,9e-04,0,0.13787,0,0,0,0,0,0,0,0,0,0,0,0,0,1.61958,0,0,0,0,0,0,0,0,0,0,0,0,0,0,0,0,0,0,0.00107,0,0,0,0,0,0,0,0,0.50914,0,0,0.07927,0,0,0,0,0,0,0,0,0,0,0.05549,0,0,0,0,0,0.04705,0.61635,0,0,0.10697,0.00111,0,0,0,0,0.09807,0,0,0,0,0.41151,0,0,0,0,0,0,0,0,0,0,0,0,0,0,0,0,0,0,1.46783,0,0,0,0,0,0,0,0,0,0,0,0,0,0,0,0,0.08906,0,0,0,0,0.31452,0.08485,0,0.02232,1.0236,0.25124,0,0,1.46623,0.02271,0,0,0,0,0,0.00387,0.17471,0,0,0,0,0.09437,4.29202,0,0,0,0,0,0,0,0,0,0,0.86401,0.05335,0,0,0.06353,0,0,0,0,0,0,0,0,0,0,0,0,0,0,0,0,0.41058,0,0.54288,0,0,0,0,0,0,0,0,0,0,0,0,0,0,0,0,0,0,0,0,0,0
"4088_2",0,0,0,0,0,0,0,0,0,0,0,0,0,0,0.00434,0,0,0.23951,0,1.69874,0,0,0,0,2.76376,0,0,0,0,0,0,0,0,0,0,0,0,0,10.7945,0.07491,0.01601,0,0,0,0.21401,0,0,0,0,0,0,0,0,0,0,0,0,0,0.34826,0,5.09926,0,0,0,2.28701,0,0,0,0,0,0,0,0,0,0,0,0,0,0,0.01874,0,0,0,0.51251,14.39567,6.22751,0,0.94005,0,0,0,0,0,0,0,0,0.29992,0,0,0,0,0,0.02828,1.26659,0,0,0,0.19304,1.26874,0,0,0,0,0,0,0,0,0.00119,0,0,0,0,0,0,0,0,0,0,0,0,0,0,0,0,0,0,0,0,0,0,0,0,0,0,0,0,0,0,0,0,0,0,0,0,0,0,0,0,0,0,0.02759,0,0,0,0,0,0,0,0,0.00435,0,0,0.00652,0,0,0.08937,0.02473,19.01402,0,0,0,0,0,0,0,0,0.00361,0,0,0,0,0,0,0,0,0,0,0,0,0,0,0,0,0,0,0,0,0.12789,0,0,0,0,0,0,0,0,0.11179,0,0,0,0,0,0,0.17244,0,0,0,0,0,0,0,0,0,0,0.06604,0,0,0.88496,0.02632,0,0,0,0,0,0,0,0,0.0179,0,0,0,0,0,0,0,0,0,0,0,0,0,0,0,0,0,0,0.57894,1.00705,0.00084,0,0.46298,0,0,0.16055,0,0,0,0,0,0,0,0,0,0.00737,0,0,0,0,2.51827,1.39021,0,0,0.20161,0,0.05092,0,0,0,0,0,0,0,0,0,0.11977,0,0,0,0.05511,3.35108,0,0,0,0,0,0,0.01799,0,0,0,0,0.40669,0,0,0,0,0,0,0,0,0,0,0,0,0,0,0.12493,0.8269,0,0,0.04353,0,0,0,0.137,0,0,0,0,0,7.06528,0,0,0,0,0.98707,0,0,0.4422,0,0,0,0,0.32844,0,0,0,0,0,0,0,0,0.00069,0,0,0,0.11829,0,0,0,0,0,0,0,0,0,0,0,0,0,0.2578,0.02403,0,0,0,0,0,0,0,0,0,0,0,0,0,0,0,0,0,0.00887,0,0,0,0,0,0,0,0,0,0,0,0,0,0,0,0.10695,0,0,0,0,0,0,0,0,0,0,0,0,0,0,0,0,0,0.46952,0,0,0,0,0,0,0,0,0,0.08781,0,0,0,0,0,0,0,0,0,0,0,0,0,0,0,0,0,0,0,0,0,0,0,0,0,0,0,0.09011,0,0,0,0,0,0,0,0,0,0,0,0,0.01083,0.52653,0.00647,0,0,0,0,0,0,0,0,0,0,0,0,0,0.56744,0.50928,0,0,0,0.36063,0,0,0,0,0,0,0,0,0,0,0,5.33733,0.15737,0,0,0.00027,0,0,0,0,0,0,0,0,0,0,0,0.0932,0.64404,0,0,0,0,0,0.9836,0.00036,0,0,0,0,0,0,0.08378,0,0,0,0,0,0,0,0,0,0,0,0,0,0
"4088_1",0,0,0,0,0,0,0,0,0,0,0,0,0,0,0,0,0,0.06266,0,2.54278,0,0,0,0,4.81388,0,0,0,0,0,0,0,0,0,0,0,0,0,1.48572,0.02981,0,0,0,0,0.05256,0,0,0,0,0,0,0,0,0,0,0,0,0,0.49852,0,12.26364,0,0,0,2.23964,0,0,0,0,0,0,0,0,0,0,0,0,0,0,0.00109,0,0,0,1.43317,15.0486,11.0519,0,1.44882,0,0,0,0,0,0,0,0,0.004,0,0,0,0,0,0.02153,0.20027,0,0,0,0.00602,0.542,0,0,0,0,0,0,0,0,0.01439,0,0,0,0,0,0,0,0,0,0,0,0,0,0,0,0,0,0,0,0,0,0,0,0,0,0,0,0,0,0,0,0,0,0,0,0,0,0,0,0,0,0,0.01657,0,0,0,0,0,0,0,0,0.00529,0,0,0.00754,0,0,0.33868,0.19198,22.77617,0,0,0,0,0,0,0,0,0.0704,0,0,0,0,0,0,0,0,0,0,0,0,0,0,0,0,0,0,0,0,0.04405,0,0,0,0,0,0,0,0,0.16363,0,0,0,0,0,0,0.17556,0,0,0,0,0,0,0,0,0,0,0,0,0,0.42149,0.00695,0,0,0,0,0,0,0,0,0.01471,0,0,0,0,0,0,0,0,0,0.06796,0,0,0,0,0,0,0,0,0.30792,0.2254,0,0,0.07301,0,0,0.11501,0,0,0,0,0,0,0,0,0,0,0,0,2.28573,0,0.58274,0.27618,0,0,0.81332,0,0.25053,0,0,0,0,0,0,0,0,0,0.12381,0,0,0,0.02832,3.80845,0,0,0,0,0,0,0.07082,0,0,0,0,0.12986,0,0,0,0,0,0,0,0,0,0,0,0,0,0,0.20074,0.2131,0,0,0.0256,0,0,0,0.05358,0,0,0,0,0,4.76835,0,0,0,0,0.45118,0,0,0.43864,0,0,0,0,0.39298,0,0,0,0,0,0,0,0,0,0,0,0,0.07778,0,0,0,0,0,0,0,0,0,0,0,0,0,0.73941,0,0,0,0,0,0,0,0,0,0,0,0,0,0,0,0,0,0,0.03014,0,0,0,0,0,0,0,0,0,0,0,0,0,0,0,0.2774,0,0,0,0,0,0,0,0,0,0,0,0,0,0,0,0,0,0.86676,0,0,0,0,0,0,0,0,0,0.10998,0,0,0,0,0,0,0,0,0,0,0,0,0,0,0,0,0,0,0,0,0,0,0,0,0,0,0,0.00398,0,0,0,0,0,0,0,0,0,0,0,0,0.03069,0.63469,0,0,0,0,0,0,0,0,0,0,0,0,0,0,0.16953,0.32295,0,0,0,0,0,0,0,0,0,0,0,0,0,0,0,1.47324,0.18617,0,0,0,0,0,0,0,0,0,0,0,0,0,0,0.00648,0.12934,0,0,0,0,0,1.05856,0,0,0,0,0,0,0,0.18568,0,0,0,0,0,0,0,0,0,0,0,0,0,0
"4087_4",0,0,0,0,0,0,0,0,0,0,0,0,0,0,0,0,0,0.00069,0.334,0.26369,0.19959,0,2.81975,0,7.14395,0.09967,0,0,0,0,0,0,0,0,0,0,0.01519,0,0.78859,0,0,0,0,0,0.03388,0,0,6.65465,0.03968,0,0,0,0,0.353,0,0,0.14889,0,0,0.00406,0,0.18351,0,0,1.0317,0,0,0,0,0,0.00359,0,1.92804,0,0,0,0,0,0,0,0,0,0.84274,0.52396,11.95159,7.26155,0.115,4.79417,0,3.72016,0,0,0.45295,0,0,0.00259,0.23251,0,0,0.01426,0,0,0,0.33967,0,0.03173,0,0,0.05293,0,0,0,0,0,0,0,0.00937,0,0.04786,0,0,0,0,0.01068,0,0,0,0,0,0,0,0,0,0,0,0,0,0,0,0,0,0,0,0,0.00303,0,0,0.01083,0,0,0,0.00365,0,0,0,0,0.20491,0,0.03572,0,0.07019,0,0,0,0,0,0,0,0.05174,0,0,0,0,0,0,0.02268,0.11639,0,0,0,0,0,0,0,0,0,0,0,0,0,0,0,0,0,0,0,0,0,0,0,0,0,0,0,0,0,0,0,0,0,0,0,0,0,0,0,0.04097,0,0,0,0,0,0,0.05705,0,0,0,0,0,0,0,0,0,0,0,0,0,0.51502,0,0,0,0,0,0,0,0,0,0,0,0.34963,0.23904,1.91699,0,0,0,0,0,0,0,0,0,0.04814,0,0,0,0.09662,0.10358,0.21947,0,0,0.01017,0,0,0.14624,0,0,0.02795,0,0,0,0,0,0,0,0,0,0.20927,0,0.30427,0.11426,0,0,2.77491,0,0.03258,0.00057,0,0,0,0.00509,21.13853,0,0,0,0,0,0,0,0.21347,2.42086,0.11382,0.00242,0,0,0,0,0.00799,0,0,2.27705,0,0.06985,0.77019,0,0,0.19346,0,0,0,0,0,0.00543,0,0,0,0,0,0,0,0,0,0,0,0,0.14897,0,0,0.01898,0,0,4.18067,0,0,0,0,0.12118,0,0,0.13549,0,0,0,0,0.10824,0,0,0,0,0,0,0,0,0,0,0.0038,0.0069,0,0,0,0,0,0,0,0,0,0,0,0,0,0,0.27943,0,0,0,0,0,0,0,0,0,0,0,0,0,0,0,0,0,0,0,0,0,0,0,0,0,0,0,0,0,0,0,0,0,0,0.02776,0,0,0,0,0,0,0.19986,0,1.09689,0,0,0,0,0.21822,0,0,0,1.0763,0,0,0,0,0,0,0,0,0,0,0,0,0,0,0.00947,0,0,0,0,0,0,0.04652,0,0,0,0,0,0,0,0,0,0,0,0,0,0,0,0,0.00566,0,0,0,0,0,0,0,0,0,0,0,0.00666,0.80375,0.06235,0.03585,0,0,0,0,0,0,0.41059,0,0,0,0,0,0.18274,0.22285,2.16477,0.00251,0,0,0,0.03251,0.00352,0,0,0,0,0,0,0,0,0.19722,0.32943,0,0,0,0,0,0,0,0,0,0,0,0,0,0,0,0,0,0,0,0,0,0.26523,0.18217,0,0,0,0,0.01966,0,0,0,0,0,0,0,0,0,0,0,0,0,0,0,0
"4087_3",0,0,0,0,0,0,0,0,0,0,0,0,0,0,0,0,0,0.11889,0,0.23464,0.0728,0,2.18631,0,5.24904,0.17501,0,0,0,0,0,0,0,0,0,0,0.00755,0,0.68046,0,0,0,0,0,0.02553,0.05582,0.19833,1.43897,0.05496,0,0,0,0,0.3618,0,0,1.27709,0,0,0.12527,0,0.25915,0,0,0.65755,0,0,0,0,0,0.01301,0,3.00452,0,0,0,0,0,0,0,0,0,1.35456,0.88428,14.97765,4.56008,0.0329,1.36075,0,3.36236,0,0,0,0,0,0,0.32472,0,0,0.01721,0,0,0,0.70457,0,0.06798,0.00063,0,0.29381,0,0,0,0,0,0,0,0.00489,0.00132,0.04608,0,0,0,0,0,0,0,0,0,0,0,0,0,0,0,0,0,0,0,0,0,0,0,0,0,0.02929,0,0,0.1602,0,0,0,0,0,0,0,0,0,0,0,0,0.02129,0,0,0,0,0,0,0,0.01415,0.03175,0,0,0,0,3.4115,0.24126,0.08771,0,0,0,0,0,0,0,0.01041,0.40702,0,0,0,0,0,0,0,0,0,0,0,0,0,0,0,0,0,0,0,0,0,0,0,0,0,0,0,0,0,0,0.06324,0,0,0,0,0,0,1.03751,0,0,0,0,0,0,0,0,0,0,0.03077,0,0,0.43083,0,0,0,0,0,0,0,0,0,0,0,0.4788,0.21725,4.84599,0,0,0,0,0,0,0,0,0,0.08183,0,0,0,0,0.05352,0.12628,0,0,4e-04,0,0,0.00074,0,0,0.00304,0,0,0,0,0,0,0,0,0,0,0,2.29698,0.32195,0,0,4.67912,0,0.65831,0,0,0,0.01938,0.01365,0,0,0,0,0.06863,0.01628,0,0,0.17209,4.80877,0.27028,0.01205,0,0,0,0,0.04649,0,0,2.35747,0,0.02934,0.4297,0,0,0.04694,0,0,0,0,0,0.00072,0,0,0.00911,0,0.02238,0,0,0,0,0,0,0,0.43131,0,0,0.01405,0,0,2.10094,0,0,0,0,0,0,0,0.20712,0,0,0,0,0.15548,0,0,0,0,0,0,0,0,0,0.00729,0,0.01615,0,0,0,0,0,0,0,0,0,0,0,0,0,0,6.15273,0,0,0,0,0,0,0,0,0,0,0,0,0,0.03299,0,0,0,0,0.00372,0,0,0,0,0,0,0,0,0,0,0,0,0,0,0,0.01874,0,0,0,0,0,0,0.0849,0,1.2467,0,0,0,0,1.08384,0,0,0,0.82656,0,0,0,0,0,0,0,0,0,0,0,0,0,0,0,0,0,0,0,0,0,0,0,0,0,0,0,0,0,0,0,0,0,0,0,0,0,0,0.01041,0,0,0,0,0,0,0,0,0,0,0,0,1.29672,0.00262,0.40463,0,0,0,0,0,0,1.1046,0,0,0,0,0.04827,0.05211,0.07911,3.54857,0.06073,0,0,0,0,0,7.76184,0,0,0,0,0,0,0,0.27689,0.11531,0,0,0,0,0,0,0,0,0,0,0,0,0,0,0,0.00147,0,0,0,0,0,0.35086,0.17971,0,0,0,0,0.06875,0,0,0,0,0,0,0,0,0,0,0,0,0,0,0,0
"4087_2",0,0,0,0,0,0,0,0,0,0,0,0,0,0,0,0,0,0,0,0.15993,0.15977,0,1.96908,0,7.04399,0.07594,0,0,0,0,0,0,0,0,0,0,0,0,0.95216,0,0,0,0,0,0.00663,0,0,0.64875,0.00444,0,0,0,0,0.33284,0,0,0.24105,0,0,0.03272,0,0.03588,0,0,0.51629,0,0,0,0,0,0.00227,0,1.18206,0,0,0,0,0,0,0,0,0,1.52309,0.49571,7.39994,5.65879,0.0719,2.00177,0,4.78786,0,0,0,0,0,0,0.29619,0,0,0.01669,0,0,0,0.72161,0,0.0233,0,0,0.33572,0,0,0,0,0,0,0,0,0.00585,0.00599,0,0,0,0,0,0,0,0,0,0,0,0,0,0,0,0,0,0,0,0,0,0,0,0,0,0,0,0,0.00775,0,0,0,0,0,0,0,0,0.03875,0,0,0,0.01163,0,0,0,0,0,0,0,0,0,0,0,0,0,3.4051,0,0.07533,0,0,0,0,0,0,0,0,0.09521,0,0,0,0,0,0,0,0,0,0,0,0,0,0,0,0,0,0,0,0,0,0,0,0,0,0,0,0,0,0,0.03612,0,0,0,0,0,0,0.18459,0,0,0,0,0,0,0,0,0,0,0,0,0,0.71632,0,0,0,0,0,0,0,0,0,0,0,0.4855,0.26409,2.87274,0,0,0,0,0,0,0,0,0,0.02987,0,0,0,0,0.1624,0.29136,0,0,0,0,0,0.02637,0,0,0,0,0,0,0,0,0,0,0,0,0,0,1.77165,0.16443,0,0,10.59322,0,0.60874,0,0,0,0,0,0,0,0,0,0.01094,0,0,0,0.08715,5.19865,0.0612,0,0,0,0,0,0.02112,0,0,1.02114,0,0.03263,1.02996,0,0,0.1142,0,0,0,0,0,0,0,0,0,0,0,0,0,0,0,0,0,0,0.12778,0,0,0,0,0,4.26411,0,0,0,0,0,0,0,0.10526,0,0,0,0,0.10518,0,0,0,0,0,0,0,0,0,0.00786,0,0.27238,0,0,0,0.0325,0,0,0,0,0,0,0,0,0,0,3.27787,0,0,0,0,0,0,0,0,0,0,0,0,0,0.06763,0,0,0,0,0,0,0,0,0,0,0,0,0,0,0,0,0,0,0,0,0,0,0,0,0,0,0,0.00578,0,1.13452,0,0,0,0,0.57343,0,0,0,0.88036,0,0,0,0,0,0,0,0,0,0,0,0,0,0,0,0,0,0,0,0,0,0,0,0,0,0,0,0,0,0,0,0,0,0,0,0,0.00102,0,0.00144,0,0,0,0,0,0,0,0,0,0,0,0,0.10592,0,0.00352,0,0,0,0,0,0,0.18701,0,0,0,0,0.13543,0.12036,0.08353,9.63238,0.00909,0,0,0,0,0,10.92663,0,0,0,0,0,0,0,0.81513,0.14733,0,0,0,0,0,0,0,0,0,0,0,0,0,0,0,0,0,0,0,0.00489,0,0.31955,0.52571,0,0,0,0,0,0,0,0,0,0,0,0,0,0,0,0,0,0,0,0,0
"4087_1",0,0,0,0,0,0,0,0,0,0,0,0,0,0,0,0,0,0.03753,0.00257,0,0.00938,0,0.30976,0,0.66255,0.00668,0,0,0,0,0,0,0,0,0,0,0.0062,0,2.22709,0,0,0,0,0,0.08075,0.00148,0.01151,0.07491,0,0,0,0,0,0.01328,0,0,0.03621,0,0,0.08827,0,0,0,0,0.03654,0,0,0,0,0,0,0,0.1196,0,0,0,0,0,0,0,0,0,0.10303,0.00268,0.53258,0.50748,0.02209,0.32145,0,7.16007,0,0,0,0,0,0,0.88826,0,0,0,0,0,0,1.39473,0,0.16801,0,0,0.58498,0,0.00133,0,0,0,0,0,0,0,0,0,0,0,0,0,0,0,0,0,0,0,0,0,0,0,0,0,0,0,0,0,0,0,0,0,0.03433,0,0,0.09694,0,0,0,0,0,0,0,0,0.20569,0,0,0,0.01614,0,0,0,0,0,0,0,0.15974,0.00278,0,0,0,0,0.86775,0.02922,0.18141,0,0,0,0,0,0,0,0.00487,0.25269,0,0,0,0,0,0,0,0,0,0,0,0,0,0,0,0,0,0,0,0,0,0,0,0,0,0,0,0,0,0,0.12547,0,0,0,0,0,0,0.46584,0,0,0,0,0,0,0,0,0,0,0,0,0,2.46862,0,0,0,0,0,0,0,0,0,0,0,0.96718,0.51414,9.03104,0,0,0,0,0,0,0,0,0,0,0,0,0,0,0.26736,0.90863,0,0,0,0,0,0.0768,0,0,0,0,0,0,0,0,0,0,0,0,0.05488,0,3.05142,0.49293,0,0.00234,7.26568,0,0.37055,0,0,0,0.02484,0,0,0,0,0,0.08522,0,0,0,0.24707,5.31411,0.03265,0,0,0,0,0,0.01103,0,0,6.03519,0,0.0893,1.17652,0,0,0.05189,0,0,0,0,0,0.00311,0,0,0.001,0,0,0,0,0,0,0,0,0,0.8463,0,0,0,0,0,7.59296,0,0,0,0,0,0,0,0.73349,0,0,0,0,0.28651,0,0,0,0,0,0,0,0,0,0,0,1.36701,0,0,0,0.13219,0,0,0,0,0,0,0,0,0,0,2.51603,0,0,0,0.01896,0,0,0,0,0,0,0,0,0,0.02385,0,0.00342,0,0,0,0,0,0,0,0,0,0,0,0,0,0,0,0,0,0,0.13131,0,0,0,0,0,0,0,0,0.61152,0,0,0,0,0.07639,0,0,0,0.50114,0,0,0,0,0,0,0,0,0,0,0,0,0,0,0,0,0,0,0,0,0,0,0,0,0,0,0,0,0,0,0,0,0,0,0,0,0,0,0,0,0,0,0,0,0,0,0,0,0,0,0.14261,0.34924,0.05366,0.10084,0,0,0,0,0,0,0.64681,0,0,0,0,0,0.24399,1.45632,9.72494,0.11852,0,0,0,0,0.02906,13.24222,0,0,0,0,0,0,0,1.00689,0.10304,0,0,0,0,0,0,0,0,0,0,0,0,0,0,0,0,0,0,0,0.32547,0,0.65477,0.56324,0,0,0,0,0,0,0,0,0,0,0,0,0,0,0,0,0,0,0,0,0
"4086_4",0,0,0,0,0,0,0,0,0,0,0,0,0,0,0,0,0,0.01066,0,0.65368,0,0,0,0.21657,0,0.47114,0,0,0,0,0,0,0,0,0,0,0,0,1.23374,0,0,0,0.57367,0,0.00999,0,0.07623,0.37764,0,0,0,0,8.56115,1.13481,0,0,0,13.65545,0,0,0,0,0.0852,0,0.12425,0,0,0,0,0,0,0,0,0,0,0,0,0,0,0,0,0,3.06508,0.75141,6.68832,0.477,1.37483,0,0,0,0,0,0,0,0,0,0.16055,0,0,0,0,0,0,0.44194,0,0,0.01848,0,0.08128,0,0,0,0,0,0,0,0,0.11418,0.02475,0,0,0,0,0,0,0,0.00049,0.00786,7.86484,0.11068,0,0,0,0,0,0,0,0,0,0,0,0,0,0,0.13391,0,0,0.00049,0,0,0,0,0,0,0,0,0,0,0,0,0,0,0,0,0,0,0,0,0.26421,0.01789,0,0,0,0,0,0,0,0,0.00444,0,0,0,0,0,0,0,0.0162,0,0,0,0,0.14489,0,0,0,0,0,0,0,0,0,0.1656,0,0,0,0,0,0.03691,0,0,0,0,0,0,0,0,0.12373,0,0,0,0,0,0,1.49827,0,0,0,0,0,0,0,0,0,0,0,0,0,0.03906,0,0,0,0,0,0,0,0,0,0.03663,0,0.00775,0.16608,0.5724,0,0,0,0,0,0,0,0,0,0,0,0,0,0,0.11119,0.04756,0,0,0.16009,0,0,0.04451,0,0,0,0,0,0,0,0,0,0,0,0,0,0,2.71031,0.43362,0,0.20286,4.69714,9.30388,0,0,0,0,2.11184,0.08682,0,0,0.40407,0,0.20895,0,0,0,0.03396,4.30167,0.309,0.00436,0,0,0,0,0.05283,0,0,0.05425,0.07461,0.00379,0,1.09166,0.12661,0.00787,0,1.27377,0,0,0.66808,0.23235,0,0,0,0,0.02346,0,0,0.02355,0,0,0,0,1.00299,0,0,0,0,0,0.67103,0,0,0,0,0,0,0,0.45791,0,0,0,0,0.34122,0.03658,0,0,0,0,0,0,0,0,0,0,0,0,0,0,0,0,0,0,0,0,0,0,0,0,0,2.99531,0,0.00136,0,0,0,0.01685,0,0,0,0,0,0,0,0,0,0,0,0,0.02462,0,0,0,0,0,0,0,0,0,0,0,0,0,0,0,0.04566,0,0,0,0,0,0,0,0,0,0,0,0,0,1.30031,0,0,0,1.44848,0,0,0,0,0,0,0,0,0,0.08119,0,0,0,0,0,0,0,0,0,0,0,0,0,0,0,0,0,0,0,0,0,0,0,0,0,0,0,0,0,6.06858,0,0,0,0,0,0,0,0,0,0,0,0.48829,0.4908,1.41263,0,0,0,0,0,0.17215,0,0,0,0,0.00668,0,0.01743,0.20545,1.27748,0,0,0,0.20054,0,0,0,0,0,0,0,0,0,0,0.04492,0,0,0,0,0,0,0,0,0,0,0,0,0,0,0,0,0,0,0,0,0,0,0.54486,0.2453,0,0,0,0,0,0,0,0,0,0,0,0,0,0,0,0,0,0.0024,0,0,0
"4086_3",0,0,0,0,0,0,0,0,0,0,0,0,0,0,0,0,0,0.06818,0.00474,0.3803,0,0,0,0.10336,0,0.49027,0,0,0,0,0,0,0,0,0,0,0,0,0.77784,0.00375,0,0,1.31821,0,0.05656,0,0.16187,0.12766,0,0,0,0,5.68292,2.40428,0,0,0,6.84668,0,0,0,0,0.33703,0,0.06451,0,0,0,0,0,0,0,0,0,0,0,0,0,0,0,0,0,5.2412,0.93112,5.04679,0.18014,5.40065,0,0,0,0,0,0,0,0,0,0.0553,0.01334,0,0,0,0,0,1.09117,0,0,0.02403,0,0.04935,0,0,0,0,0,0,0,0,0.02196,0.03969,0,0,0,0,0,0,0,0.02818,0.17358,4.09669,0.2506,0,0,0,0,0,0,0,0,0,0,0,0,0,0,0.19059,0,0,0.00581,0,0,0,0,0,0,0,0,0,0,0,0,0.00812,0,0,0,0,0,0,0,0.83367,0.02369,0,0,0,0,0,0,0,0,0.01017,0,0,0,0,0,0,0,0.2175,0,0,0,0,0.33248,0,0,0,0,0,0,0,0,0,0.14555,0,0,0,0,0,0.02146,0,0,0,0,0,0,0,0,0.09306,0,0,0,0,0,0,0.36539,0,0,0,0,0,0,0,0,0,0,0,0,0,0.04203,0,0,0,0,0,0,0,0,0,0.17023,0,0.00264,0.36566,0.76854,0,0,0,0,0,0,0,0,0,0,0,0,0,0,0.28347,0.31286,0,0,0.11023,0,0,0.13742,0,0,0,0,0,0,0,0,0,0,0,0,0,0,0.05575,0.40011,0,0.16387,9.86483,7.00413,0,0,0,0,4.62296,0.16657,0,0.05745,0.93973,0,0.10623,0,0,0,0.05557,4.12445,0.34711,0.00615,0,0,0,0,0.14706,0,0,0.14132,0.3075,0.02179,0,2.68876,0.23281,0.02367,0,0.49601,0,0,0.35677,0.10314,0,0,0,0,0.02181,0,0,0.01326,0.00147,0,0,0,0.66884,0,0,0.00341,0,0,2.15556,0,0,0,0.00299,0,0,0,0.73583,0,0,0,0,0.50421,0.04858,0,0,0,0,0,0,0,0,0,0,0.0045,0,0,0,0,0,0,0,0,0,0,0,0,0,0,1.34803,0,0.00872,0,0,0,0,0,0,0,0,0,0,0,0,0,0.02282,0,0,0.02632,0,0,0,0,0,0,0,0,0,0,0,0,0,0,0,0.08139,0,0,0,0,0,0,0,0,0,0,0,0.00293,0,1.99844,0,0,0,1.45667,0,0,0,0,0,0,0,0,0,0.04844,0,0,0,0,0,0,0,0,0,0,0,0,0,0,0,0,0,0,0,0,0,0,0,0,0,0,0,0,0,4.23496,0,0,0,0,0,0,0,0,0,0,0,0.87695,1.08793,2.2694,0,0,0,0,0,0.08421,0,0,0,0,0.00165,0,0.03766,0.0223,1.71325,0,0,0,0.49066,0,0,0,0,0,0,0,0,0,0,0.19612,0.03204,0,0,0,0,0,0,0,0,0,0,0,0,0,0,0.00102,0.0196,0,0,0,0.1732,0,0.91949,0.3367,0,0,0,0,0,0,0,0,0,0,0,0,0,0,0,0,0,0.00231,0,0,0
"4086_2",0,0,0,0,0,0,0,0,0,0,0,0,0,0,0,0,0,0.01747,0.03002,1.34465,0,0,0,0.1732,0.0036,0.37475,0,0,0,0,0,0,0,0,0,0,0,0,0.51372,0.00057,0,0,0.31567,0,0.01792,0,0.03984,0.50849,0,0,0,0,15.83735,2.35003,0,0,0,17.03201,0,0,0,0,0.12549,0,0.79291,0,0,0,0,0,0,0,0,0,0,0,0,0,0,0,0,0,7.73606,1.22241,10.21275,1.02202,5.45305,0,0,0,0,0,0,0,0,0,0.24195,0,0,0.00043,0,0,0,0.07569,0,0.00101,0,0,0.06488,0,0,0,0,0,0,0,0,0.02961,0.04592,0,0,0,0,0,0,0,0,0,7.90288,0.04131,0,0,0,0,0,0,0,0,0,0,0,0,0,0,0.04476,0,0,0.00355,0,0,0,0,0,0,0,0,0,0,0,0,0,0,0,0,0,0,0,0,0.0648,0.00427,0,0,0,0,0,0,0,0,0,0,0,0,0,0,0,0,0.00605,0,0,0,0,0.07107,0,0,0,0,0,0,0,0,0,0,0,0,0,0,0,0.01049,0,0,0,0,0,0,0,0,0.01813,0,0,0,0,0,0,0.10838,0,0,0,0,0,0,0,0,0,0,0,0,0,0.02642,0,0,0,0,0,0,0,0,0,0.05508,0,0.00136,0.0825,0.36746,0,0,0,0,0,0,0,0,0,0,0,0,0,0,0.04379,0.04273,0,0,0.05129,0,0,0.03788,0,0,0,0,0,0,0,0,0,0,0,0,0,0,0.59502,0.08769,0,0.06629,3.93186,1.85728,0,0,0,0,2.13265,0,0,0.00357,0.0992,0,0,0,0,0,0.02478,2.63475,0.05145,0.00079,0,0,0,0,0.06785,0,0,0.03167,0.04345,0.00676,0,0.33094,0.04626,0.00253,0,0.6395,0,0,0.11727,0.04548,0,0,0,0,0.00894,0,0,0,0.00102,0,0,0,0.22916,0,0,0.00173,0,0,0.54152,0,0,0,0.00129,0,0,0,0.40125,0,0,0,0,0.24638,0,0,0,0,0,0,0,0,0,0,0,0,0,0,0,0,0,0,0,0,0,0,0,0,0,0,0.80009,0,0.00142,0,0,0,0,0,0,0,0,0,0,0,0,0,0,0,0,0.02217,0,0,0,0,0,0,0,0,0,0,0,0,0,0,0,0.02157,0,0,0,0,0,0,0,0,0,0.00178,0,0.00458,0,2.53981,0,0,0,2.06769,0,0,0,0,0,0,0,0,0,0.0448,0,0,0,0,0,0,0,0,0,0,0,0,0,0,0,0,0,0,0,0,0,0,0,0,0,0,0,0,0,1.89621,0,0,0,0,0,0,0,0,0,0,0,0.37018,0.4356,0.76959,0,0,0,0,0,0.01365,0,0,0,0,0.00291,0,0.00607,0.16838,1.13564,0,0,0,0.16974,0,0,0,0,0,0,0,0,0,0,0.04511,0.00789,0,0,0,0,0,0,0,0,0,0,0,0,0,0,0,0.00456,0,0,0,0.00946,0,0.487,0.12262,0,0,0,0,0,0,0,0,0,0,0,0,0,0,0,0,0,0.03547,0,0,0
"4086_1",0,0,0,0,0,0,0,0,0,0,0,0,0,0,0,0,0,0.04036,0.00646,1.85101,0,0,0,0.57345,0.00329,0.41437,0,0,0,0,0,0,0,0,0,0,0.01893,0,1.24521,0.00344,0,0,3.38087,0,0.07592,0,0.17666,0.26968,0,0,0,0,9.30089,1.734,0,0,0,8.03736,0,0,0,0,0.10716,0,0.07468,0,0,0,0,0,0,0,0,0,0,0,0,0,0,0,0,0,3.44043,0.69862,7.14804,0.69411,1.02757,0,0,0,0,0,0,0,0,0,0.2003,0,0,0.00242,0,0,0,0.22874,0,0.03452,0.02814,0,0.10052,0,0.00046,0,0,0,0,0,0,0.01911,0.04052,0,0,0,0,0,0,0,0.04923,0.23025,9.43886,0.0601,0,0,0,0,0,0,0,0,0,0,0,0,0,0,0.19267,0,0,0.00238,0,0,0,0,0,0,0,0,0,0,0,0,0.02254,0,0,0,0,0,0,0,0.12328,0.04337,0,0,0,0,0,0,0,0,0,0,0,0,0,0,0,0,0.07962,0,0,0,0,0.07168,0,0,0,0,0,0,0,0,0,0,0,0,0,0,0,0.06106,0,0,0,0,0,0,0,0,0.07153,0,0,0,0,0,0,0.40141,0,0,0,0,0,0,0,0,0,0,0,0,0,0.03811,0,0,0,0,0,0,0,0,0,0.09482,0,0.01157,0.14038,0.43277,0,0,0,0,0,0,0,0,0,0,0,0,0,0,0.09108,0.12513,0,0,0.07923,0,0,0.05302,0,0,0,0,0,0,0,0,0,0,0,0,0,0,3.1614,0.44163,0,0.08538,2.71232,6.60407,0,0,0,0,0.97414,0.41292,0,0,0.39548,0,0,0,0,0,0.0703,4.62259,0.65099,0.02003,0,0,0,0,0.15891,0,0,0.26284,0.09014,0.03281,0.00076,2.22506,0.29571,0.20324,0,0.82757,0,0,0.39308,0.16448,0,0,0,0,0,0,0,0.04038,0.01063,0,0,0,0.75639,0,0,0.02227,0,0,1.64396,0,0,0,0.18921,0.00063,0,0,0.62644,0,0,0,0,0.14492,0.01973,0,0,0,0,0,0,0,0,0.00067,0,0,0,0,0,0,0,0,0,0,0,0,0,0,0,0,3.15809,0,0.01006,0,0,0,0,0,0,0,0,0,0,0,0,0,0,0,0,0.08727,0,0,0,0,0,0,0,0,0,0,0,0,0,0,0,0.05138,0,0,0,0,0,0,0,0,0,0,0,0.00649,0,3.0864,0,0,0,1.65576,0,0,0,0,0,0,0,0,0,0.07712,0,0,0,0,0,0,0,0,0,0,0,0,0,0,0,0,0,0,0,0,0,0,0,0,0,0,0,0,0,4.26977,0,0,0,0,0,0,0,0,0,0,0,0.26976,0.34548,1.14576,0,0,0,0,0,0.20433,0,0.00023,0,0,0.00906,0.01503,0.04883,0.45986,1.85296,0,0,0,1.42681,0,0.00571,0,0,0,0,0,0,0,0,0.07242,0.00833,0,0,0,0,0,0,0,0,0,0,0,0,0,0,0,0.00597,0,0,0,0.01053,0,0.30922,0.20645,0,0,0,0,0,0,0,0,0,0,0,0,0,0,0,0,0,0.04848,0,0,0
"4007_2",0,0,0,0,0,0,0,0,0,0,0,0,0,0,0,0,0,0.00298,11.75511,0.45603,0,0,0,0,0.48799,0,0,0,0,0,0,0,0,0,0,0,0,0,6.63527,0,0,0,9.90287,0,0,0,0,0.02698,0,0,0,0,0,0,0,0,0,0,0.03861,0,0.04998,0,0,0,0.04445,0,0,0,0,0,0,0,0,0,0,0,0,0,0,0,0,0,0,0,0.84914,0.04739,0,0,0,0,0,1.09017,0,0,0,0,0,0,0,0,0,0,0,1.15822,0,0,21.00179,0,0,0,0.01297,0,0,0,0,0,0,0,0,0,0,0,0,0,0,0,0,0,0,0,0,0,0,0,0,0,0,0,0,0,0,0,0,0,0,0,0,0,0,0,0,0,0,0,0,0,0,0,0,0,0,0,0,0,0,0,0,0,0,0,0,0,0,0,0,0,0,0,0,0,0.20275,0,0,0,0,0,0.45509,0,0,0,0,0,0,0,0,0,0,0,0,0,0,0,0,0,0,0,0,0,0,0,0,0,0,0,0,0,0.03616,0,0,0,0,0,0,0,0,0,0,0,0,0,0,0,0,0,0,0,0,1.19105,0,0,0,0,0,0,0,0,0,0,0,0.01253,0,0.47001,0,0,0,0,0,0,0,0,0,0,0,0,0,0,0,0,1.27861,0,0.1082,0,0,0.02101,0,0,0,0,0,0,0,0,0,0,0,0,0,0,0.33657,0,0,0,0.01415,10.08906,0,0,0,0,0,0,0,0,0,0,0,0.08947,0,0,0,0.25954,22.06857,3.72227,0,0,0,0,0,0,0,0.48647,0.08606,0.18918,0,1.26528,0,0.15993,0,0,0,0,0,0.01271,0,0,0,0,0.01835,0,0,0,0,0,0,0,0,0,0,0,0,0,0,0,0,0,0,0.00326,0,0,0,0,0,0,0,0.08117,0,0,0,0,0,0,0,0,0,0,0,0,0.0638,0,0,0,0,0,0,0,0,0,0,0,0,0,0.06662,0,0,0,0,0,0,0,0,0,0,0,0,0,0,0,0,0,0,0.00645,0,0,0,0,0,0,0,0,1.36721,0,0,0.19785,0,0,0,0,0,0,0,0,0,0,0,0,0,0,0,0,0,0.03222,0,0,0,0,0,0,0,0,0,0,0,0,0,0.14565,0,0,0,0,0,0,0,0,0,0,0,0,0,0,0,0,0,0,0.44746,0,0,0,0,0,0,0,0,0,0,0,0,0,0,0,0,0,0,0,0,0,0.01896,0,0.00631,0.00138,0.44015,0.15653,0,0,0,0,0,0,0,0,0,0,0.22559,0,0,0,0,0,0,0,0,0,0,0,0,0,0,0,0,0.15209,0.04828,0,0,0.00161,0,0,0,0,0,0,0,0,0,0,0,0,0,0,0,0,0.15507,0,0.24939,0,0,0,0,0,0,0,0,0,0,0,0,0,0,0,0,0,0,0,0,0,0
"4084_4",0,0,0,0,0,0,0,0,0,0,0,0,0,0,0,0,0,0.00643,0.00338,19.20135,0,0,0,0.30321,11.5902,0,0,0,0,0,0,1.53984,0,0,0,0,0.00658,0,0.85396,0,0,0,0,0,0.01472,0,0,0,1.74949,0,0,0,0,0,0,0,0.62235,6.84501,0,0,0,0.427,0.03546,0,4.60888,0,0,0,0,0,0,0,0,0,0,0,0,0,0,0,0,0,0,0.67419,0,3.70808,0,0,0,5.79862,3.90915,0,0,0,0,0,0.80344,0,0,0.01161,0,0,0,0.38623,0,0.1439,0.17766,0,0.00894,0,0,0,0,0,0,0,0,0,0,0,0,0,0,0,0,0,0,0,0,0,0,0,0,0,0,0,0,0,0,0.03408,0,0,0,0,0.09058,0,0,0.00302,0,0,0,0,0,0,0,0,0,0,0,0,0,0,0,0,0,0,0,0,0,0.00606,0,0,0.00287,0,0.05789,0,0,3.41893,0.00454,0,0,0,0,0,0.01357,0,0,0,0,0,1.23575,0,0,0,0,0,0,0,0,0,0,0,0,0,0,0,0,0,0,0,0,0,0,0,0,0,0,0,0,0,0,0,0,0,0,0,0,0,0,0,0,0,0,0,0,0,0,0.34233,0,0,0,0,0,0,0,0,0,0,0,0.3457,0.15384,0,0,0,0,0,0,0,0,0,0,0,0,0.41686,0,0,0.08138,0.24688,0,0,0,0,0,0.1046,0,0,0,0,0,0,0,0,0,0,0,0,0,0,1.06866,0.45247,0,0.05409,1.482,0.0643,0.24238,0,0,0,0,0.04966,0,0.00038,0,0,0,0,0,0,0.02895,2.0517,0.88304,0.08246,0,0,0,0,0.01102,0,0,0.24948,0,0.02265,0.00933,0.59364,0.13688,0.00575,0,9.34358,0,0,0,0,0,0.33894,0,0,0.00164,0,0,0,0,0,0,0,0.28467,0,0,0,0,0,0,0,0,0,0,0,0,0,0.67863,0,0,0,0,0.31233,0.01619,0,0.02765,0,0,0,0,0,0,0,0,0.10637,0.04683,0.01648,0,0,0,0,0,0,0,0,0,0,0,0,0.56709,0,0,0,0,0,0,0,0,0,0,0,0,0,0.01848,0,0,0,0,0,0,0,0,0,0,0,0,0,0,0,0,0,0,0,0,0,0,0,0,0,0,0,0,0,0,0,0,0,0,1.08634,0.58778,0,0,0,0,0,0,0,0.0019,0,0,0,0,0,0,0,0,0,0,0,0,0,0.21386,0.01374,0,0,0,0,0,0,0,0,0,0,0,0,0,0,0,0,0,0,0.53147,0,0,0,0,0,0,0,0,0.03136,0,0.00657,0.05797,0.0361,0.0746,0.03776,0,0,0.00695,0.01138,0,0,0.0751,0,0,0.02472,0,0,0.08816,0.41645,5.06134,0,0,0,0,0,0,0,0.4789,0,0,0,0,0,0,0.10399,0.00954,0,0,0,0,0,0,0,0,0,0,0,0,0,0,0,0.23069,0,0,0,0.00387,0,1.53665,0.03323,0,0,0,0,0,0,0,0,0.0033,0,0,0,0,0,0,0,0,0,0,0,0
"4084_3",0,0,0,0,0,0,0,0,0,0,0,0,0,0,0,0,0,0.04377,0.00597,11.91227,0,0,0,0.16957,7.75699,0,0,0,0,0,0,0.55289,0,0,0,0,0.03748,0,1.74227,0,0,0,0,0,0.02767,0,0,0,5.20745,0,0,0,0,0,0,0,0.61512,3.31559,0,0,0,0.31558,0.01762,0,6.62437,0,0,0,0,0,0,0,0,0,0,0,0,0,0,0,0,0,0,0.60752,0,4.06894,0,0,0,4.09809,3.90895,0,0,0,0,0,0.65864,0,0,0.00743,0,0,0,0.94124,0,0.11876,0.22062,0,0.03362,0,0,0,0,0,0,0,0,0,0,0,0,0,0,0,0,0,0,0,0,0,0,0,0,0,0,0,0,0,0,0,0,0,0,0,0.09092,0,0,0.00129,0,0,0,0,0,0,0,0,0.06549,0,0,0,0.00099,0,0,0,0,0,0,0,0,0.00057,0,0,0.01229,0,0.03903,0,0,8.88046,0.36808,0,0,0,0.12356,0,0.22283,0,0,0,0,0,0.54002,0,0,0,0,0,0,0,0,0,0,0,0,0,0,0,0,0,0,0,0,0,0,0,0,0,0,0,0,0,0,0,0,0,0,0,0,0,0,0,0,0,0,0,0,0,0,0.42093,0,0,0,0,0,0,0,0,0,0,0,0.42509,0.18515,0,0,0,0,0,0,0,0,0,0,0,0,0.67237,0,0,0.30236,0.67207,0,0,0,0,0,0.15991,0,0,0,0,0,0,0,0,0,0,0,0,0.10209,0,0.84643,0.99853,0,0.07637,1.76619,0.10148,0.08935,0,0,0,0,0.12224,0,0,0,0,0,0.05667,0,0,0.11076,1.20933,2.1598,0.23443,0,0,0,0,0.0085,0,0,0.69902,0,0.04122,0.01232,0.42371,0.07124,0.02736,0,9.43216,0,0,0,0,0,0.15232,0,0,0,0,0,0,0,0,0,0,0.13974,0,0,0,0,0,0,0,0,0,0,0,0,0,0.45594,0,0,0,0,0.31205,0.04414,0,0,0.00643,0,0,0,0,0,0,0,0.19436,0.03617,0,0,0,0.03729,0.02264,0,0,0,0,0,0,0,0,0.48771,0,0,0,0,0,0,0,0,0,0,0,0,0,0.01136,0,0.01253,0,0,0,0,0,0,0,0,0,0,0,0,0,0,0,0,0,0,0,0,0,0,0,0,0,0,0,0,0,0,0,0,1.61586,0.76487,0,0,0,0,0,0,0,0,0,0,0,0,0,0,0,0,0,0,0,0,0,0.17838,0,0,0,0,0,0,0,0,0,0,0,0,0,0,0,0,0,0,0,0.19846,0,0,0,0,0,0,0,0,0,0,0.0021,0.05263,0.91311,0.07475,0.01059,0.01175,0,0.23089,0.01852,0,0,0.05465,0,0,0,0,0,0.12419,1.0612,5.52873,0,0,0,0,0,0,0,0.3738,0,0,0,0,0,0,0.21467,0.00682,0,0,0,0,0,0,0,0,0,0,0,0,0,0,0,0.12136,0,0,0,0,0,1.2568,0.2271,0,0,0,0,0,0,0,0,0,0.07018,0,0,0.19485,0,0,0,0,0,0,0,0
"4084_2",0,0,0,0,0,0,0,0,0,0,0,0,0,0,0,0,0,0.06318,0.00346,11.79833,0,0,0,0.129,9.92225,0,0,0,0,0,0,0.64111,0,0,0,0,0,0,0.87638,0,0,0,0,0,0.00268,0,0,0,2.60224,0,0,0,0,0,0,0,4.26636,5.94128,0,0,0,0.53018,0.0408,0,9.12366,0,0,0,0,0,0,0,0,0,0,0,0,0,0,0,0,0,0,1.32132,0,11.00863,0,0,0,0.62035,1.5165,0,0,0,0,0,0.1532,0,0,0,0,0,0,0.05961,0,0.0552,0.02719,0,0.0222,0,0,0,0,0,0,0,0,0,0,0,0,0,0,0,0,0,0,0,0,0,0,0,0,0,0,0,0,0,0,0,0,0,0,0,0.15321,0,0,0.0026,0,0,0,0,0,0,0,0,0,0,0,0,0,0,0,0,0,0,0,0,0,0.01054,0,0,0.02765,0.0102,0,0,0,1.50577,0,0,0,0,0,0,0,0,0,0,0,0,0.46501,0,0,0,0,0,0,0,0,0,0,0,0,0,0,0,0,0,0,0,0,0,0,0,0,0,0,0,0,0,0,0,0,0.08716,0,0,0,0,0,0,0,0,0,0,0,0,0,0.13934,0,0,0,0,0,0,0,0,0,0,0,0.20974,0.04788,0,0,0,0,0,0,0,0,0,0,0,0,0.13332,0,0,0.07424,0.16413,0,0,0,0,0,0.12441,0,0,0,0,0,0,0,0,0,0,0,0,0,0,1.67177,0.29488,0,0.03171,6.70716,0.1387,0.09447,0,0,0,0,0,0,0,0,0,0,0.01269,0,0,0.05489,2.08883,0.35162,0.02529,0,0,0,0,0.04582,0,0,0.17318,0,0.00181,0.01476,0.05579,0.0523,0.00225,0,6.81833,0,0,0,0,0,0.57228,0,0,0.00127,0,0,0,0,0,0,0,0.16699,0,0,0.00271,0,0,0,0,0,0,0,0,0,0,0.29847,0,0,0,0,0.10004,0,0,0.02918,0,0,0,0,0,0,0,0,0.04482,0.00932,0,0,0,0,0,0,0,0,0,0,0,0,0,0.93939,0,0,0,0,0,0,0,0,0,0,0,0,0,0.00247,0,0,0,0,0,0,0,0,0,0,0,0,0,0,0,0,0,0,0,0,0,0,0,0,0,0,0,0,0,0,0,0,0,0,5.79047,0.63288,0,0,0,0,0,0,0,0.00628,0,0,0,0,0,0,0,0,0,0,0,0,0,0.14822,0,0,0,0,0,0,0,0,0,0,0,0,0,0,0,0,0,0,0,1.52157,0,0,0,0,0,0,0,0,0,0,0,0.09501,0.02059,0.11571,0.15273,0.13095,0.02759,0,0.13297,0,0.01017,0.5997,0,0,0,0,0,0.02483,0.40571,1.6094,0,0,0,0,0,0,0,0.04981,0,0,0,3.1785,0,0,0.04078,0,0,0,0,0,0,0,0,0,0,0,0,0,0,0,0,0.01242,0,0,0,0,0,0.52051,0.07729,0,0,0,0,0,0,0,0,0.00081,0.01157,0,0,0,0,0,0,0,0,0,0,0
"4084_1",0,0,0,0,0,0,0,0,0,0,0,0,0,0,0,0,0,0.08738,0.00049,8.41369,0,0,0,0.11064,10.02099,0,0,0,0,0,0,0.33629,0,0,0,0,0.00914,0,1.20368,0,0,0,0,0,0.0142,0,0,0,3.83086,0,0,0,0,0,0,0,0.71895,5.132,0,0,0,0.39429,0.02707,0,3.16662,0,0,0,0,0,0,0,0,0,0,0,0,0,0,0,0,0,0,0.63339,0,6.0134,0,0,0,0.78415,4.34173,0,0,0,0,0,0.64555,0,0,0,0,0,0,0.23102,0,0.13119,0.25912,0,0.02281,0,0,0,0,0,0,0,0,0,0,0,0,0,0,0,0,0,0,0,0,0,0,0,0,0,0,0,0,0,0,0,0,0,0,0,0.23806,0,0,0.00264,0,0,0,0,0,0,0,0,0,0,0,0,0.01538,0,0,0,0.01762,0,0,0,0,0.01322,0,0,0.01289,0.00331,0.03914,0,0,5.18692,0,0,0,0,0.05619,0,0,0,0,0,0,0,1.8163,0,0,0,0,0,0,0,0,0,0,0,0,0,0,0,0,0,0,0,0,0,0,0,0,0,0,0,0,0,0,0,0,0,0,0,0,0,0,0,0,0,0,0,0,0,0,0.39094,0,0,0,0,0,0,0,0,0,0,0,0.41669,0.1878,0,0,0,0,0,0,0,0,0,0,0,0,0.35548,0,0,0.3252,0.64885,0,0,0,0,0,0.09376,0,0,0,0,0,0,0,0,0,0,0,0,0.00112,0,1.72945,1.2191,0,0.09822,3.38923,0.0731,0.06412,0.0085,0,0,0,0.17718,0,0.00401,0,0,0,0.07345,0,0,0.13201,2.92401,1.00827,0.10396,0,0,0,0,0.02571,0,0,0.56386,0,0.0359,0.02651,0.2795,0.22166,0.02554,0,8.61416,0,0,0,0,0,0.23795,0,0,0.0531,0,0,0,0,0,0,0,0.64305,0,0,0.00796,0,0,0,0,0,0,0,0,0,0,1.39295,0,0,0,0,0.21215,0.04899,0,0.04683,0,0,0,0,0,0,0,0,0.64765,0.01881,0,0,0,0,0,0,0,0,0,0,0,0,0,2.00972,0,0,0,0,0,0,0,0,0,0,0,0.0069,0,0,0,0,0,0,0,0,0,0,0,0,0,0,0,0,0,0,0,0,0,0,0,0,0,0,0,0,0,0,0,0,0,0,0,0,1.69524,0.50253,0,0,0,0,0,0,0,0.00339,0,0,0,0,0,0,0,0,0,0,0,0,0,0.57025,0,0,0,0,0,0,0,0,0,0,0,0,0,0,0,0,0,0,0,0.76256,0,0,0,0,0,0,0,0,0,0,0.02238,0.16392,0.25496,0.16912,0.12584,0.00435,0,0.01997,0.02575,0,0.00221,0.23149,0,0,0.00076,0,0,0.10403,1.4919,5.81139,0,0,0,0,0,0.00229,0,0,0,0,0,3.42432,0,0,0.23486,0.03502,0,0,0,0,0,0,0,0,0.0028,0,0.00212,0,0,0,0.0053,0.18127,0,0.0044,0,0.05052,0,1.18435,0.35774,0,0,0,0,0,0.00157,0,0,0,0.0234,0,0,0.05432,0,0,0,0,0,0,0,0
"4083_4",0,0,0,0,0,0,0,0,0,0,0,0,0,0,0,0,0,0.03253,0,0,0,0,0,0,0,0,0,0,0,0,0,1.22039,0,0,0,0,0.08745,0,0.19883,0.42218,0.05405,0,0,0,0,0,0,0,1.11038,0,5.34283,0,0,0,0,0.21055,0,0,0,0,0,0.74196,0,0,18.54101,0,0,0,0,0,0,0,0,0,0,0,0,0,0,0,0,0,0,0.04615,32.22022,2.64663,0,0,0,11.02582,0,0,0,0,0,0,0,0,0,0.20967,0,0,0,0.0681,0,0.17016,0.04929,0,0.09822,0,0.00129,0,0,0,0,0,0,0,0,0,0,0,0,0,0,0,0,0,0,0,0,0,0,0,0,0,0,0,0,0,0,0,0,0,0,0,0,0.00677,0,0,0,0.01442,0,0,0.00355,0,0,0,0.0162,0.00468,0.06755,0,0,0,0,0.04173,0,0,0,0,0,0,0,0,0,0,0,0,0,0,0.00302,0.25996,0,0,0,0,0,0,0,0,0,0,0,0,0,0,0,0,0,0,0,0,0,0,0,0,0,0,0,0,0,0,0,0,0,0,0,0,0,0,0,0,0,0,0,0,0,0,0,0,0,0,0,0,0.00093,0.00363,0,2.2164,0,0,0,0,0,0,0,0,0,0,0,0,0,0,0,0,0,0,0,0,0,0,0,0,0.32844,0,0,0,0.14185,0.94816,0,0,0.26847,0,0,0,0,0,0.03016,0,0,0,0,0,0,0,0,0,0.16907,0,0,1.5724,0,0.22961,3.88037,0,0,0,0,0,0,0,0,0,0,0,0.02969,0.54159,0,0,0.2349,6.31121,0,0,0,0,0,0,0,0.05734,0,0.11214,0,0,0,0,0,0,0,0,0,0,0,0,0,0,0,0,0.0254,0,0,0,0,0,0,0,0,0,0,0,0,0,0,0,0,0,0,0.83237,0,0,0.63981,0,0,0,0,0.0218,0.04608,0,0,0,0,0,0,0,0,0.01935,0.00505,0.00731,0,0,0,0,0,0,0,0,0,0,0,0,0,0,0,0,0,0,0,0,0,0,0,0,0,0,0,0,0,0,0,0,0,0.06544,0,0,0,0,0,0,0,0,0,0,0,0,0,0,0,0,0,0,0,0,0,0,0,0,0,0.50137,0,0,0.47034,1.235,0.32144,0.04675,0,0,0,0,0,0,0.35972,0,0,0,0,0,0,0,0,0,0,0,0,0,0,0,0,0,0,0,0,0,0,0,0,0,0,0,0,0,0,0,0,0,0.93238,0,0,0,0,0,0,0,0,0,0,0,0.01127,0.14611,0,0.10342,0,0,0.02907,0,0,0,0,0.00032,0,0,0,0,0,0.19803,0,0,0,0.02894,0.31939,0,0,0,0.50834,0,0,0,0,0,0,0.27586,0.59795,0,0,0,0,0,0,0,0,0,0,0,0,0,0,0,0.00465,0,0,0,0,0,0.24803,0.00703,0,0,0,0,0,0,0,0,0,0,0,0,0,0,0,0,0,0,0,0,0
"4048_2",0,0.11182,0,0,0,0,0,0,0,0,0,0,0,0,0,0,0,0.02454,0.01501,0.55984,0,0,0.19143,0,4.47146,0.02415,0,0,0,0,0,0,0.00253,0,0,0,0,0,1.70474,0,0,0,0,0,0,0,0,0.6494,0.00841,0,0,0,13.70391,0,0,0,0.00487,0,0.09453,0,0,0,0,0,0.91004,0,0,0,0,0,0,0,0,0,0,0,0,0,0,0,0,0,0,1.37723,10.57263,15.74853,3.548,0.12728,0,0.92152,0.02403,0,0,0,0,0,0.16494,0.27135,0,0,0,0,0,0.25576,0,0,0.35114,0,0.03652,0,0.00222,0,0,0,0,0,0,0,0,0,0,0,0,0,0,0,0,0,0,0,0,0,0,0,0,0,0,0,0,0,0,0,0,0,0,0,0,0.05728,0,0,0,0,0,0,0,0,0,0,0,0,0,0,0,0,0,0,0,0,0,0.12879,0,0,0,0,0,0,0,2.44312,0.29719,0,0,0,0,0.32691,0.3768,0.03222,0,0,0,0,0,0,0.02873,0,0,0,0,0,0,0.0078,0,0.87885,0,0,0,0,0.23243,0,0,0,0,0.00721,0,0,0.0012,0,0.02017,0,0,0,0,0,0,0.45802,0,0,0,0,0,0,0,0,0,0,0,0,0,0.66907,0,0,0,0,0,0,0,0,0,0.01924,0,0.00222,0.41129,0,0,0,0,0,0,0,0,0,0,0,0,0,0,0,0.23221,0.13392,0,0,0,0,0,0.01054,0,0,0,0,0,0,0,0,0,0,0,0,0,0,4.0044,0.398,0,0.03046,9.52906,0,0.00785,0,0,0,1.65966,0,0.00377,0,0,0.01885,0,2.87559,0.71929,0,0.06123,7.19559,0.08047,0,0,0,0,0,0.11041,0,0,0.02191,0,0,0,0,0,0,0,0,0,0,0,0,0,0,0,0,0.13023,0,0,0,0,0,0,0.00392,0.85028,0,0,0.76933,0,0,0,0,0,0,0,0.07678,0,0,1.62776,0,0,0,0,0.26498,0,0,0,0,0,0,0,0,0,0,0,0,0,0,0,0,0,0,0,0,0,0,0,0,0,0,0.19691,0,0,0,0,0,0,0,0,0,0,0,0,0,0,0,0,0,0,0,0,0,0,0,0,0,0,0,0,0,0,0,0,0,0,0,0,0,0,0,0,0,0.21327,0,0.02976,0,0,0,0,0.27897,0,0,0,0.60083,0.00801,0,0.27865,0.00029,0.01366,0,0,0,0,0.01447,0,0,0,0,0,0,0,0,0,0,0,0,0,0,0,0,0,0,0,0,0,0,0,0,0,0,0,0,0,0,0,0,0,0,0,0,0,0,0,0.00287,0.20512,0.69477,0,1.54891,0,0,0,0,0,0,0.00632,0.18396,0,0,0,0,0.0161,0.12628,0,0.32089,0,0,0,0,0,0,0,0,0,0,0,0,0,0.10784,0.01872,0,0,0,0.01378,0,0,0,0,0,0,0,0,0,0,0,0,0,0,0,0.0133,0,1.30754,0.05216,0,0,0.01285,0,0.50963,0,0,0,0.13123,0,0,0,0,0,0,0,0,0,0,0,0
"4048_1",0,0,0,0,0,0,0,0,0,0,0,0,0,0,0,0,0,0.03787,0,0.47406,0,0,0.26177,0,3.17024,0,0,0,0,0,0,0,0,0,0,0,0,0,5.10446,0,0,0,0,0,0,0,0,0.38036,0.03706,0,0,0,3.05431,0,0,0,0,0,0.05161,0,0,0,0,0,3.69971,0,0,0,0,0,0,0,0,0,0,0,0,0,0,0,0,0,0,0.61172,16.34152,25.84353,3.98827,0,0,1.82963,0.5123,0,0,0,0,0,0.74493,1.20457,0,0,0,0,0,0.26978,0,0,0.47404,0,0.01244,0,0.00378,0,0,0,0,0,0,0,0.01807,0,0,0,0,0,0,0,0,0,0,0,0,0,0,0,0,0,0,0,0,0,0,0,0,0,0,0,0,0.02831,0,0,0,0,0,0,0,0,0,0,0,0,0,0,0,0,0,0,0,0,0,0.0728,0,0,0,0,0,0,0,0.69882,0.0253,0,0,0,0,0.16266,0.00149,0,0,0,0,0,0,0,0,0,0,0,0,0,0,0,0,0.09387,0,0,0,0,0.05551,0,0,0,0,0,0,0,0,0,0,0,0,0,0,0,0,0.2483,0,0,0,0,0,0,0,0,0,0,0,0,0,0.78592,0,0,0,0,0,0,0,0,0,0.00035,0,0.00516,0.15188,0,0,0,0,0,0,0,0,0,0,0,0,0,0,0,0.13126,0.09383,0,0,0,0,0,0.00224,0,0,0,0,0,0,0,0,0,0,0,0,0,0,2.79171,0.72492,0,0.04641,1.55175,0,0,0,0,0,6.28369,0,0,0,0,0.0036,0,0.40644,0.2597,0,0.01343,5.55009,0,0,0,0,0,0,0.01178,0,0,0,0,0,0,0,0,0,0,0,0,0,0,0,0,0,0,0,0.21483,0,0,0,0,0,0,0,0.96494,0,0,0.29968,0,0,0,0,0,0,0,0,0,0,1.32621,0,0,0,0,0.95205,0,0,0.13783,0.0946,0,0,0,0,0,0,0,0,0,0,0,0,0,0,0,0,0,0,0,0,0,0,0,0,0,0,0.00764,0,0,0,0.00181,0,0,0,0,0,0,0,0,0,0,0,0,0,0,0,0,0,0,0,0,0,0,0,0,0,0,0,0,0,0,0,0,0,0.35386,0,0,0,0,0,0,0.2194,0,0,0,0.37764,0,0,0.16065,0,0,0,0,0,0,0,0,0,0,0,0,0,0,0,0,0,0,0,0,0,0,0,0,0,0,0,0,0,0,0,0,0,0,0,0,0,0,0,0,0,0,0,0,0,0,0,0.17079,0.86934,0,0.20448,0,0,0,0,0,0,0,0.0837,0,0,0,0,0.0012,0.01532,0,0.20767,0,0,0,0,0,0,0,0,0,0,0,0,0,0.30681,0,0,0,0,0.04198,0,0,0,0,0,0,0,0,0,0,0,0,0,0,0,0.10399,0,2.54912,0.00914,0,0,0.01613,0,1.89278,0,0,0,0.08917,0,0,0,0,0,0,0,0,0,0,0,0
"4047_4",0,0,0,0,0,0.30373,0,0,0,0,0,0,0,0,0,0,0,0,1.4755,0.42757,0,0,0,0,0,0.0568,0,0,0,0,0,0,0,0,0,0,0,0,0.45503,0,0,0,0,0,0.09096,0,0,0,0,0,0,0,0.95845,0,0,0.47405,0,0,0,0,0,0,0,0,0.18004,0,0,0,0,0,0,0,0,0,0,0,0,0,0,0,0,0,0.07402,0,0.50695,1.69294,0,2.09551,0,3.23779,0,0,0.99838,0,0.00897,0,0.95418,0,0,0,0,0,0,0,0,0.21898,0,0,0.09211,0,0.00343,0,0,0,0,0,0,0,0,0,0,0,0,0,0,0,0,0,0,0,0,0,0,0,0,0,0,0,0,0,0,0,0,0,0,0,0,0,0,0,0,0,0,0,0,0,0,0,0,0,0,0,0,0,0,0,0,0,0,0,0,0,0,0,0,0,0,4.91902,0,0,0,0,0.89503,0,0,0,0.30107,0,0,0,0,0,0,0,0,0,0,0,0,0,0,0,0,0,0,0,0,0,0,0,0,0,0,0,0,0,0,0,0,0,0,0,0,0,0,0,0,0,0,0,0,0,0,0,0,0,0,0.66574,0,0,0,0,0,0,0,0,0,0.00307,0,0,0.37531,0,0,0,0,0,0,0,0,0,0,0,0.60792,0,0,0,0.11864,0.26257,0,0,0.27818,0,0,0.0164,0,0,0,0,0,0,0.0614,0,0,0,0,0,0,0,0.79776,0,0,0.18069,2.31985,9.07207,0,0,0,0,0,0,0,0,0,0,0,0,0,0,0,3.73366,0,0,0,0,0,0,0,0,0,0,0.01472,0,0,0.25032,0,0,0,0.95914,0,0,0,0,0,0,0.15417,0,0.2549,0,0,0,0,0,0,0,0.04178,0,0,0,0,0,0,0,0,0,0,0,0,0,0,0,0,0,0,0.14226,0,0,0,0,0,0,0,0,0.21261,0,0,0,0,0,0,0,0,0,0,0,0,0,0,0,0,0,0.20199,0,0,0,0,0,0,0,0,0,0,0,0,0,0,0,0,0,0,0.0321,0,0,0,0,0,0,0,0,0,0,0,0,0,0,0,0,0,0,0,0,0,0,0.25103,0,0.03233,0,0,0,0,0.37459,0,0,0,0.35726,0,0,0,0,0,0,0,0,0,0,0,0,0,0,0,0,0,0,0,0,34.59388,0,0,0,0.58585,0,1.88885,0,0,0,0,0,1.26754,0,0,0,0,0,0,0,0,0,0,0,0,0,0,0,0,0,0.69121,0.05857,0.03939,0.52857,0,0,0,0,0,0,0,0,0,0,0,0,0,0,0,0,0,0,0,0,0,0,0,0,0,0,0,0,0,0.52699,0,0,0,0,0,0,0,0,0,0,0,0,0,0,0,0,0,0,0,0,0,0,3.37537,0,13.86502,0,0.35452,0,0,0,0,0,0,0,0,0,0.03123,0,0,0,0,0,0,0,0
"4047_3",0,0,0,0,0,1.27951,0,0,0,0,0,0,0,0,0,0,0,0,1.90414,0.5337,0,0,0,0,0.02371,0,0,0,0,0,0,0,0,0,0,0,0,0,0.00256,0,0,0,0,0,0,0,0,0,0,0,0,0,0.49115,0,0,0.49178,0,0,0,0,0,0,0,0,1.38426,0,0,0,0,0,0,0,0,0,0,0,0,0,0,0,0,0,0.34865,0,0.80656,4.08224,0,1.03625,0,27.12418,0,0,1.0542,0,0.06165,0,0.05337,0,0,0,0,0,0,0,0,0.10829,0,0,0.04588,0,0,0,0,0,0,0,0,0,0,0,0,0,0,0,0,0,0,0,0,0,0,0,0,0,0,0,0.2924,0,0,0,0,0,0,0,0,0,0,0,0,0,0,0,0,0,0,0,0,0,0,0,0,0,0,0,0,0,0,0,0,0,0,0,0,0,0,0,0,4.42132,0,0,0,0,0.76852,0,0,0,0.19635,0,0,0,0,0,0,0,0,0,0,0,0,0,0,0,0,0,0,0,0,0,0,0,0,0,0,0,0,0,0,0,0,0,0,0,0,0,0,0,0,0,0,0,0,0,0,0,0,0,0,0.50887,0,0,0,0,0,0,0,0,0,0.01367,0,0,0.42031,0,0,0,0,0,0,0,0,0,0,0,3.81421,0,0,0,0.14873,0.07728,0,0,0,0,0,0,0,0,0,0,0,0,0.30891,0,0,0,0,0,0.02984,0,0,0,0,0,1.7137,0,0,0,0,0,0,0,0,0,0,0,0,0,0,0,0,4.40714,0,0,0,0,0,0,0,0,0,0,0,0,0,0.10335,0,0,0,0.1458,0,0,0,0,0,0,0,0,0,0,0,0,0,0,0,0,0,0,0,0,0,0,0,0,0,0,0,0,0,0,0.42258,0,0,0,0,0.0534,0,0,0,0,0,0,0,0,0.16622,0,0,0,0,0,0,0,0,0,0,0,0,0,0,0,0,0,0.03626,0,0,0,0,0,0,0,0,0,0,0,0,0,0,0,0,0,0,0,0,0,0,0,0,0,0,0,0,0,0,0,0,0,0,0,0,0,0,0,0,0,0.25674,0,0.18511,0,0,0,0,3.77953,0,0,0,0.8688,0,0,0,0,0,0,0,0,0,0,0,0,0,0.11339,0,0,0,0,0,0,14.30535,0,0,0,1.59996,0,5.27922,0.00355,0,0,0,0,2.93737,0,0,0,0,0,0,0,0,0,0,0,0,0,0,0,0,0,2.54636,0,0,0.25866,0,0,0,0,0,0,0,0,0,0,0,0,0,0,0,0,0,0,0,0,0,0,0,0,0,0,0,0,0,0.16253,0,0,0,0,0,0,0,0,0,0,0,0,0,0,0,0,0,0,0,0,0,0,1.43363,0,6.61136,0,0.00855,0,0,0,0,0,0.65204,0,0,0,0.11691,0,0,0,0,0,0,0,0
"4047_1",0,0,0,0,0,0.28947,0,0,0,0,0,0,0,0,0,0,0,0,0.31555,0.24138,0.00478,0,0,0,0.01087,0.25934,0,0,0,0,0,0,0,0,0,0,0,0,0.08869,0,0,0,0,0,0,0,0,0,0,0,0,0,1.02547,0.01139,0,0,0,0,0,0,0,0,0,0,1.4834,0,0,0,0,0,0,0,0,0,0,0,0,0,0,0,0,0,2.19173,0.0229,1.32885,7.23116,0,1.84316,0,0.58823,0,0.02102,0.23475,0,0,0.04214,0,0,0,0.00862,0,0,0,0,0,0.08537,0,0,0.04985,0,0.00163,0,0,0,0,0,0,0.00293,0,0,0,0,0,0,0,0,0,0,0,0,0,0,0,0,0,0,0.05509,0,0,0,0,0,0,0,0,0,0,0,0,0,0,0,0,0,0,0,0,0,0,0,0,0,0,0,0,0,0,0,0,0,0,0,0,0,0,0,0,0,0,0,0,0,0.0557,0,0,0,0,0,0,0,0,0,0,0,0,0,0,0,0,0,0,0,0,0,0,0,0,0,0,0,0,0,0,0,0,0,0,0,0,0,0,0,0,0.41052,0,0,0,0,0,0,0,0,0,0,0,0,0,0.12812,0,0,0,0,0,0,0,0,0,0.15005,0,0,0.08564,0,0,0,0,0,0,0,0,0,0,0,0.20284,0,0,0,0.09749,0.04445,0,0,0.05499,0,0,0,0,0,0,0,0,0,0.02333,0,0,0,0,0,0,0,0.88102,0,0,0.03113,0.94333,2.06565,0,0,0,0,0,0,0,0,0,0.1041,0,0.0577,0,0,0,2.07791,0,0,0,0,0,0,0.01083,0,0,0,0,0,0,0.08846,0,0,0,0.23789,0,0,0,0,0,0,0.02331,0,0.05324,0,0,0,0,0,0,0,0.00744,0,0,0.01665,0,0,0,0,0,0,0,0,0,0,0.08299,0,0,0,0,0.02473,0,0,0.05584,0,0,0,0,0,0.01881,0,0,0,0,0,0,0,0,0,0,0,0,0,0,0,0,0,1.47555,0,0,0,0,0,0,0.09371,0,0,0,0,0,0,0.00324,0,0,0,0,0,0,0,0,0,0,0,0,0,0,0,0,0,0,0,0,0,0,0,0,0,0,0,0.67706,0,0.05748,0,0,0,0,6.38711,0,0,0,2.22462,0,0,0,0,0,0,0,0,0,0,0,0,0,0.07095,0,0,0,0,0,0,43.98708,0,0,0,0.91622,0,8.11445,0.00371,0,0,0,0,5.5742,0,0,0,0,0,0,0,0,0,0,0,0,0,0,0,0,0,0.04146,0.01075,0.00282,0.30406,0,0,0,0,0,0,0,0,0,0,0,0,0,0,0,0,0,0,0,0,0,0,0,0,0,0,0,0,0,0.05318,0,0,0,0,0,0,0,0,0,0,0,0,0,0,0,0.00058,0.01657,0,0,0,0.18107,0,0.34285,0,2.84731,0,0.79719,0,0,0,0,0,0.20412,0,0,0,0.14073,0,0,0,0,0,0,0,0
"4047_2",0,0,0,0,0,0.0026,0,0,0,0,0,0,0,0,0,0,0,0.02266,0.04111,0,0,0,0,0,0,0,0,0,0,0,0,0,0,0,0,0,0,0,0.44389,0,0,0,0,0,0.01821,0,0,0,0,0,0,0,0,0,0,0,0,0,0,0,0,0,0,0,0,0,0,0,0,0,0,0,0,0,0,0,0,0,0,0,0,0,0,0,0,0.01273,0,0,0,10.14493,0,0.99478,5.63657,0,0.22993,0.00665,1.10084,0,0,0,0,0,0,0,0,0.50884,0,0,0.48813,0,0.09538,0,0,0,0,0,0,0,0,0,0,0,0,0,0,0,0,0,0,0,0,0,0,0,0,0,2.76538,0,0,0,0,0,0,0,0,0,0,0,0,0,0,0,0,0,0,0,0,0,0,0,0,0,0,0,0,0,0,0,0,0,0,0,0,0,0,0,0,0,0.07797,0,0,0,0.01567,0,4.48226,0,0,0,0,0,0,0,0,0,0,0,0,0,0,0,0,0,0,0,0,0,0,0,0,0,0,0,0,0,0,0,0,0,0,0,0,0,0,0.05913,0,0,0,0,0,0,0,0,0,0,0,0,0,4.56209,0,0,0,0,0,0,0,0,0,0,0,0,0.65908,0,0,0,0,0,0,0,0,0,0,0,1.08324,0,0,0,0.91168,1.62949,0,0,0.62024,0,0,0,0,0,0,0,0,0,0.40417,0,0,0,0,0,0,0,0,0,0,0.15137,6.85384,0,0,0,0,0,0,0,0,0.18264,0,0,0,0,0,0,0,4.38342,0,0,0,0,0,0,0,0,0,0,0,0,0,0,0,0,0,0,0,0,0,0,0,0,0,0,0,0,0,0,0,0,0,0,0.19409,0,0,0,0,0,0,0,0,0,0,0,0,0,0.78592,0,0,0,0,0.18555,0,0,0.0107,0.00693,0,0,0,0,0.29651,0,0,0.35244,0,0,0,0,0,0,0,0,0,0,0,0,0,0,0.81898,0,0,4.66286,0.13043,0,0,1.82841,0,0,0,0,0,2.04888,0,0,0,0,0,0,0,0,0,0,0,0,0,0,0,0,0,0,0,0,0,0,0,0,0,0,0,0,0,0,0,0,0,0,0,0,0,0,0,0,0,0,0,0,0,0,0,0,0,0,0,0,0,0,0,0,0,0,0,0,18.47226,0,0,0,0.06198,0,2.53084,0,0,0,0,0,1.42567,0,0,0,0,0.31568,0,0,0,0,0,0,0,0,0,0,0,0,1.4862,0,1.74601,0.94405,0,0,0,0,0,0,0,0,0,0,0,0,0,0,0,0,0,0,0,0,0,0,0,0,0,0,0,0,0,2.44928,0,0,0,0,0,0,0,0,0,0,0,0,0,0,0,0.16773,0.9111,0,0,0,6.10522,0,1.04087,0,2.23748,0,0.10061,0,0,0,0,0,0,0.0417,0,0,0.0527,0,0,0,0,0,0,0,0
"4046_4",0,0,0,0,0,0,0,0,0,0,0,0,0,0,0,0,0,0.09946,0.11435,0.11076,0,0,0.29758,0.0704,3.46522,0.07678,0,0,0,0,0,0,0,0,0,0,0,0,0.1719,0,0,0.99593,0,0,0,0,0,0,0.00085,0,0,0,7.412,0,0.01092,0,1.82011,0,0.16978,0,0,0.34258,0,0,0.07982,0,0,0,0,0,0,0,0,0,0,0,0,0,0,0,0,0,11.87201,0.07385,3.80072,5.63492,0,0.84886,0,6.07374,0,0,1.14693,0,0,0,5.68118,1.51778,0,0,0,0,0,0.12094,0,0.24185,0.0377,0,0,0,0,0,0,0,0,0,0,0,0,0,0,0,0,0,0,0,0,0,0,0,0,0,0,0,0,0,0,0,0,0,0,0,0,0,0,0,0,0,0,0,0,0,0,0,0,0,0,0,0,0,0,0,0,0,0,0,0,0,0,0,0,0,0,0,0,4.00382,0,2.34656,0,0.02775,0.43807,0,0,0,0,0,0,0,0,0,0.0274,0,0,0,0,0.38089,0,0,0,0,0,0,0.00884,0,0,0,0,0,0,0,0,0,0,0,0,0,0,0,0.14426,0.05581,0,0,0,0.89715,0,0,0,0,0,0.3189,0,0,0,0,0,0,0,0.52722,0,0,0,0,0,0,0,0,0,0.02484,0,0.10495,0.40591,0.00312,0,0,0,0,0,0,0,0,0,0,0,0.83283,0,0,0.01802,0.47805,0,0,0,0,0,0,0,0,0,0,0,0,0,0,0,0,0,0,0,0,0.3853,0.24313,0,0.00164,2.54892,0,1.46277,0,0,0,0,0,0,0,0,0,0,0.29163,0,0,0.14742,5.25878,0.02246,0,0,0,0,0,0.02641,0,0,0.01877,0.94315,0,0,0.08799,0,0,0,0.26755,0,0,0.46887,0.04824,0,0,0.03591,0,0.21949,0,0,0.2928,0,0,0,0,0.27909,0,0,0.16307,0,0,0.03632,0,0,0,0,0,0,0,1.26005,0,0,0,0,0.12425,0,0,0,0,0,0,0,0,0.02501,0,0,0,0,0,0,0,0.07417,0,0.07627,0,0,0,0,0,0,0,0,0,0,0,0,0,0,0,0,0,0,0,0,0,0,1.69544,0,0,0,0,0,0,0,0,0,0,0,0,0,0,0,0,0,0,0,0,0,0.07667,0,0,0,0,0.43076,0,0.00632,0,0,0,0,0.00841,0,0,0,0.4123,0,0,0,0,0,0,0,0,0,0,0,0,0,0,0,0,0,0,0,0,0,0,0,0,0,0,0,0,0,0,0,0,0,0,0,0,0,0,0,0,0,0,0,0,0,0,0,0,0,0,2.40593,0.17669,0.04177,1.63899,0,0,0.00497,0,0,0,0,0.06343,0,0,0,0,0,0,10.20163,0,0,0,0,0,0,0,0,0,0,0,0,0,2.94289,0.20741,0,0,0,0,0,0.12692,0,0,0,0,0,0,0,0,0,0,0,0,0,0,0,0,0.74553,0.15776,0,0,0,0,0.44258,0,0,0,0.04776,0,0,0,0,0,0,0,0,0,0.02308,0,0
"4046_3",0,0,0,0,0,0,0,0,0,0,0,0,0,0,0,0,0,0.04667,0.99008,0.15276,0.01761,0,0.47001,0.04582,5.4807,0.06514,0,0,0,0,0,0.00539,0,0,0,0,0,0,0.04177,0,0,0.40422,0,0,0,0,0,0,0.00594,0,0,0,9.33972,0,0.02067,0,2.37161,0,0.39278,0,0,0.22838,0,0,0.10301,0.03709,0,0,0,0,0,0,0,0,0,0,0,0,0,0,0,0,7.20977,0.20585,6.58031,4.50747,0,0.80999,0,3.80896,0,0,0.6563,0,0,0,3.13933,3.8044,0,0,0,0,0,0.19096,0,0.05364,0.04004,0,0,0,0,0,0,0,0,0,0,0.00354,0.00418,0,0,0,0,0,0,0,0,0,0,0,0,0,0,0,0,0,0,0,0,0,0,0,0,0,0.04422,0,0,0,0,0,0,0,0,0,0,0,0,0,0,0,0,0,0,0,0,0,0,0,0,0,0,0,0,0,0.03148,0.67574,0,1.07168,0,0.14926,0.94214,0,0.11192,0,0,0.05819,0,0,0,0,0.06172,0,0,0,0,0.11159,0.01741,0,0,0,0,0,0,0,0,0,0,0,0,0,0,0,0,0.16567,0,0,0,0,1.20822,0.00881,0.0932,0,0,0.99757,0,0,0,0,0,0.68989,0,0,0,0,0,0,0,0.2348,0,0,0,0,0,0,0,0,0,0.03198,0,0.0916,0.17066,0.00118,0,0,0,0,0,0,0,0,0,0,0,1.4354,0,0,0.01663,0.33695,0,0,0,0,0,0,0,0,0,0.01389,0,0,0,0,0,0,0,0,0,0,0.34712,0.27193,0,0.01488,1.88728,0,0.58993,0,0,0,0,0,0.01186,0,0,0,0,0.0332,0,0,0.18667,2.71646,0.4236,0.02693,0,0,0,0,0.01487,0,0,0.25192,0.0184,0,0.01942,0.59013,0.00698,0,0.00206,3.06063,0,0,0.37389,0.13108,0.25307,0,0.09641,0,0.18521,0,0,0.08288,0,0,0,0,0.09013,0,0,0.12199,0,0,0.05627,0,0,0,0,0,0,0,0.4165,0,0,0,0,0.16497,0,0,0,0,0,0,0,0,0.01664,0,0,0,0,0,0,0,8.25286,0.33648,10.53584,0,0,0,0,0,0,0,0,0,0,0,0,0,0,0,0,0,0,0,0,0,0,0.53919,0,0,0,0,0,0.00577,0,0,0,0,0,0,0.03542,0,0,0,0,0,0,0,0,0.00619,0,0,0,0,0.54104,0,0.09985,0,0.02821,0,0,0.09213,0,0,0,0.85594,0,0,0,0,0,0,0,0,0,0.00246,0,0,0,0,0,0,0,0,0,0,0,0,0,0,0,0,0,0,0,0,0,0,0,0,0,0,0,0,0,0,0,0,0,0,0,0,0,0,0,0,0.60793,0.19861,0.05975,0.07989,0,0,0.0185,0,0,0,0,0.00132,0,0,0,0,0,0,2.10585,0,0,0,0,0,0,0,0,0,0,0,0,0,1.97241,0.09902,0.00327,0,0,0,0,0.04845,0,0,0,0,0,0,0,0,0,0,0,0,0,0,0,0,0.62826,0.18104,0,0,0,0,0.14192,0,0,0,0.04195,0,0,0,0,0,0,0,0,0,0.01123,0,0
"4046_2",0,0,0,0.07906,0,0,0,0,0,0,0,0,0,0,0,0,0,0.09366,0.16519,0.21433,0,0,0.35453,0.04522,2.9309,0.02918,0,0,0,0,0,0,0,0,0,0,0,0,0.30311,0,0,0.48085,0,0,0,0,0,0,0,0,0,0,11.1201,0,0.00359,0,1.72753,0,0.19368,0,0,0.08039,0,0,0.31207,0.12623,0,0,0,0,0,0,0,0,0,0,0,0,0,0,0,0,5.9724,0.07648,3.72379,4.95358,0,0.39159,0,6.4552,0,0,1.02432,0,0,0,4.86443,2.57066,0,0,0,0,0,0.34339,0,0.08613,0.10841,0,0.0528,0,0,0,0,0,0,0,0,0,0,0,0,0,0,0,0,0,0,0,0,0,0,0,0,0,0,0,0,0,0,0,0,0,0,0,0,0,0,0,0,0,0,0,0,0,0,0,0,0,0,0,0,0,0,0,0,0,0,0,0,0,0,0,0,0,0.03412,2.2698,0,0,0,0.03131,1.55479,0,0.01776,0,0,0.04942,0,0,0,0,0.1729,0,0,0,0,0.12232,0.00151,0,0,0,0,0,0.00348,0.01659,0,0,0,0,0,0,0,0,0,0,0,0,0,0,0,0.03116,0.13555,0,0,0.12764,0,0,0,0,0,0.44059,0,0,0,0,0,0,0,0.43098,0,0,0,0,0,0,0,0,0,0,0,0.20181,0.15316,0,0,0,0,0,0,0,0,0,0,0,0,0.1966,0,0,0.13389,0.72175,0,0,0,0,0,0,0.02967,0,0,0,0,0,0,0,0,0,0,0,0,0,0.99548,0.31023,0,0.04264,2.34237,0,1.24025,0,0,0,0,0.01965,18.12205,0,0.17075,0,0,0.16759,0,0,0.3822,2.8721,0.23447,0.02515,0,0,0,0,0.00941,0,0,0.15867,0,0,0,0.05488,0,0,0,0.90135,0,0,0.11645,0.01921,0.069,0,0.05268,0,0.20992,0,0,0,0,0,0,0,0.41094,0,0,0.07442,0,0,0.21365,0,0,0,0,0,0,0,1.83995,0,0,0,0,0.25149,0,0,0,0,0,0,0,0,0.03152,0,0,0,0,0,0,0,0.03489,0,0.00932,0,0,0,0,0,0,0,0,0,0,0,0,0,0,0,0,0,0,0,0,0,0,1.5612,0,0,0,0,0,0,0,0,0,0,0,0,0,0,0,0,0,0,0,0,0,0.0717,0,0,0,0,0.17435,0,0.00952,0,0,0,0,0.01767,0,0,0,0.62355,0,0,0,0,0,0,0,0,0,0,0,0,0,0,0,0,0,0,0,0,0,0,0,0,0,0,0,0,0,0,0,0,0,0,0,0,0,0,0,0,0,0,0,0,0,0,0,0,0,0,0.62049,0.09486,0.94226,0.04136,0,0,0.00975,0,0,0,0,0,0,0,0,0,0,0,4.72511,0,0,0,0,0,0,0,0,0,0,0,0,0,2.60066,0.24042,0,0,0,0,0,0.01649,0,0,0,0,0,0,0,0,0,0,0.09028,0,0,0,0,0,0.4857,0.37494,0,0,0,0,0.12344,0,0,0,0.03396,0,0,0,0,0,0,0,0,0,0,0,0
"4003_4",0,0,0,0,0,0,0,0,0,0,0,0,0,0,0,0,0,0.02857,11.83993,1.54031,0.035,0,2.73497,0,2.71717,0.00849,0,0,0,0,0,0,0,0,0,0,0,0,0.2134,0,0,0,0,0,0,0,0,0,0.20146,0,0,0,18.48491,0,0,0,0,0,0,0,0,0,0,0,4.19598,0,0,0.69495,0,0,0,0,0,0,0,0,0,0,0,0,0,0,0,1.80752,11.57308,5.70679,0,1.72916,0,0,0,0,0.37118,0,0,0,0.41918,2.68958,0,0,0,0,0,0.53286,0,0.24824,0.00262,0,0.03278,0,0.00423,0,0,0,0,0,0,0,0,0,0,0,0,0,0,0,0,0,0,0,0,0,0,0,0,0.00647,0,0,0,0,0,0,0,0,0,0,0,0.00413,0,0,0,0,0,0,0.01545,0,0,0,0,0,0,0,0,0,0,0,0,0,0.22155,0.02903,0,0,0.19996,0.06735,0,0,0,0,0,0,0,0,0,0,0,0,0,0,0,0,0,0,0,0,0,0,0,0,0,0,0,0,0,0,0,0,0,0,0,0,0,0,0,0,0,0,0.01694,0,0,0,0,6.94139,0,5.27599,0,0,0,0,0,0,0,0,0,0,0,0,0,0.2246,0,0,0,0,0,0,0,0,0,0,0,0.1219,0.47126,0,0,0,0,0,0,0,0,0,0,0,0.142,0,0,0.00105,0.23442,0.44113,0,0,0.03525,0,0,0,0,0.00159,0,0,0,0,0,0,0.05591,0,0,0,0,0,3.06068,0.29486,0,0,0.68394,0.79227,0,0,0,0,0,0.14625,0,0,0,0.0622,0,0.11156,0,0.00651,0,1.5912,0,0,0,0,0,0,0.04841,0,0,1.29232,0,0.01782,0,0,0,0.28318,0,0,0,0,0,0,0,0,0,0,0.07937,0,0,0,0,0,0,0,0,0,0,0.00052,0,0,1.59731,0,0,0,0,0.04391,0,0,0.13658,0,0,0,0,0.05804,0,0,0,0,0,0,0,0,0,0.01383,0,0.00642,0.00825,0,0,0,0,0,0,0,0,0,0,0,0,0,0,0,0,0,0,0,0,0,0,0,0,0,0,0,0,0,0,0,0,0.04547,0,0,0,0,0,0,0,0,0,0,0,0,0,0,0,0,0,0,0,0,0,0,0.44099,0,0.79575,0,0,0,0,0.96868,0,0,0,0.5018,0,0,0,0,0.76981,0,0,0,0,0.94802,0,0,0,0.135,0,0,0,0,0,0,0,0,0,0,0,0,0,0,0,0,0,0,0,0,0,0,0,0,0,0,0,0,0,0,0,0,0,0,0,0,0.08636,1.27936,0.0217,0.04562,0.2083,0.04839,0,0,0,0,0,0,0,0,0,0,0.02791,0.64883,0,0,0,0,0.17983,0,0,0,0,0,0,0,0,0,0,0,0.03816,0,0,0,0,0,0,0,0,0,0,0,0,0,0,0,0,0,0,0,0,0,0.11634,0.00508,0,0,0,0,0,0.00121,0,0,0,0.02944,0,0,0.0018,0,0.00099,0,0,0,0,0,0
"4046_1",0,0,0,0.00926,0,0,0,0,0,0,0,0,0,0,0,0,0,0.00367,0.12675,0.07704,0.00086,0,0.3253,0.01043,3.58018,0.10654,0,0,0,0,0,0,0,0,0,0,0,0,0.03247,0,0,0.45724,0,0,0,0,0,0,0,0,0,0,16.80056,0,0.00848,0,2.24962,0,0.26111,0,0,0.25844,0,0,0.44915,0.59702,0,0,0,0,0,0,0,0,0,0,0,0,0,0,0,0,2.70686,0.31157,5.14251,6.66066,0,1.15634,0,5.34504,0,0,1.52954,0,0,0,7.32948,1.79789,0,0,0,0,0,0.04582,0,0.02111,0.01203,0,0,0,0,0,0,0,0,0,0,0,0,0,0,0,0,0,0,0,0,0,0,0,0,0,0,0,0,0,0,0,0,0,0,0,0,0,0,0,0,0,0,0,0,0,0,0,0,0,0,0,0,0,0,0,0,0,0,0,0,0,0,0,0,0,0,0,0.00176,0.93589,0,0,0,0.04375,0.76502,0,0.11166,0,0,0.05362,0,0,0,0,0.07775,0,0,0,0,0.05574,0,0,0,0,0,0,0.00182,0,0,0,0,0,0,0,0,0,0,0,0,0,0,0,0,0.00787,0.32539,0,0,0.55208,0,0,0,0,0,0.68091,0,0,0,0,0,0,0,0.14328,0,0,0,0,0,0,0,0,0,0.03241,0,0.05694,0.0717,0.00069,0,0,0,0,0,0,0,0,0,0,0,0.82699,0,0,0.01231,0.14411,0,0,0,0,0,0,0.00341,0,0,0,0,0,0,0,0,0,0,0,0,0,0.28456,0.10631,0,0,2.05397,0,2.0363,0,0,0,0,0,14.77328,0,0,0,0,0.0933,0,0,0.01051,2.04846,0.02076,0,0,0,0,0,0.00158,0,0.0015,0.00439,0.00569,0,0,0.80364,0.01141,0,0.00513,2.37122,0,0,0.08369,0.05029,0.09197,0,0.0492,0,0.06548,0,0,0,0,0,0,0,0.02605,0,0,0.17553,0,0,0,0,0,0,0.01742,0,0,0,0.45149,0,0,0,0,0.364,0,0,0.01871,0.02802,0,0,0,0,0.00538,0,0,0,0,0,0,0,0,0,0,0,0,0,0,0,0,0,0,0,0,0,0,0,0,0,0,0,0,0,0,0,0,1.06025,0,0,0,0,0,0,0,0,0,0,0,0,0.01231,0,0,0,0,0,0,0,0,0.1682,0,0,0,0,0.41353,0,0.00986,0,0,0,0,0.10167,0,0,0,0.80398,0,0,0,0,0.00279,0,0,0,0,0.00144,0,0,0,0,0,0,0,0,0,0,0,0,0,0,0,0,0,0,0,0,0,0,0,0,0,0,0,0,0,0,0,0,0,0,0,0,0,0,0,0,0.43208,0.71815,0.11951,0.65756,0,0,0.00788,0,0,0,0,0,0,0,0,0,0,0,2.27279,0,0,0,0,0,0,0,0,0,0,0,0,0,3.0815,0.079,0,0,0,0,0,0.17844,0,0,0,0,0,0,0,0,0,0,0.00763,0,0,0,0,0,0.87765,0.1084,0,0,0,0,0.49495,0,0,0,0.00843,0,0,0,0,0,0,0,0,0,0.00466,0,0
"4045_4",0,0,0,0,0,0,0,0,0,0,0,0,0,0,0,0,0,0,2.70804,0,0,0,0,0,0,0,0,0,0,0,0,0,0,0,0,0,0,0,13.47831,0.0597,0.12854,0,0,0,0.50616,0,0,0,3.81849,0,0,0,0,0,0,0,0,0,0.30757,0,0,0,0,0,0.1913,0,0,0,0,0,0,0,0,0,0,0,0,0,0,0,0,0,0,1.81239,0,3.17244,0,0,0,0,0,0.66158,0,0,0,0,2.73008,0,0,0,0,0,0.02725,0,0.00312,0,0,0.19452,0.79303,0,0,0,0,0,0,0,0,0,0,0,0,0,0,0,0,0,0,0,0,0,0,0,0,0,0.14851,0.00395,0,0,0,0,0,0,0,0,0.12818,0,0,0,0,0,0,0.01115,0,0,0,0,0,0,0.22159,0,0.41149,0,0,0,0,0,0.00105,0,0.00623,0,0,0,0.09654,0.03423,0,0,0,0,0,0,0,0,0,0,0,0,0,0,0,0,0,0,0,0,0,0,0,0,0,0,0,0,0,0,0,0,0,0,0,0,0,0,0,0,0,0,0.03794,0,0,0,0,0,0,1.24939,0,0,0,0,0,0,0,0,0,0,0.27897,0,0,0,0,0,0,0,0,0,0,0,0,0,0,0,0,0,0,0,0,0,0,0,0,0,0,0,0.08013,0,0,0,0,0.31344,0,0,0,0,0,0.13196,0,0,0,0,0,0,0,0,0,0,0,0,0.05847,0,0.38536,1.82112,0,0,40.46796,0,0.00363,0,0.04274,0,0,0,0,0,0,0,0,1.90015,0,0,0,0,0,0,0,0,0,0,0,0,0,0,0,0.09646,0,0.70282,0,1.19555,0,0,0,0,0,0,0,0,0,0,0.00842,0,0,0,0,0,0,0,0,0,0,0,0,0,0.49948,0,0,0,0,0.28848,0,0,0.52982,0,0,0,0,0,0.15047,0.00827,0,0,0,0,0,0,0,0,0,0.49895,1.1484,0,0,0,0,0,0,0,0,0,0,0,0,0,0.60953,0.0087,0,0,0,0,0,0,0,0,0,0,0,0,0,0,0,0,0,0.01538,0,0,0,0,0,0,0,0,0,0,0,0,0,0,0,0,0,0,0,0,0,0,0,0,0,0,0.60724,0,0,0,0,0,0,0,0,0,0,0,0,0,0,0,0,0,0,0,0,0,0,0,0,0,0,0,0,0,0,0,0,0,0,0,0,0,0,0,0,0,0,0,0,0,0,0.52072,0,0,0,0,0,0,0,0,0,0,0.08229,1.93509,0.0394,3.62539,0,0,0,0,0,0,0,2.78462,0,0,0,0,0.13931,1.25562,0,0,0,1.70707,2.53359,0,0,0,0,0,0,0,0,0,0,0,0.13485,0,0,0.25595,0,0,0,0,0,0,0,0,0,0,0,0.00388,0.14144,0,0,0,0.01007,0,0,0.01811,0,0,0,0,0,0,0,0,0,0,0,0,0.01789,0,0,0,0,0,0,0,0
"4045_2",0,0,0,0,0,0,0,0,0,0,0,0,0,0,0,0,0,0,11.8614,0,0,0,0,0,0,0.00139,0,0,0,0,0,0,0,0,0.00229,0,0.01078,0,16.49217,0.85964,0.0681,0,0,0,0.07755,0,0,0,4.15607,0,0,0,0,0,0,0,0,0,2.34901,0,0,0,0,0,0.37285,0,0,0,0,0,0,0,0,0,0,0,0,0,0,0,0,0,0,9.99004,0,2.98435,0,0,0,0,0,0.29375,0,0,0,0,1.43093,0,0,0,0,0,0.14486,0,0.01022,0,0,1.05226,0.77021,0,0,0,0,0,0,0,0,0,0,0,0,0,0,0,0,0,0,0,0,0,0,0,0,0,0.02767,0.01107,0,0,0,0,0,0,0,0,0.03979,0,0,0.00114,0,0,0,0.00264,0,0,0.01751,0,0,0,0.59115,0.0146,0.22119,0,0,0,0,0,0,0,0,0,0,0,0,0,0,0,0,0,0,0,0,0,0,0,0,0,0,0,0,0,0,0,0,0,0,0,0,0,0,0,0,0,0,0,0,0,0,0.0141,0,0,0,0,0,0,0,0,0.19904,0,0,0,0,0,0,1.63398,0,0,0,0,0,0,0,0,0,0,0.83753,0,0,0,0,0,0,0,0,0,0,0,0,0,0,0,0,0,0,0,0,0,0,0,0,0,0,0,0.00974,0,0,0,0,0.34807,0.09305,0,0,0,0,1.19132,0,0,0,0,0,0,0,0,0,0.55155,0,0,0,0,3.91874,2.18088,0,0,15.95265,0,0.16688,0,0.1081,0,0,0,0,0,0,0,0,0.28296,0,0,0,0.00217,0,0,0,0,0,0,0,0,0,0,0,0.11281,0,1.22551,0,1.68156,0,0,0,0,0,0,0,0,0,0,0.03927,0,0,0,0,0,0,0,0,0,0,0.00326,0,0,0,0,0,0,0,0.17336,0,0,0,0,0,0,0,0,0.15309,0.00584,0,0,0,0,0,0,0,0,0,0.10514,1.41786,0,0,0,0,0,0,0,0,0,0,0,0,0,0.82366,0,0,0,0,0,0,0,0,0,0,0,0,0,0,0,0,0,0,0.02307,0,0,0,0,0,0,0,0,0,0,0,0,0,0,0,0,0.0061,0,0,0,0,0,0,0,0,0,0.11475,0,0,0,0,0,0,0,0,0,0,0,0,0,0,0,0,0,0,0,0,0,0,0,0,0,0,0,0,0,0,0,0,0,0,0,0,0,0,0,0,0,0,0,0,0,0,3.08731,0,0,0,0,0,0,0,0,0,0,0,0.06669,0,3.05548,0,0,0,0,0,0,0,2.34951,0,0,0,0,0.15943,1.43424,0,0,0,0.99626,0.28305,0,0,0,0,0,0,0,0,0,0,0,0.1449,0,0,0.78299,0,0,0,0,0,0,0,0,0,0,0,0.00267,0.1915,0,0,0,0.14209,0,0,0.07322,0,0,0,0,0,0,0,0,0,0,0,0,0,0,0,0,0,0,0,0,0
"4045_1",0,0,0,0,0,0,0,0,0,0,0,0,0.00561,0,0,0,0,0,12.76472,0,0,0,0,0,0,0.00738,0,0,0,0,0,0,0,0,0.03749,0,0.03327,0,16.33552,3.77637,0.0856,0,0,0,0.22675,0,0,0,4.45075,0,0,0,0,0,0,0,0,0,1.51447,0,0,0,0,0,0.30014,0,0,0,0,0,0,0,0,0,0,0,0,0,0,0,0,0,0,6.34444,0,7.3842,0,0,0,0,0,0,0,0,0,0,2.54538,0,0,0,0,0,0.5644,0,0.07408,0,0,2.60019,0.8478,0,0,0,0,0,0,0.00056,0,0,0,0,0,0,0,0,0,0,0,0,0,0,0,0,0,0,0.24027,0.00572,0,0,0,0,0,0,0,0,0.04378,0,0,0,0,0,0,0.00318,0,0,0,0.00153,0,0,0.82114,0,0.0144,0,0,0,0,0,0.04811,0,0.01454,0,0,0,0.0347,0.02238,0,0,0,0,0,0,0,0,0,0,0,0,0,0,0,0,0,0,0,0,0,0,0,0,0,0,0,0,0,0,0,0,0,0.0491,0,0,0,0,0,0,0,0,0.23731,0,0,0,0,0,0,1.4139,0,0,0,0,0,0,0,0,0,0,0.4372,0,0,0,0,0,0,0,0,0,0,0,0,0,0,0,0,0,0,0,0,0,0,0,0,0,0,0,0.03585,0,0,0,0,0.83573,0.05755,0,0,0,0,1.44148,0,0,0.018,0,0,0,0,0,0,0,0,0,0.01033,0,0.07492,5.04845,0,0,13.28705,0,0.01224,0,0,0,0,0,0,0,0,0,0,0.02956,0,0,0,0,0,0,0,0,0,0,0,0,0,0,0,0.48847,0,0.82835,0,0.72293,0,0.01978,0,0,0,0,0,0,0,0,0.02207,0,0,0,0,0,0,0,0,0,0,0,0,0,0.04763,0,0,0,0,0.37111,0,0,0.00506,0,0,0,0,0,0.1727,0.04846,0,0,0,0,0,0,0,0,0,0,0.46857,0,0,0,0,0,0,0,0,0,0,0,0,0,0.01387,0.00923,0,0,0,0,0,0,0,0,0,0,0,0,0,0,0.01343,0,0,0.02943,0,0,0,0,0,0,0,0,0,0,0,0,0,0,0,0,0.00292,0,0,0,0,0,0,0,0,0,0.51939,0,0,0,0,0,0,0,0,0,0,0,0,0,0,0,0,0,0,0,0,0,0,0,0,0,0,0,0,0,0,0,0,0,0,0,0,0,0,0,0,0,0,0,0,0,0,1.53089,0,0,0,0,0,0,0,0,0,0.00474,0.05076,0.06074,0.0969,2.783,0,0,0,0,0,0,0,2.59485,0,0,0,0,0.59072,1.18949,0,0.16764,0,1.57963,0.01031,0,0,0,0,0,0,0,0,0,0,0,0.18858,0,0,0.61054,0,0,0,0,0,0,0,0,0,0,0,0.0659,0.38261,0,0,0,0.15818,0,0,0.01361,0,0,0,0,0,0,0,0,0,0,0,0,0,0,0,0,0,0,0,0,0
"4044_4",0,0.03366,0,0,0,0,0,0,0,0,0,0,0,0,0,0,0,0.04479,42.42972,0.05402,0,0,0.00653,0,0,0,0,0,0,0,0,0,0,0,0,0,0,0,0.76336,0,0,0,0,0,0.06159,0,0,0,0,0,0,0,0,0,0,0,0,0,0,0,0,0,0,0,0.01079,0.13348,0,0,0,0,0,0,0,0,0,0,0,0,0,0,0,0,0.00035,0,0.46368,0.06782,0,0,0,0,0,0.08604,0,0,0,0,0,0,0,0,0,0,0,0.77291,0,0.01006,0.00034,0,0.32253,0,0.11111,0,0,0,0,0,0,0.0026,0,0,0,0,0,0,0,0,0,0,0,0,0,0,0,0,0,0,0,0,0,0,0,0,0,0,0,0,0,0.0153,0,0,0,0,0,0,0,0,0,0,0,0,0.03194,0,0,0,0,0,0,0,0.05309,0,0,0,0,0,0.03903,0,0,1.017,0,0,0,0,0.04695,0,0.07169,0,0,0,0,0,0,0,0,0,0,0.15634,0.01757,0.02623,0,0,0,0.03932,0,0,0,0,0,0,0,0,0,0,0,2.21221,0,0,0,0,0,0,0,0,0,0.06296,0,0,3.00071,0,0,0,0,0,0,0,0,0,0,1.48939,0,0,0,0,0,0,0,0,0,0,0,0.71933,0.34346,0.00145,0,0,0,0,0,0,0.00084,0,0,0,1.21987,0,0,0,0.00426,1.21156,0,0.00248,0.0237,0,0,0,0,0,0.00017,0,0,0,0,0,0,0.03076,0,0,3.20932,0,0.04338,1.70154,0,0.31837,0,1.55604,0,0,0,0,0.00104,0.12456,0,0.01569,0,0,0,0.00391,0,0,0,3.98864,1.27829,0.42648,0,0,0,0,0,0.00031,0,0.29846,1.59211,0.12955,0.68879,0.3809,0,0.15017,1.97709,5.17468,0.77731,0,10.19092,1.46035,0,0,0,0,0,0,0,0,0,0,0,0,0,0,0,0.41647,0,0,0.56957,0.05277,0,0,0.02893,0,0,0,2.18032,0,0,0,0,0.07037,0,0,0,0,0,0,0,0,0,0,0,0.02438,0,0,0,0,0,0,0.00835,0,0,0,0,0,0,0,0,0.01832,0.09334,0,0,0,0,0,0,0,0,0,0,0,0,0,0,0,0,0,0,0,0,0,0,0.00289,0,0,0,0,0,0,0,0,0,0,0,0,0,0,0,0,0,0,0.12945,0,0.43752,0,0,0.0643,0,0,0.02193,0,0,0,0,0,0,0,0,0,0,0,0,0,0.00208,0,0,0,0,0,0,0.0282,0,0.02499,0,0,0,0,0,0,0,0,0,0,0,0,0,0,0,0,0.01493,0,0,0,0,0,0,0,0,0,0,0,0.11131,0.2604,0.00942,0.13164,0.00108,0,0.05471,0,0,0,0,0.08377,0,0,0,0.007,0.19195,0.01463,1.37563,0,0,0,0.05575,0.0038,0,0,0,0,0.12709,0,0,0,0,0.02684,0.25515,0,0,0,0,0,0,0,0,0,0,0,0,0,0,0,0,0,0,0,0,0,0.15535,0.12101,0,0,0,0,0,0,0,0,0.12348,0,0,0,0,0,0,0,0,0,0,0,0
"4044_2",0,0.70965,0,0,0,0,0,0,0,0,0,0,0,0,0,0,0,0.02489,7.24678,1.65242,0.0543,0,1.16512,0,0,0,0,0,0,0,0,0,0,0,0,0,0,0,0.07355,0,0,0,0,0,0.02776,0.0464,0.04927,0,0,0,0,0,0,0,0.03749,0,0,0,0.06969,0,0,0,0,0,0.18276,2.24707,0,0,0,0,0,0,0,0,0,0,0,0,0,0,0,0,0.18508,0.08362,2.8427,7.00044,0,0,0,0,0,0.00437,0,0,0,0,0,0,0,0,0,0,0,0.07598,0,0.00811,0,0,0.03904,0,0.02083,0,0,0,0,0,0,0.21881,0.00157,0,0,0,0,0,0,0,0,0,0,0,0,0,0,0,0,0,0,0,0,0,0,0,0,0,0.07662,0,0,0.05474,0,0,0,0,0,0,0,0,0,0,0,0,0,0,0,0,0,0,0,0,0.29959,0,0,0,0,0,0.23156,0.35672,0,1.06984,0,0,0,0.01234,0.00487,0.10781,0.03403,0,0,0,0,0,0,0,0,0,0,0,0.09936,0,0,0,0,0,0,0,0,0,0,0,0,0,0,0,0,0.08181,0,0,0.00572,0,0,0,0,0,0,2.42416,0,0,0.03271,0,0,0,0,0,0,0,0,0,0,0.12232,0,0,0,0,0,0,0,0,0,0,0,0.06335,0.10638,0.17068,0,0,0,0,0,0,0,0,0,0,0.17697,0,0,0,0.01586,0.45057,0,0,0,0,0,0,0,0,0,0,0,0,0,0,0,0,0,0,19.083,0,2.88297,0.38483,0,0.14264,0,1.39174,0.04432,0,0,0,0.54277,0.28224,0,0.02024,0,0,0,0.16467,0,0,0,3.12046,2.89693,0.88547,0,0,0,0,0,0.02137,0,2.58206,0.24276,0,0.17212,1.43646,0,0,0.01907,6.14547,4.04185,0,1.17797,0.44583,0,0,0,0,0.3708,0,0,0,0,0,0,0,0,0.74078,0,0.04243,0,0,0.03021,3.16665,0,0,0.07307,0,0,0,0.34175,0,0,0,0,0.44279,0,0,0,0,0,0,0,0,0,0,0,0,0,0,0,0,0,0,0,0,0,0,0,0,0,0,0,0,0.03764,0,0,0,0,0,0,0,0,0,0,0,0,0,0,0,0,0,0,0,0,0,0,0,0,0,0,0,0,0,0,0,0,0,0,0,0,0,0,0,0,0,0.38695,0,0.16387,0,0,4.57985,0,0,1.53002,0,0,0,0,0,0.32045,0,0,0,0,0,0,0,0,0,0,0,0,0,0,0,0,0,0,0,0,0,0,0,0,0,0,0,0,0,0,0,0,0,0.04514,0,0,0,0,0,0,0,0,0,0,0,0.11645,0.0892,0.01346,0,0.37209,0.03885,0.03571,0.04005,0.28531,0,0.121,0.03049,0,0,0,0,0.01447,0,0.86573,0,0,0,0.20604,0.08683,0,0,0,0,5.08471,0,0,0,0,0.10124,0,0,0,0,0,0,0,0,0,0,0,0,0,0,0,0,0,0,0,0,0.91985,0,0.95465,0.10623,0,0,0,0,0,0,0,0,0.05232,0,0,0,0,0,0,0,0,0,0,0,0
"4044_1",0,0.00084,0,0,0,0,0,0,0,0,0,0,0,0,0,0,0,0.04363,65.45736,0.13134,0.02887,0,0.10923,0,0,0,0,0,0,0,0,0,0,0,0,0,0,0,0.19857,0,0,0,0,0,0.03531,0,0,0,0,0,0,0,0,0,0,0,0,0,0.00761,0,0,0,0,0,0.02876,0.4161,0,0,0,0,0,0,0,0,0,0,0,0,0,0,0,0,0.00474,0.01727,0.39115,0.62017,0,0,0,0,0,0.28007,0,0,0,0,0,0,0,0,0,0,0,0.2737,0,0.00515,0,0,0.0538,0,0.00494,0,0,0,0,0,0,0.00742,0,0,0,0,0,0,0,0,0,0,0,0,0,0,0,0,0,0,0,0,0,0,0,0,0,0,0.05046,0,0,0,0,0,0,0,0,0,0,0,0,0,0,0,0,0,0,0,0,0,0,0,0.00837,0,0,0,0,0,0.15359,0,0,0.65206,0,0,0,0.03473,0.04135,0,0.00682,0,0,0,0,0,0,0,0,0,0,0.00873,0,0,0,0,0,0,0,0,0,0,0,0,0,0,0,0,0,0.99288,0,0,0,0,0,0,0,0,0,0.00893,0,0,1.19282,0,0,0,0,0,0,0,0,0,0,0.99398,0,0,0,0,0,0,0,0,0,0,0,0.18053,0.19268,0,0,0,0,0,0,0,0.0091,0,0,0,0.90636,0,0,0,0,0.49224,0,0,0.00983,0,0,0,0,0,0,0,0,0,0,0,0,0,0,0,1.71811,0,0.03046,0.41329,0,0.15818,0,2.13444,0.00243,0,0,0,0.01256,0,0,0,0,0,0,0.00609,0,0,0,1.68701,1.61833,0.4252,0,0,0,0,0,0.01564,0.00384,1.8113,0.35018,0.2408,0.21499,0.98206,0,0.02183,0.22825,4.89985,0.35386,0,2.78038,0.63834,0,0,0,0,0,0,0,0,0,0,0,0,0,0.03351,0,0.30179,0,0,0.02707,0.3193,0,0,0.0242,0,0,0,0.62523,0,0,0,0,0.0883,0,0,0,0,0,0,0,0,0,0,0,0,0,0,0,0,0,0,0.03035,0,0,0,0,0,0,0,0,0.0121,0.08217,0,0,0,0,0,0,0,0,0,0,0,0,0,0,0,0,0,0,0,0,0,0,0,0,0,0,0,0,0,0,0,0,0,0,0,0,0,0,0,0,0,0.47458,0,0.1192,0,0,0.40716,0,0,0.06316,0,0,0,0,0,0.02061,0,0,0.00237,0,0,0,0,0,0,0,0.00152,0,0,0,0.02105,0,0.00941,0.0193,0,0,0,0,0,0,0,0,0,0,0,0,0,0,0,0.01343,0,0,0,0.00033,0,0,0,0,0,0,0,0.02293,0.1221,0.01477,0.1101,0.59986,0.11765,0.02427,0,0,0,0,0.02458,0,0,0,0,0.28973,0,0.07907,0,0,0,0.02828,0,0,0,0,0,0.65411,0,0,0,0,0.01615,0.06149,0,0,0,0,0,0,0,0,0,0,0,0,0,0,0,0,0,0,0,0,0,0.1531,0.04283,0,0,0,0,0,0,0,0,0.14394,0,0,0,0,0,0,0,0,0,0,0,0
"4043_4",0,0,0,0,0,0,0,0,0,0,0,0,0,0,0,0,0,0.0249,14.35577,0.04606,0.41812,0,0.61898,0,0.13512,0.00179,0,0,0,0,0,0,0,0,0,0,0,0,0.57844,0,0,0,0,0,0.02557,0,0,0.41632,0,0,0,0,0,0,0,0,0.01594,0,0,0,0,0.30239,0,0,0.28943,0,0,0,0,0,0,0,0,0,0,0,0,0,0,0,0,0,1.3039,0.64666,0.4751,3.07735,0,0.50566,0,0,0,0,0,0,0,0,0,0,0,0,0,0,0,0.6318,0,0.22993,0.26892,0,0.07158,0,0.01929,0,0,0,0,0,0,0,0,0,0,0,0,0,0,0,0,0,0,0,0,0,0,0,0,0,0.10176,0,0,0,0,0,0,0,0,0,0,0,0,0,0,0,0,0,0,0,0,0,0,0,0,0,0,0,0,0,0,0,0.04193,0.01715,0,0,0,0,0,0,0,3.7402,0,0,0,0,0,0,0,0,0,0,0,0,0,0,0,0,0,0,0,0,0,0,0,0,0,0,0,0,0.85174,0,0,0,0,21.42517,0,0,0,0,0,0,0,0,0,0,0,0.65385,0,0,0,0,0,0,0,0,0,0,0,0,0,0.76693,0,0,0.01153,0,0,0,0,0,0,0,0,0.5848,0.87164,0,0,0,0,0,0,0,0,0,0,0,0,0,0,0,0.91589,0.81855,0,0,0.02251,0,0.10765,0.01233,0,0,0,0,0,0,0,0,0,0,0,0,0,0,0.61553,1.58903,0,0.52604,1.51105,0.69994,0,0,0,0,0,0.03646,0,0,0,0,0,0,0,0,0.1886,7.8987,0.38485,0.00253,0,0,0,0,0.00978,0,0.02459,0.47514,0,0.24981,0,0.57875,0.0013,0,0,0,0.01798,0,0,0,0,0,0,0,0.03842,0,0,0,0,0,0,0,0.72606,0,0,0.04733,0,0,0.59126,0,0,0,0,0,0,0,0.43583,0,0,0,0,0.47778,0,0,0,0,0,0,0,0,0.26916,0,0,0,0,0,0,0,0,0,0,0,0,0,0,0,0,0,0,0,0.04978,0,0,0,0,0,0,0,0,0,0,0,0,0,0,0,0,0,0,0,0,0,0,0,0,0,0,0,0,0,0,0,0,0,0,0,0,0,0,0,0,0,0.64034,0,0,0,0.10405,0.42271,0,0,0,0.56474,0,0,0,0,0,0,0,0,0,0.89619,0,0,0,0,0,0,0,0,0,0,17.71972,0,0,0,0,0,0,0,0,0,0,0,0,0,0,0,0,0,0,0,0,0,0,0,0,0,0,0,0,0,0,2.6581,0,0.20994,0,0,0,0,0,0,0,0.20797,0,0,0,0,0.25767,0,0.1483,0,0,0,1.16248,0,0,0,0,0,0,0,0,0,0,0.40827,0.09293,0,0,0,0.07776,0.01831,0,0,0,0,0,0,0,0,0,0,0,0,0,0,0.0172,0,1.18026,0.02554,0,0,0,0,0,0,0,0,0.33918,0,0,0,0,0,0,0,0,0,0,0,0
"4043_3",0,0,0,0,0,0,0,0,0,0,0,0,0,0,0,0,0,0.13716,0.342,0.12224,0.14327,0,0.29945,0,0.36551,0.15015,0,0,0,0,0,0,0,0,0,0,0,0,3.01418,0,0,0,0,0,0.05736,0,0,2.63214,0,0,0,0,0,0,0,0,0.27207,0,0,0,0,0.21942,0,0,2.96476,0,0,0,0,0,0,0,0,0,0,0,0,0,0,0,0,0,4.43497,3.44344,2.58521,5.597,0.01359,0.41037,0,0,0,0,0,0,0,0,0,0,0,0,0,0,0,0.26631,0,0.38848,0.39219,0,0.16102,0,0,0,0,0,0,0,0,0,0,0,0,0,0,0,0,0,0,0,0,0,0,0,0,0,0,0,0.19435,0,0,0,0,0,0,0,0,0,0,0.01637,0,0,0,0,0,0,0,0,0,0,0,0,0,0,0,0,0,0,0,0,0,0.10473,0,0,0,0,0,0,0,2.05255,0.0159,0,0,0,0,0,0,0,0,0,0,0,0,0,0,0,0,0,0,0,0,0,0,0,0,0,0,0,0.19146,0,0,0,0,0.00405,0,0,0,0,0,0,0,0,0,0,0,0.26996,0,0,0,0,0,0,0,0,0,0,0,0,0,1.96375,0,0,0.02652,0,0,0,0,0,0,0,0,0.54336,1.50445,0,0,0,0,0,0,0,0,0,0,0,0,0,0,0,1.28368,1.02567,0,0,0.00291,0,0.02201,0.04837,0,0,0,0,0,0,0,0,0,0,0,0,0,0,14.66803,2.75405,0,0.72385,1.11212,0.00709,0.24861,0,0,0,0,0.01015,0.01602,0,0,0,0,0.05088,0,0,0.10907,7.3755,0.07843,0,0,0,0,0,0,0,0.03123,0.00829,0,0.07427,0,0,0,0,0,0,0,0,0,0,0,0,0,0,0.08281,0,0,0,0,0,0,0,1.41368,0,0,0.03368,0,0,0.17738,0,0,0,0,0,0,0,1.05554,0,0,0,0,0.47208,0,0,0,0,0,0,0,0,0.25437,0,0,0,0,0,0,0,0,0,0,0,0,0,0,0,0,0,0.00732,0,0,0,0,0,0,0,0,0,0,0,0,0,0,0,0,0,0,0,0,0,0,0,0,0,0,0,0,0,0,0,0,0,0,0,0,0,0,0,0,0,0.13273,0,0.01099,0,0,0,0,0.90854,0,0,0,1.5972,0,0,0,0,0,0,0,0,0,0.58515,0,0,0,0,0,0,0,0,0,0,22.0469,0,0,0,0,0,0,0,0,0,0,0,0,0,0,0,0,0,0,0,0,0,0,0,0,0,0,0,0,0,0,2.99737,0,0.05744,0,0,0,0,0,0,0,0.46511,0,0,0,0,0.14685,0,0.29916,0,0,0,0.36237,0,0,0,0,0,0,0,0,0,0,0.39064,0,0,0,0,0.01681,0.02501,0,0,0,0,0,0,0,0,0,0,0.04386,0,0,0,0,0,0.92512,0.02131,0,0,0,0,0,0,0,0,0.52059,0,0,0,0,0,0,0,0,0,0,0,0
"4043_2",0,0,0,0,0,0,0,0,0,0,0,0,0,0,0,0,0,0,23.54374,0.00531,0.49058,0,0.22896,0,0.17759,0.05833,0,0,0,0,0,0,0,0,0,0,0,0,1.72303,0,0,0,0,0,0,0,0,0.38413,0,0,0,0,0,0,0,0,0,0,0,0,0,0.44006,0,0,0.1413,0,0,0,0,0,0,0,0,0,0,0,0,0,0,0,0,0,2.07896,0.35915,0.5356,4.30524,0,0.38561,0,0.00722,0,0,0,0,0,0,0,0,0,0,0,0,0,0.18097,0,0.18281,0.02425,0,0.20387,0,0,0,0,0,0,0,0,0,0,0,0,0,0,0,0,0,0,0,0,0,0,0,0,0,0,0,0.02438,0,0,0,0,0,0,0,0,0,0,0,0,0,0,0,0,0,0,0,0,0,0,0,0.07578,0,0,0,0,0,0,0,0,0,0,0,0,0,0,0,0,2.4681,0,0,0,0,0.22878,0,0,0,0,0,0,0,0,0,0,0,0,0,0,0,0,0,0,0,0,0,0.23461,0,0,0,0,0,0,27.34843,0,0,0,0,0,0,0,0,0,0,0,0.02882,0,0,0,0,0,0,0,0,0,0,0,0,0,0.49711,0,0,0,0,0,0,0,0,0,0,0,0.47237,0.43588,0,0,0,0,0,0,0,0,0,0,0,0,0,0,0,0.51746,0.24942,0,0,0.06604,0,0.00831,0,0,0,0,0,0,0,0,0,0,0,0,0,0,0,0.02914,1.60321,0,0.08571,2.02055,0.4045,0,0,0,0,0,0,5.13237,0,0,0,0.04,0,0,0,0.1005,1.54443,0.18959,0,0,0,0,0,0.28427,0,0.23499,0.32057,0,0.12932,0,0.57699,0.01735,0,0.83129,0,0,0,0,0.00375,0,0,0,0,0,0,0,0,0,0,0,0,0.01901,0,0,0.02421,0,0,2.13859,0,0,0,0,0,0,0,0.21285,0,0,0,0,0.48765,0,0,0,0,0,0,0,0,0.14809,0,0,0,0,0,0,0,0,0,0,0,0,0,0,0,0,0,0.52437,0,0,0,0,0,0,0,0,0,0,0,0,0,0,0,0,0,0,0,0,0,0,0,0,0,0,0,0,0,0,0,0,0,0,0,0,0,0,0,0,0,0,0,0.82562,0,0,0,0.36779,0.87902,0,0,0,0.25634,0,0,0,0,0,0,0,0,0,0.86667,0,0,0,0,0,0,0,0,0,0,1.82826,0,0,0,0,0,0,0,0,0,0,0,0,0,0,0,0,0,0,0,0,0,0,0,0,0,0,0,0,0,0.05529,0.76309,0.02364,0.23189,0,0,0,0,0,0,0,0.18255,0,0,0,0,0.24863,0,0.86284,0,0,0,0.28684,0,0,2.99797,0,0,0,0,0,0,0,1.25127,0,0,0,0,0.0256,0,0,0,0,0,0,0,0,0,0,0,0,0,0,0,0.74138,0,0.97137,0.0016,0,0,0,0,0,0,0,0,1.11685,0,0,0,0,0,0,0,0,0,0,0,0
"4003_3",0,0,0,0,0,0,0,0,0,0,0,0,0,0,0,0,0,0.10556,4.85195,1.46861,0,0,1.86947,0,1.53357,0.00522,0,0,0,0,0,0,0,0,0,0,0,0,1.24036,0,0,0,0,0,0,0,0,0,0.24544,0,0,0,9.72008,0,0,0,0,0,0,0,0,0,0,0,2.52823,0,0,0.2237,0,0,0,0,0,0,0,0,0,0,0,0,0,0,0,0.96997,12.59295,3.29698,0,1.5786,0,0,0,0,1.01625,0,0,0,1.07902,4.20786,0,0.00662,0,0,0,1.35968,0,0.98077,0.22792,0,0.05201,0,0.05756,0,0,0,0,0,0,0,0,0,0,0,0,0,0,0,0,0,0,0,0,0,0,0,0,0,0,0,0,0,0,0,0,0,0,0,0,0.01669,0,0,0,0,0,0,0,0,0,0,0,0,0,0,0,0,0,0,0,0,0.10545,0.08726,0,0,0.95124,0.51096,0,0,0,0,0.02877,0,0,0,0,0,0,0,0,0,0,0,0,0,0,0,0,0,0,0,0,0,0,0,0,0,0,0,0,0,0,0,0,0,0,0,0,0,0.01743,0,0,0,0,10.88134,0,5.70993,0,0,0,0,0,0,0,0,0,0,0,0,0,0.91246,0,0,0,0,0,0,0,0,0,0,0,0.29668,0.78516,0,0,0,0,0,0,0,0,0,0,0,0.21366,0,0,0,0.08266,1.10502,0,0,0.08773,0,0,0,0,0,0.00277,0,0,0,0,0,0.10653,0,0,0,0,0,3.55384,2.16257,0,0,1.30796,0,0,0,0,0,0,0.13998,0,0,0,0.97258,0,0.83669,0,0.02947,0,7.67631,0,0,0,0,0,0,0.02519,0,0,0.95428,0,0.03622,0,0,0,0,0,0,0,0,0,0,0,0,0,0,0.11651,0,0,0,0,0,0,0,0.41521,0,0,0,0,0,1.23799,0,0,0,0,0.05637,0,0,0.38843,0,0,0,0,0.18501,0,0,0,0,0,0,0,0,0,0.0039,0,0.00672,0,0,0,0,0,0,0,0,0,0,0,0,0,0,0,0,0.02852,0,0,0,0,0,0,0,0,0,0,0,0,0,0,0,0,0.09069,0,0,0,0,0,0,0,0,0,0,0,0,0,0,0,0,0,0,0,0,0,0,0.19397,0,0.10588,0,0,0,0,0.527,0,0,0,0.88892,0,0,0,0,1.00766,0,0,0,0,0.04698,0,0,0,0.04609,0,0,0,0,0,0,0,0,0,0,0,0,0,0,0,0,0,0,0,0,0,0,0,0,0,0,0,0,0,0,0,0,0,0,0,0,1.61296,0.77747,0.33394,0.10477,0,0,0,0,0,0,0,0,0,0,0,0,0.04598,0.26254,0,0,0,0,0.14187,0,0,0,0,0,0,0,0,0,0,0,0.00522,0,0,0,0,0,0,0,0,0,0,0,0,0,0,0.01213,0.08531,0,0,0,0,0,0.36486,0.03749,0,0,0,0,0,0.05441,0,0,0,0,0,0,0,0,0,0,0,0,0,0,0
"4043_1",0,0,0,0,0,0,0,0,0,0,0,0,0,0,0,0,0,0,1.22835,0.07098,0.52865,0,0.28306,0,0.27838,0.07678,0,0,0,0,0,0,0,0,0,0,0,0,0.34226,0,0,0,0,0,0,0,0,2.0053,0,0,0,0,0,0,0,0,0.02012,0,0,0,0,0.27055,0,0,0.35465,0,0,0,0,0,0,0,0,0,0,0,0,0,0,0,0,0,3.94782,0.62473,0.68388,8.31508,0,0.47062,0,0.16189,0,0,0,0,0,0,0,0,0,0,0,0,0,0.0125,0,0.03194,0,0,0.00676,0,0.0279,0,0,0,0,0,0,0,0,0,0,0,0,0,0,0,0,0,0,0,0,0,0,0,0,0,0.0018,0,0,0,0,0,0,0,0,0,0,0,0,0,0,0,0,0,0,0,0,0,0,0,0.00851,0,0,0,0,0,0,0,0,0.02406,0,0,0,0,0,0,0,0.26117,0,0,0,0,1.61306,0,0,0,0,0,0,0,0,0,0,0,0,0,0,0,0,0,0,0,0,0,0,0,0.0566,0,0,0,0,7.02986,0,0,0,0,0,0,0.00419,0,0,0,0,0.12262,0,0,0,0,0,0,0,0,0,0,0,0,0,0.16899,0,0,0,0,0,0,0,0,0,0,0,0.07426,0.30044,0,0,0,0,0,0,0,0,0,0,0,0,0,0,0,0.17127,0.10421,0,0,0,0,0,0,0,0,0,0,0,0,0,0,0,0,0,0,0,0,0,0.22668,0,0.01644,0.43264,0.01234,0,0,0,0,0,0,4.16592,0,0,0,0.00268,0,0,0,0,1.53848,0.05114,0,0,0,0,0,0.00724,0,0.00999,0.03181,0,0.00789,0,0.22077,0,0,0,0,0.10135,0,0,0,0,0,0,0,0,0,0,0,0,0,0,0,0.21868,0,0,0.02651,0,0,0.11865,0,0,0,0,0,0,0,0.08006,0,0,0,0,0.18328,0,0,0,0,0,0,0,0,0.01239,0,0,0,0,0,0,0,0,0,0,0,0,0,0,0,0,0,0.22957,0,0,0,0,0,0,0,0,0,0,0,0,0,0,0,0,0,0,0,0,0,0,0,0,0,0,0,0,0,0,0,0,0,0,0,0,0,0,0,0,0,0.05099,0,0.59282,0,0,0,0.06659,2.80163,0,0,0,0.58853,0,0,0,0,0,0,0,0,0,2.13813,0,0,0,0,0,0,0,0,0,0,53.09733,0,0,0,0,0,0,0,0,0,0,0,0,0,0,0,0,0,0,0,0,0,0,0,0,0,0,0,0,0,0.43302,0.47675,0.31897,0.18483,0,0,0,0,0,0,0,0.02785,0,0,0,0,0.01098,0,0,0,0,0,0.15246,0,0,0.5538,0,0,0,0,0,0,0,0.32462,0.00385,0,0,0,0,0,0,0,0,0,0,0,0,0,0,0,0,0,0,0,0,0,0.58002,0,0,0,0,0,0,0,0,0,0.21908,0,0,0,0,0,0,0,0,0,0,0,0
"4042_4",0,2.53161,0,0,0,0,0,0,0,0,0,0,0,0,0,0,0,0,2.49066,0.42554,0,0,0,0,3.11103,0.23988,0,0,0.00164,0,0,0,0,0,0,0,0,0,0.72733,0,0,0,0,0,0,0,0,2.95318,0,0,0,0,0.07451,0,0,0,0.20728,0,0.17663,0,0,0,0,0,3.86188,0,0,0,0,0,0,0,0,0,0,0,0,0,0,0,0,0,0,0.21058,8.25647,18.72549,0.08813,2.16818,0,2.66847,0,0,0,0,0,0,1.69209,0.37056,0,0,0,0,0,1.1859,0,0.18265,0.02188,0,0.11226,0,0,0,0,0,0,0,0,0,0,0,0,0,0,0,0,0,0,0,0,0,0,0,0,0,0,0,0,0,0,0,0,0,0,0,0.03161,0,0,0.05389,0,0,0,0,0,0,0,0,0,0,0,0,0,0,0,0,0,0,0,0,0,0.00754,0,0,0.43204,0.13127,0,0.22367,0,2.3253,0,0,0,0,0,0,0,0.1423,0,0,0,0,0,0,0.91769,0,0,0,0,0,0,3.22103,0,0,0,0,0,0,0,0,0,0,0,0,0,0,2.19667,0,0,0,1.25844,0,0,0,0,0,0,0,0,0,0,0,0,0,0,0,0,0,0,0.34444,0,0,0,0,0,0,0,0,0,0,0,0.81176,0.28172,0,0,0,0,0,0,0,0,0,0,0,0,0,0,0,0.04389,0.3502,0,0,0,0,0,0,0,0,0,0,0,0,0,0,0,0,0,0,0,0,1.21446,0.84931,0,0.11444,7.47283,1.90656,0.51542,0,0,0,0,0.0307,0,0,0,0,0,0,0,0.07998,0.02227,4.05782,5.39662,0.38781,0,0,0,0,0.03298,0,0,0.3694,0.08621,0,0.12907,0.04951,0,0,0,0,0,0,0,0,0,0,0,0,0.02023,0,0,0,0,0,0,0,0.14673,0,0,0,0,0,0,0,0,0,0,0,0,0,1.58787,0,0,0,0,0.12936,0,0,0,0.00367,0,0,0,0,0.01094,0,0,0.01203,0,0,0,0,0,0,0,0,0,0,0,0,0,0,2.34194,0,0,0,0,0,0,0,0,0,0,0,0,0,0,0,0.20275,0,0,0,0,0,0,0,0,0,0,0,0.01892,0,0,0,0,0,0,0.10223,0,0,0,0,0,0,0.25502,0,0.14045,0,0.45668,0,0,0,0,0,0,0,1.24712,0,0,0,0.75252,0,0,0,0,0.2952,0,0,0,0,0,0,0,0,0,0,0,0,0,0,0,0,0,0,0,0,0,0,0,0,0,0,0,0,0,0,0,0,0,0,0,0,0,0,0,0,0,0.11409,0,0.62736,0,0,0,0,0,0.22061,0.67524,0,0,0,0,0,0,0.02215,0,0,0,0,0.58297,0,0,0,0,0,0,0,0,0,0,0.81492,0,0,0,0,0,0,0,0,0,0,0,0,0,0,0,0,0.03743,0,0,0,0,0,0.43329,0.76274,0,0,0,0,0,0,0,0,0,0,0.01282,0,0,0,0,0,0,0,0,0,0
"4042_3",0,5.18066,0,0,0,0,0,0,0,0,0,0,0,0,0,0,0,0.01399,4.57393,0.502,0,0,0,0,4.68775,0.46074,0,0,0,0,0,0,0,0,0,0,0,0,0.51432,0,0,0,0,0,0.00123,0,0,2.73688,0,0,0,0,0.45255,0,0,0,0.13894,0,0.18518,0,0.01502,0,0,0,3.88853,0,0,0,0,0,0,0,0,0,0,0,0,0,0,0,0,0,0,0.72286,7.33894,24.11273,0.10532,2.60404,0,1.05214,0,0,0,0,0,0,0.55158,0.11938,0,0,0,0,0,0.19201,0,0.06886,0.01037,0,0.03523,0,0.00286,0,0,0,0,0,0,0,0,0,0,0,0,0,0,0,0,0,0,0,0,0,0,0,0,0,0,0,0,0,0,0,0,0,0.08395,0,0,0.02663,0,0,0,0,0,0,0,0,0,0,0,0,0.00031,0,0,0,0,0,0,0,0.00122,0.02137,0,0,0.47374,0.18112,0.00034,0.39206,0.00622,0.76433,0,0,0,0,0,0,0,0.06083,0,0,0,0,0,0,1.75405,0,0,0,0,0,0,2.62751,0,0,0,0,0,0,0,0,0,0,0,0,0,0,1.11177,0,0.02797,0,0.0789,0,0,0,0,0,0,0,0,0,0,0,0,0,0,0,0.01951,0,0,0.25256,0,0,0,0,0,0,0,0,0,0,0,0.32376,0.21234,0,0,0,0,0,0,0,0,0,0,0,0,0,0,0,0.05252,0.14392,0,0,0,0,0,0,0,0,0,0,0,0,0,0,0,0,0,0,0.01535,0,0.42947,0.27207,0,0.06916,8.9236,0.96196,0.54503,0,0,0,0,0.0283,0,0,0,0,0,0,0,0.01014,0.04704,3.14226,2.71278,0.28181,0,0,0,0,0.12037,0,0,1.34562,0.02442,0,0.1539,0.15925,0,0.00233,0,0,0,0,0,0.00307,0,0,0,0,0.03822,0,0,0,0,0,0,0,0.1715,0,0,0.00046,0,0,0.00193,0,0,0,0.00314,0.02821,0,0.00268,0.60514,0,0,0,0,0.19916,0.00332,0,0.07644,0.09903,0,0,0,0,0.02763,0.0045,0,0.00735,0,0,0,0,0,0,0,0,0,0,0,0,0,0,3.1003,0,0,0,0,0,0,0,0,0,0,0,0,0,0,0,0,0,0,0.00569,0,0.02714,0,0,0,0,0,0,0.00675,0,0,0,0,0,0,0.09218,0,0,0,0,0,0,0.42712,0,0.479,0,0.2455,0,0.4211,0,0,0,0,0,1.26477,0,0,0,0.80916,0,0,0,0,0.31967,0,0,0,0,0,0,0,0,0,0,0,0,0,0,0,0,0,0,0,0,0,0,0,0,0,0,0,0,0,0,0,0,0,0,0,0,0,0,0,0,0,0.06306,0.07013,0.06415,0,0,0,0,0,0.0132,0.83459,0,0,0,0,0.00998,0,0.0258,0,0,0,0.00198,0.25062,0,0.00026,0,0,0,0,0,0,0,0,0.24974,0.00411,0,0,0,0.0086,0,0,0,0,0.00251,0,0,0,0,0,0.03903,0.06173,0,0,0,0,0,1.01435,0.41863,0,0,0,0,0,0,0,0,0,0.02364,0.09959,0,0.03713,0.00156,0,0.00223,0,0.01151,0.09189,0,0
"4042_2",0,2.34041,0,0,0,0,0,0,0,0,0,0,0.00426,0,0,0,0,0.03613,0.82156,0.37895,0,0,0,0,3.906,0.61749,0,0,0,0,0,0,0,0,0,0,0.00472,0,0.13999,0,0,0,0,0,0,0,0,3.69686,0,0,0,0,0,0,0,0,0.38164,0,0.2062,0,0,0,0,0,4.40464,0,0,0,0,0,0,0,0,0,0,0,0,0,0,0,0,0,0,1.84094,9.1963,28.92823,0.57663,2.75274,0,0.30344,0,0,0,0,0,0,0.02425,0.0072,0,0,0,0,0,0.60923,0,0.00327,0.00561,0,0.06331,0,0.00158,0,0,0,0,0,0,0,0,0,0,0,0,0,0,0,0,0,0,0,0,0,0,0,0,0,0,0,0,0,0,0,0,0,0.04436,0,0,0.06343,0,0,0,0,0,0,0,0,0.0489,0,0,0,0.00014,0,0,0,0,0,0,0,0.00648,0.0254,0,0,0.34386,0.10173,0,0.09445,0.01393,0.31614,0.02423,0,0,0,0,0,0.19407,0.05411,0,0,0,0,0,0,1.3755,0,0,0,0,0,0,0.46197,0,0,0,0,0,0,0,0,0,0,0,0,0,0,0.35133,0,0.13208,0,0.10037,0,0,0,0,0,0,0,0,0,0,0,0,0,0,0,0,0,0,0.08141,0,0,0,0,0,0,0,0,0,0,0,0.14975,0.38084,0,0,0,0,0,0,0,0,0,0,0,0,0,0,0,0.17566,0.28148,0,0,0,0,0,0.00479,0,0,0,0,0,0,0,0,0,0,0,0,0,0,0.54138,0.23461,0,0.02757,13.15956,0,0.39434,0,0,0,0,0.03943,0,0,0,0,0,0.00023,0,0.02333,0.01455,3.43972,2.24182,0.12927,0,0,0,0,0.09406,0.00291,0,0.97105,0.01499,0,0.03199,0.01936,0,0,0,0,0,0,0,0.00117,0,0,0,0,0.07529,0,0,0,0,0,0,0,0.11391,0,0,0,0,0,0,0,0,0,0,0,0,0,0.69612,0,0,0,0,0.03586,0,0,0.04681,0.01908,0,0,0,0,0.00622,0,0,0.13608,0,0,0,0,0.03982,0,0.01434,0,0,0,0,0,0,0,3.38741,0,0.00276,0,0,0,0,0,0,0,0,0,0,0,0,0,0,0,0,0.00268,0,0,0,0,0,0,0,0,0,0,0,0,0,0,0,0.2988,0,0,0,0,0,0,0.88252,0,1.24642,0,0.16939,0,0.10332,0,0,0,0,0,0.75734,0,0,0,1.03172,0,0,0,0,0.43928,0,0,0,0,0,0,0,0,0,0,0,0,0,0,0,0,0,0,0,0,0,0,0,0,0,0,0,0,0,0,0,0,0,0,0,0,0,0,0,0.00193,0,0.08597,0.0777,0.15574,0.00253,0,0,0,0,0.0296,0.64582,0,0,0,0,0.00221,0,0.68613,0,0,0,0.00411,0.28099,0,0,0,0,0,0,0,0,0,0,0.17382,0,0,0,0,0.01001,0,0,0,0,0,0,0,0,0,0,0.02322,0.06181,0,0,0,0,0,0.36796,0.32851,0,0,0,0,0,0.05308,0,0,0,0.01759,0.01663,0,0.00659,0,0,0.00154,0,0.00199,0,0,0
"4042_1",0,6.70033,0,0,0,0,0,0,0,0,0,0,0,0,0,0,0,0.01989,4.06247,0.20086,0,0,0,0,1.94953,0.4077,0,0,0,0,0,0,0,0,0,0,0,0,0.41878,0,0,0,0,0,0,0,0,3.92922,0,0,0,0,0,0,0,0,0.7223,0,0.10306,0,0,0,0,0,2.97015,0,0,0,0,0,0,0,0,0,0,0,0,0,0,0,0,0,0,0.28244,3.2115,15.7737,0.13417,2.07058,0,0.40454,0,0,0,0,0,0,0,0,0,0,0,0,0,0.92697,0,0.02443,0.01481,0,0.02916,0,0,0,0,0,0,0,0,0,0,0,0,0,0,0,0,0,0,0,0,0,0,0,0,0,0,0,0,0,0,0,0,0,0,0,0.06126,0,0,0.02249,0,0,0,0,0,0,0,0,0.02933,0,0,0,0,0,0,0,0,0,0,0,0.00155,0.01461,0,0,0.4678,0.15377,0.00547,0.13242,0,1.36514,0.04495,0,0,0,0,0,0.00195,0.14353,0,0,0,0,0,0,1.41708,0,0,0,0,0,0,0,0,0,0,0,0,0,0,0,0,0,0,0,0,0,0.85172,0,0.00239,0,0.40506,0,0,0,0,0,0,0,0,0,0,0,0,0,0,0,0,0,0,0.06584,0,0,0,0,0,0,0,0,0,0,0,0.11042,0.33688,0,0,0,0,0,0,0,0,0,0,0,0,0,0,0,0.08308,0.18118,0,0,0,0,0,0,0,0,0,0,0,0,0,0,0,0,0,0,0,0,1.37251,0.25618,0,0.02717,30.37014,0,0.32246,0,0,0,0,0.05288,0,0,0,0,0,0.0169,0,0.04157,0.01982,1.93091,1.96803,0.13232,0,0,0,0,0.04994,0.01028,0,0.59555,0.08105,0,0.12187,0.24122,0,0,0,0,0,0,0,0.00714,0,0,0,0,0.02574,0,0,0,0,0,0,0,0.23221,0,0,0,0,0,0,0,0,0,0,0,0,0,0.92069,0,0,0,0,0.01835,0,0,0,0,0,0,0,0,0.01239,0,0,0.01496,0,0,0,0,0,0,0,0,0,0,0,0,0,0,3.15625,0,0,0.00122,0,0,0,0,0,0,0,0,0,0,0,0,0.01601,0,0,0,0,0,0,0,0,0,0,0,0.02168,0,0,0,0,0,0,0.09002,0,0,0,0,0,0,0.57077,0,1.16305,0,0.23411,0,0.13002,0,0,0,0,0,1.23425,0,0,0,0.65066,0,0,0,0,0.2259,0,0,0,0,0,0,0,0,0,0,0,0,0,0,0,0,0,0,0,0,0,0,0,0,0,0,0,0,0,0,0,0,0,0,0,0,0,0,0,0,0,0.24897,0.01322,0.05406,0,0,0,0,0,0.03734,1.16635,0,0,0,0,0.01169,0,0.18594,0,0,0,0,0.6068,0,0.03431,0,0,0,0,0,0,0,0,0.17155,0,0,0,0,0.00687,0,0,0,0,0,0,0,0,0,0,0.00946,0.10356,0,0,0,0.07192,0,0.27064,0.38602,0,0,0,0,0,0,0,0,0,0,0,0,0,0,0.01432,0,0,0.01621,0,0,0
"4040_4",0,0,0,0,0,0,0,0,0,0,0,0,0,0,0,0,0,0,0,0,0,0,0,0,0.22121,0,0,0,0,0,0,0,0,0,0,0,0,0,15.28778,0,0,0,0,0,0,0,0,0,0,0,0,0,0,0.68763,0,0,0,0,0,0,0,0,0.0025,0,0,0,0,0,0,0,0,0,0,0,0,0,0,0,0,0,0,0,0,1.00844,2.76997,4.97962,0,0,0,0,0,1.88065,0,0,0,0,0,0,0,0,0,0,0.01404,0,0,0.03345,0,0.18631,0,0,0.27416,0,0,0,0,0,0,0,0,0,0,0,0,0,0,0,0,0,0,0,0,0,0,0,0.12234,0,0,0,0,0,0,0,0,0,0,0,0,0,0,0,0,0,0,0,0,0.0261,0,0,0,0,0,0,0,0,0,0,0,0,0,0,0,0,0,0,0,0,0.36466,0,0,0,0,0,0,0,0,0,0,0,0,0,0,0,0,0,0,0,0,0,0,0,0,0,0,0,0,0,0,0,0,0,0,0,0,0,0,0,0.48964,0,0,0,0,0,0,0,0,0,0,0,0,0,0,0,0,0,0.08243,0,0,0.70844,0,0,0,0,0,0,0,0,0,0,0,0.01006,0,0,0,0,0,0,0,0,0,0,0,0,0,0,0,0,0,4.83244,0.07646,0,0,0,0,0.01025,0,0.09055,0,0,0,0,0,0.11234,0,0.13611,0,0,23.12998,0,0,0,0.05529,0,0,0,0,0,0,0,0,0,0,0,0,0,0,2.32011,0,0,0,2.11126,0,0,0,0,0,0,0.07774,0,0.71635,0,0,0.1379,0,0,0,0,0,0,0,0,0,0,0,0,0,0,0,0.5055,0,0,0,0,0,0,0,0,0,0,0,0,0,0,0,0,0,0.09652,0,0,11.54264,0,0,0,0,0,0,0,0,0,0,0,0,0,0.9347,0,0,0,0,0,0,0,2.17396,0.12646,0.44433,0,0,0,0,0,0,0,0,0,0,1.48717,0,0,0,0,0,0,0,0,0,0,0,0,0,0,0,0,0,0,0,0,0,0,0,0,0,0,0,0,0,0,0,12.92358,0,0,0,0,0,0,0,0,0,0,0,0,0,0.09413,0,0,0,0.26966,0,0,0,0,0.03917,0,0,0,0,1.04777,0,0,0,0,0,0,0,0,0,0,0,0,0,0,0,0,0,0,0,0,0,0,0,0,0,0,0,0,0,0,0,0,0,0,0,0,0,0,0,0,0,0,0,0,0,0,0,0,0,0,0,0,0,0,0,0,0.25785,0,0,0,0,1.06456,0,0,0,0,0,0,0,0,0,0,0,0,0.26535,0,0,0,0,0,0,0,0,0,0,0,0,0,0,0,0.03053,0,0,0,0,0,0.12089,0,0,0,0,0,0,0,0,0,2.75921,0.8598,0,0,0,0,0,0,0,0,0,0,0
"4040_3",0,0,0,0,0,0,0,0,0,0,0,0,0,0,0,0,0,0,0,0,0,0,0,0,0.45284,0.0035,0,0,0,0,0,0,0,0,0,0,0,0,5.9785,0,0,0,0,0,0.03113,0,0,0,0,0,0,0,0,2.1838,0,0,0,0,0,0,0,0,0,0,0,0,0,0,0,0,0,0,0,0,0,0,0,0,0,0,0,0,0,0.88282,8.15043,3.09629,0,0,0,0,0,3.876,0,0,0,0,0,0,0,0,0,0,0.01145,0,0,0,0,0.0501,0,0,0.12212,0,0,0.03198,0,0,0,0,0,0,0,0,0,0,0,0,0,0,0,0,0,0,0,0,0.31212,0,0,0,0,0,0,0,0,0,0,0,0,0,0,0,0,0,0,0,0,0,0,0,0,0,0,0,0,0,0.03635,0,0,0,0,0,0,0,0,0,0,0,0,0,0,0,0,0,0,0,0,0,0,0,0,0,0,0,0,0,0,0,0,0,0,0,0,0,0,0,0,0,0,0,0,0,0,0,0,0,0,0,0.1466,0,0,0,0,0,0,0,0,0,0,0,0,0,0,0,0,0,0,0,0,0.45119,0,0,0,0,0,0,0,0,0,0,0,0,0,0,0,0,0,0,0,0,0,0,0,0,0,0,0,0,0,3.17966,0.04379,0,0,0,0,0.00214,0,0.05493,0,0,0,0,0,0.09247,0,0.05878,0,0,52.06179,0,0,0,0.00331,0,0,0,0,0,0,0,0,0,0,0,0,0,0,0.24535,0,0,0,2.17751,0,0,0,0,0,0,0.01386,0,0.04049,0,0,0.29386,0,0,0,0,0,0,0,0,0,0,0,0,0,0,0,0.3026,0,0,0,0,0,0,0,0,0,0,0,0,0,0,0,0,0,0.91002,0,0,6.95142,0,0,0,0,0,0,0,0,0,0,0,0,0,0.45391,0.04292,0,0,0,0,0,0,0.20116,0,0.20537,0,0,0,0,0,0,0,0,0,0,0.42355,0,0,0,0,0,0,0,0,0,0,0,0,0,0,0,0,0,0,0,0,0,0,0,0,0,0,0,0,0,0,0,1.57084,0,0,0,0,0,0,0,0,0,0,0,0,0,0,0.01273,0,0,0.08566,0,0,0,0,0,0,0,0,0,0.46873,0,0,0,0,0,0,0,0,0,0,0,0,0,0,0,0,0,0,0,0,0,0,0,0,0,0,0,0,0,0,0,0,0,0,0,0,0,0,0,0,0,0,0,0,0,0,0,0,0,0,0,0,0,0,0.03587,0,0.27833,0,0,0,0,1.45752,0,0,0,0,0,0,0,0,0,0,0,0,0.73998,0,0,0,0,0,0,0,0,0,0,0,0,0,0,0,0,0,0,0,0,0,0.64862,0,0,0,0,0,0,0,0,0,0.9537,0.12131,0,0,0.05061,0,0,0,0,0,0,0,0
"4040_1",0,0,0,0,0,0,0,0,0,0,0,0,0,0,0,0,0,0,0,0,0,0,0,0,2.09527,0.09198,0,0,0,0,0,0,0,0,0,0,0,0,8.57198,0,0,0,0,0,0.03383,0,0,0,0,0,0,0,0,3.56324,0,0,0,0,0,0,0,0,0.04964,0,0,0,0,0,0,0,0,0,0,0,0,0,0,0,0,0,0,0,0,2.80662,14.62786,9.81158,0,0,0,0,0,0.47195,0,0,0,0,0,0,0,0,0,0,0.01884,0.00345,0,0.15456,0,0.10049,0,0,0.21438,0,0,0,0,0,0,0,0,0,0,0,0,0,0,0,0,0,0,0,0,0,0,0,0.03914,0,0,0,0,0,0,0,0,0,0,0,0,0,0,0,0.00085,0,0,0,0,0.01888,0,0,0,0,0.02644,0,0,0,0,0,0,0,0,0,0,0,0,0,0,0,0.39066,0,0,0,0,0,0,0,0,0,0,0,0,0,0,0,0,0,0,0,0,0,0,0,0,0,0,0,0,0,0,0,0,0,0,0,0,0,0,0,0.22791,0,0,0,0,0,0,0,0,0,0,0,0,0,0,0,0,0,0.01996,0,0,0.6034,0,0,0,0,0,0,0,0,0,0,0,0.02216,0,0,0,0,0,0,0,0,0,0,0,0,0,0,0,0,0,3.11846,0.04299,0,0.0296,0,0,0.05496,0,0.13948,0.00562,0,0,0,0,0.04953,0,0.10755,0,0,31.82206,0,0,0,0.05915,0,0,0,0,0,0,0,0,0,0,0,0,0,0,2.44067,0,0,0,1.50199,0,0,0,0,0,0,0.09085,0,0.13609,0,0,0.11561,0,0,0,0,0,0,0,0,0,0,0,0,0,0,0,0.17081,0,0,0,0,0,0,0,0,0,0,0,0,0,0,0,0,0,0.34897,0,0,6.73356,0,0,0,0,0,0,0,0,0,0,0,0,0,0.57298,0.06664,0,0,0,0,0,0,1.74907,0.09825,0.45829,0,0,0,0,0,0,0,0,0,0,0.00116,0,0,0,0,0,0,0,0,0,0,0,0,0,0,0,0,0,0,0,0,0,0,0,0,0,0,0,0,0,0,0,2.64356,0,0,0,0,0,0,0,0,0,0,0,0,0,0.19159,0.12186,0,0,0.27809,0,0,0,0,0.04903,0,0,0,0,0.58702,0,0,0,0,0,0,0,0,0,0,0.01164,0,0,0,0,0,0,0,0,0,0,0,0,0,0,0,0,0,0,0,0,0,0,0,0,0,0,0,0,0,0,0,0,0,0,0,0,0,0,0,0,0,0,0,0.00103,0,0.18275,0,0,0,0,1.02344,0,0,0.00509,0,0,0,0,0,0,0,0,0,0.19186,0,0,0,0,0,0,0,0,0,0,0,0,0,0,0,0.00172,0,0,0,0,0,0.24355,0,0,0,0,0,0,0,0,0,0.58837,0,0,0,0,0,0,0,0,0,0,0,0
"4039_4",0,0,0,0,0,0,0,0,0,0,0,0,0,0,0,0,0,0,3.97757,1.97461,0,0,0,0,0.39744,0,0,0,0,0,0,0,0,0.02835,0.01894,0,0,0.0163,19.94759,0.0913,0.06202,0,0,0,0.49664,0,0,0,0,0,0,0,3.19951,0,0,0,0,0,0.03043,0,0,0,0,0,0.25693,0,0,0,0,0,0,0,0,0,0,0,0,0,0,0,0,0,0.9775,0.10626,8.16751,0,0,0,0,0,0,0,0,0,0,0,0,0,0,0,0,0,0.64144,1.27325,0.11048,0,0,0.29251,0.01635,0,0,0,0,0,0,0,0,0,0,0,0,0,0,0,0,0,0,0,0,0,0,0,0,0,0.71558,0,0,0,0,0,0,0,0,0,0,0,0,0,0,0,0.00587,0,0,0,0.03987,0.33492,0,0,0,0.0253,2.02035,0,0,0,0,0,0.19254,0,0.07535,0.02397,0,0,0.02024,0.00739,0,0,0,0,0,0,0.72548,0,0,0,0,0,0.80404,0,0,0,0,0,0,0,0,0,0,0,0,0,0,0,0,0,0,0,0,0,0,0,0,0,0,0,0,0,0,0,0,0,0,0,0,0,0,0,0,0,0,0,0,0,0,0,0,0.00201,0,0,0,0,0,0,0,0,0,0,0,0,0,0.58699,0,0,0,0,0,0,0,0,0,0,0,0,0.30771,0,0,0,0,0,0.06454,0,2.39902,0,0,0,0,0.02535,0,0,0,0,0,0,0,0.26191,0,0,0,0,0,0,0.18398,0,0,0.00474,0.13184,0,0,0,0,0,0,0,0,0.58121,0,0,0,0,0,0,0,0,0,0,0,0,0,0,0,0,0,0.28077,1.81893,0,0,0,0,0,0,0,0,0,0,0,0,0,0,0,0,0,0,0,0,0,0,0,0,0,0,0,4.49772,0,0,0,0,0.35808,0,0,0.92538,0,0,0,0,0,0.31111,0,0,0,0,0,0,0.03128,0,0.04873,0,0.1332,0.22785,0,0,0,0,0,0,0,0,0,0,0,0,0,0,0.01988,0,0,0,0,0,0,0,0,0,0,0,0,0,0,0,0,0,0,0,0,0,0,0,0,0,0,0,0,0,0,0,0,0,0.2252,0,0,0,0,0,0,0.02522,1.29414,0,0,0,0,0,0.03073,0,0,0,0.40325,0,0,0,0,0,0,0,0,0,0,0,0,2.26478,0,0,0,0,0,0,2.80492,0,0,0,0,0,0,0,0,0,0,0,0,0,0,0,0,0,0,0.70404,0,0,0,0,0.00621,0,0,0,0,0,0,0,11.05856,0,0.48399,0,0,0,0,0,0,0,0,0,0,0,0,0.25792,4.48664,12.46763,0,0,0.75252,0.42802,0.5912,0,0,0,0,0,0,0,0,0,0,1.27006,0,0,0.11805,0,0,0,0.01161,0,0,0,0,0,0,0,0,0.03927,0,0,0,0,0,0,0,0,0,0,0,0,0,0,0,0,0,0,0,0,0,0,0,0,0,0,0,0
"4039_3",0,0,0,0,0,0,0,0,0,0,0,0,0,0,0,0,0,0,14.80027,19.19833,0,0,0,0,0.73179,0,0,0,0,0,0,0,0,0,0,0,0,0.00532,4.93195,0,0.1413,0,0,0,0.09208,0,0,0,0,0,0,0,18.92678,0,0,0,0,0,0.33062,0,0,0,0,0,0.42409,0,0,0,0,0,0,0,0,0,0,0,0,0,0,0,0,0,1.45014,1.17401,9.59089,0,0,0,0,0,0,0,0,0,0,0,0,0,0,0.03218,0,0,0.07225,0.00396,0.05129,0,0,0.46348,0,0,0.00224,0,0,0,0,0,0,0,0,0,0,0,0,0,0,0,0,0,0,0,0,0,0,0,0.25751,0,0,0.00057,0,0,0,0,0,0,0,0,0,0,0,0,0.01078,0.00978,0,0,0.00518,0.18115,0,0,0,0.03599,1.8972,0,0,0,0,0,0.10282,0,0.00067,0,0,0,0,0,0,0,0,0,0,0,0.01472,0,0,0,0.01086,0,0.93851,0,0,0,0,0,0,0,0,0,0,0,0,0,0,0,0,0,0,0,0,0,0,0,0,0,0,0,0,0,0,0,0,0,0,0,0,0,0,0,0,0,0,0,0,0,0,0,0,0.04473,0,0,0,0,0,0,0,0,0,0,0,0,0,0.02932,0,0,0,0,0,0,0,0,0,0,0,0,0.18341,0,0,0,0,0,0.04958,0,1.51553,0,0,0,0,0.03143,0,0,0,0,0,0,0,0.00228,0,0,0,0,0,0,0.06722,0,0,0.02766,0,0,0,0,0,0,0,0,0,0,0,0,0,0,0,0,0,0,0,0,0,0,0,0,0,0,0,0.11612,4.92034,0,0,0,0,0,0,0,0,0,0,0,0,0,0,0,0,0,0,0,0,0,0,0,0,0,0,0,3.36004,0,0,0,0,0.71153,0,0,0.03059,0,0,0,0,0,0.19915,0,0,0,0,0,0,0.05547,0,0.04375,0.01345,0.07626,0.49503,0,0,0,0,0,0,0,0,0,0,0,0,0,0,0.0152,0,0,0,0,0,0,0,0,0,0,0,0,0,0,0,0,0,0.05679,0,0,0,0,0,0,0,0,0,0,0,0,0,0,0,0.20594,0,0,0,0,0,0,0.36507,0.09916,0,0,0,0,0,0.1525,0,0,0,1.35497,0,0,0,0,0.00146,0,0,0,0,0,0,0,0,0,0,0,0,0,0,0,0,0,0,0,0,0,0,0,0,0,0,0,0,0,0,0,0,0,0.47294,0,0,0,0,0.04002,0,0,0.0153,0,0,0,0,0.22478,0,2.42423,0,0,0,0,0,0,0,0,0,0,0,0.05258,0.13683,0.31257,3.31707,0,0,0.41076,0.10341,0.1508,0,0,0,0,0,0,0,0,0,0,2.15003,0,0,0.02933,0,0,0,0,0,0,0,0,0,0,0,0,0.04664,0,0,0,0,0,0,0,0,0,0,0,0,0,0,0,0,0,0,0,0,0,0,0,0,0,0,0,0
"4003_2",0,0,0,0,0,0,0,0,0,0,0,0,0,0,0,0,0,0.01381,9.212,2.37071,0,0,1.96103,0,3.59503,0.00218,0,0,0,0,0,0,0,0,0,0,0,0,0.3346,0,0.00338,0,0,0,0,0,0,0,1.17578,0,0,0,21.19767,0,0,0,0,0,0.10255,0,0,0,0,0,0.51618,0,0,0.54419,0,0,0,0,0,0,0,0,0,0,0,0,0,0,0,1.56787,17.20934,5.50016,0,1.81742,0,0,0,0,0.07714,0,0,0,0.16612,0.4787,0,0.07881,0,0,0,0.47417,0,0.12156,0,0,0.02961,0,0.01462,0,0,0,0,0,0,0,0,0,0,0,0,0,0,0,0,0,0,0,0,0,0,0,0,0,0,0,0,0,0,0,0,0,0,0,0,0.00096,0,0,0,0,0,0,0.00173,0,0,0,0,0.00318,0,0,0,0,0,0,0,0,0.06514,0.03512,0,0,0.18687,0.03396,0,0,0,0,0,0,0,0,0,0,0,0,0,0,0,0,0,0,0,0,0,0,0,0,0,0,0,0,0,0,0,0,0,0,0,0,0,0,0,0,0,0,0.03189,0,0,0,0,3.79162,0,2.2815,0,0,0,0,0,0,0,0,0,0,0,0,0,0.16563,0,0,0,0,0,0,0.0103,0,0,0,0,0.13423,0.32275,0,0,0,0,0,0,0,0,0,0,0,0.36253,0,0,0.00262,0.05762,0.17987,0,0,0.01681,0,0,0,0,0,0,0,0,0,0,0,0.02547,0,0,0,0.04212,0,1.66361,0.46876,0,0,1.08118,0.00468,0,0,0,0,0,0.29186,0,0,0,0.23051,0,0.21898,0,0.01031,0,3.34365,0,0,0,0,0,0,0.03226,0,0,0.68056,0,0.01263,0,0,0,0.01585,0,0,0,0,0,0,0,0,0,0,0.03764,0,0,0,0,0,0,0,0.05656,0,0,0,0,0,0.91451,0,0,0,0,0.08453,0,0,0.05681,0,0,0,0,0.04243,0,0,0,0,0,0,0,0,0,0.00914,0,0,0.00093,0,0,0,0,0,0,0,0,0,0,0,0,0,0,0,0.01603,0,0,0,0,0,0,0,0,0,0,0,0,0,0,0,0,0.13993,0,0,0,0,0,0,0,0,0,0,0,0,0,0,0,0,0,0,0,0,0,0,0.83098,0,0.53671,0,0,0,0,2.67432,0,0,0,4.0135,0,0,0,0,2.11911,0,0,0,0,0.66415,0,0,0,0.43102,0,0,0,0,0,0,0,0,0,0,0,0,0,0,0,0,0,0,0,0,0,0,0,0,0,0,0,0,0,0,0,0,0,0,0,0,0.41139,1.48845,0.09179,0.2809,0.01734,0.00292,0,0,0,0,0,0,0,0,0,0,0.02088,0.21486,0,0,0,0,0.37555,0,0,0,0,0,0,0,0,0,0,0,0.00376,0,0,0,0,0,0,0,0,0,0,0,0,0,0,0,0,0,0,0,0,0,0.09061,0.0019,0,0,0,0,0,0,0,0,0,0,0,0,0,0,0,0,0,0,0,0,0
"4039_1",0,0,0,0,0,0,0,0,0,0,0,0,0,0,0,0,0,0,6.2617,4.0489,0,0,0,0,1.72001,0,0,0,0,0,0,0,0,0,0,0,0,0,8.67913,0,0.11883,0,0,0,0.27933,0,0,0,0,0,0,0,5.01034,0,0,0,0,0,0.11122,0,0,0,0,0,0.42168,0,0,0,0,0,0,0,0,0,0,0,0,0,0,0,0,0,7.06784,0.57468,26.21466,0,0,0,0,0,0,0,0,0,0,0,0,0,0.62159,0.01149,0,0,0.39033,0.33627,0.09749,0,0,0.43663,0.0083,0,0,0,0,0,0,0,0,0,0,0,0,0,0,0,0,0,0,0,0,0,0,0,0,0,0.06384,0,0,0.13503,0,0,0,0,0,0,0,0,0,0,0,0.00475,0.01345,0.01351,0,0,0.11981,1.05304,0,0,0,0.14806,0.08202,0,0,0,0,0,0.13935,0,0.03091,0.01704,0,0,0.03174,0.00328,0,0,0,0,0,0,0.01128,0,0,0,0,0,0.16786,0,0,0,0,0,0,0,0,0,0,0,0,0,0,0,0,0,0,0,0,0,0,0,0,0,0,0,0,0,0,0,0,0,0,0,0,0,0,0,0,0,0,0,0,0,0,0,0,0.04185,0,0,0,0,0,0,0,0,0,0,0,0,0,0.31281,0,0,0,0,0,0,0,0,0,0,0,0,0.48152,0,0,0.02466,0,0,0.20614,0,1.46551,0,0,0,0,0.03451,0,0,0,0,0,0,0,0.05615,0,0,0,0,0,0,0.09393,0,0,0,0,0,0,0,0,0,0,0,0,0.61412,0,0,0,0,0,0,0,0,0,0,0,0,0,0,0,0,0,0.30187,0.57123,0,0,0,0,0,0,0,0,0,0,0,0,0,0.00226,0,0,0,0,0,0,0,0,0,0,0,0,0,0.50964,0,0,0,0,2.60128,0,0,3.0212,0,0.01055,0,0,0,0.10704,0,0,0,0,0,0,0.02949,0,0.007,0.01127,0.19175,0.21559,0,0,0,0,0,0,0,0,0,0,0,0,0,0,0.03501,0,0,0,0,0,0,0,0,0,0,0,0,0,0,0,0,0,0.04859,0,0,0,0,0,0,0,0,0,0,0,0,0,0,0,0.11102,0,0,0,0,0,0,0.01894,0.47673,0,0,0,0,0,0.23507,0,0,0,1.20083,0,0,0,0,0,0,0,0,0,0,0,0,0,0,0,0,0,0,0,0,0,0,0,0,0,0,0,0,0,0,0,0,0,0,0,0,0,0,1.26137,0,0,0,0,0.12623,0,0,0,0,0,0,0,2.97594,0,0.6435,0,0,0,0,0,0,0,0,0,0,0,0,0.29854,2.10418,8.12826,0,0,3.19626,0.89108,1.69308,0,0,0,0,0,0,0,0,0,0,1.01495,0,0,0.10423,0,0,0,0,0,0,0,0,0,0,0,0,0.07941,0,0,0,0,0,0,0,0,0,0,0,0,0,0,0,0,0,0,0,0,0,0,0,0,0,0,0,0
"4038_4",0,0,1.7218,0,0,0.67334,0,0,0,0,0,0,0,0,0,0,0,0.01623,0,0,0,0,0.04642,0,0,0,0,0,0,0,0,0,0,0,0,0,0,0,0.05751,0,0,0.65724,0,0,0,0,0,0.00154,0,0,0,0,0,0,0,0,0,0,0,0,0,0,0,0,0.13442,0,0,0,0,0,0,0,0,0,0,0,0,0,0,0,0,0,0.3125,0,0.47626,0.07562,0,0,0,0.88622,0,0,0,0,0,0,0,0,0,0,0,0,0,0.12027,0,0.15681,0,0,0,0,0,0,0,0,0,0,0,0,0.03924,0.01035,0,0,0,0,0,0,0,0,0,0,0,0,0,0,0,0,0.08699,0,0,0,0,0,0,0,0,0,0,0,0,0,0,0,0,0,0,0,0,0,0,0,0.01186,0,0,0,0,0,0,0,0,0.00732,0,0,0.00117,0,0.00432,0,0.00478,0,0,0,0,0,0.04752,0.06175,0,0.00955,0,0,0,0,0,0,0,0,0,0,0,0,0,0.48068,0.32622,0,0,0,0.18117,0.0454,0,0,0.04959,0,0,0,0,0,0,0,0,0,0,0,0,0,0,0,0,0,0,0,0,0,0,0,0,0,0,0,0,0.24998,0,0,0,0,0,0,0,0,0,0,0,0.06777,0.33545,0.44969,0,0,0,0,0,0,0,0.15588,0,0,0,0,1.13832,0,0.04135,0.42806,0,0,0,0,0,0,0,0,0,0,0,0,0,0,0,0,0,0,0,0,0.31464,0.22914,0,0,0.91042,0.93177,0.07148,0,0,0,0,0,7.53683,0,0.04161,0,0,0.2987,0,0,0,1.5067,0.44611,0.1213,0,0,0,0,0,0,0.00309,0.71328,0,0,0.23706,0.23815,0,0,0,1.33319,0.01332,0,0,0,0,0.43385,0,0,0,0,0,0,0,0,0.0118,0,0,0,0,0.00628,0,0,0.00859,0,0,0,0,0,0,0,0.0567,0,0,0,0,0.00983,0,0,0,0,0,0,0,0,0.02364,0,0,0,0,0,0,0,0,0,0,0,0,0,0,0,0,0,1.20477,0,0,0,0,0,0,0,0,0,0,0,0,0,0,0,0,0,0,0,0,0,0,0,0,0,0,0.23526,0.00667,0,0,0,0,0,0,0,0,0,0,0,0,0,0.04484,0,4.03678,0,0.13169,0,0,0.04773,0,0,0.04577,0,0,0,0,0,0,0,0,0,0,0,0,0,0,0,0,0,0,0,0,0,42.92918,0,0,0,0,0.36996,1.52013,0,2.42795,8.21011,0,0.21576,2.0668,3.40686,0,0.00347,0,0,0,0,0,0,0,0,0,0,0,0,0,0,2.76848,0.3537,0.17036,0.12776,0,0,0.00075,0.42395,0,0,0.72425,0,0,0,0,0,0.02539,0.02299,0.31327,0,0,0,0,1.14223,0,0.4987,0,0,0,0,0,0.30669,0,0.8145,0,0,0,0,0,0,0,0,0,0,0,0,0,0,0,0,0,0,0,0,0,0,0.00794,0,0,0.22183,0.05135,0,0.05161,0,0,0,0.00246,0,0,0,0,0,0,0,0,0,0,0,0
"4038_3",0,0,0.91436,0,0,0.05161,0,0,0,0,0,0,0,0,0,0,0,0.02979,0,0,0,0,0,0,0,0.00651,0,0,0,0,0,0,0.0155,0,0,0,0,0,0.07013,0,0,0.10552,0,0,0,0,0,0,0,0,0,0,0.00683,0,0,0,0,0,0,0,0,0,0,0,0.15795,0,0,0,0,0,0,0,0,0,0,0,0,0,0,0,0,0,0.24547,0,0.19508,0.08119,0,0,0,0.18009,0,0,0,0,0,0,0,0,0,0,0,0,0,0.03355,0,0.0959,0,0,0.00635,0,0,0,0,0,0,0,0,0,0.011,0.12759,0,0,0,0,0,0,0,0,0,0,0,0,0,0,0,0,0.04852,0,0,0,0,0,0,0,0,0,0,0,0,0,0,0,0,0,0,0,0,0,0,0,0,0,0,0,0,0,0,0,0,0,0,0,0.00413,0.00102,0,0,0,0,0,0,0,0,0,0,0,0,0,0,0,0,0,0,0,0,0,0,0,0,0,0.02027,0.03883,0,0,0,0.20322,0,0,0,0.00062,0,0,0,0,0,0,0,0,0,0,0,0,0,0,0,0,0,0,0,0,0,0,0,0,0,0,0,0,0.08769,0,0,0,0,0,0,0,0,0,0,0,0.01774,0.30015,0.1136,0,0,0,0,0,0,0,0.04304,0,0,0,0,0.43628,0,0.07423,0.35595,0,0,0,0,0,0,0,0,0,0,0,0,0,0,0,0,0,0,0,0,0.27103,0.12651,0,0,0.70988,0.26366,0.06361,0,0,0,0,0,8.62365,0,0,0,0,0.04194,0,0,0,1.59559,0.02703,0,0,0,0,0,0,0,0.00385,0.48018,0,0,0.00614,0.3804,0,0,0,0.70826,0.01435,0,0,0,0,0.01112,0,0,0,0,0,0,0,0,0,0,0,0,0,0,0,0,0.00209,0,0,0,0,0,0,0,0.01423,0,0,0,0,5e-04,0,0,0.00939,0.00283,0,0,0,0,0.00584,0,0,0,0,0,0,0,0,0,0,0,0,0,0,0,0,0,1.23037,0,0,0,0,0,0,0,0,0,0,0,0,0,0,0,0,0,0,0,0,0,0,0,0,0,0,0.01665,0,0,0,0,0,0,0,0,0,0,0,0,0,0,0.00129,0,0.67437,0,0.05185,0,0,0,0,0,0,0,0,0,0,0,0,0,0,0,0,0,0,0,0,0,0,0,0,0,0,0,60.00636,0,0,0,0,1.21414,3.8736,0,0.8594,4.99905,0,0.18268,3.54519,1.3531,0,0.00667,0,0,0,0,0,0,0,0,0,0,0,0,0,0,1.17803,0.07833,0.30164,0.39006,0,0,0,0.3028,0,0,0.15333,0.0325,0,0,0,0,0.00622,0.05509,0.34624,0,0,0,0,0.37823,0,0.01994,0,0,0,0,0,0.15313,0,1.11665,0,0,0,0,0,0,0,0,0,0,0,0,0,0,0,0,0.00259,0,0,0,0,0,0,0,0,0.01663,0,0,0,0,0,0,0.01213,0,0,0,0,0,0,0,0,0,0,0,0
"4038_1",0,0,0.52743,0,0,0.16421,0,0,0,0,0,0,0,0,0,0,0,0.01552,0,0,0,0,0,0,0,0,0,0,0,0,0,0,0,0,0,0,0,0,0.05918,0,0,0.14047,0,0,0,0,0,0,0,0,0,0,0,0,0,0,0,0,0,0,0,0,0,0,0.13281,0,0,0,0,0,0,0,0,0,0,0,0,0,0,0,0,0,0.19405,0,0.76964,0.13791,0,0,0,0.23412,0,0,0,0,0,0,0,0,0,0,0,0,0,0.20331,0,0.09028,0,0,0.01617,0,0,0,0,0,0,0,0,0,0,0.04472,0,0,0,0,0,0,0,0,0,0,0,0,0,0,0,0,0.06677,0,0,0,0,0,0,0,0,0,0,0,0,0,0,0,0,0,0,0,0,0,0,0,0,0,0,0,0,0,0,0,0,0,0,0,0,0,0.11797,0.0309,0.00503,0,0,0,0,0,0.00783,0,0,0.01487,0,0,0,0,0,0,0,0,0,0,0.03845,0,0,0.76514,0.73275,0,0,0,0.62881,0.23071,0,0,0.40277,0,0,0,0,0,0,0,0,0,0,0,0,0,0,0,0,0,0,0,0,0,0,0,0,0,0,0,0,0.19032,0,0,0,0,0,0,0,0,0,0,0,0.06904,0.46463,1.0103,0,0,0,0,0,0,0,0.13812,0,0,0,0,1.44461,0,0.16206,1.17615,0,0,0,0,0,0,0,0,0,0,0,0,0,0,0,0,0,0,0,0,0.2897,0.43265,0,0,0.96761,0.31736,0.09431,0,0,0,0,0,13.42922,0,0.09312,0,0,0.03272,0,0,0,1.63493,0.46028,0.05903,0,0,0,0,0,0,0.0378,0.83463,0,0,0.00404,1.58015,0,0,0,4.69706,0,0,0,0,0,0,0,0,0,0,0,0.03526,0,0,0,0,0,0,0,0,0,0,0,0,0,0,0,0,0,0,0.17279,0,0,0,0,0.01538,0,0,0,0,0,0,0,0,0.04141,0,0,0,0,0,0,0,0,0,0,0,0,0,0,0,0,0,0.40843,0,0,0,0,0,0,0,0,0,0,0,0,0,0,0,0,0,0,0,0,0,0,0,0,0,0,0.04777,0.02395,0,0,0,0,0,0,0,0,1.17176,0,0,0,0,0.03152,0,4.2254,0,0.14472,0,0,0.05951,0,0,0,0,0,0,0,0,0,0,0,0,0,0,0,0.02956,0,0,0,0,0,0,0,0,36.75504,0,0,0,0,0.40914,0.84886,0,1.4785,4.58762,0,0.04099,1.76277,1.61425,0,0,0,0,0,0,0,0,0,0,0,0,0,0,0,0,1.52724,1.42978,0.24934,0.2197,0,0,0,0.86517,0,0,0.10115,0.02744,0,0,0,0,0.07833,0,1.42436,0,0,0,0,1.80012,0,1.4682,0,0,0,0,0,0.46527,0,0.92517,0,0,0,0,0,0,0,0,0,0,0,0,0,0,0,0,0,0,0,0,0.02835,0,0.00569,0,0,0.03629,0,0,0,0,0,0,0.0521,0,0,0,0,0,0,0,0,0,0,0,0
"4038_2",0,0,0.40127,0,0,0.18068,0,0,0,0,0,0,0,0,0,0,0,0.0096,0,0.13367,0,0,0.05286,0,0,0.05383,0,0,0,0,0,0,0,0,0,0,0,0,0.0278,0,0,0.68133,0,0,0,0,0,0.11259,0,0,0,0,0,0,0,0,0,0,0,0,0,0,0,0,0.1526,0,0,0,0,0,0,0,0,0,0,0,0,0,0,0,0,0,0.50941,0.00254,0.99512,0.27027,0,0,0,0.40863,0,0,0,0,0,0,0,0,0,0,0,0,0,0.07477,0,0.05487,0,0,0,0,0,0,0,0,0,0,0,0,0.07897,0.06926,0,0,0,0,0,0,0,0,0,0,0,0,0,0,0,0,0.07922,0,0,0,0,0,0,0,0.02756,0,0,0,0,0,0,0,0,0,0,0,0,0,0,0,0.01875,0,0,0,0,0,0,0,0,0.02057,0,0,0.00293,0,0.99245,0.0461,0.08719,0,0,0,0,0,0.02555,0.04007,0,0.01458,0,0,0,0,0,0,0,0,0,0,0.04219,0,0,1.80814,0,0,0,0,0.57423,0.39739,0,0,0.42682,0,0,0,0,0,0,0,0,0,0,0,0,0,0,0,0,0,0,0,0,0,0,0,0,0,0,0,0,0.10872,0,0,0.01275,0,0,0,0,0,0,0,0,0.11734,0.24427,0.13496,0,0,0,0,0,0,0,0.15536,0,0,0,0,2.60184,0,0.15869,0.58016,0,0,0,0,0.01063,0,0,0,0,0,0,0,0,0,0,0,0,0,0,0,0.41616,0.28819,0,0.01753,9.27613,0.44233,0.30983,0,0,0,0,0,7.28586,0,0.23285,0,0,0.13855,0,0,0,0.80344,0.36027,0.08984,0,0,0,0,0,0,0.00135,2.11449,0,0.01071,0.19562,1.07791,0,0,0.07463,3.18823,0.00408,0,0,0,0,0.07121,0,0,0.01621,0,0,0.0295,0,0,0.00781,0,0.00265,0,0,0,0,0,0.1425,0,0,0,0,0,0,0,0.06539,0,0,0,0,0.09383,0,0,0,0,0,0,0,0,0.12625,0,0,0,0,0,0,0,0,0,0,0,0,0,0,0,0,0,0.41697,0,0,0,0,0,0,0,0,0,0,0,0,0,0,0,0,0,0,0,0,0,0,0,0,0,0,0.25608,0.05827,0,0,0,0,0,0,0,0,0.69614,0,0,0,0,0.07794,0,4.55138,0,0.36142,0,0,0.18746,0.00925,0,0.02812,0,0,0,0,0,0,0,0,0,0,0,0,0,0,0,0,0,0,0,0,0,23.90359,0,0,0,0,0.47582,0.79403,0,4.54352,6.68797,0,0.11542,1.44781,0.80276,0,0.00674,0,0,0,0,0,0,0,0,0,0,0,0,0,0,2.9768,0.76479,0.01063,0.0456,0,0,0,0.56647,0,0.00824,0.37094,0,0,0,0,0,0.04995,0.03375,4.59689,0,0,0,0,0.42366,0,2.64081,0,0,0,0,0,0.83305,0,1.00609,0,0,0,0,0,0.01746,0,0,0,0,0,0,0,0,0,0,0.01473,0,0,0,0,0,0.04416,0.03315,0,0.24947,0,0,0,0,0,0,0.01081,0,0,0,0,0,0,0,0,0,0,0,0
"4037_4",0,0,0,0,0,0,0,0,0,0,0,0,0,0,0,0,0,0.0036,0.01178,6.34966,0.05472,0,0.34709,0,8.89613,0.29544,0,0,0,0,0,0,0,0,0,0.52966,0,0,2.08659,0,0,0,0,0,0,0,0,2.50495,0,0,0,0,0,0,0,0.3521,0,0,0.06948,0,2.20235,0,0,0,0.85232,0,0,1.59792,0,0,0,0,0,0,0,0,0,0,0,0,0,0,3.55346,0.19723,8.41395,1.14535,0,5.18208,0,0.0127,0,0,0,0,0,0,0.02705,0,0,0,0,0,0,0,0,0,0,0.00182,0,0,0,0,0,0,0,0,0,0,0,0,0,0,0,0,0,0,0,0,0,0,0,0,0,0,0,0,0,0,0,0,0,0,0,0,0,0,0,0.0115,0,0,0,0,0,0,0,0,0,0,0,0,0.03569,0,0,0,0,0,0,0,0,0,0,0,0,0,0,0,0,0,0,0,0,0.12103,0,0,0,0,0,0,0,0,0,0,0,0,0,0,0,0,0,0,0,0,0,0,0,0,0,0,0,0,0,0,0,0,0,0,0.0933,0,0,0,0,0,0,2.58412,0,0,0,0,0,0,0,0,0,0,0.01092,0,0,0.12564,0,0,0,0,0,0,0,0,0,0,0,0,0,0,0,0,0,0,0,0,0,0,0,0.04143,0.17617,0,0,0,0.6074,0.76633,0,0,0,0,0.04709,0,0,0,0,0,0,0,0,0,0,0.02076,0,0,0,0,0,2.74878,0,0.26797,18.61716,0.67194,0,0,0,0,0,0,0,0,1.59739,0.00151,0,0,0,0,0.03562,2.11099,4.09352,0.21573,0,0,0,0,0.06572,0,0,0,0,0,0,0,0,0,0,0,0.22064,0,0,0,0,0,0,0,0.19916,0,0,0,0,0,0,0,0,0,0,0,0,0,0.04257,0,0,0,0,0.12158,0,0,0.14429,0,0,0,0,0.00572,0,0,0,0,0,0,0,0,0,0,0,0,0.06365,0,0,0,0,0,0,0,0,0,0,0,0,0,0,0,0,0,0,0,0,0,0,0,0,0,0,0,0,0,0,0,0,0,0,0,0,0,0,0,0,0,0,0,0,0,0,0,0,0,0,0,0,0,0,0,0,0,0,0,0,0,0,4.33834,0,0,0,0.91962,0,0,0,0,0.13417,0,0,0,0,0,0,0,0,0,0,0,0,0,0,0,0,0,0,0,0,0,0,0,0,0,0,0,0,0,0,0,0,0,0.02268,1.3364,0,0,0,0,0,0,0,0,0,0,0.00379,1.37262,0.23557,1.22639,0,0,0,0,0,0,0,0,0,0,0,0,0,0.86141,5.6642,0,0,0.06042,0,0,0,0,0,0,0,0,0,0,0,0,0.10813,0,0,0,0,0,0,0,0,0,0,0,0,0,0,0.00436,0.09508,0,0,0,1.9616,0,0.1638,0.18869,0,0,0,0,0,0,0,0,0.69712,0,0,0,0.05286,0,0,0,0,0,0,0,0
"4037_3",0,0,0,0,0,0,0,0,0,0,0,0,0,0,0,0,0,0.03792,0.02427,2.52938,0.01407,0,0.33959,0,5.7313,0.70165,0,0,0,0,0,0,0,0,0,0.13892,0,0,5.07746,0,0,0,0,0,0.00906,0,0,4.58867,0,0,0,0,0,0,0,0.1898,0,0,0.12196,0,0.8549,0,0,0,4.42841,0,0,3.48579,0,0,0,0,0,0,0,0,0,0,0,0,0,0,7.78983,2.255,12.18515,20.26972,0,1.9181,0,0.08019,0,0,0,0,0,0,0.0754,0,0,0.00219,0,0,0,0,0,0,0,0.04578,0,0,0,0,0,0,0,0,0,0,0,0,0,0,0,0,0,0,0,0,0,0,0,0,0,0,0,0,0,0,0,0,0,0,0,0,0,0,0,0.0185,0,0,0,0,0,0,0,0,0,0,0.00085,0,0.02927,0,0,0,0,0,0,0,0,0,0,0,0,0,0,0,0,0,0,0,0,0.03709,0,0.01312,0,0,0.02316,0,0,0,0,0,0,0,0,0,0,0,0,0,0,0,0,0,0,0,0,0,0,0,0,0,0,0,0,0,0.05165,0,0,0,0,0,0,0.01972,0,0,0,0,0,0,0,0,0.00222,0,0.00364,0.01291,0,0.14669,0,0,0,0,0,0,0,0,0,0,0,0,0,0,0,0,0,0,0,0,0,0,0,0.08409,0.06683,0,0,0.01761,0.21776,0.75364,0,0,0.00239,0,0.02573,0,0,0,0,0,0,0,0,0,0,0.10288,0,0,0,0,0,0.94271,0,0.44494,2.24508,0.0503,0,0.00199,0,0,0,0,0,0,0.26201,0.09618,0,0.03189,0,0,0.10575,1.92528,1.77966,0.06995,0,0,0,0,0.01333,0,0.03864,0,0,0,0,0,0,0,0,0,0.31746,0,0,0,0,0,0,0,0.06493,0.03012,0,0,0,0,0,0,0,0,0,0,0,0,0.5709,0,0,0,0,0.27141,0,0,0.70058,0,0,0,0,0.00457,0,0,0.05141,0.05271,0,0,0,0,0.00581,0,0,0,0.05598,0,0,0,0,0,0,0,0,0,0,0,0,0,0,0,0,0,0,0,0,0,0,0,0,0,0,0.00416,0,0,0,0,0,0.05764,0,0,0,0,0,0,0,0,0,0,0,0,0,0,0,0,0,0,0,0,0,0,0,0,0.09864,0,0,0,0,2.94891,0,0,0,4.59651,0,0,0,0,0.1585,0,0,0,0,0,0,0,0,0,0,0,0,0,0,0,0,0,0,0,0,0,0,0,0,0,0,0,0,0,0,0,0,0,0.06997,1.59392,0,0,0,0,0,0,0,0,0,0,0.01058,0.08777,0.28232,1.35634,0,0,0,0,0,0,0,0,0,0,0.01269,0,0,0.5005,1.35794,0,0,0.20974,0,0,0,0,0,0,0,0,0,0,0,0,0.0617,0,0,0,0.01474,0,0,0,0,0,0,0,0,0,0,0,0.00191,0,0,0,0.71407,0,0.50902,0.05939,0,0,0,0,0,0,0,0,0.61725,0,0,0,0.01794,0,0,0,0,0,0,0,0
"4037_2",0,0,0,0,0,0,0,0,0,0,0,0,0,0,0,0,0,0.05236,0.03418,3.88327,0,0,0.21081,0,7.26539,0.18025,0,0,0,0,0,0,0,0,0,0.54464,0,0,3.31637,0,0,0,0,0,0,0,0,1.68953,0,0,0,0,0,0,0,0.19911,0,0,0.0064,0,1.61612,0,0,0,0.47922,0,0,1.53123,0,0,0,0,0,0,0,0,0,0,0,0,0,0,1.80261,0.1496,5.2741,0.73339,0,4.55769,0,0.12036,0,0,0,0,0,0,0.28475,0,0,0.05015,0,0,0,0,0,0,0,0.00825,0,0,0.00196,0,0,0,0,0,0,0,0,0,0,0,0,0,0,0,0,0,0,0,0,0,0,0,0,0,0,0,0,0,0,0,0,0,0,0,0,0.04009,0,0,0,0,0,0,0,0,0,0,0,0,0.15265,0,0,0,0,0,0,0,0,0,0,0,0,0,0,0,0,0,0,0,0,0.10092,0,0,0,0,0,0,0,0,0,0,0,0,0,0,0,0,0,0,0,0,0,0,0,0,0,0,0,0,0,0,0,0,0,0,0.07483,0,0,0,0,0,0,1.9094,0,0,0,0,0,0,0,0,0,0,0.11758,0,0,0.26746,0,0,0,0,0,0,0,0,0,0,0,0,0,0,0,0,0,0,0,0,0,0,0,0.02426,0.08163,0,0,0,1.46043,1.15605,0,0,0,0,0.10258,0,0,0,0,0,0,0,0,0,0,0.23024,0,0,0,0,0,4.96501,0,0.2476,18.01449,1.03502,0,0,0,0,0,0,0,0,3.40039,0.05247,0,0.06748,0,0,0.11098,3.73863,5.53129,0.20185,0,0,0,0,0.06849,0,0,0,0,0,0,0,0,0,0,0,0.25962,0,0,0,0,0,0,0,0.34904,0.01326,0,0,0,0,0,0,0,0,0,0,0,0,0.13658,0,0,0,0,0.16544,0,0,0.2245,0,0,0,0,0.00564,0,0,0,0,0,0,0,0,0,0,0,0.04471,0.03409,0,0,0,0.46079,0,0.09391,0,0,0,0,0,0,0,0,0,0,0,0,0,0,0,0,0,0,0,0,0,0,0,0,0,0,0,0,0,0,0,0,0,0,0,0,0,0,0,0,0,0,0,0,0,0,0,0,0,0,0,0.0158,0,0,0,0,2.94551,0,0,0,0.79289,0,0,0,0,0.15284,0,0,0,0,0,0,0,0,0,0,0,0,0,0,0,0,0,0,0,0,0,0,0,0,0,0,0,0,0,0,0,0,0,0,1.30015,0,0,0,0,0,0,0,0,0,0,0,0.97811,0.12727,1.28573,0,0,0,0,0,0,0,0,0,0,0,0,0,2.39614,7.39163,0,0,0.39553,0,0,0,0,0,0,0,0,0,0,0,0,0.12425,0,0,0,0.00914,0,0,0,0,0,0,0,0,0,0,0.01425,0.04679,0,0,0,1.44462,0,0.47519,0.29326,0,0,0,0,0,0,0,0,0.54493,0,0,0,0.33489,0,0,0,0,0,0,0,0
"4037_1",0,0,0,0,0,0,0,0,0,0,0,0,0,0,0,0,0,0.05412,0.03093,13.43894,0.21058,0,0.84734,0,15.41846,0.85369,0,0,0,0,0,0,0,0,0,0.36495,0.00578,0,1.7804,0,0,0,0,0,0,0,0,2.38036,0,0,0,0,0,0,0,0.2062,0,0,0.21485,0,1.96204,0,0,0,0.8418,0,0,1.93732,0,0,0,0,0,0,0,0,0,0,0,0,0,0,4.26965,0.19204,7.23914,1.46943,0,6.80884,0,0.08925,0,0.0079,0,0,0,0,0.21467,0,0,0.01303,0,0,0,0,0,0,0,0.02975,0,0,0,0,0,0,0,0,0,0,0,0,0,0,0,0,0,0,0,0,0,0,0,0,0,0,0,0,0,0,0,0,0,0,0,0,0,0,0,0.01309,0,0,0,0,0,0,0,0,0,0,0,0,0.09594,0,0,0,0,0,0,0,0,0,0,0,0,0,0,0,0,0,0,0,0,0.10668,0,0,0,0,0,0,0,0,0,0,0,0,0,0,0,0,0,0,0,0,0,0,0,0,0,0,0,0,0,0,0,0,0,0,0.14762,0,0,0,0,0,0,1.33075,0,0,0,0,0,0,0,0,0,0,0,0.00089,0,0.21736,0,0,0,0.00222,0,0,0,0,0,0,0,0,0,0,0,0,0,0,0,0,0,0,0,0.08291,0.0673,0,0,0,0.52824,0.66246,0,0,0,0,0.10011,0,0,0,0,0,0,0,0,0,0,0.01965,0,0,0.03324,0,0,2.377,0,0.27363,6.75455,0.88291,0,0,0,0,0,0,0,0,0.40894,0.00586,0,0,0,0,0.00854,2.15618,3.21234,0.15774,0,0,0,0,0.0908,0,0.02172,0.02373,0,0,0,0,0,0,0,0,0.19697,0,0,0,0,0,0,0,0.10947,0.0288,0,0,0,0,0,0,0,0,0,0,0,0,0.11862,0,0,0,0,0.20105,0,0,0.16147,0,0,0,0,0.03144,0,0,0,0,0,0,0,0,0,0,0,0,0.16411,0,0,0,0.16444,0.01275,0,0,0,0,0,0,0,0,0,0,0,0,0,0,0,0,0,0,0,0,0,0,0,0,0,0,0,0.03922,0,0,0,0,0,0,0,0,0,0,0,0,0,0,0,0,0,0,0,0,0,0,0,0,0.05193,0,0,0,0,4.23558,0,0,0,1.11011,0,0,0,0,0.17251,0,0,0,0,0,0,0,0,0,0,0,0,0,0,0,0,0,0,0,0,0,0,0,0,0,0,0,0,0,0,0,0,0,0.01355,1.83819,0,0,0,0,0,0,0,0,0,0,0.0295,0.64365,0.20786,0.93755,0,0,0,0,0,0,0,0,0,0,0.0078,0,0,0.40669,4.96016,0,0,0.09035,0,0,0,0,0,0,0,0,0,0,0,0,0.13128,0,0,0,0.02358,0,0,0,0,0,0,0,0,0,0,0.02481,0.11317,0,0,0,1.77091,0,0.42939,0.31337,0,0,0,0,0,0,0,0,0.53132,0,0,0,0.06455,0,0,0,0,0,0,0,0
"4036_4",0,0,0,0,0,0,0,0,0,0,0,0,0,0,0,0,0,0,0,0,0,0,0,0,0.13333,0,0,0,0,14.17982,0.43233,0,0,0,0,0,0,0,0.30091,0,0,0,0,0,0,0,0,0.1207,0,0,0,0,0.06729,0,0,0,0,0,0,0,0.02377,0.19308,0,0,0.07392,2.85638,0,0.02692,0,0.16195,0,0,0,0,0,0,0,0,0,0,0,0,0,0.00523,1.01383,1.13728,0.0822,0.5831,0,0,0,0,0,0,0,0,0,0,0,0,0,0,0,0.222,0,0.08644,0,0,0.00583,0,0,0,0,0,0,0,0,0,0,0.93294,0,0,0,0,0,0,0,0,0,0,0,0,0,0,0,0,0,0,0,0,0,0,0,0,0,0,0,0,0,0,0,0,0,0,0,0,0,0,0,0,0,0,0,0,0,0,0,0.21026,0.30266,0,11.94133,0,0.05598,0.03304,0.01062,0.01719,0,0,0,0.09678,0,0,0.64324,0,0,0.04421,0,0.30106,0,0,0.10025,0,0,0.03828,0,0.06146,0,0,0,0,0,0.01052,0,0,0,0,0,0,0,0.9326,3.38753,2.61192,0.16604,0,0,0,0,2.08572,0,0,0,0,1.30024,0,0,0,0,0,0,0,0,0,0,0,0,0,0,0.34387,0,0,0,0,0,0,0,0.32978,0,0,0,0.24466,0.19074,0,0,0,0,0,0,0,0,0,0,0,0,0,0,0,0.20921,0.24074,0,0,0,0,0.07443,0,0,0,0,0,0,0,0,0,0,0,0,0,0,0,0.39148,0.95063,0,0.13008,0.41786,0,0,0,0,0,0,0,22.95354,0,1.29371,0,0.03946,0.03037,0,0,0,2.00021,0.10036,0,0,0,0,0,0,0,0,0.16128,0.23041,0,0.23034,0.72774,0,0,0,1.14476,0.01949,0,0.59776,0.37155,0,0.51702,0.10991,0,0.18633,0,0,3.53078,0,0.03537,0.19031,0,0.08914,0,0,0,0,0,0,0,0.51416,0,0,0,0,0,0.06781,0,0,0,0,0,0,0,0,0,0,0,0,0,0.03085,0,0,0,0,0,0,0,0,0,0,0,0,0,0,0,0,0,0,0,0,0,0,0,0,0,0,0,0,0,0,0,0,0,0,0,0,0,0,0,0,0,0,0,0,0,0.27019,0,0,0,0,0,0,0,0,0,0,0,0,0,0,0,0.03469,0,0.05306,0,0,0,0,0,0,0.0115,0,0,0,0,0,0,0,0,0,0,0,0.33258,0,0,0,0,0,0,0,0,10.32947,0,0,0,0,0,0,0,0,0,0,0,0,0,0,0,0,0,0,0,0,0,0,0,0,0,0,0,0,0,0.53457,0.56696,0,0,0,0,0,0.01963,0.01923,0.00233,0,0.25006,0,0,0,0,0.03304,0,1.34167,0,0,0,0,0,0,0,0,0,0,0.08343,0,0,0,0.16209,0,0,0,0,0,0,0,0,0,0,0,0,0,0,0,0,0,0,0,0,0,0,0,0.00776,0.26148,0,0,0,0,0,0,0,0,0,0,0,0,0,0,0,0,0,0,0,0
"4003_1",0,0,0,0,0,0,0,0,0,0,0,0,0,0,0,0,0,0.08134,4.25313,0.52409,0,0,1.04788,0,1.8085,0,0,0,0,0,0,0,0,0,0,0,0,0,1.19854,0,0,0,0,0,0,0,0,0,0.70451,0,0,0,20.30278,0,0,0,0,0,0,0,0,0,0,0,4.99859,0,0,0.46593,0,0,0,0,0,0,0,0,0,0,0,0,0,0,0,0.79235,7.48366,6.90194,0,0.85623,0,0,0,0,0.24025,0,0,0,0.86715,2.17762,0,0.00634,0,0,0,0.92878,0,0.34332,0,0,0.07077,0,0.00571,0,0,0,0,0,0,0,0,0,0,0,0,0,0,0,0,0,0,0,0,0,0,0,0,0,0,0,0,0,0,0,0,0,0,0,0,0.01051,0,0,0,0,0,0,0,0,0,0,0,0,0,0,0,0,0,0,0,0,0.74466,0.06993,0,0,1.49396,0.59882,0,0,0,0,0,0,0,0,0,0,0,0,0,0,0,0,0,0,0,0,0,0,0,0,0,0,0,0,0,0,0,0,0,0,0,0,0,0,0,0,0,0,0.00062,0,0,0,0,2.35619,0,0.68312,0,0,0,0,0,0,0,0,0,0,0,0,0,0.26712,0,0,0,0,0,0,0,0,0,0,0,0.14635,0.61642,0,0,0,0,0,0,0,0,0,0,0,0.12341,0,0,0,0.03266,0.51236,0,0,0.00854,0,0,0,0,0.00384,0,0,0,0,0,0,0.03795,0,0,0,0,0,2.58645,0.40561,0,0,3.2004,0,0,0,0,0,0,0.08806,0,0,0,1.6203,0,4.27845,0,0.02113,0,5.70385,0,0,0,0,0,0,0.0959,0,0,1.09251,0,0,0,0,0,0,0,0,0,0,0,0,0,0,0,0,0.09952,0,0,0,0,0,0,0,0.28155,0,0,0,0,0,0.47493,0,0,0,0,0.03304,0,0,0.23881,0,0,0,0,0.0702,0,0,0,0,0,0,0,0,0,0.00207,0,0,0,0,0,0,0,0,0,0,0,0,0,0,0,0,0,0,0.00058,0,0,0,0,0,0,0,0,0,0,0,0,0,0,0,0,0.11185,0,0,0,0,0,0,0,0,0,0,0,0,0,0,0,0,0,0,0,0,0,0,0.33742,0,0.13643,0,0,0,0,0.87541,0,0,0,0.97315,0,0,0,0,2.57231,0,0,0,0,0.15852,0,0,0,0.18222,0,0,0,0,0,0,0,0,0,0,0,0,0,0,0,0,0,0,0,0,0,0,0,0,0,0,0,0,0,0,0,0,0,0,0,0,3.33416,3.99512,1.28086,0.2617,0.27659,0.08466,0,0,0,0,0,0,0,0,0,0,0.01862,0.93814,0,0,0,0.01179,0.18578,0,0,0,0,0,0,0,0,0,0,0,0.00884,0,0,0,0,0,0,0,0,0,0,0,0,0,0,0.00298,0.01318,0,0,0,0,0,0.17251,0.00852,0,0,0,0,0,0,0,0,0,0,0,0,0,0,0,0,0,0,0,0,0
"4036_3",0,0,0,0,0,0,0,0,0,0,0,0,0,0,0,0,0,0.05627,0.0042,0,0.00825,0,0,0,0.07035,0,0,0,0,3.47825,0.09764,0,0,0,0,0,0,0,0.4735,0,0,0,0,0,0,0,0,0.04015,0,0,0,0,0.00742,0,0,0,0,0,0,0,0,0.03719,0,0,0,0.50188,0,0,0,0.00978,0,0,0,0,0,0,0,0,0,0,0,0,0,0.0027,0.12135,0.11631,0.00288,0.11121,0,0.05584,0,0,0,0,0,0,0,0,0,0,0,0,0,0.58746,0,0.17566,0,0,0.09752,0,0.00543,0,0,0,0,0,0,0,0,0.15006,0.00068,0,0,0,0,0,0,0,0,0,0,0,0,0,0,0,0,0,0,0,0,0,0,0,0,0,0,0.00405,0,0,0,0,0,0,0,0,0.29722,0,0,0,0,0,0,0,0,0,0,0,0.018,0,21.09309,0,0,0,0.0086,0,0,0,0.01683,0.05225,0,0,0.44808,0,0,0.03403,0,0.00855,0,0,0.19119,0,0,0,0,0.48759,0,0,0,0,0.02023,0,0,0.04494,0,0,0.04765,0,0,1.1494,0.73108,3.85938,0.67818,0,0,0,0,0.13911,0,0,0,0,2.11697,0,0,0,0,0,0,0,0,0,0,0,0,0,0,0.40535,0,0,0,0,0,0,0,0.37943,0,0,0,0.64069,0.4191,0,0,0,0,0,0,0,0,0,0,0,0,0,0,0,0.30238,0.2804,0,0,0,0,0.39798,0,0,0,0,0,0,0,0,0,0,0,0,0,0,0,0.03892,1.35877,0,0.3156,0.03394,0,0,0,0,0,0,0,31.72715,0,1.4813,0,0.0604,0,0,0,0,3.54873,0.22513,0.03171,0,0,0,0,0,0,0,0.1376,0.37074,0.07333,0.74684,1.6284,0,0,0.03369,4.74823,0.02662,0,1.2288,0.59767,0.00589,0.08181,1.97655,0,0.02798,0,0,0.23139,0,0.02693,0.00201,0,0.08918,0,0,0.06226,0,0,0.01654,0,1.43577,0,0,0,0,0,0.18041,0,0,0,0,0.11729,0,0,0.00933,0.0051,0,0,0,0,0.04824,0,0,0,0,0,0,0,0,0,0,0,0,0,0,0,0,0,0,0,0.03922,0,0,0,0,0,0,0,0,0,0,0,0,0,0,0,0,0,0,0,0,0,0,0,0,0,0.57157,0,0,0,0,0,0,0,0,0,0,0,0,0,0,0,0.62619,0,0.11329,0,0,0.00302,0,0,0,0.00265,0,0,0,0,0,0,0,0,0,0,0,0.19779,0,0,0,0,0,0,0,0,1.93934,0,0,0,0,0,0,0,0,0,0,0,0,0,0,0,0,0,0,0,0,0,0,0,0,0,0,0,0,0.0084,0.05602,0.40902,0,0,0,0,0,0.06438,0,0,0,0.67265,0,0.00114,0,0,0.1195,0,0.58987,0,0,0,0.12827,0,0,0.00285,0,0,0,0.31724,0,0.08723,0,0.18211,0.0071,0,0,0,0.06534,0.00673,0,0,0,0,0,0,0,0,0,0,0,0,0,0,0,0,0.25522,0.04667,0.15825,0,0,0,0,0.10679,0,0,0.00814,0,0,0,0,0,0,0,0,0,0,0,0
"4035_4",0,0.06144,0,0,0,0,0,0,0,0,0,0,0,0,0,0,0,0,0.05008,1.55614,0.33921,0.14515,2.30414,0,0.89578,0.21651,0,0,0,0,0,0.14134,0,0,0,0,0.06166,0,0.59443,0,0,0,0,0,0.05567,0,0,26.17932,0.00086,0,0,0,0.87415,0,0,0,0,0,0,0,5.28007,0.24406,0.01364,0,0.12159,0,0,0,0,0,0,0,0,0,0,0,0,0,0,0,0,0,0,14.28837,2.52403,4.00898,0,0,0,0,0,0.06402,0,0,0,0,0,0,0,0.00932,0,0,0,1.08673,0,0,0,0,0.03609,0,0,0,0,0,0,0,0,0.00104,0.02575,0,0,0.07627,0,0,0,0,0.00516,0,0,0,0,0,0.09642,0,0,0,0,0,0,0,0,0,0.00237,0,0,0,0,0.01236,0,0,0,0,0,0,0,0,0,0,0.21716,0,0.01867,0.01282,0,0,0,0,0,0,0,0,0,0,0,0,4.50004,0.01553,0,1.08086,0,2.69384,0,0.00532,0,0,0,0,0.02297,0,0,0,0,0,0,0.07896,0,0,0,0,0,0,0,0,0,0,0,0,0,0,0,0,0,0,0,0.09057,0,0,0,0,0,0,0,0,0,0,0,0,0,0,0,0,0,0,0,0,0,0,0,2.99901,0,0,0,0,0,0,0,0,0,0.03124,0,0,0.03963,0,0,0.00577,0,0,0,0,0,0.89603,0,0.04736,0,0,0,0,0,0,0.23448,0,0.01817,0,0.10866,0,0,0,0.0929,0,0,0,0,0,0,0,0,0,2.56885,0,0,0.68869,0,0.58524,0.12422,1.72104,0,0,0,0,0,0,0,0,0,0,0,0,0,0,0,0.49386,0,0,0,0,0,0,0,0.01921,0.01037,0,0.37707,0.21535,0.41748,3.42659,0,0,0.1266,1.41305,0,0,0,0.00254,0,0.01481,0,0,0,0,0,0.00108,0,1.3705,0,0,0,0,0,0,0,0,0.00135,0,0,0.19461,0.00466,0.06161,0,0,0.14862,0,0,0,0,0.01773,0,0,0,0,0,0,0,0,0,0,0.01399,0,1.03009,0,0,0,0,0,0,0,0,0,0,0,0,0,0,0,0,0,0,0,0,0,0,0,0,0,0,0,0,0,0,0,0,0.03002,0,0,0,0,0,0,0,0,0.82728,0,0,0,0,0,0,0,0,0.01149,0,0,0,0,0.35364,0,0.32357,0,0.00635,0,0,1.93235,0.63071,0,0,0.67158,0,0,0,0,0.00064,0,0,0,0,0.02891,0,0,0,0,0,0,0,0,0,0,0,0,0,0,0,0,0,0,0,0,0,0,0,0,0,0,0,0,0,0,0,0,0,0,0,0,0,0,0,0,0.01392,0.19006,0,3.78462,0,0,0,0,0,0.00152,0,0,0,0,0,0.00902,0.21584,0,0.01753,0,0,0,0.0557,0,0,0.02495,0,0,0,0,0,0,0,0,0.75657,0,0,0,0,0,0,0,0,0,0,0,0,0,0,0,0,0,0,0,0,0,0.3294,0,0,0,0,0,0.14105,0,0,0,0.00878,0,0,0,0,0,0,0,0,0.00323,0,0,0
"4035_3",0,0.00613,0,0,0,0,0,0,0,0,0,0,0,0,0,0,0,0.01178,0.06136,1.69196,0.35589,0.17162,1.6536,0,2.33778,0.30458,0,0,0,0,0,0.13307,0,0,0.00164,0,0.27183,0,8.77985,0,0,0,0,0,0.13425,0,0,0.13201,0,0,0,0,0.7946,0,0,0,0,0,0,0,4.29587,0.15765,0.01151,0,0.11935,0,0,0,0,0,0,0,0,0,0,0,0,0,0,0,0,0,0,0.20188,5.06416,0.34989,0,0,0,0,0,0,0,0,0,0,0,0,0,0.01179,0,0,0,7.29152,0,0,0,0,0.62187,0,0,0,0,0,0,0,0,0.00242,0.00716,0,0,0.17779,0,0,0,0,0.00767,0,0,0,0,0,0.03292,0,0,0,0,0,0,0,0,0,0.01359,0,0,0,0,0.0505,0,0,0,0,0,0,0,0,0,0,0,0,0.05531,0.02958,0,0,0,0,0,0,0,0,0,0,0,0,6.2137,0.01021,0,3.38505,0,3.34669,0,0.00095,0,0,0,0,0.17189,0,0,0,0,0,0,0.51331,0,0,0,0,0,0,0,0,0,0,0,0,0,0,0,0,0,0,0,0.08523,0,0,0,0,0,0,0,0,0,0,0,0,0,0,0,0,0,0,0,0,0,0,0,2.72112,0,0,0,0,0,0,0,0,0,0.00464,0,0,0.00962,0,0,0.01538,0,0,0,0,0,0.19814,0,0.01843,0,0,0,0,0,0,2.04946,0,0.11823,0,0.49442,0.00233,0,0,0,0,0,0,0,0,0,0,0,0,0,0.00572,0,12.06103,0,0.46532,1.15306,3.20809,0,0,0,0,0,0.73526,0,0,0,0,0,0,0,0,0,1.60198,0,0,0,0,0,0,0.00342,0.08788,0,0,0.31993,0.71659,0.38349,7.49284,0,0,0.13812,5.70135,0,0,0,0.00403,0,0,0,0,0.00137,0,0,0,0,1.82793,0,0,0,0,0,0,0,0,0.90033,0,0,0.01422,0,0,0,0,0.31681,0,0,0,0,0,0,0.0071,0,0,0,0,0,0,0,0,0,0,0.14291,0,0,0,0,0,0,0,0,0,0,0,0,0,0,0.06373,0,0,0,0,0,0,0,0,0,0,0,0,0,0,0,0,0,0.01452,0,0,0,0,0,0,0,0,2.63061,0,0,0,0,0,0,0,0,0,0,0,0,0,0.31903,0,0.08564,0,0.06174,0,0,0.79747,0.03128,0,0,0.48958,0,0,0,0,0,0,0,0,0,0.01339,0,0,0,0,0,0,0,0,0,0,0,0,0,0,0,0,0,0,0,0,0,0,0,0,0,0,0,0,0,0,0,0,0,0,0,0,0,0,0,0,0.00456,0.37108,0.00308,0,0.00214,0,0,0,0,0.00242,0.00134,0,0,0,0,0,0.78084,0,1.88636,0,0,0,0.24731,0,0,0.04857,0,0,0,0,0,0,0,0,0.08098,0,0,0,0,0,0,0,0,0,0,0,0,0,0,0,0,0,0,0,0,0,0,0,0,0,0,0,0.06753,0,0,0,0,0,0,0,0,0,0,0,0,0.00481,0,0,0
"4035_2",0,0,0,0,0,0,0,0,0,0,0,0,0,0,0,0,0,0,0.04432,0.65891,0.2739,0.05423,0.22594,0,0.83593,0.04864,0,0,0,0,0,0.00503,0,0,0,0,0.43253,0,6.64466,0,0,0,0,0,0.12893,0,0,0.59232,0.00123,0,0,0,0.12011,0,0,0,0,0,0.00085,0,2.42185,0.37157,0.00657,0,0.0518,0.07265,0,0,0,0,0,0,0,0,0,0,0,0,0,0,0,0,0.00759,0.09583,0.60986,0.18557,0,0,0,0,0,0.01451,0,0,0,0,0,0,0,0,0,0,0,0.8957,0.01097,0,0,0,0.27644,0,0,0,0,0,0,0,0,0,0,0,0,0.95939,0,0,0,0,0,0,0,0,0,0,0,0,0,0,0,0,0,0,0,0,0.01487,0,0,0,0,0,0,0,0,0,0,0,0,0,0,0,0.07511,0,0,0,0,0,0,0,0,0,0,0,0,0,0,0,1.97423,0.76374,0,38.39216,0,1.06619,0,0.06778,0,0,0,0,0.23018,0,0,0,0,0,0,0.20294,0.02613,0,0,0,0,0,0,0,0,0,0.163,0,0,0,0,0,0,0,0,0.1583,0,0,0,0,0,0,0,0,0,0,0,0,0,0,0,0,0,0,0,0,0,0,0,5.99897,0,0,0,0,0,0,0,0,0,0,0,0,0.06944,0,0,0,0,0,0,0,0,0.5758,0,0,0,0,0,0,0,0,1.67821,0,0.00161,0,0.48912,0.05095,0,0,0,0,0,0,0,0,0,0,0.54048,0,0.46526,0,0,3.16317,0,0.2511,0.64681,3.64469,0.17628,0,0,0,0,0.20386,0,0,0,0,0,0.14598,0,0,0,0.3974,0,0,0,0,0,0,0,0.02085,0.01061,0,0.34849,0.56323,0.24447,4.80333,0,0.05632,0.54956,1.85858,0,0,0,0,0,0.01361,0,0,0,0,0,0.04801,0,1.66447,0,0,0,0,0,0,0,0,0.40346,0,0,0.00706,0.09178,0,0,0,0.11084,0,0,0,0,0,0,0,0,0,0,0,0,0,0,0,0,0,0.11354,0,0,0,0,0,0,0,0,0,0,0,0,0,0.05013,0.04473,0,0,0,0,0,0,0,0,0,0,0,0,0,0,0,0,0,0.0017,0,0,0,0,0,0,0,0,3.74127,0,0,0,0,0,0,0,0,0.44247,0,0,0,0,0.05667,0,0.21939,0,0.02197,0,0,0.3635,0.09455,0,0,0.21955,0,0,0,0,0,0,0,0,0,0.02777,0,0,0,0,0,0,0,0,0,0,0.02051,0,0,0,0,0,0,0,0,0,0,0,0,0,0,0,0,0,0,0,0,0,0,0,0,0,0,0,0,0,0,4.21462,0,0.0028,0.1678,0.00688,0,0,0,0.02956,0.13102,0,0,0,0,0,0.64738,0,0.02421,0,0,0,0.51711,0,0,0,0,0,0,0,0,0,0,0,0.15556,0,0,0,0,0,0,0,0,0,0,0,0,0,0,0,0,0,0,0,0.18393,0,0,0,0,0,0,0,0.01214,0,0,0,0.01294,0,0,0,0,0,0,0,0,0,0,0,0
"4035_1",0,0.0106,0,0,0,0,0,0,0,0,0,0,0,0,0,0,0,0.00293,0.0139,1.60142,0.63065,0.12911,1.64239,0,1.96007,0.25394,0,0,0,0,0,0.16621,0,0,0,0,0.09962,0,6.1445,0,0,0,0,0,0.32375,0,0.00044,15.60443,0.0055,0,0,0,1.62607,0,0,0,0,0,0,0,3.83879,0.76197,0.09707,0,0.44991,0,0,0,0,0,0,0,0,0,0,0,0,0,0,0.00036,0,0,0,7.67271,8.01358,4.98271,0,0,0,0,0,0,0,0,0,0,0,0,0,0.02538,0,0,0,0.81277,0.00485,0,0,0,0.27646,0,0,0,0,0,0,0,0.00104,0.00787,0.06047,0,0,0.13142,0,0,0,0,0.00301,0,0,0,0.00342,0,0.02268,0,0,0,0,0,0,0.03391,0,0,0.00607,0,0,0,0,0.00162,0,0,0,0,0,0,0,0,0,0,0.07376,0,0.03785,0.00681,0,0,0,0,0,0,0,0,0,0,0,0,4.75487,0,0,2.09192,0,1.81552,0,0.00559,0,0,0,0,0,0,0,0,0,0,0,0.51042,0.00624,0,0,0,0,0,0,0,0,0,0.07398,0,0,0,0,0,0,0,0,0.4033,0,0,0.00353,0,0,0,0,0,0,0,0,0,0,0,0,0,0,0,0,0,0,0,0,2.833,0,0,0,0,0,0,0,0,0,0.05336,0,0,0.00522,0,0,0.02801,0,0,0,0,0,1.92553,0,0.12154,0,0,0,0,0,0,0.77692,0,0.10168,0,0.35302,0.00632,0,0,0.12141,0,0,0,0,0,0,0,0.16272,0,0.85263,0.00657,0,2.72661,0,0.39891,0.67148,0.1065,0,0,0,0,0,0.0034,0,0,0,0,0,0,0,0,0,1.36235,0,0,0,0,0,0,0,0,0,0,0.51812,0.53881,0.9383,1.64184,0,0.00768,0.59548,2.22479,0,0,0,0.00608,0,0.01679,0,0,0,0,0,0.00027,0,0.72475,0,0,0,0,0,0,0,0,0.2002,0,0,0.1264,0,0.04371,0,0,0.13709,0,0,0,0,0,0,0.00376,0,0,0,0,0,0,0,0,0,0,0.31809,0,0,0,0,0,0,0,0,0,0,0,0,0,0,0.03618,0.00026,0,0,0,0,0,0,0,0,0,0,0,0,0,0,0,0,0.04399,0,0,0,0,0,0,0,0,1.38575,0,0,0,0,0,0,0,0,0,0,0,0,0,0.40019,0,0.02734,0,0.02367,0,0,4.82156,0.69607,0,0,1.41945,0,0,0,0,0,0,0,0,0,0.02439,0,0,0,0,0,0,0,0,0,0,0,0,0,0,0,0,0,0,0,0,0,0,0,0,0,0,0,0,0,0,0,0,0,0,0,0,0,0,0,0,0.00619,0.04056,0,0.82631,0.01282,0,0,0,0,0,0,0.00065,0,0,0.00246,0.00538,0.60881,0,0.87059,0,0,0,0.38219,0,0,0.02822,0,0,0,0,0,0,0,0,0.30453,0,0,0,0,0,0,0,0,0,0,0,0,0,0,0,0,0,0,0,0,0,0.00897,0,0,0,0,0,0.14316,0,0,0,0,0,0,0,0,0,0,0,0,0.01356,0,0,0
"4034_4",0,0,0,0,0,0,0,0,0,0,0,0,0,0,0,0,0,0,0.02185,0,0.18596,0,0,0,0,0,0,0,0,0,0,0,0,0,0,0,0,0,1.10179,0,0.00863,0,0,0,0,0,0.35972,0,0,0,0,0,0,0,0,0,0.33856,0,4.19831,0,0,0,0.00125,0,5.46274,0,0,0,0,0,0,0,0,0,0,0,0,0,0,0,0,0,4.36842,1.25684,27.72003,13.31561,1.21095,0,0,1.43956,0,0,0,0,0,0,0.1745,0,0,0.00573,0,0,0,0.05294,0,0.00833,0.04874,0,0.12959,0,0,0,0,0,0,0,0,0,0,0,0,0,0,0,0,0,0,0,0,0,0,0,0,0,0,0,0,0,0,0,0,0,0,0,0.02,0,0,0.02939,0,0,0,0,0,0,0,0,0,0,0,0,0,0,0,0,0,0,0,0,0.13626,0.11657,0,0,0.51778,0.05125,0.64405,0.31981,0,3.39599,0,0,0,0,0.15165,0,0,0,0,0,0,0,0,0,0,0,0,0.55335,0,0.30463,0,0.62379,0,0,0,0,0,1.01781,0,0,0,0,0,0,0,0,0,0,0,0,0,0,0,0,0,0.00068,0,0,0,0,0,0,0,0,0,0,0,0,0,0.33012,0,0,0,0,0,0,0,0,0,0.05186,0.08158,0.23752,0.34073,0,0,0,0,0,0,0,0,0,0,0,0,0,0,0,0.11038,0.03348,0,0,0.00698,0,0,0,0,0,0,0,0,0,0,0,0,0,0,0,0,0,0.01784,0.55598,0,0.19379,6.28485,0,0.77924,0,0,0,0.78662,0.08178,0,0,0,0,0,0.32686,0,0,0.06067,1.72737,0,0,0,0,0,0,0.02432,0,0,0.13259,0,0,0.19453,0.40895,0.04336,0.01715,0,0,0,0,0.5093,0.1005,0,0,0,0,0.02825,0,0,0,0,0,0,0,0.15847,0,0,0.0361,0,0,0,0,0,0,0,0,0,0,0.35015,0,0,0,0,0.15888,0,0,0,0,0,0,0,0,0,0,0.00179,0,0.00752,0,0,0,0,0,0,0,0,0,0,0,0,0,3.27696,0,0.00671,0,0,0,0,0,0,0,0,0,0,0,0,0,0,0,0,0.00672,0,0,0,0,0,0,0,0,0,0,0,0,0,0,0,0.01487,0,0,0,0,0,0,0.65727,0,1.07014,0,0,0,0,1.0018,0,0,0,0,0,0,0,0,0.70161,0,0,0,0,0.00402,0,0,0,0,0,0,0,0,0,0,0,0,0,0,0,0,0,0,0,0,0,0,0,0,0,0,0,0,0,0,0,0,0,0,0,0,0,0,0,0,1.4495,0.00111,1.08242,0.73194,0.04916,0.02887,0,0,0.08011,0,1.24251,0,0,0,0,0,0,0,2.1987,0,0,0,0.18851,0.0797,0.02608,0,0,0,2.14242,0,0,0,0,0.33056,0.02162,0,0,0,0,0,0,0,0,0,0,0,0,0,0,0,0,0,0,0,0,0,0.09573,0,0,0,0,0,0,0,0,0,0.0384,0,0,0,0,0,0,0,0,0,0,0,0
"4034_3",0,0,0,0,0,0,0,0,0,0,0,0,0,0,0,0,0,0,1.08236,0,0.09864,0,0,0,0,0,0,0,0,0,0,0,0,0,0,0,0,0,1.48839,0,0,0,0,0,0,0,0,0,0,0,0,0,0,0,0,0,0.37568,0,0.77668,0,0,0,0,0,3.6345,0,0,0,0,0,0,0,0,0,0,0,0,0,0,0,0,0,1.83619,0.56648,31.4764,9.01377,0.45483,0,0,5.39325,0,0,0,0,0,0,2.93585,0,0,0.06467,0,0,0,0.04351,0,0.00292,0,0,0.07977,0,0,0,0,0,0,0,0,0,0,0,0,0,0,0,0,0,0,0,0,0,0,0,0,0,0,0,0,0,0,0,0,0,0,0,0.07642,0,0,0,0,0,0,0,0,0,0,0,0,0,0,0,0,0,0,0,0,0,0,0,0.01528,0,0,0,0.18272,0.00623,0.07414,0,0,5.88571,0,0,0,0,0,0,0,0,0,0,0,0,0,0,0,0,0,0,0,0,0,7.81432,0,0,0,0,0,1.33074,0,0,0,0,0,0,0,0,0,0,0.13903,0,0,0,0,0,0,0,0,0,0,0,0,0,0,0,0,0,0,0,0,1.61245,0,0,0,0,0,0,0,0,0,0,0,0.08939,0.25727,0,0,0,0,0,0,0,0,0,0,0,0,0,0,0,0.15177,0.07153,0,0,0,0,0,0,0,0,0,0,0,0,0,0,0,0,0,0,0,0,0.49993,0.8985,0,0.1172,5.6478,0,0.03783,0,0,0,0.0771,0,0,0,0,0,0,0,0,0,0.03445,1.69853,0,0,0,0,0,0,0,0,0,0.16615,0,0,0.08662,0.04163,0.00722,0,0,0,0,0,0,0,0,0,0,0,0,0,0,0,0,0,0,0,0,0,0,0,0,0,0,0,0,0,0,0,0,0,0.76026,0,0,0,0,0.11746,0,0,0,0,0,0,0,0,0,0,0,0,0,0,0,0,0,0,0,0,0,0,0,0,0,0,0.6204,0,0,0,0,0,0,0,0,0,0,0,0,0,0,0,0,0,0,0,0,0,0,0,0,0,0,0,0,0,0,0,0,0,0,0,0,0,0,0,0,0,0.10868,0,2.26516,0,0,0,0,0.8345,0,0,0,0,0,0,0,0,1.44001,0,0,0,0,0.04186,0,0,0,0,0,0,0,0,0,0,0,0,0,0,0,0,0,0,0,0,0,0,0,0,0,0,0,0,0,0,0,0,0,0,0,0,0,0,0,0,0.00437,0.61006,0.16558,0.46775,0,0,0,0,0,0,0.45551,0,0,0,0,0,0,0,4.9097,0,0,0,0.10082,0.10031,0,0,0,0,0,0,0,0,0,0.27761,0.21659,0,0,0,0,0,0,0,0,0,0,0,0,0,0,0,0,0,0,0,0,0,0.02711,0,0,0,0,0,0,0,0,0,0.13238,0,0,0,0,0,0,0,0,0,0,0,0
"4034_2",0,0,0,0,0,0,0,0,0,0,0,0,0,0,0,0,0,0.0443,0.06698,0,0.21204,0,0,0,0,0,0,0,0,0,0,0,0,0,0,0,0,0,1.85053,0,0,0,0,0,0.0274,0,0.05707,0,0,0,0,0,0,0,0,0,0.33124,0,2.04558,0,0,0,0.00043,0,3.75818,0,0,0,0,0,0,0,0,0,0,0,0,0,0,0,0,0,5.10375,1.48563,32.51194,9.41716,0.96388,0,0,0.50199,0,0,0,0,0,0,0.10552,0,0,0.00356,0,0,0,0.00928,0,0.05916,0.14079,0,0.05239,0,0.01247,0,0,0,0,0,0,0,0,0,0,0,0,0,0,0,0,0,0,0.03404,0,0,0,0,0,0,0,0,0,0,0,0,0,0,0.0011,0,0,0.00319,0,0,0,0,0,0,0,0,0,0,0,0,0,0,0,0,0,0,0,0,0.15068,0.02571,0,0,0.23419,0.05001,0.2536,0.15151,0,10.27345,0,0,0,0,0.26374,0,0,0.0253,0.01741,0,0,0,0,0.07258,0,0,0,0.23997,0.18243,0.64075,0,0.05603,0,0,0,0,0,0.19721,0,0,0,0,0,0,0,0,0,0,0.03471,0,0,0,0,0,0,0,0,0.01173,0,0,0,0,0,0,0,0,0,0,0,0.52342,0,0,0,0,0,0,0,0,0,0.01905,0.03981,0.32412,0.17345,0,0,0,0,0,0,0,0,0,0,0,0,0,0,0,0.37813,0.103,0,0,0.01188,0,0,0,0,0,0,0,0,0,0,0,0,0,0,0,0,0,1.78224,0.84373,0,0.2762,5.38435,0,0.33242,0,0,0,0.17243,0.15747,0,0,0,0,0,0.00349,0,0,0.16886,1.50616,0,0,0,0,0,0,0,0,0.00363,0.15992,0,0,0.05183,0.29955,0.07765,0.04354,0,0,0,0,0.49754,0.10965,0,0,0,0,0.0142,0,0,0,0,0,0,0,0.49447,0,0,0.0328,0,0,0,0,0,0,0,0,0,0,1.03294,0,0,0,0,0.33037,0,0.00477,0,0,0,0,0,0,0,0,0,0,0.01065,0,0,0,0,0,0,0,0,0,0,0,0,0,0.79885,0,0.03159,0,0,0,0,0,0,0,0,0,0,0,0,0,0,0,0,0.00953,0,0,0,0,0,0,0,0,0,0,0,0,0,0,0,0,0,0,0,0,0,0,0.70576,0,0.70196,0,0,0,0,1.21332,0,0,0,0,0,0,0,0,0.39026,0,0,0,0,0.00633,0,0,0,0,0,0,0,0,0,0,0,0,0,0,0,0,0,0,0,0,0,0,0,0,0,0,0,0,0,0,0,0,0,0,0,0,0,0,0,0,1.58708,0.05407,0.04726,0.01029,0.09551,0.01739,0,0,0.24671,0,0.48121,0,0,0,0,0,0,0.06415,4.00069,0,0,0,0.52277,0.07152,0.03639,0,0,0,1.15288,0,0,0,0,0.51944,0.03485,0,0,0,0,0,0,0,0,0,0,0,0,0,0,0,0,0,0,0,0,0,0.10087,0,0,0,0,0,0,0,0,0,0.05499,0,0,0,0,0,0,0,0,0,0,0,0
"4034_1",0,0,0,0,0,0,0,0,0,0,0,0,0,0,0,0,0,0.04926,0,0,0.04024,0,0,0,0,0,0,0,0,0,0,0,0,0,0,0,0,0,2.42921,0,0,0,0,0,0.01745,0,0.20976,0,0,0,0,0,0,0,0,0,0.33193,0,2.29642,0,0,0,0,0,1.36656,0,0,0,0,0,0,0,0,0,0,0,0,0,0,0,0,0,3.62711,1.18273,27.15793,9.78016,0.33879,0,0,0.97328,0,0,0,0,0,0,0.97776,0,0,0,0,0,0,0,0,0.03597,0.32059,0,0.06107,0,0.0963,0,0,0,0,0,0,0,0,0,0,0,0,0,0,0,0,0,0,0.42991,0,0,0,0,0,0,0,0,0,0,0,0,0,0,0.01362,0,0,0.00414,0,0,0,0,0,0,0,0,0,0,0,0,0,0,0,0,0,0,0,0,0.122,0.06462,0,0,0.02603,0,0.02075,0.18631,0,3.14141,0,0,0,0,0.69134,0,0.19483,0,0.02741,0,0,0,0,0.63803,0,0,0,0.21614,0,0,0,0.00782,0,0,0,0,0,0.90898,0,0,0,0,0,0,0,0,0,0,0,0,0,0,0,0,0,0,0,0.49965,0,0,0,0,0,0,0,0,0,0,0,0.88994,0,0,0,0,0,0,0,0,0,0.02303,0,0.28768,1.09049,0,0,0,0,0,0,0,0,0,0,0,0,0,0,0,0.15948,0.04061,0,0,0,0,0,0,0,0,0,0,0,0,0,0,0,0,0,0,0,0,0.13895,1.51395,0,0.26789,6.96669,0.07786,1.06924,0,0,0,5.00616,0.10492,0,0,0,0,0,0.16106,0,0,0.36522,2.9103,0,0,0,0,0,0,0,0,0,0.2068,0,0,0.01639,0,0.09843,0,0,0,0,0,0.02833,0,0,0,0,0,0,0,0,0,0,0,0,0,0.79578,0,0,0.10325,0,0,0,0,0,0,0,0,0,0,1.63201,0,0,0,0,0.37066,0,0,0,0,0,0,0,0,0,0,0,0,0,0,0,0,0,0,0,0,0,0,0,0,0,0,0.28503,0,0.00404,0,0,0,0,0,0,0,0,0,0,0,0,0,0,0,0,0,0,0,0,0,0,0,0,0,0,0,0,0,0,0,0,0,0,0,0,0,0,0,0.37005,0,0.57983,0,0,0,0,2.04071,0,0,0,0,0,0,0,0,0.19421,0,0,0,0,0,0,0,0,0,0,0,0,0,0,0,0,0,0,0,0,0,0,0,0,0,0,0,0,0,0,0,0,0,0,0,0,0,0,0,0,0,0,0,0,0,3.73251,0.08654,0.71398,0.88908,0.12803,0.02137,0,0,0.28263,0,0.42457,0,0,0,0,0,0,0,1.89136,0,0,0,0.06906,0.60121,0.01828,0,0,0,3.92746,0,0,0,0,0.75099,0.03684,0,0,0,0,0,0,0,0,0,0,0,0,0,0,0,0,0,0,0,0,0,0.08162,0,0,0,0,0,0,0,0,0,0.05996,0,0,0,0,0,0,0,0,0,0,0,0
"4033_3",0,0.01283,0,0,0,0,0,0,0,0,0,0,0,0,0,0,0,0.06024,0.0194,1.08487,0.01838,0,0.64783,0,0.98284,0.01293,0,0,0,0,0,0,0.01582,0,0,0,0.00161,0,0.01761,0,0,0,0,0,0.05336,0,0,0.34543,0.04588,0,0,0,1.03868,0,0.00026,0.00163,0.07116,0,0,0,2.33414,0,0.0086,0,0.03786,0,0,0,0,0,0,0,0,0,0,0,0,0,0,0,0,0.01726,0.98556,0.15133,4.34983,3.01174,0.10669,1.21995,0,0,0,0,0,0,0,0,0,0.00539,0,0.16492,0,0,0.007,1.22451,0,0,0.00177,0.00081,0,0,0,0,0,0,0,0,0,0.00559,0.09089,0,0,2.77884,0,0,0,0,0.02346,0,0,0,0,0,0,0,0,0,0,0,0,0,0,0,0,1.81223,0.06091,0,0,0,0,0,0,0.00094,0,0,0,0,0,0,0,0.00717,0.01597,0,0,0,0,0,0,0.16996,0.00043,0.13886,0,0,0.16468,0.08489,8.59073,0.02184,0.42021,0,0,0,0.00077,0,0.05863,0,0,0,0.02214,0.09695,0,0,0,0,0,0,0,0,0.2787,0,0,0,0,0,0,0,0,0,0,0,0,0,0,0,0,0,0,0,0.09635,0,0,0,0,0,0,0.81521,0,0,0,0,0,0,0,0,0,0,0,0,0,0.51137,0.41125,0,0,0,0,0,0,0,0,0.00407,0,0.00423,0,0,0,0,0,0,0,0,0,1.35647,0,0,0,0,0,0,0.28387,0.48047,0.02495,0.00085,0.00234,0,0,0.05522,0,0.01888,0,0,0,0,0,0,0,0,0,0,11.17843,0,2.24119,0.00981,0,0.3966,0.40112,0.0468,0.26686,0,0,0,0.0175,0.02407,0,0,3.78363,0,0,0.05403,0,0,0.13847,1.16546,0.28586,0.01183,0,0,0,0,0.36082,0,0,0.34868,0,0.04508,0.14837,0.65225,0,0.01177,0,17.47421,0,0.00231,4.07932,0.68774,0,0,0,0,0.06193,0.14864,0,0,0,0,0,0,0.52959,0,0,0,0,0,1.64798,0,0,0,0,0.09055,0,0,0.98197,0,0,0,0,0,0.00145,0.00951,0,0,0,0,0,0.00474,0,0.03066,0.00079,0,0.00033,0,0,0,0.83585,1.04079,0.09215,0,0,0,0,0,0,0,0,0.00056,0,0,0,0,0,0,0,0,0.01442,0,0,0.0032,0,0,0,0,0,0.07645,0,0.04171,0,0,0,0,0,0,0.16228,0,0,0.00167,0,0,0,0.06251,0,0,0,0,0.24162,0,0.18771,0,1.4649,0,0,0,0,0.81233,0.36174,0,0,0.20302,0,0,0.00119,0,0.03823,0,0,0,0,5e-04,0,0,0,0,0,0,0,0,0,0,0,0,0,0,0,0,0,0,0,0,0,0,0,0,0,0,0,0,0,0.37988,0,0,0,0,0,0,0,0,0,0,0,0.25435,0.0184,0.03903,0.02755,0.00076,0.00051,0.12629,0,0.02008,0,0,0,0,0,0.01239,0.12923,0.07627,0,0,0,0,1.07332,0.02594,0,5.06366,0,0,0,0,0,0,0,0.73092,0.09687,0,0,0,0,0,0.50138,0,0,0,0,0,0,0,0,0,0,0,0,0,0.02268,0,0.64203,0,0,0,0,0,0,0,0,0,0.65657,0.05858,0,0,0,0,0,0,0,0.02341,0.06834,0,0
"4002_4",0,5.62768,0,0,0,0,0,0,0,0,0,0,0,0,0,0,0,0,0.02618,0.24558,0,0,0.41974,0,4.64814,0.00886,0,0,0,0,0,0,0,0,0,0,0,0,0.21978,0,0,0,0,0,0.01262,0,0,1.08523,2.01568,0,0,0,0,0,0.00065,0.13529,0.37275,0,0,0.05605,0,0.17535,0,0,1.69193,0,0,0.02345,0,0,0,0.61722,0,0,0,0,0,0.26138,0,0,0,0,1.19694,0.01112,6.65267,9.85476,0.05532,1.8049,0,0,0,0.32909,0,0,0,0,1.88463,0,0,0,0,0,0,0.3581,0,0.01348,0,0,0.00302,0,0,0,0,0,0,0,0,0,0.07418,0,0,0,0,0,0,0,0,0,0,0,0,0.19466,0,0,0,0,0.0682,0,0,0,0,0,0,0,0.05135,0,0,0.05912,0,0,0,0,0,0,0,0,0.01134,0,0,0,0,0,0,0,0,0,0,0.54675,0,0.0685,1.80521,0,0.01105,0,0.16076,0,0,3.5084,0,0,0,0,0.59211,0,0.09184,0,0,1.03216,0,0,0.11482,0,0,0,0,0,0,0,0.14742,0.47702,0,0,0,0,0,0,0,0,0,0,0,0,0,0,0,0,0,0,0,0,0.48218,0,0,0.06446,0,0,0,0,0,0,0,0,0,0,0,0,0,0.62193,0,0,0,0,0,0,0,0,0,0.14937,0,0.33289,0.05824,3.31724,0.13197,0,0,0,0,0,0,0,0,0.35503,0.13322,0,0,0,0.042,0.59441,0,0,0,0,0.2412,0,0,0,0,0,0,0,0,0,0,0,0,0,0,0,1.29513,0.37703,0,0.31937,2.27338,0.02615,0.19267,0,0,0,0,0,0,0,0,0,0,0.05022,1.40352,0,0.05961,7.51156,2.42903,0.23044,0,0,0,0,0.00296,0,0,0.00363,0.01995,0,0.03651,1.83484,0,0,0,1.01805,0.09885,0.20996,1.13887,0.38502,0.14434,1.09879,0.00387,0,0.04649,0,0,0,0,2.62064,0,0,0.02239,0.02357,0,0.02221,0,0,0.0097,0,0,0.00164,0,0,0,0,1.28267,0,0,0,0,0.07472,0,0,0,0,0,0,0,0,0,0,0,0,0,0,0,0,0,0,0,0,0,0,0,0,0,0,2.50968,0,0,0,0,0,0,0,0,0,0,0,0,0,0,0,0,0,0,0,0,0,0,0,0,0,0,0,0.24971,0,0,0,0,0,0,0,0,0.28404,0,0,0,0,0.45894,0,0.43984,0,1.36406,0,0,4.23733,0,0,0,0.62813,0,0,0.02455,0,0,0,0,0,0,0.0026,0,0,0,0,0,0,0,0,0,0,0,0,0,0,0,0,0,0,0,0,0,0,0,0,0,0,0,0,0,0,0,0,0,0,0,0,0,0,0,0,1.11343,0.00681,0.02168,0.26534,0,0,0,0.24309,0.10894,0.1983,0,0,0,0,0,0,0,0.70776,2.57232,0,0,0,0.91859,0,0,0.68794,0,0,0,0,0.67062,0,0,0.07454,0,0,0.01442,0,0,0,0,0,0,0,0,0,0,0,0,0,0.00178,0,0,0,0,0,0.16901,0.1199,0,0,0.27342,0,0,0.01885,0,0,0,0,0,0,0,0,0,0,0,0,0,0,0
"4000_2",0,0,0,0,0,0,0,0,0,0,0,0,0,0,0,0,0,0,0,0.00815,0,0.36662,0.36516,0,2.47763,0.33382,0,6.17073,0,0,26.83841,0,0,0,0,0,0,0,0.18826,0,0,0,0,0,0,0,0,3.17649,0.02041,0,0,0,0.89161,0,0,0,0.03261,0,0,0,0.00335,0,0,0,0.13857,0,0,0,0,0,0,0.06892,0,0,0,0,0,0,0,0,0,0,0,1.55912,1.58513,1.06911,0,1.96124,0,0.00534,0,0,0,0,0,0,0,0,0,0,0,0,0,0.41423,0,0.02255,0.02653,0,0,0,0.00077,0,0,0,0,0,0.00353,0.00799,0.05708,0,0,0,0,0,0,0,0,0,0,0,0,0,0,0,0,0,0,0,0,0,0,0,0,0,0.27456,0,0,0.0277,0,0,0,0,0,0,0,0,0,0,0,0,0.17766,0,0,0,0,0,0,0,0,0,0,0.06573,0,0,0,0,0,2.88952,0.01014,0.01073,0,0,0.08482,0,0,0.0328,0.00163,0,0,0,0,0,0,0,0,0,0,0,1.35383,0,0,0.05756,0,0,0,0.07104,0,0,0,0,0,0,0,0,0,0,0.02422,0,0,0,0,0,0,0.90372,0,0,0,0,0,0,0,0,0,0,0,0,0,0.22221,0,0,0,0,0,0,0,0,0,0,0,0.08071,0.38116,0,0,0,0,0,0,0,0,0,0,0.0502,0,0,0,0,0.09971,0.2083,0,0,0,0,0,0,0,0,0,0,0,0,0,0,0,0,0,0,0.42054,0,0.47681,0.24942,0,0.23023,2.14029,0.15922,0.01214,0,0,0,0,0.02725,0,0,0,0,0,0.06331,0,0,0,4.4337,1.19887,0.02656,0,0,0,0,0,0,0,0.09879,0,0.00095,0.22329,1.56247,0.06568,0,0,4.44708,0.3164,0,0,0,0,0,0.00173,0,0.03924,0,0,0,0,0,0,0,0.20237,0,0,0.86034,0,0,0,0,0,0,0.02034,0.00394,0,0,0.26618,0,0,0,0,0.08903,0,0,0,0,0,0,0,0,0.65724,0.0042,0,0,0.03132,0,0,0,0,0,0.0365,0,0,0,0,0,0,0,0.18015,0,0,0,0,0,0,0,0,0,0,0,0,0,0,0,0,0,0,0,0,0,0,0,0,0,0,0,0.17477,0,0,0,0,0,0,0,0,0,0,0,0,0,0.05442,0,0.5334,0,0.30975,0,0.25566,1.8297,0,0,0,1.21028,0,0,0.14813,0.00143,0.0062,0,0,0,0,0,0,3.56439,0,0,0,0,0,0,0,0,13.4816,0,0,0,0,0,0,0,0,0,0,0,0,0,0,0,0,0,0,0,0,0,0,0,0,0,0,0,0,0,0.06695,0.38879,0.18369,1.17085,0,0,0,0,0,0,0,0.03743,0,0,0,0,0.05961,0.11583,1.64208,0,0,0,0,0,0.00679,0,0,0,0,0,0,0,0,1.10918,0.00556,0,0,0,0,0,0,0,0,0,0,0,0,0,0,0.04547,0.07423,0,0,0,0,0,0.0941,0.0169,0,0,0.03503,0,0,0,0,0,0.01087,0,0,0,0,0,0,0,0,0,0,0,0
"4000_1",0,0,0,0,0,0,0,0,0,0,0,0,0,0,0,0,0,0,0,0,0,0,0,0,1.62688,0,0,4.35745,0,0,38.75536,0,0,0,0,0,0,0,0,0,0,0,0,0,0,0,0,1.96081,0,0,0,0,1.04734,0,0,0,0,0,0,0,0,0,0,0,0.03541,0,0,0,0,0,0,0,0,0,0,0,0,0,0,0,0,0,0,1.38772,5.33639,0.53203,0,1.01115,0,0,0,0,0,0,0,0,0,0,0,0,0,0,0,0.24414,0,0,0,0,0,0,0,0,0,0,0,0,0,0,0,0,0,0,0,0,0,0,0,0,0,0,0,0,0,0,0,0,0,0,0,0,0,0,0,0,0,0,0,0,0,0,0,0,0,0,0,0,0,0,0,0,0,0,0,0,0,0,0,0,0,0,0,0,0,0,0,0,0,0.94343,0,0,0,0,0,0,0,0,0,0,0,0,0,0,0,0,0,0,0,0,0.47429,0,0,0.54578,0,0,0,0,0,0,0,0,0,0,0,0,0,0,0,0,0,0,0,0,0,0,0,0,0,0,0,0,0,0,0,0,0,0,0,0,0,0,0,0,0,0,0,0,0,0,0,0,0.2292,0,0,0,0,0,0,0,0,0,0,0,0,0,0,0,0,0,0,0,0,0,0,0,0,0,0,0,0,0,0,0,0,0,0,0,0,0,0,0,0,0.13522,0.40194,0,0,0,0,0,0,0,0,0,0,0,0,0,0,0,0,6.70303,1.03646,0,0,0,0,0,0,0,0,0,0,0,0,0.09234,0,0,0,2.80462,1.0579,0,0,0,0,0,0.31015,0,0,0,0,0,0,0,0,0,0,0,0,0.43367,0,0,0,0,0,0,0,0,0,0,0,0,0,0,0,0,0,0,0,0,0,0,0,0,0.21609,0,0,0,0,0,0,0,0,0,0,0,0,0,0,0,0,0,0,0,0,0,0,0,0,0,0,0,0,0,0,0,0,0,0,0,0,0,0,0,0,0,0,0,0,0,0,0,0,0,0,0,0,0,0,0,0,0,0,0,0,0,0,0,0,0,0,1.40466,0,0,0,0.37684,0,0,0,0,0,0,0,0,0,0,0,2.42168,0,0,0,0,0,0,0,0,18.30341,0,0,0,0,0,0,0,0,0,0,0,0,0,0,0,0,0,0,0,0,0,0,0,0,0,0,0,0,0,0,0,0,3.73654,0,0,0,0,0,0,0,0,0,0,0,0,0,0,1.89594,0,0,0,0,0,0,0,0,0,0,0,0,0,0,0.18214,0,0,0,0,0,0,0,0,0,0,0,0,0,0,0,0,0,0,0,0,0,0,0,0,0,0,0,0,0,0,0,0,0,0,0,0,0,0,0,0,0,0,0,0,0
