rt_mz	210729_RAMP_serum_c18pos_001	210729_RAMP_serum_c18pos_002	210729_RAMP_serum_c18pos_003	210729_RAMP_serum_c18pos_004	210729_RAMP_serum_c18pos_005	210729_RAMP_serum_c18pos_006	210729_RAMP_serum_c18pos_007	210729_RAMP_serum_c18pos_008	210729_RAMP_serum_c18pos_009	210729_RAMP_serum_c18pos_010	210729_RAMP_serum_c18pos_011	210729_RAMP_serum_c18pos_012	210729_RAMP_serum_c18pos_013	210729_RAMP_serum_c18pos_014	210729_RAMP_serum_c18pos_015	210729_RAMP_serum_c18pos_016	210729_RAMP_serum_c18pos_017	210729_RAMP_serum_c18pos_018	210729_RAMP_serum_c18pos_019	210729_RAMP_serum_c18pos_020	210729_RAMP_serum_c18pos_021	210729_RAMP_serum_c18pos_022	210729_RAMP_serum_c18pos_023	210729_RAMP_serum_c18pos_024	210729_RAMP_serum_c18pos_025	210729_RAMP_serum_c18pos_026	210729_RAMP_serum_c18pos_027	210729_RAMP_serum_c18pos_028	210729_RAMP_serum_c18pos_029	210729_RAMP_serum_c18pos_030	210729_RAMP_serum_c18pos_031	210729_RAMP_serum_c18pos_032	210729_RAMP_serum_c18pos_033	210729_RAMP_serum_c18pos_034	210729_RAMP_serum_c18pos_035	210729_RAMP_serum_c18pos_036	210729_RAMP_serum_c18pos_037	210729_RAMP_serum_c18pos_038	210729_RAMP_serum_c18pos_039	210729_RAMP_serum_c18pos_040	210729_RAMP_serum_c18pos_041	210729_RAMP_serum_c18pos_042	210729_RAMP_serum_c18pos_043	210729_RAMP_serum_c18pos_044	210729_RAMP_serum_c18pos_045	210729_RAMP_serum_c18pos_046	210729_RAMP_serum_c18pos_047	210729_RAMP_serum_c18pos_048	210729_RAMP_serum_c18pos_049	210729_RAMP_serum_c18pos_050	210729_RAMP_serum_c18pos_051	210729_RAMP_serum_c18pos_052	210729_RAMP_serum_c18pos_053	210729_RAMP_serum_c18pos_054	210729_RAMP_serum_c18pos_055	210729_RAMP_serum_c18pos_056	210729_RAMP_serum_c18pos_057	210729_RAMP_serum_c18pos_058	210729_RAMP_serum_c18pos_059	210729_RAMP_serum_c18pos_060	210729_RAMP_serum_c18pos_061	210729_RAMP_serum_c18pos_062	210729_RAMP_serum_c18pos_063	210729_RAMP_serum_c18pos_064	210729_RAMP_serum_c18pos_065	210729_RAMP_serum_c18pos_066	210729_RAMP_serum_c18pos_067	210729_RAMP_serum_c18pos_068	210729_RAMP_serum_c18pos_069	210729_RAMP_serum_c18pos_070	210729_RAMP_serum_c18pos_071	210729_RAMP_serum_c18pos_072	210729_RAMP_serum_c18pos_073	210729_RAMP_serum_c18pos_074	210729_RAMP_serum_c18pos_075	210729_RAMP_serum_c18pos_076	210729_RAMP_serum_c18pos_077	210729_RAMP_serum_c18pos_078	210729_RAMP_serum_c18pos_079	210729_RAMP_serum_c18pos_080	210729_RAMP_serum_c18pos_081	210729_RAMP_serum_c18pos_082	210729_RAMP_serum_c18pos_083	210729_RAMP_serum_c18pos_084	210729_RAMP_serum_c18pos_085	210729_RAMP_serum_c18pos_086	210729_RAMP_serum_c18pos_087	210729_RAMP_serum_c18pos_088	210729_RAMP_serum_c18pos_089	210729_RAMP_serum_c18pos_090	210729_RAMP_serum_c18pos_091	210729_RAMP_serum_c18pos_092	210729_RAMP_serum_c18pos_093	210729_RAMP_serum_c18pos_094	210729_RAMP_serum_c18pos_095	210729_RAMP_serum_c18pos_096	210729_RAMP_serum_c18pos_097	210729_RAMP_serum_c18pos_098	210729_RAMP_serum_c18pos_099	210729_RAMP_serum_c18pos_100	210729_RAMP_serum_c18pos_101	210729_RAMP_serum_c18pos_102	210729_RAMP_serum_c18pos_103	210729_RAMP_serum_c18pos_104	210729_RAMP_serum_c18pos_105	210729_RAMP_serum_c18pos_106	210729_RAMP_serum_c18pos_107	210729_RAMP_serum_c18pos_108	210729_RAMP_serum_c18pos_109	210729_RAMP_serum_c18pos_110	210729_RAMP_serum_c18pos_111	210729_RAMP_serum_c18pos_112	210729_RAMP_serum_c18pos_113	210729_RAMP_serum_c18pos_114	210729_RAMP_serum_c18pos_115	210729_RAMP_serum_c18pos_116	210729_RAMP_serum_c18pos_117	210729_RAMP_serum_c18pos_118	210729_RAMP_serum_c18pos_119	210729_RAMP_serum_c18pos_120	210729_RAMP_serum_c18pos_121	210729_RAMP_serum_c18pos_122	210729_RAMP_serum_c18pos_123	210729_RAMP_serum_c18pos_124	210729_RAMP_serum_c18pos_125	210729_RAMP_serum_c18pos_126	210729_RAMP_serum_c18pos_127	210729_RAMP_serum_c18pos_128	210729_RAMP_serum_c18pos_129	210729_RAMP_serum_c18pos_130	210729_RAMP_serum_c18pos_131	210729_RAMP_serum_c18pos_132	210729_RAMP_serum_c18pos_133	210729_RAMP_serum_c18pos_134	210729_RAMP_serum_c18pos_135	210729_RAMP_serum_c18pos_136	210729_RAMP_serum_c18pos_137	210729_RAMP_serum_c18pos_138	210729_RAMP_serum_c18pos_139	210729_RAMP_serum_c18pos_140	210729_RAMP_serum_c18pos_141	210729_RAMP_serum_c18pos_142	210729_RAMP_serum_c18pos_143	210729_RAMP_serum_c18pos_144	210729_RAMP_serum_c18pos_145	210729_RAMP_serum_c18pos_146	210729_RAMP_serum_c18pos_147	210729_RAMP_serum_c18pos_148	210729_RAMP_serum_c18pos_149	210729_RAMP_serum_c18pos_150	210729_RAMP_serum_c18pos_151	210729_RAMP_serum_c18pos_152	210729_RAMP_serum_c18pos_153	210729_RAMP_serum_c18pos_154	210729_RAMP_serum_c18pos_155	210729_RAMP_serum_c18pos_156	210729_RAMP_serum_c18pos_157	210729_RAMP_serum_c18pos_158	210729_RAMP_serum_c18pos_159	210729_RAMP_serum_c18pos_160	210729_RAMP_serum_c18pos_161	210729_RAMP_serum_c18pos_162	210729_RAMP_serum_c18pos_163	210729_RAMP_serum_c18pos_164	210729_RAMP_serum_c18pos_165	210729_RAMP_serum_c18pos_166	210729_RAMP_serum_c18pos_167	210729_RAMP_serum_c18pos_168	210729_RAMP_serum_c18pos_169	210729_RAMP_serum_c18pos_170	210729_RAMP_serum_c18pos_171	210729_RAMP_serum_c18pos_172	210729_RAMP_serum_c18pos_173	210729_RAMP_serum_c18pos_174	210729_RAMP_serum_c18pos_175	210729_RAMP_serum_c18pos_176	210729_RAMP_serum_c18pos_177	210729_RAMP_serum_c18pos_178	210729_RAMP_serum_c18pos_179	210729_RAMP_serum_c18pos_180	210729_RAMP_serum_c18pos_181	210729_RAMP_serum_c18pos_182	210729_RAMP_serum_c18pos_183	210729_RAMP_serum_c18pos_184	210729_RAMP_serum_c18pos_185	210729_RAMP_serum_c18pos_186	210729_RAMP_serum_c18pos_187	210729_RAMP_serum_c18pos_188	210729_RAMP_serum_c18pos_189	210729_RAMP_serum_c18pos_190	210729_RAMP_serum_c18pos_191	210729_RAMP_serum_c18pos_192	210729_RAMP_serum_c18pos_193	210729_RAMP_serum_c18pos_194	210729_RAMP_serum_c18pos_195	210729_RAMP_serum_c18pos_196	210729_RAMP_serum_c18pos_197	210729_RAMP_serum_c18pos_198	210729_RAMP_serum_c18pos_199	210729_RAMP_serum_c18pos_200	210729_RAMP_serum_c18pos_201	210729_RAMP_serum_c18pos_202	210729_RAMP_serum_c18pos_203	210729_RAMP_serum_c18pos_204	210729_RAMP_serum_c18pos_205	210729_RAMP_serum_c18pos_206	210729_RAMP_serum_c18pos_207	210729_RAMP_serum_c18pos_208	210729_RAMP_serum_c18pos_209	210729_RAMP_serum_c18pos_210	210729_RAMP_serum_c18pos_211	210729_RAMP_serum_c18pos_212	210729_RAMP_serum_c18pos_213	210729_RAMP_serum_c18pos_214	210729_RAMP_serum_c18pos_215	210729_RAMP_serum_c18pos_216	210729_RAMP_serum_c18pos_217	210729_RAMP_serum_c18pos_218	210729_RAMP_serum_c18pos_219	210729_RAMP_serum_c18pos_220	210729_RAMP_serum_c18pos_221	210729_RAMP_serum_c18pos_222	210729_RAMP_serum_c18pos_223	210729_RAMP_serum_c18pos_224	210729_RAMP_serum_c18pos_225	210729_RAMP_serum_c18pos_226	210729_RAMP_serum_c18pos_227	210729_RAMP_serum_c18pos_228	210729_RAMP_serum_c18pos_229	210729_RAMP_serum_c18pos_230	210729_RAMP_serum_c18pos_231	210729_RAMP_serum_c18pos_232	210729_RAMP_serum_c18pos_233	210729_RAMP_serum_c18pos_234	210729_RAMP_serum_c18pos_235	210729_RAMP_serum_c18pos_236	210729_RAMP_serum_c18pos_237	210729_RAMP_serum_c18pos_238	210729_RAMP_serum_c18pos_239	210729_RAMP_serum_c18pos_240	210729_RAMP_serum_c18pos_241	210729_RAMP_serum_c18pos_242	210729_RAMP_serum_c18pos_243	210729_RAMP_serum_c18pos_244	210729_RAMP_serum_c18pos_245	210729_RAMP_serum_c18pos_246	210729_RAMP_serum_c18pos_247	210729_RAMP_serum_c18pos_248	210729_RAMP_serum_c18pos_249	210729_RAMP_serum_c18pos_250	210729_RAMP_serum_c18pos_251	210729_RAMP_serum_c18pos_252	210729_RAMP_serum_c18pos_253	210729_RAMP_serum_c18pos_254	210729_RAMP_serum_c18pos_255	210729_RAMP_serum_c18pos_256	210729_RAMP_serum_c18pos_257	210729_RAMP_serum_c18pos_258	210729_RAMP_serum_c18pos_259	210729_RAMP_serum_c18pos_260	210729_RAMP_serum_c18pos_261	210729_RAMP_serum_c18pos_262	210729_RAMP_serum_c18pos_run2_004	210729_RAMP_serum_c18pos_run2_005	210729_RAMP_serum_c18pos_run2_006	210729_RAMP_serum_c18pos_run2_007	210729_RAMP_serum_c18pos_run2_008	210729_RAMP_serum_c18pos_run2_009	210729_RAMP_serum_c18pos_run2_010	210729_RAMP_serum_c18pos_run2_011	210729_RAMP_serum_c18pos_run2_012	210729_RAMP_serum_c18pos_run2_013	210729_RAMP_serum_c18pos_run2_014	210729_RAMP_serum_c18pos_run2_015	210729_RAMP_serum_c18pos_run2_016	210729_RAMP_serum_c18pos_run2_017	210729_RAMP_serum_c18pos_run2_018	210729_RAMP_serum_c18pos_run2_019	210729_RAMP_serum_c18pos_run2_020	210729_RAMP_serum_c18pos_run2_021	210729_RAMP_serum_c18pos_run2_022	210729_RAMP_serum_c18pos_run2_023	210729_RAMP_serum_c18pos_run2_024	210729_RAMP_serum_c18pos_run2_025	210729_RAMP_serum_c18pos_run2_026	210729_RAMP_serum_c18pos_run2_027	210729_RAMP_serum_c18pos_run2_028	210729_RAMP_serum_c18pos_run2_029	210729_RAMP_serum_c18pos_run2_030	210729_RAMP_serum_c18pos_run2_031	210729_RAMP_serum_c18pos_run2_032	210729_RAMP_serum_c18pos_run2_033	210729_RAMP_serum_c18pos_run2_034	210729_RAMP_serum_c18pos_run2_035	210729_RAMP_serum_c18pos_run2_036	210729_RAMP_serum_c18pos_run2_037	210729_RAMP_serum_c18pos_run2_038	210729_RAMP_serum_c18pos_run2_039	210729_RAMP_serum_c18pos_run2_040	210729_RAMP_serum_c18pos_run2_041	210729_RAMP_serum_c18pos_run2_042	210729_RAMP_serum_c18pos_run2_043	210729_RAMP_serum_c18pos_run2_044	210729_RAMP_serum_c18pos_run2_045	210729_RAMP_serum_c18pos_run2_046	210729_RAMP_serum_c18pos_run2_047	210729_RAMP_serum_c18pos_run2_048	210729_RAMP_serum_c18pos_run2_049	210729_RAMP_serum_c18pos_run2_050	210729_RAMP_serum_c18pos_run2_051	210729_RAMP_serum_c18pos_run2_052	210729_RAMP_serum_c18pos_run2_053	210729_RAMP_serum_c18pos_run2_054	210729_RAMP_serum_c18pos_run2_055	210729_RAMP_serum_c18pos_run2_056	210729_RAMP_serum_c18pos_run2_057	210729_RAMP_serum_c18pos_run2_058	210729_RAMP_serum_c18pos_run2_059	210729_RAMP_serum_c18pos_run2_060	210729_RAMP_serum_c18pos_run2_061	210729_RAMP_serum_c18pos_run2_062	210729_RAMP_serum_c18pos_run2_063	210729_RAMP_serum_c18pos_run2_064	210729_RAMP_serum_c18pos_run2_065	210729_RAMP_serum_c18pos_run2_066	210729_RAMP_serum_c18pos_run2_067	210729_RAMP_serum_c18pos_run2_068	210729_RAMP_serum_c18pos_run2_069	210729_RAMP_serum_c18pos_run2_070	210729_RAMP_serum_c18pos_run2_071	210729_RAMP_serum_c18pos_run2_072	210729_RAMP_serum_c18pos_run2_073	210729_RAMP_serum_c18pos_run2_074	210729_RAMP_serum_c18pos_run2_075	210729_RAMP_serum_c18pos_run2_076	210729_RAMP_serum_c18pos_run2_077	210729_RAMP_serum_c18pos_run2_078	210729_RAMP_serum_c18pos_run2_079	210729_RAMP_serum_c18pos_run2_080	210729_RAMP_serum_c18pos_run2_081	210729_RAMP_serum_c18pos_run2_082	210729_RAMP_serum_c18pos_run2_083	210729_RAMP_serum_c18pos_run2_084	210729_RAMP_serum_c18pos_run2_085	210729_RAMP_serum_c18pos_run2_086	210729_RAMP_serum_c18pos_run2_087	210729_RAMP_serum_c18pos_run2_088	210729_RAMP_serum_c18pos_run2_089	210729_RAMP_serum_c18pos_run2_090	210729_RAMP_serum_c18pos_run2_091	210729_RAMP_serum_c18pos_run2_092	210729_RAMP_serum_c18pos_run2_093	210729_RAMP_serum_c18pos_run2_094	210729_RAMP_serum_c18pos_run2_095	210729_RAMP_serum_c18pos_run2_096	210729_RAMP_serum_c18pos_run2_097	210729_RAMP_serum_c18pos_run2_098	210729_RAMP_serum_c18pos_run2_099	210729_RAMP_serum_c18pos_run2_100	210729_RAMP_serum_c18pos_run2_101	210729_RAMP_serum_c18pos_run2_102	210729_RAMP_serum_c18pos_run2_103	210729_RAMP_serum_c18pos_run2_104	210729_RAMP_serum_c18pos_run2_105	210729_RAMP_serum_c18pos_run2_106	210729_RAMP_serum_c18pos_run2_107	210729_RAMP_serum_c18pos_run2_108	210729_RAMP_serum_c18pos_run2_109	210729_RAMP_serum_c18pos_run2_110	210729_RAMP_serum_c18pos_run2_111	210729_RAMP_serum_c18pos_run2_112	210729_RAMP_serum_c18pos_run2_113	210729_RAMP_serum_c18pos_run2_114	210729_RAMP_serum_c18pos_run2_115	210729_RAMP_serum_c18pos_run2_116	210729_RAMP_serum_c18pos_run2_117	210729_RAMP_serum_c18pos_run2_118	210729_RAMP_serum_c18pos_run2_119	210729_RAMP_serum_c18pos_run2_120	210729_RAMP_serum_c18pos_run2_121	210729_RAMP_serum_c18pos_run2_122	210729_RAMP_serum_c18pos_run2_123
183.08632_0.788	0	0	0	666	267	997	5533	6333	3662	893	854	564	2346	125	825	2382	686	23500	658	1075	116	174	138	875	6492	793	3639	587	434	5633	2307	27528	3000	836	1839	10139	1184	2197	147	3389	3327	0	849	988	4535	16318	5570	926	379	1870	803	1363	6302	842	717	1982	3409	441	1438	4267	2826	232	4068	291	519	436	4393	3858	2790	820	1225	1536	94	2518	339	5495	725	6229	1511	4826	11057	721	3338	710	5179	679	8226	2524	1660	825	1051	1182	412	1114	982	4819	1099	2724	254	535	930	353	586	1730	2581	871	2955	549	174	126	3867	1420	815	3015	3490	963	2490	6505	474	321	5667	2850	747	3070	588	633	731	151	342	703	5751	2699	771	995	3743	1115	20917	4433	1092	493	16361	836	831	1934	3874	353	211	1992	305	562	995	2561	1363	303	4465	792	3894	2290	868	2741	1098	1029	948	1289	962	2093	256	819	434	1301	1272	2088	1907	629	1569	1229	638	437	397	569	1613	1465	2087	1286	2486	853	104	3094	1145	3030	138	1026	333	816	2865	1971	2053	1406	1069	1300	1054	592	1131	983	1622	3344	3925	8125	1438	1863	943	1512	2170	1209	999	3328	489	1326	876	3201	2528	1824	13835	1985	665	4476	1665	18324	1425	1170	3344	4132	10732	235	2990	2304	1415	1599	1183	4351	819	2622	1243	9376	3201	2694	1793	181	1498	2595	732	235	1305	1909	1829	838	1154	1165	105314	2273	5354	754	8303	1185	2381	3924	719	4421	867	15601	2076	1217	1786	2776	31142	2525	18415	715	1333	1228	1564	1557	4265	3956	0	1591	3121	937	7022	7574	6580	989	1239	2639	2815	4652	2239	1835	2326	526	2141	6453	6905	1593	2322	7584	608	8434	570	636	4117	1319	2807	1865	8470	1152	1456	5626	794	1820	533	2172	3058	3236	1424	3322	2303	5227	1010	1584	1494	2316	2182	928	1206	955	4841	2235	1755	1830	4407	4912	0	2568	588	3495	1610	1771	1371	4181	1921	1045	990	7439	1383	1005	892	1169	4507	5822	2419	5154	1263	2618	13128	2351	3217	395	3139	1155	643	1543	1793	2135	1195	445	1773	979	6641	470	0	3
165.07587_0.785	1107	728	698	563	341	591	1700	10460	1371	293	628	897	865	340	299	427	137	11556	627	301	424	656	576	381	2640	454	2536	401	432	3016	1527	9401	1829	660	563	4551	815	1052	658	1191	1709	417	696	407	1727	4829	2019	920	225	703	404	126	2434	693	894	1069	541	598	517	1158	901	605	1817	866	169	463	1388	928	1815	398	784	638	568	1254	646	1397	663	2680	425	1078	4424	571	1221	410	3299	465	1922	884	1381	739	139	1399	1424	742	349	1022	694	1281	241	304	588	806	349	1206	995	231	1341	500	270	250	1098	761	267	791	1380	1173	907	1065	721	394	2001	797	101	574	547	340	3	739	1530	946	1675	1821	428	199	1923	916	9109	1792	757	376	6616	667	525	2273	1081	339	389	781	217	623	822	1240	413	1046	1700	137	2304	235	253	1165	908	576	220	850	604	142	510	409	466	1012	927	523	1053	455	448	670	172	98	428	815	574	410	743	1013	911	946	725	2200	655	1800	414	726	1589	1718	2651	1669	1582	614	2069	1583	1267	462	1470	493	1365	1110	1233	3308	1368	1818	1571	1114	1443	379	1822	1007	197	1491	209	1391	859	2126	5237	1174	951	2185	534	8729	535	2181	2155	1041	7084	1065	1693	1261	1352	987	1312	2626	0	2165	167	7713	3305	1489	1567	578	1523	2072	1878	829	588	1715	1852	1727	155	1885	63938	1246	4802	855	NA	NA	NA	NA	NA	NA	NA	NA	NA	NA	NA	NA	NA	NA	NA	NA	NA	NA	NA	NA	NA	NA	NA	NA	NA	NA	NA	NA	NA	NA	NA	NA	NA	NA	NA	NA	NA	NA	NA	NA	NA	NA	NA	NA	NA	NA	NA	NA	NA	NA	NA	NA	NA	NA	NA	NA	NA	NA	NA	NA	NA	NA	NA	NA	NA	NA	NA	NA	NA	NA	NA	NA	NA	NA	NA	NA	NA	NA	NA	NA	NA	NA	NA	NA	NA	NA	NA	NA	NA	NA	NA	NA	NA	NA	NA	NA	NA	NA	NA	NA	NA	NA	NA	NA	NA	NA	NA	NA	NA	NA	NA	NA	NA	NA	NA	NA	NA	NA	NA	NA
135.0303_1.809	2289	2781	2262	52	16613	758	8477	8676	20553	19691	12769	18061	7307	1384	14121	9234	21022	8136	9719	3228	683	9311	2422	11843	7182	11571	416	639	336	10023	4889	356	0	361	8624	1157	1316	4916	1134	6942	1177	18003	9582	6116	11424	12175	9091	4089	7992	1322	5696	13972	2322	7845	4855	3158	739	6971	12110	319	14093	722	15779	12905	8468	15608	9102	20989	7789	8501	3441	5731	1069	4650	4506	9178	10157	6443	13481	480	21162	0	512	0	11633	7671	0	12799	5905	2012	1675	3384	7858	8725	0	12546	11170	7074	1972	4801	595	8156	0	615	385	1133	3043	0	7973	1159	16658	3657	10530	6608	0	7286	7670	0	7765	19344	0	7172	10628	1883	1684	16189	7362	4467	2994	9855	955	16111	2415	3289	2556	1139	1292	13346	2600	0	732	413	7714	837	13433	0	408	6418	1492	5619	2564	11072	3525	12398	20589	6140	10044	274	2149	19126	12016	7334	1196	432	0	1864	19419	5426	992	624	275	2010	0	4331	14512	249	3198	6548	0	4613	1877	5402	283	7386	782	3684	7781	445	2194	10369	6166	1253	2025	10286	14440	23791	2169	8156	2070	12801	8649	12652	5583	1686	2020	1595	7799	3977	7069	638	26435	11466	10887	4909	5491	6044	6822	17511	10884	1516	10505	13179	3485	9495	7005	4490	1409	6908	19371	7117	1847	3036	4966	10616	13115	6927	13813	15011	2819	7792	6552	3688	6704	2604	3029	2141	1985	13817	5587	2105	2684	3925	2135	1913	10888	17157	2510	22228	3715	2206	5567	18465	5077	11448	450	441	8133	3631	1248	1703	399	3757	4290	4660	5842	1704	4313	8421	1711	326	9067	2676	3547	5145	2456	6699	5226	7687	10265	21153	1716	5057	9124	872	7130	15993	11908	10253	5403	461	2602	27667	7482	9985	11694	3435	1178	4500	10717	2727	9877	363	11687	5875	1165	6505	4731	8240	8105	5997	812	9115	7842	6053	322	5354	11433	14307	8464	2764	7574	0	980	11464	5437	11083	3578	3762	13821	5225	16217	6216	3316	11459	16816	3805	9006	6071	921	0	5488	3729	11839	4951	4610	3598	4918	3773	1946	6385	8441	6636	4737	12827	5781	389	4699	9767	17778	10692	12599	1790	7011	1669	3136	2100	9966	8469	4032	969	1966	3229
269.05841_3.065	594	0	246	400	306	242	134	419	298	260	116	425	460	166	350	525	228	407	320	820	559	445	393	107	225	240	718	0	334	400	502	371	0	305	210	786	397	661	415	530	135	209	362	280	501	119	385	578	488	249	115	252	351	525	553	537	291	604	15	952	713	983	237	206	653	415	942	5699	228	333	671	742	0	234	706	6288	535	344	518	1291	343	92	110	447	820	271	754	421	229	433	38711	335	601	512	185	733	249	1088	775	617	426	1415	283	727	122	173	1639	376	418	116	216	1136	946	319	501	288	255	396	641	274	877	1145	668	480	353	356	1195	407	619	0	548	0	165	1196	668	267	1120	4	979	1127	919	732	753	172	300	465	884	835	610	223	478	786	620	790	1116	3	769	192	503	202	303	554	1021	437	0	0	190	477	127	240	679	515	741	319	1372	487	871	495	554	0	133	7822	407	455	886	673	576	1327	539	2060	617	1217	1382	2409	2021	1418	1734	572	429	869	625	1421	1625	1333	1105	642	1151	1326	1736	2449	482	933	2067	419	2512	521	1377	266	1052	2189	1452	2051	1156	1391	87	1401	2176	2063	591	403	3151	1369	1198	3115	1401	1065	1515	593	148	2986	1725	749	1558	703	1145	1540	531	1174	469	2108	1774	2805	0	2037	618	1419	500	1453	929	1769	1806	507	329	481	758	711	591	652	598	955	1283	96	761	527	991	93	16203	873	1351	387	1231	1485	674	657	774	359	909	291	1208	358	3569	811	839	727	1061	702	832	1442	634	1280	775	1094	1544	1894	999	11966	447	1596	2270	361	586	1117	1058	684	831	1084	2456	7115	543	432	373	1085	222	866	11515	616	186	623	884	1663	2444	345	1065	81	992	522	9398	113	752	1023	1274	615	2107	746	763	20451	721	893	708	668	373	495	489	20236	1639	1246	1126	910	575	2038	883	20373	1170	492	1507	444	768	1835	906	976	1053	671	274	22898	914	515	1263	17477	105	323	787	408
247.10692_4.073	7821	578	514	8415	7431	8543	8986	8237	10351	10125	9691	8056	9711	297	6780	7711	10115	8668	15137	8338	7609	11234	7489	9574	26070	9111	9562	10525	14118	11893	13744	12344	27872	5692	15849	14931	7785	10893	234	17195	18738	9359	10141	11352	14709	19163	10163	10298	6786	10636	12626	7871	20322	8383	14238	6558	11863	7392	17191	12669	14468	6872	10766	7508	11841	8373	10506	9338	10383	7419	11704	10607	246	10654	8296	10893	8088	23016	12044	15891	16053	12095	7339	7551	8791	8216	13504	12005	12262	11346	11822	7088	5558	12954	7144	26649	11024	10118	0	8594	11688	15236	9116	19993	9297	9952	10151	8922	8089	10194	9048	9151	11170	9489	10976	13336	8263	11383	9707	13400	12694	10237	9146	10920	8612	27075	11458	9831	10360	10598	9301	21680	7650	12082	9604	6539	12614	13222	9173	8558	15544	12733	10043	13770	8993	9087	12503	9984	525	8183	9465	9998	9407	6969	12094	11748	13921	13864	11251	12131	8127	10468	13094	13743	9374	9032	10426	16236	18147	10468	10265	9132	15320	12249	9227	10591	9332	9571	8938	8008	12258	10232	17855	10052	17167	9560	13695	10560	9324	13100	924	17030	11943	7319	14239	14984	15905	16578	11351	23617	5253	10999	9254	12423	20551	17080	15839	24298	22280	15661	11854	10455	11300	20166	16915	13052	20674	9044	14905	21511	15214	13941	15189	7942	6726	9127	16725	11740	10131	11676	20443	18506	19035	12209	21424	12252	14448	7629	20002	13278	283	10117	11484	13491	12676	14457	19503	9078	10404	18638	18488	23764	9808	15083	12646	9013	13385	9340	17839	10711	20455	10735	21260	8241	11717	10411	7919	12085	9909	15796	10871	8195	9991	7056	8406	10282	10589	10602	20720	12835	5031	13206	14166	11039	339	14138	8798	9019	6574	7845	12157	19835	8787	11003	10508	10260	11923	8384	7753	7337	7503	4809	9422	7358	9203	11055	15251	12084	13960	8480	8460	8854	9647	8675	8961	6998	8906	9967	6998	10976	5966	8208	5914	11202	10032	14877	9105	7225	11235	9116	10697	8231	8739	9992	12632	8887	14556	9030	8716	8387	10871	9951	365	13873	6988	8714	10972	12953	8708	13805	8046	12932	10252	4974	9668	10292	11331	10833	14516	12139	11723	8127	7936	7538	7241	10017	9306	13581	10329	7804	11482	9505	9820	9047	10714	14061	10128	6743	11469	152	682	215
148.06117_0.783	154	0	0	117027	47756	137221	117573	53861	53295	186484	76908	117367	77935	375	180354	55749	67996	60281	190473	43746	54956	48196	77420	69271	74329	50607	187524	124322	96397	48767	143836	146556	85439	72807	156135	111130	71610	72674	0	92278	107350	43612	52110	79545	67240	49395	45592	56569	62502	53069	45480	49415	98756	58608	85454	49638	74144	34360	51778	114032	81538	98240	82765	39358	72820	50513	117687	49909	44380	59235	64804	79638	188	49764	40000	67373	53195	61163	35514	166809	73463	85702	127663	181001	36525	62671	99833	38363	86633	80166	77893	58458	75909	44644	79947	70276	80203	74292	194	76414	149458	67247	114428	100770	168103	129438	115197	58834	70582	98921	59636	153325	70514	98045	155669	115372	71447	72601	84236	63594	75021	95707	72016	93074	65761	74072	75338	92284	73663	51643	123995	58956	106435	67415	71706	52998	139425	155441	109523	150092	118251	84609	71437	86577	66479	123916	105980	74902	217	61104	57710	62634	86436	85188	42408	61047	71183	76919	132811	65590	81250	69351	86405	116102	78607	107302	73418	47983	99590	145064	91954	47401	108995	117763	35367	100047	63289	93626	102605	87312	107189	72800	195341	163926	109111	114408	67667	175825	105957	91965	0	209417	101217	71757	85343	107656	76425	76341	74099	83301	49209	60511	120042	113082	112558	140489	61038	108871	77612	105886	76107	50238	107987	77422	84447	120626	52320	47903	150114	147515	69367	162009	65287	48403	63515	51612	143812	64276	105936	70538	221340	66051	155646	133687	83123	83785	70647	58929	50872	76859	195	92198	69992	126886	63067	106062	148691	141806	75270	169786	69853	45997	97243	137387	77220	70927	97231	69774	154123	64260	176045	89411	242380	127429	171256	255249	89859	102357	378543	101722	229047	73989	168867	109760	86193	94596	103102	81391	90144	157305	105658	227095	142476	126717	1054	80946	94808	139544	73611	82934	112204	154104	167397	119414	150940	64064	77250	93535	153253	388895	152250	58558	92425	84048	58879	91144	136853	106869	118635	183663	120028	137652	78550	53814	187165	91747	170192	67726	90134	121126	94396	70876	85682	92905	163006	115657	74639	62118	78225	164334	144145	127218	171961	109756	84205	134032	97916	147014	111497	161613	93580	113292	404	151707	55622	68340	153388	131364	91231	94521	79757	99354	102103	63698	74301	44873	68613	167198	135972	109863	100130	75534	66067	89666	90830	173726	158499	158054	84920	94194	71078	142265	62958	113374	87646	99307	80349	61368	98205	175	95	271
104.06527_0.841	2108	2879	4612	187827	246512	192212	147014	164348	232069	259724	173940	166236	187648	2491	149089	251275	154770	125744	170252	212946	242503	234164	166264	210919	102241	141274	216529	196225	178059	154843	188352	130790	118020	177245	177866	186210	169532	190186	4519	221842	104995	151108	174681	155259	169165	181811	98226	284667	251184	117721	170982	172935	236376	315658	171019	191217	178160	240753	193630	190945	174437	206884	183600	130671	100152	114377	173144	206029	141614	242280	144918	180315	5219	158339	167520	150048	231530	138786	134583	141716	144316	146059	150480	171191	94763	155650	339461	134801	177560	214336	187015	165369	185558	205295	98239	128096	123273	187211	3814	182151	236714	154352	209918	186700	205795	170840	168025	88738	116545	143793	233152	121240	409681	209267	249855	185224	176423	170588	238373	112545	121719	202958	144979	155521	178096	114400	200348	191340	348317	146216	105961	125376	213384	183779	131827	170258	213973	146691	132958	202174	139752	174395	125793	163076	162159	396070	217395	171923	3016	145803	152076	112069	186598	155784	161461	266191	212326	146297	122980	228615	185161	200936	199673	225090	177347	229004	206859	126593	194360	258028	152754	83697	177461	181712	173858	129725	114372	167826	198334	220930	192391	169862	207659	135909	142317	173709	317516	138688	117323	181598	5800	230330	131908	208138	260533	196749	178727	163886	166648	211141	188220	180709	163501	133349	159290	151702	156262	151797	203183	187207	252612	168388	247963	201269	118440	207295	110778	206371	205326	159020	153484	201898	259166	202337	196237	155185	187058	244360	142386	235922	194857	207503	235328	176902	164663	187377	264926	262100	133765	185063	4834	183753	230188	188350	140344	146784	163838	254790	193905	160605	191698	109082	136633	152177	126544	246295	127606	182586	191952	155874	188305	162571	277664	222435	310777	326889	310573	264416	142861	167192	306525	223832	338484	236597	299864	176401	268409	191521	131578	160402	194213	222560	274157	242201	4407	168196	221953	214336	377465	191946	214895	264389	167213	204125	239974	288947	299479	237282	227856	262047	190719	219838	349629	248628	233476	154003	264863	370514	167258	171540	311042	238666	346603	187423	309768	369770	230049	250361	268475	422317	164519	381482	296113	247436	193669	368842	245561	187158	236964	219708	310176	229506	235510	258003	150551	260550	172703	204219	350995	294610	175690	233002	3034	326775	328390	195060	211324	255028	227216	437118	225001	265654	305063	225333	300740	298401	159446	225109	283860	245540	193505	260643	219949	201579	149519	218090	318173	277477	287122	210124	163490	234617	389731	374680	304983	159116	128182	81637	133170	4872	5465	2205
105.0545_0.801	665	125	134	2091	1876	1857	1182	4745	1486	1144	2019	1324	1820	682	1786	2173	2316	1687	2353	1431	83172	3046	923	2498	3042	1491	1125	1336	1536	1330	1115	4040	1623	1925	1603	5127	2738	2193	0	1797	2169	136657	3167	2319	2153	2955	1578	1972	2091	1397	2211	1272	3660	1695	1242	5330	1423	3565	2882	1207	1545	1605	1873	1035	1203	1734	2179	1720	1364	2232	1907	1973	142	1996	1928	1912	117788	2745	2197	3610	2428	1922	1281	1284	2776	2815	7542	2347	1073	1604	1783	42129	2282	2258	1155	2454	1765	1936	20	1421	1727	1428	1584	2131	1373	2108	1285	1030	1212	1967	1203	2050	1567	2202	2065	1808	1863	2975	3178	1323	2388	2667	2393	1916	1471	1491	1488	1094	1925	2496	2440	1836	2371	2207	2028	1747	2064	1433	2117	2265	1453	3916	1998	2464	1855	1915	1678	1449	0	1214	995	2383	2091	1479	1857	2648	2372	2231	1809	2841	2065	1548	1127	1515	1837	781	2410	2115	1608	1993	2320	995	2313	3016	2236	1717	1595	1844	1351	1477	3594	2237	1949	770	2072	2053	2581	4588	1702	7659	149	3902	5848	4477	4493	7004	5685	5735	3421	6943	35843	4472	4127	6701	5542	7557	3741	7541	4580	5340	5138	7518	4436	6254	6594	5808	7148	5858	4409	8384	5644	5368	4710	5296	4620	5310	5748	6782	8852	3812	8265	7077	9658	4728	4655	8058	5552	6978	5447	4720	211	4433	5895	12592	7439	4883	8107	3586	5709	4449	8805	6668	4765	5409	3370	18014	7107	6923	11332	2588	11320	3896	NA	NA	NA	NA	NA	NA	NA	NA	NA	NA	NA	NA	NA	NA	NA	NA	NA	NA	NA	NA	NA	NA	NA	NA	NA	NA	NA	NA	NA	NA	NA	NA	NA	NA	NA	NA	NA	NA	NA	NA	NA	NA	NA	NA	NA	NA	NA	NA	NA	NA	NA	NA	NA	NA	NA	NA	NA	NA	NA	NA	NA	NA	NA	NA	NA	NA	NA	NA	NA	NA	NA	NA	NA	NA	NA	NA	NA	NA	NA	NA	NA	NA	NA	NA	NA	NA	NA	NA	NA	NA	NA	NA	NA	NA	NA	NA	NA	NA	NA	NA	NA	NA	NA	NA	NA	NA	NA	NA	NA	NA	NA	NA	NA	NA	NA	NA	NA	NA	NA	NA
283.26355_6.159	651745	1015779	81369	40845	511779	357351	306834	384163	342232	370267	543105	369849	295728	407420	16474	340298	306548	183444	162665	236186	443161	261606	300945	255242	198976	129102	222125	170582	243660	222958	251086	350208	361454	179741	314317	313430	510948	326028	296194	14736	204167	218389	175280	391148	203603	285950	192365	125824	378817	232150	240172	172479	157137	242783	208418	180686	195198	157107	437874	336846	183931	146799	199406	261086	233605	294744	213331	232801	275896	222768	225154	266163	316444	9698	259250	306191	451295	208848	180171	127059	152761	203829	180582	194869	263655	119428	318043	325046	118844	239196	229921	161856	175934	193956	221639	132080	134577	186520	277702	23791	235366	246289	259600	166539	125857	161658	239458	128407	161667	212157	320238	239039	347007	185899	158452	193336	330450	179582	204866	312953	211633	148649	132711	215242	262136	174450	198804	214042	175175	286609	355597	138485	197211	392045	143301	241672	157256	79176	272935	289953	385013	206259	231125	183201	172774	171321	160891	151947	295393	10017	159992	139536	239559	225915	154091	271742	152239	303057	177922	171493	142386	356849	535386	260274	158860	252962	160317	224559	225094	170382	152338	217384	52794	158282	131686	184352	263666	285464	155643	191628	117674	136382	210323	122501	149291	175762	206249	197889	113757	190446	340075	23046	379321	203067	436424	386679	233294	414830	174204	465566	245187	205723	173721	237938	176027	202711	145200	395324	125356	199326	152232	187935	143688	271425	229126	233845	225453	220991	283967	158882	79715	162489	116129	226087	237300	233878	179008	146439	235018	186089	146109	144517	125935	120263	336596	219609	169842	242514	173149	232450	167507	8029	149047	268111	127007	141534	121957	99805	223108	266059	150771	154063	148000	87843	212070	304634	170772	156117	222751	95052	230117	139484	38984	38168	46583	40306	39819	43878	43895	52021	53370	43523	41635	55943	54996	53758	43814	38073	43235	33951	43475	34880	41559	38438	2448	48498	32351	40916	33795	30699	27875	38329	34433	32964	25341	45182	35309	34590	20904	24681	23362	24300	34678	28648	25468	25351	27593	30493	29546	19761	19070	23532	35948	21689	30441	24058	25144	29894	27504	25672	21561	25821	25269	22128	23999	22625	26130	20945	25638	25991	25664	28087	26881	35186	24649	23232	24701	26055	27877	25371	25220	34446	5303	40181	27994	22839	24877	26538	24999	31687	35341	29433	22728	29486	23918	33646	24959	30995	29561	31876	22281	23009	27061	31313	20980	24209	20308	26344	43726	21446	23722	38168	22491	22614	31279	26159	25211	22510	27571	7663	11758	3728
283.26355_6.074	659388	380491	862371	311923	390566	369804	423968	212237	293031	272748	354035	287353	257201	179347	193569	226221	235750	125951	114777	100608	123486	99709	114754	98504	92221	112463	104436	123775	120935	122494	84676	104110	139944	152047	97781	117858	92414	129136	65048	132920	83601	86117	93941	104060	82313	105230	69360	91941	131508	91818	97757	77598	109008	80656	99144	60593	59977	81142	73054	61804	73750	59450	68253	61098	72878	63924	81708	118440	79482	90599	129218	93153	40899	108626	68033	115177	67597	67688	86005	97204	56516	69787	63811	67150	86936	70419	108679	71324	67532	73512	63679	55340	71173	62085	60046	70841	59756	91913	36652	123522	55227	61826	66389	72884	55420	75908	48301	92478	93128	60166	70518	51476	60280	66490	63093	62806	56872	69453	55501	50147	50667	43478	55635	67135	69620	87391	57988	51683	56611	34786	29926	59481	61169	32382	88574	77569	60854	92928	31050	80402	33744	65841	54697	73371	103097	52306	58622	85892	17319	105575	58347	42470	44048	50761	61674	45249	47810	68923	66846	61154	56113	74359	32424	71632	49764	55057	44032	76586	43108	56969	44443	51166	82765	61232	54262	60032	50315	43590	47216	53256	47682	63035	50768	51930	41954	45896	46321	51191	54032	121024	23424	232006	151458	178336	154513	164350	159183	173142	166540	140689	91917	65616	67467	59286	58839	61392	151162	55892	53452	77139	47618	57552	52096	55199	54039	47900	61294	54072	55952	51286	58922	44308	52213	39364	45662	65769	63671	51115	38751	51836	42973	41474	41428	57621	43644	21020	60291	42257	50502	54413	13945	53968	45727	46607	41684	67254	52639	65279	62132	71289	40126	52215	42347	51615	60066	55299	39108	156117	56075	52556	76717	144229	38984	38168	46583	40306	39819	43878	43895	52021	53370	43523	41635	55943	54996	53758	43814	38073	43235	33951	43475	34880	41559	38438	2448	48498	32351	40916	33795	30699	27875	38329	34433	32964	25341	45182	35309	34590	20904	24681	23362	24300	34678	28648	25468	25351	27593	30493	29546	19761	19070	23532	35948	21689	30441	24058	25144	29894	27504	25672	21561	25821	25269	22128	23999	22625	26130	20945	25638	25991	25664	28087	26881	35186	24649	23232	24701	26055	27877	25371	25220	34446	5303	40181	27994	22839	24877	26538	24999	31687	35341	29433	22728	29486	23918	33646	24959	30995	29561	31876	22281	23009	27061	31313	20980	24209	20308	26344	43726	21446	23722	38168	22491	22614	31279	26159	25211	22510	27571	7663	11758	3728
132.10367_1.786	47897	9143	12049	21419074	23186624	19288462	28236578	28609292	33264772	33053622	24255320	27470618	25943456	10252	28734210	25764750	28266254	24054752	32409450	28295726	27392316	22770434	29463240	27616282	24975560	28590860	35165220	30081330	36860088	25726132	30482804	19735624	25885564	27195992	31368698	27628162	24881150	30357168	19670	31591698	21197520	29286828	20914670	30910408	26846348	29368856	26855254	27612116	26058682	26770878	31071524	29208914	24568670	30678878	32609238	26523052	27744320	24946214	22352238	32596818	32152294	28121746	33048004	30496784	31440076	26170464	28330406	25835180	28934836	31892426	27781188	29424394	15990	29280128	27446970	24649524	28464954	26596304	32000058	35080404	31594912	33173734	25662588	33879804	23187388	24149626	32965556	28872666	29375396	31508588	31858566	28754536	34431704	33424056	29518860	25453798	26090258	31550042	11405	32753636	38234548	28296148	29097178	33598284	33164790	32905146	33020710	26485440	29192282	24182430	34595216	30032974	35592112	27053324	35430068	24018298	28594442	29683390	34424372	24505710	30372456	30888968	24806096	35199176	28019276	24531686	28952532	33161264	38413516	26626938	33421366	30423508	35200892	32315498	26776182	29357600	33996960	38634544	31308808	35640464	32626588	26503694	23833760	37516400	26607242	39401532	28862090	28184220	24340	26673836	27259008	25834368	27552516	28512864	29811932	35066484	35492940	34652452	34136084	38806012	23884396	33825652	33272576	41518888	30102216	32193196	34278028	25502892	24154076	31635622	31131818	23520290	43851628	33976508	29204922	30872956	26878514	41890196	34878820	32764396	38807264	33532478	30194010	34086340	33540024	25471246	33943716	28502898	32533010	32282192	20032	29888006	34038836	26627094	30823070	32930956	30927948	32068132	32908002	35219036	24928912	26492288	30087570	28249256	28166998	28099226	41860528	35524708	29215582	31433448	26742948	24331336	31894438	28897042	25808034	32690094	30781406	26222920	34147580	38827036	25553264	29008742	31137942	28919008	28500912	29774766	32837890	29508532	27031210	29169022	34869564	30138050	38263696	24069860	38286656	31234088	32456922	35900788	29829856	28375650	28045	30436916	25802794	36998376	28156656	27701646	37578036	26470176	30531914	25676778	30068556	28480430	28560878	25457298	23488458	29246590	27115334	23420802	47039444	30734248	37737624	20492798	46006772	24254646	29867406	41352124	36248704	33374134	32973458	30098690	38764008	32409606	38493888	33225844	32010552	37617924	33445344	32625008	34558128	32480778	27016058	41227640	40244072	34066652	24684	35986504	34523836	25978140	27395066	28434554	32747436	41820000	34813952	32251132	31543548	33991008	34568348	36839464	35635188	38246004	35956832	28676166	29267494	34040692	34454972	32958786	43160976	44468320	28876268	39677840	38582652	31555932	33549222	34033876	32047424	36446780	40256856	33266300	35599816	38301528	29265128	33239110	34435508	36754384	37941512	37834200	34492320	28179392	28870436	36455092	42358152	31885650	34441836	36547532	35796780	42034588	34852944	32990470	38959140	33244908	28094046	32558270	15166	40117312	28660520	30297658	36005992	35302148	38720644	47334432	35530580	31870834	33665844	31135450	36948320	30386538	35616592	38933428	39239352	25935586	37567808	32461842	33192844	32937478	28922366	33531900	30230124	41681804	33150050	28784198	37292704	34214532	34255648	36094956	33937380	36038112	30777546	32721188	31239680	12668	21845	24886
118.08762_0.904	135636	114882	188379	7158588	6320562	5684446	6991514	6418732	7926433	9205090	6373331	7583587	6561623	174768	7781175	6115565	6365288	5705492	6937866	6914709	7050576	5023849	6838692	6788521	5517008	6801070	7639242	6905950	8113404	5757446	6864766	5820711	5464538	6231279	6097918	6162336	6722810	6486056	198419	7243600	5284518	5871725	3888712	6167728	5647624	6092524	5112252	6391753	5862394	5137544	6851226	5497698	6930010	8130034	8660304	6358272	5875492	4676888	4086794	6839890	7213720	6282238	7030990	6424053	6610184	4708900	7160916	5599128	6574488	6793074	6217550	6603245	455977	6103199	5496358	5349336	6802366	4611256	6443512	6583020	7155454	6556108	5243057	7604162	4724792	4903482	7123134	6025716	6126083	7115758	5869758	6041144	6630116	6807066	6222258	4976415	4772050	6216377	175538	7670607	6755424	5298981	5379326	6987874	7202516	7041756	7487084	4914426	6898860	4540653	7788742	5728344	8446999	6395692	8026572	5044188	5663863	6406151	6676930	5347557	7061372	7149306	5357988	6479910	6486936	5182496	5338746	7311094	6938340	5432636	6732912	5458740	7782765	6647200	5102638	6832212	6832362	7661820	5933950	7550084	6325861	5128413	5665801	6825328	6286000	8018282	5239543	6068824	159217	5386910	5640977	5252274	5832108	6935922	4908816	7921074	6776972	7115640	6856210	8472396	5030450	7015890	6018952	6827647	6235648	7580054	7150304	5410444	4474491	5618138	5778322	4278821	7214862	7283198	5689127	5582805	6000066	9072695	7239710	6309816	8046499	5743228	7076206	6323525	5664556	4889202	6824720	5216434	6732242	6762230	235639	6161390	7801218	6272955	7610100	7265902	6666202	6761474	6485859	7706700	5015022	5619340	6459262	5750252	5227774	5669804	7923894	7933782	6632536	5570298	6283530	5253296	6218306	6803976	5354628	8643177	9769060	5468531	7121969	7765159	5664459	5535346	7001966	5776268	5804728	5908870	6039317	6392092	5099055	6662140	7968341	6374393	8598755	4767881	8240161	6600490	7835636	8289308	9508795	6734292	118047	6835588	6801136	8472303	6387971	5335178	7581446	6129835	8295296	5081248	6123666	8477632	7418267	5409714	5565900	6524787	5350241	6244096	11646367	5752130	8841201	5369156	10957071	5085592	5539694	8819042	6744872	5702556	6674636	5068362	8361635	6714560	8674465	5765241	5839122	5987728	6494600	5444517	6535247	6137600	4517060	8793606	9387739	6900658	317313	7054578	6633855	4876260	5359406	5723142	7393285	8305460	7448372	6216628	6025021	6486000	6374989	6609982	6611858	8192724	7006942	5525028	4962582	7241588	7923336	7148354	7587402	8340812	5235966	9108874	8557337	6465311	6722755	6658794	5819632	8212520	8560035	6079954	6368884	9089477	5660986	7041748	7144712	6869796	8232588	7807274	6979478	4838475	5961428	7302410	8799345	6742201	7091062	6077258	6410606	7546156	6596056	5640649	7607580	6876964	5359686	6202072	128718	7991138	5642506	5688680	6388489	6644487	7467126	9010103	5917106	6832482	6422820	6763858	8250702	5862664	6592237	6744810	7500474	4576681	6662464	6402864	6511165	6139862	5841312	6458733	6298144	8311596	6036982	4893671	6676706	6245534	6030978	7062356	6571416	5843452	6006856	4621895	4885278	131862	252059	100204
343.12485_0.784	0	0	118	4484	3596	3899	4948	3782	4696	6925	4737	6878	4586	0	6117	4127	4144	3920	4874	5903	4561	4392	4924	4473	3439	3740	3171	3979	3547	4171	4264	6152	4070	3087	3979	5687	3823	3564	106	4595	4556	4526	3925	3568	4077	4056	5124	4411	4057	5775	3589	4209	5459	3483	3925	4749	3826	4221	4928	4400	3630	3703	5903	3346	4397	4579	4905	5148	4027	4898	5317	5686	0	5502	5460	4418	3666	3804	4646	3715	5337	3971	3664	6569	5059	5330	8005	5051	3518	4617	4038	4222	4330	3534	3505	4207	4626	4665	126	5156	4291	4011	5559	4476	4681	5461	4002	2947	4697	4724	4195	5906	4903	7388	7098	3795	5018	4453	4219	3534	3842	5922	4485	3168	4176	3938	5780	5156	4241	4774	3589	4616	5366	3877	3221	4560	2887	4340	4201	4427	3162	4530	4899	4241	3897	4965	5254	4826	121	4587	4049	3650	4697	4560	4039	4257	4810	3230	5433	5414	4187	3480	4400	3263	4768	4632	4565	3593	4855	3683	3894	4281	3524	6254	5071	4178	3524	5064	4462	4323	4355	5991	3532	3932	4230	4281	4218	4485	4445	10668	0	9717	8881	11097	9675	11427	8732	10242	10230	15178	10692	9783	12151	9912	9868	9182	9049	12938	10630	8662	10846	10773	9647	9999	11132	14651	11666	9255	9811	12051	11750	9201	10158	12258	10457	12406	10638	10185	12952	12340	11271	14570	27081	14457	13283	10498	13142	12009	12558	11512	0	9249	10574	31386	10205	9834	10793	11298	12450	8663	10588	12252	10756	9432	12967	13877	10853	12444	30063	10517	36091	11804	31796	12054	9899	9330	10412	9742	8604	10202	8758	8674	6251	8233	8766	9179	8743	9914	9848	12363	11450	7926	13414	11843	0	13350	10855	11474	12483	10484	8448	9430	9148	9249	11009	10390	10040	9668	8413	10541	10299	8774	10395	10025	8147	8394	10291	10936	7826	14473	15494	8990	13445	6604	8424	10503	10932	8947	8860	9006	9497	8397	10545	8758	13475	8886	9301	11152	9046	8949	14256	10160	10546	7128	10136	8677	8281	9200	9921	12273	10767	10394	0	10343	9875	8660	7520	11872	10515	9053	7065	11655	9632	8801	9048	8025	11566	10490	11196	10180	9967	7930	7565	7254	9283	7321	11306	9668	11119	8895	12169	7291	10172	11239	9871	9713	9994	12286	11750	0	0	0
220.11807_2.617	20621	195	0	107981	129032	141536	75925	126445	126920	162584	49231	112597	102539	0	146633	216079	163704	185547	166248	155157	57651	215007	96526	167500	160641	107520	204427	150942	108880	145595	195385	312775	197828	156009	177784	433297	99165	105735	0	130641	38484	95124	176879	114962	155797	188262	54593	139418	92207	77957	65167	73407	1043189	156938	151045	75426	76907	163688	170156	96812	108239	83884	82328	82825	149792	121496	68422	144216	81883	110923	185171	97537	0	83645	237996	186241	80292	117446	65027	123715	130686	99586	77674	87889	48989	103929	457989	87183	126191	82240	92756	46832	68865	69155	115276	98593	102081	88242	0	85620	73262	123456	36462	108361	73963	93901	160790	69610	64030	132600	95917	121999	99720	106796	97395	107278	104858	98294	114384	108044	93744	79187	112003	81500	105148	120521	77070	89613	53631	87918	92295	113493	41054	80885	123308	97486	129712	113020	75734	64415	128665	65217	116518	73820	153333	56601	73104	90085	192	113894	154739	73330	71483	92069	136968	86195	109244	86980	128387	99365	55685	128215	84947	78353	127727	132645	109309	78601	86680	136808	67930	90118	135392	193337	163412	156752	116532	105769	35403	128133	193375	72613	115369	98779	70865	101389	66821	115829	286708	170069	301	150453	64185	120295	146556	136984	93504	280174	153689	172680	96389	124572	61891	158411	117374	118781	127271	163614	109509	86197	76060	106431	172614	116625	166873	141967	95556	121538	387747	131784	143292	120966	179853	116776	77866	99505	94727	200937	96415	115438	364834	125172	112542	151940	200193	347048	99537	60961	82741	159125	245	60931	88816	81845	115045	151848	117901	114798	114577	130051	65897	78725	44348	83460	130824	93065	154352	61531	115509	125041	147454	68792	179999	76776	77112	273155	70051	227300	77642	71758	114607	65981	101049	231539	92691	42241	97216	69096	66160	95191	58428	226294	122081	85912	369	135930	75436	67847	98701	35190	46133	201545	43878	74839	94770	56508	87438	126038	46184	78775	64196	50362	103841	57004	49001	51533	88989	42867	65059	36210	45586	89044	105999	65226	119475	56780	51577	51202	54088	159829	68176	62324	65068	82717	70689	99752	57302	53529	52320	76966	61343	88180	98647	106497	99852	60073	47762	59430	104565	98017	77383	76962	386	158339	42394	54875	84840	148126	58488	60836	68195	90446	87818	74250	45605	60166	103206	63374	73251	103204	53709	78117	42311	105013	58967	90467	75963	89359	72173	46409	99133	113034	86699	81289	65850	76885	74287	66688	68444	164	0	161
120.06532_0.778	0	0	0	295171	270913	300742	257294	233354	188638	145032	166097	155666	189035	0	162104	188554	216944	269029	264069	264404	237926	141253	182677	243355	201592	364215	173989	225589	181691	248567	237475	112595	261235	213678	237986	142493	210163	197636	0	253135	234872	297603	141663	183693	167979	186270	186545	201297	244026	203606	173731	248033	159790	274651	275891	173547	260116	156635	141342	195598	303963	270972	295931	218688	295442	196091	226026	258395	182445	235477	209669	185650	0	181764	263634	220166	334835	209414	290386	218253	210990	244138	236536	190369	174243	203068	182030	181575	211746	277055	159496	333126	252497	170848	181250	203200	264196	189255	0	433621	299159	206400	225900	178054	285246	253505	241715	269697	335968	164869	160487	222117	193505	256061	276310	186397	209167	263803	245149	193639	275810	297179	176154	242132	206700	158024	239401	234022	185848	228573	187162	201709	276514	290759	192095	144192	188766	186777	198038	260169	322817	225495	209459	220904	190506	207364	267482	183231	0	192608	207372	227431	282057	342040	180814	217704	207760	308196	171534	269085	172715	181982	200567	349074	154975	159469	193170	236147	298675	268028	198789	228006	181766	184093	212146	220956	216813	344647	247522	154884	245454	273262	174608	260438	172945	217340	192195	227046	174243	225215	0	199672	270488	351175	245499	340616	198002	286052	188333	295612	345447	264205	204651	278728	214560	204149	147768	240756	251396	238705	295948	242119	213631	222489	209278	274796	212444	225715	214033	355134	305233	201033	266544	201583	332464	174362	303700	275624	280407	340130	228482	355634	212163	190441	284594	384352	120837	274012	210729	225688	0	207202	332827	168606	244106	298031	338519	322488	115488	218494	368824	179033	322082	215187	197002	256686	296122	279597	253275	212784	196310	225398	198945	350599	378625	315158	338813	353551	246416	345195	271331	326049	222081	360619	372694	87185	321540	277643	221887	320346	372001	323125	316628	308876	0	293341	276524	233225	308742	355812	465096	322946	362950	290310	282677	298323	312861	254625	212378	265625	243655	308647	277077	333206	226343	344393	336876	234638	235047	282980	306627	242736	297168	251012	292972	250039	268886	356319	234886	206913	230489	253116	335057	285203	232717	353959	331644	298836	259208	236112	345564	227873	217340	279392	281468	301181	424700	219301	305421	336688	378832	302923	0	198276	239407	248554	314788	212773	235764	318676	268877	341400	330931	233659	219148	217256	281942	312377	286935	274891	283133	202464	262616	254755	231435	235135	313224	320901	318186	248063	297296	286134	242719	259145	225877	272756	237130	214630	276049	0	0	0
185.04202_1.94	4712	828	267	6766	7277	7507	5742	7809	14757	19596	485	10070	16506	641	16374	9433	12754	23893	12535	13384	8619	14810	13680	18813	12500	13969	15315	15826	14750	12539	22830	27046	25645	22607	24792	19916	17504	26456	321	17507	344	17460	19905	28454	22710	21860	956	15374	26390	871	20295	17975	32777	17783	34656	11341	17090	21940	23317	20342	21929	15292	20723	14504	21583	17821	21087	34495	19122	23370	24733	42485	0	21963	46380	48543	22736	22124	20566	22258	30457	15785	19316	8933	843	31467	16372	24480	32503	21044	34919	11149	13508	22708	22339	22071	31815	41787	2268	25818	15391	39001	23912	37729	16023	21816	29216	19638	19214	42530	31106	31908	33983	23738	17528	22437	28323	29926	36605	24959	25890	31000	35217	20454	22013	32981	35854	39640	22780	29130	21545	27133	598	26770	49253	13216	28307	39872	23183	22816	36180	25439	35669	41867	33133	16209	25429	45048	1054	31291	42352	41736	15350	38805	43888	37414	41723	27215	44497	33409	25871	45383	28618	27985	37764	47830	46662	33236	28771	26211	24233	30326	47633	39393	45605	31532	54747	42933	715	49300	39869	45116	26959	34106	57089	41782	33415	31443	35630	200614	1491	199594	141885	191152	208976	199590	162651	191242	87600	198646	130443	224713	127247	175846	179573	183330	210393	172676	195928	167632	166833	193556	299043	194125	225985	436570	233334	179760	385813	205770	145702	236770	250336	176186	147113	206727	183278	248981	140267	155515	424011	181901	225205	168866	272496	267104	224768	113485	162864	214228	2709	133861	147429	229098	201431	208886	215891	284706	245425	233287	129394	188495	107158	161129	179853	171346	267021	69497	241773	259604	364902	175559	NA	NA	NA	NA	NA	NA	NA	NA	NA	NA	NA	NA	NA	NA	NA	NA	NA	NA	NA	NA	NA	NA	NA	NA	NA	NA	NA	NA	NA	NA	NA	NA	NA	NA	NA	NA	NA	NA	NA	NA	NA	NA	NA	NA	NA	NA	NA	NA	NA	NA	NA	NA	NA	NA	NA	NA	NA	NA	NA	NA	NA	NA	NA	NA	NA	NA	NA	NA	NA	NA	NA	NA	NA	NA	NA	NA	NA	NA	NA	NA	NA	NA	NA	NA	NA	NA	NA	NA	NA	NA	NA	NA	NA	NA	NA	NA	NA	NA	NA	NA	NA	NA	NA	NA	NA	NA	NA	NA	NA	NA	NA	NA	NA	NA	NA	NA	NA	NA	NA	NA
90.05527_0.768	6446	4656	3941	770306	526351	809456	466429	528930	563308	327180	458117	559900	569956	3755	486939	557098	661216	457268	625510	588560	486665	428376	585630	527377	469874	661207	470166	479787	588043	545881	682456	638200	595127	589966	751817	550442	543158	565500	3170	698525	549935	653282	575239	467880	524355	339879	651879	662202	507425	731709	565874	575295	611838	523108	554449	488309	397656	586795	544151	627583	631376	602701	548476	701133	656854	558232	516807	584277	533838	472338	645553	556976	8483	483927	602699	582521	435845	354473	655441	639629	606143	549535	549400	603003	632763	554241	835936	523910	581825	435664	436805	528366	443892	541598	456927	574570	703702	549311	3729	583667	566558	429921	473100	520439	627040	699463	768876	598416	575026	398332	604636	693785	543056	559792	541671	338276	509472	568211	601749	408769	497059	573350	399559	430434	509440	412201	494260	715508	527382	381076	575082	475413	659830	595227	483154	568962	706424	576519	457468	705280	524381	493801	433988	835654	452001	614725	536737	550950	11462	535546	514057	550921	506890	541142	433766	542033	659932	412267	479231	733927	319112	349780	443362	711437	562895	543033	547377	409094	512229	583257	389988	582844	595103	597360	450138	431632	535658	686802	445014	552232	580187	484944	468730	603822	801656	415527	514816	603714	620306	570350	10698	610538	585027	485634	544601	579766	480033	650067	456542	768109	337366	518049	620814	674440	596569	611121	480357	901117	507829	541566	500226	550809	458672	514590	549026	637786	525436	480143	457967	771053	632026	568308	615503	370243	361572	380230	601439	575534	658172	478265	600506	682966	697004	450323	716180	550733	405320	421481	447509	573577	6858	443353	515436	607420	533699	601310	650006	377958	378698	536759	518668	511209	574472	551740	571596	438927	492250	550176	636693	499926	616091	485205	640521	537061	640903	554511	599084	588073	641037	571103	664446	517302	523402	589460	645518	294046	717168	609096	600317	603377	524491	700808	766652	621051	2786	748051	587933	527607	519660	738738	694124	628869	573527	845717	577527	499575	644005	610799	463044	502675	523702	603438	505689	573853	419903	613904	682315	484745	488460	775281	641547	613842	540242	478702	563637	579008	673060	621946	604507	553975	403591	480483	564406	589055	767891	685834	589315	716140	541591	379730	775025	664274	670812	555939	695174	888444	796859	458167	622036	501379	699130	593637	5401	533590	527361	608152	773068	588388	412279	552758	709967	652418	658165	579522	419023	418807	608636	843356	591967	567766	611730	543593	461615	585226	651335	646220	486933	852864	528587	750609	670959	574463	487893	458782	429835	553618	701976	742543	550072	13116	9595	6133
130.05008_1.537	0	0	0	811613	636533	693667	558638	499473	772276	730647	639289	640081	732902	9777	596612	539862	548043	530083	667409	826883	701390	719188	732140	640385	721133	826582	1207516	1043531	1108176	551109	625401	689195	606051	839274	788931	692530	764134	750396	20818	717476	592999	565654	722376	831701	653594	777459	517950	587332	798657	581185	796316	575023	726948	610225	798889	680499	738971	654486	697555	1245181	603337	928518	543938	657445	696313	498104	506704	801871	622100	739806	662751	813367	10397	665744	823315	905128	641802	803152	620989	1359559	862221	1109482	1058010	978889	485442	735541	796951	678441	847428	788657	845429	770819	662773	923894	791532	652673	584645	805817	6434	812683	1436255	1082101	1197657	1006768	1091495	766436	925607	743067	695489	772094	721143	667572	814140	726097	1028132	803694	798664	733624	740781	787609	924150	855641	780917	815284	780177	781979	926060	777698	705966	691580	845512	1126883	841062	784429	771185	731308	1333070	782076	767968	877235	945956	1153062	833321	875000	846404	982772	1203269	859807	12298	748998	788653	806940	795545	651651	898369	702424	968231	1150357	776134	727920	789631	843426	800106	1316664	876428	888377	814205	801730	1269246	1064860	935054	773615	1133525	820086	933926	1191086	832582	815441	1234567	891509	978464	1021507	1527072	793102	1064768	1038071	731040	1417349	848285	998178	3987	1729645	1004314	954517	1032597	1072432	1032470	1170303	1079589	1159319	999558	1027727	981433	1245665	1467799	1598254	1076131	1130409	1056681	1085948	962863	1283090	905682	1092132	999699	1125087	1216202	1178086	1020617	1217946	1386710	1018328	1179275	1054864	958407	992148	1262429	1139351	895950	1045909	992080	1166815	949238	937113	1092579	1042813	805792	1023066	1255189	1098653	7378	933408	1057236	986832	965838	1176039	1234732	1078982	751374	1500360	1010757	1176932	864908	1571522	963612	1052432	1144720	1006021	932903	1021071	909389	900099	884883	776474	953092	1169609	804489	748440	606067	738521	1146576	643277	661044	800461	774628	594194	830245	671004	901012	732290	766117	846300	799927	794523	23685	881023	1001184	779120	696839	819744	957773	996838	820864	1095437	656291	782758	835036	605974	824198	1314478	612345	723139	732250	773493	717375	730706	853125	889475	865377	970436	1005004	882204	819150	732712	1039957	825817	1059591	718269	696566	835781	460145	684471	712203	942148	939484	677701	716849	779202	790307	637498	634451	903223	1000504	670892	761755	578014	793721	846792	724535	766980	954279	782205	17172	797898	765317	587293	770859	824001	687145	960817	702508	724053	660609	595477	801147	630862	762845	659023	779627	706022	933579	583364	758065	655204	608681	904379	748044	683202	791670	672654	723520	784247	718508	843501	830339	852987	728251	693441	785254	14797	19673	5735
133.09731_0.663	7434	1016	487	257144	176078	206939	106501	172424	180169	151061	147524	139133	158072	733	157744	149980	140017	143048	162546	125757	172137	121968	188400	209368	136066	157679	328006	294518	286100	170394	150394	405085	178535	184677	167698	369135	197982	169699	804	181260	190893	156292	126702	189113	138043	161633	121507	138787	172901	122563	156302	166179	302683	190861	267550	152180	205723	106172	115574	263569	153250	284348	169413	205807	209929	124506	123903	130030	137751	151449	134266	177589	739	152056	119357	117982	174753	143822	230780	310889	183510	284406	280371	212658	114532	168761	427333	143906	202289	218563	211791	182072	160675	181086	205018	143799	129818	174209	764	183908	358649	195502	237963	205140	282688	213316	157403	157742	214352	157285	216772	187196	222023	176984	263960	163078	160406	184231	215373	157658	276212	181078	193886	187078	176228	161687	194074	169069	261031	153561	175975	195209	196033	181292	168358	168492	237177	185158	180265	218047	233167	238073	219378	179764	206066	335365	227965	176786	2788	153089	159397	193836	161980	197973	171163	170257	191039	281929	176327	260449	158139	172822	167848	342206	200741	223774	201856	170489	230808	245563	270728	200291	308085	164868	157646	320860	163794	338348	272729	194018	154163	212230	238718	177453	181147	200172	161527	408687	182625	224675	2605	377539	276112	202254	232355	327300	214459	219533	270742	186222	169887	173643	190286	266675	245424	306671	119044	219346	226245	336564	182749	214000	218732	222327	239092	186343	190900	210265	203937	312600	231088	234839	232670	210430	169144	212363	381525	240815	148260	265393	221997	303745	221970	196039	175162	257401	101863	201327	173626	222892	1818	216821	171397	202138	198710	358435	302181	229333	109882	310873	219554	171266	188326	281439	212444	254318	224296	176317	305077	200543	226660	144655	146305	85491	299680	225375	97057	136875	130269	127849	244772	103728	194165	135119	142565	61435	131428	118815	131730	131915	111238	165294	151998	156046	1074	143897	149739	140377	145186	147358	140727	204856	183195	168963	152661	126023	129143	157134	214214	311215	75692	139335	127971	230021	102123	132528	141425	135818	149095	164841	162922	234797	147883	91856	217047	211708	137931	140947	190469	208532	69067	124373	212736	166883	154066	139090	195346	136429	176701	71321	188121	250610	260603	157768	122830	167420	171287	169336	135159	164707	132820	156635	3446	212277	147486	132584	170559	179241	77348	154430	137557	134075	128873	128921	113355	119883	136744	182446	126374	145096	153813	139523	91304	176417	124830	189665	150021	174507	130686	117236	116236	185005	152244	142164	190912	162574	117999	106532	103698	1107	658	1159
116.07069_0.922	17856	2922	3118	1380055	1585877	1607479	2595519	1110114	1878852	2127053	1154187	2680293	1776417	5826	1742310	1276761	1640918	2908865	2559357	2403502	1448204	1777078	1413987	1918927	2192119	2111031	1935426	1618523	1543861	1172380	2945682	906418	1508364	1332864	2439027	1393049	1442429	1925300	4732	2749050	1020548	1391583	2384120	1347737	1578222	2462084	2096378	1383776	1613871	1426458	2038113	1617844	1799473	1601216	2292490	2078848	1570105	2645689	2084002	1612216	2411270	2051086	2210852	2049118	1432948	1724286	3392452	2443995	1433586	2020843	1669178	1804744	6633	1305761	2956373	2133958	1872397	2338472	2229470	2663918	2335639	1442358	1495932	1585524	2710979	1709799	2062345	1414550	2001491	1892943	1377590	2195166	2415250	1889284	2349279	3225317	2642288	1910108	7611	2217224	1947803	2011403	1240376	2325685	1526650	2286980	2275998	1738550	2129625	1142516	1742960	2081788	2585567	1856737	1810863	1248056	2385314	2657470	1727542	2520423	4646932	2737662	1396369	2224446	2457109	1898293	2163661	4004669	2201493	2475058	2578176	2250351	2247883	2578167	1674230	2672436	3142191	2536046	1889206	2294265	2358914	1047265	1741951	3765184	1612637	1864878	1264354	1926279	7527	2358352	2160696	1063260	2164243	2209144	1415937	2721736	4599826	3682633	2326500	2398199	770817	1493100	1692542	4167586	1895854	2898326	1845622	1677870	1214721	1503100	2034183	3270804	3412328	2909556	1910908	2435860	1904125	4566807	2360003	3059470	2433286	2037861	2008680	2278594	4979650	1291466	2661962	1667307	2233802	1382496	10975	1144014	1516113	1718461	1342186	1467666	1391970	2063211	1626889	1751932	1528314	1852171	2482395	1289928	1337268	1311459	1685609	1643708	1876998	1811973	1865737	1199657	1768925	1780609	1384914	2535171	1556345	1654380	2077562	1599561	1679761	1753764	1003399	1594020	974538	880243	2218654	1403884	1838660	1324356	1558196	1584424	2364411	1113075	1574637	1767140	1107443	1697281	1341095	1481114	10498	1036919	1032475	2356005	1625940	2352618	1520444	1229972	898656	1208398	2094714	2015614	1420185	1117361	1787928	1681282	1321177	1345345	2386668	980323	2665696	1769906	13339367	6094272	7816672	5544474	6491113	3880873	4284131	5924221	6211699	4719517	5150515	4738435	4271012	3543763	4517230	5175276	5654253	4657510	4764076	9099848	6696606	6026694	2820	5533462	5012752	5513504	3139420	9006085	7133502	5930428	15316097	6591402	7519740	5336118	6235911	4616947	11637458	10062765	5424744	5612990	3510248	7841712	4548610	6828001	7202188	7160880	5490158	11398900	7272763	3928339	4847594	3830079	4301612	8398101	8546842	5871980	4923665	4806930	3388480	6276862	7278926	4327832	9164752	5642789	8807709	7830735	5667405	4525110	7691646	4907267	4714759	4182780	5347176	8995929	8315924	10194257	4972016	7455306	8723741	5890912	3538	5111844	5151394	4565744	7652930	5017942	4996510	7080888	6055111	5941419	5756790	4751448	4119495	4592795	5249616	9205078	6605120	3946618	5893775	4659719	4078411	4524427	5304713	4430124	5946535	7703032	6539103	6357223	5947703	6363276	6865962	6705830	5996336	5636673	8428234	5432694	5767422	4018	6565	8857
116.07088_0.841	9389	1167	3487	4855254	5588468	5721858	9658800	3768720	7058901	5498610	3380400	6356264	5293270	10908	6198284	4329376	4991042	6677069	6178946	8337650	4654515	6882732	5125054	4828594	7502731	5365234	6669976	5780793	5129076	3591016	7411018	2657778	3432661	4247064	5994572	4417258	5265339	5052182	2720	7131612	3107208	4949728	8755460	4304966	3166401	6418885	7548902	3943770	4159619	4988728	4739553	3941297	4325182	5173330	5360872	5393156	5706401	7209322	8102095	5472641	8449856	5871860	8740252	5214618	4890974	4009669	7546243	6202476	4119852	4826954	6009966	5038030	4982	2967350	7686343	7446799	4313369	5799689	4813131	9542922	9052742	4532216	4492176	5606500	6724646	4110018	5170266	3363827	5102954	5062566	4851806	4775045	5794188	4170583	6060486	7155091	6805235	5080043	6720	6813952	6760058	4582348	3239165	6099537	5466896	5649063	7120006	4182560	5630683	2674065	3995119	5982149	6273108	4349826	4885263	3161288	5839829	5533042	3798620	5583826	11289275	6404403	3193680	5594834	6240259	4561749	5013996	9587564	5437609	5763271	7805273	5808798	5524136	5617710	4035490	6505113	8990332	6900710	4820794	5867440	5866078	3348414	3882399	13742413	3798122	7067378	3384802	4903810	6987	6258744	5389688	3550972	4612536	6062483	4472758	6229584	12540756	9156015	5872144	6458262	2693798	5617575	4073979	11647236	7217426	8334290	4180144	4091837	2888323	4460680	4743018	8320237	8992138	6636074	4379880	6571336	4898436	12283839	7226709	7859628	5331484	5093563	5558182	5883836	13630950	3033735	5912305	4342169	5803951	6086417	8257	4660484	6588269	5024508	4901374	6361986	3282634	6714844	4793455	5408915	4046286	4390727	7962234	4435076	5604932	5278498	7483712	7214910	5920836	7802064	5835681	5090300	4581558	5139076	5792236	8422193	7186087	4689625	5658548	6431492	6840938	7345709	3951418	4649810	3963638	3064328	8916095	4514592	7974256	5723523	6520795	5687871	9730536	3860156	6164024	4244050	4715296	7362696	5919458	6002786	8126	4067172	4358346	9568872	3796264	10634909	6642803	5108008	3613634	5184931	5924452	6408292	5080640	5102188	5370647	5302612	4845236	5881283	9588647	3398166	11347154	5735972	13339367	6094272	7816672	5544474	6491113	3880873	4284131	5924221	6211699	4719517	5150515	4738435	4271012	3543763	4517230	5175276	5654253	4657510	4764076	9099848	6696606	6026694	2820	5533462	5012752	5513504	3139420	9006085	7133502	5930428	15316097	6591402	7519740	5336118	6235911	4616947	11637458	10062765	5424744	5612990	3510248	7841712	4548610	6828001	7202188	7160880	5490158	11398900	7272763	3928339	4847594	3830079	4301612	8398101	8546842	5871980	4923665	4806930	3388480	6276862	7278926	4327832	9164752	5642789	8807709	7830735	5667405	4525110	7691646	4907267	4714759	4182780	5347176	8995929	8315924	10194257	4972016	7455306	8723741	5890912	3538	5111844	5151394	4565744	7652930	5017942	4996510	7080888	6055111	5941419	5756790	4751448	4119495	4592795	5249616	9205078	6605120	3946618	5893775	4659719	4078411	4524427	5304713	4430124	5946535	7703032	6539103	6357223	5947703	6363276	6865962	6705830	5996336	5636673	8428234	5432694	5767422	4018	6565	8857
76.07597_0.793	1701	1813	1393	5202505	1047389	2746449	4056167	1147634	1411710	1088492	2641768	1490475	3764410	2181	3922266	2324566	4225630	2954002	1886545	889272	1192945	1220842	1690139	2804997	1971979	1495055	2001225	1459658	973456	2095953	1866351	4452074	1682840	2181987	1475788	4155344	1127516	3733657	2183	1881560	1563543	1510804	1565228	1777257	2231973	4313690	2143044	2438239	1567770	981987	654086	1177160	7671410	4982534	1501770	2010869	2064151	1261565	1204754	572001	1045479	2872354	1618807	1420689	1281973	1430153	2406884	748809	2612215	1354151	908454	3725936	2189	3911941	1448343	543307	1692616	3978418	2049606	543512	1650943	872578	2119004	983930	1976174	2146540	3333022	1413816	1714637	2848217	1580740	1750676	2636970	648493	1704199	5891474	2537105	3734632	1226	737536	1261631	1036162	3430396	2734904	1433596	1760450	1883144	5462948	1019858	1563598	4815080	1077701	1409595	2361358	520970	1042257	2199713	2732405	1455900	1950966	1690557	616898	1222219	4621090	1810882	1827489	1144969	2192137	1279214	1407423	960638	1627078	1728577	1532560	2793176	3247234	2433427	1159934	2463079	1647515	2772790	847118	2202120	2912826	1785044	1894643	1346377	3598701	1478	2327477	3234128	3876278	2614512	454832	1824021	1862761	4081838	1830358	1633891	2760006	1615719	8579213	2081047	1904626	1761625	2735323	1101887	888063	8010664	2298673	1413180	2221060	2171280	1748578	1072089	1221853	3049811	5811144	7097830	2050166	4309962	1625652	6545244	1522200	2525904	1361351	1455775	1603481	5921876	3906212	2935	2965033	1243882	1249500	2332746	1382717	2905484	3177047	2780780	2519191	1090918	1134401	3190594	1931816	1465548	1781120	609858	1641720	3142696	1463898	2846886	1485818	1927118	8268900	1174837	1922281	1857514	1577576	1975329	1258785	1909486	6234439	2415627	2089162	962485	4675518	1570304	3783454	969454	3722957	2172207	3845198	2044188	1528987	2235463	1965126	2062612	4079102	1336464	3846695	427	1806558	1384401	2488702	1605298	1588477	2172653	19855294	3555119	2886080	1566875	1325419	1856960	2384360	1528993	4471298	2072247	1921986	3243226	17611578	2202485	1557303	2653352	1772472	2363414	2534536	1262317	1838613	2090481	2286975	1407684	2071810	8369535	3419758	1203181	1455217	1977076	1260697	1287300	1212732	1088930	1451491	1901903	3040042	612	922230	1816318	4296662	30308786	1286221	3537495	2139854	951933	1584068	1796959	1579919	1160082	1637885	1150592	2106523	2232153	1020336	5333472	2545501	1678593	1317919	1817939	1268852	933374	1341761	2221431	1732303	10799534	2332562	3195212	2683714	1109340	1549881	2167501	1724770	1438008	8002182	1428251	3138472	899339	1656068	3194356	1314611	2564887	18711458	3647129	1523413	1509234	1245546	538732	2362671	1047518	1460949	3678550	3351450	1651979	2970987	2462	1564828	3795653	1933564	2082109	1962724	13976754	2792940	6015532	1084386	1010388	2917769	1809560	21665160	745662	518577	1903066	1921134	2583156	2316752	2007306	1270406	1951818	1270636	1808316	3774403	1167231	930148	745244	2677430	1203906	2164005	5311264	1563385	1993847	1205463	2282132	2105	2828	1926
89.10826_0.646	5134	938	942	4865	7359	7441	2285	7108	15584	11256	5243	9269	7904	1240	13330	9366	11810	9423	9053	9854	5643	10309	11627	6111	6664	9521	9867	11008	6632	20123	9179	13253	14553	5527	9901	11441	6571	9308	1198	12008	15786	11213	8989	5001	19486	8585	12198	9046	9713	8848	7583	10816	15737	8043	7157	7995	10040	9627	9112	14477	5715	8633	5823	6958	9089	10189	4914	12561	6930	8878	10284	9210	2672	6851	8048	11512	8769	12970	13495	16185	15564	10194	5757	12974	11712	6434	16650	9167	6868	11320	11764	6085	7865	9054	7405	8842	12467	10758	1170	16316	11869	15328	11279	11493	6846	10802	7437	5978	15818	7554	8054	12357	9278	11478	7977	8888	9697	14360	7871	5032	12581	12995	16349	8995	14974	8127	16133	7592	7143	8157	7093	16517	10908	11879	5420	5743	8245	7375	9317	8951	7633	13709	18022	8450	21877	7908	12028	9271	1427	10489	13560	5651	11616	19159	13569	15478	10839	17880	7080	9163	10488	10531	8140	14418	6666	5896	10989	8270	13079	10777	17429	13140	9693	9991	14070	12972	5626	15908	17930	6998	9162	19303	9801	6908	7996	9564	9391	14945	10088	11726	3007	9690	7989	9997	7933	17439	8916	6747	11092	14952	12932	8969	9226	9525	9796	9646	7854	11046	8588	10401	9579	11291	7626	8447	10608	7791	18846	12904	10301	14690	11559	6995	7966	10225	8320	10805	6595	8906	6323	14619	8977	12146	12728	6977	11196	6963	8670	8191	12433	12087	1636	4673	9391	10432	6757	7006	9556	8049	7559	10215	7977	18514	6098	10279	7432	12415	6810	6625	7943	6790	6935	6102	7562	6671	7835	8127	6369	9001	4699	8159	10869	5320	6252	8945	9755	9492	9046	6051	15312	2906	7301	11926	10870	11374	1566	13084	11510	11245	11490	8058	10691	7085	5862	10418	14871	17747	17590	18236	9593	9223	6089	7946	10981	8949	12301	9279	6571	8814	10556	11943	12987	9873	24733	7942	16506	9321	11685	14860	11147	9628	4723	8580	9438	8643	7521	9244	9642	5761	10986	5414	7429	13955	11396	22722	11701	7818	10374	6715	7909	7361	7369	10034	3017	7277	12648	13453	10286	8404	5462	7613	8651	9177	7173	9269	9145	7453	13451	6500	8872	12238	10009	9836	7380	25739	9484	9942	8721	8661	17779	8939	10605	24136	9119	15214	7536	10212	9540	7977	6620	2278	1461	1681
91.03938_0.794	777	271	377	28470	22614	23486	24946	28201	29021	45959	33689	40599	31420	0	34087	32694	29354	31825	37413	35985	28355	29628	33842	29856	28746	32244	25020	27316	38945	34905	31155	36175	31655	28948	32299	43819	30377	33239	540	34454	27909	35754	35235	30510	34352	32473	38865	43649	30625	40652	34114	33263	38025	28416	29507	34383	29315	36755	38020	33103	30643	34166	36623	36707	36747	36279	33692	36745	40021	33246	39919	34913	0	33551	30258	39566	34973	29569	33482	31733	39793	36190	34359	43347	38909	39599	55214	40007	33751	31724	34331	30908	33899	31577	30170	34519	33968	34610	475	38544	32997	34026	33986	35377	40913	40557	43232	29561	38291	37786	28442	43397	43521	42193	46406	36819	36679	36318	40165	33820	28587	50486	34823	32282	41222	32184	40318	31170	37278	31155	34842	33447	41657	39033	25755	41341	28253	37532	27416	45376	25122	40287	41332	31186	34955	42329	43682	35535	325	30360	34591	30903	30675	46318	37282	36286	34864	36050	37358	41099	38844	34618	32149	32163	34878	38432	37262	38372	32111	32570	36061	33542	37820	39508	37498	39129	34604	33215	30749	40338	36918	43362	29244	39503	33212	39400	39122	34673	34464	77699	697	68091	66348	85444	64180	78462	59561	73942	72815	87011	73576	72494	71596	69033	70182	68339	61609	84934	66400	66601	75322	72497	64406	71021	67329	82373	72243	74537	70643	76393	81068	63860	62149	65042	67706	69021	75262	63080	78776	71062	72815	70052	121868	80414	82655	70978	74825	69593	81638	79414	1824	61618	68265	113139	73392	72302	68786	63505	74186	62839	65198	69654	62690	62952	82943	73303	66398	72361	115105	65151	129998	67652	147410	59336	63379	49308	62945	55162	52240	52366	53722	49762	49070	50731	59440	48585	50567	62621	53503	51432	60744	54935	69031	59946	0	69633	57945	57212	58109	54638	55531	50551	50684	53207	58741	55353	59793	57469	52859	50028	63763	53623	61232	55699	46131	47461	66066	61437	66775	68955	60730	55628	58108	54476	58744	56168	58831	58789	47958	59051	46071	51872	54267	52437	66379	60298	64914	63434	64613	53222	64678	60257	60360	63306	65558	54409	56203	58943	64250	71539	55050	57308	0	60552	56045	57115	63731	59433	57298	63010	55465	66631	63367	49626	57715	50685	58128	60507	70692	69983	56798	53632	52440	52710	57619	59706	65804	58240	64930	56167	68145	51692	54913	68080	61489	56277	47347	61170	56863	0	0	0
102.05261_0.841	7098	5877	7804	36896	16278	19568	14686	25525	11872	25989	29526	15913	15776	3302	16085	13030	41570	33724	69196	15438	34067	9325	14834	14986	34303	19360	14213	14183	39882	44624	50608	28630	34151	27687	42714	13379	14498	22777	3791	46113	33800	13512	10809	34973	43042	47013	27333	15898	13279	31102	43054	23091	23259	23383	31679	21724	13974	10094	9875	12514	15533	40551	11925	31418	48888	35310	27635	33273	24578	11633	12287	33536	5629	39169	15142	42995	15089	39336	41424	15583	12625	54252	69668	36721	26854	19150	31940	24545	52229	13266	13420	19815	17080	54435	26807	35154	40310	28316	1063	16862	34636	38795	12023	14078	17022	16193	20866	12392	18186	24274	21541	26608	41998	28809	17238	11265	11431	52464	26629	32809	55502	20364	27672	36090	12835	29477	14247	17798	29717	28907	14477	42758	17901	52889	12055	20917	13554	27818	30418	15958	41000	39552	23112	15545	20527	17653	31979	26390	881	10761	17440	15852	54557	13149	44088	48339	16404	67013	34660	15906	12849	10951	16129	18288	12830	11748	13441	26922	31833	15647	61174	13162	16449	46832	42901	14253	11482	16559	68547	28783	55625	33507	15095	15935	14420	14830	47162	26805	30349	32778	7471	16345	30866	25284	19513	17137	35508	19253	14258	52714	15329	34385	18162	72041	22091	27465	12495	15565	32052	14225	14923	14514	30195	36459	24073	16279	15800	14808	15287	18816	17637	29521	14615	13441	27431	36121	34313	14563	21912	16605	15964	34353	12721	61121	33191	55697	13129	24342	16077	30274	5926	31920	30009	17542	45585	17907	23439	17473	21363	29107	31022	16924	30948	23034	21527	19964	50337	14773	14433	45485	12560	13371	80328	84964	111655	85685	82971	86763	88405	71364	90765	80076	88738	85291	101373	47344	84875	71337	78549	86256	84397	94571	81638	85548	6930	68041	76627	89872	72634	92441	118065	85902	101114	83874	78528	75319	84169	75655	83041	109547	74498	71489	71290	77239	60977	76402	93666	103372	70146	86097	84149	79556	80717	62493	93216	84082	85041	86212	64349	73236	66396	86306	80264	80896	83066	93930	75890	79470	72428	69437	87910	72566	73518	82325	67936	84160	96520	79816	82911	98277	103400	81724	3536	76534	68329	74177	83315	85470	65528	83451	71361	90917	89346	68658	67132	68543	70762	94957	80328	84546	78318	61878	70817	75292	68109	74768	88747	84975	83235	69665	72725	82587	77802	73419	73927	77278	66094	62448	80758	3021	2630	3635
102.05497_0.776	6750	5468	5897	80573	73854	83969	70396	57404	63452	67904	61773	64920	66635	5989	65827	59156	63304	76951	95736	69795	77517	51169	62094	64727	60736	90203	78253	74828	71146	66758	79870	63602	77511	65513	84093	58502	72630	64087	5081	75563	69906	69530	46896	59439	66246	65279	60989	62381	71684	57148	57470	63047	66047	69023	74086	60114	75194	53560	49806	75628	80291	75615	82162	71086	85295	56309	69626	69862	62735	62533	62293	66137	4644	62204	70588	70710	83148	60490	77062	85008	71432	78565	81165	76568	60028	59753	72775	59905	67962	78189	58703	89928	70797	65357	63731	59986	69769	66946	5746	104521	90679	64432	69851	72205	85819	77884	85723	69889	87774	59960	57218	73020	74023	72592	81821	66326	68756	73080	73944	60097	83311	82899	55789	79698	66493	62980	71467	76673	70471	70781	71223	74755	79269	81131	62395	53318	74188	78178	75753	75569	88332	66820	64022	74781	58647	86902	78147	60024	5976	65358	73074	73838	76457	95367	63065	76024	73308	84133	71277	72557	56708	61337	68947	96309	60029	60330	65449	63662	87034	83546	73086	73993	72809	71400	65553	76273	69447	108208	82326	64689	75238	76625	79627	79504	71933	70858	75716	79560	69499	76158	5930	79260	81615	89561	77753	90548	69861	95884	71230	83267	87391	71399	74968	90454	79183	81260	62750	80207	81197	77901	89281	77604	74593	76151	72013	91445	82771	71876	81762	96905	88018	72603	79102	73799	86380	64102	86787	82811	81487	84950	90053	85972	75199	77689	75230	100276	54624	86595	78554	78299	7063	74157	81456	62074	68574	92916	87448	97786	49232	85683	81920	68150	84657	83317	73654	73119	82048	82110	82722	58513	69627	78769	80328	84964	111655	85685	82971	86763	88405	71364	90765	80076	88738	85291	101373	47344	84875	71337	78549	86256	84397	94571	81638	85548	6930	68041	76627	89872	72634	92441	118065	85902	101114	83874	78528	75319	84169	75655	83041	109547	74498	71489	71290	77239	60977	76402	93666	103372	70146	86097	84149	79556	80717	62493	93216	84082	85041	86212	64349	73236	66396	86306	80264	80896	83066	93930	75890	79470	72428	69437	87910	72566	73518	82325	67936	84160	96520	79816	82911	98277	103400	81724	3536	76534	68329	74177	83315	85470	65528	83451	71361	90917	89346	68658	67132	68543	70762	94957	80328	84546	78318	61878	70817	75292	68109	74768	88747	84975	83235	69665	72725	82587	77802	73419	73927	77278	66094	62448	80758	3021	2630	3635
104.10707_0.762	7602	4838	5805	5193512	5141248	5528676	5102920	3911298	5831762	6222882	5485198	5295308	5276320	4643	6022734	4204379	4775984	5869484	4331077	5559582	4691572	4315526	6029358	5652952	7280350	4660320	7245194	6176806	7042780	5434114	5305007	5871086	5245636	4357202	5921956	6372668	5123802	5225537	2961	6081104	4985023	5426703	4426527	4329682	5378834	7635476	5456478	5117293	5120855	4400118	5472106	4656712	5897896	4230950	4446224	6529974	5083405	4519616	4364959	6592196	7281050	5899824	5838275	4714462	5246624	4302133	6200464	5868368	5206466	4885144	4892608	5125284	3645	5520172	4414622	4856696	4201192	7030120	4092415	7319163	6337430	6544225	6161566	6975760	5012969	4854860	5519463	5543016	4327714	4940530	5513050	5128325	4413492	6200600	4955937	7822800	5567344	5070596	1788	4945868	6619452	5164576	6241350	7898568	5955225	4867542	5925701	4064212	5159070	4646742	6082317	5364364	5334701	4846985	6095614	4709358	4752692	6096726	6564794	5340484	5142102	5068181	4862369	6859632	4817776	4758590	4595926	5757012	5514130	4635466	4550966	5000804	4169674	6276133	5152712	5617910	8378083	5872006	6030931	5118341	6391360	5725892	4758830	4157320	4386746	6661685	5557786	4837090	1911	4675625	4700904	4187999	5395478	3932854	4249711	5942338	5646682	5516191	4810266	5261406	4165680	4722450	6899026	5123460	6033870	5562426	5710276	5367958	4807839	4920912	5597859	4261606	7039045	4741396	4692224	6605488	4336874	4524682	5328790	5556293	4784564	4752135	7904318	4792236	4538675	3895602	5448034	7087931	4277994	4832204	3676	7168967	4397186	4373610	5588087	5247501	6620614	5553129	4943076	5293724	3612106	4425247	5074801	5048231	4242162	5046540	4277238	4470726	4281352	5413518	3764616	5116648	5211470	4085460	4091624	5258373	5642460	5130700	5569562	6392876	5483610	4264036	4811247	5009412	4470447	5413779	6071668	3572228	3685412	4192978	6299082	4397112	5019582	5126436	4902518	4972043	5946144	5185352	5164255	4763847	506	3902280	4706462	5620478	5330422	5121956	5501670	2993292	6256084	4464315	4451692	4638688	3193037	4927872	4882351	4134790	5143144	4061068	6574442	3772564	4923581	3916044	6234817	4918988	5865750	6836797	5208004	6065683	4536341	4873480	8129586	6230740	5398641	5714610	4427634	5313141	5437041	5552748	5595668	4867664	4726632	5213004	5765677	5432014	3146	6220564	6012435	7177493	2801752	4302336	5230876	6357380	6447783	5832785	5424022	4493024	4824883	6675916	5292034	9118278	6532058	5578646	4530872	6711210	3890598	5245838	5313302	4259804	5496066	4417720	4888001	5812550	4007198	3846183	4414258	6662532	4942650	4719716	5419953	6377978	5652650	5046453	6959741	5607562	4495845	4817056	6572558	4917121	4324350	4778936	5227775	5971668	6318798	6365996	5267198	4565833	5913410	5240138	4481988	4412286	4507720	5249828	998	5802294	4744130	4859610	5583935	6303404	4022803	4341444	4171348	4677352	4535205	4972792	4656397	3730288	4735497	5359532	6068174	4056333	5253442	4741298	3779542	6678441	5556330	6182105	4847770	5489507	5291330	5281405	5074140	6604214	4797025	4622722	5137885	4791856	3893825	3052222	4900020	1560	2824	3754
106.04977_0.768	1373	161	247	45022	44974	40189	39953	37927	33175	39230	34243	40721	39481	809	54559	37791	36417	37730	33793	37939	44223	41303	41605	47868	33383	50040	43817	38877	39497	32127	32661	31159	36982	42332	38176	23529	48414	38000	103	35996	37594	41206	35601	38682	36950	33930	33568	40427	48261	38404	33179	46644	23910	38666	40858	36754	47025	43676	37965	35239	38971	46442	43223	34287	42344	37768	41636	36091	36737	37092	34100	38178	317	40296	30582	31767	39498	34612	41543	45699	29718	39624	52537	50529	30827	45068	33087	36056	39209	42554	36012	46470	34572	35151	35171	32233	33900	35586	842	54013	49114	31186	42351	35956	40027	37390	37982	40585	49088	37786	45308	35060	49676	35560	42563	38236	38041	35942	54601	37331	37647	35520	43854	31504	33913	35183	33911	38463	45498	38984	38435	27506	35425	36961	37650	23448	34369	36239	34151	42669	34729	36632	34689	31411	37861	49436	36299	33917	0	33997	38243	37257	33957	57102	32032	32833	29033	37470	36840	47463	37249	38217	34787	43772	32695	28554	47333	39069	53081	42999	36701	38274	40518	39217	30461	44686	35802	66292	42145	30084	36464	37187	40413	35244	35736	42162	44080	43544	40186	41071	0	44302	47408	40118	45344	49392	47163	47464	43433	38960	37622	50004	40944	45980	57976	59416	22403	33254	52935	40618	43438	52206	40486	51798	39344	42671	39447	45769	33192	46141	43560	41405	41205	41230	43937	37432	49954	39107	39399	51768	41333	54549	40854	45615	29720	42450	30585	47891	38092	41766	326	42800	46242	35269	36352	38251	41206	48241	33316	50467	46827	30800	43569	48422	41612	38969	42241	39002	42159	36144	42518	44717	55976	71631	51196	51712	76859	66986	81973	79754	64797	62462	59902	79075	67808	26567	49291	63020	51655	61604	67605	57764	46652	54152	705	45385	61313	71150	62418	55473	71855	50015	44370	49007	53501	57031	43460	47563	44612	54978	49086	45962	50126	78010	52447	58529	53548	30095	78563	42229	48163	50473	43883	72405	73676	58331	57184	68437	65004	43650	54038	41942	70763	47278	53617	69608	76799	54315	70144	55453	36624	47351	58386	66899	38419	45708	61978	44039	64269	59617	48579	51425	419	54555	55764	51793	51072	44623	48828	37505	50485	53017	66148	41161	54731	39224	40017	40106	57978	50854	42142	43714	59933	61748	42450	67030	58026	47695	44934	64557	41452	56926	43564	60270	36916	52972	40651	37669	45988	793	461	945
108.07317_1.902	13845	8730	8303	3056	3667	6871	2828	1979	6653	3228	4515	3037	1064	5926	5635	4358	5031	9496	4891	5474	2846	6048	3629	2789	5615	2983	3462	1098	3243	4307	3125	2045	5564	3180	1822	7334	1836	2904	3819	4805	1424	744	3577	4246	2053	3031	7328	3366	2136	4127	2047	963	7154	4410	185	1523	7043	5783	2125	5180	2341	3687	2297	619	1977	600	3429	1945	5134	902	5953	2433	8917	2142	638	1602	2371	293	1421	1707	2179	2293	5283	3765	3481	3947	2678	2196	1929	5507	1919	2387	2473	2004	2647	1032	1919	2590	4316	1797	3211	3083	636	1484	3648	1894	6958	6351	1405	2296	1422	5416	1297	1767	125280	3324	2548	3739	2731	2148	2344	3319	3503	3042	1503	2454	884	3515	3583	7361	3336	2438	3154	1748	2403	3225	5662	1749	3729	2978	1991	5727	2973	1631	1975	3196	4859	2972	5698	3773	2399	5293	6688	2294	2418	2651	2849	3746	3688	2201	2795	2292	720	2537	2663	3290	3143	2483	1694	1720	3682	3681	4696	1048	4013	3495	2764	3984	2088	3273	2787	3091	4840	5643	2057	5480	2761	2138	5780	4041	5232	4330	1714	3362	2533	3675	7562	5526	3602	1492	4233	5945	6120	5960	7605	4814	3257	4656	3553	6845	12088	4909	2719	3595	5394	5654	5109	4514	5446	5560	5261	5017	8160	3519	2983	6938	4342	7474	2779	4968	3229	4158	3644	4435	5146	4869	4240	5262	5243	6102	4603	4097	3796	3625	2765	6653	5448	8535	1846	10310	5775	3441	7659	3415	5284	3458	7725	5098	2188	5570	6985	6625	NA	NA	NA	NA	NA	NA	NA	NA	NA	NA	NA	NA	NA	NA	NA	NA	NA	NA	NA	NA	NA	NA	NA	NA	NA	NA	NA	NA	NA	NA	NA	NA	NA	NA	NA	NA	NA	NA	NA	NA	NA	NA	NA	NA	NA	NA	NA	NA	NA	NA	NA	NA	NA	NA	NA	NA	NA	NA	NA	NA	NA	NA	NA	NA	NA	NA	NA	NA	NA	NA	NA	NA	NA	NA	NA	NA	NA	NA	NA	NA	NA	NA	NA	NA	NA	NA	NA	NA	NA	NA	NA	NA	NA	NA	NA	NA	NA	NA	NA	NA	NA	NA	NA	NA	NA	NA	NA	NA	NA	NA	NA	NA	NA	NA	NA	NA	NA	NA	NA	NA
110.05929_0.841	8723	8943	10168	1528	4791	4355	7200	21382	7554	11717	3519	9374	10002	8237	10095	4046	3994	11623	5917	5846	19575	1120	15251	4865	2589	3515	5288	3450	2830	6299	3530	6063	8907	10946	950	5593	14365	8905	7150	533	2872	6060	1810	10478	5095	1193	15588	6086	6173	10562	5232	6224	2844	3970	14062	16487	6126	3394	1493	7570	13694	181	11214	1496	1307	6483	11905	9202	2668	14057	5648	7960	5637	3440	9250	8031	15080	6789	2996	4239	7397	817	944	5572	16827	2615	5576	1321	8220	6177	2709	5562	23891	3193	338	0	12743	6935	4208	4670	5736	559	216727	149133	2046	4682	2339	17068	1678	5218	5762	2187	11224	5225	5125	8768	12128	11349	3228	41281	1720	6266	22543	4970	14178	847	3654	5029	7709	2279	3395	832	3503	5383	17349	2927	161100	6608	3109	2062	3580	84008	24489	11242	28147	7084	132190	10357	3906	15227	13573	4922	5390	600	5654	4035	8243	667	5788	0	8742	3559	4716	98759	3903	3155	6524	3718	138270	3055	2938	8984	158233	3164	3047	778	10809	23596	323	1845	7651	3712	255982	4454	4711	6283	3632	14207	6394	5480	1923	4290	9104	1674	10378	13481	10276	4764	9552	0	1129	872	409	452	1678	0	11124	3725	2585	5745	1195	5952	18209	7434	7950	4556	9211	4010	6727	8634	5232	9221	3593	4252	494	0	5357	5380	2362	10101	10306	8081	7676	54518	227	359	936	2211	4053	11299	3009	18165	3592	1573	1218	11949	5348	801	12811	192	8291	3110	10086	2690	122942	6349	3577	1523	0	782	7778	0	14039	1998	16637	5177	5531	3311	12634	13041	12272	7267	13324	4547	7868	10264	8266	11250	6272	9847	3608	7012	4118	17171	4604	0	10916	8449	13435	5040	14053	17164	5924	12003	6912	60208	95481	16599	12194	6846	6543	10564	14729	5808	15483	13475	19080	14234	11101	5965	8583	7168	5629	18079	7232	3138	8725	7901	2572	5439	4282	12371	3068	12843	6451	6722	3131	13329	5979	4854	1506	5642	7573	13782	1330	935	8549	7102	1473	37678	22291	16829	1582	7803	2722	16325	3598	11127	6532	22567	3858	6280	3728	10559	12774	8889	1063	4584	20075	15695	19923	10036	17935	17801	18617	7265	7826	3426	5897	3607	84	12677	10649	34596	13456	789	1527	0	6305	4399	3197	2401
111.04439_2.99	2122	385	337	24516	23837	26721	24373	36024	44992	56563	7640	27532	32464	1188	53257	30953	29438	42978	29836	39601	30721	24942	29131	41749	35638	31982	46053	29824	39748	28001	47228	42071	56821	35862	37192	30646	31443	32449	1185	39298	4238	23596	27909	36051	41104	41526	1530	31666	23552	2497	25848	28559	41935	38402	39086	17914	16383	19318	25425	30302	27807	24045	36325	22599	37103	18253	32440	40837	20501	34051	23224	27341	508	22433	53548	79267	26534	62014	28781	34071	37117	34204	25256	15368	7159	31247	29282	20573	28669	26947	36545	21395	33977	40211	31300	45439	24796	31981	1153	25603	28148	46003	34297	41664	34965	31298	45097	25562	19574	40624	34607	38459	31431	42408	35743	33856	26499	28370	39399	33364	30754	45757	31105	27385	30980	29153	36065	43554	38941	29239	26556	29833	4136	30016	36022	21193	30997	33700	37092	23657	57761	28577	29370	48188	31207	25146	31459	29304	524	32109	42535	29439	19672	29777	72759	36636	43149	42087	44837	36873	19234	39555	37940	34750	53618	55998	40991	28001	32830	41416	35428	26104	57348	41015	39959	28532	40018	32354	11679	47523	45817	33825	33736	32806	53619	32821	27611	24575	42490	46400	1387	76457	29055	56413	61301	56194	56378	53893	57150	70690	33815	64228	28472	40475	73561	76289	49028	61399	66170	52717	38344	30754	78396	76724	38890	88851	46390	29435	66361	46255	27806	71849	55399	57690	41991	48924	56672	66809	40034	37714	55191	43905	55594	45740	81345	119595	39603	35728	34804	59451	1086	33494	37478	56024	58437	65315	31696	56763	37769	94104	67341	29864	26430	32750	36052	36850	79292	28249	68550	61407	89832	22157	69563	20986	41961	44306	35730	37160	25810	45945	31284	29411	52619	97899	40343	23662	45304	42199	29259	38774	32039	34740	46027	38711	1239	37803	34275	31840	18095	14063	11103	57675	32112	53747	18349	28395	29426	29654	23173	34157	28372	14139	28628	48675	23403	33221	37804	22330	43127	22920	24302	18970	35299	29011	25089	35682	34541	23328	20826	31023	22148	60848	27348	47808	37132	24068	42471	24755	24545	40745	24411	19802	26246	23575	23610	20636	31414	26238	17974	18763	34664	32631	586	39910	18702	33512	40502	33075	29902	37764	47494	21781	25551	31700	28800	25565	30530	27615	47501	25971	43564	32095	26263	28048	24696	22855	18711	36302	30513	20799	24689	34879	47643	30529	48721	41040	46407	12487	39652	983	577	778
113.03564_1.223	2105	2090	5075	633014	112896	705299	563660	557557	555796	459639	422260	420946	620898	2380	616601	398457	976918	522070	713372	602134	562466	666714	565100	492213	624470	528132	1049449	375581	458343	668064	643644	761009	699393	647433	552318	796394	784419	778419	259	675414	790859	633754	843435	754788	453823	724366	483434	802294	649815	816386	603777	759304	776635	723014	822365	583197	661689	626145	752184	1142751	929490	1165054	884216	717047	705216	701510	725166	739482	454728	630546	781320	653024	5674	427360	643893	845124	449846	695233	739363	1171652	907253	1050337	1169169	1199280	608403	595640	1092022	546843	896303	847068	723945	604556	528581	701903	630560	931661	912733	637143	1868	605420	879278	679392	838939	808458	1183683	726008	961861	695317	787022	517357	686555	720365	695127	683771	1091800	689905	724531	715141	708444	639148	742924	778250	423265	765628	600067	713251	567656	668318	700685	579109	999578	881155	662548	664303	615522	755866	1001851	957593	1127620	878634	734305	577290	433716	817465	410124	1127838	1008164	686137	428	673510	563118	695109	562674	837621	766975	428600	882429	585860	795836	880731	1159822	584272	726907	959838	830927	936815	568826	616081	1073608	1263036	994768	816147	1137165	657964	516804	1135298	609792	976878	1125275	753239	654070	660915	1237687	459566	1162891	699639	504847	1145883	858793	168630	3214	1839572	323295	690	468472	1170368	1025279	460923	52695	308908	2993	3515	319652	835055	1030414	1293460	1113025	1055480	0	924802	156921	48420	41514	125840	47774	865278	490660	89462	860651	1178429	102014	1661693	823114	715681	807542	42942	889398	126430	417959	312311	198164	199251	417567	79512	777006	766	208846	50754	540818	240241	2358	553240	328369	718412	223831	717770	941133	489576	482340	1461628	173375	761818	795198	1388032	173012	30631	435688	197046	566710	101087	767020	98973	541712	638282	670958	874586	793903	634492	811076	641558	1434832	678194	938683	884336	676326	430755	798630	893944	552957	249800	766839	1144699	622203	821656	642	1092869	969130	590631	940786	802238	784023	836466	323894	745973	496322	544523	565174	792531	613169	2011760	299309	570398	746706	821157	570904	711416	770405	920939	731518	756683	657761	684073	729622	488089	1083050	817004	782227	558700	821077	780772	359848	489860	648991	841348	879286	616532	656415	858050	773710	614727	1008635	814137	973469	594932	864836	924504	1058022	791481	898512	870644	562754	808841	1900	682046	563828	750621	1238276	693519	578521	528650	849702	549699	651090	628941	632134	458903	946592	968489	788796	545262	642313	727588	419223	669701	968548	817831	592960	835226	557933	844757	669184	774131	452051	576580	611103	577863	501219	727308	598592	1600	2594	3868
114.06636_0.807	0	0	0	1120856	1331105	1338576	1652559	1879645	2143464	1243740	1097464	1201831	1289128	0	948598	1365805	957784	1119634	1138190	1753426	1209173	1566035	1528058	1263927	2020990	1312916	1458797	1601002	1897881	1294035	1315105	1297895	1330089	1308517	1203663	999896	1170366	1245217	770	1392585	1229596	1901518	1471176	1381174	1297808	1838872	1163174	1474543	1248294	1432594	1570001	1651493	872566	1134770	1641129	1246228	1227267	1503973	1550605	2216282	1769957	1008783	2019244	1181979	1150722	1138033	1664537	1443531	975814	1642268	1296385	1258645	4259	942736	1576806	1457190	1401243	1807732	1520666	2163075	1992621	1658556	1095425	1079682	1116156	1146266	949572	1040450	1310084	1134363	1347255	1015648	1518636	1426950	1311250	1769392	1224435	1273368	3000	1109417	1991694	1743878	1014838	1657212	1527542	1571271	1819548	1223960	970699	1497024	947038	1743486	1819841	1416506	1670306	1428309	1812780	1483440	1201414	1079982	1223395	1662381	1296880	1819511	2031488	1298596	2136232	1461149	1537152	1338149	1640794	1669892	1651756	1651170	1594925	1130960	1621624	1395839	2163353	1877033	1544230	1266094	1228216	1834801	1303602	1504572	1260346	1231298	7283	1791483	1772584	1435671	1492288	1022814	1496802	1645986	1372730	1337780	1444720	1228344	1335198	920916	2202258	1798561	1076448	996332	1323272	1374574	897636	1403207	1259105	1389676	1944724	1626815	1630494	1435583	1577414	766622	975201	1094218	1539922	2040523	1176460	1466846	1695905	1437034	1565551	1226669	1460937	1525491	5177	2238337	1386973	1515182	2493213	1414077	2335476	1900268	1768094	1844869	1606723	1354313	1450385	1441012	2119542	1848344	2007202	1929389	1720202	1510379	1190449	1422123	2491827	1372956	1806886	1647366	1168105	1538286	2186454	2290799	1427418	1905429	1750269	1428169	1608460	1894214	1442510	1732613	1722785	1328232	1834519	1180635	2038160	1378483	1889343	1951600	1630672	1297969	1212196	1519554	8039	1365322	1269281	1741032	2202998	1653650	2128987	674183	1367686	1722886	1844974	1205156	1241518	1763974	1651431	1220533	1729102	1212023	1577794	1121916	1646267	1232526	1291181	918192	954609	1314819	1016502	1337776	710778	1081793	1505733	1184741	1182150	1096805	1162939	1195131	1157965	1321690	865098	1221454	903073	1567571	1135029	1004957	552	1373022	1070890	927508	550367	1040668	925188	1817896	1353781	1144117	1213186	1007867	985007	1195419	1340526	1084410	981327	1019045	807493	1223374	1573334	1037706	1425607	1778223	1034971	1259497	1313280	748250	698311	1431069	1006460	1205525	1339258	1029525	949133	1561809	917794	889445	1235552	1096247	1109450	1033319	1029610	1072665	688858	721162	954148	783927	748772	1030815	1269712	1102034	932070	1122067	882785	1171765	1011422	974320	167	1565691	788253	958511	868904	1568652	771416	1697027	959099	1087369	1115509	975825	1267619	692905	1261000	1138144	1631731	1045668	996570	1017980	1484380	1096297	888392	846838	1276265	1000070	979688	888107	1213418	1148492	1177142	1228884	946644	1005837	1144628	1093092	1110220	3323	757	1242
115.05075_1.597	1097	1073	391	1238	1825	1287	2543	3751	4139	2723	9556	151	4365	2351	1059	1118	6377	2178	1982	4378	1622	810	892	11968	3248	3949	2666	2025	8753	1494	1482	2255	6299	4345	306	890	2471	4137	1636	798	5021	2620	538	1806	4965	4100	1075	6083	4940	3138	8861	1395	3221	1157	14141	472	5807	1643	3040	7047	4623	2171	1824	2230	1501	4314	3104	3329	2813	759	3726	3122	1067	40363	3949	8350	8356	7590	1798	2364	3535	10669	3401	953	1371	3450	1940	20844	6043	10338	1957	3628	2728	4125	1490	11353	488	2999	632	12104	1898	5316	1159	6030	3778	2607	936	6614	2841	3846	1583	1108	2454	4405	728	2485	4362	3490	3259	1671	7696	2373	4014	1986	3269	1050	18717	3777	2533	644	2914	4950	1509	900	45763	6644	6635	5367	486	1645	2817	8975	13590	2837	3033	1392	3696	3683	886	3259	3596	75459	3015	7238	3828	546	3452	4535	1034	4632	4611	2484	3688	16904	1904	6658	5148	3184	10495	1918	661	3371	1242	1163	2377	3394	3641	2098	3933	3538	3816	10941	1728	1536	807	820	5012	496	7206	6916	1308	3115	2298	2114	1842	7297	16081	947	1408	0	464	4757	358	3972	10855	9242	1683	2530	20093	3440	944	1526	11029	5672	3654	3108	21832	0	6323	6527	4700	953	4373	578	2070	17231	5924	5410	872	817	4663	3395	5354	1518	589	3506	1567	1407	52160	8667	1284	1338	2746	8488	24131	11712	2180	3992	1230	4662	23641	11224	3558	10942	1633	7173	5686	1390	4912	5269	1514	3358	NA	NA	NA	NA	NA	NA	NA	NA	NA	NA	NA	NA	NA	NA	NA	NA	NA	NA	NA	NA	NA	NA	NA	NA	NA	NA	NA	NA	NA	NA	NA	NA	NA	NA	NA	NA	NA	NA	NA	NA	NA	NA	NA	NA	NA	NA	NA	NA	NA	NA	NA	NA	NA	NA	NA	NA	NA	NA	NA	NA	NA	NA	NA	NA	NA	NA	NA	NA	NA	NA	NA	NA	NA	NA	NA	NA	NA	NA	NA	NA	NA	NA	NA	NA	NA	NA	NA	NA	NA	NA	NA	NA	NA	NA	NA	NA	NA	NA	NA	NA	NA	NA	NA	NA	NA	NA	NA	NA	NA	NA	NA	NA	NA	NA	NA	NA	NA	NA	NA	NA
118.08633_0.795	50434	116642	203076	2919241	4018364	2845107	4825051	2802255	4235006	5217094	5162814	5321968	3723165	196092	4898933	3060438	2909938	4155848	5205114	7057252	7704684	3540224	6675381	3491497	3601708	5879471	3513482	4003774	5048706	4251924	4024973	3956293	4162103	5204008	5241392	4682506	6318604	3770958	242465	4546988	4016198	4581336	3148755	4558578	4761292	3451103	4287174	3241601	4770708	3420120	5871298	2805796	4210077	2224455	4685502	5693766	3564730	3830042	3316928	4514064	6849518	4779262	5491275	5187526	6100376	3120257	5627691	7246460	5514975	4633762	4060158	3783837	401611	4304327	5400844	6823648	6477278	3198160	2691626	4256580	4576843	5174846	4558164	5547724	4311927	3812271	4860954	5605372	5566028	3302579	3552003	6264232	3625459	6552044	3831619	2508486	3931246	3879716	352283	7261294	3201500	5280646	3034567	6166306	4099321	3081241	5708143	1990101	6824017	4300772	5294893	3349350	4425390	4227974	3611717	3760678	3732337	4628564	4380186	4249309	5916454	4423404	3510881	3496480	3991668	6392143	3602976	4837121	4564216	4364418	4194832	6402962	3989737	5181025	2657045	5413967	6007694	5310442	3854636	3375254	3271783	3615466	3081850	4443544	3033285	4896224	3325420	3892434	154467	4410226	3799879	2816997	4751561	7784052	6351098	5095796	4923112	6722535	4245123	4405442	3620531	2196933	4549822	3264468	6506149	5797105	4888160	4903920	2086275	3377884	5740504	3297898	6553116	4394473	7129654	5590113	2555588	4964097	5058649	5927466	3688878	3762996	5135986	3821239	4049404	3985395	4844230	3382636	2913186	4873318	384064	3919033	6152036	4912510	4984812	4673222	4048087	5581514	3413106	7438826	4338147	6944598	4600523	5983788	3722436	4364464	8762768	6340450	5833843	3485160	4726938	4782358	4551404	5323598	3734216	5509579	13185193	4431424	5685930	4708715	5441470	3352392	5207194	5024983	4587564	3809523	4553254	3594727	5010088	3497198	6484721	4694545	4768330	4805012	5147539	5715430	7291316	4756372	12755241	4919802	148162	5691222	7854962	5082592	4075409	3483753	4355215	2140886	9568515	3497476	4624431	11691327	5589808	4017154	3601687	3929783	4947492	6068272	4540711	1382931	3553269	5741877	3936034	5571202	3730642	5291802	6296138	5668663	5108460	5453720	4570819	4470677	3286066	4882020	4574910	6496482	4474004	4028860	9450253	3989452	4228558	4699283	6015750	4924584	419696	6428741	7640590	3764543	635910	4634389	6635612	4403468	7300299	6494536	5157477	4529368	5250788	7422736	7636196	6671519	5579886	4094174	2431665	4577886	2867466	4954764	4063897	4708460	4992184	3623293	3707446	4401886	3555288	2425703	3064836	3929171	3727750	5696212	4434858	4298196	4891061	2589839	4453888	6023776	3922656	5972846	3890685	4587598	4576244	2005156	3827130	5392838	4976708	6992622	6063550	3251975	6651329	6148840	6917572	3794003	4603172	4432218	215688	4415454	4182991	4165933	3666794	4586411	2777643	4425530	2824336	6822418	6273898	3728940	3544755	1105146	5509794	4101699	5225718	3591758	6422892	4403490	2484125	7831044	4519379	5404104	4906486	3976319	4345352	5462934	6387106	6817176	3351481	5526964	2709510	5071542	4609938	4235204	5666886	156734	354696	226173
118.08633_0.795	50434	116642	203076	2919241	4018364	2845107	4825051	2802255	4235006	5217094	5162814	5321968	3723165	196092	4898933	3060438	2909938	4155848	5205114	7057252	7704684	3540224	6675381	3491497	3601708	5879471	3513482	4003774	5048706	4251924	4024973	3956293	4162103	5204008	5241392	4682506	6318604	3770958	242465	4546988	4016198	4581336	3148755	4558578	4761292	3451103	4287174	3241601	4770708	3420120	5871298	2805796	4210077	2224455	4685502	5693766	3564730	3830042	3316928	4514064	6849518	4779262	5491275	5187526	6100376	3120257	5627691	7246460	5514975	4633762	4060158	3783837	401611	4304327	5400844	6823648	6477278	3198160	2691626	4256580	4576843	5174846	4558164	5547724	4311927	3812271	4860954	5605372	5566028	3302579	3552003	6264232	3625459	6552044	3831619	2508486	3931246	3879716	352283	7261294	3201500	5280646	3034567	6166306	4099321	3081241	5708143	1990101	6824017	4300772	5294893	3349350	4425390	4227974	3611717	3760678	3732337	4628564	4380186	4249309	5916454	4423404	3510881	3496480	3991668	6392143	3602976	4837121	4564216	4364418	4194832	6402962	3989737	5181025	2657045	5413967	6007694	5310442	3854636	3375254	3271783	3615466	3081850	4443544	3033285	4896224	3325420	3892434	154467	4410226	3799879	2816997	4751561	7784052	6351098	5095796	4923112	6722535	4245123	4405442	3620531	2196933	4549822	3264468	6506149	5797105	4888160	4903920	2086275	3377884	5740504	3297898	6553116	4394473	7129654	5590113	2555588	4964097	5058649	5927466	3688878	3762996	5135986	3821239	4049404	3985395	4844230	3382636	2913186	4873318	384064	3919033	6152036	4912510	4984812	4673222	4048087	5581514	3413106	7438826	4338147	6944598	4600523	5983788	3722436	4364464	8762768	6340450	5833843	3485160	4726938	4782358	4551404	5323598	3734216	5509579	13185193	4431424	5685930	4708715	5441470	3352392	5207194	5024983	4587564	3809523	4553254	3594727	5010088	3497198	6484721	4694545	4768330	4805012	5147539	5715430	7291316	4756372	12755241	4919802	148162	5691222	7854962	5082592	4075409	3483753	4355215	2140886	9568515	3497476	4624431	11691327	5589808	4017154	3601687	3929783	4947492	6068272	4540711	1382931	3553269	5741877	12810	14058	18297	19884	20598	14909	12889	11018	19177	13789	15241	15194	13950	19340	14735	12099	19103	11087	11831	18559	19335	13475	8727	15763	22724	9701	4477	16306	21216	13288	33592	23950	13302	12339	15804	32164	35279	29784	18855	16614	8060	13737	12918	16263	12920	19961	16737	11982	9614	14460	9486	11236	9343	15681	10573	16800	17558	15443	16033	10508	21124	20676	11584	18695	13264	14182	12663	8789	13022	19690	18010	26397	18873	12034	19890	29346	19625	12240	15352	14016	5182	14579	11925	13642	17559	11155	10568	19866	12186	17993	21567	16859	15296	5651	18185	13407	16716	13990	21931	19267	11450	25571	13667	18865	15293	12186	13834	18910	18642	28785	11557	15680	9314	16237	15687	12685	13900	4961	8375	9221
140.06808_0.787	7261	7927	9943	14044	19952	12803	19920	11593	29163	29964	21783	19425	17860	4860	19865	16603	15341	20236	24746	29352	52636	16731	23336	18947	24262	29852	26987	27859	33032	20378	19203	27511	14517	27201	19439	43620	34804	17183	5254	21375	13671	30530	13926	32168	20156	25094	18937	19718	18560	16008	41634	18658	34990	14820	38507	26530	17557	10288	14696	30038	31077	21128	22592	27304	27439	16482	24586	27163	27351	24063	19731	18449	7112	19589	16541	25577	42636	18308	20323	31897	28938	28333	16964	23149	19401	19864	34348	25982	32058	17694	23944	48545	22390	40241	30236	16095	20598	17901	13548	30540	22606	25035	8205	34696	16684	13827	21120	13076	30611	18832	21078	12916	23483	20169	21456	21460	20349	27163	21694	30850	34462	20463	21145	20926	24763	30307	17025	21643	24463	24782	28172	27684	18548	36297	18911	33201	34594	26308	23296	15077	18754	16939	18993	20650	19914	19936	13660	17432	9334	22963	17931	16535	26896	33830	24189	40046	22602	42824	21193	22951	18759	11876	27715	21070	40722	34847	23827	33725	6639	14137	28118	15011	40441	19155	34536	21357	21360	28696	24177	33692	18208	18372	20962	17095	15072	24476	21084	17779	16928	23646	33575	27600	41323	29336	44053	30949	22473	27060	26799	38023	30595	41230	25722	37610	22308	29453	37456	34184	20404	35341	24035	22466	43613	19584	22305	32771	49743	21737	38748	21649	29387	27929	35514	28288	27743	21163	33380	23072	29000	17413	35582	20653	20759	30051	34634	34380	42613	27117	51686	28703	34002	30901	38565	20362	31710	38268	23263	11255	51589	17580	21608	38337	34798	20171	24509	14831	22631	29910	16578	8418	15331	23951	3936034	5571202	3730642	5291802	6296138	5668663	5108460	5453720	4570819	4470677	3286066	4882020	4574910	6496482	4474004	4028860	9450253	3989452	4228558	4699283	6015750	4924584	419696	6428741	7640590	3764543	635910	4634389	6635612	4403468	7300299	6494536	5157477	4529368	5250788	7422736	7636196	6671519	5579886	4094174	2431665	4577886	2867466	4954764	4063897	4708460	4992184	3623293	3707446	4401886	3555288	2425703	3064836	3929171	3727750	5696212	4434858	4298196	4891061	2589839	4453888	6023776	3922656	5972846	3890685	4587598	4576244	2005156	3827130	5392838	4976708	6992622	6063550	3251975	6651329	6148840	6917572	3794003	4603172	4432218	215688	4415454	4182991	4165933	3666794	4586411	2777643	4425530	2824336	6822418	6273898	3728940	3544755	1105146	5509794	4101699	5225718	3591758	6422892	4403490	2484125	7831044	4519379	5404104	4906486	3976319	4345352	5462934	6387106	6817176	3351481	5526964	2709510	5071542	4609938	4235204	5666886	156734	354696	226173
140.06808_0.787	7261	7927	9943	14044	19952	12803	19920	11593	29163	29964	21783	19425	17860	4860	19865	16603	15341	20236	24746	29352	52636	16731	23336	18947	24262	29852	26987	27859	33032	20378	19203	27511	14517	27201	19439	43620	34804	17183	5254	21375	13671	30530	13926	32168	20156	25094	18937	19718	18560	16008	41634	18658	34990	14820	38507	26530	17557	10288	14696	30038	31077	21128	22592	27304	27439	16482	24586	27163	27351	24063	19731	18449	7112	19589	16541	25577	42636	18308	20323	31897	28938	28333	16964	23149	19401	19864	34348	25982	32058	17694	23944	48545	22390	40241	30236	16095	20598	17901	13548	30540	22606	25035	8205	34696	16684	13827	21120	13076	30611	18832	21078	12916	23483	20169	21456	21460	20349	27163	21694	30850	34462	20463	21145	20926	24763	30307	17025	21643	24463	24782	28172	27684	18548	36297	18911	33201	34594	26308	23296	15077	18754	16939	18993	20650	19914	19936	13660	17432	9334	22963	17931	16535	26896	33830	24189	40046	22602	42824	21193	22951	18759	11876	27715	21070	40722	34847	23827	33725	6639	14137	28118	15011	40441	19155	34536	21357	21360	28696	24177	33692	18208	18372	20962	17095	15072	24476	21084	17779	16928	23646	33575	27600	41323	29336	44053	30949	22473	27060	26799	38023	30595	41230	25722	37610	22308	29453	37456	34184	20404	35341	24035	22466	43613	19584	22305	32771	49743	21737	38748	21649	29387	27929	35514	28288	27743	21163	33380	23072	29000	17413	35582	20653	20759	30051	34634	34380	42613	27117	51686	28703	34002	30901	38565	20362	31710	38268	23263	11255	51589	17580	21608	38337	34798	20171	24509	14831	22631	29910	16578	8418	15331	23951	12810	14058	18297	19884	20598	14909	12889	11018	19177	13789	15241	15194	13950	19340	14735	12099	19103	11087	11831	18559	19335	13475	8727	15763	22724	9701	4477	16306	21216	13288	33592	23950	13302	12339	15804	32164	35279	29784	18855	16614	8060	13737	12918	16263	12920	19961	16737	11982	9614	14460	9486	11236	9343	15681	10573	16800	17558	15443	16033	10508	21124	20676	11584	18695	13264	14182	12663	8789	13022	19690	18010	26397	18873	12034	19890	29346	19625	12240	15352	14016	5182	14579	11925	13642	17559	11155	10568	19866	12186	17993	21567	16859	15296	5651	18185	13407	16716	13990	21931	19267	11450	25571	13667	18865	15293	12186	13834	18910	18642	28785	11557	15680	9314	16237	15687	12685	13900	4961	8375	9221
121.05087_2.736	1097348	1126415	1130512	801947	1189976	1218124	1245887	2520163	2731202	2156557	2952503	2582270	2860540	818826	3314709	3051622	2033519	2403904	2573268	2915664	1403689	2994257	3812087	3133290	2473748	3288898	2977654	3289080	4064548	3383580	3301172	757834	3788964	3128290	3330770	3857647	891834	2957098	1774787	4013852	3386754	2958638	1602864	4217944	2974026	4564247	1629492	3745166	4020785	3087507	3555737	3301540	1511604	3092052	3587071	4362169	1842396	3218581	3888852	1476918	1875109	3335231	2033716	1833194	4246606	4553008	4187064	1092392	3540743	4716199	4187714	3483312	1788919	3531825	3918821	3545743	2808066	1245846	767380	4216506	3433406	774103	4617286	3964045	1349682	3275882	4759584	3354549	3965843	5029782	4196843	4867532	4538655	2013984	4401800	62945	4139679	4275078	2287046	1200739	4514564	3250644	3899109	3772572	3914774	3537882	4668519	4773490	4238458	4789812	4668016	3544596	4318266	4267235	3542252	4881700	4670788	1039904	4489564	4125783	4080015	4349336	5118478	4486854	4136305	4599144	3869843	4478491	5186276	3336623	3034759	4478003	4159614	4510993	3483836	4201842	4102390	6027740	3746998	4274308	3466663	3506446	3550700	4787857	3559389	3455907	4103391	4813466	2043537	3338308	1631330	4637651	3526986	4829610	3323228	4823314	4065752	3486322	4016454	4190256	4013249	4170118	4769756	4246104	4751370	1927182	4775108	3563002	5146100	4520760	4743174	3955191	4760338	4271122	5762572	4318196	4771568	1240731	4105160	5233136	4621926	3684718	5019641	5153854	3549930	4558730	5418301	4498618	5591940	4713866	2640492	3117930	3177728	2956210	2627922	3203434	2732121	2407417	2542856	3266943	3357798	3553266	2379742	2464710	3082074	2507714	2983194	3110227	2281866	1857016	2159252	2318530	2673868	2541669	1887957	2724188	2515470	1672180	2094749	1933947	2287963	2233784	1854375	1704833	1870255	2434996	2414070	2105522	2103999	1569796	1868776	1959138	1926415	1438736	1606720	1629925	1295368	1950590	1472657	2240277	622791	1534597	1665900	1358739	1941888	1461050	1447750	2995960	1233822	1890666	1512346	1488008	1543585	1354056	1612986	1522745	1365710	1087443	1550365	1635314	1170590	1677611	NA	NA	NA	NA	NA	NA	NA	NA	NA	NA	NA	NA	NA	NA	NA	NA	NA	NA	NA	NA	NA	NA	NA	NA	NA	NA	NA	NA	NA	NA	NA	NA	NA	NA	NA	NA	NA	NA	NA	NA	NA	NA	NA	NA	NA	NA	NA	NA	NA	NA	NA	NA	NA	NA	NA	NA	NA	NA	NA	NA	NA	NA	NA	NA	NA	NA	NA	NA	NA	NA	NA	NA	NA	NA	NA	NA	NA	NA	NA	NA	NA	NA	NA	NA	NA	NA	NA	NA	NA	NA	NA	NA	NA	NA	NA	NA	NA	NA	NA	NA	NA	NA	NA	NA	NA	NA	NA	NA	NA	NA	NA	NA	NA	NA	NA	NA	NA	NA	NA	NA
123.06522_0.795	0	0	0	612	946	270	555	2291	450	203	403	701	829	74	879	291	609	1267	955	783	40950	1634	0	669	1403	1234	247	986	820	465	674	1538	780	274	176	1823	824	970	862	1168	484	71149	1897	339	889	427	1537	627	1243	704	1576	1363	2094	1367	475	3788	214	2558	1053	1051	1517	664	390	263	550	535	801	255	1349	642	277	1080	718	1423	511	528	61238	1836	969	1416	1622	1145	550	0	551	683	3041	1425	894	1444	250	21324	764	1042	792	2071	553	268	2385	344	476	371	1063	1168	549	744	1194	978	614	1755	593	602	950	575	794	798	298	1079	376	1261	634	1140	383	199	314	595	0	407	793	804	2048	1313	964	2082	1316	1044	708	677	1699	655	1386	1607	1213	469	1064	401	0	263	2502	0	672	2595	1070	1033	1034	1506	1671	1376	1080	1108	225	561	1453	1676	601	585	2238	284	443	183	9	1114	1243	1388	1317	1283	1331	559	791	928	1299	1464	1236	881	1762	1482	677	1713	570	2637	0	1849	1114	1027	975	2157	723	2660	392	1759	18907	1817	964	1438	1851	1132	1641	807	1264	1008	1444	1534	1438	1803	352	812	1690	638	2359	2709	867	1828	303	383	1288	1237	1060	1793	1822	3062	2317	3017	2741	848	1593	923	1465	0	1271	1202	0	295	927	2934	563	598	1306	668	976	1283	1211	148	993	1923	1371	8504	1022	1129	1469	408	968	264	NA	NA	NA	NA	NA	NA	NA	NA	NA	NA	NA	NA	NA	NA	NA	NA	NA	NA	NA	NA	NA	NA	NA	NA	NA	NA	NA	NA	NA	NA	NA	NA	NA	NA	NA	NA	NA	NA	NA	NA	NA	NA	NA	NA	NA	NA	NA	NA	NA	NA	NA	NA	NA	NA	NA	NA	NA	NA	NA	NA	NA	NA	NA	NA	NA	NA	NA	NA	NA	NA	NA	NA	NA	NA	NA	NA	NA	NA	NA	NA	NA	NA	NA	NA	NA	NA	NA	NA	NA	NA	NA	NA	NA	NA	NA	NA	NA	NA	NA	NA	NA	NA	NA	NA	NA	NA	NA	NA	NA	NA	NA	NA	NA	NA	NA	NA	NA	NA	NA	NA
125.05978_3.545	15834	8074	12291	23707	12292	13941	8392	14927	16432	39702	5907	28052	16078	13429	26553	20750	30224	25806	14954	14303	21070	22950	10115	15132	12175	29382	26931	11323	11571	12943	31150	29897	38999	26036	33367	22661	23562	18082	6817	11167	10367	21727	11655	17641	15544	17094	9421	13941	24596	11826	7054	19670	13861	27587	11572	14021	13325	9182	12702	14264	10826	11468	9773	11063	12232	12795	20048	10782	9884	14844	22773	8752	2325	26774	7731	52199	15894	10909	10926	29565	32300	12101	15476	21555	11037	24809	17431	5567	25964	12660	15632	11772	19331	22731	25489	23060	21141	25375	11313	25864	28489	29047	31338	31956	12812	29154	28211	16242	11876	15788	17062	18352	11921	27121	25900	15285	21347	26045	17070	7261	30129	17390	22896	15246	18710	30822	11472	18172	24930	20430	24557	24001	2185	25090	12709	10411	25323	28457	19126	9616	36536	25193	10938	30708	17457	20892	8779	20023	4879	25370	18006	12906	17515	9988	32209	29916	11346	13202	14174	23873	15600	31280	18195	14386	24037	19771	14479	22911	10599	18965	13364	26539	34849	25218	16784	27485	12170	17516	14024	26400	24440	15027	30060	15630	29910	18998	28180	14158	23265	61183	8501	83509	40543	66888	65145	74312	56752	71781	46025	65938	57563	74668	41343	81083	71143	67902	58944	73814	51138	77134	46722	53345	68249	54281	56300	94425	54669	49033	73216	73639	57165	80560	70599	46326	56589	54061	86105	68458	46435	52904	72674	59831	58771	56731	73579	78705	53844	41600	48691	64974	21039	59578	68769	65108	42746	75179	67735	56426	60103	74968	41366	39719	40564	61758	57707	47849	80012	28746	69975	87730	98724	37861	41548	10932	32128	31683	28289	5141	9797	9654	12577	4904	35336	4962	5229	23168	23761	6116	26860	32635	28394	28270	29554	27582	10894	29486	24521	13246	22753	1868	1723	39434	23839	32793	6076	19869	14708	20819	9985	24469	23683	19098	16324	26958	25069	26357	15542	23051	16114	5004	9878	21943	24042	27647	10445	10866	34724	14647	24792	11407	21327	4336	21388	22064	26858	19928	11638	19293	29141	15971	24348	10524	25496	4970	24983	20572	12889	11734	17922	23561	24506	14743	12071	30356	18856	24444	33174	16603	14439	28822	10979	11655	4935	10081	10950	4060	25777	24826	27099	9303	24965	11142	23680	23182	22206	22996	23475	30058	28161	21065	27896	27653	22365	13815	26626	23796	4891	1983	14504	12168	5504	3482
125.05941_4.091	70944	987	1508	12096	67384	35556	49780	62405	87661	118439	2996	87456	51359	1340	107794	59609	81034	100696	75095	94012	31713	52233	59379	92995	58295	72029	91271	73995	67439	57375	86398	72729	140551	84075	104580	48846	54939	51768	1010	71350	2884	41668	62799	85636	85877	74608	4952	69449	64500	2653	42829	49789	70326	54475	88553	39535	48274	45118	49898	72225	62068	39572	62747	32701	86424	43368	54219	90934	37141	69749	48853	48473	426	58059	117414	159460	52237	49622	43944	78594	75579	55972	40706	34054	1021	75769	30161	63079	62027	51185	75529	26488	38713	53984	71831	53423	51384	42219	736	74954	51361	80772	62427	97496	64036	61925	84384	40824	46105	93450	62138	86422	67435	71379	64990	64738	64082	64155	81006	56050	63936	75695	55039	53006	37458	76480	64730	86364	53927	55543	57706	54678	1811	66880	89471	27941	65792	75801	43373	40377	93687	54083	67921	82147	72575	45304	72345	40503	2683	58977	87208	58614	31779	71028	90756	70336	70923	59247	86836	60681	35396	94569	58209	62303	74709	106017	80463	46291	50587	63485	56537	49878	81539	81150	74906	64371	79833	59907	2133	88560	92921	64182	59262	60921	92555	72159	64746	61241	78355	71514	1948	98215	40940	71095	75887	71881	55624	75465	41901	74928	47946	66612	44107	72015	70557	63924	83604	84828	42095	64560	45861	50430	74925	44300	62693	133416	71521	51500	100208	89489	53036	86042	84744	46429	56047	41172	76675	70007	41047	43548	129996	54577	69561	48332	96481	66761	55937	36257	51774	66454	3521	46686	46870	59323	55092	74234	75162	80948	72560	107839	36179	54963	36822	64232	58996	44546	100517	21186	90322	77943	117830	38981	95987	31726	50038	59336	31004	35949	29612	22139	32439	26902	50100	20850	23008	21287	44858	26610	40295	45432	30759	32998	42424	32474	1043	43771	31321	28052	12067	114	1659	60507	17961	54800	13101	11277	23904	21144	14582	26137	32454	15162	25610	30605	21215	26772	38915	23486	40307	16855	22342	31706	26142	19005	25280	24731	29761	22472	29065	27327	23581	17810	25706	26580	32815	26886	33912	16910	27410	46498	16333	23681	30234	17324	21229	18550	24101	21101	12822	16269	33784	29814	590	42610	14463	25077	48897	28035	21019	30703	23949	19370	12286	23042	16387	12879	24066	26199	31039	20714	23425	26785	15919	18909	23830	16967	16556	31728	34844	14287	28792	29397	21329	21058	24281	20509	25521	1338	21846	820	1416	2687
125.05941_4.091	70944	987	1508	12096	67384	35556	49780	62405	87661	118439	2996	87456	51359	1340	107794	59609	81034	100696	75095	94012	31713	52233	59379	92995	58295	72029	91271	73995	67439	57375	86398	72729	140551	84075	104580	48846	54939	51768	1010	71350	2884	41668	62799	85636	85877	74608	4952	69449	64500	2653	42829	49789	70326	54475	88553	39535	48274	45118	49898	72225	62068	39572	62747	32701	86424	43368	54219	90934	37141	69749	48853	48473	426	58059	117414	159460	52237	49622	43944	78594	75579	55972	40706	34054	1021	75769	30161	63079	62027	51185	75529	26488	38713	53984	71831	53423	51384	42219	736	74954	51361	80772	62427	97496	64036	61925	84384	40824	46105	93450	62138	86422	67435	71379	64990	64738	64082	64155	81006	56050	63936	75695	55039	53006	37458	76480	64730	86364	53927	55543	57706	54678	1811	66880	89471	27941	65792	75801	43373	40377	93687	54083	67921	82147	72575	45304	72345	40503	2683	58977	87208	58614	31779	71028	90756	70336	70923	59247	86836	60681	35396	94569	58209	62303	74709	106017	80463	46291	50587	63485	56537	49878	81539	81150	74906	64371	79833	59907	2133	88560	92921	64182	59262	60921	92555	72159	64746	61241	78355	71514	1948	98215	40940	71095	75887	71881	55624	75465	41901	74928	47946	66612	44107	72015	70557	63924	83604	84828	42095	64560	45861	50430	74925	44300	62693	133416	71521	51500	100208	89489	53036	86042	84744	46429	56047	41172	76675	70007	41047	43548	129996	54577	69561	48332	96481	66761	55937	36257	51774	66454	3521	46686	46870	59323	55092	74234	75162	80948	72560	107839	36179	54963	36822	64232	58996	44546	100517	21186	90322	77943	117830	38981	135147	44973	72772	91495	45541	55456	39809	38725	53568	38267	71695	40644	41672	34974	66307	43537	51190	59026	53910	60983	70404	53629	1325	72516	53188	47161	18455	5634	6313	99749	36650	83191	23812	18953	35129	41081	27379	43739	41103	26245	47278	48079	34301	36484	56607	32889	59000	19787	29791	47667	40563	30947	39047	41336	40184	30867	56552	38002	38787	33053	40779	45902	50513	35436	46944	23287	38199	70334	30602	35249	52640	31329	34337	24983	38528	33752	24863	25864	46641	44627	1858	58021	16978	38445	73622	42721	39129	48097	36210	30035	16419	33597	28320	20676	41401	41759	48161	32285	34681	40139	25397	29814	31196	27932	23284	48269	46257	27733	46420	45652	32002	38033	34091	38664	38268	4195	36691	469	2419	1263
125.05956_4.153	56396	2034	2470	48212	50488	45070	32941	41212	63794	91546	254	55138	38585	633	84549	37932	53242	70584	51305	58517	21489	39835	49521	68995	41511	57426	65626	48720	49091	46425	60828	61772	89039	54568	72638	31088	40246	31460	718	49728	2081	31740	46366	56200	56900	51218	2161	40269	44233	3076	28094	33450	42275	37858	65765	26106	28051	28195	34329	44694	37102	31350	43435	21838	59027	31878	33163	54123	30371	41611	41571	33005	1029	38453	77576	116235	31923	35785	31636	61896	57400	40580	26897	27043	1276	44967	22954	38745	48935	34887	53309	22499	27830	32377	45767	41147	35305	30165	736	41233	32301	54492	41251	64860	37823	42132	62146	30837	30896	59507	46833	61301	47450	45335	46688	48377	40658	38791	51351	33122	39764	52095	44293	34296	27670	54437	42235	61462	34133	42946	33814	34933	1811	34981	57969	18040	43593	49244	25806	30763	70732	43331	43106	58539	46701	28339	45078	30937	1448	38567	61265	30814	21676	47968	63317	38058	45167	45512	64625	38026	24647	61233	38605	46620	55498	62818	53210	34930	37601	47008	35583	35529	57044	56322	53301	49059	56737	41547	2561	51647	60542	41179	42302	47188	60714	50153	45058	43348	50639	41939	1628	56166	30414	45751	48387	38730	26756	45741	21499	48797	29294	43195	22742	49378	39663	39814	52315	53919	28640	44314	27419	25877	46252	31399	37234	89631	43108	27951	61654	51625	32105	47792	57284	26082	28528	30080	46307	47890	26120	31754	81109	32872	41532	36437	59941	49710	36902	20478	28461	39483	1748	30541	26241	41354	31539	53266	56143	49365	43456	68951	17960	32639	23318	42093	34897	25069	65729	13077	54018	40850	71340	29346	95987	31726	50038	59336	31004	35949	29612	22139	32439	26902	50100	20850	23008	21287	44858	26610	40295	45432	30759	32998	42424	32474	1043	43771	31321	28052	12067	114	1659	60507	17961	54800	13101	11277	23904	21144	14582	26137	32454	15162	25610	30605	21215	26772	38915	23486	40307	16855	22342	31706	26142	19005	25280	24731	29761	22472	29065	27327	23581	17810	25706	26580	32815	26886	33912	16910	27410	46498	16333	23681	30234	17324	21229	18550	24101	21101	12822	16269	33784	29814	590	42610	14463	25077	48897	28035	21019	30703	23949	19370	12286	23042	16387	12879	24066	26199	31039	20714	23425	26785	15919	18909	23830	16967	16556	31728	34844	14287	28792	29397	21329	21058	24281	20509	25521	1338	21846	820	1416	2687
125.05956_4.153	56396	2034	2470	48212	50488	45070	32941	41212	63794	91546	254	55138	38585	633	84549	37932	53242	70584	51305	58517	21489	39835	49521	68995	41511	57426	65626	48720	49091	46425	60828	61772	89039	54568	72638	31088	40246	31460	718	49728	2081	31740	46366	56200	56900	51218	2161	40269	44233	3076	28094	33450	42275	37858	65765	26106	28051	28195	34329	44694	37102	31350	43435	21838	59027	31878	33163	54123	30371	41611	41571	33005	1029	38453	77576	116235	31923	35785	31636	61896	57400	40580	26897	27043	1276	44967	22954	38745	48935	34887	53309	22499	27830	32377	45767	41147	35305	30165	736	41233	32301	54492	41251	64860	37823	42132	62146	30837	30896	59507	46833	61301	47450	45335	46688	48377	40658	38791	51351	33122	39764	52095	44293	34296	27670	54437	42235	61462	34133	42946	33814	34933	1811	34981	57969	18040	43593	49244	25806	30763	70732	43331	43106	58539	46701	28339	45078	30937	1448	38567	61265	30814	21676	47968	63317	38058	45167	45512	64625	38026	24647	61233	38605	46620	55498	62818	53210	34930	37601	47008	35583	35529	57044	56322	53301	49059	56737	41547	2561	51647	60542	41179	42302	47188	60714	50153	45058	43348	50639	41939	1628	56166	30414	45751	48387	38730	26756	45741	21499	48797	29294	43195	22742	49378	39663	39814	52315	53919	28640	44314	27419	25877	46252	31399	37234	89631	43108	27951	61654	51625	32105	47792	57284	26082	28528	30080	46307	47890	26120	31754	81109	32872	41532	36437	59941	49710	36902	20478	28461	39483	1748	30541	26241	41354	31539	53266	56143	49365	43456	68951	17960	32639	23318	42093	34897	25069	65729	13077	54018	40850	71340	29346	135147	44973	72772	91495	45541	55456	39809	38725	53568	38267	71695	40644	41672	34974	66307	43537	51190	59026	53910	60983	70404	53629	1325	72516	53188	47161	18455	5634	6313	99749	36650	83191	23812	18953	35129	41081	27379	43739	41103	26245	47278	48079	34301	36484	56607	32889	59000	19787	29791	47667	40563	30947	39047	41336	40184	30867	56552	38002	38787	33053	40779	45902	50513	35436	46944	23287	38199	70334	30602	35249	52640	31329	34337	24983	38528	33752	24863	25864	46641	44627	1858	58021	16978	38445	73622	42721	39129	48097	36210	30035	16419	33597	28320	20676	41401	41759	48161	32285	34681	40139	25397	29814	31196	27932	23284	48269	46257	27733	46420	45652	32002	38033	34091	38664	38268	4195	36691	469	2419	1263
126.02475_0.776	1012	1039	465	83832	42618	89086	20453	54625	38093	28741	39338	44218	41668	2138	62029	28243	41846	40855	24483	22930	47187	48997	57455	37960	32256	19574	82243	82177	59636	35973	24819	63935	53301	43398	22648	41284	54216	44198	2077	26435	58469	36286	61399	56865	31110	56245	25163	28742	54626	27761	19809	32571	36127	34535	59303	50654	50025	39552	48938	112954	46411	89556	37122	35448	36473	32316	26405	33477	22812	43954	24694	43078	3141	32323	32157	43529	38160	51493	44974	151293	42584	59500	109846	113855	23893	37726	52937	34898	57036	38501	66457	34352	35677	28814	55167	39441	68311	40511	1380	35935	89962	42317	85261	47499	79489	38922	31436	20222	46047	31946	41632	29923	38005	41226	78887	39176	38293	55866	49050	51636	89266	38182	40195	32468	26725	51893	29253	19782	61882	41432	48946	41543	26250	44887	33920	27652	68061	41795	29325	40299	30166	83214	44817	45358	40375	95994	66444	39591	1248	29174	27404	39105	35402	39751	34909	34186	57214	86900	36652	54609	37174	40099	30093	62220	32359	48886	34243	55046	99495	90252	75051	50608	75170	47859	22208	80729	34622	71197	87078	32568	34797	36432	83221	47287	61459	38753	29002	120788	65958	60994	651	86982	47704	37123	47162	57911	45241	51874	39963	25515	32039	30784	59806	98487	77091	89772	25729	50364	45073	95077	40032	48875	36470	54404	40394	37239	26467	34375	34571	77875	31389	45850	39241	26168	35393	50019	87645	34079	27836	28062	26043	22772	22363	38225	16756	43375	27714	44041	32505	54853	836	43755	42174	21165	44422	86877	81186	89245	60731	84912	46555	19512	31815	98849	39143	23155	62022	30232	20392	42548	27528	21315	24980	20808	126617	84258	27386	46678	50044	34166	113975	31612	61711	41288	26665	31295	29269	34485	53377	50135	34963	50070	32963	52354	1459	41548	29981	55801	53350	43577	38390	46474	63618	61934	30844	38829	76986	42990	28476	276110	38317	59973	55638	57530	51302	38266	33724	38657	54838	149730	57334	125444	48877	37951	95712	79739	53626	35469	44386	55433	31342	35044	42965	46842	70509	34657	44774	38894	71583	38408	47718	107571	125179	38816	30873	31533	65632	38636	42058	52823	45355	50231	413	38968	51570	33822	57256	36781	35432	27192	44797	35566	42887	27647	51610	29966	40495	56565	30313	42875	33103	38145	40066	66600	36365	97129	36286	52045	46799	38700	29693	82305	35579	30281	60455	46937	33070	46989	56644	0	0	0
127.03681_1.889	0	0	0	59716	48164	67184	55080	60222	71374	144037	55179	72726	62868	0	73860	95240	81173	65601	89873	73980	80839	160141	73415	100037	48231	44811	94621	88275	94366	78135	115010	93451	64362	130957	97130	166432	82877	106907	0	101522	61570	71375	141290	126569	120624	65437	41159	154377	115353	77813	109282	88911	115772	218477	119443	91586	66310	160947	166331	116450	80520	107467	112715	59026	61573	95062	103282	108364	94994	143986	98003	107023	0	82667	78267	97589	100880	73646	74736	95726	96680	97336	108379	119017	56150	96055	231472	88018	120427	115907	79507	79229	129797	139944	72442	82594	90318	111473	0	126817	162722	143705	111232	106045	74714	108325	82758	29483	91408	132928	97890	119848	156670	94013	95320	182238	111548	98368	168399	94257	60584	88995	90658	112044	125775	83676	115143	162661	141629	120335	83826	121729	164818	48426	116720	116252	132420	128385	117674	146546	92551	127755	93231	128221	92861	119024	119297	121373	0	101347	84161	129792	102323	108336	188672	104936	221482	73796	116888	127092	191906	185793	153047	120017	124180	150704	146850	123626	179160	194028	111502	50286	170031	94228	181710	88086	115587	137875	123749	157458	100625	109891	151326	119968	118420	161017	125899	81151	52728	324207	7607	555410	227033	395532	611508	320939	412086	221624	455780	444701	390973	285084	357998	189115	294329	229655	757080	283390	388129	346368	390458	261840	713071	156195	250256	339783	237839	567264	412406	188143	271464	326869	372256	508923	392056	384190	298060	438068	298491	380996	373412	267085	422417	589264	356167	377833	952689	529491	333699	401180	6010	313444	436009	413103	261294	252049	233517	403987	1029025	83457	327420	189903	209769	323660	284420	451280	234992	303026	407713	329333	474991	379553	NA	NA	NA	NA	NA	NA	NA	NA	NA	NA	NA	NA	NA	NA	NA	NA	NA	NA	NA	NA	NA	NA	NA	NA	NA	NA	NA	NA	NA	NA	NA	NA	NA	NA	NA	NA	NA	NA	NA	NA	NA	NA	NA	NA	NA	NA	NA	NA	NA	NA	NA	NA	NA	NA	NA	NA	NA	NA	NA	NA	NA	NA	NA	NA	NA	NA	NA	NA	NA	NA	NA	NA	NA	NA	NA	NA	NA	NA	NA	NA	NA	NA	NA	NA	NA	NA	NA	NA	NA	NA	NA	NA	NA	NA	NA	NA	NA	NA	NA	NA	NA	NA	NA	NA	NA	NA	NA	NA	NA	NA	NA	NA	NA	NA	NA	NA	NA	NA	NA	NA
129.06584_1.804	0	0	0	27747	32211	19548	27545	22627	41704	39365	34436	35467	34374	0	29645	30063	21530	35949	31944	28474	39680	43192	38642	38663	39284	37582	32510	38807	46532	42338	33004	56816	40394	47292	44420	73328	44200	39225	0	40470	35933	31387	45365	41351	47016	44568	38361	33865	45320	28464	39057	25542	69964	29943	45865	41183	41938	49812	49917	53672	46838	36089	40294	34106	27913	26026	35028	37069	35499	39440	28955	41524	0	38875	28389	39454	36983	36905	27033	52345	53596	43319	38647	37735	35525	40809	60696	36461	57140	43859	35693	34458	37639	45747	30534	63384	41849	42819	0	41691	46964	48210	39573	46595	40660	45289	52244	34597	35139	61066	32426	45923	42699	45028	47322	45217	52623	39470	43455	27376	53358	41727	34751	46264	52509	38286	40686	47137	36913	33957	41144	52773	41925	50858	36817	47091	36691	39239	53401	42212	57639	52126	35882	74546	33329	39795	40951	41585	0	50666	44444	39076	48558	37816	47032	49861	60640	55386	41625	36329	38416	46351	48402	29895	49942	45474	37778	39729	68118	34646	69421	43818	47340	43220	53658	46240	47435	34835	73968	47142	47709	41010	57995	41035	55326	48083	40784	40757	48368	66471	1102	70379	55981	70045	70905	71270	75130	59845	75506	73560	59009	95639	65936	124315	90635	84145	87061	78990	68720	65245	61542	69280	59828	80690	61446	59038	82126	63768	77914	72288	67623	62483	64586	67318	56431	65537	72860	70025	64717	77336	69528	74088	70077	64020	71040	64205	89596	58832	86204	67684	1037	55346	123373	70025	56426	65697	58565	61993	83970	72021	74621	77965	48407	77449	62527	74109	82902	53761	82360	64051	75370	59318	79204	61557	55254	53252	93335	51795	35450	47905	46087	46725	53521	39545	42383	55469	44227	53554	49856	37712	35057	48848	45799	46149	0	50286	59990	52552	40259	49502	51524	66798	53685	58363	37886	34084	39356	61469	60152	62290	44103	45727	38521	49555	32276	35291	43623	38072	35642	49660	49079	40389	35652	27822	29949	46575	48909	44481	42629	60830	32592	32913	46720	52315	37448	38796	49598	43226	37514	45202	32449	37701	33928	61202	34489	36322	43098	70789	50495	43801	44477	43821	0	51471	39149	37312	42724	53705	44352	43386	35002	34704	37025	40941	29583	36268	38986	36667	42107	33199	45572	37511	29008	58168	41633	36326	48279	34634	36817	35166	36515	57636	31308	42456	30387	41667	35889	33484	44010	0	0	0
130.08635_0.911	0	0	0	650821	323988	605737	293568	508114	183534	460209	1137449	498284	357571	0	405634	424014	425308	386112	511832	233139	251845	321324	273095	259605	288318	1241376	339357	264909	623395	400589	480197	663639	493467	330292	470406	593533	302207	352525	666	444517	307198	398812	287418	326049	392650	268951	361572	453967	207872	388550	567140	375098	664892	467483	378695	161553	211092	375706	281590	259416	322354	355827	237798	986974	670828	340826	251376	225873	1130324	235847	397140	346843	6307	992558	239309	218450	292420	245675	367572	270312	182958	626599	179726	403726	333407	319368	674400	1014926	337893	258319	235033	208606	264287	529277	338174	214864	384267	379206	3951	561112	566907	139649	286535	655295	1106530	276819	278904	394024	218014	366129	737673	352770	432847	805342	1276666	398203	353242	326609	695330	310369	414219	922456	336664	234895	331394	304902	569178	317618	287613	367846	260993	245066	368445	436473	308031	246105	446138	301667	200791	342295	218104	396611	174495	304276	368578	355544	388812	341671	9305	240930	266747	380909	284909	300870	224408	318324	347861	490175	290400	674177	275557	339735	178905	552852	254699	297721	687798	351044	277204	422981	423644	247572	622993	291089	224145	380094	458610	697900	482439	319106	307123	628888	514089	345759	318793	363496	375910	353895	218644	386998	10256	300565	175262	237845	430191	567527	441462	365409	314557	349614	228973	389574	452054	419363	280912	315383	283646	285085	1156358	229991	409027	376431	417926	1166786	301093	581197	254368	403889	527320	203436	408585	398734	218932	308798	194980	486926	238214	264400	429566	718192	524677	546936	247713	304111	309427	440912	243571	414597	320047	342379	5724	173834	328029	125467	412874	225472	269817	299546	329341	264355	1224222	275399	169050	268857	365439	618677	272326	298702	376138	363667	186653	320077	320402	329619	442889	725778	596883	466292	221700	1317908	465229	476455	589920	604138	501566	317429	342870	507608	1366625	349658	295519	815579	446664	620005	0	1055267	1049292	414632	555979	480706	630794	493094	594070	1127773	560378	413546	389163	368977	730081	588629	1709259	357232	531545	469811	404528	498617	686054	606981	431295	350274	326921	156662	445496	344492	1622323	439923	350849	634963	664247	394573	1067035	1020237	426330	843893	331361	608069	338895	458258	421709	1501883	1024633	325581	590122	353891	1010081	965027	732324	1073546	593935	514783	396483	607329	0	415622	408218	778052	568750	425312	1674289	715274	465109	650865	609628	833641	443013	948015	1194996	947334	550069	450448	866430	801879	476825	623609	974968	277615	579463	1040177	520584	572987	1136007	411043	683160	651783	761531	421481	314954	266454	310972	0	0	0
130.08675_0.85	0	0	0	70991	103616	73376	50295	97821	205037	294973	208280	73337	173090	0	116706	53349	285365	250855	402346	101979	216156	48601	49094	39684	149933	221056	50005	161628	220082	349797	158321	69889	109827	302323	147511	77305	43722	171517	739	155020	146870	269658	143549	295750	128826	177594	209519	55077	113360	266130	233548	141774	106255	62048	668933	58880	90964	57862	109355	40430	54609	47451	89624	144979	428166	122182	265929	283886	90228	33345	38420	158925	6616	285773	39152	375846	50683	165492	336051	51111	83921	306124	795416	192681	214072	61934	674400	143263	340420	115592	151273	258391	60195	225888	75972	159927	202823	170231	2530	74098	293976	628062	283260	82785	136383	134795	102825	72657	816080	366129	737673	74031	709626	73383	204338	78943	69393	160085	318402	267604	428734	922456	152351	364072	60982	188893	73407	177672	383718	62804	119411	311419	60957	84426	51342	248262	345351	145430	201018	55426	159639	250511	616152	283869	64328	237648	489216	178555	9305	80693	120468	65030	163580	1158171	321521	141084	215638	811579	166237	77827	151434	339735	132147	208943	315612	405504	72664	57316	339226	67800	559648	511377	79514	288499	310835	61890	458610	697900	558880	438419	326748	100685	58439	74330	249804	62516	575299	149392	163727	237438	4858	142934	144569	149964	301423	276350	143573	159460	198795	278480	98142	528356	56870	403390	168768	176181	122713	232541	108532	352203	81747	71950	599566	118162	141394	82230	977820	65310	56540	793476	66076	158303	154850	84896	131965	83787	203089	106810	52050	117829	68271	353929	254911	267256	319231	257045	170773	489927	1321649	224156	8146	307531	232845	458876	180359	151431	213403	98135	55247	211305	153109	1219639	209440	212569	57320	90488	301954	164578	67172	141491	103965	55820	320402	329619	442889	725778	596883	466292	221700	1317908	465229	476455	589920	604138	501566	317429	342870	507608	1366625	349658	295519	815579	446664	620005	0	1055267	1049292	414632	555979	480706	630794	493094	594070	1127773	560378	413546	389163	368977	730081	588629	1709259	357232	531545	469811	404528	498617	686054	606981	431295	350274	326921	156662	445496	344492	1622323	439923	350849	634963	664247	394573	1067035	1020237	426330	843893	331361	608069	338895	458258	421709	1501883	1024633	325581	590122	353891	1010081	965027	732324	1073546	593935	514783	396483	607329	0	415622	408218	778052	568750	425312	1674289	715274	465109	650865	609628	833641	443013	948015	1194996	947334	550069	450448	866430	801879	476825	623609	974968	277615	579463	1040177	520584	572987	1136007	411043	683160	651783	761531	421481	314954	266454	310972	0	0	0
130.10461_0.838	0	0	0	0	250	0	0	0	0	153902	0	14522	47429	0	83598	0	0	0	0	0	0	961	506	184	0	0	0	0	0	0	0	0	0	1033	0	0	0	49084	0	0	0	0	0	272	0	0	0	0	0	0	0	231	0	0	0	0	0	0	0	0	0	353	0	0	386	0	347	322	0	0	0	48318	0	0	0	709	0	0	0	0	0	234	0	151280	0	238	0	0	358	0	0	0	0	0	0	1259	0	47698	0	0	0	0	0	0	0	0	318	0	0	0	663	0	0	0	295	0	0	0	0	0	0	878	472	237	0	0	0	0	0	0	0	0	0	0	0	338	367	0	296	272	0	0	0	250	0	0	0	45009	0	0	0	0	1093	0	0	1208	1234	0	0	0	0	0	1295	0	0	0	0	0	202	0	0	0	0	0	0	1297	0	0	0	0	0	0	0	0	0	0	0	0	0	61370	284	0	0	0	419	0	360	0	0	0	0	0	268	0	0	0	0	0	0	0	0	0	0	0	0	0	0	1114	0	0	0	0	0	337	231	0	0	0	0	0	0	0	0	258	0	0	0	0	0	60835	0	230	0	0	0	0	0	0	0	0	0	0	0	0	0	0	0	0	0	0	0	0	0	0	0	0	0	0	0	538	285	399	0	0	0	343	0	0	0	0	0	0	0	64202	0	0	0	0	0	0	0	0	0	0	0	0	0	0	0	0	0	0	0	0	0	683	0	0	368	2677950	301644	0	300	0	537	331	1576532	0	0	464	459	0	0	8435	3240139	0	0	0	0	0	0	0	0	0	0	0	0	318	0	342	0	64998	0	0	283	0	0	413	0	0	226	0	0	0	0	0	0	0	0	0	0	0	304	0	0	384	0	0	0	0	0	392	261	0	270	0	309	334	0	0	0	0
132.06776_1.746	6777	6395	3464	41080	33778	47962	35661	34973	49272	35863	40501	33675	45277	3146	33374	41290	37752	33286	38129	52455	39845	38682	45720	44786	43991	43738	42615	43947	45643	42157	33026	56985	43375	48359	32634	55823	48367	37870	5692	33727	31407	37692	46240	41170	45002	53206	45325	49867	37562	47763	43477	45881	52595	51793	46394	45200	38448	39411	38727	53407	44743	41336	53427	38182	38279	31179	42383	44094	37665	39974	44496	38384	6141	43203	36913	44867	44682	62344	38232	55505	50983	44587	49909	39971	39557	45451	68230	33395	50718	40599	35736	40855	45947	44751	39419	54773	50515	42125	3643	36459	51026	46523	41278	44842	44394	47044	49130	37439	23679	37994	40266	38189	44656	42440	44044	38413	41020	53688	41682	36209	39285	47286	40968	56958	36657	40087	45557	44472	31583	36437	30366	41094	41113	50260	44206	53695	43888	46167	50117	46759	51237	40033	42500	43054	42913	37407	41758	37401	5990	41940	37010	37635	51594	28646	38039	51901	55106	51872	39705	41422	46254	43224	48982	50297	46757	43006	39883	32319	47270	47580	43734	34829	49287	50742	35209	42096	45343	28785	51141	43807	49170	44868	58482	32094	50940	44390	30825	36818	54651	55484	0	59247	43297	44166	61750	47493	63121	65195	58848	70323	43986	46136	52379	58533	65712	52126	66364	67055	65723	44468	54416	43738	60469	53585	50129	56053	49235	47456	70265	52650	59859	57595	50375	53910	49971	47936	45247	53859	40160	45892	59677	45200	62027	48620	65559	67707	58717	53607	49725	52540	0	42597	52914	47628	49933	46587	47912	45748	65430	53311	64762	43178	50148	57567	57425	44826	55766	43294	49998	59932	50797	47738	42987	44730	36689	50088	50382	48944	34468	40626	50417	40840	39194	52867	41615	50750	37852	47826	31599	38530	33551	52047	46483	40066	2884	48259	42001	48159	34189	49724	40272	59847	40999	38743	34965	46153	40183	49062	41988	44397	41590	50604	31466	49052	37148	36419	37176	38286	34260	46709	40240	32502	37318	29725	31551	41587	37987	37036	37765	43674	34444	44600	40724	42022	35778	35017	40681	46961	34850	43671	36537	36553	34581	37593	40934	34562	32592	40648	35255	36084	43161	40172	2868	44633	32277	32338	38481	40718	35780	49805	51904	38657	35654	43243	34971	32245	44992	39763	42046	35171	44388	37836	28415	44008	42314	37011	33812	31474	36942	33412	43030	40871	28562	34638	33254	49535	54801	53315	52596	4014	5840	2625
132.07034_0.83	3041	6446	3485	844311	859519	404557	581937	662175	290099	1021263	340069	675073	594561	4597	861118	479884	1123735	448266	417332	216252	317730	1574806	401504	1186786	859529	1015921	301209	361345	172227	902318	417247	661025	738083	136823	448745	439496	322308	583815	2174	392399	717613	420570	880259	144794	912594	1094069	715771	615957	676328	1227666	127005	357021	947803	458591	140381	407976	893024	844208	1055708	281969	656762	968498	620943	809983	535073	952327	470078	354225	264202	443178	962808	575969	2073	469905	235425	241592	351993	998129	391010	234063	318788	148034	929443	718162	648623	918835	657437	367064	121169	1555965	250732	277791	554709	136198	242591	1176993	794977	568554	6056	831170	383944	222961	241598	287257	412872	856862	559954	456125	701160	506088	767291	781793	342537	336102	285710	613788	331034	223507	1039460	257237	111383	349993	262785	498361	298524	380220	292561	362592	270020	313945	372370	237789	893916	229466	483234	609548	402098	462412	425913	925591	593825	242158	280317	257461	407714	442328	334321	563101	3652	341070	239645	423774	195387	684974	185393	336511	288350	117264	384060	1289306	869393	1302930	603087	528609	495139	605372	703480	529434	306201	388087	191918	688780	259022	516563	197395	498114	357762	1027105	155244	573079	337067	381294	405894	489748	222399	637583	399937	456886	575270	652258	4307	527032	1175354	1326762	1004550	1837459	1151223	956107	804012	165645	1500809	826392	1221208	922799	439843	398348	226624	292434	704814	629796	1120477	1353968	561433	674235	704634	1473291	235646	825730	359449	662919	1163770	380904	742005	1189732	1165882	1237381	364898	632020	1014439	3019914	515959	1723981	351177	509450	236262	852290	215587	1431840	213390	655267	2385	775983	978344	282685	1338030	303818	531583	1162256	174575	373074	757065	176668	893527	394782	835844	2552875	344356	815452	366992	934131	346935	660602	387532	582655	329995	363190	917245	595912	1401025	492439	400781	312913	1176794	580316	559009	145614	645807	385670	150783	449690	990077	328627	225535	590305	836	248139	171458	369712	675747	973081	358162	477926	468265	188537	403577	803325	971335	213735	646956	596387	693651	1050547	1110965	475870	590924	386956	291346	332659	243677	341181	280784	750326	689850	621270	1052039	561087	329246	289396	651092	479021	445414	837431	702023	158531	268668	846607	481769	880936	193134	900591	579229	868963	1300211	228450	176396	517434	303039	511865	668222	420390	665001	568409	229	421624	282414	337890	934138	372027	549954	400635	1292604	471151	493122	387094	480870	733891	173041	417003	374353	555600	188364	295789	717647	184183	359945	988255	459308	546641	734848	895034	186117	197828	717622	265808	595956	210789	207496	192515	206441	1078	0	1446
133.06075_0.768	1136	431	650	23510	21930	23927	22371	18294	24568	14782	21662	20359	21092	479	18758	20311	20857	21287	21350	21202	19088	15733	21120	15478	19423	24019	24755	23892	24977	18639	20216	17384	20896	24078	21313	18557	20303	20420	588	21821	20146	20186	13446	22194	19791	19586	19908	19400	18091	18363	19781	19166	17624	19569	20627	17257	21064	16504	15015	25798	22882	18515	20116	17248	24933	20290	19224	21460	22445	18850	18805	19126	595	22503	23268	15766	19373	18895	20621	28965	19874	31486	23116	24133	20370	19484	26094	21181	23063	21669	21467	24046	20217	26387	22439	17374	24491	18226	735	26407	27442	22595	21320	22258	21239	26696	23616	25658	23157	17386	18837	26242	21629	20293	23768	19906	19316	26008	18733	21586	28634	20527	21902	18924	19672	20946	20083	22161	27941	18486	18951	26525	24777	25713	21338	17518	26530	20358	20071	26378	20794	22991	20751	23176	16640	31058	25689	18104	677	20396	21127	25006	23229	27680	21563	23980	22425	25202	19425	18235	16696	24131	19086	28255	20116	18957	22444	18748	25601	23123	22257	18747	30047	21910	26226	21881	21212	29057	25123	19663	20938	25912	21154	18605	24770	20002	24726	24395	21372	23332	304	27147	21888	25251	23740	26239	22745	28222	20257	26253	22958	24333	20746	25548	27104	25277	18787	24324	24670	24982	18727	28113	24403	24732	20645	24392	24224	22483	19158	28496	23357	26601	26441	20588	19371	25239	22555	24081	19876	24469	21693	25527	21492	23946	23345	25916	16960	22853	25567	24134	499	19191	26231	21678	20670	23664	26210	25077	20540	29552	23113	25637	19331	27872	22856	21221	26987	20787	24202	24077	25867	24122	29991	27919	25950	39008	32472	34708	36587	32259	31440	36108	28000	28375	34495	21976	31709	33741	35035	36971	30964	28106	31436	27823	219	40436	31529	25182	28055	28185	39941	34456	30075	35743	35234	24106	26243	26589	25134	27531	21065	24833	25458	31192	26503	27914	31837	24880	29293	24064	34655	25927	25445	26796	33739	22453	35082	36225	27917	23021	22949	26305	28518	34602	31406	25331	22374	26418	26041	18061	28270	24617	25475	32828	30038	26053	33765	21731	23581	25671	26707	29867	118	24630	26095	34131	28543	26195	20765	24983	24573	24280	24654	21350	23479	29933	26875	28992	24388	27795	39130	22417	23877	36573	23858	24899	27734	27909	25752	24357	29051	27237	27184	32960	25907	30283	32276	35108	29516	137	74	76
133.06378_1.888	1257	141	288	9666	10074	9912	9868	9013	9860	15940	8782	10278	13230	1009	10310	11362	8786	10676	14363	11985	10060	14014	12187	12107	8773	10277	12433	14271	14681	12867	13974	13389	13020	12651	12086	17800	14791	14071	185	15019	8983	13432	17134	13974	14363	13464	9785	16548	16550	12736	15701	14948	16573	24280	17825	10748	13517	16809	15420	14595	16295	15137	19324	11396	12732	12088	17178	12426	14361	19325	16666	15478	1327	10050	12581	13712	13310	14317	13757	16566	16425	17190	15470	15586	10473	14254	30894	11288	17936	16697	11583	14022	13443	20992	12549	13803	14648	12046	801	16531	14677	17604	10251	12328	13282	14364	10027	6703	14339	10770	11926	10953	15753	13861	12144	14056	14850	15906	13817	13866	10384	10382	14268	11877	18465	13920	18261	11638	18019	12316	13757	17101	19914	15244	18871	18655	17479	17673	12602	26070	16192	15701	17157	22035	21286	21000	19860	16871	1288	19470	15070	16161	15529	16236	22319	19377	32585	12723	18528	19744	18982	20192	15547	21289	17470	23997	16605	15882	18590	28293	15989	9146	21655	15242	21676	16404	16403	19195	15938	20462	13144	18708	21325	15191	20400	16656	18759	15980	11594	25482	206	27213	20193	24019	27520	27415	26523	21784	26998	27565	25839	21479	24244	28528	21742	23749	36801	19011	21030	29563	22695	19580	29359	24913	22158	21548	20936	22107	31478	17434	23736	21244	22464	21745	24597	20844	27323	31254	21912	30500	36563	23006	29842	23982	51674	30637	37849	33490	24100	23526	1194	22657	21005	29072	18389	26282	38174	27198	39636	32438	24745	21361	18713	25863	19334	31774	23961	38392	33784	23303	34699	21553	7758	6163	11048	9739	7027	12292	7948	7320	9883	8293	11145	11399	9230	9292	7140	11671	7279	10049	13109	16715	10257	13947	995	10917	9383	10777	10167	11563	7002	11556	9287	11724	11822	10958	11018	11342	7854	8998	12907	5238	10809	13483	11006	7193	16450	13751	12216	15008	14293	12410	13924	10577	12509	13649	8824	10561	11886	15968	11354	11015	14029	13489	15115	12458	15755	9857	10809	15148	16524	14744	16313	15805	15305	17849	12868	18004	15250	17559	14235	11759	1583	17117	14696	17067	15088	12184	14136	25394	17933	18587	16177	12377	16864	16015	15151	16691	16609	16162	12983	13090	15309	19793	18402	15018	14942	17401	16033	16978	20292	20153	19442	17658	15213	13212	5808	11568	14396	551	564	775
134.06007_3.005	21759	20511	19470	38194	26065	51555	66498	34624	28999	43680	30205	46772	40873	24765	48653	48489	41266	61857	32258	55519	34566	29779	28739	53993	63595	30341	32620	33342	26384	54489	40438	59687	36304	44028	31180	33732	34949	41720	25480	44081	35846	35014	44330	60323	47649	70682	43859	48921	27945	38812	26148	32553	69395	65219	57426	34542	36227	31049	34193	37017	38042	48198	38647	34114	32380	35225	64775	36657	28221	36544	34354	36909	26329	32383	49192	40412	35383	90965	44108	44135	42255	27642	38426	42929	40559	37586	30806	28975	44290	32630	36125	31264	62134	25235	28158	95751	52304	39126	26980	34083	56536	30151	80268	38641	37301	33119	33810	36458	28617	31808	29809	33333	37058	31177	29573	30770	37155	44210	30986	42780	49486	29056	37834	57984	38353	38536	52923	40731	32668	36132	38059	34933	37689	35824	44332	58862	35636	46983	41092	35426	41291	37119	40415	59265	41401	38286	47568	38522	28556	27494	36396	31412	35695	28841	33303	41502	35606	55035	48588	31931	34315	40700	29705	63265	34194	37532	27926	35137	48954	46652	41170	73532	38459	36570	30779	35722	46322	34050	47043	46926	54734	73571	42896	48447	45582	31351	30676	37040	59385	96289	37705	83612	249008	104317	112357	74852	56718	121694	65514	60035	80406	87273	150195	83220	70612	114929	46828	84334	56341	70727	85006	96063	60318	93762	44330	167610	46605	108048	102215	163729	120879	101197	88165	109413	90865	38959	87478	89392	86733	78349	104857	66368	125509	46528	89376	121983	90216	154596	46275	97609	43215	158743	53621	120318	40472	122678	145792	92425	81914	74774	83348	62475	161097	77461	99123	83854	88288	55114	129131	47767	130129	46378	75674	24398	36583	55474	38800	51653	57405	22539	51829	40836	39019	66607	48002	27925	25196	53229	30548	27769	33929	57434	39724	40500	13515	11843	30126	53417	31683	43815	33014	29247	24973	52268	27952	30638	24268	26052	48859	65894	24028	39903	45420	18503	38129	34304	37470	13990	36808	43224	32959	38084	32554	23507	41937	23235	30280	30542	51150	47245	16597	65234	16556	33243	38760	41092	19044	36821	30979	28763	6793	53260	47807	13574	11580	17816	36524	43497	9849	58893	56536	37581	12725	26683	37656	37375	58153	14739	41636	34423	39086	26681	19093	75575	13693	55007	9968	12406	14638	34016	55765	67296	26568	19529	44255	34015	38355	19884	39279	12203	4010	23397	39495	23337	41736	76602	115521	60943	56021	18836	9985	9360
134.06055_2.975	1397	6416	1075	37818	14375	58291	72707	35332	26785	53862	20320	45387	42692	6913	47887	51308	40885	68310	28496	65833	24195	20756	29797	57783	61482	21985	27438	27303	20269	57911	41875	65859	28042	45222	25908	27314	22422	43898	5511	45859	37938	30968	39577	59424	45718	77449	49289	20797	12720	38187	21771	26604	70021	67418	61116	16269	32476	28850	18023	39154	37700	47350	37352	33622	17183	34225	73103	27893	8686	18840	17611	39594	12271	15981	45995	36279	30571	100287	46286	38869	43566	10819	31894	37367	38842	20515	26436	9325	51006	25642	35332	21549	71488	17779	9918	108258	49055	41670	7623	36707	63580	11951	81979	35688	32033	32280	27743	34766	12771	26462	26469	31636	31071	23534	13512	29829	31014	35942	18761	37107	48332	23343	32321	57939	32938	35586	8864	35566	23764	33733	32108	32959	38517	34412	55833	58111	12157	45046	36441	21049	44492	29150	39969	58812	42569	33447	52499	36648	17265	11973	37736	15986	17211	14466	5417	41502	35189	53169	53577	24815	15197	39985	20165	65498	24525	28689	13846	29958	49242	47684	47519	77164	13560	39425	8454	18241	42709	16068	48719	44740	64060	71560	44331	44437	47079	22447	7746	16944	63912	98080	13387	88491	262397	113815	121506	14238	56895	127581	63085	57117	90220	88937	163172	95877	71142	131026	23300	93218	55134	80721	14191	105989	58166	103116	7403	183798	50126	127450	109946	171181	140726	119086	93576	17680	101788	5639	97261	101328	95533	92106	113453	77708	20252	37593	99070	136425	97696	185963	50147	97943	8261	173887	53034	132914	17324	140426	159109	94267	90461	11856	88342	62957	181082	73523	14463	98375	93841	59312	19156	21112	135905	36815	75674	24398	36583	55474	38800	51653	57405	22539	51829	40836	39019	66607	48002	27925	25196	53229	30548	27769	33929	57434	39724	40500	13515	11843	30126	53417	31683	43815	33014	29247	24973	52268	27952	30638	24268	26052	48859	65894	24028	39903	45420	18503	38129	34304	37470	13990	36808	43224	32959	38084	32554	23507	41937	23235	30280	30542	51150	47245	16597	65234	16556	33243	38760	41092	19044	36821	30979	28763	6793	53260	47807	13574	11580	17816	36524	43497	9849	58893	56536	37581	12725	26683	37656	37375	58153	14739	41636	34423	39086	26681	19093	75575	13693	55007	9968	12406	14638	34016	55765	67296	26568	19529	44255	34015	38355	19884	39279	12203	4010	23397	39495	23337	41736	76602	115521	60943	56021	18836	9985	9360
136.07295_3.126	10028	11249	5867	22210	20923	16185	15481	17561	22058	14236	32186	15229	21360	9327	16036	13700	21688	15918	17777	12765	20524	18483	21196	7025	13146	12615	19167	19550	25225	25925	13555	16295	17503	16053	15190	16636	27136	22797	9849	14937	13076	13230	24044	14061	6662	8725	23778	22197	23118	8435	16515	20748	26664	15292	23066	25448	15611	15257	24144	23429	18177	22139	15606	34202	16921	12214	22168	20259	20117	17785	33888	22380	12270	24623	21478	18914	23535	21401	18061	24859	33184	28789	15141	27073	22305	17825	21109	17302	31611	34950	24969	26994	24769	13305	17179	23236	22742	26917	7331	35730	22831	33715	25780	21903	18443	19466	28356	24308	20681	19797	20622	25105	25782	17661	27072	26257	24384	20987	26218	28302	21596	25681	17419	38015	6924	28577	27150	14793	14540	26428	34258	29431	26099	6880	16207	21733	25287	19050	25113	24037	17671	26001	26258	23803	14690	21335	23568	25596	9702	22346	16751	9811	13276	20307	32618	19007	19149	32955	16682	18289	16641	16903	23588	24369	29159	33714	21368	24051	22786	26923	21384	22390	30307	27622	21710	27007	23408	21113	22409	23712	20736	35181	27816	20716	22507	22123	28556	25533	35873	35752	30691	43008	40495	37845	38724	41866	43305	43455	55843	37018	32349	33016	24769	37605	26863	36328	46980	32200	36487	24733	30273	32745	32442	30803	21800	32353	36719	23550	27588	32466	40992	31126	31292	33804	32014	35562	34510	30946	35758	35474	32296	41271	44869	35990	34856	31558	43890	37932	34037	36038	29255	62553	40571	42336	33009	37849	32969	31150	33950	39009	35738	38317	38986	29845	29867	41955	47926	42811	42263	37950	36617	34674	26427	30385	30649	28157	21759	33167	24572	28524	28553	26180	68652	33225	27642	22968	30955	31403	31950	27082	35114	31907	34364	32514	50427	39962	28185	34526	32031	29451	13957	35958	29108	29618	28618	30151	33732	34495	31855	26959	41577	30108	34290	33414	31005	30759	30425	30267	30622	31335	29875	36744	29973	38024	32229	36262	30633	27803	25576	34227	35186	35282	36520	27436	32929	29986	36698	32126	33594	33377	26633	34986	38480	37857	36914	31295	29417	33753	30665	31939	28531	33940	60017	34363	27871	33617	34459	31937	35937	34492	28089	25288	29555	30501	29377	34758	34937	34632	31384	31766	28236	35337	37240	30869	30441	30295	31443	29762	30577	23007	37362	28018	30259	37196	35371	40059	32851	31313	35081	8408	19100	26724
136.07295_3.126	10028	11249	5867	22210	20923	16185	15481	17561	22058	14236	32186	15229	21360	9327	16036	13700	21688	15918	17777	12765	20524	18483	21196	7025	13146	12615	19167	19550	25225	25925	13555	16295	17503	16053	15190	16636	27136	22797	9849	14937	13076	13230	24044	14061	6662	8725	23778	22197	23118	8435	16515	20748	26664	15292	23066	25448	15611	15257	24144	23429	18177	22139	15606	34202	16921	12214	22168	20259	20117	17785	33888	22380	12270	24623	21478	18914	23535	21401	18061	24859	33184	28789	15141	27073	22305	17825	21109	17302	31611	34950	24969	26994	24769	13305	17179	23236	22742	26917	7331	35730	22831	33715	25780	21903	18443	19466	28356	24308	20681	19797	20622	25105	25782	17661	27072	26257	24384	20987	26218	28302	21596	25681	17419	38015	6924	28577	27150	14793	14540	26428	34258	29431	26099	6880	16207	21733	25287	19050	25113	24037	17671	26001	26258	23803	14690	21335	23568	25596	9702	22346	16751	9811	13276	20307	32618	19007	19149	32955	16682	18289	16641	16903	23588	24369	29159	33714	21368	24051	22786	26923	21384	22390	30307	27622	21710	27007	23408	21113	22409	23712	20736	35181	27816	20716	22507	22123	28556	25533	35873	35752	30691	43008	40495	37845	38724	41866	43305	43455	55843	37018	32349	33016	24769	37605	26863	36328	46980	32200	36487	24733	30273	32745	32442	30803	21800	32353	36719	23550	27588	32466	40992	31126	31292	33804	32014	35562	34510	30946	35758	35474	32296	41271	44869	35990	34856	31558	43890	37932	34037	36038	29255	62553	40571	42336	33009	37849	32969	31150	33950	39009	35738	38317	38986	29845	29867	41955	47926	42811	42263	37950	36617	34674	29456	27248	27647	23830	43051	25464	37563	42832	31097	32268	34961	38894	35300	35251	28213	26857	23884	40487	35312	42854	34468	32547	30945	60234	48237	38854	36984	37995	30898	45186	43369	27187	30320	33243	28356	36704	42497	35626	39463	46432	37780	32661	34120	52755	30329	38234	39016	35178	38243	35771	33468	34826	38298	32890	40872	42048	29930	37830	32861	33195	40244	37516	34040	41505	36494	38300	32294	35167	43556	31972	38964	29342	37343	41077	27947	38632	40001	34955	36301	41709	60017	42480	34986	33894	34545	34414	32548	24529	33992	44489	39396	35557	37927	37882	37805	41035	36922	31050	29932	29271	24966	34555	40768	29375	30101	34652	34482	44523	37566	28723	32328	38441	27301	39348	42610	36884	27676	31005	36957	36363
137.04605_1.362	6595	629	554	584499	430789	575952	376250	508673	545755	591703	370208	536821	548980	1153	590426	245995	483630	499595	305959	379558	302873	335397	347155	451846	454255	347615	856394	669293	574927	346477	193461	377195	491109	1155865	384800	603738	450043	566752	0	269595	753271	362834	353716	525844	502019	446483	439046	563659	430891	466359	250379	364938	315334	226620	597015	307606	562530	305510	266519	791069	442343	842567	416385	203392	376159	311662	401462	538006	326164	314425	831979	563914	738	517989	552588	884399	427064	820987	447179	920337	603428	546252	845072	1089710	367394	445418	381944	341669	934384	795851	426010	435614	456181	331939	347679	580945	571785	561811	196	1099941	828740	566188	533509	503480	616979	656058	642816	564514	736747	612157	655003	803445	447547	411027	525140	519014	426434	391158	1079958	537848	499888	637480	577233	644703	284637	643300	553527	817164	473155	725988	576676	651416	886997	377757	695930	297409	620543	602902	460976	948821	658024	492528	630692	1042064	486547	600209	504208	583605	1242	426562	495415	469597	314028	833266	849223	395516	594403	637537	891242	694987	450866	505585	672806	511232	755823	396609	892091	821292	635464	618001	556272	453022	621223	532558	628311	624404	693884	827705	633155	500198	471520	743849	1079803	709324	961498	711554	704342	754556	449406	685026	0	923457	331878	512173	703486	1325337	361712	547572	529529	1046476	413053	566536	1133927	902886	895202	763246	759442	666445	632253	866215	590545	733786	700851	652668	724743	1105328	688001	837165	829532	745944	1072724	758676	1109574	859900	559102	513108	783262	669196	659374	1321581	1553128	1079828	625906	608268	933794	566054	783209	1064698	688189	718319	333	280363	549080	559885	386411	809173	826940	918793	492623	1210690	631109	772603	347266	710260	876326	1147917	590932	776467	414380	474393	522403	465721	613799	576977	745346	1023399	698558	472891	317469	724646	942742	539881	767838	410751	627846	758644	1086060	506252	691910	709682	430685	602908	1228164	701784	0	673890	650885	949236	476807	845458	648950	1111981	799988	656864	407359	585405	477098	595220	718738	2081271	430893	732484	590673	667892	549870	607292	346380	284528	825398	528367	492927	647507	537460	719413	857603	977391	568657	464455	666537	874395	240077	539438	872489	380599	554968	801641	620584	672044	937239	497004	663807	667400	712195	806693	515491	792995	401690	1181628	612867	458287	865212	661776	930	823237	643966	674640	719450	637790	481953	328210	749018	745022	419481	602491	777129	977749	531028	750814	311535	776246	547677	334014	904536	607598	471012	887360	564780	655022	551234	593579	393196	709226	817138	676408	589158	710097	564763	579673	843400	1256	698	1085
137.04726_1.461	85884	0	920	16345	10614	13751	9942	12783	13471	15245	9600	14147	14466	584	17264	5356	13525	11356	9900	10565	8703	9364	10267	10638	12252	8670	20263	18574	14614	9574	5687	10393	12640	27184	9339	17664	11924	14965	1360	6787	18643	10421	8580	13601	12877	10674	12866	14888	10185	12050	7549	10064	9485	6186	15837	8967	15716	8174	8637	20317	11844	23208	11040	6766	10025	8356	9814	14988	8162	8527	21404	17251	796	15577	14542	23675	10677	21117	11660	26180	16047	14294	22354	29963	9865	10987	12054	7935	22719	21111	13610	11684	11103	8586	10048	14495	13769	15708	885	31067	21084	15425	13989	12873	17157	17166	16940	14690	18460	15455	14138	19464	11837	10634	14509	14427	11746	8969	25914	14020	10964	15612	14478	15476	8270	15329	13594	17612	12000	18158	13035	16715	22248	9687	17454	12337	17722	16231	10385	23374	16385	11530	15642	26914	13056	15730	12727	17097	534	10895	11430	11760	8798	19497	22400	11600	16107	16455	23720	19259	14508	13834	17040	13245	18488	11422	21635	20035	17760	16984	15026	11303	17710	13574	15245	14928	17658	21887	16139	13720	13756	19177	28012	20367	27067	19570	17998	22893	13833	20888	0	25507	8858	13713	18596	40347	9941	14180	15287	30382	11234	13343	33176	24305	24088	20541	22775	19594	16675	25141	14816	20709	19243	18542	17716	26902	19228	22019	22377	21879	26751	24858	27886	23065	14833	14178	22979	17632	17589	33011	44163	27493	16708	16203	27331	14532	20467	30497	17524	20642	0	7905	15459	14860	9766	23076	25093	25325	14355	35273	16104	21232	15992	19325	24458	30581	14296	20875	11611	12399	13537	12663	613799	576977	745346	1023399	698558	472891	317469	724646	942742	539881	767838	410751	627846	758644	1086060	506252	691910	709682	430685	602908	1228164	701784	0	673890	650885	949236	476807	845458	648950	1111981	799988	656864	407359	585405	477098	595220	718738	2081271	430893	732484	590673	667892	549870	607292	346380	284528	825398	528367	492927	647507	537460	719413	857603	977391	568657	464455	666537	874395	240077	539438	872489	380599	554968	801641	620584	672044	937239	497004	663807	667400	712195	806693	515491	792995	401690	1181628	612867	458287	865212	661776	930	823237	643966	674640	719450	637790	481953	328210	749018	745022	419481	602491	777129	977749	531028	750814	311535	776246	547677	334014	904536	607598	471012	887360	564780	655022	551234	593579	393196	709226	817138	676408	589158	710097	564763	579673	843400	1256	698	1085
137.05974_2.928	119387	1272	1319	10434	13501	13875	60026	92043	148374	192438	6101	15064	13683	1016	161935	14049	15027	21963	11874	16120	8353	76408	12930	16618	11220	14126	15215	12459	16775	16072	16844	19834	28037	92243	16545	10717	12119	12348	810	15128	12028	9660	14547	15164	133193	19501	5895	11418	12541	6442	10568	68774	15131	13497	17403	8687	8877	10518	10409	16962	12400	9105	13621	9571	16169	10816	12606	15171	9440	15389	11982	12012	2291	12404	28461	32529	10921	11183	11588	17170	18452	14786	8962	7280	7652	16661	10288	12785	14097	9321	14612	7313	9193	12140	13453	12331	11111	11518	2888	11473	13309	18496	9822	19799	12429	13715	17657	8923	10323	22770	14095	20630	13000	20052	106155	15578	13340	16095	19053	13209	18592	20247	15610	12318	10562	15956	17712	25817	13335	13200	14490	13742	9254	17501	18789	7476	89381	16936	10983	75885	19974	15230	17616	23073	87325	12877	14817	13289	2395	15983	18080	11999	9242	16570	19741	15236	19393	15782	20955	14823	8957	17008	15536	14246	18408	23289	19035	12484	12389	14924	12550	13626	22890	21735	18762	15032	18867	17220	15434	20193	21734	16680	13923	13917	27600	14811	13579	10603	16543	22133	3013	26798	12834	20328	23624	17221	15324	15276	9320	26002	13753	23909	12659	20064	21435	21981	26171	21572	16004	18333	11904	13326	26250	13207	15872	34510	16891	14696	29651	22076	15962	22323	21985	13687	15245	16480	21843	21516	12955	14775	24884	17727	22091	13442	26646	18601	18812	12248	14411	18660	3016	12788	15044	20334	19453	24447	23417	20537	21145	22650	13605	17924	13132	19050	16855	17537	31322	21026	25594	20864	223212	12422	194598	50383	102802	101620	68567	80617	58882	51161	75645	68496	127083	49685	64150	64389	101250	78032	82282	104597	79128	72012	129267	77607	1825	95737	81352	77985	32729	3151	3050	143807	57585	151730	31945	32979	62211	60875	51868	70039	66367	36722	70053	69241	66407	86645	113751	70125	101834	45881	58322	65489	68362	67658	58607	62710	94878	68620	74141	84240	68872	63210	64458	72850	106276	61313	84012	47950	70480	121094	62154	49016	60914	47613	61594	50520	75717	72884	40265	38604	78913	71098	1543	122941	34781	70452	102355	90005	79655	97278	66160	64406	41758	71110	62690	47524	79279	75506	92327	72291	64766	73537	51390	49428	69049	51492	40577	100328	78370	44320	77165	80279	54993	65099	63479	61699	66365	2366	67926	2868	451	2530
137.05984_2.983	3226	1680	2148	65183	74174	77913	60026	80956	139503	184315	2580	107203	90162	1779	161935	83597	96771	122482	75990	101816	53583	73377	91760	108706	74021	89888	102494	83950	90808	88058	120295	102536	187407	83374	118105	69660	81820	75385	1100	111867	1727	58066	79662	75720	126086	100002	2016	86818	75917	1654	62900	63010	82314	83241	100786	47959	53302	68793	61720	103644	75466	53922	73880	61720	114695	58538	71647	134238	58628	95508	78160	84560	2190	77247	175260	284801	58031	72655	63533	106706	133993	76149	50758	51732	2394	92928	56550	69784	81520	52654	110298	45257	61161	73454	80736	77345	67124	79273	2888	82266	74057	112810	65035	117250	91209	94001	130628	52051	59139	137203	81821	131115	79329	122606	106153	88659	71248	89419	110493	74331	92341	141480	82018	65756	51684	91296	94882	132673	64649	79182	80432	76416	2580	91340	105630	37320	84866	99017	58844	70276	154678	81868	90342	129424	83723	61320	83739	75603	74	82252	111946	72269	51349	97178	112385	103222	117094	98755	141797	86026	49635	121762	85659	88346	120968	143654	103170	76109	70115	90945	85247	78093	127274	131865	120571	87807	109076	107594	15434	127572	141196	100529	89430	94764	162775	109042	73804	77439	127600	118954	1208	142361	64384	127230	132777	117054	91414	97380	60437	147720	87980	125879	78226	116855	112085	119392	159427	164935	70027	106962	64895	70516	168668	75829	97618	209469	103500	77256	149620	158951	76219	150519	146315	77915	107830	92941	146977	138345	75291	88147	159639	97622	129313	81278	188483	121280	103957	63508	75772	114266	3016	76973	82347	125522	99072	142244	143641	111507	122656	148930	58103	90206	64690	105288	97122	89433	192185	16716	159893	127554	223212	60667	194598	50383	102802	101620	68567	80617	58882	51161	75645	68496	127083	49685	64150	64389	101250	78032	82282	104597	79128	72012	129267	77607	1825	95737	81352	77985	32729	3151	3050	143807	57585	151730	31945	32979	62211	60875	51868	70039	66367	36722	70053	69241	66407	86645	113751	70125	101834	45881	58322	65489	68362	67658	58607	62710	94878	68620	74141	84240	68872	63210	64458	72850	106276	61313	84012	47950	70480	121094	62154	49016	60914	47613	61594	50520	75717	72884	40265	38604	78913	71098	1543	122941	34781	70452	102355	90005	79655	97278	66160	64406	41758	71110	62690	47524	79279	75506	92327	72291	64766	73537	51390	49428	69049	51492	40577	100328	78370	44320	77165	80279	54993	65099	63479	61699	66365	2366	67926	2868	451	2530
138.05453_0.836	112262	95150	254202	345929	218098	238107	396502	273501	300634	355323	209180	368688	345452	171787	610753	207243	255851	383698	328761	325710	425000	263213	234051	201454	300411	520212	253590	227877	311678	215452	305030	178078	175035	367827	258611	283789	576511	329504	114782	302910	157687	430381	383463	316255	183520	255462	393966	191665	281402	345354	278275	264257	297612	227165	468554	282480	291011	262616	357232	258212	486727	236907	362097	371423	463831	244158	362486	262471	401312	219200	340079	341828	59369	290818	346868	330232	546260	260092	261857	440358	397104	259214	220668	277791	359422	173566	279362	232182	358376	274868	214697	271820	261439	245207	402334	299167	415610	341045	86968	259306	315104	249816	720936	514121	250903	267975	284780	298919	250418	359890	378305	316211	276421	368578	320982	360654	282630	483363	205887	883643	459832	362361	698103	301316	299981	277054	218827	470545	245620	259844	301398	256873	302604	271482	366679	282980	509978	326376	238997	230374	288762	477495	747348	621562	572444	350524	526335	336194	51384	279653	267209	219785	254152	276347	204731	272864	612968	450801	266467	432647	296916	221212	208554	626823	340492	402578	231914	209672	572800	190465	300305	486665	791757	323051	211656	277177	374383	487618	380813	396876	244185	272076	434971	262422	660465	280546	286297	390791	271026	505216	45464	273278	496274	320153	349603	423310	326867	959677	342840	338334	282196	352308	443872	284750	372934	385644	577765	480846	637915	659709	289435	329675	634318	851477	445080	694454	787192	296124	377982	579643	405988	1968659	316829	287989	267534	213776	749155	267944	554718	332376	532116	362538	668480	398737	393741	268752	301871	617273	668586	504708	38218	366217	546565	651589	267236	749222	523411	412754	1340953	375986	555051	636129	412248	336035	501556	445716	523841	347452	648851	227942	752639	316173	494145	171773	353246	151566	201182	132087	151983	263341	249730	319538	161546	160356	151360	168500	189567	277202	470510	350442	129560	335455	175695	283115	25288	209264	200193	228369	122188	422190	353237	247694	434687	266788	296515	335783	640126	405057	371661	301257	2487555	240244	182737	222860	202594	278749	268013	277732	204032	305979	208078	165916	825564	154018	276433	441540	270889	300920	174459	170394	159265	372991	287163	172908	250795	210522	422408	517782	1311831	138257	204519	211221	167228	174731	221050	239287	315840	300406	176290	399819	1556237	274065	12950	224544	187875	214069	259297	247461	1271882	246775	187446	185630	171265	244846	264629	280330	249569	237351	227104	406987	201796	241299	178155	334548	218142	179935	223090	201011	381658	217513	213601	254707	242935	386879	336214	169111	243037	162465	258143	32127	35501	51485
138.05765_3.764	114656	26511	112648	157528	147215	133210	121431	88891	87101	89578	124620	76854	110378	24556	99563	109042	157778	221855	44663	148695	80701	159502	103034	103359	89461	167298	109044	87696	98500	208610	121891	163296	174656	65338	41789	249840	60702	179730	129181	148273	148815	95274	186124	188318	137463	95171	122543	100033	112943	153578	41054	151634	182110	149469	191519	59313	132853	37926	171405	47262	94436	149970	133525	38643	123162	154156	54540	73076	169606	121628	114478	144127	62799	52745	122183	113032	92570	138626	98266	76109	50290	122536	104983	90154	154550	124855	130574	95220	124233	105585	182556	118386	123628	117875	84059	131112	149017	135869	16906	96297	85232	64838	126115	68186	80884	49548	42824	79100	96802	77197	57017	104525	135751	148454	54531	78979	103606	138293	85063	87428	148011	46637	104104	152485	122416	133912	99378	134783	93640	125723	77891	95891	128780	86331	125169	71010	43979	76314	94222	120373	81749	128222	153906	106368	105389	94819	83846	71360	58711	60293	112227	93096	43397	70189	57862	97280	98864	81521	95702	82999	120491	97871	84925	124330	71200	90493	76396	69080	69417	67358	108995	82883	110832	48006	76739	125823	122856	55544	107562	105810	86300	94854	37824	39138	79550	45865	73310	70585	44319	83020	55540	86464	149804	97061	55616	142748	130900	106352	58974	91868	66424	60804	117977	123754	153158	139192	123559	58870	66305	144507	134035	78812	122505	132311	139241	128741	114232	97514	171534	102013	109813	101744	231231	144777	67019	77505	83132	46762	43320	140267	162710	117178	73646	76548	45483	85096	57670	137228	116745	80305	14381	155200	113687	129883	78414	121957	43177	71096	116634	100362	69439	124598	83075	106106	124966	56874	132049	80550	73666	115449	60553	61869	64751	75608	60694	71802	70903	101582	87963	97943	61750	59622	69212	50600	84282	70730	71294	68416	57763	76988	112703	69314	54566	117713	25884	58123	60767	43894	75238	61524	95977	71340	33467	82033	30170	76728	74028	68668	64068	74714	90741	98306	72622	65912	85928	62184	42770	69365	77940	79344	80734	65694	72853	41537	71502	83814	53872	62399	52242	58382	49577	38567	48353	48897	92646	76994	72976	78907	65132	85380	70446	81222	76743	57270	54910	57292	50088	34958	21188	30864	93200	83820	37037	55221	48418	88675	62403	71245	47668	59144	77638	59103	57062	63173	62344	79171	44567	61042	62796	70196	75000	69978	97698	47607	45553	65912	57026	57616	44214	55954	53223	65984	51737	43417	60348	58683	38453	59580	53493	30022	29672	29187
137.07071_0.768	1602	2516	1915	9453	7324	6528	4359	6840	8704	6052	5823	3584	5363	2300	6954	8751	6749	5770	4979	2368	6370	6694	8665	12915	3873	7929	20682	3661	3204	5633	7174	19521	4823	5927	4609	16323	3993	6924	1600	7979	5353	6961	9185	7963	9490	4996	8581	10691	6551	4552	5730	6364	47062	10976	9167	13423	6741	9693	6017	7107	4736	8331	8696	10109	3389	5143	4953	4776	5742	11234	4570	6242	1545	8365	2761	4249	7641	7026	5814	6995	4383	3623	4843	7857	8088	10561	22846	10885	4778	6658	5651	5675	8220	4339	8743	4086	6384	6239	1269	6199	3860	28407	4795	5530	5373	4985	8132	10883	6033	7998	8790	5434	8150	9859	6469	6076	12983	7621	11039	5182	3764	6343	10373	5179	13134	3744	3115	8521	7195	5742	5489	22319	7503	12417	13850	4923	16781	4648	2811	6306	7348	10757	8224	6792	13961	6019	7049	6376	1452	10814	12332	10840	8251	6577	9999	13668	8637	3733	7050	9741	8606	10206	5295	4373	4823	6421	12258	7867	7210	9593	4403	3195	8199	11367	27060	8545	13967	4401	3792	5380	27220	6278	6369	4174	7806	6321	8024	10700	22453	7473	709	2690	6853	9348	11317	6992	15494	4042	10759	5807	11576	10007	7089	9542	5290	4316	5663	4601	5543	8302	6001	7113	13026	7288	9366	9794	2768	14286	9388	7710	10590	6037	12959	9414	9650	15182	8136	11014	4382	13404	9556	10301	5100	8032	2962	6035	5883	7162	4245	9556	956	5805	8705	5397	19255	8235	8367	4220	4021	5934	9163	4160	7166	3942	10973	9530	16108	7937	4020	7688	7129	5063	5070	2274	12653	7893	8936	4371	5201	6169	6672	12554	6319	3911	7763	3741	7092	10694	2523	9308	4719	5952	4295	6201	1023	4648	9134	5711	17933	8398	3317	7009	3947	6648	6973	15169	18942	4244	5862	4773	3166	9701	19797	4837	7631	6967	7714	6357	5105	3286	8439	8310	12435	7169	21678	8806	7812	7586	7869	7883	7991	8369	9509	7599	10246	10559	5150	5260	6071	2771	6924	5954	4659	5529	4795	4529	4289	2505	6475	5861	8444	5407	423	9564	7340	8563	5014	4121	3904	7976	6990	5353	6304	10172	8053	8915	6221	8553	7245	17575	6592	7468	7039	5320	5545	6726	6521	5654	12294	3892	4619	5441	6050	3719	6536	9879	3018	4873	3919	881	834	1316
139.03755_3.285	195	751	0	7903	9340	9363	7944	9992	9736	7574	8280	9638	11428	156	9875	7769	11303	9522	17908	10066	10551	8840	8113	9694	11283	9449	11246	12236	12121	12013	8417	11906	10446	11813	9533	11343	14469	9930	347	11362	9133	11552	12049	13232	14020	15375	10019	9487	14791	9823	11961	12196	10518	11599	12424	10735	11734	10090	11004	11495	12492	22556	12770	11040	12320	8657	11023	4230	8699	9219	10542	12926	313	10514	10411	11477	13385	14352	11005	11422	13092	10872	10315	10809	9489	13156	15001	8802	11271	10167	16092	14323	11483	11396	14609	17445	12790	12435	421	11758	10021	9617	9647	14507	11919	11535	16905	10522	9908	11976	10811	11359	10084	12799	15286	11495	11716	22168	9338	12053	12144	13035	13655	17307	13659	12796	11653	12507	10780	12867	13108	13198	11939	16119	18021	16595	14535	12453	17423	21200	14116	3838	15943	12801	12221	11873	10711	12433	447	12706	11860	18135	15078	11983	12400	15710	13827	13717	9632	15202	11155	12549	12162	13072	19473	12562	15711	11043	12756	12450	12778	11334	19367	14662	13528	13039	10615	14797	13927	12458	15117	12452	14410	11144	17466	12405	13892	12222	12647	5604	713	8280	3038	3663	4117	2377	4011	4680	7890	5243	5087	1020	6152	2967	4061	727	3115	1252	3952	2024	4554	7397	8893	2147	4431	4507	1327	2585	4527	3143	3411	3894	4565	2136	4731	4409	4647	2523	5922	1120	5299	4150	8884	7787	8709	5202	5177	7623	3684	6123	1318	2854	3402	5848	8550	4034	2673	3249	6438	5865	4052	1344	1773	2880	5767	5341	4489	2873	2394	6299	4278	3681	NA	NA	NA	NA	NA	NA	NA	NA	NA	NA	NA	NA	NA	NA	NA	NA	NA	NA	NA	NA	NA	NA	NA	NA	NA	NA	NA	NA	NA	NA	NA	NA	NA	NA	NA	NA	NA	NA	NA	NA	NA	NA	NA	NA	NA	NA	NA	NA	NA	NA	NA	NA	NA	NA	NA	NA	NA	NA	NA	NA	NA	NA	NA	NA	NA	NA	NA	NA	NA	NA	NA	NA	NA	NA	NA	NA	NA	NA	NA	NA	NA	NA	NA	NA	NA	NA	NA	NA	NA	NA	NA	NA	NA	NA	NA	NA	NA	NA	NA	NA	NA	NA	NA	NA	NA	NA	NA	NA	NA	NA	NA	NA	NA	NA	NA	NA	NA	NA	NA	NA
142.09384_3.54	0	0	0	0	0	0	0	0	7600	14925	0	9590	0	0	24381	5247	6019	16956	5760	12379	0	0	5409	12920	5028	10645	14226	8346	12873	4742	14267	15499	27908	12765	18305	5656	4223	9047	0	14105	0	3772	9464	10443	17908	13469	0	11153	10602	0	4867	5592	11488	11368	12917	5178	4699	5175	7476	17788	11340	4727	10974	2857	17450	3311	12256	15888	5749	14307	11775	10341	0	12819	31786	43077	9542	6076	5875	19939	18239	9963	8054	6475	0	12827	4063	7606	10767	7654	16570	0	7923	8419	12410	8981	6706	8365	0	16239	11186	17066	10303	19282	14375	15316	24917	6083	9005	26116	13023	22747	10084	20434	17452	17111	10435	12807	18457	10533	10651	23801	9920	6723	3748	14043	12450	19278	6783	11976	11679	11253	0	14550	19154	2176	13402	18940	8211	8537	17554	11716	10778	18542	11275	7462	14204	8989	0	12420	20643	10194	2163	16966	18867	16650	15152	15127	25319	13436	6599	22139	12705	12165	18682	24011	18076	12189	10219	17160	9885	8310	17940	24714	16276	14934	19024	16641	0	23048	22980	15500	12147	13426	24114	18623	12937	8384	19284	16304	0	23322	9231	23775	23121	17700	12610	16586	7320	24535	12658	18353	9415	18075	18664	15386	26001	26225	10583	18552	9035	9665	25580	8988	14354	41626	15833	14281	29831	25455	12727	22619	24361	12107	17765	14157	22679	24316	12689	13629	27951	14742	20051	14980	33933	22964	17294	10634	10846	17729	0	10612	11262	15630	14701	24679	19433	16656	19412	26673	6785	14596	7236	19521	14710	10757	29643	2226	27256	19026	31984	10823	NA	NA	NA	NA	NA	NA	NA	NA	NA	NA	NA	NA	NA	NA	NA	NA	NA	NA	NA	NA	NA	NA	NA	NA	NA	NA	NA	NA	NA	NA	NA	NA	NA	NA	NA	NA	NA	NA	NA	NA	NA	NA	NA	NA	NA	NA	NA	NA	NA	NA	NA	NA	NA	NA	NA	NA	NA	NA	NA	NA	NA	NA	NA	NA	NA	NA	NA	NA	NA	NA	NA	NA	NA	NA	NA	NA	NA	NA	NA	NA	NA	NA	NA	NA	NA	NA	NA	NA	NA	NA	NA	NA	NA	NA	NA	NA	NA	NA	NA	NA	NA	NA	NA	NA	NA	NA	NA	NA	NA	NA	NA	NA	NA	NA	NA	NA	NA	NA	NA	NA
143.0379_2.508	60452	55135	79858	88274	50765	65228	35800	50948	57597	91056	21090	78304	38210	90295	92622	57411	59747	123109	67347	83500	50503	50579	105220	58526	61763	73748	84547	79400	90234	45961	102406	119181	93705	68753	86441	79796	61154	59989	39598	126721	43639	55928	47865	132321	91784	113017	34089	69698	58923	67999	47590	61552	72410	74801	67003	19257	67792	91229	23556	83443	87906	28309	76188	94876	93119	55526	69208	91112	84622	102204	70201	78977	63821	70381	102728	168301	68898	93465	54983	102131	82286	86717	91414	76378	38617	98036	37379	77269	83218	56955	77944	29916	52001	79940	94276	78229	74403	67689	78706	136893	82559	104125	77241	97496	70304	86177	96121	65709	56396	120181	94032	110716	86091	92891	91987	96191	63730	66131	93859	67774	72966	100920	113284	77359	62900	80236	74901	150144	48938	90108	109503	67715	44166	84479	147358	49198	95569	91577	65108	61929	107796	67869	75344	87114	73780	56050	101526	71248	57914	93243	100683	74430	79431	96102	97136	95612	120868	80086	142909	92793	72710	130012	99553	84850	101777	120222	118586	85181	62390	75585	85203	65761	109148	112234	98196	88921	113221	118778	53234	114597	129100	109870	90081	85851	98357	97340	69572	111133	98673	102177	21113	101715	75978	105644	110672	75575	89267	150813	62235	149531	69949	124179	78107	93320	120748	89490	99240	99733	88859	84152	71138	83799	117828	69734	90161	153634	96369	73493	95256	95613	91971	98221	99719	61573	75078	85130	76779	90038	60021	64278	147188	68672	108375	60276	117625	87585	76841	50073	81442	88139	14532	69546	83981	103111	92172	103325	92412	100608	117969	140832	40004	103772	45166	78493	66035	61700	134030	28195	130015	94916	160657	62645	193812	84745	93339	138867	80675	117319	130657	94693	108329	48135	118213	81753	109907	54180	109307	137074	126288	133372	66955	81311	133434	103318	38610	115373	127650	98699	45667	56335	45361	123540	100520	216220	69283	98599	58692	101317	90851	134841	87694	68951	106420	122280	97455	93758	121976	87332	166870	57296	103327	121350	97273	96007	99822	132279	90968	67325	112786	105467	85067	79069	106166	92424	91321	74441	94825	68213	86419	164907	91583	71136	156617	74194	64821	86723	104371	117943	61247	74484	104214	88841	20066	152510	59555	108065	164875	99042	119591	144658	80888	89546	73269	103116	121135	61646	110369	109068	150272	101236	109447	125674	87585	78732	101010	75092	63330	151560	125189	111131	108577	127841	130324	92080	113880	88013	112764	24040	82675	37632	39956	37248
167.03146_3.064	164	0	0	0	0	0	886	0	0	0	271	824	0	0	0	0	3477	748	0	824	0	850	0	1742	0	0	0	1063	0	2701	0	5344	0	0	0	4063	0	924	0	562	267	0	790	0	1840	1720	1781	670	1466	2863	1296	0	4032	1642	741	0	1750	1609	754	1383	4487	743	6580	962	1498	1088	6294	881	0	1071	3537	1739	284	529	471	1528	0	3528	3042	1721	1265	941	1893	0	1902	0	6527	0	1561	4259	945	0	881	668	0	5075	4945	1741	0	0	680	676	0	933	0	0	0	837	432	2412	677	0	4444	1150	630	3732	0	3379	4971	2026	941	1065	4120	1534	2677	1342	2942	2770	1214	2854	0	607	0	1867	2357	0	1989	2541	668	1182	743	3782	7712	4250	7613	731	0	2634	0	0	814	1746	2488	1310	621	3680	3367	4140	2122	4302	2217	2547	800	1166	793	0	601	4886	1127	1707	2334	1353	7822	609	1448	1229	5133	3214	5261	0	2577	683	3215	0	6385	4366	2461	8130	2575	35325	901	36997	21327	48073	52776	75275	50418	33221	49102	31455	39880	37734	24501	21547	42308	43856	45015	28355	38454	20857	24205	61602	40379	39935	48997	30765	24623	62945	28481	32527	65310	38335	23648	67296	43065	50233	24507	28577	30331	81157	26491	75858	27266	42016	38071	36228	50863	30932	28480	36652	1076	21753	30912	31166	55368	24370	38563	24016	46929	43849	39090	22639	25167	45357	54577	69020	44048	21522	30778	51364	31915	20070	NA	NA	NA	NA	NA	NA	NA	NA	NA	NA	NA	NA	NA	NA	NA	NA	NA	NA	NA	NA	NA	NA	NA	NA	NA	NA	NA	NA	NA	NA	NA	NA	NA	NA	NA	NA	NA	NA	NA	NA	NA	NA	NA	NA	NA	NA	NA	NA	NA	NA	NA	NA	NA	NA	NA	NA	NA	NA	NA	NA	NA	NA	NA	NA	NA	NA	NA	NA	NA	NA	NA	NA	NA	NA	NA	NA	NA	NA	NA	NA	NA	NA	NA	NA	NA	NA	NA	NA	NA	NA	NA	NA	NA	NA	NA	NA	NA	NA	NA	NA	NA	NA	NA	NA	NA	NA	NA	NA	NA	NA	NA	NA	NA	NA	NA	NA	NA	NA	NA	NA
145.12175_5.645	8489	3054	3245	10342	7099	11796	8244	8188	10765	10356	9952	8198	8505	3607	8134	9764	10329	10718	10647	12940	10228	7541	6174	13251	15187	5736	9191	8939	12428	12619	13136	11578	12246	9482	9740	11938	10213	8717	5814	10939	8070	8477	14370	10486	10260	12235	7461	16927	10736	8609	6054	6461	10021	11808	13748	8057	10384	10170	15956	10251	11661	9546	11379	6571	9467	7159	11324	10246	11319	10628	9708	10613	1641	8806	11111	10929	8501	9642	9650	10540	9469	8944	7945	8491	6074	9803	14713	9417	11491	10960	10429	11159	11074	10524	9439	9886	8349	9486	1689	11355	11595	8847	8078	9138	10287	8895	9623	6550	8909	9012	10140	9996	9449	9475	10347	12755	9942	9439	10285	7490	9258	7592	10436	8427	8052	10683	10371	9785	10759	13213	9181	13008	8262	9252	7668	9938	16951	9030	8271	9638	9721	15020	9496	10958	9174	7348	11822	12412	3845	11165	11604	7912	9931	8038	11362	7483	12288	11063	8755	8088	11019	12748	9494	30108	10627	12912	8242	14398	11673	12956	11622	13180	32676	10413	11861	10463	8462	16691	9362	11895	8968	11469	10613	7383	10997	9357	9875	8588	7892	13500	5151	16694	10543	14607	15208	14946	18058	13854	15238	16603	14159	16933	13822	12541	14845	12652	17383	12324	12053	13404	13505	9813	13042	13278	15176	15441	13120	15589	14259	22749	12413	12302	13930	14829	11340	13096	14913	13836	12366	12770	15685	12664	13068	11913	15033	13561	16490	12598	14912	11409	4350	15679	19765	10778	15397	13112	16710	14705	13522	12015	13214	11797	14310	13197	13870	11675	14625	13230	13614	13940	13741	14480	37915	42355	42613	39521	34964	31836	43821	33568	28727	28360	34788	35230	86335	24933	29665	24721	46232	24574	24741	25019	53042	23289	8368	28528	15738	23384	12492	25469	27066	24668	87039	28724	12569	32465	24606	30263	19444	24643	20647	24210	46397	26191	35063	28992	81482	86467	33503	21110	20580	23056	30769	38322	11508	20711	81994	81643	26538	46708	15053	26286	22931	42711	32734	27058	26637	11067	23649	36640	12993	19237	41407	23449	43480	18371	18620	20031	21994	23322	25888	43637	4916	94815	38296	18631	33175	25019	51211	40211	11442	29036	35723	42599	26039	23525	59401	31580	39044	38378	21733	27337	24819	31558	23906	24777	26420	33067	25620	21452	22616	42640	22418	77868	26660	35717	41880	40606	31636	5948	4006	4591
146.08049_2.453	3065	1931	2577	22798	14038	10725	40361	24021	53873	12721	47614	36543	24385	1877	40751	23434	30734	14813	42070	35905	21699	19940	12864	60077	15309	32710	50542	33491	52557	30514	36683	32626	40943	22987	40336	33473	27959	23003	347	29950	6581	15351	28195	22821	35173	16380	5845	22503	15645	6678	39636	19720	25167	28360	37929	9554	13687	18207	24282	19894	24910	27349	13653	13428	25311	12463	28517	39944	33770	13951	13728	25409	2114	42180	59614	65841	15161	16172	18521	60870	51762	33747	28377	41939	4857	35969	25611	24645	16003	11637	44262	22440	12844	36401	43637	26469	13026	31646	1938	15855	26787	33782	34541	52816	27055	21251	19845	7936	16213	22813	19808	22381	36424	30487	40794	16357	41114	24217	20351	16173	46462	49550	30848	14674	40649	35122	45053	39713	26027	10349	16679	28697	1971	17438	33709	15866	39963	21203	12348	12029	29148	29867	31529	16074	32512	22820	33927	32379	1648	53995	41135	14108	7972	17066	41796	17159	31068	55877	23732	20255	10056	33429	11162	44944	15385	25024	29781	19127	35272	33743	44000	26111	43612	23737	36900	32142	24769	25671	15892	21701	36751	45006	43997	20431	37957	21742	32938	26824	18096	31562	3300	56324	16332	75027	38039	44251	50481	35326	19696	25019	60576	54070	15778	60107	58880	49752	40213	59925	25220	51654	15445	26899	48245	22179	17979	28633	19973	19746	22607	75445	30850	61308	26233	17355	66780	28837	52732	24627	16633	21759	43155	23392	55647	20889	24365	28716	25317	12896	12865	35200	1488	24974	28218	65532	37865	43290	53327	22290	42078	65778	21189	21247	17872	45400	20720	18954	43834	7851	54501	42481	49013	12237	46971	13304	39755	24014	39561	24921	17336	26226	38753	28180	53258	21423	16990	19084	21626	41111	16440	53028	68062	20311	23536	32409	808	48381	25461	50146	14712	15259	3794	70740	35773	30766	22771	14425	34458	27050	25315	49207	41546	14307	38134	30835	25670	25795	72788	32796	43435	10907	13426	43739	35172	28584	40732	18668	22741	36275	21075	29002	18914	14682	24469	19213	30011	16609	23454	25280	44198	30371	18772	34189	40378	26062	34603	22918	14469	39569	11032	43760	45492	28599	724	25062	22988	15665	54302	32410	29077	40516	25938	12787	12883	13807	26552	25434	30995	16739	30042	24913	18742	18643	15445	21244	22121	36343	16489	23527	39177	6149	33921	36369	15087	17016	21123	11000	14945	2476	23065	2112	2551	1194
146.08096_1.843	1765	2303	1747	43998	34224	39169	28010	34064	54911	52102	65301	44912	42945	645	58356	29383	60094	58841	52408	55639	43962	40193	51012	42878	83559	51946	48572	47004	65213	45603	43929	158084	41957	36240	42957	129250	52373	45781	1047	49633	37752	44318	50619	51367	49453	92286	72250	39447	32627	53287	52868	54112	127989	37937	49332	44080	43834	37506	46776	55636	35062	46617	38209	44881	40094	42757	37196	58504	46144	43920	49883	48960	1555	54277	50811	64160	45566	88877	53411	67008	58633	65768	42165	46090	64656	36075	133512	87710	39559	41338	44911	35908	42069	46121	35034	97837	63938	52276	647	28787	62121	55817	53547	55371	42541	34877	72117	48027	30964	42347	42120	45168	51514	50094	62135	42586	39148	89997	42210	48441	57633	54295	36867	75936	44135	47399	53480	45433	26494	43803	30523	55715	40230	71351	51141	38932	66538	35976	62230	36956	65477	76856	37570	58667	45408	35187	61475	51026	2190	41447	47917	48085	69832	28709	57537	67005	64275	63270	37335	40653	40134	56242	70065	77841	38834	38717	44086	47557	65760	41643	56428	62320	71683	75437	57905	67412	50545	31422	60462	43331	70460	66358	56415	31984	50424	42201	43717	44271	59692	67452	3218	65633	49751	63696	97915	78374	88333	72850	69251	82695	59875	64718	56163	77997	69820	73965	70577	81437	56872	52969	55437	81340	84040	72514	58441	62376	67945	78554	74492	73719	81410	84061	42503	82472	56649	80094	56530	50880	52836	66664	76492	67343	68266	48868	67223	72650	70780	58050	64266	67341	678	54576	69163	55268	72574	44032	60202	49996	61034	78674	57834	70890	56742	74480	61375	63472	76385	49015	51860	73270	56609	50678	59328	48755	36568	65161	63092	58568	41039	51253	59703	50286	76782	65362	40007	74239	44566	46884	54980	45242	52672	63670	67785	48400	2139	57488	51249	42654	50505	39348	64140	61356	49363	47809	48901	60939	57730	76210	44953	38196	65222	32284	61689	47765	55725	43462	48851	55338	41165	50231	48602	37907	53996	39517	69467	41954	46095	52003	45131	53547	41267	61902	41987	43562	35302	45703	49307	34340	36610	55618	48249	43529	42833	69776	46889	40454	51071	37373	48336	44057	39222	56891	1507	47514	39048	40051	47857	56824	63571	57700	42118	41625	34556	45749	49853	52695	54355	37703	61214	50731	47957	42379	40419	67353	45694	41415	42633	49136	60451	42218	52302	65220	49777	40166	64204	89468	74706	85345	77978	1401	857	1069
146.11794_0.824	452	608	117	313810	381900	290700	430004	359152	674829	416720	653324	492577	434845	327	385423	294592	364333	345024	284095	554014	459343	302041	458797	446871	381193	505648	460722	506699	554893	446426	330991	417569	504879	598730	420806	367222	463736	458970	0	382582	476889	317345	304633	500203	452430	426581	462806	349996	420832	445647	441765	306049	385722	275133	480327	527234	385378	328964	333019	728196	473769	461834	582162	400724	335068	338654	455175	533494	571404	567893	514859	472728	532	559907	575248	481402	561775	430506	297303	624961	641327	430006	372317	423230	443729	453790	510676	545056	471750	453644	514474	381690	486146	414414	458782	374430	392084	479461	483	534417	457542	474209	339506	548348	511912	458127	541280	417746	427878	466738	562471	423161	501214	439177	477830	461365	469722	377793	629834	340348	360162	471451	366228	449739	448790	357212	560391	528063	522345	374107	441990	450973	494844	443868	417567	527070	475480	378561	398491	543710	355619	381515	329354	555044	372855	580170	422582	478476	93	468664	485243	443629	369280	509188	464448	450033	517411	417363	390549	555969	472587	462500	484462	432741	502793	467738	620814	433297	345377	350596	434515	463873	485848	475102	449055	565539	421399	336303	380966	487170	410268	513570	436607	427240	571730	456762	527620	388568	507168	549840	105	817315	572572	562205	703817	554782	594774	699073	517556	720257	572644	771999	517438	509649	559396	441370	645611	694413	676349	391551	462432	576981	613913	706404	513855	584411	691161	578550	497414	674554	469601	577352	479902	515488	586893	516681	381770	486040	504854	503608	496011	558951	657794	379344	708444	587471	687850	569529	907301	548706	0	646857	675175	591781	501463	371643	637559	334485	477466	515674	783539	799980	546820	445897	478434	469520	404765	472515	596481	362169	535464	457467	497083	472389	445710	420336	779520	471483	617036	578601	561654	380939	515442	466852	426734	465175	459881	421325	704605	415195	444842	457350	547507	464408	313	419324	430762	517420	279315	510433	415086	654938	491556	458783	592044	466421	462238	399304	454034	375343	185204	547245	567590	513885	410218	367483	437724	531002	589389	391012	529889	390300	341218	458388	451180	510751	478505	415546	344243	660972	98097	357705	499666	379180	445834	491031	486997	518163	509629	118883	414189	423277	409657	418143	412720	481367	408635	372606	370440	622588	485548	462743	111	664114	683810	487502	370188	599858	100087	533314	419262	526517	457815	528443	397148	198218	386412	508184	552862	654557	395600	448813	439322	407943	441212	450194	641571	433311	416363	406262	390788	406705	413707	656029	340598	409940	387659	424981	480815	375	347	103
169.04701_2.898	210	1459	731	3216	3073	1811	2235	2147	5319	5493	1469	1472	5203	753	7009	8956	2058	9338	5872	2550	2732	1806	3327	1715	2189	3408	5858	2110	4787	4347	1455	4219	6827	3878	6571	5230	11176	4867	1073	2128	2639	3788	2467	6017	5478	5174	1706	6359	4005	2190	3283	4930	5119	2490	10601	4250	5621	4010	5869	2807	7568	5138	1626	3937	2781	2015	6198	6265	3755	7488	3009	7868	1449	4478	4322	13121	5858	4817	4885	7229	6699	6026	2321	3096	4286	7425	5308	3848	5164	4237	6021	11512	7270	4539	7495	8199	5339	5642	3359	5698	2794	8752	11424	8008	5027	7088	9297	5480	3786	7359	8741	5500	3079	9166	9487	5127	7143	5883	7801	2184	3110	14864	4557	5712	4145	7005	3110	14238	5525	4472	4926	7874	2502	4495	7900	4447	7156	4518	9153	5857	14144	5689	3031	10920	6160	3570	12495	7664	1068	4905	11145	5702	9165	3291	11596	6592	13338	8599	13525	7262	4121	17856	5151	6673	11840	6911	9886	6871	10537	8532	7994	8551	20544	11764	5488	7735	7494	9165	706	10058	12578	6941	10783	6092	13924	6314	3204	7196	8424	73540	9659	77521	82338	58499	87908	55899	80658	71118	54985	63317	67657	79038	33295	46179	79822	75792	97220	70086	62972	45725	48280	65839	96336	40433	87556	106733	67911	66225	78779	85657	69952	91396	81504	53988	49847	64450	55450	88001	30397	30672	80882	49814	81672	85451	51561	82631	69099	27351	32591	74362	20884	64708	40350	78686	52393	78892	65484	78633	98558	98751	39237	65331	39045	74999	72119	44689	89245	21576	54523	89892	111266	33528	NA	NA	NA	NA	NA	NA	NA	NA	NA	NA	NA	NA	NA	NA	NA	NA	NA	NA	NA	NA	NA	NA	NA	NA	NA	NA	NA	NA	NA	NA	NA	NA	NA	NA	NA	NA	NA	NA	NA	NA	NA	NA	NA	NA	NA	NA	NA	NA	NA	NA	NA	NA	NA	NA	NA	NA	NA	NA	NA	NA	NA	NA	NA	NA	NA	NA	NA	NA	NA	NA	NA	NA	NA	NA	NA	NA	NA	NA	NA	NA	NA	NA	NA	NA	NA	NA	NA	NA	NA	NA	NA	NA	NA	NA	NA	NA	NA	NA	NA	NA	NA	NA	NA	NA	NA	NA	NA	NA	NA	NA	NA	NA	NA	NA	NA	NA	NA	NA	NA	NA
147.07639_0.768	9736	39	222	625543	762066	669158	626345	604150	750862	582837	647573	649227	665049	251	637131	658574	597885	660790	737157	791208	706167	658154	686727	660351	662614	806822	641982	677797	717188	774050	737235	516633	779931	676512	703018	625363	701372	669754	174	699537	769871	654779	646231	605384	793041	635858	674175	634158	723901	669166	717238	619930	667614	647277	620108	650623	731153	730241	629968	742280	602230	670122	630434	789270	743643	587455	567164	788179	660204	643287	616562	644915	529	675402	768481	719023	686692	612471	617663	728653	697086	706708	606292	687990	750304	693297	972014	640510	788341	709764	710323	705365	639359	763355	775619	571930	644948	678178	241	903067	868437	724792	641132	710965	699779	676700	684113	676452	875536	698743	627535	649805	808140	697720	704646	695430	684159	717386	613230	637602	935338	784601	630747	676654	666597	702000	884082	716131	760562	668661	648536	870891	700026	787659	640551	639820	694966	623250	699641	683837	690697	683501	653873	704706	646298	789922	700590	654831	328	732921	720154	677749	700990	776278	715063	731292	719260	843759	633495	641918	733379	656163	679787	840202	665111	618978	685571	665797	719327	701160	709158	730687	697261	643612	729495	905593	645288	831433	812907	660355	641646	768938	670001	594505	732059	710524	785994	634526	617773	807784	516	726399	780416	872747	795738	797082	774312	928714	839514	927233	873732	853538	749376	791946	945301	955192	923844	873237	925583	777984	780532	1133351	824267	802874	825370	788685	1022653	950437	698386	810511	1035953	814071	848470	992329	847336	757296	850343	816873	823674	825890	635476	878170	655544	747703	815107	814878	630987	811404	1024144	850242	586	745038	810350	694203	726164	841340	791019	765513	539613	947030	867358	1023003	733691	931157	800822	766178	857412	811083	650908	725053	671690	801986	764936	902324	952506	762398	915910	878508	766861	955368	794364	851287	882316	939432	976332	785393	907494	849844	1023464	838651	941282	744418	866287	903554	280	936422	1150119	739433	759956	1108200	1036469	946650	927548	1065865	874051	946973	935999	930946	942176	860486	661819	1018342	779776	932381	865531	822507	991310	1019025	797852	976354	1009564	788562	868116	855165	878526	872450	989451	932772	742579	854303	665136	808326	904022	1021552	1016721	868260	955975	1006702	765225	632062	822698	810354	815828	945433	842706	787550	988212	831161	912860	856972	1101859	859540	180	843767	837084	874828	761743	918706	738229	987362	731599	891278	892295	855843	853029	840081	871557	797300	883926	825455	1073498	797085	855492	931373	847480	783390	817267	801198	895371	768230	848885	924628	816955	870647	825708	904187	869054	842184	1009432	137	175	179
147.11317_0.664	2665	295	530	362119	378622	359188	251996	378555	419015	380809	361135	332045	346927	107	369953	350354	370440	256119	407080	285583	301175	321318	370368	324261	342418	362512	419779	417514	273919	427002	426290	252713	436307	307018	357612	283036	313802	363553	600	463915	429703	348938	304189	290504	411036	357229	347156	406034	410367	400293	278093	353995	385075	360703	352408	350920	412593	328329	309439	416323	379594	371107	403732	390504	371512	397745	282464	284342	334396	386284	370075	377444	642	408863	319229	255081	321359	327061	327832	365116	326380	305507	353909	425538	341741	309950	383019	346175	310628	413469	388662	307286	305117	308501	461401	359424	332838	353636	343	538557	495031	398280	353764	494745	430593	377780	477906	406311	441399	330593	321901	385685	359622	361499	415384	377121	333481	399320	373204	312518	309320	366017	325125	374786	327028	334425	314109	445033	328379	392278	320297	419720	431896	459405	335457	436536	474685	382382	308865	454001	368226	326965	332122	377570	345101	386990	414595	368602	169	307484	330662	341009	357991	466040	328904	470765	358448	366966	300080	423661	382559	419767	326780	451279	369417	403591	365635	410878	376100	386126	359678	377865	483049	413811	429501	404482	371807	570142	363839	435543	450383	436252	382690	337395	276965	434710	341514	386124	377617	772787	398	786589	692623	740691	974925	1017241	910267	819308	755726	737827	694794	920292	711234	970603	761224	728212	447407	722639	708403	794730	850726	615340	921252	746202	771091	676104	593489	676613	689630	806287	688140	765762	810743	677870	655276	915900	668062	804495	600415	1024979	720231	889957	870431	644247	775032	833493	549465	735870	707158	798660	453	640430	856086	837252	888258	704662	781589	848760	559692	724305	756696	623844	600073	736552	758005	836964	685971	702084	1043055	860958	894717	600400	327042	231902	356892	348796	330879	271178	258179	269932	348345	262361	417114	274843	320707	138642	317837	243016	261830	275663	237624	307263	301047	308303	246	264530	255566	267113	356979	336389	247746	418625	383777	283375	254010	341981	319412	329443	400696	377212	258604	311703	320514	408065	243286	259986	316467	260504	266419	295758	388419	439844	592472	227046	405439	436829	344321	250835	342292	430991	250664	326313	452362	281894	340883	372821	396621	287314	269438	280606	432184	388401	395505	362406	249232	407314	245747	373935	382126	324251	279991	316532	547	400909	337640	310927	319083	410327	302488	283983	326373	363099	347310	318177	238927	344600	289047	403162	294085	337852	270716	275512	252088	351385	291633	350385	306088	425048	309115	300082	268739	336300	355026	303142	373076	305172	261020	219992	283667	412	0	480
146.11835_0.934	1237	230	322	73141	83485	73923	123026	78928	169159	111399	164652	125699	119581	281	109349	62365	107756	94232	124545	153945	111709	69195	101140	120584	113641	102222	108631	123334	139091	129907	122749	115272	153724	160771	130781	94488	112555	122672	226	120498	115058	72333	77798	150414	138136	125014	122287	88198	98096	101839	150640	84862	123319	67453	158278	131624	87386	75486	72634	160050	131936	128104	165236	72244	97819	96407	150588	164068	139075	148004	103414	120982	169	152905	163211	129031	137732	160234	75887	168411	152453	123891	114403	117825	128390	111624	151035	134668	156491	111676	115151	108744	149579	132726	116697	138711	124475	115087	577	125314	116511	144426	84650	189403	108330	117297	152845	114712	103628	121228	157230	92488	143491	99583	108894	104333	125414	149658	162570	112414	120459	121880	83980	154811	120885	91513	135370	165459	143101	95907	107974	139054	121794	163803	109902	160280	158636	88223	120136	106101	129089	79459	75760	152450	93754	131436	97411	118301	240	116808	131849	80768	128881	92285	116982	125345	149805	131382	110111	147032	98577	111650	136177	131122	125098	135577	129663	109399	91868	86791	144822	134153	162463	137620	128064	147990	98632	93684	129764	144599	118717	127764	148779	100669	171263	110851	132318	87982	128607	108128	0	166802	115552	115509	165646	104280	136470	171291	123273	176448	116234	187041	111012	130791	104178	95573	129661	131619	158066	83198	94881	121251	172169	204113	93436	114445	119972	109797	130448	148827	96119	140778	96518	101975	106256	117836	76493	95248	102823	101751	112562	123083	137320	81997	145702	163000	141263	125296	55719	114600	0	123941	132460	122941	120131	69803	125531	86155	86132	101264	185767	47161	117009	83352	96140	90301	83244	85755	118028	102720	112611	90438	NA	NA	NA	NA	NA	NA	NA	NA	NA	NA	NA	NA	NA	NA	NA	NA	NA	NA	NA	NA	NA	NA	NA	NA	NA	NA	NA	NA	NA	NA	NA	NA	NA	NA	NA	NA	NA	NA	NA	NA	NA	NA	NA	NA	NA	NA	NA	NA	NA	NA	NA	NA	NA	NA	NA	NA	NA	NA	NA	NA	NA	NA	NA	NA	NA	NA	NA	NA	NA	NA	NA	NA	NA	NA	NA	NA	NA	NA	NA	NA	NA	NA	NA	NA	NA	NA	NA	NA	NA	NA	NA	NA	NA	NA	NA	NA	NA	NA	NA	NA	NA	NA	NA	NA	NA	NA	NA	NA	NA	NA	NA	NA	NA	NA	NA	NA	NA	NA	NA	NA
150.06218_1.279	4573	2842	4383	1972063	1440056	1769057	2348762	2011834	2707796	1809510	2381035	1683771	2281281	1169	1263641	1260229	2656085	2096958	2317464	2548960	1560321	2001909	2293710	2169387	2131077	2634424	2473692	1448715	1836523	2295261	2630955	2054789	1601230	2424668	1951248	2077436	2366235	2419586	2711	2736406	1102363	2465879	1699914	2341628	2405655	2221349	2372926	2453298	2092822	2595016	2625812	2356534	2696132	2215904	2669452	2161736	1599880	2157651	1751278	2869502	3128194	2400132	3070765	2322024	2365651	2286943	2460698	2283002	2528158	2084069	2739965	1730064	1276	2610579	2189688	2072818	2486230	2081949	2934859	2292199	2981658	1942176	2301262	2649147	2321323	2102940	3453630	2639160	2719166	2420062	2381141	3155138	2216352	2844872	2632276	2230140	2429168	2403703	1301	3370462	2026260	2069545	2170692	2656552	2743163	2483908	2695120	2711445	2828844	1873330	2359741	2495910	2709347	2407577	2393378	1956743	2497176	2685283	2439902	1962579	2814098	2735592	1901807	2791959	2582670	1993629	2364574	3409264	2577241	1978884	2183547	2529680	2941004	3612734	2524860	2199458	3144383	2860514	2469211	2825898	2880139	1554125	2036242	3281933	1978153	3451958	2415449	2379154	800	2418128	2537286	2315380	2402322	2819441	2255968	3129242	2961964	2769466	2137892	2937012	1830524	2353182	2633066	3874184	2561871	2286910	2363400	2365372	2415824	2561006	2426375	2321357	3817015	3243788	2610196	2537576	2923902	3817734	2034665	2419258	2961865	2676114	1671123	2713396	2727214	2244592	2825292	2352490	2809344	1674302	1589	1139229	1429634	2484898	1634719	1261280	1547572	2084315	1681497	2207816	2080104	2733689	1293586	1255581	1074434	887396	1368104	1687529	2452283	1294179	1372119	1734378	1766646	1638347	1710575	1995844	1438228	1379736	1685202	1261000	1558395	1344202	1870770	2310665	2234252	1595282	1243386	1431365	1448590	1713060	1937216	2948800	1540057	1745256	1448047	2694976	1399513	1789571	1352675	1730059	1014	1100795	1405186	1245299	2201248	1444763	1333844	1563090	1136479	958859	2640753	1558528	1357192	862224	1366472	1629897	1341186	1605004	1774508	1437720	1368897	1363139	2613656	2173084	2324639	2844310	2669828	2798465	2053010	1895042	2542562	2254538	2486054	2556498	2299049	1713941	2393899	2346585	2444384	2273607	2203685	2965530	2586971	2414414	386	2640582	2181826	2026639	2409723	1937367	3333176	3430508	2166145	2702630	2429798	2016383	2030234	2398810	1948008	1980172	2479044	2267151	2331281	2199910	2046507	2327153	2524866	2521387	2490680	2849070	2160101	2185576	1907115	2168418	2826959	2414780	2753662	2712594	2123449	2727331	1495518	2102300	2549926	2617178	3077090	2676496	2561336	2858409	2284095	2403214	3032686	2191313	2216847	2590598	2568611	2958325	3286553	1851918	2646394	2494367	2542352	2429320	1077	2879642	2542507	2217969	2981662	2652866	2279536	2637220	2459426	2606948	2441708	2389059	1892616	2088912	2659680	3286087	2614216	2330796	2543708	2097221	2414557	2482195	2306881	2304259	2580589	2872676	2331564	2394132	2666638	2662980	1886319	2146072	2015386	2628164	2507561	2684294	2351303	711	1077	495
152.07062_2.579	14431	2215	14956	3255	16144	5219	15646	14475	9638	6678	9613	12517	266806	9353	8748	30255	7993	115228	6925	48568	15513	10506	8893	23556	8146	7337	93598	7449	7848	15948	11216	9585	19460	8986	20488	12083	6667	290333	6372	11134	15071	8900	13712	12243	11791	3739	40224	10737	18726	10403	8894	15327	9138	11961	13950	36466	6618	11125	7090	13658	10201	8263	10582	6232	10164	9867	4647	1022356	9657	7439	9054	284128	1258	21373	63935	8695063	9973	8648	13202	6495	70658	4680	58743	9171	49020	41610	6011	3739	9537	5614	22358158	11433	5998	15263	23988	10239	19418	280719	4166	7174	7555	10286	4401	12048	9304	18370	203732	7015	5712	10529	4008	3924	4300	12589	1850	12563	6568	6774	2666	2852	53230	7840	3948	16194	6960	5024	6795	10188	1489	9523	9081	5190	4684	10271	5658	4005	3919	24420	6353	4781	56737	3035	6404	6121	57243	7837	9143	260972	5633	9345	7291	6274	11119	2710	18839	11178	31105	11680	5283	4013	12874	7716	3049	6556	13515	4144	6519	9036	8401	11092	9779	25589	8716	16526	11273	3776	5355	4646	8739	5505	4598	1462833	7468	10092	12962	16272	3407	24468	4952	506706	3583	6852	11408	6817	8681	8151	6956	7058	6584	41139	4689	6325	6140	6307	6184	10340	7988	6483	6312	13984	33633	7228	7279	6562	6708	41710	9454	6286	13016	7517	7820	7933	420989	6695	8162	12472	12623	7228	11053	7220	8150	7889	7298	9743	7188	8017	8093	9070	7241	496636	1103	5961	5132	7132	10842	36369	8126	7040	10538	6691	9103	983428	9301	5384	6892	5949	6819	29855	9595	6939	9404	5455	7074	4500	5719	3536	3615	3347	9502	6994	7447	4075	4961	4358	7962	3481	4404851	3240	8978	2374	4178	4567	2897	261680	2642	4759	14420	5274	4063	23065	4423996	3402	2700	4855	8349	21650	10196	10980	2636	7189	4314	3541	8296	6269	13194	3159188	9998	16176	4634	31416	5940	1736	6075	5904	4998	3488	20275	2633396	5955	4083	2231	2981	9206	18294	1041262	5363	5002	4520	6974	3264	4713	7390	3625	11482	6222	2877	1865887	2705	5510	6449	4847	236550	4039	4736	8687	1891425	3633	6319	5195	6284	44937	5003	5651	2318312	5700	12696	2294	2126	20997	5342	12747	2191065	3056	3553	171292	2130	9524	5130	3052	5026	5105	3725	6985	11064229	3329	4903	2873	1989357	3971	4906	4678	5238
153.0517_3.386	8386	1256	257	23445	16231	21666	18876	23368	29375	35078	23807	30147	23660	359	26448	29852	35022	29173	28005	28938	25045	36140	27363	26342	21643	27617	30580	30350	40940	24995	35968	21350	25844	30141	38058	38085	27979	31170	0	34505	20016	31469	25929	40039	31680	29445	21772	38449	30462	34102	30152	30299	25368	39332	44969	30544	23810	35469	29038	39595	34638	24217	35952	29618	28331	30839	31966	29231	31912	42409	40231	37621	650	34374	32737	26651	31854	26040	33597	42529	42284	40484	28533	41818	22144	30312	60531	33013	36999	41549	34903	31877	39658	43905	25207	32354	31250	37796	452	46472	46134	29898	38511	33750	31459	37192	33459	26994	31172	27353	35563	36505	47017	21134	33338	28163	31651	29195	34408	26634	35048	32606	35219	42110	29478	29576	34164	46661	49099	31133	34889	39253	45794	34236	32861	30953	36031	48017	35693	42065	29451	37603	29916	51391	27334	47963	33436	34673	0	29245	32879	29735	29492	40668	47576	39355	49014	41804	41468	39398	34029	38506	38141	44057	29128	33780	45204	37820	42108	34002	39509	19333	55069	35622	45930	33166	36922	54098	47090	32606	38426	42905	38121	43256	48043	28948	41373	28915	29429	92408	2084	112983	80399	98464	106354	84538	93557	76322	119841	135350	89576	87444	87637	67947	82072	75473	132304	97692	122647	109838	96637	72064	127581	97896	88846	109649	84341	116494	120578	99691	65494	90601	94961	102423	98895	100800	95795	106895	93461	87131	107184	87486	107462	111881	120688	94717	139203	131779	108516	100749	3607	99112	96947	105438	83203	89996	89112	89378	133011	70585	108094	67486	75966	74224	82580	85682	73070	84421	119132	90726	106383	85065	NA	NA	NA	NA	NA	NA	NA	NA	NA	NA	NA	NA	NA	NA	NA	NA	NA	NA	NA	NA	NA	NA	NA	NA	NA	NA	NA	NA	NA	NA	NA	NA	NA	NA	NA	NA	NA	NA	NA	NA	NA	NA	NA	NA	NA	NA	NA	NA	NA	NA	NA	NA	NA	NA	NA	NA	NA	NA	NA	NA	NA	NA	NA	NA	NA	NA	NA	NA	NA	NA	NA	NA	NA	NA	NA	NA	NA	NA	NA	NA	NA	NA	NA	NA	NA	NA	NA	NA	NA	NA	NA	NA	NA	NA	NA	NA	NA	NA	NA	NA	NA	NA	NA	NA	NA	NA	NA	NA	NA	NA	NA	NA	NA	NA	NA	NA	NA	NA	NA	NA
154.04593_1.631	2261	1906	1041	8042	6220	10140	10590	11396	10032	9392	9876	7851	10079	1697	10723	12817	10607	7953	9790	11170	9971	9182	10978	10556	14199	11291	12444	12834	12721	10321	20949	16713	10864	14147	10518	16374	11625	14312	1941	11913	7865	11585	11100	14230	7825	20443	15686	15097	11613	14189	14270	13025	20949	15864	16778	11933	10896	11707	14458	17645	17838	15039	15189	13882	12031	10038	13762	10918	14942	12520	13521	16686	937	14106	11504	13338	15464	19111	10616	20662	18243	19254	16085	14991	13548	17660	23475	10068	97	14118	13271	14533	12654	14023	10424	19496	17327	17842	2181	10198	22034	14415	14879	16946	18808	16239	23999	15638	10700	11722	4435	14761	16007	18541	19079	15540	19760	24388	15640	12139	15973	15742	11389	15784	15784	15288	17282	15756	17818	11823	18877	19157	23268	14517	15139	18021	20461	18617	15158	17312	20606	11811	15030	29033	9595	18601	22037	16603	1854	16161	12624	20863	13351	6747	13365	15604	20976	19791	17792	22116	12544	12897	21220	40568	16908	19483	20249	15460	17226	22044	17120	14146	22599	16575	15488	16865	19924	8359	21648	17408	20284	17194	22332	17978	19219	19470	14125	29073	15471	57706	1885	66454	46984	52233	65755	49291	63341	80713	54177	88112	47088	58642	54683	55705	67068	67710	81089	64143	65726	60593	47069	51901	68040	66662	48681	45734	59219	52166	75606	53141	53819	65393	55265	49738	49072	60751	55456	59304	56415	54336	56836	46359	72963	52244	80859	78852	58023	55708	57684	55136	3220	48892	53513	66379	51143	45916	58639	53665	61377	56253	63831	41882	45293	48596	54895	50370	69850	41407	57413	62294	62101	39736	65117	37843	36277	51394	44578	40494	24581	35854	54352	40732	78997	52949	31000	57322	39350	56589	43064	55823	89925	58715	52733	52424	2192	62911	45058	63434	49814	44600	42997	76927	53102	46337	58370	62087	74151	65135	59145	92826	87879	46396	55268	52113	48194	39617	99757	75957	47822	49457	46744	34451	51760	38529	78619	46324	51314	54160	53735	63806	42523	47330	53576	45421	46034	41858	47341	53771	50036	66965	51812	39320	45562	64055	58902	55785	37425	65099	53633	82525	76654	53062	952	62768	43075	38100	54935	49698	61251	72960	60532	43946	36240	46413	54261	55837	56414	52307	69479	51151	40328	46728	43270	52103	48941	40799	53067	59305	66074	43145	46775	63866	42074	56734	63044	64329	60707	49423	56164	2169	2399	4571
154.04695_1.535	1895	1837	1902	15400	16373	21243	24617	17939	33716	56493	31618	28809	27716	1935	38950	20468	26047	26389	31569	26773	30046	33937	30310	53318	27911	25778	44378	44986	41940	30958	34882	53465	35675	39874	33941	104767	32513	38726	2495	34073	30052	23448	28676	38346	45208	32850	27667	38088	31390	32928	35967	33443	81718	40719	47013	29286	29865	25115	29108	40827	36074	51424	36983	25427	27156	29102	48289	41317	38324	33857	48106	43425	1315	48754	34414	44208	28058	37368	36596	77483	56340	44081	50603	56702	29284	40881	104210	29671	31010	42083	41769	31192	43610	47983	45117	42946	39323	42849	3117	33181	54346	50921	47299	37181	45715	39477	52806	37371	33035	43744	30249	42850	40818	51123	51913	52596	67135	53284	47875	31866	54257	54950	38800	50297	67697	42003	55093	50572	38377	38268	40924	50537	44587	52020	54091	40164	47723	57565	53053	52182	53900	61077	48580	58240	44114	44974	47222	45913	2239	65837	56014	46083	48961	33816	56318	55950	73763	82349	46821	49248	51841	52395	62494	81457	43954	38635	52921	41473	61981	48195	74221	40523	62253	53939	56796	48604	62357	39568	73102	48050	69879	48351	57930	52485	76490	60380	51212	58119	51152	95708	2366	134006	82023	188121	113589	80359	167988	96641	87366	95741	136629	91471	77552	84741	95587	92243	171714	102154	84069	87929	75341	72054	142825	85926	75901	84168	86637	78253	95974	158814	113192	126235	76963	75125	157724	89689	86041	74979	63113	86897	135329	71594	167050	86590	105823	97566	114886	75114	91787	106592	1424	74639	78280	184903	117036	89354	113476	89877	122228	87010	84206	85158	67759	89089	89108	75756	109620	75348	142206	116205	143557	72282	65117	37843	36277	51394	44578	40494	24581	35854	54352	40732	78997	52949	31000	57322	39350	56589	43064	55823	89925	58715	52733	52424	2192	62911	45058	63434	49814	44600	42997	76927	53102	46337	58370	62087	74151	65135	59145	92826	87879	46396	55268	52113	48194	39617	99757	75957	47822	49457	46744	34451	51760	38529	78619	46324	51314	54160	53735	63806	42523	47330	53576	45421	46034	41858	47341	53771	50036	66965	51812	39320	45562	64055	58902	55785	37425	65099	53633	82525	76654	53062	952	62768	43075	38100	54935	49698	61251	72960	60532	43946	36240	46413	54261	55837	56414	52307	69479	51151	40328	46728	43270	52103	48941	40799	53067	59305	66074	43145	46775	63866	42074	56734	63044	64329	60707	49423	56164	2169	2399	4571
154.05203_1.16	1393	1333	739	13015	3980	15561	71482	10824	40304	33548	88938	59813	12524	663	85194	16134	10944	11787	7438	62949	29128	61274	66046	56468	15456	12131	79216	80238	75012	13753	81003	64679	13871	13760	64830	105608	78938	12158	2047	63258	8494	11852	49293	12249	67765	14710	11089	9389	51385	5332	67594	80617	97828	11047	40537	16884	48826	16715	14059	15503	15597	17090	15125	11085	12254	60092	38404	11552	71806	8611	18827	61122	395	95489	18769	15453	58578	72282	10998	18492	18305	68147	16319	81408	59367	67028	20871	15010	70298	45284	17911	54300	8003	61352	21144	14092	64338	67329	1014	54109	14344	14738	9420	49966	12843	12266	8384	11637	11679	56658	69881	59536	66509	86669	80688	2450	98114	14500	21721	5963	84595	79438	7640	14279	99009	12739	81100	59791	10849	52023	16431	8950	4554	9221	30918	15010	66473	11631	14544	12768	9782	2828	8481	17683	10003	11794	12122	8002	805	111975	82542	5564	12344	8174	59790	11733	16298	93439	7666	22059	7521	14260	10948	84509	7348	56490	65911	10143	18692	30913	15512	61918	13483	9144	55470	10274	14227	19625	11824	9086	87202	55323	15432	73429	14135	5415	11650	14019	77524	8120	2553	20260	2886	180886	67509	11461	156646	80058	55277	768	143028	16472	50062	80635	10931	85155	47106	14899	1969	10373	1599	526	74777	1913	119	4693	66641	1435	71026	13376	108600	103531	1597	0	160883	38242	12340	1236	56334	10090	92192	768	62856	629	24437	15740	40942	1944	2835	12473	2844	59104	4319	82849	23039	5739	105114	3703	97058	17486	3975	9398	669	18055	65983	4476	51456	70489	49864	106519	52177	2935	NA	NA	NA	NA	NA	NA	NA	NA	NA	NA	NA	NA	NA	NA	NA	NA	NA	NA	NA	NA	NA	NA	NA	NA	NA	NA	NA	NA	NA	NA	NA	NA	NA	NA	NA	NA	NA	NA	NA	NA	NA	NA	NA	NA	NA	NA	NA	NA	NA	NA	NA	NA	NA	NA	NA	NA	NA	NA	NA	NA	NA	NA	NA	NA	NA	NA	NA	NA	NA	NA	NA	NA	NA	NA	NA	NA	NA	NA	NA	NA	NA	NA	NA	NA	NA	NA	NA	NA	NA	NA	NA	NA	NA	NA	NA	NA	NA	NA	NA	NA	NA	NA	NA	NA	NA	NA	NA	NA	NA	NA	NA	NA	NA	NA	NA	NA	NA	NA	NA	NA
154.09319_1.253	1001	302	1007	115801	103194	130450	118553	130342	120025	131883	114212	120606	131459	559	133964	115232	118648	118247	148063	114535	130123	100205	107478	123834	151413	117819	145366	151801	137781	109335	158179	151751	115420	131760	138953	134824	130775	85264	890	159313	134469	160652	158278	147532	101665	122833	141362	177828	151949	140881	96872	160812	128988	102025	156084	112554	83154	138892	109727	200711	150185	198768	181384	111384	93064	108681	163669	125371	117067	124872	145868	78907	352	123119	161717	120798	139307	155499	150316	173967	157555	159376	143560	133052	126208	163751	153082	137211	182590	143749	172840	109735	167702	87077	28140	160913	162629	129523	220	113043	149390	128374	141766	143985	144568	136278	117877	121066	115170	92727	168238	159908	168170	151043	154842	131507	113348	159247	114766	124801	153067	129107	117226	118392	86967	137847	177290	143888	135009	98129	137487	147964	154569	128047	173492	123905	142858	143719	161913	190051	146196	106703	149909	184967	117762	126200	121371	137129	189	148192	119892	113655	158081	145445	140929	159331	157603	139679	115194	129941	150189	163709	108320	168396	109641	139340	146074	119784	132180	140485	138408	137666	126753	158391	118113	144828	105021	102061	32962	152606	163084	109341	142142	110571	126542	128141	151343	147319	114835	27129	1358	164204	43013	0	43278	135697	10880	42888	10085	37554	0	0	44140	90176	110419	136270	117857	120909	0	113505	25995	8720	10167	18535	10726	0	75833	17657	11997	136683	18283	168687	10402	0	0	7936	92996	20830	29558	9651	44099	0	61196	16786	86259	0	33455	9427	65878	37072	833	83592	46835	83775	0	86397	110265	51559	69415	145488	0	11297	24152	162195	30734	14836	66736	12387	89033	21103	106161	20161	NA	NA	NA	NA	NA	NA	NA	NA	NA	NA	NA	NA	NA	NA	NA	NA	NA	NA	NA	NA	NA	NA	NA	NA	NA	NA	NA	NA	NA	NA	NA	NA	NA	NA	NA	NA	NA	NA	NA	NA	NA	NA	NA	NA	NA	NA	NA	NA	NA	NA	NA	NA	NA	NA	NA	NA	NA	NA	NA	NA	NA	NA	NA	NA	NA	NA	NA	NA	NA	NA	NA	NA	NA	NA	NA	NA	NA	NA	NA	NA	NA	NA	NA	NA	NA	NA	NA	NA	NA	NA	NA	NA	NA	NA	NA	NA	NA	NA	NA	NA	NA	NA	NA	NA	NA	NA	NA	NA	NA	NA	NA	NA	NA	NA	NA	NA	NA	NA	NA	NA
155.07027_4.321	117101	2281	2123	59201	93844	71814	44165	98497	112977	121302	1794	82985	44058	1607	150497	69798	97491	141786	80878	79526	32602	70762	80710	113638	76166	67010	123483	66195	81140	59657	97407	137898	131257	124287	91174	70625	46964	49443	1421	93261	935	56912	68363	100491	82020	99233	2066	69645	83857	3856	44570	58133	92797	53863	106043	32689	43161	57757	57091	92638	88060	41168	85696	42309	81080	67455	71965	91470	43553	86882	68226	44329	1285	71531	189220	218815	56212	52214	56700	75115	76876	47990	55971	40685	912	78725	49796	64142	98175	63103	67577	21114	53104	34150	66772	66750	63904	37506	3025	61146	34552	81741	54764	83626	61603	55209	72553	24070	35706	92655	82953	73525	61715	66828	74264	80181	69493	49053	77128	77397	65358	57369	54624	46803	43195	79121	61550	76688	62733	76071	55437	69000	3271	81842	87710	22689	54958	80363	52996	51146	89161	74733	88143	83326	81590	62238	72450	29149	1923	77225	109689	52297	30662	88611	94203	82510	70482	59523	87822	61201	31727	66455	58200	42149	66092	107540	84038	59874	53018	45429	47708	53044	103035	69629	89088	67814	70427	72264	3488	94816	96992	50703	40664	64245	89940	75256	71077	54209	72628	80481	9918	90916	51607	78146	74765	68937	51642	76002	47171	71991	48064	62300	77226	70270	62407	60854	94902	74095	50450	55089	56548	54488	91102	59029	66032	137338	86195	58641	127624	96448	54369	75936	74109	63008	63637	57574	68082	74053	44632	58752	134684	65349	80244	64031	101668	80445	79589	45370	57250	76387	13665	49459	50651	75658	71265	73389	90016	90192	92152	101269	48225	74076	38537	66461	63815	58101	113707	33804	100153	76137	120001	61652	NA	NA	NA	NA	NA	NA	NA	NA	NA	NA	NA	NA	NA	NA	NA	NA	NA	NA	NA	NA	NA	NA	NA	NA	NA	NA	NA	NA	NA	NA	NA	NA	NA	NA	NA	NA	NA	NA	NA	NA	NA	NA	NA	NA	NA	NA	NA	NA	NA	NA	NA	NA	NA	NA	NA	NA	NA	NA	NA	NA	NA	NA	NA	NA	NA	NA	NA	NA	NA	NA	NA	NA	NA	NA	NA	NA	NA	NA	NA	NA	NA	NA	NA	NA	NA	NA	NA	NA	NA	NA	NA	NA	NA	NA	NA	NA	NA	NA	NA	NA	NA	NA	NA	NA	NA	NA	NA	NA	NA	NA	NA	NA	NA	NA	NA	NA	NA	NA	NA	NA
156.07626_0.755	1191	573	1017	75435	68340	93457	52855	66699	71755	60301	77280	64327	66071	1033	69323	77794	74128	68996	70564	63233	65766	62082	69601	60164	56310	78750	86453	83709	69575	58187	75757	52062	59590	67206	73181	58701	66478	65051	1133	70620	64168	69136	55765	64428	63880	54408	77015	84888	61909	67757	69506	68455	54566	81694	60381	64690	71019	61516	57650	79388	51914	65355	61468	81285	79179	80101	55729	59478	81869	62449	69479	63404	543	70722	65359	58501	63958	61886	83183	72992	74064	63914	62555	72828	75735	60528	60279	68658	59343	67475	82352	74608	66173	72343	86076	52275	74890	69116	890	63814	78538	61280	61806	60324	68569	70756	69123	67780	70604	54693	71945	67327	66682	65179	74991	66896	68910	66074	70982	65658	73455	72825	58190	70887	62814	75460	65524	70188	75987	59464	61005	66566	65656	68925	70290	53333	57500	72664	59070	69084	63236	65344	61014	70529	61437	83160	71613	61918	315	72413	68298	67825	59872	62875	57452	59579	65774	72626	62643	67936	57112	65072	60839	87801	55627	58703	67220	67191	69630	85228	71402	62581	66903	66450	66016	74368	66569	79790	79419	55328	62784	74299	56224	61438	70334	63006	75126	67691	62977	90605	1086	85986	87656	88067	74498	85584	84997	97189	73517	99055	77276	86013	90105	85018	89580	85992	73337	95498	88275	100946	83865	90842	84478	89976	73909	106389	81905	91564	80622	87397	86264	76717	94948	84989	83771	78905	93989	90538	90685	76395	76806	76052	65911	77753	92911	91379	73413	94371	81139	88691	1091	78168	84786	75410	90197	105464	80336	86297	71354	87186	89923	84792	72409	88724	76268	77292	95876	97718	63654	75408	75424	79623	35623	37642	58023	46103	35442	44374	45494	45167	48132	41331	38948	43744	40399	26908	44390	37599	37745	45482	36295	34001	48521	39112	237	46321	40473	25919	40997	45508	44053	54055	48006	45798	38809	41979	47309	42832	39333	48406	36006	40107	42339	51921	39334	51022	38054	36888	30164	45308	48268	52704	64068	41329	51708	55824	44295	35406	44317	45109	23053	38994	51166	48124	36558	42678	45049	45106	29512	38935	50337	53663	54907	40927	39304	48338	49713	39971	51854	46262	35353	43753	432	42114	35427	40265	48316	47620	42096	39830	48218	48302	47960	42910	41205	44271	48356	47972	40391	45829	57216	43714	40645	45232	40631	42532	41484	42589	44601	40377	42461	46046	54449	35827	51024	45799	45880	35579	52572	607	316	120
156.07707_0.693	1489	874	691	49102	46232	62628	34866	52628	56692	49377	58096	43246	42580	925	51398	60054	52524	52944	58116	48147	43040	49779	56317	44587	35059	52310	61173	67298	54515	48699	58784	44380	42403	48365	52658	46184	56017	49401	745	64981	44456	66352	44614	47767	46311	49641	59552	72508	55114	59120	51049	71632	44910	66713	54064	52322	48271	50837	41799	63229	47503	45754	46521	72052	64115	57816	44337	53870	63476	56763	55496	56349	1072	66647	55429	53264	51856	45220	61905	64947	55717	58545	49616	57650	53856	53751	57773	62536	58140	53813	56197	58431	54124	58272	70069	44352	68770	52369	185	63507	69327	53034	55207	57460	65588	56683	63196	55563	59168	50740	62445	58634	65660	57997	66518	54568	64983	60003	59929	55695	68737	68388	54088	58883	59188	56126	60683	67216	64055	55329	57696	54432	66458	67438	58473	47913	67716	62390	57339	67890	67178	61840	58901	60522	54999	74139	59863	58203	739	64129	67747	62737	55639	58520	49505	64000	64795	75054	50192	65757	47921	65774	59050	73554	54802	49308	61870	55664	58897	88796	58235	58846	58079	66683	58136	60714	57051	70302	67529	50609	52787	61659	53698	62721	64400	55236	70540	70903	62452	89869	393	92574	87029	90021	74857	83613	95474	110968	85153	96068	96819	96356	112506	86890	92753	94413	74927	100829	93953	95545	101078	87425	92263	89719	85127	98717	94095	98204	83966	93004	86076	87735	98769	106025	87866	106669	104184	91177	98759	83561	92124	84910	84673	79345	97318	107353	79786	111671	100331	96012	1093	98628	87114	74629	99622	108087	94864	90991	72805	100482	97145	89171	75041	93617	92951	81772	108106	93366	83534	90311	83570	104873	35623	37642	58023	46103	35442	44374	45494	45167	48132	41331	38948	43744	40399	26908	44390	37599	37745	45482	36295	34001	48521	39112	237	46321	40473	25919	40997	45508	44053	54055	48006	45798	38809	41979	47309	42832	39333	48406	36006	40107	42339	51921	39334	51022	38054	36888	30164	45308	48268	52704	64068	41329	51708	55824	44295	35406	44317	45109	23053	38994	51166	48124	36558	42678	45049	45106	29512	38935	50337	53663	54907	40927	39304	48338	49713	39971	51854	46262	35353	43753	432	42114	35427	40265	48316	47620	42096	39830	48218	48302	47960	42910	41205	44271	48356	47972	40391	45829	57216	43714	40645	45232	40631	42532	41484	42589	44601	40377	42461	46046	54449	35827	51024	45799	45880	35579	52572	607	316	120
160.09639_3.141	1623	1175	505	15280	14813	17285	22971	17291	18565	16475	14545	14610	18491	2135	11218	13998	14645	17686	15029	14344	14593	14088	14336	18985	19021	14793	16751	17018	15043	17096	13421	17495	15735	17447	14823	23238	13935	15111	767	15051	13440	20481	17678	18095	19060	23841	20499	19447	13319	19111	17536	15484	29858	20144	21772	14794	13567	12806	15801	18760	18409	12254	17871	15772	15898	13785	21305	15670	14373	14921	17887	14660	1379	16481	11689	12747	13938	23472	23588	23121	20536	15029	14914	12997	18429	13721	29978	15786	17969	20336	14212	13426	24126	13978	10149	29723	23248	16137	645	10442	17980	16211	17023	21706	15896	13998	20399	19945	10598	16925	17163	14971	19516	13528	15498	15508	16155	17228	15022	19570	17121	13946	15728	19615	17552	14014	14390	16437	14082	17947	15753	13642	14616	20283	15185	15138	26021	16082	16886	17372	23922	15619	16744	17526	15986	16688	13440	15318	809	23296	18306	16351	15982	12228	10686	20583	14628	19342	17132	20255	14396	21107	17269	24736	12660	13466	13180	17468	15181	18993	15168	15381	21135	15068	13017	14230	20784	14866	18763	14297	22735	18769	21416	15678	15439	13934	13433	17059	18896	24141	1787	24323	25809	17038	28168	27346	29050	33544	21515	27873	16797	18372	21346	22032	24452	27315	26404	20743	22330	21299	19861	24665	22457	22621	18642	23021	17719	20585	24087	38251	33816	30662	27700	23635	20888	22894	20136	21641	20704	29543	32363	27204	24798	19504	29733	26727	24958	23163	21283	21842	840	20091	21412	23520	26559	20868	40872	17567	21612	22815	21815	17451	25157	21836	22940	25058	19548	17530	27739	28250	24415	14707	20491	12012	11662	18678	18752	16313	14663	13719	20329	16840	20524	17867	15322	14016	12790	19281	12810	14212	11763	18804	14326	15486	629	13032	13051	12240	15478	14024	19161	16236	15792	15175	13280	13284	16246	13219	11953	15411	19307	12299	16900	12185	17752	16274	18337	17464	13885	16927	12665	9038	14441	15742	13663	14845	13369	11847	12060	18835	13710	13791	13886	13073	12820	14709	13104	13854	15062	16855	12471	10658	12240	12715	13873	11256	13921	14658	12788	14639	13427	14655	550	15322	12886	14107	16084	14975	18543	21083	13973	13554	14049	13618	16104	10124	13233	10478	16539	14452	13811	15539	18502	12119	13672	12084	12655	12815	14276	13908	10573	15614	11848	13775	14133	19525	20111	12714	15736	919	2406	727
162.11253_0.78	4622	1255	224	1730376	2860610	3008412	2392454	3534832	3017705	4008975	4020375	3835467	2681640	1736	2580370	3132394	3177505	2373283	3191416	3279903	2964054	4344871	1997760	2561442	2248381	2957235	3106609	3303900	2136146	2830290	3239720	2362234	3141548	3088379	3902743	1856043	2978460	2751083	1313	3321992	3062143	2939722	3892135	3381162	2666248	2100556	2896246	2918778	3258455	4283191	1970831	3468713	1601714	2553294	2940185	2352158	2687144	3990702	4379321	3126160	2399132	2578878	2883535	2383720	2240367	3169924	2379040	3756014	3376398	2984902	4295098	2778854	442	3694005	3884879	3761117	3917152	2200288	3099311	2687307	2684557	1875484	2531959	3823670	2961192	2952081	2571659	3827334	2886002	2985008	3494949	2822943	2431104	1770627	3071973	1749766	2701772	2901917	342	4032618	3521361	3587119	2629359	1805027	3144380	3242602	3503423	2347336	3347674	2833487	3117475	3562438	4027270	2515726	3096041	3041261	3140560	2720368	4328599	2253046	2480469	3227008	3477918	1773421	3269858	2340160	4031003	3472316	3496638	2713210	3443980	3206534	3391939	2998374	2570162	3073558	1708024	2957948	1750953	3654522	1432522	3402170	3050908	3373759	3599222	3960283	3486442	2907886	393	2970322	2938878	2202245	2487876	4381858	3294895	2917900	2731707	2515844	3104767	3576032	3324673	2704360	1953372	3452498	2852630	2852134	4856230	3094063	2307058	3670768	3170048	3513977	1832630	3484192	3395738	3802079	2516834	2706526	2224614	3113299	2263548	3601700	1421437	3530563	3952210	3316396	3723498	3422888	2727042	3714316	1225	4947824	4333383	4073947	4756976	4411798	3610003	3584727	4469726	3478907	4394068	6195298	3749042	3757690	4519588	3368451	4905192	3791558	4455458	4470104	5393440	4873706	4236744	3737417	4861446	3880911	4027871	4827568	4293446	4271340	3442402	3823752	3501421	4673794	4336251	3289160	3256003	4128807	4444510	4125298	3888499	4215884	4222050	3910752	3737929	3439067	4301874	3845384	4380370	3722424	420	4866003	6803518	3623520	3739044	3965270	3929648	2704964	2405007	4203973	5339776	4450053	3770608	3386797	4144945	4011406	3390188	4843844	3319707	2041742	3806240	5336502	3559896	5301792	3849960	3789410	6505944	2876340	4288816	4110994	4157866	3181604	2415042	2962520	3637650	2888672	3699283	3992595	3768044	4325090	3628500	4312127	3065450	3296310	98	3617217	2740677	3142264	1199740	4446982	3297654	4161981	2266829	2741520	5289850	6197798	5000547	3790787	2449646	1612081	3926956	4806536	3598847	4260428	3504723	4145438	3826676	4222814	4127011	4867961	5119842	3261337	3535790	3300587	4449480	4431238	5850684	4837616	2551948	4197242	2968396	2663245	4325148	2320812	5249062	3991171	4129744	4493372	3148152	1502582	3017283	3227862	3128325	4203152	3780624	3553304	3769887	2113604	2968246	4805394	3898838	3369610	592	4167035	4111185	4033168	2949380	4317994	1608866	4084062	2851756	4210700	3981935	3775853	2802224	1418207	3899710	3959584	4036535	3829739	2650435	3694902	3600352	3648404	3462412	3355514	5562364	2653348	4999758	3456236	3629534	3470148	3808866	5191569	2687769	3298562	2881827	3492988	3460586	680	538	674
163.06096_0.785	4672	3134	1846	65565	54336	55453	68423	65737	69873	107025	73120	91307	62040	3660	96512	58818	68608	62929	73247	84282	60660	63405	69727	66577	58771	60379	58399	57895	57344	73773	72283	93118	64884	61150	74332	83879	59138	66461	2663	69112	71497	64692	77300	57064	73805	57040	76939	67995	60001	72185	65636	61877	77276	62273	56788	76112	56052	74380	66580	63652	62774	64021	71313	69271	67234	65407	78467	80884	67409	60186	70186	65411	1555	64231	77316	82884	65233	63885	62086	61414	77921	59044	62228	86015	74320	70070	97544	73040	56736	64741	64286	60907	71029	57710	59346	54182	65549	64184	2066	76605	65317	64797	81867	59164	74956	75257	64395	51025	66257	72479	61108	83832	68387	86166	85964	65311	68265	68365	61262	57138	52414	85057	64838	54374	64021	56706	75219	60600	67920	62304	67779	65149	74454	56482	40367	64012	46163	62577	52088	74826	45437	65521	64603	62832	59779	64217	80731	66450	2144	59932	64398	48773	66611	74907	65347	62718	63976	47054	68417	59948	63406	46532	51419	49137	66401	65772	67731	57439	59947	59489	51773	55117	45901	78708	61756	56664	52877	59847	54043	63573	68572	78421	56378	63051	59796	60192	64064	60295	62269	153532	1776	131037	124887	148617	126624	150710	125887	133569	132027	181852	144152	128872	161511	140878	133379	130865	120354	160273	139290	110165	145977	140828	130934	138255	159652	169915	153032	144809	130011	142242	149597	126365	130527	147356	132439	140585	138358	126105	166714	159489	144526	163501	330747	176531	162351	148489	163796	157245	166159	146171	1280	134304	143124	323996	132324	120440	141600	144355	163781	131777	138394	154411	147455	126485	168805	167626	144186	157096	316987	138156	418314	156433	367725	134468	133578	103071	132665	119913	117128	123591	114013	124654	99336	117811	126092	127067	115425	142326	129328	140089	131572	116906	158658	137239	1237	160198	131888	137955	139610	124783	119564	127644	125096	112504	141464	149871	143655	126052	132599	129195	135156	115956	119733	129514	106345	108370	136609	129616	121979	163448	150092	123305	143203	110499	112355	137620	156476	118223	111012	128930	113812	114999	136437	107881	169571	133854	136420	143511	123012	134650	139074	133429	138610	117715	144837	141341	114378	132899	151697	143958	139299	133753	493	136102	127408	115622	113809	134350	131439	132097	105596	153562	141073	115135	108872	111195	148634	129815	142686	134953	115575	108608	108395	113291	134167	120698	148420	134525	143682	116075	153529	105726	138754	153235	117351	111480	115057	139605	140495	1067	681	794
163.07567_5.248	4223	8092	16078	4308	3701	3378	4263	3249	4462	16229	28095	3731	20831	12502	17167	3702	17896	4481	3166	3112	3730	3811	3297	8297	3257	2197	4503	3080	3501	16630	14710	20078	2521	2840	6482	9980	15514	18608	800	3661	5885	2035	14664	14799	15225	16161	22278	3252	3379	3891	3938	16729	17919	3248	4894	3960	13894	15372	6044	2323	14035	12490	2605	9351	13670	6251	11675	3137	8839	1777	17197	15333	10548	19837	2693	19051	14064	16734	13103	2783	3762	7325	2195	14449	15203	2288	16313	2162	3660	17142	2872	14153	16973	8468	18772	7639	2714	19403	5536	1526	14918	61486	12383	6317	12860	2363	3007	2781	2268	6255	12298	12283	2293	13460	5069	15737	2557	2936	13022	1876	14921	3852	12989	14061	3291	1622	14882	4815	4347	2925	14264	2741	2573	2893	3643	3558	3128	13624	19046	15974	13879	3088	3451	11579	3008	12071	2225	3902	3316	3039	2647	6259	11524	12058	12289	14158	13255	2083	2991	2404	13108	8198	12674	14249	3308	15341	13075	2446	10517	2972	3040	10037	13423	2603	4927	13095	995	11676	10776	14205	13412	2767	13866	14413	5778	14476	7740	2509	15888	26801	2734	22824	8129	16545	20720	21771	8262	4187	25267	14248	4255	18829	19267	21426	21183	18209	25117	4184	10778	21276	4648	4253	23798	11039	23747	10748	4451	23164	31775	24992	14662	13113	11651	6147	19695	4073	24445	13295	20476	23363	24413	22018	45882	22409	10288	21367	12602	88548	4811	27067	15061	27893	21822	14954	178400	26581	3996	3599	69351	3863	22976	4627	26247	10939	24016	25863	14467	4525	13192	4099	17046	22282	138414	88456	72685	64991	59232	59519	49567	51153	50604	47926	47638	46887	47755	45434	49895	44903	44759	42094	43579	42766	44824	42866	39836	47142	48746	38161	46131	46786	46937	49299	40073	35688	40380	48831	52267	41968	41598	39080	38746	39944	40672	45903	39710	42199	41494	40080	40320	40926	38881	35980	41648	38954	36989	35203	35188	41086	38091	38877	40241	38480	37108	40315	41670	40685	38198	38239	39608	38435	45874	39419	40769	43232	38233	37718	41759	39617	40190	40892	36818	40706	36200	37851	41176	40150	34779	38860	39265	36747	40412	41555	39000	36050	41058	42215	36565	38731	39736	44783	38810	41198	43779	42441	42177	41136	44977	42164	44759	41923	43361	43761	40625	40446	43569	43160	39790	45170	47862	41159	41311	43477
163.07585_5.293	22129	6140	16078	24516	23176	18651	22396	18045	16763	16229	28095	17967	20831	12502	17167	19159	17896	14669	14860	17074	20472	16841	17929	8297	16045	15771	19995	15663	19462	16630	14710	20078	12047	13935	11604	7993	15514	18608	9536	19236	11455	13285	14664	14799	15225	16161	22278	9231	17677	12999	18196	16729	17919	23042	15080	15991	13894	15372	6044	13238	14035	12490	14672	9351	13670	7867	11675	15766	9500	12709	17197	15333	10548	19837	16590	19051	14064	16734	13103	14368	14137	5991	14615	14449	15203	15032	16313	13254	18589	17142	16480	14153	16973	8468	18772	7665	14830	19403	4592	16534	14200	7548	12383	9033	12860	13518	13615	15571	12937	6255	12298	12283	11048	13460	8171	15737	13626	15494	13022	9396	14921	11890	12989	14061	13361	11170	14882	7792	8157	14224	14264	15597	11512	13535	11179	8958	14599	13624	14286	16082	13879	15206	18950	11579	15397	12071	11926	17539	8646	17031	12430	6114	11524	12058	12289	14158	13255	14515	13750	13387	13108	9518	12674	14249	16184	15341	13075	11905	10517	13229	10895	7345	13423	13823	5844	8671	9328	11676	10776	14205	13412	18330	13866	14413	8991	14476	7740	11403	15888	26801	11672	22824	13065	16777	20720	21771	12015	18453	25267	12335	20402	18829	19267	21426	21183	18209	25117	20291	11497	21276	20116	25609	23798	10219	23747	11294	22238	23164	31775	24992	9647	11338	11651	29260	19695	22865	24445	11235	20476	23363	24413	22018	13334	22409	13273	21367	7150	9046	24329	28485	15061	27893	21822	14923	12232	26581	18026	20597	69351	19879	22976	21957	26247	10939	24016	25863	13697	23160	14058	20077	11343	22282	138414	88456	72685	64991	59232	59519	49567	51153	50604	47926	47638	46887	47755	45434	49895	44903	44759	42094	43579	42766	44824	42866	39836	47142	48746	38161	46131	46786	46937	49299	40073	35688	40380	48831	52267	41968	41598	39080	38746	39944	40672	45903	39710	42199	41494	40080	40320	40926	38881	35980	41648	38954	36989	35203	35188	41086	38091	38877	40241	38480	37108	40315	41670	40685	38198	38239	39608	38435	45874	39419	40769	43232	38233	37718	41759	39617	40190	40892	36818	40706	36200	37851	41176	40150	34779	38860	39265	36747	40412	41555	39000	36050	41058	42215	36565	38731	39736	44783	38810	41198	43779	42441	42177	41136	44977	42164	44759	41923	43361	43761	40625	40446	43569	43160	39790	45170	47862	41159	41311	43477
165.07547_0.84	1002	475	680	12533	12163	7764	17098	10460	17580	15574	19658	14140	13133	694	13536	9120	13145	12889	8822	15344	14106	13270	13289	10474	12296	10854	20574	21909	13371	5702	10315	19291	5584	8338	11651	22768	13488	13239	658	8708	4865	7778	13841	10936	8971	15900	15536	9666	11565	12349	12579	7678	18643	8422	10366	12466	14814	12594	10777	16342	13665	10550	15582	9685	12661	11284	16065	15473	18827	13644	12635	12921	558	17042	13159	16344	12488	11576	8938	17790	18757	12210	11984	15585	14056	11513	23405	13600	9319	12166	17010	11975	14049	13336	19298	15161	12238	12327	905	7828	14934	11046	11409	13910	11134	10551	21260	7462	7940	16053	12692	12859	11216	11809	10989	11690	15158	17610	14154	8305	14444	11620	10560	12522	17020	10790	12965	13428	9617	7789	15272	10327	11939	16700	8335	10440	12399	11194	11701	11151	11984	13846	9381	12960	11787	13845	11188	11687	217	13217	12143	7303	18867	7829	13213	14722	12516	10594	12067	11593	11076	15612	13337	11404	12341	11258	12070	11015	12670	8211	10955	20198	12404	15168	8447	16243	7417	5707	9779	9693	14741	15177	12272	12396	14152	11220	9433	13911	15055	15438	174	23324	6375	14955	18396	7094	13687	18056	13765	16123	14560	15984	20418	15640	11338	11526	22646	15314	11956	12281	14983	7559	17644	11814	14925	26032	17575	9022	15380	19394	8589	18969	13253	9923	15594	16004	15467	13548	18564	6746	17820	6446	5318	14871	19190	19837	27696	22934	16701	14278	348	4826	17134	5838	15404	13592	20263	15432	23637	11880	10339	19609	4935	9584	15244	6393	13080	14470	7656	15949	6413	14551	14456	30048	25770	37484	37057	33045	9013	27320	36246	25082	31370	30920	31370	46768	36531	26235	31955	25869	32735	36742	31551	33969	342	48265	27568	30711	20992	40010	34060	32159	14978	25369	23957	30006	27170	39333	14996	16961	36500	33331	16953	41252	27603	29029	41454	40583	27489	47564	49578	27649	25787	28836	18222	41542	53609	27990	19845	30906	23647	12756	42196	24155	51419	17562	44677	38109	26336	34619	15165	31029	33357	43587	43992	17234	29846	17491	18565	26113	39592	32194	221	29715	27429	8603	22915	29040	33076	41175	22034	18958	17420	12337	26995	11891	39667	14303	41638	19141	22363	9568	29664	37623	15291	29493	25719	14580	27569	17107	37874	41310	10940	25785	10842	33503	33955	33148	34712	383	468	230
165.09131_5.393	462	4143	5192	576	3866	350	893	3327	8296	110	6875	1279	5764	2111	692	4584	19515	577	4652	5551	6989	12996	104	6388	4674	606	4802	5440	12171	24560	746	4091	16398	150	5777	5484	529	3754	3462	249	6418	4163	22819	790	22827	6364	5538	3321	181	21609	3849	4010	3894	1266	6782	3927	272	17256	14235	595	661	5742	220	977	6126	10309	137	1117	4156	170	3061	644	1898	227	9961	1992	3352	5322	1652	3891	7192	4720	6136	1369	3251	4808	8430	646	2803	709	251	5929	6215	1864	5177	5993	222	3657	3287	366	3381	7432	5781	8678	509	2828	3589	1227	383	181	4321	2902	8644	4823	5065	8160	2873	787	9529	2905	8155	8561	9567	1822	9012	6643	609	6782	5235	616	453	6084	5432	1608	296	7975	5561	6824	6893	3858	264	3888	6644	7273	9357	7092	642	1431	2266	975	6388	3646	6199	187	5787	10174	355	6265	393	4259	4550	6173	2789	1154	4977	5431	396	2875	6761	1779	4806	5848	8324	668	339	7646	5325	200	18958	4388	5853	184	9243	2678	1722	254	242	6977	10441	10922	7047	1983	5197	8997	1237	6773	2656	6493	21429	5722	4617	11013	931	17273	11559	17094	6431	9162	12957	8735	1249	7216	7282	14325	16015	8933	11458	6415	9631	7653	4917	5127	12296	6979	2690	4568	24743	15095	5668	4083	264	360	3948	28137	1775	10016	6831	13175	9885	9874	2145	736	22940	4757	6796	12114	6368	1013	1087	2983	14496	3582	11044	10654	11743	7786	1007	12308	7666	446	1219	6719	NA	NA	NA	NA	NA	NA	NA	NA	NA	NA	NA	NA	NA	NA	NA	NA	NA	NA	NA	NA	NA	NA	NA	NA	NA	NA	NA	NA	NA	NA	NA	NA	NA	NA	NA	NA	NA	NA	NA	NA	NA	NA	NA	NA	NA	NA	NA	NA	NA	NA	NA	NA	NA	NA	NA	NA	NA	NA	NA	NA	NA	NA	NA	NA	NA	NA	NA	NA	NA	NA	NA	NA	NA	NA	NA	NA	NA	NA	NA	NA	NA	NA	NA	NA	NA	NA	NA	NA	NA	NA	NA	NA	NA	NA	NA	NA	NA	NA	NA	NA	NA	NA	NA	NA	NA	NA	NA	NA	NA	NA	NA	NA	NA	NA	NA	NA	NA	NA	NA	NA
166.08636_2.211	257393	1628	1239	9242265	8985757	9472867	8607948	9420375	12153119	9767489	9935905	9500746	9614534	2984	9984816	7839690	10817044	9412198	9195555	9417842	8517046	9553204	11650496	10704761	9541930	9855319	14463629	12347517	15902703	10526028	12052586	19706564	11507795	10556045	11129082	12728952	10883696	11669189	1769	12512057	9274063	10630299	8267440	11250003	12565807	11511716	9779164	11242238	10966399	11514143	14046698	10579163	14150132	9715248	11791401	10213837	12335749	9979961	9927655	15027840	12836520	12263023	13344174	10671369	13094550	10403977	12402856	9501886	12211211	12520766	12472964	12849922	1078	13186233	9740944	8060254	10222439	9896572	12083139	16791750	14311902	15962364	13635161	13487891	8611326	11495506	17587540	12280224	11347270	12599809	12153741	12207760	11170362	14131608	13194507	11175940	11593111	13489657	4725	13572155	16661422	12811416	12652878	20326638	17121726	15760037	18424254	14575750	13020185	13965377	13940458	13443355	15056441	13669130	18318992	14033976	14381454	14953341	15478323	11502404	13430372	15033794	12176214	16278925	14369251	13326412	12070625	16465808	13887100	11850327	14800331	13968474	15712103	17552362	16120662	13791888	19642264	18222224	14067640	18878394	18129910	13845214	12395305	16800902	12806108	18133176	13784695	13070210	1860	13497040	14462594	13123319	12417817	14156750	11751045	15461412	15539836	17082528	14365323	15886846	13058524	15663873	14273283	19991354	15144069	14647102	15554116	13510922	13758732	14113918	12335909	13089673	25666546	18710472	13253921	15667624	16206927	19743934	15906505	15116575	18307940	13947150	19772656	16366470	17494458	15464111	15346128	15534185	17387894	15239004	3421	21813234	17163712	14453730	17686236	16175449	16586661	17932730	15068942	19308830	11248895	17444064	14011290	17273594	14882900	14863810	15230551	18953192	13553397	17366070	14083996	13997809	16574137	15511797	13874778	16991590	14943059	14123879	16253131	22288324	12815306	16831766	15997994	14049066	14498099	14110240	17616172	16055810	12699227	15079465	18219054	14037803	19337568	13298887	20322688	17286132	15784433	15979641	15912447	15632009	2189	15546031	15934454	16678891	13101551	17518662	21720116	16087330	15860033	13529294	13467140	13269082	14858162	14413756	14739579	13066626	16078866	12351767	20776656	15040352	19204094	12034046	17914390	9881828	15291988	16441945	15513753	12761759	17703838	10309442	21606360	11762113	16035113	13088158	12169581	11016896	14324694	13224467	12383564	14049596	10525447	16672641	17908434	13805470	3799	12997550	14202803	11741725	14538433	14122102	15198650	19700636	14608245	14535925	13109207	13636312	13429648	14241105	11810702	17205362	14676094	12509053	16203780	14194397	13551095	12946791	17998930	14674325	14714587	13752409	13066986	14839776	13035940	12324724	18140570	14691243	14608733	13455027	14914968	16628580	9547277	12362907	13882476	14895294	15311095	14433128	13918464	15883329	13084782	14805761	16713980	15298792	15452134	15541040	12285337	15892767	13709897	12690875	15523316	16063467	15453818	14323756	3985	16931190	12018671	12144498	16222596	17079588	14140281	15336398	14776611	14861789	14215963	13151392	12843343	12626158	13630113	15144419	15177086	15992522	14202779	12633421	13203448	14318568	12456815	13563065	13534003	16643635	13381370	13067475	12591923	16615043	11930978	12806173	14335645	15164211	14366962	12593060	16475269	3482	2354	1874
166.08636_2.211	257393	1628	1239	9242265	8985757	9472867	8607948	9420375	12153119	9767489	9935905	9500746	9614534	2984	9984816	7839690	10817044	9412198	9195555	9417842	8517046	9553204	11650496	10704761	9541930	9855319	14463629	12347517	15902703	10526028	12052586	19706564	11507795	10556045	11129082	12728952	10883696	11669189	1769	12512057	9274063	10630299	8267440	11250003	12565807	11511716	9779164	11242238	10966399	11514143	14046698	10579163	14150132	9715248	11791401	10213837	12335749	9979961	9927655	15027840	12836520	12263023	13344174	10671369	13094550	10403977	12402856	9501886	12211211	12520766	12472964	12849922	1078	13186233	9740944	8060254	10222439	9896572	12083139	16791750	14311902	15962364	13635161	13487891	8611326	11495506	17587540	12280224	11347270	12599809	12153741	12207760	11170362	14131608	13194507	11175940	11593111	13489657	4725	13572155	16661422	12811416	12652878	20326638	17121726	15760037	18424254	14575750	13020185	13965377	13940458	13443355	15056441	13669130	18318992	14033976	14381454	14953341	15478323	11502404	13430372	15033794	12176214	16278925	14369251	13326412	12070625	16465808	13887100	11850327	14800331	13968474	15712103	17552362	16120662	13791888	19642264	18222224	14067640	18878394	18129910	13845214	12395305	16800902	12806108	18133176	13784695	13070210	1860	13497040	14462594	13123319	12417817	14156750	11751045	15461412	15539836	17082528	14365323	15886846	13058524	15663873	14273283	19991354	15144069	14647102	15554116	13510922	13758732	14113918	12335909	13089673	25666546	18710472	13253921	15667624	16206927	19743934	15906505	15116575	18307940	13947150	19772656	16366470	17494458	15464111	15346128	15534185	17387894	15239004	3421	21813234	17163712	14453730	17686236	16175449	16586661	17932730	15068942	19308830	11248895	17444064	14011290	17273594	14882900	14863810	15230551	18953192	13553397	17366070	14083996	13997809	16574137	15511797	13874778	16991590	14943059	14123879	16253131	22288324	12815306	16831766	15997994	14049066	14498099	14110240	17616172	16055810	12699227	15079465	18219054	14037803	19337568	13298887	20322688	17286132	15784433	15979641	15912447	15632009	2189	15546031	15934454	16678891	13101551	17518662	21720116	16087330	15860033	13529294	13467140	13269082	14858162	14413756	14739579	13066626	16078866	12351767	20776656	15040352	19204094	12034046	60287908	37687552	40829440	52370224	49000076	44820880	57479312	35185516	61066456	41003100	49885684	46631420	41571360	35039512	48551020	45621716	42415376	47690692	36269312	46655712	51351936	43468132	2639	42357556	45470324	36698624	42382848	42132084	46190396	57869712	40341152	44054508	42083024	39510996	38484984	40010972	32254618	45769292	44000064	39211148	46738004	38224164	38339092	38569700	50503972	42337880	43645464	37432384	35319228	39030292	36383980	38095044	48400360	40228016	42602916	40493320	43734884	45103384	28728358	37118896	39187632	42761680	43195928	44545968	38723128	44662392	38934756	44313844	47847084	37927788	43027736	44592632	36838072	45162164	41005812	37147060	43819148	44664036	45171880	41595812	6889	46269636	36600680	36608504	47475156	47723276	41566228	42904672	41760588	43089252	40485236	36847172	37241400	35072268	38543468	43919664	43600856	44378284	40800068	36465416	39795600	39453368	38570572	40384320	38482152	48714984	39920700	40590172	36239580	46562024	31999510	37564504	36944828	43714700	43721416	40596004	48736744	3049	3613	4569
166.08665_2.445	34713	3707	6288	26098950	24924420	4083609	27644448	25903882	32814850	11084966	28021094	29488116	28968564	2418	27156518	22763906	30273940	25997956	29469926	27960464	25366256	27466966	31009812	31115302	26870824	29942644	38685648	37158412	43857860	28256898	32934984	51749456	30749590	28555786	31811712	35384532	28671888	32400168	4806	34280824	26835500	29076300	21635738	29424574	33787668	31629882	26128838	31578620	30007234	31449478	36083532	28489300	38456340	25892654	32518202	29430784	32892164	26164788	22996694	42141480	34474304	33764064	35402944	27940872	34014444	27346608	32717648	26610390	32641898	32979916	35338124	34555192	8760	34892072	26862726	24411908	29451794	28932258	33811224	47016132	40236572	41990848	36945472	39420100	25860746	34168008	46343984	33858156	33374676	35472084	34696396	33749080	30874888	39416552	37636040	30955724	32836124	35906540	2625	38675532	45625232	35743588	33992336	51498752	44655872	42214600	50153572	38565720	35402180	36745904	37392156	36181556	40292748	36608484	47157420	36421372	38018628	38294496	40020028	31722140	34994420	42279216	32444740	42646880	38872196	35091040	32484054	42402768	36199556	31668328	40475840	36844376	41794520	44197120	41634208	35724368	49789804	47246600	38440252	48669272	46645736	36141984	32716076	39775220	33999664	47809108	37580876	37135532	4204	38242532	39982556	36246332	35321596	36799212	32378222	42697428	41354932	45417468	39616712	43198144	35627664	42863880	39976740	52699336	40038256	39473168	41716800	36772128	38664164	39040892	33731564	36092792	64870784	51324960	37414336	41993312	42383384	51570312	42826028	40691312	48680636	38167832	53445528	43950108	44669584	42754628	42399824	42466336	48038420	40721152	4143	57430096	45601068	37722204	45818820	42938820	43209284	49927372	40547444	49001060	29458606	42518796	36618708	44055656	40183944	40381356	38630212	49357704	35944364	44187988	36483548	37576788	42448164	40695112	37661384	46335244	39889624	38074484	42965828	60755120	36918788	44564036	42865592	36690272	37199360	37303144	45696468	41600656	34535820	39106040	49909392	38392120	49268984	35959244	52366812	45450952	40974684	42242964	40985120	41656620	1937	39999656	39386800	45324248	36504984	45649496	57425144	40944636	41859904	36911256	37295948	35756440	41286444	39881156	38636232	35667200	42690384	34225520	53255152	38002956	51882828	32406642	17914390	9881828	15291988	16441945	15513753	12761759	17703838	10309442	21606360	11762113	16035113	13088158	12169581	11016896	14324694	13224467	12383564	14049596	10525447	16672641	17908434	13805470	3799	12997550	14202803	11741725	14538433	14122102	15198650	19700636	14608245	14535925	13109207	13636312	13429648	14241105	11810702	17205362	14676094	12509053	16203780	14194397	13551095	12946791	17998930	14674325	14714587	13752409	13066986	14839776	13035940	12324724	18140570	14691243	14608733	13455027	14914968	16628580	9547277	12362907	13882476	14895294	15311095	14433128	13918464	15883329	13084782	14805761	16713980	15298792	15452134	15541040	12285337	15892767	13709897	12690875	15523316	16063467	15453818	14323756	3985	16931190	12018671	12144498	16222596	17079588	14140281	15336398	14776611	14861789	14215963	13151392	12843343	12626158	13630113	15144419	15177086	15992522	14202779	12633421	13203448	14318568	12456815	13563065	13534003	16643635	13381370	13067475	12591923	16615043	11930978	12806173	14335645	15164211	14366962	12593060	16475269	3482	2354	1874
166.08665_2.445	34713	3707	6288	26098950	24924420	4083609	27644448	25903882	32814850	11084966	28021094	29488116	28968564	2418	27156518	22763906	30273940	25997956	29469926	27960464	25366256	27466966	31009812	31115302	26870824	29942644	38685648	37158412	43857860	28256898	32934984	51749456	30749590	28555786	31811712	35384532	28671888	32400168	4806	34280824	26835500	29076300	21635738	29424574	33787668	31629882	26128838	31578620	30007234	31449478	36083532	28489300	38456340	25892654	32518202	29430784	32892164	26164788	22996694	42141480	34474304	33764064	35402944	27940872	34014444	27346608	32717648	26610390	32641898	32979916	35338124	34555192	8760	34892072	26862726	24411908	29451794	28932258	33811224	47016132	40236572	41990848	36945472	39420100	25860746	34168008	46343984	33858156	33374676	35472084	34696396	33749080	30874888	39416552	37636040	30955724	32836124	35906540	2625	38675532	45625232	35743588	33992336	51498752	44655872	42214600	50153572	38565720	35402180	36745904	37392156	36181556	40292748	36608484	47157420	36421372	38018628	38294496	40020028	31722140	34994420	42279216	32444740	42646880	38872196	35091040	32484054	42402768	36199556	31668328	40475840	36844376	41794520	44197120	41634208	35724368	49789804	47246600	38440252	48669272	46645736	36141984	32716076	39775220	33999664	47809108	37580876	37135532	4204	38242532	39982556	36246332	35321596	36799212	32378222	42697428	41354932	45417468	39616712	43198144	35627664	42863880	39976740	52699336	40038256	39473168	41716800	36772128	38664164	39040892	33731564	36092792	64870784	51324960	37414336	41993312	42383384	51570312	42826028	40691312	48680636	38167832	53445528	43950108	44669584	42754628	42399824	42466336	48038420	40721152	4143	57430096	45601068	37722204	45818820	42938820	43209284	49927372	40547444	49001060	29458606	42518796	36618708	44055656	40183944	40381356	38630212	49357704	35944364	44187988	36483548	37576788	42448164	40695112	37661384	46335244	39889624	38074484	42965828	60755120	36918788	44564036	42865592	36690272	37199360	37303144	45696468	41600656	34535820	39106040	49909392	38392120	49268984	35959244	52366812	45450952	40974684	42242964	40985120	41656620	1937	39999656	39386800	45324248	36504984	45649496	57425144	40944636	41859904	36911256	37295948	35756440	41286444	39881156	38636232	35667200	42690384	34225520	53255152	38002956	51882828	32406642	60287908	37687552	40829440	52370224	49000076	44820880	57479312	35185516	61066456	41003100	49885684	46631420	41571360	35039512	48551020	45621716	42415376	47690692	36269312	46655712	51351936	43468132	2639	42357556	45470324	36698624	42382848	42132084	46190396	57869712	40341152	44054508	42083024	39510996	38484984	40010972	32254618	45769292	44000064	39211148	46738004	38224164	38339092	38569700	50503972	42337880	43645464	37432384	35319228	39030292	36383980	38095044	48400360	40228016	42602916	40493320	43734884	45103384	28728358	37118896	39187632	42761680	43195928	44545968	38723128	44662392	38934756	44313844	47847084	37927788	43027736	44592632	36838072	45162164	41005812	37147060	43819148	44664036	45171880	41595812	6889	46269636	36600680	36608504	47475156	47723276	41566228	42904672	41760588	43089252	40485236	36847172	37241400	35072268	38543468	43919664	43600856	44378284	40800068	36465416	39795600	39453368	38570572	40384320	38482152	48714984	39920700	40590172	36239580	46562024	31999510	37564504	36944828	43714700	43721416	40596004	48736744	3049	3613	4569
167.05632_2.344	330	594	565	1046	2652	8916	37758	23338	23100	29749	3503	16604	18169	361	26123	1128	1543	26401	2634	3508	39458	1733	32314	12734	1269	0	4846	3664	0	33992	8020	685	23255	75892	4603	824	50387	19621	0	5214	21893	11369	11073	85241	37437	448	36683	5204	27551	18512	297	13976	11657	7866	133979	14766	10340	321	15974	34818	68310	5916	33962	216	0	7819	52285	4935	0	10056	11276	20443	176	3166	8420	5401	51762	6667	10451	31304	41593	202	0	8322	37197	359	3804	1281	72270	27875	13777	23338	24569	0	4101	7273	25777	22893	515	9237	2193	622	36609	21901	9515	13661	16832	11641	9434	14396	9727	32512	31144	53335	29049	22549	36785	57850	531	44303	14102	48578	41850	21604	45739	17973	2095	4702	15998	10116	39116	3447	20829	11387	14413	30802	21688	83297	16665	18717	36270	29707	17317	9526	39898	304	38409	24948	96	52073	48504	978	20922	5606	2150	16481	6893	6906	81845	8863	13676	18980	23527	5373	28923	34105	19379	7017	47633	21883	13648	48874	38371	32625	7361	15525	5719	19497	22488	32096	15038	1692	67158	48798	20035	13761	12228	66388	24998	28236	665	21065	98936	568	29570	59305	3826	0	35844	3449	893	0	0	0	0	0	8493	13483	34142	18348	2965	2378	52456	45135	62651	12600	0	1815	20184	72873	1105	23474	0	10219	2408	352	38538	2189	19007	47266	42018	31827	70252	75575	3661	1105	2153	20029	0	22549	560	73384	0	25055	247	13068	21993	1643	10275	345	34061	0	91059	0	120038	39581	29853	7909	16105	0	63974	980	79861	1371	16357	3756	690	1736	30718	30923	39890	38835	5284	887	11506	22033	1118	36713	0	37344	0	29706	2717	21296	245	225	22797	20724	11057	63799	50783	44460	2658	24647	6197	59980	70944	107267	1154	3699	4332	53963	4194	8010	35677	61094	101230	30166	19598	19973	15035	12621	18694	8153	11265	2013	6688	40686	0	317	778	43806	3510	20288	2210	38857	5316	102407	12671	0	0	16141	11298	39207	1626	479	26063	0	44736	38486	145895	19581	125	285	13363	22595	382	5808	3146	49403	0	35171	29339	39876	22857	27381	4452	212	60602	30402	37782	21335	9915	48334	73062	16374	17101	0	46606	146	0	28103	14335	35281	30189	78748	31841	79865	120676	409	178	678
167.05632_2.344	330	594	565	1046	2652	8916	37758	23338	23100	29749	3503	16604	18169	361	26123	1128	1543	26401	2634	3508	39458	1733	32314	12734	1269	0	4846	3664	0	33992	8020	685	23255	75892	4603	824	50387	19621	0	5214	21893	11369	11073	85241	37437	448	36683	5204	27551	18512	297	13976	11657	7866	133979	14766	10340	321	15974	34818	68310	5916	33962	216	0	7819	52285	4935	0	10056	11276	20443	176	3166	8420	5401	51762	6667	10451	31304	41593	202	0	8322	37197	359	3804	1281	72270	27875	13777	23338	24569	0	4101	7273	25777	22893	515	9237	2193	622	36609	21901	9515	13661	16832	11641	9434	14396	9727	32512	31144	53335	29049	22549	36785	57850	531	44303	14102	48578	41850	21604	45739	17973	2095	4702	15998	10116	39116	3447	20829	11387	14413	30802	21688	83297	16665	18717	36270	29707	17317	9526	39898	304	38409	24948	96	52073	48504	978	20922	5606	2150	16481	6893	6906	81845	8863	13676	18980	23527	5373	28923	34105	19379	7017	47633	21883	13648	48874	38371	32625	7361	15525	5719	19497	22488	32096	15038	1692	67158	48798	20035	13761	12228	66388	24998	28236	665	21065	98936	568	29570	59305	3826	0	35844	3449	893	0	0	0	0	0	8493	13483	34142	18348	2965	2378	52456	45135	62651	12600	0	1815	20184	72873	1105	23474	0	10219	2408	352	38538	2189	19007	47266	42018	31827	70252	75575	3661	1105	2153	20029	0	22549	560	73384	0	25055	247	13068	21993	1643	10275	345	34061	0	91059	0	120038	39581	29853	7909	16105	0	63974	980	18248	3669	193367	20128	21196	190196	65055	70663	27757	29802	3027	51808	48764	179611	78670	27845	522	26312	12518	49857	72652	51892	244	0	32676	110842	5309	39712	69336	27406	31587	79915	12321	157928	148223	157659	2162	1324	7800	27094	1521	167650	18255	41469	91423	12435	15101	21565	35805	10283	52433	3840	1370	126462	42137	54361	4436	0	12625	51305	94679	80000	20739	49884	248003	99347	21380	383	6097	54687	28992	92377	25424	7530	20969	0	52303	26998	88178	49001	523	1031	14252	38557	0	57041	66442	22916	2362	21818	20704	183132	12057	63063	0	4037	31084	15647	74066	117511	3057	47856	139305	26816	55282	15649	39178	228	1079	35561	17617	34561	152548	75388	83436	173165	68479	181	0	275
167.05643_2.241	160	939	128	6167	44	92495	16032	18254	16989	74527	13030	32137	38904	984	81722	39672	3934	76083	21874	26733	30855	41095	37394	2671	88499	0	38776	5099	0	58204	18491	66764	15905	34102	4501	154053	42341	42609	290	14132	21779	60617	166518	43033	31857	35651	137911	87917	11508	46237	0	16203	44754	84676	42709	12998	6852	21253	202405	33645	65739	2341	30449	870	24842	5537	80005	5434	335	4844	36056	43030	327	766	23333	30844	35363	98139	46427	35842	13618	117	1624	26886	146512	165	163305	0	35785	10590	43286	12010	22045	392	2378	168379	50507	44528	210	6151	56267	51	86861	5963	7912	5077	26198	37185	4512	27117	5703	41008	11590	46206	21980	11391	40951	70481	5979	12747	26902	30092	58962	65128	23658	140305	46456	25421	17959	23007	16488	1076	18874	10352	15201	61398	63356	24254	35521	12579	37987	17569	12416	117990	90022	0	22550	51070	0	26877	75996	30814	25819	1141	940	9818	85026	2231	37865	9172	9680	32458	31103	26538	14152	15666	30969	1171	44062	203918	9079	106299	92204	23630	3663	25161	21730	3813	11388	34660	6666	77656	3088	22647	226742	6048	2828	214256	9452	51077	0	102744	64709	28936	91040	153327	0	15618	56977	11393	46914	0	1444	6206	299	10471	47490	25033	71962	232215	858	15496	70079	76649	235352	1972	0	37708	73175	22254	36004	77953	54534	72866	67590	425	473265	68275	84994	127980	41026	135974	30875	48621	141946	65280	545	18168	478	46580	991	48178	238	3754	0	139094	61115	3683	53369	1471	40672	340	74881	413	123653	193722	30928	16748	6005	3180	23067	2497	79861	1371	16357	3756	690	1736	30718	30923	39890	38835	5284	887	11506	22033	1118	36713	0	37344	0	29706	2717	21296	245	225	22797	20724	11057	63799	50783	44460	2658	24647	6197	59980	70944	107267	1154	3699	4332	53963	4194	8010	35677	61094	101230	30166	19598	19973	15035	12621	18694	8153	11265	2013	6688	40686	0	317	778	43806	3510	20288	2210	38857	5316	102407	12671	0	0	16141	11298	39207	1626	479	26063	0	44736	38486	145895	19581	125	285	13363	22595	382	5808	3146	49403	0	35171	29339	39876	22857	27381	4452	212	60602	30402	37782	21335	9915	48334	73062	16374	17101	0	46606	146	0	28103	14335	35281	30189	78748	31841	79865	120676	409	178	678
167.05643_2.241	160	939	128	6167	44	92495	16032	18254	16989	74527	13030	32137	38904	984	81722	39672	3934	76083	21874	26733	30855	41095	37394	2671	88499	0	38776	5099	0	58204	18491	66764	15905	34102	4501	154053	42341	42609	290	14132	21779	60617	166518	43033	31857	35651	137911	87917	11508	46237	0	16203	44754	84676	42709	12998	6852	21253	202405	33645	65739	2341	30449	870	24842	5537	80005	5434	335	4844	36056	43030	327	766	23333	30844	35363	98139	46427	35842	13618	117	1624	26886	146512	165	163305	0	35785	10590	43286	12010	22045	392	2378	168379	50507	44528	210	6151	56267	51	86861	5963	7912	5077	26198	37185	4512	27117	5703	41008	11590	46206	21980	11391	40951	70481	5979	12747	26902	30092	58962	65128	23658	140305	46456	25421	17959	23007	16488	1076	18874	10352	15201	61398	63356	24254	35521	12579	37987	17569	12416	117990	90022	0	22550	51070	0	26877	75996	30814	25819	1141	940	9818	85026	2231	37865	9172	9680	32458	31103	26538	14152	15666	30969	1171	44062	203918	9079	106299	92204	23630	3663	25161	21730	3813	11388	34660	6666	77656	3088	22647	226742	6048	2828	214256	9452	51077	0	102744	64709	28936	91040	153327	0	15618	56977	11393	46914	0	1444	6206	299	10471	47490	25033	71962	232215	858	15496	70079	76649	235352	1972	0	37708	73175	22254	36004	77953	54534	72866	67590	425	473265	68275	84994	127980	41026	135974	30875	48621	141946	65280	545	18168	478	46580	991	48178	238	3754	0	139094	61115	3683	53369	1471	40672	340	74881	413	123653	193722	30928	16748	6005	3180	23067	2497	18248	3669	193367	20128	21196	190196	65055	70663	27757	29802	3027	51808	48764	179611	78670	27845	522	26312	12518	49857	72652	51892	244	0	32676	110842	5309	39712	69336	27406	31587	79915	12321	157928	148223	157659	2162	1324	7800	27094	1521	167650	18255	41469	91423	12435	15101	21565	35805	10283	52433	3840	1370	126462	42137	54361	4436	0	12625	51305	94679	80000	20739	49884	248003	99347	21380	383	6097	54687	28992	92377	25424	7530	20969	0	52303	26998	88178	49001	523	1031	14252	38557	0	57041	66442	22916	2362	21818	20704	183132	12057	63063	0	4037	31084	15647	74066	117511	3057	47856	139305	26816	55282	15649	39178	228	1079	35561	17617	34561	152548	75388	83436	173165	68479	181	0	275
167.05655_2.099	0	197	317	18829	9703	157202	40634	36567	39952	106579	11475	46021	55158	450	116133	61652	15051	102516	21611	38254	49548	36636	55726	22206	78686	705	66172	19643	0	93800	24774	33520	43167	82841	14234	92189	65462	60579	752	23592	37415	64926	185309	91400	62075	35946	184549	174083	41452	49719	286	25636	25222	142017	126599	28111	22362	24344	208393	53639	106682	11754	57669	4063	37017	17208	128237	20558	1086	19634	43754	56514	537	7913	42046	43440	57099	67698	58331	50874	50972	0	8726	40094	193703	607	115922	7249	77978	38928	55613	31531	34531	802	11171	155842	64183	65361	264	21855	80314	4183	104409	29065	23033	19673	39164	44242	21662	44243	18213	55419	35521	75722	46310	37532	78781	113608	15281	43031	50559	64835	76264	89715	60034	183514	69597	47692	34527	36607	46219	7602	32271	20645	29902	84603	77988	73215	56224	33911	74659	35387	31728	126722	136044	1996	47240	69135	268	61233	101209	31001	35937	15566	6874	27455	76805	17124	89051	16616	23841	50516	60523	44040	42473	50607	46002	12369	67048	324692	22075	162049	120002	50389	17242	38740	48042	24057	32176	64034	27411	104721	49906	55724	216268	22972	20049	284627	40218	70145	627	103395	116370	63169	109050	220512	15230	32915	81114	24450	69070	3074	7952	31622	1620	20763	46679	42805	150694	265020	19859	30479	83662	155517	227745	25159	1598	43881	72598	72510	53789	90545	66819	93156	131132	3245	523947	78727	112840	178355	74268	162694	88730	80332	167018	84255	9669	35952	238	86304	887	82115	4517	28137	351	179580	114930	25370	42940	14816	103050	5348	130847	1926	177375	254200	78223	49456	44905	16393	72403	18868	71003	18528	232314	34619	77079	171279	80018	145368	54699	59668	20660	48142	51502	125004	68811	50480	0	58512	25741	90774	75483	65478	371	0	60126	162815	15495	76951	88928	67115	36273	96132	26820	183093	189388	192108	5667	12265	27699	63910	16311	156636	50310	74424	131985	37572	43089	39479	59861	24052	65714	16858	22231	92253	63894	67939	16381	9449	32603	74279	83055	82249	25220	82861	198606	183597	47986	4653	21581	77073	49995	119325	35700	26817	44182	5972	76403	51089	198597	68151	350	7727	31244	47581	5978	59278	116283	58358	8901	42353	32842	268971	36219	79918	11440	14174	64966	41835	101004	146516	21185	72135	203640	47311	71458	29124	72597	706	9251	57099	28876	61308	142888	102851	116674	177369	137285	179	162	0
167.05667_1.881	980	357	161	45037	13316	400927	36059	45355	47739	208107	25980	81981	105334	0	238433	156096	34133	221361	49618	85182	59248	125851	81009	22387	205909	2998	138921	37933	3658	187518	56416	154494	66156	53395	24944	331162	83040	115844	369	48154	59338	158745	464604	67965	80410	92894	463110	430753	45210	107971	3443	45032	104134	378232	78133	36690	29788	72262	571089	82147	170243	18636	85438	13589	101709	27863	242162	40541	4996	27473	92592	124898	0	11166	96467	86679	64105	195145	155212	78945	48323	4529	19352	79828	426603	4133	400448	11127	62978	43551	130340	35018	57217	4975	20273	453689	136501	131376	279	37224	196665	7446	235670	19419	36103	30625	66297	104700	35970	89227	23807	83204	34653	124146	65378	47124	116892	180511	39863	27827	97644	78564	141712	189562	60337	438994	191546	104703	49531	78584	46511	14960	55404	36129	59081	188921	163188	56485	107760	43005	116742	37093	53048	368373	294538	4400	56135	136599	447	75249	194704	91136	68347	14954	14752	42798	247023	26237	89741	26354	31623	101929	122398	110733	54502	65571	87315	20235	94357	796511	39942	381479	249303	64131	34893	77081	99173	23658	39282	107179	39550	272539	26352	44679	618418	32508	24770	725256	58042	164226	170	278664	136909	165494	260365	509768	31969	97433	130698	60122	222271	15085	23692	89325	9003	59777	127723	88202	345668	778986	39461	79371	129449	284067	569113	45543	6896	127616	179747	66554	145501	190880	60338	252633	343934	14123	1434977	193775	267894	448437	130168	410558	94968	105682	454312	245095	30231	63126	7669	165104	5	117985	19041	34096	6262	478656	232901	69999	120787	33328	211932	12223	183869	15779	266805	642487	24334	113775	79628	46845	29901	43949	57362	34397	567547	81385	160905	453328	163643	293038	63541	81622	39396	122505	138060	343989	169832	62319	2231	80325	60200	151031	186096	141906	222	917	99207	372340	26974	100208	136323	82536	96880	210977	46873	409184	392753	343182	13787	16830	53834	66509	26681	430011	56371	88184	176706	37353	63209	70416	122209	41573	136832	25962	27840	284793	140513	105942	39047	26220	74162	127850	237342	190621	57729	146969	560671	288461	78825	8427	62478	177445	104865	232872	95265	59481	58990	15255	124012	63391	262280	145280	174	19449	48326	94511	16495	154777	268936	33064	26414	45929	42041	627280	44172	168637	16156	42731	68675	49184	201375	341359	26434	108696	382722	97360	161917	86719	114874	5531	28624	96147	51139	94583	371774	143463	244725	353077	149627	768	525	232
189.05243_4.075	725	358	403	1152	746	860	1905	3380	1725	1287	2576	2297	2408	924	1722	1150	5862	2112	2889	1819	1567	1794	2598	3155	2066	2141	3311	4707	5651	4555	5169	4210	1997	3604	3945	3779	3634	3055	1075	2780	3804	4325	2132	5043	5392	5350	4135	7618	4106	6593	7336	4790	7173	8247	5189	3801	5838	2624	5511	6356	6784	6334	4508	3803	5327	5337	8343	4882	4754	2286	7603	6103	2941	7224	2975	2762	4427	5788	5080	9231	6513	10214	5223	5593	5349	2966	7510	5846	5998	5543	5430	5319	3458	8587	3184	4686	1913	6698	2258	6541	8343	3595	6256	7017	5348	7299	7557	4238	4282	4881	6688	5761	5292	3462	4753	2952	8184	7300	6149	5088	8189	7027	8525	5955	8965	6184	6322	9378	8646	4207	8146	4055	7114	8421	8472	5845	8777	6555	5690	12555	6750	7453	6273	17243	8587	8893	6689	6098	5599	8787	8035	8237	6497	4105	5312	6927	13139	10657	6924	10179	5363	5318	11036	10527	5350	3634	7207	10837	9437	6746	11382	3536	18717	6870	5039	8007	8630	7146	12107	7560	6461	6320	9701	9015	11680	7922	14461	6727	5622	41931	7408	68796	57980	29171	67924	48757	35933	45813	30576	71680	32063	29676	45987	27052	40060	36293	74915	67285	49379	55826	29808	39814	52448	53085	29210	37343	43717	38055	48219	83202	38822	68767	35237	40681	31993	37705	61847	31295	43778	46850	45637	37388	80093	32400	66927	38254	66364	49870	49992	48988	6710	42202	30331	55687	39992	55384	73466	29896	66048	32716	61115	49168	48604	37781	39840	38373	58190	35521	147512	40853	63786	31985	NA	NA	NA	NA	NA	NA	NA	NA	NA	NA	NA	NA	NA	NA	NA	NA	NA	NA	NA	NA	NA	NA	NA	NA	NA	NA	NA	NA	NA	NA	NA	NA	NA	NA	NA	NA	NA	NA	NA	NA	NA	NA	NA	NA	NA	NA	NA	NA	NA	NA	NA	NA	NA	NA	NA	NA	NA	NA	NA	NA	NA	NA	NA	NA	NA	NA	NA	NA	NA	NA	NA	NA	NA	NA	NA	NA	NA	NA	NA	NA	NA	NA	NA	NA	NA	NA	NA	NA	NA	NA	NA	NA	NA	NA	NA	NA	NA	NA	NA	NA	NA	NA	NA	NA	NA	NA	NA	NA	NA	NA	NA	NA	NA	NA	NA	NA	NA	NA	NA	NA
168.06535_0.8	1602	615	781	7844	6110	2833	2707	1460	3394	2758	4672	2682	2511	353	951	4368	4735	4174	4137	590	1865	2547	4646	899	1478	3370	4368	2807	8702	3851	3524	21930	4328	3783	3303	20097	5526	6335	284	2851	3980	2006	1017	925	3174	1573	765	1745	2900	1303	6087	11569	55265	2799	2947	2753	953	2878	2192	4408	4570	2766	4734	6899	2604	2899	2288	733	3111	2816	3524	5471	661	3762	261	3108	1382	4482	17029	4832	945	8638	2699	705	1679	2777	22868	4362	1141	6621	3777	1345	2477	4687	2953	4601	4507	2964	582	2046	5160	3389	670	5741	3366	5051	1929	1932	3389	972	10130	1410	16018	2230	7086	3481	950	4031	7009	2929	3877	4210	7504	2368	3422	3419	2538	3462	5767	3603	8187	4773	1621	3202	2089	2505	2847	1311	1776	1203	3302	6048	3819	2866	2007	4605	2061	3653	634	2620	3995	2154	2563	5078	1431	1744	6379	3547	7762	2735	3255	3037	3206	4981	3632	2642	4475	6210	4921	2360	2259	3451	19058	3729	2479	2662	2042	6483	8235	2003	4601	3469	2926	4427	7766	1056	6422	4218	1518	5357	997	6497	6468	3192	5927	5784	8824	6419	30226	3714	3044	827	1222	1850	6386	5912	2322	16148	23133	3251	4026	4474	5975	23345	5822	9089	4248	5857	5916	7916	3406	3169	3997	4099	3676	6004	7204	1579	6492	5575	6956	5985	808	5939	4343	4984	1560	6931	7386	6588	696	3822	2132	3588	7901	3510	1783	4463	2832	2332	23495	264	2397	5515	10715	4553	4765	5593	4470	4765	3067	6486	5976	4317	3409	8430	6382	5294	3782	16733	7511	5189	5865	5764	5423	6021	6617	9369	1935	5582	5018	7785	5616	2746	410	10047	9562	6019	4478	1744	5625	7214	3313	6775	7193	6913	7983	5516	1979	4588	8934	1792	6774	4040	5758	6868	4369	5132	5005	2910	964	2777	4592	1539	5837	1769	3823	1806	682	6726	4042	5917	2049	3670	5063	4777	4220	4027	9164	4293	6021	3900	2959	4903	7033	4243	2104	5361	4221	2182	2149	5524	293	7756	5426	4516	3380	6186	6893	4708	7276	4528	6613	5238	5445	7217	7627	4862	5381	7043	7090	13573	3739	1246	3934	4628	4227	7218	8371	4326	8065	1218	9587	2244	4825	8763	12020	5999	4861	235	380	33
169.04701_3.442	829	800	897	2952	4697	4001	2838	3734	2337	3285	4539	4756	7271	1526	2480	3061	3466	4388	4033	4113	5570	5688	6051	6078	5221	5388	5854	5055	5511	2363	4688	4918	4780	5648	4078	5713	5582	10489	2690	7145	2608	5215	4821	6357	4693	5080	5774	5578	4512	5058	7190	5546	5535	4451	4296	6877	5959	4483	5433	4299	7235	4960	4211	7090	6457	6417	5479	4598	5194	6233	8003	9381	1998	7210	5990	4978	5561	8215	5166	6536	5231	6951	7086	5209	6957	4344	6033	7388	6441	9032	5969	8141	4603	4521	5387	6959	8666	10389	905	7816	5701	6629	6899	6757	5532	8483	7960	6792	7395	6644	6271	5829	7142	6665	6663	7539	6816	8432	10927	5895	3985	9077	7836	7320	7445	6526	5511	6650	7501	2676	4817	8452	8050	8472	6609	6293	11546	8311	8746	9077	6400	8460	5377	8895	2718	6169	8940	15210	1078	6832	6842	8707	6050	9575	8963	6068	6335	7834	8419	10289	8616	6941	7665	9679	9542	9746	8228	8625	6200	7673	4834	9001	11587	11182	11028	7677	12525	10665	6777	8590	8140	11327	10447	7969	9372	9315	11000	8550	8794	86908	7986	95194	91324	97343	95585	99446	87677	93579	94150	94477	86825	95418	89303	93735	106461	89838	310450	96315	102748	106217	86742	89066	85563	91342	110779	94912	85194	92784	91757	82131	94718	93990	98784	88912	81939	99610	94009	108259	88826	89791	94238	107933	84171	119858	95891	91542	86557	85704	96323	99701	4395	99048	95055	101088	88902	97155	98088	89488	90073	90347	94378	85668	91059	90974	93011	89663	80031	87768	87199	90066	110234	84252	NA	NA	NA	NA	NA	NA	NA	NA	NA	NA	NA	NA	NA	NA	NA	NA	NA	NA	NA	NA	NA	NA	NA	NA	NA	NA	NA	NA	NA	NA	NA	NA	NA	NA	NA	NA	NA	NA	NA	NA	NA	NA	NA	NA	NA	NA	NA	NA	NA	NA	NA	NA	NA	NA	NA	NA	NA	NA	NA	NA	NA	NA	NA	NA	NA	NA	NA	NA	NA	NA	NA	NA	NA	NA	NA	NA	NA	NA	NA	NA	NA	NA	NA	NA	NA	NA	NA	NA	NA	NA	NA	NA	NA	NA	NA	NA	NA	NA	NA	NA	NA	NA	NA	NA	NA	NA	NA	NA	NA	NA	NA	NA	NA	NA	NA	NA	NA	NA	NA	NA
169.1002_0.688	405	395	550	112141	123917	116486	86823	115269	132015	124226	119877	111584	112624	548	121315	122197	124066	77391	135066	98819	104672	115556	125706	116205	112583	125680	144265	141840	91042	148374	137170	72706	145362	99617	139867	92501	96369	117546	5	157421	137762	115729	99174	96374	135126	120722	125163	133956	128308	139011	94447	118369	116910	116697	106619	110286	133028	123350	106540	131165	126746	111144	140873	132680	129313	120300	97003	98726	118403	128517	135457	118109	297	129400	102304	86620	100314	109568	107114	109103	107576	100739	112958	144373	107595	107365	112269	111929	95777	144406	123947	99451	102398	105600	165706	113915	113064	121198	250	177298	148717	128281	112659	155408	141695	119320	163822	127369	142133	108948	105854	125634	111663	119387	142325	128040	107963	124471	125609	105334	100657	120151	122681	126634	107138	107810	104805	159684	104577	129656	103101	141001	140572	151555	111040	145002	147032	128232	105059	149907	124028	105968	120984	124842	118541	125381	140466	117340	671	100580	110731	104664	119166	147521	106312	152949	121069	117017	106189	134561	127243	137458	106866	152662	127488	126684	117336	137014	120738	126479	115272	127954	158901	131931	145558	131688	120106	187364	114292	146835	153101	138130	128554	127934	83928	150716	94424	132992	126387	172854	452	177925	149153	173972	220512	227926	226369	187925	177214	162222	170578	216875	163674	233006	168699	156243	98856	161735	161780	185613	189302	140093	202275	174458	170472	174776	136480	152792	142761	176066	156983	167300	186692	152213	157721	205067	144988	196795	131807	223487	165626	198838	201686	152665	170603	186903	125072	168111	166311	178425	203	152017	212926	197374	210751	160100	175049	205265	131496	161587	170266	137345	131834	162978	175399	208892	147548	167902	254877	200501	209541	150850	113051	73996	113982	110848	120800	93804	81959	92184	111060	83592	137978	93348	101787	43322	106211	86669	88110	88148	79439	104165	98656	101934	223	89952	78157	95456	124905	109875	77301	142244	125156	91878	81668	110504	101307	106517	118225	113896	86917	97104	102703	127374	83310	86874	106318	77664	90713	89999	115863	131284	153757	72191	132878	138059	114386	79899	113718	142870	75480	117518	138409	82332	106147	128381	129891	93163	85693	95423	142960	121150	133631	115270	83503	124532	75785	113340	132516	115377	90592	107656	0	132631	107040	101534	117139	127204	101930	95647	109858	119361	121866	107677	77160	118457	94412	123548	93159	113670	87992	96859	82422	113161	94592	124835	99440	128274	106960	95720	85289	105764	122457	100447	115829	104202	81222	73908	96806	674	0	309
170.08139_1.523	1018	322	426	3331	1565	1426	0	2723	1081	416	548	0	2088	1020	10	449	4789	330	107	0	0	1999	1803	2053	627	753	886	60	299	2420	959	3107	2275	666	381	806	0	1128	200	378	989	453	489	0	3655	2439	0	3119	12	3074	183	778	107247	383	3252	309	5392	0	230	3166	1010	1961	0	595	4707	756	0	1112	861	715	0	1561	492	834	0	485	3304	2641	1767	1670	3449	937	2529	0	0	1049	4495	797	395	2445	993	584	624	1345	2811	1287	1841	2250	339	0	0	858	616	2732	1535	2301	21	1914	621	1628	0	178	0	1122	0	0	670	343	16	1844	2272	895	4916	2177	6778	453	887	2001	0	2361	521	0	5314	960	838	397	7129	753	839	3498	1315	0	4549	4396	2566	288	397	518	337	3185	4044	884	3610	2597	349	5808	4503	1874	349	3253	2791	5643	3006	777	3195	2923	3090	1996	2501	2430	6102	3734	2345	5259	688	1414	2730	1009	1232	3072	1373	2605	3567	1083	1181	352	0	2476	2753	8018	332	10411	7538	9544	37	6484	3440	348	355	5195	812	1380	2894	8344	3826	2163	756	9295	14031	3098	4159	12629	5935	1417	1584	1144	6038	2588	4853	1935	6798	8932	6084	4418	4371	1277	2536	799	1969	3761	7240	1750	3698	3093	343	1425	3714	1762	5579	1577	250	6194	4113	6014	2860	5987	9092	4397	2222	1057	2753	2688	1639	5221	3696	3249	3477	2569	8812	5406	3473	3480	NA	NA	NA	NA	NA	NA	NA	NA	NA	NA	NA	NA	NA	NA	NA	NA	NA	NA	NA	NA	NA	NA	NA	NA	NA	NA	NA	NA	NA	NA	NA	NA	NA	NA	NA	NA	NA	NA	NA	NA	NA	NA	NA	NA	NA	NA	NA	NA	NA	NA	NA	NA	NA	NA	NA	NA	NA	NA	NA	NA	NA	NA	NA	NA	NA	NA	NA	NA	NA	NA	NA	NA	NA	NA	NA	NA	NA	NA	NA	NA	NA	NA	NA	NA	NA	NA	NA	NA	NA	NA	NA	NA	NA	NA	NA	NA	NA	NA	NA	NA	NA	NA	NA	NA	NA	NA	NA	NA	NA	NA	NA	NA	NA	NA	NA	NA	NA	NA	NA	NA
170.09247_0.755	1116	199	153	74347	50817	27849	31991	75907	50145	40589	33001	26864	52364	146	19653	22431	51447	22216	15089	21026	26296	65277	22207	97052	42603	33603	31796	54147	17109	102690	24290	47297	61651	21397	28764	37786	14759	40110	394	19907	62157	32809	43177	19642	60613	60790	19074	91934	42035	29644	20615	19491	134531	35973	81566	52444	122164	24357	50950	113594	28998	59001	23941	16138	19322	39022	26017	44709	20046	62009	17716	41568	428	58102	22124	24021	45285	74950	66250	69404	54586	18171	73523	29015	17611	52318	111918	53061	25080	45433	41228	28988	69361	19635	16741	79511	33950	38014	658	22683	23703	31233	57094	60757	25798	51941	35534	28525	14241	18132	19726	20694	27022	42843	30433	25368	52390	30302	31083	19264	32203	29042	54005	33676	76976	13679	37485	51951	12671	36844	36026	29772	45801	52048	31302	27667	66401	27827	43126	31213	65920	19781	67830	74339	92567	18071	43463	50059	402	41233	39293	26109	51610	19567	33373	94076	82225	34612	33555	38464	23526	48907	75020	31640	20299	33071	35164	33455	48566	50336	38133	60133	41143	43023	24646	30837	54372	29184	35645	28926	47612	40929	92938	31669	23266	11697	20446	69914	68515	59304	793	69935	106154	93867	188724	114507	123441	59823	32131	44641	38254	37540	30059	55953	38248	44464	59883	29781	88907	37644	76175	61269	85325	77982	37401	48572	29876	27010	50669	130480	86572	52547	61358	32466	74388	62251	28259	41561	39562	72357	75358	58059	57753	34513	23049	96518	103725	34182	49680	60228	0	145471	81295	51591	133602	31786	145294	91413	60408	34163	182385	34465	90976	28768	102960	56480	75193	63421	98136	79143	36701	41322	29653	27760	18512	49152	25710	59141	31561	43436	29484	15839	135921	33437	70679	85769	22885	14671	16222	24794	15024	34616	22101	47148	383	19911	13821	30737	32728	15920	23792	34362	47178	50426	21124	58839	84796	31579	39424	77527	27559	50669	98276	34723	112368	21321	31116	93308	18392	25477	44371	56112	39882	82057	76588	28444	39192	28550	41144	47067	70801	79485	58851	16503	15325	115485	22525	15401	20826	62997	85685	48384	87636	29386	17285	23232	16749	33766	36077	50862	46227	36841	245	55233	25026	37567	19086	30399	32075	29731	49803	41778	23868	123529	109525	31688	18091	33155	64079	80858	34557	54516	88069	29023	34066	69574	24637	77256	85189	20178	17655	29734	36619	56684	18987	24163	19760	21803	18227	237	196	0
173.15373_5.901	18609	874	676	19218	18279	19410	22997	25211	18858	25943	24955	18311	21760	2161	20455	18673	15760	29142	16972	18709	14265	21273	19526	15520	12204	13997	15347	23117	20585	19962	13422	25308	34926	20576	18862	25149	16050	20449	1954	12811	12722	18243	20992	21228	21677	18422	20515	21954	24486	33786	23006	15184	27142	25273	20198	14528	17372	30617	20366	18614	19340	21677	20143	14642	18500	19744	25180	22148	24201	15177	20090	16704	2157	21290	16068	31090	18153	16692	11597	18609	16710	34334	20045	18326	10077	18780	21798	13358	33424	29687	20335	22082	18827	20134	13227	19462	14957	19950	1765	20269	21206	21801	19817	36248	16784	21749	19585	15910	15728	18540	21243	17236	18788	21014	21236	22785	25683	26788	21132	26278	20296	21135	20545	19391	21121	19228	22633	18370	17212	23357	41401	40557	29178	20629	14887	21453	23782	19183	18946	20645	27504	45808	20771	28156	24157	22165	22966	25171	2325	27492	23437	21796	18263	13143	33142	23244	23572	26776	29030	15252	35259	25296	18395	69423	21583	29907	22061	37937	36175	15319	17952	20068	37036	28007	21291	38473	18772	30725	35042	27755	18427	35084	26299	16301	19993	19073	17980	21436	11836	25115	2861	30438	24370	31194	28629	23283	36545	29901	35980	32241	25957	35577	29406	25350	23353	31184	23188	17661	17067	29297	34803	20098	44870	27403	34691	24638	15788	21880	15587	15505	42591	33578	20906	33367	20575	29442	31394	40217	15489	24862	38068	28526	20356	20904	24647	15435	29534	27440	23288	21868	3624	18714	33433	20592	22329	25195	29976	19629	30974	24219	24508	22555	28396	20655	27484	28614	23430	31049	18129	22576	18598	22435	NA	NA	NA	NA	NA	NA	NA	NA	NA	NA	NA	NA	NA	NA	NA	NA	NA	NA	NA	NA	NA	NA	NA	NA	NA	NA	NA	NA	NA	NA	NA	NA	NA	NA	NA	NA	NA	NA	NA	NA	NA	NA	NA	NA	NA	NA	NA	NA	NA	NA	NA	NA	NA	NA	NA	NA	NA	NA	NA	NA	NA	NA	NA	NA	NA	NA	NA	NA	NA	NA	NA	NA	NA	NA	NA	NA	NA	NA	NA	NA	NA	NA	NA	NA	NA	NA	NA	NA	NA	NA	NA	NA	NA	NA	NA	NA	NA	NA	NA	NA	NA	NA	NA	NA	NA	NA	NA	NA	NA	NA	NA	NA	NA	NA	NA	NA	NA	NA	NA	NA
174.05402_1.896	5681	274	934	6552	5468	6672	5246	5204	7285	6861	5007	6925	7965	483	6174	6434	5877	5336	6826	7013	6397	7127	6588	6297	8443	5954	8054	7357	9744	7096	10426	11660	8951	5607	8816	13504	7507	6844	626	9817	7341	6561	5793	8191	8954	9908	5033	5972	4424	5389	8341	5930	16104	5614	9218	5626	7010	5122	6943	9719	8882	9568	6387	6650	6811	5654	5598	8696	6591	7535	5957	7759	201	7070	9505	12491	7846	9855	7634	9229	8987	8935	10002	6531	5005	7440	12902	6599	9141	7126	36113	6710	6293	9201	6939	12634	5566	8051	659	5137	11176	9700	8595	12096	6198	9753	8432	9909	5134	6507	7554	12348	8896	7994	10040	6646	7000	9135	7539	4937	9904	7907	6706	10230	9493	4693	7356	8247	8277	5849	7412	10840	11537	9800	13762	7502	7911	8089	9135	11671	7624	8409	6824	8575	8853	10883	8347	9693	1166	8349	7868	8286	6495	5487	7898	10147	8524	9067	8442	8846	8188	6174	9925	10274	7470	7884	6276	8082	10901	7518	11296	8957	8371	7585	11071	7789	8283	7147	11199	6024	6938	13617	9415	7860	6652	9897	9529	12111	10575	7592	586	7942	8436	6616	11533	9450	8077	10368	7956	12307	5758	5749	9386	6158	8091	8461	7545	11674	9293	14242	5379	6054	9801	8969	8822	9689	7769	5560	10078	8466	5715	9776	5650	6387	7509	5618	10210	8134	9307	8592	11840	6859	11895	5454	13320	9912	9210	9320	6837	9071	435	7752	5336	9720	7421	10628	9344	4890	10293	7522	9555	7056	9213	9232	9668	7453	8845	4699	12695	8159	10378	4625	11616	3011	6906	9281	6962	9108	5750	6810	8389	4689	7895	7918	5665	7923	11628	6402	6213	4846	707	9096	9429	9321	480	6719	7786	8995	8267	9553	17249	10541	9482	8302	5316	6584	7082	10825	8784	8818	10366	7875	8339	10536	6390	16635	10033	9480	8274	7885	7954	6843	7169	5889	6916	9390	8483	17313	7722	9401	4770	7981	8053	8252	9794	7653	7497	10308	9525	9275	12148	8537	7376	7205	6939	9241	14019	7514	8580	8974	9858	7355	134	8192	9296	9861	8266	8407	8473	8889	8806	11179	7814	12458	5817	8825	5535	9273	8707	8868	7927	10804	8852	6987	7242	5268	9023	10436	8393	6847	5871	7801	7327	17798	7059	10767	10657	15578	9005	758	906	860
174.05565_3.282	4628	1817	856	7141	4622	12276	4345	8393	21201	10587	14009	6229	12503	2791	9118	9972	7371	10767	7733	10051	11102	11320	12342	26371	7624	3459	6925	7273	12608	5378	11753	31960	7241	19727	13637	29772	9087	9958	1164	13588	7036	16178	17959	30147	7633	11232	11350	9101	5545	6245	9119	14161	43669	12438	29730	12376	7900	5414	17688	27200	5313	22318	6782	4389	5382	8049	7876	13118	9013	10167	8033	11766	2202	12548	10551	10057	13844	10206	18068	34929	28907	8702	20411	10638	9760	17809	41419	8977	22542	7885	12011	12469	10408	10481	13713	13564	10476	13439	1910	10011	13281	16700	9834	13940	11152	5241	7172	5566	7780	6889	9129	6610	7691	3313	6038	9126	13455	25331	7921	10047	22003	5655	8299	23962	16964	11284	14388	22744	4662	7773	3465	4437	6970	28353	7899	15534	14234	6268	22313	7032	18632	10008	9567	26546	9797	8804	9962	13188	2269	13202	15959	7143	29600	7520	15901	22333	23235	26608	5662	14018	7744	28471	18550	23093	13596	11575	11041	13704	10934	13751	22262	18209	15813	11613	10814	18040	10012	14317	26048	15223	17574	19325	10369	7031	20667	5564	3240	8454	18107	18125	185	20844	10376	16697	35649	28461	13912	11915	32207	30468	17264	12557	5795	26570	23585	26131	10979	29210	30069	15518	8531	19101	20610	27501	17953	7290	9976	15494	32458	17637	26406	26488	24568	15422	19821	12468	17678	33855	4948	14217	24901	11957	13208	16319	27004	12432	30033	6801	13307	17668	417	13907	14498	20497	25736	15722	21763	7021	22781	24137	29289	11133	16820	10086	23133	19577	21266	6199	14968	15796	19294	5672	NA	NA	NA	NA	NA	NA	NA	NA	NA	NA	NA	NA	NA	NA	NA	NA	NA	NA	NA	NA	NA	NA	NA	NA	NA	NA	NA	NA	NA	NA	NA	NA	NA	NA	NA	NA	NA	NA	NA	NA	NA	NA	NA	NA	NA	NA	NA	NA	NA	NA	NA	NA	NA	NA	NA	NA	NA	NA	NA	NA	NA	NA	NA	NA	NA	NA	NA	NA	NA	NA	NA	NA	NA	NA	NA	NA	NA	NA	NA	NA	NA	NA	NA	NA	NA	NA	NA	NA	NA	NA	NA	NA	NA	NA	NA	NA	NA	NA	NA	NA	NA	NA	NA	NA	NA	NA	NA	NA	NA	NA	NA	NA	NA	NA	NA	NA	NA	NA	NA	NA
174.11203_4.17	4001	428	1094	3057	4633	2574	4704	3223	2748	4939	2304	2764	4056	386	3908	1539	3566	4724	1807	2754	2071	10193	1799	2273	4528	2086	4651	5020	2518	5056	2045	5354	5352	1772	2878	5938	1673	2281	372	2042	4371	2806	9433	3449	7345	9889	2919	3470	7391	1615	992	2350	4193	2578	2284	2318	3238	7602	7756	1791	4027	2011	5015	529	384	1694	4605	4377	836	2819	3632	2587	311	2680	3719	4254	2606	8005	2717	2414	1861	1156	2624	3840	2682	3110	8642	1802	3000	4620	4209	1812	2557	2715	1872	3289	2275	3971	419	3449	2626	7939	3731	3361	2252	2149	2558	1702	2887	7328	2079	3125	3227	1198	2214	8106	1581	1586	2800	9441	2366	2563	2148	3919	2066	9792	3832	2181	4791	17417	1663	5461	2557	1656	4540	1580	2341	2769	5023	3015	4781	2946	1777	3048	2645	2821	4026	4181	1253	993	1809	2956	2149	2489	8934	3289	1630	3131	2778	1857	8448	6118	4752	4238	2948	3415	1798	17719	4783	3077	4507	2086	4716	2036	5350	3505	3175	2072	1861	2511	2076	3294	5708	1406	2323	7892	4332	2295	3044	4913	1320	8442	5973	4315	7017	1333	28417	5105	4446	13435	3970	4290	4746	5881	9887	6277	5128	4699	8813	6092	5736	8344	13759	7540	4401	5566	4306	8963	4623	5077	8170	4858	4434	7988	4060	24708	2444	6682	5440	7185	1540	8161	3578	3732	8495	4993	6911	5134	6302	5802	1505	6507	5074	4781	15090	4261	3284	4048	6494	9566	6417	3351	4561	10664	3476	5306	2609	3907	3124	13173	4459	4125	NA	NA	NA	NA	NA	NA	NA	NA	NA	NA	NA	NA	NA	NA	NA	NA	NA	NA	NA	NA	NA	NA	NA	NA	NA	NA	NA	NA	NA	NA	NA	NA	NA	NA	NA	NA	NA	NA	NA	NA	NA	NA	NA	NA	NA	NA	NA	NA	NA	NA	NA	NA	NA	NA	NA	NA	NA	NA	NA	NA	NA	NA	NA	NA	NA	NA	NA	NA	NA	NA	NA	NA	NA	NA	NA	NA	NA	NA	NA	NA	NA	NA	NA	NA	NA	NA	NA	NA	NA	NA	NA	NA	NA	NA	NA	NA	NA	NA	NA	NA	NA	NA	NA	NA	NA	NA	NA	NA	NA	NA	NA	NA	NA	NA	NA	NA	NA	NA	NA	NA
174.1124_0.841	92	155	22	2394	8608	5373	9357	4387	22872	13184	26406	12494	10405	381	13885	4435	5150	6915	6583	3820	4503	4953	11516	11944	1992	4697	4512	4044	4793	1609	6651	6228	3340	7202	8233	6491	6684	10506	624	7432	2826	4733	4165	6883	3358	2784	9615	6532	10158	7133	3940	6142	9186	5539	6912	12611	8283	5191	5241	23350	7975	13501	9424	3215	2605	4358	7506	2692	23555	13055	9261	9012	551	21430	4572	4367	8584	2529	3607	20782	16706	4422	7998	13606	9418	15189	6152	21940	5567	12324	3914	5313	10987	3236	5614	2532	10195	11416	204	6321	21992	5337	8827	9780	7790	17168	9752	3168	9655	9263	27046	12977	24558	7656	8427	9625	5086	9087	37684	7131	4941	8782	2677	3300	4771	11472	24451	5853	23556	7306	18418	6375	20517	8895	2522	5881	8010	17436	3641	17502	3564	7919	2377	8226	3346	30148	9874	10178	172	6757	5170	3715	5456	7499	4729	8121	7980	5024	15249	34715	10176	7496	3266	19375	5883	6980	34425	10833	7599	5352	4488	8276	10872	5690	4516	7705	4224	6785	5039	7731	5413	32267	8838	13529	11318	9971	29622	3542	9969	10492	280	26128	7337	8297	43548	7862	10066	12830	8179	4465	9291	44301	14380	15513	22211	16768	9843	6988	7992	11337	6479	7134	33885	6072	7365	20166	7103	5604	17439	20273	5445	53150	4491	6728	6320	8272	9400	3323	13199	5879	14313	8478	10363	4712	4928	7105	8826	18349	8344	12972	452	6024	50937	12171	8826	9285	22085	6404	6188	22360	9153	6447	6266	18165	5901	7088	4654	6959	11311	5188	10432	7418	11342	7345	10565	9606	46151	5893	7798	6053	17368	5687	34961	7119	4182	5573	4848	5102	5737	5964	4251	13190	4625	10485	0	3506	11462	9961	33613	6740	20216	4774	14379	13525	12415	30266	25915	4798	15426	7997	20422	4959	41648	18098	5715	17915	11341	15403	11885	11028	14351	2570	18996	5819	45020	14016	15448	22743	4976	5637	16078	7725	16649	9975	12787	15838	12691	5576	9550	24029	6526	3717	1897	3952	3823	6774	20562	9708	10921	11630	5383	11311	538	7094	13005	5399	4346	3406	15707	15931	5746	17606	15664	6011	5816	6202	3103	7363	17868	37999	12221	6262	6948	5793	6151	2492	13544	5633	22032	5187	2920	5271	6565	14553	7447	2640	3786	2917	4495	211	172	954
175.00681_1.234	710	547	39	110469	60665	101183	42319	12654	35116	23281	54943	54235	26677	841	46889	26346	48931	17585	30798	19105	13952	27174	105703	19464	24370	24330	87846	117360	67688	19207	22423	84238	18137	55543	23655	46031	45036	17460	0	18168	56292	41482	63685	116218	18201	12439	23333	27270	38539	140695	11937	7535	40391	4741	34959	39567	12822	10670	12354	86850	57172	41924	175237	17735	147869	7583	29061	158144	12595	39379	57913	30164	0	14825	32457	52752	11778	25563	28892	103527	66036	82265	109695	51701	11973	21156	71051	16309	45925	22066	138804	14655	17551	40739	110694	47356	45031	40978	1007	33256	65635	6581	54226	29877	84163	40286	58584	44302	7863	31941	32140	22794	40444	21585	71957	167	124426	51265	125775	10954	52369	24773	71840	42153	25525	41878	36261	53375	30203	25732	49622	81242	66607	5625	37256	45842	62386	84456	17796	40227	48143	57331	7379	43069	107192	65532	44245	43733	42	36549	153309	31725	36461	47910	53149	49598	40890	18170	146862	43522	60114	29281	45568	36183	93045	168534	43735	26526	44564	66716	42508	26794	61470	25864	56830	154105	42245	25698	39790	10921	36736	22719	36221	70700	53402	45667	23765	91969	50000	58037	0	371123	86849	562637	89153	308118	25413	84071	320525	96120	473437	511471	106119	225788	262425	333333	320434	292638	508572	288707	62119	413022	335678	43526	376339	409803	179298	45021	268876	330753	48187	418905	24093	573187	646180	494106	298414	79896	132590	24344	101713	659002	140917	458981	204546	601345	86169	383875	143051	82657	0	198718	468650	226980	516120	218976	262988	130775	164915	374431	578165	24362	50641	415090	71204	27191	159348	77819	230831	363877	248727	406608	75596	90589	78299	68112	38527	51243	79597	65059	42426	60884	91279	84024	63057	58035	50391	47809	56272	49922	73848	50747	58415	44670	421	44552	121889	50904	20222	71946	82952	58855	42521	80401	60234	38449	77267	104382	168289	78306	51642	86695	76788	23946	116970	87207	40475	74221	106513	32115	63870	98811	170528	47185	152444	152220	81465	80232	92566	106690	81422	76988	126797	212884	131947	133838	98665	90902	148421	112603	78786	99471	74950	77824	154352	63857	80013	105829	115580	82984	86817	104694	489	254387	115173	95529	100489	239563	196284	91661	168243	134164	74742	91647	76207	103375	160081	174141	148318	215002	81219	114791	187495	196691	157438	123720	146293	96987	154881	130264	172635	86386	245098	133410	75490	206299	114898	133220	138488	0	330	174
197.07898_4.15	14214	1940	1122	21939	17401	26011	17572	20453	24584	37334	1435	26220	33977	3519	46203	21824	27959	41807	24764	25816	16128	21435	23337	41647	24729	29414	71748	28657	39901	23822	31759	37404	59316	34761	42615	24498	36688	44638	1073	34269	2927	18970	28513	31422	55614	26688	7381	54444	32440	5992	17911	22340	26823	26635	36211	20343	27652	20188	22820	48287	26209	26672	24157	16827	45746	22225	40735	42159	23667	34752	33126	51618	2422	36638	31019	77849	31156	33476	25888	73524	50501	34675	32678	31092	6393	49456	16839	38541	31191	35716	55929	38840	25964	29237	52417	36012	40661	59843	5329	64502	59970	65274	66970	107233	76366	89782	103612	40038	36469	91598	74768	107973	44158	71045	98027	59419	50238	65689	113352	40448	43604	88513	48743	48669	30463	63021	54284	107103	34694	45204	53459	46252	8619	67005	86395	30369	71681	66603	52784	71842	212409	61417	60545	107883	64489	44380	80542	67449	3687	42279	69414	48925	76192	60423	59179	83456	73100	59174	101386	70080	43558	112764	66109	98983	82356	120969	110467	46007	61746	117988	61006	55959	125150	132705	64554	91601	79491	47562	9066	109121	143120	63174	154515	84831	167879	90624	55351	95395	117058	412273	19415	835745	303014	596698	556957	517002	573960	494020	302286	464324	420848	559512	228038	559141	590133	571089	457024	567268	288185	596129	255229	269170	540772	291541	553373	950250	428777	268663	547370	805193	406541	631074	603459	241171	493196	443951	911864	591880	220686	317626	719598	459911	511977	472773	675848	613702	400910	178018	314134	466801	20328	403151	282582	645719	544697	935254	643225	628364	333469	851728	176134	361659	352812	603130	506095	305617	740719	129408	874955	689973	1447831	274342	184612	41578	100208	92129	62827	72667	77800	46302	90905	59737	127202	66080	63899	54689	140914	75006	98660	176044	127790	103985	140289	96535	12115	79775	86269	72678	45839	19085	19478	144641	60019	204414	44670	44809	51990	56945	49025	93343	81811	42787	96561	134370	49452	162007	159422	63058	130563	59684	69645	85696	77268	69477	104011	98315	160090	78943	90345	77632	104424	86878	79321	98646	108099	76794	84820	60497	69917	172345	76907	64168	83825	58754	64447	67017	118475	92590	47489	56114	114101	96861	9458	126732	35550	94178	135668	111143	82191	99192	69557	69816	43639	91144	70799	46948	72268	85649	109173	106789	92299	85457	63248	53290	78305	81296	47238	137942	92865	59879	82343	99494	61080	69587	75069	102590	81146	17629	61010	13144	8519	7578
197.07898_4.15	14214	1940	1122	21939	17401	26011	17572	20453	24584	37334	1435	26220	33977	3519	46203	21824	27959	41807	24764	25816	16128	21435	23337	41647	24729	29414	71748	28657	39901	23822	31759	37404	59316	34761	42615	24498	36688	44638	1073	34269	2927	18970	28513	31422	55614	26688	7381	54444	32440	5992	17911	22340	26823	26635	36211	20343	27652	20188	22820	48287	26209	26672	24157	16827	45746	22225	40735	42159	23667	34752	33126	51618	2422	36638	31019	77849	31156	33476	25888	73524	50501	34675	32678	31092	6393	49456	16839	38541	31191	35716	55929	38840	25964	29237	52417	36012	40661	59843	5329	64502	59970	65274	66970	107233	76366	89782	103612	40038	36469	91598	74768	107973	44158	71045	98027	59419	50238	65689	113352	40448	43604	88513	48743	48669	30463	63021	54284	107103	34694	45204	53459	46252	8619	67005	86395	30369	71681	66603	52784	71842	212409	61417	60545	107883	64489	44380	80542	67449	3687	42279	69414	48925	76192	60423	59179	83456	73100	59174	101386	70080	43558	112764	66109	98983	82356	120969	110467	46007	61746	117988	61006	55959	125150	132705	64554	91601	79491	47562	9066	109121	143120	63174	154515	84831	167879	90624	55351	95395	117058	412273	19415	835745	303014	596698	556957	517002	573960	494020	302286	464324	420848	559512	228038	559141	590133	571089	457024	567268	288185	596129	255229	269170	540772	291541	553373	950250	428777	268663	547370	805193	406541	631074	603459	241171	493196	443951	911864	591880	220686	317626	719598	459911	511977	472773	675848	613702	400910	178018	314134	466801	20328	403151	282582	645719	544697	935254	643225	628364	333469	851728	176134	361659	352812	603130	506095	305617	740719	129408	874955	689973	1447831	274342	50207	12670	23997	19699	12793	13472	16253	8605	16967	10307	20201	9576	10844	9148	20409	10392	14825	26069	18601	13421	19078	13670	1856	10436	10343	9210	6474	1510	1492	16984	6233	21085	5377	5307	5632	6890	6388	8673	7394	5500	12151	16052	5660	17020	17205	6441	14207	6959	6895	10655	9575	7561	12071	9382	16091	10484	11166	8290	13115	8444	8893	9880	11240	7001	8557	6800	7357	17783	7071	7278	9410	6462	6476	6475	11781	10430	5329	6149	10448	10848	700	13634	2847	10683	15199	13747	7874	11385	7395	8432	4914	8926	7015	6225	7516	9027	13024	12131	10316	9618	5391	6788	8424	9528	5094	15292	9392	5236	9261	10490	7092	7409	9161	10321	8431	854	7137	1799	2512	1330
175.11975_0.754	2135	495	450	267920	328142	315654	280600	318133	365152	288271	285261	318694	322571	263	345838	391785	395443	353857	322881	220282	441543	333950	350146	345232	340426	461775	277812	313031	281644	375198	301178	203024	417416	245980	309399	287433	449087	334581	717	289773	370408	337264	321788	220581	397034	302048	351860	346758	318768	415009	365272	357713	277029	339124	230953	308095	313044	329027	285681	286366	337696	254682	340504	413973	454688	386904	338169	252316	302114	318840	407150	336068	360	344849	193250	219992	463171	311817	408628	269380	353962	260729	247082	282219	343157	352150	382120	313457	238350	343219	346431	484766	314109	345397	414025	281743	332629	333864	540	476605	268868	406655	272172	472758	265347	357416	449982	440358	495944	318903	395018	343444	336181	328074	259534	294463	313372	479926	390831	338102	257199	329001	354380	337907	307274	356943	406664	362753	333434	339921	305944	401474	339104	473801	413566	417166	362937	313105	373556	339628	322386	244681	317937	328773	316927	273491	264783	335513	287	317097	354051	377969	483062	487105	418577	419699	257967	277674	341775	353091	282613	370946	338650	347846	433519	393013	384526	378086	267594	324072	256795	363911	498813	453381	390472	321844	348003	538224	267225	401706	400754	400769	325620	319277	314891	335679	365573	225316	407646	487306	246	267994	582850	526954	464822	629235	446293	583053	491904	520915	561753	523525	510113	511430	434980	409109	445500	509338	474343	370228	541274	530115	530877	486136	510582	562114	514672	551108	575429	436393	598945	517999	575510	534194	492359	446119	380411	591783	569959	634213	540862	704150	456504	486509	508464	563612	344488	537850	488102	484440	495	464221	442223	414199	468253	451252	334602	522329	328069	357021	478478	540362	483151	333967	510776	582514	369680	541039	494219	431814	448945	497696	301520	333715	269323	268507	286694	368362	358392	345178	209822	288581	300790	364184	430314	247023	387018	309703	318592	295918	386390	366747	378672	325723	661	335781	322042	284270	341315	401376	261828	329041	335438	297122	338419	311040	292958	261638	378112	226124	282812	367939	300710	378965	251578	262569	381081	305046	328051	357573	366174	332730	341171	282424	320435	327493	338205	277527	365875	272325	331718	346292	336739	337385	357853	316172	340467	400218	320088	272878	344789	342492	323677	309584	373464	349888	263136	308825	283307	302174	489864	323947	266	313860	282390	353461	337888	319349	284487	336084	343415	317595	305491	315293	248110	319715	386402	294952	336957	392135	338778	302818	270915	263598	322140	332589	308944	351977	333061	352695	369398	261384	377369	288954	343232	347575	284856	314305	294785	419	647	985
176.07091_4.318	81896	367	74	39777	35789	138908	29926	90201	102504	53824	80443	35904	64039	534	61605	99305	45415	185710	72855	40226	44293	100002	56358	73258	59747	62784	123238	75173	78129	63968	69262	206849	71817	270579	48651	312145	49809	89472	1094	76299	57077	64318	91317	281467	78659	81524	73677	123099	72128	47365	25804	80884	277091	216487	108554	71686	45917	69133	131411	102647	49171	81541	62142	68369	36998	71767	75197	47588	55018	91279	48559	82571	671	66657	71712	51049	61949	85760	95067	99848	100461	145704	51356	59456	71146	54003	268165	58261	98822	70794	60948	56806	127493	31372	130926	131375	122512	68243	110	74822	51676	75346	72636	49579	46353	45471	58596	53309	38580	88081	60175	35292	65912	37196	47579	70187	102630	92062	46333	50225	61677	36565	45354	77250	126297	40766	76744	101021	47876	48427	33133	103418	45197	95583	69189	73085	77591	40060	121404	80883	95682	48974	88793	165845	93178	94410	48418	51785	354	139523	129428	34003	74746	56572	107783	155754	114067	82658	44933	65911	65080	74790	105862	67439	57328	75561	53837	71728	66825	68154	88172	133657	109876	81818	79681	71252	50829	134510	100074	110526	93851	53818	90613	38317	158899	63491	42537	95646	86037	576088	1477	798399	611028	411320	1134716	572947	569061	917741	743017	630616	343790	254115	395474	712209	306232	533931	421443	565405	610180	898613	212876	299725	735070	651956	408298	391656	312876	297643	1131927	898284	284001	1044013	967044	306370	330122	498820	1041551	816762	366464	614151	1523675	728063	554330	360472	701062	1215765	1042719	377500	464830	574574	1149	798256	284049	358324	643144	939422	591378	189510	671801	252846	673191	331755	531654	184920	779828	609601	467477	266382	369501	443764	473368	242050	61574	13945	87947	80469	36540	93844	46857	42785	83553	45928	50057	82880	38843	57258	68081	56903	31234	43495	32672	51806	28183	41472	686	35726	30652	29985	26883	18974	55214	52324	25507	42270	45925	19868	49288	152317	35607	50922	34645	16603	32565	44383	19782	27839	61916	64271	49585	31513	47436	26225	28640	37057	23046	27045	24008	22730	75627	44579	37352	29931	23907	75115	26587	32504	28648	29073	45962	31405	60639	26758	18540	64109	29061	47458	26974	33621	29214	82079	27459	54040	288	44272	20582	40213	38645	44553	22990	108541	36712	30791	34420	49122	31587	36733	23127	47795	33501	22728	38148	26222	29809	90586	47550	27163	43667	32084	46710	24765	31009	189870	26776	35190	38791	27443	51990	26628	37062	266	275	552
176.10251_0.791	1021	254	51	95749	82776	86272	90307	84523	108941	86613	83134	79390	99633	628	78667	91937	103671	114521	89107	75043	85185	74923	86379	101617	118445	153361	130784	138926	114757	110985	82299	143642	112674	84185	83390	195591	104740	102360	395	74474	107451	93378	79242	82518	107914	119810	104127	91756	67000	87622	98224	91863	213700	101660	100209	85439	73223	66967	70980	108709	77163	94172	93150	119082	113760	94077	81192	80274	82784	75650	92655	103347	0	68124	54400	75688	96454	108223	107443	130601	115005	107747	93712	88815	98928	82236	242646	65781	80530	82816	123995	101702	85818	95861	101965	101811	108561	105585	149	96467	138575	111222	77655	126772	99663	96065	87705	110579	92663	96690	84723	79340	111908	81750	88824	81571	101844	152882	87165	109973	166248	90714	98980	135948	108836	106615	125636	99197	96030	98220	88880	126938	77809	147250	122456	100440	127238	91237	136344	92009	107538	84192	100835	111865	103873	111629	83166	104493	386	97923	100628	106497	138985	87817	121145	151376	90719	172988	78844	114179	87431	107806	115949	111221	101505	102079	93896	102515	74326	99361	151187	116385	132426	81009	85193	129125	121260	78307	147757	103570	82005	128277	120024	93763	109332	76803	94017	110326	69620	118340	416	125593	124733	122456	115763	130163	114343	156210	127004	115998	116213	105124	126524	95922	131783	152095	107215	122017	117505	156360	102792	159395	128796	122359	125814	149603	124734	146626	119021	170966	166330	114733	122733	143558	111945	120945	167501	117831	111687	114474	121193	134358	92904	106937	124217	150079	85219	151665	122271	118603	469	107841	96374	100106	101310	180220	127124	98677	74972	136688	134948	134828	93988	111939	106202	107277	76276	104871	132836	102147	103307	107773	147753	138264	198426	155756	130980	166413	123277	145973	163596	95536	155906	171096	148551	93915	123072	96270	133792	96626	155486	153552	159170	148108	94	138034	143982	117171	121172	173114	134242	189785	201564	137589	140832	134522	91915	136239	193270	172896	143030	164111	110083	104330	144115	124937	142293	138074	121638	89250	107765	125426	113771	128784	139433	102379	108296	129672	129289	174952	120018	164656	106709	154279	53525	97667	115952	158971	127809	131291	137491	147703	141730	128574	125808	128955	129288	154418	91326	145223	162912	138201	567	173014	121620	108741	149008	183757	124239	182514	127957	98150	94942	127112	137339	146047	134040	133210	145618	129567	146046	118466	142670	141134	110450	132782	122523	124964	114113	114978	122694	135833	171178	125681	160352	106828	104394	106762	85239	652	0	319
177.10225_1.823	127	1241	260	86747	82743	64108	39616	65858	61214	83101	40275	93663	79946	671	105389	93388	60090	79353	80497	19575	59944	74129	70508	46216	39758	106730	36332	48525	76626	95375	44691	53486	67173	63003	72770	56920	73796	79507	55	79092	48245	82921	75753	53434	98713	84556	85595	89279	105829	31541	83317	72746	84420	90938	55375	66433	94002	72284	63344	41105	61620	46919	65616	102129	119253	32574	53012	66617	38039	61331	40271	87808	516	46236	22143	15084	73375	87575	98792	48176	53522	63434	57762	103336	74072	61524	87330	35920	64860	94240	42640	89997	77026	92284	55564	62964	100646	89061	621	81826	28018	214393	3897	81754	41597	59216	104675	5404	100261	70683	76845	45802	152130	33653	30754	72229	104157	152124	83355	70135	45733	51008	85076	72872	87206	73635	35748	105507	134118	64028	31233	256354	70791	124017	8028	43035	68773	51560	57046	75188	89038	5057	91221	170938	86421	134705	4987	91486	0	104283	85327	7444	163497	97794	264420	142560	149981	59372	47594	87721	95158	100587	65874	28569	75598	76302	83391	76756	5010	69083	54631	82106	84968	70690	311410	86875	9118	96262	50296	71694	59832	39847	69762	51492	188391	88830	161496	62686	63067	126019	711	120287	11670	122096	130131	260821	2469	71305	155557	23964	106161	51577	121704	61628	287355	210377	91231	14831	72326	174141	89866	223336	130907	71866	172871	90883	121176	216962	152899	181738	218604	149286	105185	173670	122910	3936	133962	87311	101684	253618	252160	148013	135078	157745	24375	53957	97843	131554	133499	124719	253	10424	55521	118764	3387	179300	146256	87920	100121	224454	71352	149144	8727	186395	175337	211102	64164	86756	127776	2922	90222	46520	58515	31417	96124	84949	27783	35676	6622	50786	93216	38049	76930	38377	31672	62755	57186	51615	88799	47000	73536	120275	10101	74903	576	91524	123518	117638	85915	70212	57665	110805	40046	98175	144452	65472	57257	126935	37762	29704	51037	85895	88561	41116	135329	42658	58047	60254	130557	66112	72684	133951	54455	151733	77778	54081	74938	56959	76520	99179	35354	38771	30202	101823	52027	48185	41575	41057	123161	51538	111096	117330	184113	167390	77394	89346	39020	29061	54589	164636	34298	77246	340	105548	107829	107808	100074	87761	54948	61226	121384	39954	59343	95000	149914	71676	72687	90312	64697	83003	114588	92687	160130	158129	94834	103520	144845	117954	59309	87706	76170	139544	55269	151727	74482	26705	23021	21747	25507	512	179	173
180.06543_3.297	868	248	217	310619	580500	718353	300419	938672	469100	161427	338284	431500	690120	504	415729	595339	921857	591052	7181294	154602	1667909	188262	126134	447131	782229	467627	316573	300196	803801	799348	587096	1247762	756158	1105906	718226	1051299	2703456	779998	307	1031347	641485	1110289	590813	826438	1598596	1721515	665319	805084	2425778	697815	643237	1320457	1094996	617016	1083182	466435	1209781	218106	599371	419333	634862	9232844	313892	369917	1741715	407071	367996	245581	235545	87452	579874	759864	650	110551	474405	311837	2223374	909503	675145	751460	1795702	439466	481204	253609	623283	362938	1682241	93831	827190	1679301	1117630	1619280	74640	219960	282041	1014760	658239	796426	1128	461814	214188	250282	382842	2701423	226585	348821	3429077	593441	365384	421234	742417	564227	253046	276844	1278126	314109	546092	5425916	470612	724891	935356	475085	1167802	599359	689902	1063568	411579	1378074	211887	737808	183404	1041481	229581	2501700	4809346	1946208	1952100	224981	754918	4091075	404367	636586	1641722	1407212	947507	669787	426394	797715	262	664798	979809	5672418	1457075	428718	315151	1942859	1241168	1131857	189033	1309284	161175	565421	1112978	507002	287530	334477	1734695	316515	749584	1120918	778837	1281108	1870381	1196799	223072	545627	684202	1692707	1469341	474869	1003547	627536	1578612	208500	3846830	140871	737923	881584	446168	1376185	374	3326460	670737	74836	1768863	10706147	833196	544999	944833	714073	137347	145635	791184	1583926	1575851	3746048	446311	858679	1823830	2093774	268960	732781	1171223	868486	591006	1178410	2703780	1005499	901200	3386443	2097138	1362732	534777	616186	208318	463434	2192702	716026	663886	1349044	3459385	6878082	1266747	504791	476691	710986	167472	399392	2309112	1416227	283	425008	807613	2601267	847660	2069116	1043720	1743598	97834	1136042	1240531	1449580	483780	1146695	996818	3147518	1620400	200310	896555	361797	4630287	509179	3972563	391701	961022	1105792	124090	542226	290434	1749446	558376	601297	563299	787420	336726	128017	273253	1212851	1100862	814376	295212	1644328	384009	947957	0	169999	4216800	251446	697184	194842	615177	918642	656067	914606	629705	468102	708535	5300762	985088	814696	617927	165145	399841	257593	487472	1370256	766273	427891	545512	564618	216991	81656	499278	1495122	503295	175462	168782	1320765	442248	400301	368481	1196520	243813	2378589	180024	583131	638411	324495	365165	2278052	3045293	63896	164856	1312030	77081	1241295	5032994	315117	783527	391316	951723	906539	261	469365	239736	1393957	450640	632942	1102072	822428	375677	393840	452626	1129030	648205	1019532	137390	1467963	882998	890363	1814212	948736	484477	1001488	1875771	57955	362355	2384958	568366	277714	69363	1136685	1572746	720424	3922293	1034310	1166163	1746715	4332436	116	354	0
181.07236_2.96	8896	5631	6936	21916	56200	46332	166745	381272	181999	548638	83658	372939	169382	14029	431803	37701	121816	326930	146497	111278	421309	53690	314356	155854	57953	12361	101515	91082	10287	189079	256622	39050	142205	447634	136975	72559	710390	222562	8249	206902	124729	232867	167598	516386	223320	58185	333777	60024	319529	526814	20646	280965	41855	57914	954324	209153	136590	43379	216915	275446	308530	82867	168733	18290	42452	210940	280495	131195	18789	165743	407010	209495	13452	143663	172991	226280	679138	207602	183118	319926	331375	17925	35286	200446	316825	19495	77125	111372	480489	241154	157149	292378	238347	26182	71384	102274	357827	232248	7420	108380	79763	66339	613778	112373	188656	280686	389493	152214	78220	260438	206472	683458	149837	550129	366510	343618	381971	598683	87720	172857	167628	492664	265272	128936	378635	132808	75523	85060	104934	96735	222232	138270	344131	178505	144079	230204	141428	483955	126976	358049	201681	425828	94121	154082	186334	19258	542950	244678	6669	356203	396909	62360	273842	73958	137839	245478	165669	98053	481342	200206	228082	207033	108146	127217	228410	250282	278800	78466	617123	117964	107502	519697	175604	639382	148420	274891	96132	207478	119683	240984	276173	131260	194419	320254	216805	249463	95408	314641	384002	329856	8704	336593	912715	50353	681298	488337	129577	31444	358104	123837	64527	49770	177769	42461	26189	25755	176360	211162	301538	260049	138863	114076	1418819	317127	647360	542074	36570	105696	633762	458514	134865	627786	98334	204668	58244	47788	480402	124459	502735	429017	696838	314233	635738	481056	95994	86279	136817	606954	30996	334400	19780	752307	56777	261456	15749	192152	304451	199129	551447	27760	266041	51631	806088	25773	857444	345597	739899	197605	222669	106759	584788	120534	418055	82195	124167	139460	89410	69619	249817	170249	265697	472802	185704	24407	148727	332950	76679	499956	18677	452256	21817	484945	89950	223093	4190	15952	318716	235751	240092	325603	820250	199686	108981	300106	126138	409803	363472	503732	44135	71435	142112	259526	185540	92223	377878	678888	457933	176474	333280	184993	182316	125447	174844	115366	217850	79776	131271	685303	110700	36977	34018	418564	123355	374262	103181	346091	167778	571885	227323	55919	52506	156299	130943	234891	42545	41484	326398	35934	397475	192070	576785	207516	6456	37193	238379	135821	31281	97132	149535	335895	23355	398404	317286	192097	302956	294056	67780	39346	372430	385113	355353	173032	123553	292205	255725	144109	162862	59155	291831	25328	28732	191139	207689	171413	385451	355882	164625	344970	288934	3573	6451	3713
181.07182_2.862	106057	7133	5182	103725	184404	148840	1129858	2336280	976695	3846902	361975	2304468	932324	10830	2098908	99934	532533	1507680	538314	562272	2445498	157883	1345369	957617	89733	50	333711	410694	33	1301005	801652	104013	780571	2686826	572969	154969	3570022	1014476	7999	729075	671341	685063	689038	3061125	1186449	106299	1561220	245205	1901590	2139994	39	1245322	54496	156247	6658024	908244	640682	71582	589712	1445110	2011509	403180	1072002	14976	136388	775307	1486727	604988	4479	668609	1576512	1051868	7546	825178	868162	1010766	3870968	703803	1044356	1264842	1562425	38	123224	1089585	1499695	23533	210995	512704	2579517	1569589	882435	1436080	1197291	35	283038	296471	1388664	1065271	5121	523371	286113	164181	3772504	431672	797206	1197906	1339630	529845	294070	823291	721364	3170099	708156	3465802	2216847	1698196	2030190	2736920	268186	1152421	795003	3100539	996942	455255	1625294	379685	427839	312078	439149	342810	1250320	302508	1437503	611946	635448	947112	656803	3018746	487639	1494593	976263	1735063	333144	664014	993005	44607	2943457	1041290	6416	1929926	1921598	174225	986253	415983	319835	953165	598575	672025	2826628	886393	880346	905588	549664	804577	1116692	1480417	1344818	167764	3320141	488981	694398	2548979	925902	3699828	596595	969186	297762	1284603	825294	1187881	1500835	705964	1412577	1283410	840615	989027	278103	1785086	2419773	1253760	2946	929513	3703634	94855	3148743	1883984	326776	43080	1081299	346075	185180	227127	448272	111286	278	75263	680081	793123	1724560	505049	702408	334495	6696040	1679398	2204861	2084983	182758	299305	2498816	2095743	269621	2084824	248053	979479	151800	78594	1099820	260940	1478146	1050143	3750375	836838	3490897	1938765	279184	167346	222218	2245570	32308	1267451	3026	2460962	272229	1135060	237	593214	781443	647188	513589	32004	1251985	127129	3421999	0	4141994	1126983	3291041	1051291	679533	158887	2821566	492757	2776438	606880	687350	605191	495945	273489	863580	1452494	1480298	2532127	650172	47148	781355	848674	343085	2671547	40032	3158398	33172	2802587	407050	1025705	4592	0	1425536	1326701	663334	1963852	4001519	1202273	421383	1463200	301664	1547940	2402180	1951736	77641	298957	1080014	1862519	690905	303829	2174576	3929366	1795018	545293	1882088	1387674	1046751	694637	580444	493796	858532	208339	743584	3186287	639836	87712	81223	1990065	359925	1490900	408352	1738155	352588	4340849	1259918	389102	198227	908280	677158	915421	162207	127287	1433342	37875	1559638	1280238	5346618	1041058	0	137233	1308786	378563	49122	368073	976262	1127009	28061	1574302	1135656	973153	1472737	1123077	402120	78194	1470051	2217362	1833220	763068	527796	909363	1668458	831784	703054	249158	1557356	16943	39698	706660	613697	1366570	1112728	1437505	703307	1773296	2681748	5122	1992	0
181.08647_5.486	305832	16782	15467	901310	272676	397823	141458	286846	217007	265476	792669	317819	976804	10124	378984	833892	110908	88142	551851	69009	421461	1752121	372308	412359	290065	845387	73209	62860	1253390	837323	809833	1719560	717070	125105	754595	3340200	420261	1037011	15820	842770	1221528	509615	1591353	100701	732263	244783	195707	729297	314561	178343	1330040	534603	2753585	661696	136799	319194	424701	1588536	2021769	88256	140494	1641920	143667	1065034	706702	156871	148843	160678	1132646	428908	161404	1151126	14656	952932	74658	105078	284744	358440	380779	94642	211358	1527115	1056344	608140	228558	421997	2595863	639495	111503	363962	104709	364696	499541	650989	122808	226000	188847	1153273	28759	480125	297097	1333834	242701	2092549	250249	563344	789208	104618	361617	615021	653838	410544	498890	226833	214415	613616	180929	573043	553285	235270	602961	231128	202959	1057885	161956	269527	255129	579507	507966	283679	1152330	1849480	901288	1727744	117951	1754732	1758800	1315538	1122322	950884	983170	188139	245650	399895	223426	327218	155345	1213720	13957	150802	210457	105363	1109018	277324	1162148	1377708	528262	421858	1290909	429168	952913	263551	1094462	303637	1503423	1250052	287806	224955	382580	326067	459428	296024	1374850	1286392	1116905	209209	76664	649463	1010561	1360860	1595397	316416	1469904	949697	414390	541234	450467	197992	1250018	2492799	14821	2694518	2932594	1222517	4946882	9158982	3235890	3600980	248887	100170	1079770	3051843	1198407	3318083	1665097	1577422	473579	102726	1481684	7820052	548474	4599140	4802006	863231	261689	1460092	111482	570544	2791978	2330271	4794952	6031265	648418	997095	806941	4754172	6970184	524006	1493502	9310857	2252428	9162588	1331629	190387	111621	4356915	337506	1593956	49030	2539284	32116	3855715	2080483	912494	3202221	8353588	2530805	568014	369401	1029435	1347096	48059	3079685	1675358	236838	7105704	2933651	431215	1418944	4460613	623967	642827	321598	285284	3829638	1539300	1325760	1021416	755283	355321	925357	412973	2266354	1963004	169419	146487	351736	1035080	15230	597344	473801	1361969	59007	1050308	20825	3551740	626315	761615	1723042	142110	976844	1200460	704877	537043	2701852	1199527	1093446	4142023	971701	552492	1062133	197307	1050930	714994	375374	213589	1225748	1066254	450920	132434	162375	313674	852653	594175	1078587	800954	171523	207265	369628	1096024	732567	291125	710952	600733	148041	391117	823567	413546	375401	986934	1171606	374733	349184	4422058	3416533	1198378	443866	1836779	303521	4276768	344271	1046887	11304	1085974	314204	627448	407860	1097518	706953	1490267	516770	217813	201433	578579	598006	454808	3108354	1008506	1033737	973742	446252	888087	485044	4118532	594099	284832	3668078	1085958	1067514	657237	3079866	4868714	348607	3840180	546330	44343	35773	36553	45606	11627	11611	8991
182.08041_1.642	2950	768	2335	5552298	6208186	6160674	7285709	5742221	7339600	6098235	5369737	6246454	6427404	1174	6158133	5471518	7867684	5471037	7151429	5724538	7307287	5608726	6594060	6930682	4468830	7248122	6874100	7221816	10069234	6671716	7154005	7418026	6435580	5454708	7655166	9301109	7650256	6749936	1950	7707447	5779946	7533574	5666535	5304446	7112423	5315198	7402153	6140165	6073566	7510705	9165013	7225702	11557077	5534390	5543294	6203432	7169469	5416730	5264676	7312724	8484582	7759050	8008695	5990466	6878144	6168965	7149914	5190248	5265737	5581788	8208280	6799045	2130	6293108	4506248	4671668	6865360	5152058	8814339	8986790	8013804	9532194	5977849	6889045	7134792	6611198	8903420	6312163	6000234	6722402	5706374	9145737	5180044	7957939	6342010	4445952	6258597	6927362	1127	8670722	9694144	5329378	6906193	7895150	8156586	8892704	10138757	7431364	7418180	8152134	5689518	8662761	8343174	6470508	7357657	7407985	6606579	8037954	6154118	5088509	8629230	9576041	5570674	7882534	7086754	4678242	6876134	9467686	5898183	4753958	6561209	6200088	9739004	9853265	5476715	5664172	9307907	7987898	7057080	10055461	8040487	5956444	5685650	9204846	6939636	9071221	7837788	6793306	1742	6665346	6779186	5309421	7170516	7452646	5646712	9231866	8038976	10152911	6563370	7270853	7088616	6946217	7123434	12067983	6460180	6028760	6318736	5594188	6980936	6181319	7058740	8736418	15684237	8284203	6287266	8839771	6558128	12813655	9262933	6729428	7443788	8045696	7835832	6781138	8849842	7875881	7095772	7431520	6873012	7552334	1537	7926193	8632910	6484644	7404407	7885992	6376825	8867164	7361108	9692719	5656832	7974274	6535166	8126639	6138051	6336620	6287871	9610343	6485629	8416561	6672183	5727294	6810412	7225935	7949972	8151062	6186660	5453917	8502178	12028930	6354998	7116212	7850112	5667250	5765937	6019868	9014255	8084128	5996774	7344209	9816593	7724944	9014760	6832510	9385280	7018638	5994560	6776602	6015887	7726331	1577	5945358	6833469	7893098	6389000	7965358	7993120	6106928	6058306	6106590	6420346	5250386	7148736	5363612	8162449	6558974	6510751	6824764	8758337	6564354	9956742	5931378	11637134	6964004	7852714	8740579	9476718	8141078	7208677	6545715	8795916	6753160	6611232	8081057	7956795	5801708	9121110	8009101	5820277	7677973	7374084	11891733	9005605	7717948	1014	8848785	7636390	7251177	8971692	11331059	9729719	11088193	7268382	8798494	6587080	8103992	7184374	8451971	5804764	6469286	8490000	8643159	8429995	6760558	6858822	8983623	9534574	8790606	8103478	6144500	5338892	7787624	6995048	6203054	9564232	7143762	6401040	7807394	7333934	9021161	4637898	6251290	7174238	8109777	6333709	11488711	7881276	11267005	7899041	8387518	8824085	8149921	8067532	8940004	7929170	9049764	8205750	5831426	10152570	6829986	10808492	7547434	1150	9422580	7928352	8091334	10134260	10061131	7296047	8472420	8205840	10092877	9813299	7727610	6372726	6035916	8044300	9028143	9012690	9929165	7794100	6950138	6669852	8661151	7631478	8557205	6420534	9172142	7783035	8348169	7756154	9770691	6128414	5356770	6010008	6935348	6828582	5898859	6366453	550	1247	1091
183.05316_2.159	0	0	0	0	1712	5668	16933	14693	16790	21996	3105	13635	11630	543	19196	3948	3222	15709	5049	7521	25267	3819	21134	12988	4397	2061	5439	5749	2150	23115	8747	6087	9388	32445	7926	5769	24472	13552	240	8899	11759	5440	6968	38410	24717	6076	22919	7164	16180	11891	1988	7149	4720	7047	53338	8808	9446	2709	6574	20300	27713	6084	18290	1601	2794	6778	25595	7111	2974	7947	8506	10667	911	4599	10785	10395	26166	12182	6702	17842	24152	1578	3210	11391	18713	2162	6787	4183	29919	13947	6902	10880	16144	1722	5044	8182	17153	11825	878	4872	4474	4505	16733	8431	9189	8980	15407	7394	4405	8520	6612	17315	12189	32244	15364	12924	18276	35526	3810	13035	8688	22311	17046	17097	18390	9681	4789	5116	9159	6236	15875	3270	9341	10057	9312	17004	10024	31016	13908	10406	23485	10718	7522	7045	13878	1601	17178	11564	249	20348	19717	1613	13734	6561	3511	10565	4032	6958	30634	6234	6534	12709	15569	5118	18122	18296	10401	8175	19553	10631	9215	27711	17200	19846	6624	10016	7258	8737	9216	19592	11065	7616	18532	19741	9350	6915	5909	19889	17743	15108	1236	16515	27678	4870	29667	28330	5283	7279	13810	10823	4875	3069	4136	6034	6091	5180	7783	13796	19808	12377	5181	5060	36660	25586	25963	14743	6733	3782	13287	43120	5090	22765	7411	7212	2948	9002	16409	7364	13570	21573	18905	13337	37913	24779	7513	9780	3387	11851	787	12889	782	21785	5020	18494	4927	8749	19193	5837	9115	7163	19140	4259	29460	6033	38828	15454	19442	8666	11107	7083	36492	5112	46540	6689	8804	8398	7050	4147	13639	19970	19291	17839	11279	4013	5957	10847	3396	19011	1586	14443	1434	15981	7934	13077	308	2204	16744	12526	8529	22107	23239	25187	8747	13728	8283	19126	22673	60427	1480	8506	8420	19486	10234	5219	20156	21280	37375	15035	13047	11026	12406	6459	12834	8837	10583	2715	8915	19669	5185	4434	1917	25217	9008	11748	4041	16482	5529	40286	8931	7310	1447	8108	7604	22895	1827	2985	15550	4069	21400	14149	54090	12002	371	3070	7244	14869	2007	8572	8618	21543	2398	15703	12309	20928	10985	13856	7498	1445	37987	19399	20102	17957	5194	29768	34020	8838	9925	4059	18227	1700	3892	19383	13370	12479	15436	49611	26393	42152	46871	1014	590	636
183.06284_3.536	2113	0	0	18469	11943	11869	6669	7645	7761	13083	8276	16940	9532	519	12725	8039	6771	10209	8448	10811	7971	16799	9292	10917	9846	8568	15404	11989	11142	16460	12821	8035	11817	9554	10784	3982	14404	15990	1393	17294	6977	7400	7312	10148	12319	11864	6880	23068	16120	5183	7980	8443	6396	11757	15294	17623	10739	9991	9644	9205	6349	7101	12055	15240	13081	6698	11626	11502	8590	10539	10626	15711	3061	23988	12193	16258	12511	14424	9916	16243	16607	16758	14133	12135	8027	11881	3195	11976	16851	19225	20253	18756	14668	11210	14391	14489	17208	18478	1578	23912	23721	27053	33711	24435	23491	21947	26458	21504	14706	22048	20268	20652	16103	16792	17835	20308	16017	17993	20762	13979	13025	15660	18514	28118	14708	16139	13032	24896	14761	11357	14224	24007	11264	15733	18956	9460	21561	14514	18837	26678	49955	18456	13168	18988	12415	12088	22115	17582	1507	22869	22966	13960	19591	10810	19309	21187	25443	25914	20055	15758	12546	22730	20865	23362	20957	29085	27657	16154	16115	24822	19794	15739	33340	30697	23467	22574	19370	13886	13377	20328	32828	29202	46394	22209	26458	17866	19857	22119	27930	91133	12140	148191	84462	112598	117558	116023	109386	124675	82575	114684	82050	108122	53877	108884	105151	113650	86760	108642	95342	117219	59592	79651	129146	93729	112757	172839	86958	65369	112912	132727	94233	134434	113829	81518	88612	93906	147252	100518	67644	104217	126985	109233	108182	92538	120209	113115	72474	53161	69343	104486	11857	121230	80932	113918	96533	140806	106377	107608	80844	143832	68407	77021	94288	97565	108900	89789	118890	55161	133321	191251	189256	61473	NA	NA	NA	NA	NA	NA	NA	NA	NA	NA	NA	NA	NA	NA	NA	NA	NA	NA	NA	NA	NA	NA	NA	NA	NA	NA	NA	NA	NA	NA	NA	NA	NA	NA	NA	NA	NA	NA	NA	NA	NA	NA	NA	NA	NA	NA	NA	NA	NA	NA	NA	NA	NA	NA	NA	NA	NA	NA	NA	NA	NA	NA	NA	NA	NA	NA	NA	NA	NA	NA	NA	NA	NA	NA	NA	NA	NA	NA	NA	NA	NA	NA	NA	NA	NA	NA	NA	NA	NA	NA	NA	NA	NA	NA	NA	NA	NA	NA	NA	NA	NA	NA	NA	NA	NA	NA	NA	NA	NA	NA	NA	NA	NA	NA	NA	NA	NA	NA	NA	NA
183.06252_3.79	39032	0	0	34966	48138	45502	43313	57407	70917	88106	3778	70347	156854	896	91267	49518	72785	127543	57815	91398	33312	66529	68944	98336	68189	99000	115315	91562	90334	75938	87101	109808	154304	112214	122947	64381	78756	233479	220	90216	3078	76190	102040	142189	129302	115255	4280	83106	113969	6953	69081	87840	110537	68385	121989	52661	79835	68855	91430	110511	101088	66439	91417	48993	126150	62832	105840	172139	82425	122076	90016	288021	1433	101082	207588	290221	117495	106547	90687	150859	138361	91546	83253	67183	5362	142709	52946	115802	130046	99353	153611	56404	59529	100811	147632	110668	106094	305492	1718	166416	97494	179813	127106	207058	115147	121762	206876	90881	93888	196758	146859	183004	151912	140072	140689	104829	139482	146476	201576	120540	127004	206807	144949	116712	102227	187567	190755	217586	106393	119036	122734	160557	9095	157825	236773	83261	146330	188411	102135	124343	246848	142171	151347	228013	144452	98557	167113	343129	2692	151958	301500	180655	103348	203233	229881	175204	152771	158110	213629	172829	137363	315070	165092	182473	243132	277309	273266	142490	139540	191306	173271	161025	302772	267701	241155	225281	345562	244424	7160	289823	278211	202105	182213	172348	276125	254602	168220	131251	200604	991332	2536	1311363	776573	1224545	1211400	1149215	973912	1142055	520316	1251617	760487	1406259	712464	1379724	1349296	1260694	1219458	1173808	1058618	1311213	823443	1028498	1719432	1041405	1330055	2484037	1211277	840042	1827146	1246276	1115666	1574301	1662330	720931	868040	1006571	1401959	1565519	751110	853865	2087177	980100	1215562	915324	1839946	1355372	924722	639338	878352	1068665	7384	699758	769951	1323667	1162712	1566078	1385426	1517252	1079725	1598096	582128	952788	570848	1143386	1017834	865881	1417468	311025	1397666	1557789	2152570	696002	278434	168914	163876	306901	211394	214938	269186	211027	144650	212966	406243	177044	194234	174592	405856	249935	475950	415173	432028	415465	275166	257382	1573	434710	370936	361544	136671	10260	12056	550454	173631	770875	134873	166931	318277	297464	115601	164781	349638	217995	452034	389172	409180	419156	691392	369260	754469	159891	179852	296280	451417	425024	463939	279836	528669	306227	451851	517677	256316	379770	313240	453606	440584	378487	508035	407737	579855	992857	390603	254809	273342	376259	388481	388535	564465	400747	310363	163731	532355	332672	1419	702044	230393	675605	755303	622310	615598	534533	357960	418381	245449	611374	483496	364582	605602	637795	682176	420979	438898	670032	451904	311700	417521	454606	163790	753076	594931	340728	562698	608163	272945	361878	284119	377367	295847	18266	427305	2362	893	2946
184.06035_2	726	320	0	1494	1298	3798	1565	2060	295	4205	988	1158	2905	0	3092	2079	1258	3798	2753	3262	1431	3234	2133	1902	4781	2943	15429	3629	1131	5887	3177	11854	9424	0	3814	33508	1482	2886	462	2487	7202	2971	4856	2045	9380	5471	2959	5249	609	2556	2152	3264	301226	2542	4264	3711	2590	3463	3588	4080	3216	8422	3053	1008	3675	2696	4767	3816	1330	2165	1896	6387	312	2296	3900	2628	2709	7646	377	3751	1734	1231	3222	3176	1812	1841	35119	1668	1676	642	6352	781	2720	827	3527	3421	3669	5073	239	1221	2236	11931	3075	5839	3216	908	1573	3492	1076	495	535	1166	2520	1856	2947	1396	2972	8222	2154	2657	884	1615	4940	1359	4630	1417	17462	1584	497	954	1577	8274	1045	3395	1608	6923	5321	1657	3294	1420	2272	3890	5492	3761	7178	2085	4209	6505	153	2754	3173	2949	5495	426	6918	7522	1736	1776	2098	1132	1396	5772	3043	2081	2065	6925	1096	4786	3292	1709	2285	7081	14003	4291	7447	3496	3314	1868	3482	9303	9798	25912	6569	1285	1732	3181	1829	6105	13993	8099	468	5266	1647	1471	9374	4919	4865	11498	4159	6264	2207	3919	3993	10961	0	0	648	3749	777	3089	1306	2472	6573	2021	6929	0	1565	4383	35347	10562	8675	4204	8723	2878	2492	3093	4331	7147	1521	5133	41168	4081	4754	6877	4539	13640	2548	2498	3358	7280	167	1244	8446	4753	2954	1030	11027	2561	2127	3493	1939	3829	3155	4388	5418	1985	3991	2583	2302	2759	1653	398	7878	4202	4390	104976	21110	16728	7935	14988	141340	7373	11295	17606	18927	10202	20348	3542	13156	6708	14443	45393	16007	14602	558	38376	3506	8441	38484	3078	6923	51718	4103	7870	27882	14549	30138	29106	7055	5026	8325	4835	36924	6007	46419	4851	11736	5355	4970	3204	5117	14630	17497	8188	41178	4228	2509	5972	7590	47309	4823	8556	4700	6516	5405	23022	5436	7092	8808	8169	9187	13270	11741	25413	39087	6756	5409	5492	16839	32002	7566	13918	0	38155	2836	6374	4379	35290	7011	6088	4039	12599	19055	8370	9312	11811	40147	5226	15400	49627	4264	7036	6630	17819	5593	12590	9326	8176	15116	2219	27921	13710	7241	19458	13695	15036	13135	16180	14309	93	169	169
184.06055_1.853	635	175	151	14466	5614	16139	2795	7146	6844	17100	8927	7114	12005	115	17475	10366	8978	8970	9442	9151	9522	10582	11810	7048	14197	13291	59837	10846	6874	23645	6438	29721	30707	4001	7884	120658	6394	12142	317	7909	30520	10864	16843	10029	29737	19577	11310	12146	6078	12930	5625	10766	1083329	9597	8308	11923	6425	11264	16066	16326	10451	26329	4013	4944	9550	7656	12001	10432	6930	7052	5568	11947	138	8223	12157	8732	8011	31592	4132	15657	6247	7500	9764	17125	8273	6287	135360	4777	5497	6132	17251	4036	10520	4513	13447	24560	12502	13754	146	4716	6786	30125	13695	15670	9154	4460	11413	10813	3605	4078	4211	3283	8805	14354	14969	7766	21889	23021	3516	6339	6128	15430	21241	5103	22258	7820	86682	7683	2850	6716	4062	37546	4411	14827	9182	28644	22511	5246	9035	5342	12609	7728	18274	6958	27402	7657	13011	12785	179	19560	22460	6766	13403	4518	17733	15936	6589	8032	5647	3830	5856	22101	17929	5464	20991	19691	5214	15350	13930	12749	13025	29057	48649	18858	31030	17793	12766	9950	10105	23367	34860	108792	18180	3140	6324	4030	6019	15380	37291	17108	524	9311	3182	15008	16164	8683	17162	25863	22576	19075	10735	8560	6951	36443	7989	13091	5121	13864	6293	8776	4697	13554	15043	30009	17636	5218	9790	14710	114335	27240	30296	9137	37997	9747	10309	9481	11666	27374	6840	7973	99862	10331	16970	14091	11590	35516	21798	6400	13778	16453	260	5566	30020	6367	6954	5693	22649	7431	12525	8952	7910	10614	5582	11558	8145	7221	24741	3785	7171	8444	42397	3966	7878	4202	4390	104976	21110	16728	7935	14988	141340	7373	11295	17606	18927	10202	20348	3542	13156	6708	14443	45393	16007	14602	558	38376	3506	8441	38484	3078	6923	51718	4103	7870	27882	14549	30138	29106	7055	5026	8325	4835	36924	6007	46419	4851	11736	5355	4970	3204	5117	14630	17497	8188	41178	4228	2509	5972	7590	47309	4823	8556	4700	6516	5405	23022	5436	7092	8808	8169	9187	13270	11741	25413	39087	6756	5409	5492	16839	32002	7566	13918	0	38155	2836	6374	4379	35290	7011	6088	4039	12599	19055	8370	9312	11811	40147	5226	15400	49627	4264	7036	6630	17819	5593	12590	9326	8176	15116	2219	27921	13710	7241	19458	13695	15036	13135	16180	14309	93	169	169
185.0493_3.57	2714	458	242	27768	26622	20678	27354	26394	33063	37252	26801	30605	26933	573	30924	29488	35497	21092	32110	29507	21575	31069	25858	24831	22314	23423	29522	27320	35712	22483	36851	33737	18817	25756	33836	30999	18994	25776	613	31534	16105	28948	18310	24769	27662	25155	19308	30234	26269	30002	26391	26142	25734	26581	27764	21717	20066	26314	24780	28884	29827	24393	25993	22858	24513	27814	26413	21768	28836	31570	36471	25765	573	26989	25290	21999	24782	26766	29336	30112	34484	33423	23154	33833	17747	20018	38859	26495	26254	29368	25603	22105	25204	35798	15736	21048	25877	26983	382	35203	36163	24706	26755	30754	24908	28283	23901	22817	30191	21735	29361	27203	33995	17153	23872	23630	29011	25790	26839	21529	29899	23345	23629	29785	27753	20973	28433	32460	35127	22484	31283	31959	35770	27792	25961	24355	27641	34092	24031	33168	19908	27375	23536	33778	22442	33087	28486	24872	930	23809	26447	22787	24839	31735	35459	27523	31946	29613	27256	29021	24030	28456	25979	27788	23347	21743	28182	25910	28929	24296	25815	13862	32674	27425	33240	23296	23269	33550	30490	25072	25457	28962	29115	30849	32942	21644	31650	21259	22305	529	2141	597	25	3376	0	0	2451	453	0	0	710	1595	581	3076	0	2479	1550	957	1061	711	613	1297	1573	314	1224	0	1362	0	504	755	1207	0	440	1471	1045	1578	0	0	987	1436	2091	3451	3125	759	1657	450	680	899	1360	969	1848	2715	893	1280	572	1817	1729	1497	639	1517	0	1815	465	587	4772	798	1194	669	991	2705	518	23	NA	NA	NA	NA	NA	NA	NA	NA	NA	NA	NA	NA	NA	NA	NA	NA	NA	NA	NA	NA	NA	NA	NA	NA	NA	NA	NA	NA	NA	NA	NA	NA	NA	NA	NA	NA	NA	NA	NA	NA	NA	NA	NA	NA	NA	NA	NA	NA	NA	NA	NA	NA	NA	NA	NA	NA	NA	NA	NA	NA	NA	NA	NA	NA	NA	NA	NA	NA	NA	NA	NA	NA	NA	NA	NA	NA	NA	NA	NA	NA	NA	NA	NA	NA	NA	NA	NA	NA	NA	NA	NA	NA	NA	NA	NA	NA	NA	NA	NA	NA	NA	NA	NA	NA	NA	NA	NA	NA	NA	NA	NA	NA	NA	NA	NA	NA	NA	NA	NA	NA
184.07329_0.767	296	442	210	5025	9047	11802	7106	11825	5835	7806	11700	7268	18202	486	7895	8251	9783	17946	9129	9523	9036	12591	10156	7759	10918	9917	8333	9008	11203	7190	10297	2724	10903	11946	11819	4432	7651	21045	95	11571	8106	10733	8324	14676	7998	8358	14617	8793	11839	13289	7766	11825	5831	10624	11909	6964	14143	10062	11155	10986	8903	9777	8882	8124	8297	9403	7948	12501	19362	9592	13185	21796	692	12359	11554	13001	12567	12660	14067	13273	7874	10279	11533	12655	17037	8452	6086	17795	12229	12386	10381	11388	9798	8551	8279	9634	14090	24466	245	13093	9137	13955	13627	12918	12547	10274	14271	11462	11778	14088	11443	10849	9700	7917	13233	8958	11821	10665	13823	13186	13389	13889	15066	11068	14613	16597	14336	13493	10928	13130	10280	15644	10325	10152	11520	12330	12316	9923	9730	7820	9653	15980	13995	14757	14867	10033	16035	23332	126	9406	13928	12344	9453	12555	13978	7841	10391	9995	10463	17042	17147	11410	10278	12444	12628	10651	14451	13318	15195	17542	13960	13708	13812	15289	14741	15260	15324	12308	17701	12928	13308	13518	16366	11947	15501	14865	13142	14248	12043	31873	260	28704	44719	35674	29402	36513	35805	35641	26131	32385	47920	42456	27516	38589	37244	40171	39843	29895	62191	45452	36865	53468	31904	38327	48598	27017	36893	37220	37184	40885	53091	33530	42557	40805	40824	43071	39195	38691	33140	40320	42165	51699	31727	31762	31414	34955	23118	24292	35706	33753	245	52732	38554	35318	41179	41815	43424	34593	24502	37471	46294	38232	50226	42635	37577	39972	31838	42172	36406	45787	35206	40595	10655	17516	11113	17518	22403	16351	19808	22640	9202	16071	16749	12266	18538	16290	17640	14937	23074	21884	25315	24222	9080	16889	105	15975	17762	17760	18935	16330	15943	16289	16561	19998	22209	20469	23566	13521	11022	11052	18757	12892	26831	14774	23393	21271	25837	27906	25202	17849	15742	15449	27821	32804	29758	13299	20605	20968	14916	16711	17785	24425	11956	23388	17249	18887	13658	17395	22371	21966	17182	18181	13037	18136	18271	20541	29960	23656	19517	16126	19245	17185	0	16757	18631	24151	21081	22743	23377	26196	16202	25226	22377	21887	31629	21237	17614	20810	24574	25859	23813	24535	32769	20153	21910	30010	17458	20847	27994	21914	21727	24872	18105	25325	19312	24002	21977	23588	27663	0	234	132
188.07083_4.719	8471	570	664	19682	5559	8744	7955	11384	10708	9084	15270	6314	12225	852	12223	8186	12967	4091	17230	9788	4984	14614	12610	5107	7569	16250	22050	10294	14278	8906	11334	11908	12307	16734	17856	13131	10667	12779	487	13922	11326	11096	6791	8681	8375	14842	8903	6339	15918	15022	13997	9162	17497	8248	10157	4028	8717	9479	10439	9835	13318	9098	7309	19939	17216	10032	14324	8371	11763	7044	17001	9965	1020	18566	8020	10959	7964	14514	13731	11108	9218	12178	12605	11261	7653	9278	4550	23019	17074	13347	15270	5158	6256	9896	7985	12153	8036	11331	1116	18192	14054	11529	9514	13962	8517	11896	10281	10948	10481	13569	15709	9145	7950	2439	11885	13924	7696	14092	12151	7802	10040	13542	12367	18886	8489	15719	6471	13647	9108	11911	19038	20154	6651	12166	9310	8134	17375	19625	14341	9922	15265	14045	15336	9137	13624	9217	9838	10133	1136	7010	7870	13557	10616	14852	9453	14402	9724	16119	9280	14070	11675	6558	17527	10528	13067	4728	19981	14866	15070	7157	11589	11877	21134	10189	11555	13405	9664	18578	22212	8670	14628	15438	13375	11193	14143	11893	12514	11234	10057	16416	623	15029	14855	10775	14360	17100	16620	23003	18222	25253	9378	5237	7899	9121	22859	17458	13027	20783	48357	20220	16649	12682	5481	34699	28980	15812	32617	11158	17392	23711	12488	11632	11959	9192	15034	11224	18776	17287	17019	20309	27066	26049	16837	23397	22498	19431	19523	11284	27004	23203	2131	13848	15048	18333	12662	17113	21234	12855	8343	15809	34095	42855	17542	19761	19643	13838	18969	17059	11959	7474	24271	19584	NA	NA	NA	NA	NA	NA	NA	NA	NA	NA	NA	NA	NA	NA	NA	NA	NA	NA	NA	NA	NA	NA	NA	NA	NA	NA	NA	NA	NA	NA	NA	NA	NA	NA	NA	NA	NA	NA	NA	NA	NA	NA	NA	NA	NA	NA	NA	NA	NA	NA	NA	NA	NA	NA	NA	NA	NA	NA	NA	NA	NA	NA	NA	NA	NA	NA	NA	NA	NA	NA	NA	NA	NA	NA	NA	NA	NA	NA	NA	NA	NA	NA	NA	NA	NA	NA	NA	NA	NA	NA	NA	NA	NA	NA	NA	NA	NA	NA	NA	NA	NA	NA	NA	NA	NA	NA	NA	NA	NA	NA	NA	NA	NA	NA	NA	NA	NA	NA	NA	NA
189.11229_4.652	202223	821	1753	301392	174679	375927	168495	231230	328968	512391	2587	319898	348023	984	1182073	217909	260641	514857	221874	271775	104785	175278	238414	443850	205280	301073	744107	299652	335457	181994	298322	349638	582181	264787	396347	125256	273898	339407	1813	251020	1302	128799	186658	244255	437379	154525	2064	432527	247922	2182	107872	139867	145762	146045	248245	87350	181175	99528	92754	320687	177377	154342	134316	65096	355683	115258	276380	289238	136250	222960	202875	328573	1212	226342	248601	593901	181015	160931	137083	508631	316217	189860	193205	165889	2200	283282	71278	202721	172465	173850	336147	165328	114309	161050	369441	192906	247347	324906	1122	1687351	367125	427752	373809	662855	463239	551985	629186	231598	209199	600356	441201	680541	238289	480780	549228	356770	298357	383853	725291	259907	249849	502263	305423	244003	142194	386958	298268	598252	176991	251645	281226	241983	1894	383064	510857	132874	361465	378047	245026	384543	870854	324196	317971	603888	325196	217349	442228	302202	1544	209182	406426	231697	293905	355944	325968	429371	385457	298925	580119	376205	211343	651698	320721	472971	441448	639047	598010	217432	291836	533807	258381	271640	510541	674458	316690	461871	460874	270465	2327	556884	772446	316871	627441	419588	838749	474901	256385	461490	577932	1532783	6996	2720706	1026878	2114498	1819172	1729426	1868030	1710665	938269	1732623	1495748	1855097	788825	1903433	2016778	1896696	1685681	1977743	932381	1968114	907068	936651	1789520	938136	1713830	3113286	1497784	931942	1874109	2385966	1395113	2034145	2317499	838913	1679048	1375866	2743197	2073346	769774	1074725	2351276	1515395	1771228	1584453	2232553	2035150	1332679	576680	1092311	1463204	6817	1092733	870461	1921175	1739320	2778748	2044055	2051834	1132990	2718668	556782	1259026	1120790	1857492	1609701	992555	2365263	375246	2586994	1926596	3852130	900620	128554	74573	74710	125194	96803	91826	83901	73295	54328	85793	127974	63095	69253	51178	102746	89985	126808	127292	108954	109828	68967	71950	5	103987	89148	93922	44925	815	1059	118107	41524	164954	48306	53228	76294	69515	26510	36650	72596	48477	120168	63293	107916	88896	132775	95336	181931	40224	42458	73223	96786	111813	121701	57325	114893	66460	89146	109232	47049	93127	58984	109659	103661	74717	94829	78398	128259	157209	70006	58479	62771	68874	76514	73668	105539	83046	64586	50500	97950	68282	1196	131345	50762	131481	171871	126800	119056	115589	84833	87029	59126	132802	127456	87773	122372	127305	132897	117767	118606	149907	104280	69805	100686	123797	56687	139836	132217	91802	133245	141370	66734	108620	72199	93926	85397	1915	116206	742	109	702
189.11229_4.652	202223	821	1753	301392	174679	375927	168495	231230	328968	512391	2587	319898	348023	984	1182073	217909	260641	514857	221874	271775	104785	175278	238414	443850	205280	301073	744107	299652	335457	181994	298322	349638	582181	264787	396347	125256	273898	339407	1813	251020	1302	128799	186658	244255	437379	154525	2064	432527	247922	2182	107872	139867	145762	146045	248245	87350	181175	99528	92754	320687	177377	154342	134316	65096	355683	115258	276380	289238	136250	222960	202875	328573	1212	226342	248601	593901	181015	160931	137083	508631	316217	189860	193205	165889	2200	283282	71278	202721	172465	173850	336147	165328	114309	161050	369441	192906	247347	324906	1122	1687351	367125	427752	373809	662855	463239	551985	629186	231598	209199	600356	441201	680541	238289	480780	549228	356770	298357	383853	725291	259907	249849	502263	305423	244003	142194	386958	298268	598252	176991	251645	281226	241983	1894	383064	510857	132874	361465	378047	245026	384543	870854	324196	317971	603888	325196	217349	442228	302202	1544	209182	406426	231697	293905	355944	325968	429371	385457	298925	580119	376205	211343	651698	320721	472971	441448	639047	598010	217432	291836	533807	258381	271640	510541	674458	316690	461871	460874	270465	2327	556884	772446	316871	627441	419588	838749	474901	256385	461490	577932	1532783	6996	2720706	1026878	2114498	1819172	1729426	1868030	1710665	938269	1732623	1495748	1855097	788825	1903433	2016778	1896696	1685681	1977743	932381	1968114	907068	936651	1789520	938136	1713830	3113286	1497784	931942	1874109	2385966	1395113	2034145	2317499	838913	1679048	1375866	2743197	2073346	769774	1074725	2351276	1515395	1771228	1584453	2232553	2035150	1332679	576680	1092311	1463204	6817	1092733	870461	1921175	1739320	2778748	2044055	2051834	1132990	2718668	556782	1259026	1120790	1857492	1609701	992555	2365263	375246	2586994	1926596	3852130	900620	1364599	230590	579535	514425	255404	338955	344120	188133	392976	217219	528391	231844	250279	179953	592338	249726	413376	683932	448359	352865	568081	281384	1697	248257	270561	231325	69500	2834	2658	498625	126091	800648	92068	71527	115842	120770	88826	250397	182476	92625	268028	369685	120651	378884	447163	163496	425017	118885	161284	241338	169431	165465	276331	217795	360938	186819	256922	163711	291986	228159	198442	257381	287746	178442	220824	93577	175557	542687	162147	148240	218400	126332	153785	145147	355653	210977	94532	111461	337791	244837	543	396322	64243	258921	430662	309680	198661	248008	175177	175526	80144	264081	167777	111600	180360	251527	319309	307519	247338	252150	141326	106570	175036	215060	100900	420445	244872	149308	227250	320443	151229	197808	235257	271177	205831	2035	175991	2500	1677	2689
189.16002_0.728	0	0	0	54166	43054	36349	45929	61599	95413	57803	53487	52709	67975	0	82840	42040	60945	52078	50017	51806	57974	32501	43645	84194	67440	43251	52776	96847	62167	54103	51636	62080	50619	63930	47245	75943	57363	71503	310	50592	54515	58995	31704	51714	46428	88201	45169	86179	37755	53336	57340	61939	160769	48898	183736	59972	49021	30351	32446	103771	58735	42376	46809	48994	53104	59721	54340	58590	63461	87762	54432	72123	126	58518	49523	47797	81132	78561	81660	110310	132503	64999	48669	59121	44623	50530	82695	66379	71467	95457	63606	76947	132458	53561	57951	99939	56374	73549	0	55489	52981	61001	63834	75833	79163	68812	67384	66596	54709	45240	54908	57075	54676	91013	81458	43521	64544	64528	53460	69464	59764	75054	65291	72672	96356	64653	59485	84571	52435	70401	73839	58917	68823	68845	79422	61811	69684	76370	61925	55775	78284	45874	79510	90501	97673	54953	51503	70602	0	58827	69627	66690	71416	52451	57215	89352	85222	75963	71843	86701	42512	92159	102377	54677	74090	50022	47008	77171	74622	55395	63039	47778	73813	65607	55421	45339	86003	48999	63775	55478	135688	57677	89424	80624	124015	43093	47686	62253	102383	79056	124	43298	71234	58567	76331	112931	63965	67956	50945	77891	48288	30441	46669	70098	36791	34444	56580	43176	57843	48168	53758	46936	44917	46454	49486	49135	32730	46134	91099	91493	49472	59470	38545	46248	73659	64199	51747	55693	45569	65304	47277	86140	93918	48608	71540	46844	63744	27999	40040	82113	0	80797	62131	98090	61840	30944	112348	80368	70464	37209	107454	69622	125999	54836	51128	67064	54194	50920	124244	42135	75850	41162	60139	35211	48568	89558	34044	58073	40607	39201	55340	43302	77169	52026	47091	64194	40972	44735	50423	40876	30477	85878	64101	63237	0	56058	51093	34466	263045	31137	33241	70970	67699	55601	65751	60979	79467	69042	72319	69021	299992	40879	56545	63696	71930	53339	53543	95954	32618	65698	76491	44012	68122	71244	65074	78064	68353	41121	42761	87803	412414	89008	54760	53173	73374	66532	113088	33172	39450	310557	69358	40975	41065	55584	60946	59754	34643	65307	45771	68002	36767	60586	0	90369	47242	39350	48730	65383	500910	96229	45880	68491	39614	66042	62031	84966	56813	52957	57727	71286	56099	61935	108376	49420	42162	38956	58763	58942	71811	36739	60328	51953	45726	56659	55753	60598	62337	64089	64830	95	0	115
190.08652_4.943	14820	3	244	18171	10423	23006	11128	12519	19705	10060	33978	9445	17351	796	12741	15575	14788	19587	24853	8458	14053	16565	13967	13010	20990	13400	16310	17561	23498	15557	18324	20413	10059	29817	15098	48297	16297	16427	990	23445	25994	11154	15822	34463	14044	23521	35526	20283	10609	28573	18397	15894	41962	24483	25150	18285	11567	12409	18514	13348	15975	21927	20475	26983	13000	17588	15216	10567	19309	11255	15831	16567	354	17411	9938	6036	16676	26277	21437	17319	21915	32701	16953	18883	32554	14356	45289	18580	14612	13113	14877	17068	22809	15685	20345	33593	26804	17282	257	11232	18034	13019	15238	12954	20730	14530	12855	18878	13132	16210	13557	14335	14643	17062	5541	12162	14314	21516	10567	11953	13364	15637	13877	21114	19998	14682	13188	17636	8849	15973	23409	20874	26807	19123	16210	22998	20303	20420	33603	12997	11680	13364	18445	21279	18314	16207	12834	14004	528	20057	15625	15070	19944	13023	20388	27237	22294	16585	18567	15581	14608	13787	27073	18970	14944	10610	12327	17873	16262	18902	17933	25856	18169	19653	12609	15321	12156	21733	32681	15086	18143	13920	22985	20719	20621	10761	12068	29993	19167	55300	1096	47912	45807	23564	67541	59742	50611	51055	64298	57715	33196	23226	46882	55503	44983	40124	32571	60189	106848	56247	26963	38726	56464	79550	55005	19565	55747	37264	58601	87195	30141	68554	47864	38479	35567	56118	53127	42345	48710	76476	67802	86869	82393	50443	69434	75448	75391	47979	61104	53937	1907	67526	36913	80851	50931	50885	64072	18813	50940	22291	125132	67818	60121	30120	60719	68713	33347	45197	96196	28602	78579	37242	NA	NA	NA	NA	NA	NA	NA	NA	NA	NA	NA	NA	NA	NA	NA	NA	NA	NA	NA	NA	NA	NA	NA	NA	NA	NA	NA	NA	NA	NA	NA	NA	NA	NA	NA	NA	NA	NA	NA	NA	NA	NA	NA	NA	NA	NA	NA	NA	NA	NA	NA	NA	NA	NA	NA	NA	NA	NA	NA	NA	NA	NA	NA	NA	NA	NA	NA	NA	NA	NA	NA	NA	NA	NA	NA	NA	NA	NA	NA	NA	NA	NA	NA	NA	NA	NA	NA	NA	NA	NA	NA	NA	NA	NA	NA	NA	NA	NA	NA	NA	NA	NA	NA	NA	NA	NA	NA	NA	NA	NA	NA	NA	NA	NA	NA	NA	NA	NA	NA	NA
190.08627_4.718	68760	672	569	543575	88900	105921	49193	163601	117086	38243	307560	43620	166020	564	142669	94065	267798	61967	297758	42688	84483	121273	73666	108896	202248	481283	127065	95108	235256	191535	146466	99475	434780	217623	248726	72832	135924	183471	258	332086	422701	276467	103544	172916	239248	165827	115392	86700	157732	235109	279699	206417	117077	133998	274451	52466	181413	58958	295077	73129	226985	148988	108531	724400	816157	130078	81252	103676	284967	91553	314149	190841	693	349652	62260	172879	171114	218347	289154	161550	138902	176195	187220	29828	107132	74243	99186	408973	275786	154254	74536	104056	34840	202691	67918	212390	107282	196625	247	188373	165704	187985	100943	390775	86313	50936	45544	197081	181884	227603	422632	46062	133541	62379	56434	172293	49548	153383	217515	208960	178400	65818	164823	109606	48842	464641	77409	79355	131167	129821	120835	514148	52724	99762	168858	76446	238147	198954	100550	64562	72307	194109	169530	82891	161291	73038	91692	192861	458	44143	51745	271802	149266	303558	190318	150412	129242	266691	78059	309733	138776	94498	245695	174959	108858	77402	311304	283127	361026	107674	170610	183758	341915	202780	94927	239060	83467	170714	265197	60863	96105	96594	163364	40359	153270	94232	137045	159743	98301	1015327	3388	477358	448302	146463	453538	1090097	735404	761363	2029376	1302773	220258	214389	464751	180280	2307743	1450051	291752	1013679	9261459	1286249	899202	250764	249707	4958648	4291445	574221	3360450	188011	713040	707788	576383	545495	444575	184105	375339	436946	1614486	599460	1154101	581509	728082	2214246	166756	2793086	651914	765681	494858	544639	3438304	1038110	3050	522977	708633	267722	640290	881226	470261	386895	167262	1358694	5197620	4050187	396577	1633324	1426355	542415	1548285	989242	26473	530110	656222	1501768	166019	342446	146269	104457	63294	102742	166958	1066971	103779	117566	64591	129491	92867	50657	124489	117882	728849	211346	65713	130447	85566	180059	451	726283	270721	71915	172192	146177	227294	224605	41502	207598	151983	144002	126080	70944	158422	136591	69031	46469	97918	221027	136476	111329	83950	45267	169056	56904	48157	24706	74863	90236	215136	88794	35183	148414	31424	106720	155722	145128	160467	201148	35346	235964	196529	61731	94277	185762	108090	35934	35088	90197	545281	147817	205470	134559	144958	95808	82621	167623	310	239411	89239	83147	61546	223920	154441	62602	52491	249308	221135	65652	161097	205176	583087	166874	189043	328821	209975	101168	109116	65461	104233	36345	147995	200125	82985	112391	576265	55473	119561	205803	195948	191687	89719	104057	210985	232	145	356
190.11832_0.845	228	119	0	2335	2562	4331	3025	2426	3758	2744	3414	3066	6126	121	3213	4514	3061	4368	4471	3139	2651	4061	3306	3796	4983	14190	4329	3604	3574	6172	6038	11517	4547	6156	5007	11072	1827	4120	231	2889	4123	4720	2732	5026	3941	3926	4857	3610	2149	3799	3639	2663	9005	3705	5990	3834	3682	3070	3921	3576	3927	3219	3316	9015	4927	2440	3884	2765	5722	2970	2321	4319	110	4903	3362	2967	2979	4584	4113	3820	5454	4692	7288	3904	4215	2717	10438	5280	6373	3254	2487	2175	4338	3815	3118	5063	3100	6271	155	4159	7288	7531	2243	5868	3313	3452	3947	5524	2675	5837	3935	4454	4337	2465	3665	3296	3584	2600	4768	4019	10686	4008	6468	9469	3646	6092	7556	4477	2131	4431	2918	16708	4182	4019	6558	5891	6316	2154	4094	5628	3853	3596	6844	5249	3122	5177	2695	5377	159	3930	3686	5102	3338	2246	4588	3067	4687	12192	1659	5087	7408	8526	4700	6358	5288	4004	3224	3250	3778	5006	6256	6403	8822	2290	6198	7107	5669	3544	14236	5159	3745	5208	4872	3247	5827	5120	2305	4478	2760	7328	155	6027	4013	6174	5685	4837	10801	8489	4260	5483	3683	3142	5068	3657	5955	9664	5117	6658	9774	9390	7949	8714	9220	6516	4514	6718	5730	6443	5685	4253	10953	7486	4778	6558	2529	8777	12540	4807	4065	3431	5047	5655	5863	3958	9207	8374	6945	7759	6819	7569	140	3500	4289	6300	5933	8113	4714	7081	6823	11142	9528	6483	3724	8297	3866	3353	9690	5961	4450	6196	5025	4429	6587	5612	12121	6044	5595	6812	5093	9599	5739	6809	7826	8868	4976	5132	4763	10311	7740	6687	4379	5130	5363	6462	0	8060	6813	6151	7475	5782	7906	22603	9525	7441	6312	6079	5225	7175	10397	5465	11983	3732	7596	6784	8887	7779	5749	10543	4168	5205	8649	3990	5618	10813	9932	8670	6781	6197	7276	20798	7314	4954	6643	6839	8058	5041	5513	6664	5787	7336	2831	4889	4689	4961	14185	3667	10478	6436	5597	9710	4307	7430	444	18095	6303	7117	6228	21352	6536	15780	6144	4909	4548	6996	7488	5383	11190	2947	7075	10951	11042	8251	13216	7162	9205	4331	8069	4023	6712	6746	9685	5586	4121	8007	4143	12499	13616	12218	12555	156	0	117
192.0675_3.045	36	407	99	13890	9361	11484	11093	10090	11047	8833	6849	10534	10405	16	5320	8639	7750	11327	8510	12008	10000	10668	10722	9269	13346	9323	13732	14099	13469	6214	8785	23346	4696	10338	8908	20442	12863	10648	116	8828	11829	11292	10366	11175	10421	16061	9623	9363	9450	8420	9937	9692	20552	11184	11823	11267	9048	10904	11732	11714	11706	12020	12449	8973	9377	7328	9574	12853	9100	10129	6216	9486	720	7174	11401	12055	10795	14636	9627	20027	14288	12958	14308	11147	8372	8651	22542	7224	12019	11233	3757	8952	12031	10789	6450	15530	10754	10775	0	8690	11970	9564	15440	12387	11434	6324	10024	7520	4618	9247	6795	3201	8614	9848	11253	10216	8466	7683	4174	7654	12522	11206	9468	15183	9784	9139	11084	9762	7689	9261	8705	11433	7718	11841	5326	6611	7748	8712	11772	6408	10402	11173	8970	12020	5628	11226	16523	9778	234	9725	8857	9590	11421	7576	9649	12299	12849	14406	8788	8614	7503	8969	8245	12024	3497	4658	7809	8045	16755	11030	11353	9699	11598	7915	9757	10698	10015	7753	12923	4770	5244	7677	16583	8636	10273	9209	7982	12325	7881	17256	486	24645	7883	15891	22152	21099	18662	20141	13218	23758	16125	14233	15979	10854	23239	24493	14015	20958	15470	8375	12446	18282	22190	18260	15611	14299	19520	17047	19782	24869	7616	21185	13550	18051	13469	18873	19835	14989	17376	16865	20821	19514	14704	17046	20286	21189	15928	16925	17366	17630	0	13437	17089	9100	18870	11291	10141	12651	18286	21353	21214	15375	10330	21851	16214	17844	17130	10462	15547	18188	16586	11610	14060	8629	12070	15337	12258	12791	5457	10404	15298	11311	11103	11920	10184	10667	7993	10339	10016	7939	8974	11179	11017	10828	668	10993	8247	10207	4261	9361	10147	14315	13074	8521	9356	9014	10580	14989	9788	29124	11713	8454	7256	8834	7902	8561	9620	10556	8756	11383	9417	8851	8483	7859	8110	10623	9762	8000	7698	13632	5433	8424	8840	9660	9405	7228	7361	11631	8670	9047	10671	10480	11959	11996	8692	9772	9914	11758	9023	10730	10117	9235	561	11021	6719	10366	10526	10400	9345	10594	9231	8139	8375	10257	7970	8102	9571	10701	8650	5647	9644	8038	7710	12846	11026	11040	7195	9926	8348	8881	8621	13037	7761	8241	8095	13717	11758	14993	15304	150	172	346
194.08069_3.768	880	157	690	1596	3322	5430	2065	2456	2375	3616	1905	919	3416	0	2347	2135	5768	1404	39325	1241	2507	322	917	664	1996	800	876	422	785	517	3001	4882	1666	5621	5442	4421	5883	2944	490	5500	1392	4411	835	4032	4496	4158	660	3055	2790	5602	2563	4232	3763	2243	4971	777	3207	184	313	569	1019	10738	1790	1873	5081	2760	1280	204	336	462	2366	2229	501	596	1969	1155	3623	1227	2201	2543	5485	546	720	1697	2322	933	3450	1155	5093	1606	3369	3586	125	242	1034	1373	1767	3774	1099	1250	1083	1960	1265	8275	889	1509	34906	7297	1181	1508	3169	2682	544	470	737	878	2419	8807	494	919	1142	269	4621	1063	612	2549	1697	3458	425	1167	2264	2706	1243	6081	15966	9547	15691	596	1820	10104	1672	1219	5204	6352	3551	2609	3946	2726	3	2944	3761	26860	1803	182	308	3568	2301	1933	1364	3695	1133	584	1629	2670	499	1937	2730	246	2563	1818	800	5470	11109	4735	1436	1768	2897	4950	3436	3508	4127	1960	3421	227	17068	1126	1747	4870	3374	4649	942	9706	1882	477	1451	18985	1732	3400	447	2361	1439	1150	1629	5231	2524	7335	1728	4511	2638	2594	1016	3908	1884	902	1335	1731	6540	3384	2383	16296	9020	2688	4080	1754	412	1124	7053	1797	2856	4225	12760	11779	8832	1878	2922	478	1084	1576	2277	3401	2533	964	1390	9199	828	3982	1632	768	297	2464	1765	1868	1255	403	3615	3358	1884	787	5029	1017	27154	1679	19825	1239	1469	549	126	243	1444	4277	3038	800	256	2661	683	740	1671	3705	1980	2176	836	6235	2050	2876	170	1140	7913	747	2258	1967	5464	1541	2648	5849	4090	1407	2006	5852	937	1800	3397	879	987	1835	1524	5763	4313	2052	895	4372	1253	1509	924	3389	1181	269	1788	5362	1592	1412	506	4255	1389	6939	1692	1577	2282	1626	1834	3113	9350	814	689	883	817	7359	18930	411	1667	2584	4486	3322	450	367	291	4390	1887	675	917	2453	2816	1727	965	2943	1776	1967	697	7560	3170	3425	5619	2067	421	3001	12399	283	1972	12849	618	1081	404	3016	5430	2401	9511	4341	10855	16543	14505	729	667	674
195.06316_4.105	3376	0	295	3575	2679	3466	4760	6029	8257	10209	1158	6759	10851	262	11065	4076	9438	14059	5285	10621	5403	6790	7477	7493	8055	8311	7261	5912	5967	6083	11121	10004	10520	14796	11561	7104	12052	13727	0	5474	355	8834	7329	24499	12088	16372	609	12497	10170	2126	5162	8446	11003	7720	19450	8707	7718	4168	6960	9367	10319	4380	9724	5940	9320	7609	11297	11003	7269	10434	9228	19887	494	9952	16077	21910	11634	12408	6744	13385	12836	5992	6209	6801	3232	9593	9483	10518	13510	9142	14964	5324	9056	10604	10711	15742	13886	19144	244	11529	7560	14883	21831	20453	10886	11254	19738	10941	6650	16592	11657	15958	14738	15768	15949	13787	12316	12510	14781	11942	10205	17439	20441	8742	13334	16087	16267	18545	10955	11551	12211	16452	1744	16317	20052	7887	22869	19755	12853	10847	16689	12276	19885	18854	21575	11676	23911	23807	595	12003	19243	16174	8096	16245	19702	14624	15652	12686	20405	13330	17139	19649	13717	17429	18451	22692	21203	11341	16022	13394	11308	10797	28395	23791	20011	13739	26585	19798	1898	25017	22117	15964	25365	16033	22146	18917	13934	12497	19913	41880	0	52419	36953	52546	57725	55183	45285	57708	41364	51167	31957	54071	31143	50929	47065	50493	61554	46044	42064	49856	35495	44838	70867	46813	61521	91898	45225	38061	70782	52606	39430	68988	71530	31226	39479	42320	51107	64221	39144	41885	79623	46244	51462	46306	72339	58106	41414	33082	36712	47012	620	39790	34188	57444	49381	59207	52908	59551	49469	52650	31875	39884	31279	43734	55440	39576	58420	18438	58408	66114	85513	25587	NA	NA	NA	NA	NA	NA	NA	NA	NA	NA	NA	NA	NA	NA	NA	NA	NA	NA	NA	NA	NA	NA	NA	NA	NA	NA	NA	NA	NA	NA	NA	NA	NA	NA	NA	NA	NA	NA	NA	NA	NA	NA	NA	NA	NA	NA	NA	NA	NA	NA	NA	NA	NA	NA	NA	NA	NA	NA	NA	NA	NA	NA	NA	NA	NA	NA	NA	NA	NA	NA	NA	NA	NA	NA	NA	NA	NA	NA	NA	NA	NA	NA	NA	NA	NA	NA	NA	NA	NA	NA	NA	NA	NA	NA	NA	NA	NA	NA	NA	NA	NA	NA	NA	NA	NA	NA	NA	NA	NA	NA	NA	NA	NA	NA	NA	NA	NA	NA	NA	NA
195.09111_3.52	4478	2218	2191	4772	6300	3337	6062	27317	9612	14243	7741	12507	6167	3602	15653	2127	7075	20889	21901	9410	11327	4608	10291	8292	3685	7699	7116	8510	4618	9649	16063	10653	10643	38087	6391	16639	21011	13827	4128	23365	12721	6860	8720	12983	10042	7385	25553	2534	8077	44489	4515	12980	22752	3922	26999	1445	10977	3335	16134	8259	44568	9284	9324	6606	8566	8015	6246	6426	4088	7673	13850	12295	5304	15410	19253	6870	19993	18927	17587	21750	11898	7477	7529	6138	22424	7641	16934	7483	16677	15019	12345	8041	10740	4776	4742	5762	7987	13019	3621	5580	2341	4082	63296	17613	9804	8219	11667	8515	5689	6587	12632	24869	7896	16438	13225	20368	32532	17101	7271	12367	7119	17628	14739	5805	8763	9490	5032	2798	9091	4468	9217	9450	28029	10990	7748	15856	33962	18673	16409	25127	12192	40453	12837	11574	9547	4276	55408	16525	7070	4986	9120	4588	6668	5792	1956	13811	10422	13002	8553	6827	8206	10229	6697	43393	5795	6561	25553	5545	53564	9684	4875	12047	16663	18853	11647	3897	11008	21748	8516	11757	13594	14385	26038	5358	29814	6950	12442	17951	9415	10500	3543	7402	22518	7558	17380	10828	14590	8293	6931	16436	6708	11762	12660	5786	15446	9336	37690	3344	8727	5944	9513	11194	59380	20850	20131	12321	8176	12576	33113	24054	11586	22659	19597	17359	8149	13587	14334	8576	11513	20006	46848	12873	19448	130024	18417	12772	15300	19520	14174	12629	8879	20464	11824	7189	10204	5700	8365	23271	22881	13702	8648	13935	22823	7533	48580	26219	19806	4199	23649	13470	17116	10226	NA	NA	NA	NA	NA	NA	NA	NA	NA	NA	NA	NA	NA	NA	NA	NA	NA	NA	NA	NA	NA	NA	NA	NA	NA	NA	NA	NA	NA	NA	NA	NA	NA	NA	NA	NA	NA	NA	NA	NA	NA	NA	NA	NA	NA	NA	NA	NA	NA	NA	NA	NA	NA	NA	NA	NA	NA	NA	NA	NA	NA	NA	NA	NA	NA	NA	NA	NA	NA	NA	NA	NA	NA	NA	NA	NA	NA	NA	NA	NA	NA	NA	NA	NA	NA	NA	NA	NA	NA	NA	NA	NA	NA	NA	NA	NA	NA	NA	NA	NA	NA	NA	NA	NA	NA	NA	NA	NA	NA	NA	NA	NA	NA	NA	NA	NA	NA	NA	NA	NA
197.06964_2.837	1333	1612	830	6753	6775	6608	12705	26958	33555	43269	5008	27940	26320	940	38037	5544	27778	31674	20183	42723	33740	8829	27073	46273	9526	17757	24722	15984	3601	42178	42104	14143	61048	27466	44140	10419	50569	19362	748	42961	10161	28717	43145	35076	51921	9315	25499	19734	28838	36445	15193	19072	5294	10757	42307	26106	12768	8231	34914	41746	31986	16443	23075	8513	34892	25320	22793	57152	11084	28767	22847	39209	510	30123	90714	126203	38842	32983	19209	33806	59661	14080	6747	12723	35978	11324	9347	37812	27918	18131	44951	18195	30635	11200	12525	25358	23581	33249	952	13536	12257	28180	64046	46203	21926	36307	42948	24868	10510	25836	13729	47058	42655	68126	32583	19714	24818	47637	16597	36861	30448	47929	42838	15239	28026	23018	16909	64886	12775	25592	23718	14349	11023	19411	43827	12179	29797	26921	20907	15905	53531	29831	19242	46524	41191	8441	63439	23667	1082	46898	31473	24611	17532	27570	66949	31216	27568	13444	54047	33990	10963	49371	30399	16376	36817	67728	38577	20445	31013	28374	33611	36543	28190	40601	48924	44802	35872	34405	5652	47895	19286	45969	53719	19494	53733	23231	42545	25060	46442	68411	4207	96430	57712	36010	136797	119203	31010	64418	48475	36568	48518	114919	33646	108699	117835	88746	128440	107086	30425	93757	40856	55526	105168	51011	89513	115845	70354	52423	100564	104358	27741	167662	66289	51200	51003	49603	109482	32011	47908	53253	105335	88161	76841	65920	83687	25753	41973	30204	15711	73084	4941	103589	32201	81242	95891	47273	75687	71662	67657	143368	20625	60470	61689	34153	109225	31896	113177	13330	68727	79527	138294	25093	43707	9940	36846	47673	17571	12360	19568	16659	39485	40292	68209	4490	24970	13776	26926	43995	13598	64107	30182	27001	26005	33550	904	29875	40555	51798	12915	13932	26885	75658	12090	55357	10904	19210	33002	42277	6453	17682	28611	22764	42091	17304	27312	38476	54743	42401	62013	13289	23488	41301	26345	43299	23853	10860	85021	32166	18247	9451	15161	48222	35057	44348	38509	29676	45523	33251	50593	40925	16617	20404	32761	28378	38608	6752	38970	24254	17913	14006	34994	23930	1783	13715	17851	35562	71590	42577	42869	32710	19161	19880	17322	38474	36757	17117	44759	9111	39676	43335	27048	50349	6660	26072	36413	26370	12258	30668	62249	9574	19416	34990	28805	39379	27119	29575	21774	33718	52606	829	2539	1361
220.15454_5.06	12583	330	847	20053	11350	25046	11963	13298	18276	28444	735	20574	20943	813	36844	15283	16878	31548	18359	18511	8344	12179	14719	25588	13180	19308	39456	22518	23496	12535	16055	19171	33599	16460	26282	8591	14936	17996	704	15887	311	8012	14114	15241	26050	11300	766	24535	14048	1269	8004	8074	9167	13193	14723	6269	9691	8704	8036	17566	9914	10620	8716	5980	19355	7298	14232	16682	9026	12108	10470	17548	370	13840	18104	33396	9965	9231	8847	29909	17558	13070	12973	9598	1760	16953	7639	11784	9594	10145	16563	8785	8193	10989	14156	11489	11907	18844	663	19678	21692	7117	23688	34041	27829	26415	29620	11707	11112	30009	23091	35241	14331	20208	29267	17843	17348	21789	33379	14364	15029	24317	15204	12326	8913	20396	16196	32102	10834	15574	13744	14044	1457	19553	25549	8070	22159	17133	14363	17080	43103	22071	17948	31298	18378	11675	26395	15059	541	11828	18524	12317	15354	17365	21953	20355	18933	18162	26274	18124	12434	29414	16325	29158	22403	29603	27271	12167	16479	28923	18718	12536	35361	28981	16733	26604	22390	13467	2327	24439	32868	15654	30524	19814	38469	18301	17046	24517	26334	97648	1778	220881	61519	130679	112566	119551	130589	105701	69504	101121	90378	114329	50545	141935	156107	144059	112938	133634	62929	157391	54975	58698	120403	63357	109366	216278	109834	67076	124454	185738	96002	140922	146671	55997	104986	87110	213358	130310	52511	67821	153202	95458	81415	104885	142062	130871	84602	27945	71255	97894	1540	73332	60278	128475	63741	217171	159803	132543	54317	235308	33148	81407	66309	147285	99626	65177	161813	25529	160512	128462	272177	53835	63785	14904	32295	25311	13032	17309	14054	10678	19499	10937	24380	10073	11155	8942	18497	10859	18505	26566	18549	14073	24138	14074	433	13607	11725	9963	4430	1590	1565	22298	6489	28706	4146	6000	6240	8597	6743	12173	7586	5521	11906	14542	6840	15268	18084	9533	17865	7580	7226	12590	9125	8128	15936	10558	15112	10107	11715	9049	11800	10744	10626	9952	12494	8238	10928	7426	8008	19544	6645	8348	10612	6733	9173	7920	14119	9725	5879	5967	11470	10478	233	15576	4921	11273	16431	12544	9212	12258	9220	9449	4854	11323	8705	6594	8741	10491	14379	12722	11963	11406	7762	7031	10340	11427	5217	15240	13328	7820	11307	15024	9204	9640	11176	15984	9833	1933	9774	1161	2834	1538
220.15454_5.06	12583	330	847	20053	11350	25046	11963	13298	18276	28444	735	20574	20943	813	36844	15283	16878	31548	18359	18511	8344	12179	14719	25588	13180	19308	39456	22518	23496	12535	16055	19171	33599	16460	26282	8591	14936	17996	704	15887	311	8012	14114	15241	26050	11300	766	24535	14048	1269	8004	8074	9167	13193	14723	6269	9691	8704	8036	17566	9914	10620	8716	5980	19355	7298	14232	16682	9026	12108	10470	17548	370	13840	18104	33396	9965	9231	8847	29909	17558	13070	12973	9598	1760	16953	7639	11784	9594	10145	16563	8785	8193	10989	14156	11489	11907	18844	663	19678	21692	7117	23688	34041	27829	26415	29620	11707	11112	30009	23091	35241	14331	20208	29267	17843	17348	21789	33379	14364	15029	24317	15204	12326	8913	20396	16196	32102	10834	15574	13744	14044	1457	19553	25549	8070	22159	17133	14363	17080	43103	22071	17948	31298	18378	11675	26395	15059	541	11828	18524	12317	15354	17365	21953	20355	18933	18162	26274	18124	12434	29414	16325	29158	22403	29603	27271	12167	16479	28923	18718	12536	35361	28981	16733	26604	22390	13467	2327	24439	32868	15654	30524	19814	38469	18301	17046	24517	26334	97648	1778	220881	61519	130679	112566	119551	130589	105701	69504	101121	90378	114329	50545	141935	156107	144059	112938	133634	62929	157391	54975	58698	120403	63357	109366	216278	109834	67076	124454	185738	96002	140922	146671	55997	104986	87110	213358	130310	52511	67821	153202	95458	81415	104885	142062	130871	84602	27945	71255	97894	1540	73332	60278	128475	63741	217171	159803	132543	54317	235308	33148	81407	66309	147285	99626	65177	161813	25529	160512	128462	272177	53835	267521	191729	181912	289891	240256	219403	219397	195658	125867	218240	272725	130952	169516	134715	230913	202189	281110	248004	241785	247680	159984	172506	928	251541	216580	215509	123655	1553	708	261653	122432	327488	122735	137822	198979	171203	82660	100393	172433	130247	246427	175372	252734	215109	270579	202652	354046	96071	106172	169884	217997	243697	240964	140294	233995	157625	190575	236461	119286	217904	152795	231831	220688	191177	216441	189053	281324	313191	176158	139781	140872	137294	189604	178717	242725	203837	162949	133592	204629	163329	273	287795	141686	280671	319089	272167	284831	239561	199243	207447	154281	294763	273716	224782	280231	294188	265569	257454	256926	318929	258579	178239	227066	256861	146511	304131	294360	207846	295846	301132	171560	265322	176332	220748	219526	1552	267928	449	465	802
220.15488_5.203	171549	1547	397	133372	176061	148950	133846	168912	219602	240647	2149	201452	370567	423	215926	135270	186195	268534	166271	221245	86244	159383	138294	203176	138746	219105	200173	175507	180597	156681	174827	173046	236288	173988	220247	98352	134684	350883	967	154075	1248	136422	182704	204310	187448	169048	615	113282	162876	2055	113386	132075	147085	109812	155764	77011	116024	117007	131070	151015	135034	119063	126001	84939	177964	101312	133835	188625	118646	141539	111789	319796	775	126596	272174	285541	146256	128003	121043	175336	163662	124275	110378	81914	311	154902	62894	137369	132215	90188	164080	58225	70455	126605	137856	111542	112469	292582	698	137260	101401	160882	135305	187525	108885	104478	139385	76641	86505	158361	122405	121704	144962	135873	130195	94690	131658	143002	141693	116572	132254	166977	136337	87109	98800	163842	163934	175722	64398	99885	105323	126488	1020	114091	177504	75656	132654	149408	77408	90223	169358	126447	127408	177988	110330	89437	145589	255800	752	130823	184357	156823	73270	154872	191548	104118	124770	129234	146711	117624	118567	189930	109246	137029	161602	177947	164948	113562	114643	137757	141166	126379	194512	141766	167887	138798	206129	152929	0	161103	120911	147503	102454	121680	155170	146989	108818	89916	118464	708521	5299	846725	591644	730716	812387	733920	566535	708230	371158	813512	594883	974579	640172	1045138	1078339	972757	752760	925910	866901	1057515	740544	864509	1174218	849686	949137	1362935	901268	718488	1222516	952956	828091	1126069	1072977	671042	691630	760377	1033392	1012729	712383	725660	1204518	821055	920312	709497	1188028	974784	758029	586147	728989	840953	3787	661601	722305	946082	880704	1020856	1053749	965614	827808	1140338	545243	782760	547557	939453	753804	707281	997100	330584	916650	964160	1127737	598031	63785	14904	32295	25311	13032	17309	14054	10678	19499	10937	24380	10073	11155	8942	18497	10859	18505	26566	18549	14073	24138	14074	433	13607	11725	9963	4430	1590	1565	22298	6489	28706	4146	6000	6240	8597	6743	12173	7586	5521	11906	14542	6840	15268	18084	9533	17865	7580	7226	12590	9125	8128	15936	10558	15112	10107	11715	9049	11800	10744	10626	9952	12494	8238	10928	7426	8008	19544	6645	8348	10612	6733	9173	7920	14119	9725	5879	5967	11470	10478	233	15576	4921	11273	16431	12544	9212	12258	9220	9449	4854	11323	8705	6594	8741	10491	14379	12722	11963	11406	7762	7031	10340	11427	5217	15240	13328	7820	11307	15024	9204	9640	11176	15984	9833	1933	9774	1161	2834	1538
220.15488_5.203	171549	1547	397	133372	176061	148950	133846	168912	219602	240647	2149	201452	370567	423	215926	135270	186195	268534	166271	221245	86244	159383	138294	203176	138746	219105	200173	175507	180597	156681	174827	173046	236288	173988	220247	98352	134684	350883	967	154075	1248	136422	182704	204310	187448	169048	615	113282	162876	2055	113386	132075	147085	109812	155764	77011	116024	117007	131070	151015	135034	119063	126001	84939	177964	101312	133835	188625	118646	141539	111789	319796	775	126596	272174	285541	146256	128003	121043	175336	163662	124275	110378	81914	311	154902	62894	137369	132215	90188	164080	58225	70455	126605	137856	111542	112469	292582	698	137260	101401	160882	135305	187525	108885	104478	139385	76641	86505	158361	122405	121704	144962	135873	130195	94690	131658	143002	141693	116572	132254	166977	136337	87109	98800	163842	163934	175722	64398	99885	105323	126488	1020	114091	177504	75656	132654	149408	77408	90223	169358	126447	127408	177988	110330	89437	145589	255800	752	130823	184357	156823	73270	154872	191548	104118	124770	129234	146711	117624	118567	189930	109246	137029	161602	177947	164948	113562	114643	137757	141166	126379	194512	141766	167887	138798	206129	152929	0	161103	120911	147503	102454	121680	155170	146989	108818	89916	118464	708521	5299	846725	591644	730716	812387	733920	566535	708230	371158	813512	594883	974579	640172	1045138	1078339	972757	752760	925910	866901	1057515	740544	864509	1174218	849686	949137	1362935	901268	718488	1222516	952956	828091	1126069	1072977	671042	691630	760377	1033392	1012729	712383	725660	1204518	821055	920312	709497	1188028	974784	758029	586147	728989	840953	3787	661601	722305	946082	880704	1020856	1053749	965614	827808	1140338	545243	782760	547557	939453	753804	707281	997100	330584	916650	964160	1127737	598031	267521	191729	181912	289891	240256	219403	219397	195658	125867	218240	272725	130952	169516	134715	230913	202189	281110	248004	241785	247680	159984	172506	928	251541	216580	215509	123655	1553	708	261653	122432	327488	122735	137822	198979	171203	82660	100393	172433	130247	246427	175372	252734	215109	270579	202652	354046	96071	106172	169884	217997	243697	240964	140294	233995	157625	190575	236461	119286	217904	152795	231831	220688	191177	216441	189053	281324	313191	176158	139781	140872	137294	189604	178717	242725	203837	162949	133592	204629	163329	273	287795	141686	280671	319089	272167	284831	239561	199243	207447	154281	294763	273716	224782	280231	294188	265569	257454	256926	318929	258579	178239	227066	256861	146511	304131	294360	207846	295846	301132	171560	265322	176332	220748	219526	1552	267928	449	465	802
221.09467_3.743	20522	141	400	23348	22729	24292	24492	24637	25026	25606	28436	28193	19591	0	29470	31473	29922	28309	31331	32246	36421	35063	32580	34310	33696	35746	36531	36307	39683	36264	36962	36176	39855	39024	41498	40056	42058	32197	361	45426	45163	41762	41161	45274	43427	42448	44630	46795	42697	42308	48516	46262	40975	45805	44165	51837	45636	47130	47090	45038	47274	47000	45983	52716	49997	48614	47408	48767	52588	49956	53292	37375	161	53069	45939	47589	47191	44564	46436	46458	49290	56002	49276	48507	45858	51240	49804	55226	58057	51802	50276	51181	49408	52197	17820	47660	48176	39353	179	56106	52602	47793	50911	50017	56052	58185	59576	50221	56177	52741	50611	53671	54034	53632	55300	56136	50517	47372	50774	54809	49156	50834	50781	52933	52324	54209	51206	48187	56395	55087	58447	54751	56907	49366	50014	51529	52661	52720	55838	54520	56598	57192	52449	44590	56215	62513	58118	40588	16	55077	53772	50196	51075	57049	52451	48265	53035	55852	56506	58801	46311	47631	55486	57105	53699	55794	60250	52777	58579	41347	53728	51621	60654	59197	46371	47288	50764	54867	47766	49017	59858	50361	56964	59231	44705	55146	64885	58727	59508	60177	736	63152	54505	53675	59296	48834	63781	47947	57722	54692	48104	50444	54494	52698	46771	44071	60888	61868	46642	50849	52445	43300	53909	50712	52357	62903	57232	47823	52214	61568	42650	43130	45738	53087	55235	55807	52075	48416	59420	48316	55435	52875	61178	60095	53644	38870	50826	59631	54585	64481	150	52251	55321	62933	59882	54535	58184	63050	55552	55232	60837	56233	43695	51238	51667	49409	54036	66492	69874	56537	58980	66246	41344	39055	57195	42715	37399	32748	41950	40903	50018	38159	45283	27818	35421	46940	42843	39982	42425	40693	48601	44248	59861	57178	0	60802	46079	44165	36169	49284	49054	55591	63570	41716	37140	42046	52393	51458	59783	66011	56961	49173	34995	58872	35189	38247	43105	43536	35399	48576	53780	60034	49734	32997	35591	61226	42597	49999	54995	47465	65691	27467	61364	34797	55132	48871	51782	43401	42078	52067	51711	58367	64934	49276	52732	50411	42169	42645	45004	38440	47859	55764	0	52154	44239	35797	49698	44963	42044	48543	49656	45031	42391	32817	30219	28996	43541	43228	47270	32024	34519	36838	30591	44571	41548	36274	32202	43314	44769	41411	44934	36365	48627	33047	41756	38729	40771	31453	35683	119	0	0
204.10287_5.024	3342	246	672	2168	2009	4720	287	2277	1739	1345	1124	3024	2711	762	2289	1336	3934	4244	3108	2037	1529	1307	5148	5193	2859	4215	2832	3612	2218	1792	4221	8708	3523	2393	4990	6710	6515	1995	349	2162	1986	1549	1710	2126	3297	5092	4568	1959	1427	2207	3809	2606	6817	2842	3766	4126	1736	1985	1676	3046	1362	1168	1319	3610	655	3684	2645	1605	1115	4406	2953	3571	363	1823	7468	6001	1840	3069	3570	1396	2043	1939	2907	1222	4031	2076	8543	1715	2314	731	3296	725	2810	2350	2479	4263	4867	1469	565	1343	1637	1825	8109	2852	2890	1131	3311	2151	1599	2724	4119	3471	1932	1788	3545	3711	2829	6348	4301	1685	3350	1561	1984	3206	1974	1992	5166	4288	1595	4506	2205	4159	1935	2474	2439	3732	6658	3244	3790	2109	8479	2965	3620	3909	6162	2257	1916	2143	217	3177	1926	2156	2708	1253	2944	2139	2295	4151	1679	2240	2496	3644	2304	2988	2357	2897	2956	2612	3584	2474	8710	5852	3054	1416	2048	4878	3228	2801	3904	3123	2131	3221	9455	2216	3054	3298	2858	3651	2500	10822	377	17238	7041	9200	9121	8430	20252	9458	13908	19037	10014	2966	6346	10127	10076	7608	4856	18056	16328	15938	9714	5404	7833	16878	11512	6186	19905	5327	14619	10732	3844	14009	9273	4209	6431	16129	16844	10141	4911	5376	18061	8664	5974	13623	14473	11018	7273	5832	22477	8088	750	9675	5273	7275	7374	13966	8290	6653	4324	10539	13179	16789	10777	6217	16810	5378	10470	9124	9237	14445	8750	7080	NA	NA	NA	NA	NA	NA	NA	NA	NA	NA	NA	NA	NA	NA	NA	NA	NA	NA	NA	NA	NA	NA	NA	NA	NA	NA	NA	NA	NA	NA	NA	NA	NA	NA	NA	NA	NA	NA	NA	NA	NA	NA	NA	NA	NA	NA	NA	NA	NA	NA	NA	NA	NA	NA	NA	NA	NA	NA	NA	NA	NA	NA	NA	NA	NA	NA	NA	NA	NA	NA	NA	NA	NA	NA	NA	NA	NA	NA	NA	NA	NA	NA	NA	NA	NA	NA	NA	NA	NA	NA	NA	NA	NA	NA	NA	NA	NA	NA	NA	NA	NA	NA	NA	NA	NA	NA	NA	NA	NA	NA	NA	NA	NA	NA	NA	NA	NA	NA	NA	NA
204.09985_5.429	3024	760	1203	676	936	1601	563	1886	1748	541	521	925	828	1550	1637	3296	720	260	804	516	302	1579	3667	1547	984	467	1242	440	692	253	840	1521	2304	711	562	464	618	1403	1322	462	3921	758	1479	1754	1007	553	4024	1249	1096	4635	680	1251	521	1119	1593	4183	1280	884	2080	2155	1588	2273	711	1136	1029	1220	1942	1220	620	2906	1345	399	223	1014	270	204	1607	1122	1669	1966	1607	1379	820	1078	4421	1254	1631	768	2307	1144	1714	340	4059	1024	1028	831	595	1415	297	958	1332	1284	1336	1312	495	1142	1967	2959	1533	1002	631	1390	590	1630	1129	1699	1969	2027	842	1741	1056	923	3247	1422	1911	205	824	465	1059	1095	1993	957	2750	1394	1554	3487	548	454	924	684	1235	2280	2774	1131	3786	1405	1413	1497	677	1812	1887	1663	3099	1141	804	1475	685	722	1734	1109	1968	376	1414	1393	1264	1600	841	223	1493	1088	790	1218	984	1638	635	207	488	579	242	612	1344	846	896	741	1908	1145	729	1777	2510	8420	7	9983	14889	6709	12138	12001	4004	7183	22649	7845	6790	4737	7900	2700	1828	1190	8215	6393	17508	12240	7353	10691	8235	16591	16400	5715	6769	11898	7213	13069	9444	9012	6088	12636	6741	3434	14827	7595	7658	17463	7362	15670	6711	14832	10307	6790	7608	8137	10611	10559	998	16889	3123	5836	3549	13842	13399	4263	9047	1519	26120	7387	15380	1112	18459	9646	6159	7349	7475	3533	5445	5246	NA	NA	NA	NA	NA	NA	NA	NA	NA	NA	NA	NA	NA	NA	NA	NA	NA	NA	NA	NA	NA	NA	NA	NA	NA	NA	NA	NA	NA	NA	NA	NA	NA	NA	NA	NA	NA	NA	NA	NA	NA	NA	NA	NA	NA	NA	NA	NA	NA	NA	NA	NA	NA	NA	NA	NA	NA	NA	NA	NA	NA	NA	NA	NA	NA	NA	NA	NA	NA	NA	NA	NA	NA	NA	NA	NA	NA	NA	NA	NA	NA	NA	NA	NA	NA	NA	NA	NA	NA	NA	NA	NA	NA	NA	NA	NA	NA	NA	NA	NA	NA	NA	NA	NA	NA	NA	NA	NA	NA	NA	NA	NA	NA	NA	NA	NA	NA	NA	NA	NA
204.11888_0.844	1220	0	374	1286939	1026659	1565188	1082948	1273498	1769472	3675356	1957682	1777307	194031	4	2060340	1762948	1420783	1052556	840061	1800786	1498622	2543578	1305708	1675943	737836	1105975	1949727	2217429	1059975	982400	1023944	1580506	1181086	2646399	1209511	2212287	1726843	193357	144	1150954	1477712	747398	1985526	1723526	1815584	1223330	734787	2439908	1809863	1848084	616703	914457	1174807	2370805	1813408	1605644	935766	2368716	1916124	1495252	1050362	1560481	1944408	921793	991503	1381881	976056	1669706	1082573	2013944	2364347	186758	3	1364425	1571423	1376832	1345932	989821	639933	1067900	1244739	617398	800767	1467875	521707	1342270	2334556	1063594	1497053	1580060	1528301	1013235	1783477	671548	1152812	870297	1194912	178188	158	1490326	1509287	1727042	1593978	709910	1317580	1299246	942615	783686	1275161	1807431	1179147	1444392	1735328	1023192	1333146	2679748	1429644	877152	1680826	832172	513424	740179	1657241	919818	1246529	758628	991615	1536419	2250911	1277282	1129102	930812	1530386	656828	1503988	639648	637971	997459	840103	1364031	660566	1377204	1280117	1337183	1752364	1938509	1098305	169933	0	975852	1109274	991310	743813	1235401	1479556	992253	2343385	617961	1173618	955103	1021513	1570052	1161247	875437	832482	990180	1428111	1172416	1566004	1611256	726998	676799	1106519	683971	1167456	1414211	717067	666713	528806	645374	553366	837172	924933	893720	1548480	1160157	1455778	1441441	904371	187460	248	562534	77642	142986	188054	87990	124662	126756	283067	129565	122343	64020	149328	37369	60079	41766	409153	162118	41292	62414	101145	61727	83310	67472	78590	190895	149225	198132	146810	195293	43158	62274	104295	222326	172048	83844	60491	121992	78497	86844	131585	67586	113080	116059	98159	87301	279590	183822	127985	172569	131	153764	154937	75369	57476	67693	131389	145357	214814	188818	178156	97928	43738	81644	119751	88342	175325	153935	144969	47378	111146	174625	1331274	638192	2308426	516828	437091	276891	208366	329645	1279038	255954	459707	266953	287978	499004	444595	308339	151260	171294	126783	196158	1190027	545024	0	319139	183755	196001	139760	279000	449806	882186	302566	98422	295503	220151	271704	299888	717883	733955	224466	395167	137290	997640	40175	89835	71388	131869	62478	371070	1410024	464260	150479	31525	119117	1521353	106566	250665	197850	293603	346900	51847	1173793	51207	179493	169018	352344	78274	26379	93856	76285	414375	588607	86629	109790	61561	65036	51704	83238	361089	212909	368735	0	340973	102896	50634	102139	115933	38501	190980	202038	113824	73024	36224	13302	22860	60165	37818	155109	46764	39666	50976	12517	123317	79065	25684	239761	37569	113432	42376	64354	52995	391845	150182	301716	138874	137161	27480	85601	0	129	0
205.09837_2.901	111683	663	1146	16580072	17313774	18428642	20913050	11775644	21639776	20393698	18768334	19830740	18505458	1468	18098124	16678746	25140756	16107918	24626698	16527366	16830058	20486620	18903478	19244534	21948288	17409806	25066226	26079750	24878956	16882676	28010062	22902228	19415896	17622524	26868354	26092474	18976236	20876544	1087	30111008	16121318	15554525	14248278	20770128	18687956	23653758	14712562	19661894	18020320	25230900	24059722	17370386	28089072	18007720	23459762	19465224	22130458	16084298	19664616	29006694	25255002	20874416	26898504	17538362	15875565	22818434	22195294	17099340	21410240	19592390	27749370	22207782	2822	23986130	19028498	12986368	19957862	20471832	19533088	24765860	26559708	26480092	22861690	24176592	14178754	21518750	33542888	23489988	23426652	22736592	25969704	22434886	18222780	27891370	17413640	19516928	22505036	23145624	1578	25253022	30257210	18348932	21499012	26040082	26760234	28843276	27596930	19529088	23647882	22413110	20738076	27084044	28767076	23426390	27621268	19827122	24619698	24491604	18899710	18477912	25522170	28000854	22092594	28346732	25557606	20202410	21725054	26957400	22692646	17479090	30827416	24875408	30015422	29249756	21108454	24717574	27220238	36135064	23687438	32227132	30601108	23227342	22144804	25435776	24404604	29284380	26840908	23360844	1975	21918782	22971114	20336512	22721414	25808530	18653866	27148778	25120402	31668898	29316202	24364142	22438450	17623426	26147942	32835030	24293254	24046392	21705374	22201962	26173340	23649694	23458576	19024100	32072448	31287206	25102340	22595912	20873018	28164218	30489972	24541886	21104028	23553944	28924172	32772978	24370672	27002676	24638678	28798416	28778622	27423718	2104	27878896	28593306	25925580	26990614	29043666	25096930	33215132	24676908	36268784	19819746	22086124	22041526	21416184	22476900	24602552	19877750	34848400	24274922	32079376	25900976	22151242	23327552	27546670	25371408	26847776	28634842	19258734	32989482	33450052	20799886	25246896	27260932	20787144	25739184	24150874	30357086	27681870	21709988	29047270	38008312	29814762	35795824	21287788	37909960	28431426	25671180	25357658	28733580	28300604	846	27467336	21311124	34566140	22746672	30882054	32095700	26813894	21369234	21122446	27535456	27155826	31463238	20055710	22100260	24558490	25271358	23223612	43816788	24785412	38475184	22767704	41721644	24304524	26202668	35608728	28013070	26425350	25445480	19259140	31172320	26672258	26342070	24843604	25313900	31672614	25802278	29563096	27680720	26642710	25157942	36933504	33159996	27313402	2091	30373734	29535806	29925316	30676852	26591032	37404276	37603516	28865930	28675454	26440056	27776716	28684528	23762392	23916902	25027360	30557766	23495932	33038550	22280770	23843812	30260234	35550976	32948070	32646482	30847244	29076156	27957306	26217766	25599202	32865162	24659560	30148840	32113980	23881072	31758166	18645828	25336966	23502332	29357046	25726400	35097520	25543848	32142870	33171680	32553370	36232048	30045312	29063188	30515408	29557802	33912032	32233170	21812398	32053008	28224588	27784220	26762078	2010	31593162	26371562	21923170	32204104	30951314	29068770	36870328	31025598	34354184	33313362	22133856	28065698	26795502	26471076	32352784	30136992	27117412	27825136	20741814	26239492	22848086	21216224	28804176	29247236	37560476	26009398	26453502	26952146	23646290	25347484	24442776	25601786	25420936	19611468	16001752	17348122	2733	161	778
206.03792_3.291	37	491	115	4215	7198	8756	5307	10515	6519	2851	3508	5295	6846	4	3701	4940	8750	4917	35246	2764	12764	3059	1316	4480	6656	5237	3055	2402	8242	6591	6041	9645	4763	7501	6422	8061	16230	6250	547	7038	4889	7040	5156	6904	10457	11786	5142	6700	13978	6474	5473	9045	8108	5764	9476	4432	8934	3067	6020	4218	3602	30525	3574	4021	10236	4065	2829	3815	1641	1384	5059	4387	0	1955	3645	2425	14138	7621	6259	6317	11292	4726	5680	3045	6159	3916	11711	829	6121	8825	8779	10469	966	3018	4949	6388	5866	6639	222	3965	953	3252	5789	14787	3174	3245	17014	5215	4099	4295	6295	5883	2576	2872	9309	4479	4075	22270	3463	5594	6771	5352	8541	6292	7497	7348	4345	10138	2218	6165	2211	7708	3490	13843	20525	15136	14802	3599	7680	19715	3829	6415	10584	10722	8588	6073	5021	5679	471	6556	8101	25234	9782	4111	3880	12359	8182	8746	1835	7762	1832	4746	8717	5477	1689	4603	12452	2493	8526	8357	7012	8400	11088	9041	2307	5790	6626	9922	10127	5757	8081	5518	13935	4380	18052	1201	6213	7319	4596	7124	577	13075	4704	2096	10437	31736	5643	4945	4747	3451	529	999	5942	8127	9902	15317	3672	5254	10395	10256	2359	3296	8537	6191	5209	7280	11576	5140	4807	14651	11964	6483	4195	4692	2372	3643	9750	3109	4059	7552	14380	23169	7287	4212	3396	4741	1131	4453	12096	7013	34	2678	5829	11904	5443	10218	6007	9467	1455	5992	7023	8658	4679	6783	8253	12112	8109	1323	5628	2988	19836	6445	35106	7109	12823	11813	1529	6840	4141	15805	7164	7357	6197	10096	5490	2638	3654	11764	10157	9302	3278	12450	4665	8505	967	2791	25941	3174	7574	2470	7642	7936	6193	6804	6205	5168	7393	28298	8389	7569	7685	2518	5657	4424	6298	9901	7147	5464	6276	6221	2765	1304	4964	10873	4630	3125	2553	11597	4949	4027	2899	9930	2919	15781	1843	6057	5905	4693	4365	15035	17483	1856	2305	10261	1131	11172	29939	3552	7636	5068	8575	8896	494	5196	4253	9975	4293	6118	10283	8055	4145	5324	4716	9168	5883	9347	3083	12018	10432	8788	15365	8270	5834	9397	13716	805	4926	16741	7686	3523	552	10057	12274	7858	23723	9120	9523	15200	25982	647	432	142
206.0815_4.264	1850	160	342	4087	8793	7051	7370	26696	9725	1711	1271	4086	13025	393	1766	3796	13323	25532	7619	6004	2442	17542	15463	12201	4168	6541	10067	12446	5149	22957	4416	11794	9028	18067	4134	15857	7450	17470	766	8134	14344	18794	57516	23391	34203	4810	3142	10048	41800	11796	20590	10815	8423	15746	14670	2895	10667	9250	23081	13605	13555	13828	14523	8868	11487	7689	7204	12537	4917	3223	13055	12845	729	2997	12211	9525	2337	3935	15823	10613	13417	6914	14566	1367	13876	6340	28112	3821	18133	36669	16010	4117	9005	2022	3023	3834	7407	14600	155	8252	5539	12218	8947	16000	3808	4358	3706	11650	7586	12844	20640	13432	9415	2229	1514	18412	12148	25563	14635	17085	8687	2921	17056	16019	9223	35461	5453	15176	10777	32582	1946	20468	5325	12245	17513	6365	16272	2893	17320	7443	15912	1450	24001	10964	6307	3066	5399	12862	286	13239	16787	11107	11966	3563	15166	13543	17562	11500	6117	13023	7835	12651	19073	2752	6737	5199	12622	22299	13319	15446	12930	12151	21032	7494	9877	9347	30881	19795	16700	6750	4916	10447	21024	2273	16848	8238	10714	10328	12109	37661	1967	77405	24321	3641	79185	39318	6689	19535	59289	28805	5950	4628	41943	4271	53041	52265	22879	27975	114787	87150	19995	71307	58820	57378	53729	60600	57249	78820	30945	35866	114884	51584	25553	79629	484	583	60091	44018	47753	60959	48761	41998	12176	38410	20912	33251	3267	25914	63753	31261	1735	24248	8069	21331	8771	61116	20506	74360	1621	46234	76182	44560	19442	86594	64321	66161	47420	9701	2104	238	11204	31138	NA	NA	NA	NA	NA	NA	NA	NA	NA	NA	NA	NA	NA	NA	NA	NA	NA	NA	NA	NA	NA	NA	NA	NA	NA	NA	NA	NA	NA	NA	NA	NA	NA	NA	NA	NA	NA	NA	NA	NA	NA	NA	NA	NA	NA	NA	NA	NA	NA	NA	NA	NA	NA	NA	NA	NA	NA	NA	NA	NA	NA	NA	NA	NA	NA	NA	NA	NA	NA	NA	NA	NA	NA	NA	NA	NA	NA	NA	NA	NA	NA	NA	NA	NA	NA	NA	NA	NA	NA	NA	NA	NA	NA	NA	NA	NA	NA	NA	NA	NA	NA	NA	NA	NA	NA	NA	NA	NA	NA	NA	NA	NA	NA	NA	NA	NA	NA	NA	NA	NA
206.08131_4.041	40290	213	665	39294	28554	42084	58398	35028	89592	48978	47272	37595	51085	205	30374	47262	54372	47875	65103	32707	33423	30380	34145	55576	74224	32334	57531	55441	59267	51193	64150	69124	50014	64817	60485	92459	39696	51765	129	62525	40699	36871	32369	59973	39395	73618	39091	53610	30838	59447	52474	36189	101283	59191	84143	38271	35001	26582	36522	78383	58206	39728	58854	37231	27666	39780	55172	32629	45090	41067	48050	50175	368	55482	27533	30165	37779	70345	48277	94315	96046	52867	36659	31196	35387	40519	88110	52429	65009	44045	49711	30872	38571	46219	27843	82120	51729	51638	574	32984	44539	30751	40877	59970	34269	54787	44247	47889	27051	41148	48993	58752	57125	48439	48156	47483	44576	55840	47501	41992	64765	64201	46936	65309	58612	36380	37563	66065	42144	37946	56395	41273	64353	47798	56162	42532	66479	62054	54519	54074	59661	62109	49416	80646	62149	51259	43655	49100	378	47262	51375	44321	46322	29288	34549	54552	87891	67365	57976	57213	38472	40086	65715	86595	39460	36680	51525	43664	48561	50448	52400	42118	75268	60974	35561	35595	48726	36988	61964	34861	33614	54204	61613	55419	70123	36797	38336	70981	43962	190026	599	197011	186638	149442	351700	212144	157552	206480	137126	265712	116035	59475	145699	81545	146238	145763	316068	228590	207413	282836	92171	86824	283642	215284	126763	186394	173817	84625	208868	284035	126343	296284	120771	83927	131494	156805	290913	123929	138200	176917	247487	182486	385528	100488	267125	181117	308173	165253	162236	196581	1717	197072	76661	327016	174291	250392	330252	91199	228049	116818	255409	166710	226057	99049	142158	161984	235345	101011	413647	168414	322154	79482	110853	23872	58313	56251	26737	45145	31615	46059	60984	60589	67681	38582	26940	99474	32261	67331	35825	51708	29832	57445	50110	42019	353	42482	43928	42836	61394	30395	43616	45304	44726	44782	32333	65822	84517	37648	46441	46290	72923	22398	58591	28671	49151	37583	81723	84628	50202	42647	31663	21556	50613	49415	57878	31060	37821	35951	37443	35049	40190	50337	28059	42016	30634	37966	33411	29580	50796	60195	55355	24362	23873	29119	41317	45808	35887	39155	35381	34689	31523	37161	218	37830	45489	28585	46134	36338	60081	97154	42147	36082	30319	35121	56934	47231	37938	43552	66794	47680	48413	32293	43229	32058	38441	26186	28034	55199	75106	39087	37951	34640	37063	31386	45913	42189	36664	33584	35186	263	364	300
209.09236_2.266	1624	383	589	303382	234081	258959	255571	249343	314311	257607	228111	261132	322328	409	208401	220739	263900	237261	331417	358264	239553	276836	336208	386897	494350	313520	373576	403597	427877	328649	371920	515000	376602	247431	366384	664769	267125	315912	502	401339	319870	236265	215676	344776	329202	454550	211210	276319	289629	288149	360718	307703	684399	259106	405004	269093	301282	201610	288194	379566	351485	390754	296939	327832	305572	260284	253863	330669	262468	317083	286380	328788	183	289896	408529	322712	323606	445798	302106	372921	431470	411772	349125	311351	204616	345213	634630	294268	371365	339034	426652	276523	282064	440212	344382	486227	271931	340176	214	244564	466506	345975	392103	380242	371828	445693	386707	423254	186010	287770	296229	498342	421124	395399	351810	264314	308442	453803	253983	209973	461091	343666	305292	405669	392745	240184	293341	395052	330065	198304	332951	498661	501291	375487	420785	338814	343198	383805	384911	464583	401535	300274	291762	348376	319258	444020	362467	353219	522	347240	386607	394337	340039	229402	337362	482075	345446	479660	360243	389938	280711	326118	396554	468896	281047	278378	320554	241348	391608	336745	409595	351419	357514	367583	428261	344141	388001	255004	505876	310970	324027	384005	374536	338740	286404	322680	339599	441442	355192	448588	427	388249	414145	391931	557157	533115	391845	607348	439251	637107	276300	281507	465165	325833	337545	367035	327695	589120	480416	518543	246164	287536	470680	582554	405265	557600	327972	268780	568468	516392	283023	467412	336117	265240	376922	348999	543346	333051	412097	458052	593000	426746	566201	337035	738719	504776	442693	455468	344410	427412	1393	389758	279660	579446	393304	553545	542027	262285	484808	308821	594447	346028	589664	533613	363967	442439	424593	261244	672794	380054	642590	223957	801066	258211	418330	608692	451827	608279	358643	507437	480237	429911	523094	547513	399668	641795	363125	456205	353701	373782	397466	758960	706209	413717	505	358315	370248	479246	494320	571690	462047	599756	494760	466256	341396	365061	401389	455029	479367	492138	500908	464126	398590	392154	393891	524074	438174	411820	508890	417094	435493	351383	363056	334417	435266	444896	421184	472402	417435	437278	240544	398149	406019	424759	516483	481848	449464	634252	497162	424864	625237	357358	320607	414614	347089	506277	428092	464516	432740	447040	580693	387611	582	447478	472818	297329	459685	497904	391798	459571	376697	553080	397283	361512	308068	346900	300157	465645	373732	484036	411922	341318	323489	338344	326450	341480	442588	614612	366710	327180	317590	338032	293953	365970	306664	633601	514737	433498	415954	164	356	563
217.17926_5.675	40669	10544	37288	5260	7731	55272	13899	9822	24959	25740	25857	12504	27251	33347	13613	4903	4915	11478	13253	13777	33996	29105	7881	8775	32065	18086	19155	13623	40342	40161	14627	35796	11209	7019	44108	37141	19677	7484	28906	6849	17899	33063	10693	44153	28333	49137	14080	16846	9838	24196	8661	13676	14051	19734	1072	12018	53484	16310	1564	33040	46610	19087	32697	27589	44550	47566	52381	8239	57330	18487	36902	39988	27657	15546	6100	13404	40798	42397	8477	11456	13259	25461	17863	24914	22591	5028	9134	21283	18350	37283	39158	23586	48719	9968	33536	23214	20830	31566	27538	10835	8365	9691	22841	51414	10632	30339	45188	29281	25378	7107	5356	27804	23865	15985	37994	16773	36848	34190	28323	65711	28290	12351	30120	30964	15653	12213	13604	10457	13437	18647	30860	9601	16209	27619	13745	33682	4137	8997	45946	14294	9064	17090	13105	16532	12558	24462	14524	41943	37670	9264	6013	23122	22911	6933	41003	3875	18567	65264	46843	27293	7734	23780	24222	21474	23964	46049	33774	46927	28608	11207	26105	8866	26245	12663	22147	14753	27540	7483	9276	11913	37024	18393	13600	26734	7855	15539	12673	26672	12650	74131	57295	51562	33214	88462	53739	86098	103814	67341	61017	103686	61965	49692	43157	48611	52057	27633	46256	25124	36837	40318	43865	58189	72828	31462	66894	46465	57702	36378	27587	61691	44587	47718	60497	57778	40553	42791	59796	42159	34503	48267	37747	40531	53291	24282	22271	30207	38707	60134	51042	53525	27439	41823	37784	63271	55277	47046	35647	40636	79117	89189	30191	35513	58768	22476	31452	50542	53877	42603	96988	64509	48803	44691	11124	9085	20706	21809	14507	3369	27317	127481	50040	62510	58924	121769	108296	195949	13716	22989	13142	58460	7957	69043	32205	14115	18317	16817	8321	26357	160246	64805	8740	12293	44837	66890	35847	159202	137472	53497	51481	47939	30806	25386	59150	44106	16746	38475	22840	27514	61142	83453	29193	14663	14942	51542	16738	36616	11114	38501	24706	33901	40327	147145	24859	6235	29289	105767	17190	19458	37696	33113	9097	45918	123832	23606	26957	61932	47702	47152	27511	27007	20127	86012	58785	23585	3740	137684	18891	9608	43380	84160	69004	103080	54910	10941	22798	21847	13484	10772	13462	90998	120662	12287	140096	12505	22342	39126	13656	48932	91289	128078	20533	12904	17742	26682	9122	151573	8458	92465	64474	50176	58955	5239
218.13974_1.786	334	469	294	403850	268883	445199	593637	506870	571603	688630	834511	699504	196934	118	589908	403680	1062868	376417	752413	353689	284932	301098	231502	501904	597213	675809	442869	449013	300145	388257	807653	507397	365146	497969	738870	469236	385567	184687	112	876262	369073	372091	332565	448021	350087	591981	513613	552655	254767	917893	261723	610486	555239	433702	624846	399905	373282	278633	350925	471787	452202	382825	567579	410338	419542	708949	550856	356110	438139	271980	876478	175627	0	839166	384294	359698	371828	579910	541200	458447	598993	283668	372094	685794	441356	422493	672449	769838	431520	435745	436086	312196	338569	249304	338676	716360	719023	190871	552	343489	457892	335886	355070	303794	478092	295512	455465	434879	322282	295040	504899	359798	430980	364404	411364	333637	542421	544887	443759	347361	321585	356232	342575	556657	495423	218178	305642	600767	318740	250474	455086	310184	303338	512951	434018	598448	425846	576293	338144	373156	454753	319836	362490	644335	422254	671390	368860	182647	396	511169	537888	304358	370197	341799	249152	552502	467896	292566	554204	483710	246697	350749	623739	622730	494036	736426	348541	297768	454370	382000	368178	438919	251427	551163	285384	355323	375527	563156	345281	576590	520076	331408	359978	495919	699710	262152	334294	442381	702494	184536	502	346635	274951	97735	128179	170154	132372	209646	147628	121782	70630	130604	240736	143431	94970	94346	101269	188855	66178	103584	159849	102284	69088	121245	87584	235871	238573	101544	202476	306648	97915	115883	97392	121672	96982	92144	118092	75642	148895	119856	230346	142691	220560	102534	158574	114775	197695	226536	197859	177595	168	244409	148184	210279	98613	118716	228346	225736	111666	154742	204466	218636	185402	85560	115187	124573	169188	164051	315543	115983	281803	152627	894592	278655	418592	442398	281060	229155	348904	241785	776877	214920	245946	248113	169005	173856	176378	328725	251632	243030	104930	356345	394939	307236	105	224381	237692	242334	170443	256406	268564	418473	216267	203958	384006	216764	247149	280486	283727	364157	348886	242785	135479	193754	129694	200835	231062	128901	142816	391490	455258	213750	182010	109388	135842	345105	186560	243797	178113	244389	182978	138034	278715	120392	281043	227340	261041	157244	126903	226115	174540	174490	292057	218153	134702	154987	153018	96329	148076	393862	210221	259540	257	267869	153476	114013	207050	190733	95460	250694	242916	162917	147538	112519	58437	76506	117028	138486	380137	93636	123074	120806	80371	220164	161319	67529	312916	144002	178746	107153	114017	193792	167220	156319	223874	183886	187151	81661	84658	79	721	125
221.09398_1.882	504	686	260	25819	27342	28806	21490	26521	29014	30932	29125	23155	28223	215	25500	26559	29296	29728	25937	34301	23568	28332	31377	29178	39746	24603	39434	39781	45073	33253	31144	81320	38295	29625	31748	84748	22578	31430	277	32159	39872	22990	28469	31765	37530	48271	24806	29708	31469	26972	37177	27897	82634	28136	31157	28825	30760	26353	29063	33264	25947	32932	32192	29590	30276	25456	24004	28556	31831	33367	29721	31179	181	30798	28539	27332	27969	40660	26677	36111	32936	44086	34008	30040	22520	29265	78062	28462	33491	39427	28458	23574	30850	39129	36828	50427	35226	34831	0	27171	41214	41775	35832	38278	27343	40367	32694	35446	23101	30933	26758	43598	39958	28655	29561	35012	33966	40206	24438	28432	36452	27741	32461	45732	36686	28444	29728	32230	36147	28196	29901	48258	49108	38918	48038	33949	42599	29981	41688	49586	51180	36778	31421	39767	32458	45192	39318	32597	106	34408	34283	49230	40039	27518	43028	37239	39124	44735	30706	30138	35922	35147	41447	47220	31884	31748	28613	30585	39631	33072	41321	32648	54586	32014	52869	34459	45538	30895	48026	32041	35705	36247	43924	30339	38901	34942	42518	36783	31619	42687	0	48523	39690	37141	52741	50267	47713	54511	53966	55325	34850	32101	41240	34242	50082	47307	59906	55765	51977	51003	28326	42764	52243	10355	51556	42102	38556	46115	53571	52148	41545	51653	42669	46704	39525	43391	51612	39850	31694	48711	66917	46666	49199	43568	61691	58353	61607	43555	40917	43687	195	44155	31253	50703	40545	46514	44734	33955	60207	29288	54535	38639	43618	54432	47164	58341	10920	27123	49809	46431	48893	23703	46753	21426	35750	43687	31745	41336	31905	39804	32905	30824	38470	41435	31648	34377	29533	33732	25062	30168	29308	39010	44590	31914	0	31809	30350	35850	41084	42231	36021	48121	39345	34279	30537	33481	35174	40437	36313	51407	33962	39113	40638	41339	29211	36980	33786	35888	43559	35084	38686	31807	36366	30648	49395	42904	39992	30344	41251	44273	22263	33071	37748	40741	44228	32570	42992	47284	46983	34821	43298	37939	37782	43269	32684	38851	31289	41242	39256	45952	47609	40671	122	43288	43772	31689	38880	47784	33490	24767	41023	37582	33221	38085	34184	34333	32348	37122	39994	60136	39168	31902	35540	42049	37227	35448	39299	43190	40807	38147	30104	44740	32425	36754	32887	55661	46726	43918	50906	91	0	139
224.09091_3.091	2022	982	290	935	1413	1834	529	2121	602	2433	1054	1201	2747	642	2409	1236	981	340	1010	350	1153	912	3124	4484	1459	1172	13565	19474	415	1760	1277	864	1541	2855	1710	404	3865	4172	1806	1902	778	934	1924	1400	4477	820	739	1092	2378	2694	1074	665	1787	1815	2498	1104	976	641	1226	1279	1080	1637	3104	271	527	2322	2589	3081	1332	1332	1027	2266	654	2065	1615	1347	3112	592	874	1853	561	1566	756	1781	1795	1128	994	1727	1754	969	10647	2259	360	1679	11786	5459	927	3136	649	30843	624	49411	2482	2123	3939	1794	3749	701	39012	1268	995	627	252	2557	3384	1423	610	1497	606	937	2559	1519	2730	1585	637	524	421	932	877	1717	2076	6745	1496	9789	1080	5311	1571	3168	1449	2197	1672	1347	2063	663	5108	188	2178	2006	0	646	672	1531	149	24761	53615	1049	931	1650	3959	3129	1222	8845	12728	1987	7648	3513	1955	947	2437	1003	712	1291	1621	884	33592	3758	324	44474	852	5858	1253	178	2364	1847	1970	818	852	2033	1134	5636	1269	2285	1754	296	2297	2678	1493	1399	1282	1839	1837	827	3996	11689	1019	2815	1255	1766	1569	1178	4059	3324	4223	3538	2663	3013	1452	1274	2776	2486	2111	2610	1957	156	1485	18588	2072	1241	1796	2165	2367	1673	1550	1809	10789	1264	699	2100	1229	4190	1600	1488	1576	1613	4822	1632	3072	5996	1541	1120	2798	2896	947	2171	4683	725	18138	2302	1730	23947	1952	8852	1637	9264	2872	1693	10839	2307	862	1090	3644	12623	2079	2262	1875	1036	3014	24392	2179	29641	1171	1595	1938	1636	713	1004	948	768	1750	917	2029	2784	1123	2451	4255	211	1094	1890	1199	777	1504	1584	2133	2128	177	2393	3365	1971	2863	2226	2100	1133	2798	2430	1445	1400	4904	36782	561	1067	661	3141	1945	1856	740	2473	6577	3401	3312	2594	1883	2897	1060	1319	732	1552	1306	634	1993	3663	1829	1919	951	1177	5004	2491	846	1805	2135	253	2633	2390	1960	2151	1699	1859	2564	791	2640	3188	1562	1468	1858	920	2263	1207	1946	769	823	747	1560	3238	2777	4015	237	2199	521	9	2177	694	1286	794
233.12617_3.882	4210	232	384	1116	2259	2767	8138	9011	6117	12138	3046	12411	6357	376	14045	2742	5214	6330	1836	4920	9382	3197	10642	3182	4173	993	5014	4283	1592	5254	2254	4368	3583	9590	2698	3329	15050	7619	445	2698	2534	8785	4774	17112	6235	4374	13470	3397	4623	15243	2630	10948	2596	18617	15594	9730	5679	4861	4555	6446	10399	3131	12138	1982	3482	11828	16191	11035	3509	5502	8613	7872	698	7392	8267	9447	12609	9388	7424	9008	8492	3654	3865	11808	16101	2725	3639	8005	16917	6558	4610	11782	13972	2003	2921	3575	8578	11352	349	2548	8926	4093	17355	13652	10385	15076	21191	14031	719	12805	4412	8984	12674	18112	12587	12274	6993	13815	1122	9216	3973	15382	22700	11619	11806	7555	10619	9624	14977	5877	19770	4014	19680	9501	14773	11203	19171	13632	13875	9349	10717	13605	24546	27223	29146	13156	12778	9127	176	11064	8693	6936	13370	1122	4897	11168	13494	3230	23190	6672	11397	3517	8260	16638	13592	10707	9049	4983	17916	6084	2800	6963	21025	23442	2476	2662	10989	7630	2636	9420	23735	9960	24125	13405	19350	14905	9843	27975	23599	54041	393	87148	60868	36508	80606	54584	21379	19506	67428	14754	34409	19205	49099	12216	6017	6981	237721	30182	59725	122832	17155	55522	150700	53035	84523	54726	33079	39838	34108	119745	48549	84138	59935	52755	28571	14302	172299	56886	94877	71502	44831	75285	131350	112575	27338	19504	211704	62785	25870	58550	612	63381	13143	88178	7140	132158	91406	23587	229794	6599	61836	25073	68634	5130	115535	34861	43604	17584	98862	14272	79487	8856	13139	1618	19800	8954	3090	7152	7828	14286	16357	9645	17506	6156	11414	42332	15329	9416	4699	9650	5058	14091	5956	16582	486	2733	18823	15484	10219	24067	22852	22677	9670	20287	15918	13173	18811	25481	17701	11508	10688	19339	12652	8811	14719	21901	34952	24426	14683	15569	16263	8042	9419	8650	10713	6294	21792	14350	5535	10498	4665	13062	5034	17060	17397	11374	7581	22560	15492	7082	2057	9132	7307	15677	4222	4081	9993	9766	14101	24433	28827	12072	383	7696	10554	15622	9577	15071	7528	31929	3809	11421	10522	15283	11319	9566	3373	3374	34279	14881	20218	12887	7760	14968	20592	6853	15397	3685	12859	4138	2322	14146	6563	17235	10370	2078	2261	4661	1595	182	102	392
240.11446_4.192	0	1208	1202	334	366	1484	736	469	59	0	293	1000	486	264	191	38	0	0	596	34	290	1020	0	4	722	0	294	202	528	401	0	1380	0	377	0	227	34	0	283	482	125	0	160	271	7	362	217	291	0	92	0	637	540	0	510	176	102	253	338	207	1079	28	639	320	594	686	348	0	756	261	480	997	231	240	0	0	501	224	353	277	226	491	445	785	477	727	375	146	0	0	245	0	658	9	461	423	185	1625	132	0	497	421	48612	393	314	492	531	257	0	0	62	226	0	254	217	1074	440	591	0	0	0	740	400	415	483	375	0	0	0	501	506	188	300	674	319	225	525	221	201	0	0	71366	49	532	437	169	8760	183	112	1616	324	0	403	287	541	182	0	0	225	656	284	0	304	398	519	495	0	514	70117	0	0	660	860	72	748	774	0	0	163	148	0	8	0	0	0	556	0	0	491	1934	181	0	166	1073	347	50	162	1288	432	368	390	0	0	697	1361	375	758	99	454	424	775	168	651	0	86	0	1185	679	2938	699	1363	538	1794	1204	925	56	0	0	0	701	14	1719	356	0	0	0	6	237	798	1432	154	1203	176	11	272	969	0	0	224	757	242	213	282	0	0	573	412	433	1258	837	559	198	1237	2201	608	265	2128	1593	289	391	702	443	1802	1482	197	1597	1675	2219	808	1506	3003	2313	655	4242	162	1436	1452	2264	3482	500	1981	1827	351	1032	52215	831	3342	3309	442	778	980	2273	2059	359	1685	997	558	526	1894	2440	2532	1510	617	1264	553	2516	1216	2450	1391	2023	508	960	1549	945	2311	1566	2494	837	2613	1254	1651	1622	2022	5348	2405	2150	8	886	3391	37261	813	4827	0	2770	2390	2526	44	1099	2602	1473	2864	2464	1962	848	1882	3389	677	2533	1605	6020	1952	3039	3796	1729	1810	2002	34674	4643	2664	2751	1867	2897	1808	46734	3572	4930	3042	3930	4584	353	511	131
241.03102_0.771	548	0	159	27002	28303	24952	32760	24873	26424	37409	29585	31406	18148	157	33923	27446	28541	30871	36946	31580	31421	33154	28916	32849	36265	27833	19275	27698	25396	30562	34499	39603	28753	25785	43077	39127	21981	29294	228	39628	28034	42979	49291	27963	26622	38643	36204	24306	30875	35376	25395	41681	31438	43128	27066	25702	43500	29618	32735	23433	32646	32269	34258	30313	22840	25082	36965	31123	27375	32165	24159	17427	0	30997	30058	29686	32794	24348	28230	22628	27453	26216	32654	32480	30737	27720	39232	27448	27978	31677	23706	25951	27313	27999	28286	49600	31881	19473	0	32594	28451	26415	22796	30808	33893	34735	30567	41059	31329	40201	29724	38642	30461	32267	45228	27511	28028	22145	29764	39154	40222	28019	44553	35727	25529	24602	21308	23833	24975	28930	28826	28678	38584	34308	24018	40440	31979	30576	29304	41135	24587	26015	26505	27355	39732	25298	25172	27582	143	23102	24010	38331	24202	27101	25236	30807	26816	27667	31702	26458	27010	28543	32286	34073	25972	25946	27262	29209	33069	23803	44943	26549	36850	30037	31276	24956	35054	28888	25579	29537	42057	43889	19777	33600	22355	25576	23795	26353	25226	19471	136	20678	13423	19649	14390	20546	21764	21272	27655	39595	19384	19274	14739	20892	22633	22992	14197	21865	22899	19071	21480	34234	17315	24063	18807	18128	17531	17526	23758	22526	22775	13761	24640	18185	14233	20426	22484	26353	23716	23705	21882	25375	19836	29807	18859	27533	15615	21588	19092	31878	106	9977	18098	18606	19535	30922	24789	21521	15405	22386	16349	15923	16444	16379	34707	23118	14398	19413	14883	31165	26066	26478	21176	48240	23833	20637	52671	16073	15704	29288	25502	52027	20016	41717	67808	20164	33292	25267	21471	16997	43568	50096	36300	42079	0	20874	20510	36871	39580	47556	30011	33592	31130	13627	23948	45353	23658	48752	26448	25286	25666	41895	30489	25371	37994	23530	36112	17462	30313	21816	23268	27415	38918	33491	15300	38065	12696	37263	18947	32320	31889	32922	42306	26199	20230	41272	47854	36905	14027	36075	33119	27752	28850	27117	15832	16128	38362	27766	38909	36952	36999	22518	0	35644	18844	34958	24192	32706	19554	36636	33016	48114	45145	31199	20278	34293	18433	32639	37453	26631	13052	35421	30411	26569	31663	18419	44636	30877	37292	31261	36890	39029	31405	37021	26681	34880	28338	16684	29135	199	0	0
245.07655_1.648	7487	4729	5103	46171	30794	50670	37858	39484	52274	70680	45917	47744	51691	6758	51888	54409	71808	42412	45736	53545	42688	52560	46782	63813	42294	40274	58525	53021	60176	52604	50548	60120	50249	65058	57092	53918	46766	45033	9594	53890	71783	60560	53233	57242	63976	48339	60528	71065	47811	59641	51333	66656	51809	55783	53039	33186	61268	45644	65692	55295	54984	61824	56929	59510	39016	54193	45839	54770	66626	35841	61223	46037	14346	67850	57580	54528	51024	46761	53163	44184	51450	53795	68160	51119	58861	56233	44299	54473	62924	63517	51625	36670	34221	58613	41413	46369	64746	47235	9492	69499	59467	68683	47998	66066	49802	44705	41122	43339	46735	48720	62791	56334	60072	51170	40202	60139	53097	53129	58743	52890	43434	32434	51081	52882	63678	40085	38262	64112	52706	52545	43930	65709	65030	50910	62800	45108	54232	63444	50649	55963	61007	46750	38750	58922	53258	50678	55489	56955	13100	53016	48326	66257	56370	59269	57956	48823	67550	38020	48877	60964	61074	59196	58955	26031	49541	65219	64212	51905	70849	53657	37074	53235	64496	52886	59901	51984	91875	37831	39370	45794	58465	47686	71195	50340	43160	55781	60863	69205	50070	44347	348	57392	31632	45990	55626	52051	54675	54788	55294	46157	44060	36810	44136	44637	66879	60892	34958	27335	36924	37116	49367	41761	71248	50639	40572	46154	36779	46231	41997	33506	49598	56610	39780	46508	48947	51711	48422	42747	28459	58271	53115	46027	32647	40532	42392	45672	35933	48290	40947	40704	126	36872	39157	33709	46692	39008	42047	39445	34805	65213	41480	39572	26535	52357	46285	61732	39682	43351	23390	47754	34425	26748	40779	44419	39998	60216	52194	51702	52923	42488	58859	41190	56803	49555	42145	33569	44903	53050	52436	51688	46731	46659	39568	49677	3663	45142	47113	44038	50715	52431	40970	60599	26007	48458	35356	39678	41120	50034	30498	65631	70401	53810	50705	39856	35545	45065	33469	29250	53202	42073	37646	55673	39527	45233	67376	49491	52680	43783	58132	54250	38274	50926	39318	48274	41699	49978	44517	37556	49212	59462	62823	55160	63917	51678	44511	52141	31747	35587	49210	55413	50420	43667	2433	42757	40886	56214	49194	49898	66495	34655	55947	46141	46951	56114	44911	64990	44536	54817	42247	59903	51909	57693	39873	47132	51611	63048	50873	60976	32689	43789	46046	50890	43005	49507	59604	56677	40415	40026	49813	7052	2054	3311
245.09581_3.5	981	271	317	656	0	1047	1087	1144	831	1030	389	908	1052	0	540	1284	0	2817	1353	608	1264	367	403	0	1076	0	1272	477	1107	0	343	1350	0	0	478	1753	0	1406	0	536	1473	0	435	377	0	522	391	393	564	0	453	937	525	658	0	0	0	0	460	464	939	966	0	0	0	0	920	0	942	373	542	848	347	425	0	0	328	0	0	0	392	0	0	1318	0	773	1301	0	0	0	434	0	725	418	353	672	1264	1725	0	0	0	0	990	807	0	793	303	0	579	0	508	0	0	1102	0	0	613	535	647	522	0	685	58956	3226	337	980	0	0	594	1832	801	0	0	0	0	0	920	451	454	0	25452	637	73026	926	6511	0	438	1851	0	0	0	649	0	559	0	0	19	0	0	0	0	0	599	461	0	591	415	369	0	0	0	1225	0	0	0	477	454	0	500	0	0	1266	1057	0	704	0	0	92550	565	2940	755	1230	703	574	1109	1363	934	3457	915	4979	1319	522	1155	511	3161	3754	1934	1350	1421	48405	1175	478	1044	259	823	554	1540	2243	2672	1655	1497	643	1846	949	543	1313	76146	2438	1613	3151	3269	1307	486	1268	1487	2156	1948	1150	91	5213	736	1822	676	7776	1752	127630	2229	735	1010	1072	1249	3932	2363	2372	142	1212	1430	485	1184	613	1385	941	777	827	72161	295	800	1799	1240	601	1010	467	862	685	384	1995	1890	755	1192	321	345	1344	2567	768	1253	843	1130	549	3708	1058	1135	1133	1762	830	1093	1281	442	541	1143	875	432	241	7022	1303	1199	1197	1106	1694	489	42	832	812	1263	653	4331	366	1063	327	842	471	908	0	288	1669	218	1163	456	1074	315	1423	373	630	566	491	701	507	1205	0	1048	1067	849	3506	1201	1747	496	484	2044	1701	2223	1230	361	874	967	287	361	634	776	1396	791	2286	1676	430	2040	2210	1338	1931	2071	462	1707	1035	865	709	464	794	1028	2196	647	339	277	815	996	2256
258.10959_0.767	993	493	881	323272	437463	444027	391098	331695	324014	240755	421975	326936	1011364	187	306650	368466	324437	586512	316870	410802	336978	405728	446534	317295	530618	441033	384867	340883	380045	348671	310957	141176	426220	456433	411573	224472	379597	994874	531	320130	321066	456283	302509	571717	342457	402599	514822	260043	516415	375278	340858	415598	287210	267850	461693	299259	446036	437452	400413	401491	387272	404777	272854	305231	322065	348969	340264	480956	646956	417636	402409	1008555	246	537465	422815	453364	460170	537302	511750	412415	333046	331384	473453	421924	643609	407180	267415	582726	477171	425310	420086	459634	366017	345494	323293	446661	499662	1044992	328	542585	420437	556364	607474	536411	483875	414179	508042	443975	472429	517379	537210	409434	370764	399277	523488	367614	512877	494270	492017	478306	525601	576902	550195	413609	544946	621664	550054	552716	370054	476516	470279	628504	426648	472678	446188	566571	559948	397660	433382	423735	476330	609664	553786	492700	471166	399741	628456	1049973	331	470697	611456	486047	397461	538561	613660	396121	396595	444210	422882	479554	642409	457555	426473	562115	481614	416486	571099	534306	561178	545797	598261	557579	550223	636101	651202	596551	546652	508196	697827	592068	602927	489784	610864	534612	545247	608333	455490	554500	516198	1425244	231	1289810	1908870	1484948	1286365	1626869	1615210	1656058	1119096	1371713	1988765	2106329	1219538	1750024	1638008	1940935	1542628	1372292	2690870	1855865	1510606	2232696	1360819	1862414	2044167	1260101	1356627	1795104	1579244	1881836	2132283	1521695	1751881	1640078	1819945	1818163	1812622	1602939	1626341	1920325	1911640	2277234	1489095	1472577	1363972	1534506	1037768	993047	1565976	1433519	625	2066548	1716559	1640130	1923331	1886767	1995540	1657133	1129838	1484628	2050492	1558748	2422448	1816555	1657749	1778504	1328916	1673980	1609566	1868162	1611639	1805865	652988	978552	469574	1074146	1395172	883171	1279318	1151801	644453	916198	774822	775093	1011072	800156	1057140	833710	1243650	1128424	1390189	1326864	515101	828062	150	716808	989262	945086	981865	854773	922549	804523	855743	1158174	1138358	1312940	1261063	821288	640848	421000	989981	656095	1514024	793760	1205577	1220381	1565351	1629650	1397553	896677	790707	747995	1510827	1693222	1598507	556018	1144926	1103011	796132	847925	793780	1199034	617676	1194183	955022	980165	750447	913569	1237685	1053498	833505	896196	656948	984613	977131	942748	1477625	1223032	1042899	865219	940647	875772	0	868731	993600	1227711	880504	1127323	1245617	1355827	803903	1368466	1151599	1282000	1682874	1162066	925890	1148172	1127724	1390557	1214832	1281712	1821207	1010705	1110495	1487660	990731	1086119	1290195	1075044	1119236	1255913	962076	1207042	1044044	1096323	1072553	1225781	1282494	207	239	92
259.09286_1.879	1352	0	183	4220	3606	3899	3520	4389	5855	3532	3729	3392	3766	3	3569	3730	4121	6909	3962	4389	3324	4345	4077	3571	4550	3609	5077	4936	3417	4928	6273	6160	3946	4020	4572	4874	4820	4175	0	4979	3425	4526	4655	5036	4584	6365	6273	5031	4242	4893	3949	4379	6060	4498	6124	4216	5080	3136	5697	5408	4316	5588	4291	3593	2426	4710	4031	4953	4446	3890	4111	5071	107	5104	5017	4649	4623	5833	5323	5876	5939	2470	4130	4558	6189	3799	6836	4200	4511	4448	3617	3028	3830	4459	3537	6075	7495	5204	0	5303	5687	5817	4316	5551	4949	4650	6654	5801	5220	4556	4508	3733	6106	4996	4045	4406	4639	5464	5518	5858	4544	4946	5069	6480	6349	6166	5177	5596	5374	4538	4525	5044	5319	6376	4623	5310	5956	5418	5258	4771	5999	4988	4384	5332	5748	4814	5651	4216	14	6306	5758	5706	5994	4132	5212	7098	5691	5055	5540	5609	3575	5338	5607	5236	5048	6187	4884	5934	6962	5392	6535	5873	6412	5290	5308	4820	5209	5105	4214	6064	7324	4785	6410	5208	6481	5310	5351	5412	5274	8115	117	9062	10570	8074	9370	8053	8067	9008	9732	7471	7095	8286	6079	7253	5954	8072	7206	4894	7447	7724	5926	5495	7081	5350	9198	6550	8232	6982	8214	6867	7660	8750	7863	8990	6960	5644	7971	5786	5213	6737	8088	7345	7697	7641	8713	6724	6676	7575	6628	7614	201	10453	8594	8490	6500	7405	7724	7005	6981	5167	7844	6000	10088	6825	9183	7498	7717	6211	7760	7863	4358	7140	NA	NA	NA	NA	NA	NA	NA	NA	NA	NA	NA	NA	NA	NA	NA	NA	NA	NA	NA	NA	NA	NA	NA	NA	NA	NA	NA	NA	NA	NA	NA	NA	NA	NA	NA	NA	NA	NA	NA	NA	NA	NA	NA	NA	NA	NA	NA	NA	NA	NA	NA	NA	NA	NA	NA	NA	NA	NA	NA	NA	NA	NA	NA	NA	NA	NA	NA	NA	NA	NA	NA	NA	NA	NA	NA	NA	NA	NA	NA	NA	NA	NA	NA	NA	NA	NA	NA	NA	NA	NA	NA	NA	NA	NA	NA	NA	NA	NA	NA	NA	NA	NA	NA	NA	NA	NA	NA	NA	NA	NA	NA	NA	NA	NA	NA	NA	NA	NA	NA	NA
265.1156_3.44	6181	262	191	7293	5731	13164	7992	8052	7414	8507	4750	13536	9311	418	9860	11890	7896	30783	11771	8950	7547	8263	10631	17797	11344	11268	8291	11490	11541	10181	17614	43514	10851	18947	4214	27392	7319	10462	314	21680	8214	14033	9315	24247	15152	25073	26257	14626	9313	7876	17009	13889	59244	22572	23290	12448	10602	15911	8606	13157	5485	19559	10763	16992	35548	10826	14259	13145	986	15124	18733	11797	22	6711	14697	23157	11098	28199	20579	20134	18396	9642	14986	15757	23833	11491	19314	6567	23063	9488	21854	9197	27653	22349	8553	26727	27269	11133	192	14525	17316	44743	18432	19170	17552	5705	12303	10499	9329	17343	14901	9800	7835	6664	6985	9059	18806	20624	18171	13516	32503	12857	16297	22681	34615	8341	11630	37753	13322	6490	10595	24670	7444	12587	15512	17493	35160	13069	17065	13962	19398	16277	13776	36380	14921	10327	10563	13014	825	22980	15500	9740	13164	7465	15051	20023	17970	27931	24410	8880	12372	20052	13726	11627	20882	18152	18179	5793	13086	20317	15056	20823	35672	7502	22654	20652	12026	10397	15434	19613	31081	18277	20339	5846	52330	22024	7311	16997	22626	20283	646	36326	14288	39310	59278	41571	10237	27903	44723	13432	21415	25088	15318	33569	43927	28532	49376	11825	39333	18188	29341	27081	35382	23564	56016	21060	13660	34993	25168	25610	51384	29704	30052	35027	45799	3290	31033	48939	15275	18019	47213	31223	26569	41864	3756	40473	36174	20854	21305	20655	255	20666	33989	29618	8226	40198	14081	34465	59651	59161	18979	45744	18133	16248	57128	35832	44027	14486	15653	21351	13903	28895	646015	103019	341756	855524	711418	1463293	145995	351189	786130	1110822	1043277	2301208	1681649	684822	831956	993484	924921	692157	718339	876570	664628	809616	119	142639	1136930	810422	1529344	468302	931379	394019	232605	1667314	1533122	346696	134735	967275	690044	860120	136912	821517	1649427	337467	1063340	924711	594117	774083	863073	1126122	942211	433219	184921	999607	950712	716473	627336	414494	1367701	418095	102379	1713748	382208	2334963	353857	434102	426274	580835	422891	121359	96294	329115	538478	416249	87525	128751	712162	1022649	310100	1985576	744876	767458	108	358068	294600	1824443	1353835	360118	215710	861844	1591031	326431	445819	1738717	794984	1264967	161461	122700	168973	1573164	1844672	1593375	897403	948145	1224066	320768	1792590	306156	378638	487986	77058	1142069	786055	1536752	1437346	2015745	3739488	2237972	1616414	0	439	263
265.11975_3.347	58684	180	648	490639	398930	1303350	702519	737296	527327	738484	460266	632059	785832	269	743029	1056596	485622	3096708	279277	174233	438033	621090	593560	1616342	840459	768824	490282	831263	219855	830146	475634	4303127	783125	1407905	256618	2512855	459522	826349	260	617730	706627	1169899	708643	2134672	1344971	2208739	2408876	1145366	670175	592916	201777	1181236	5558094	2038333	1990328	792608	775946	500921	528088	862283	307893	1592738	716910	339390	603542	739887	1215930	104318	141699	949614	481666	833126	147	332553	200206	180427	700226	2582632	1728370	1569999	1283646	124408	1085554	752991	2169846	850454	1296547	125613	764587	700364	578027	576604	1895469	233198	403803	2364329	2461325	847066	133	410936	1305094	1936654	1243622	1144683	420102	234648	207796	608339	236224	469931	271250	298612	378397	240484	91196	469735	1386217	1605504	309701	425948	1028650	192114	1004895	1406649	1186968	499979	745820	1334793	331845	368838	152108	707445	369628	912884	1153617	1476768	979873	323621	858554	331655	728857	285746	869037	3109090	1037205	605687	598488	828492	0	1023278	1101498	472537	1026487	113710	895311	1554595	1044369	1108414	458075	194157	778196	1517961	608886	717816	1017958	1297225	184201	468927	547784	1601132	1015056	1536305	625239	189651	1788232	1244872	842387	428337	1072518	1315825	769677	1365564	863656	413713	1646293	419898	200821	486157	540954	1110409	172	936400	817804	1141082	1450084	1350748	247738	1943690	599302	611622	1185229	1117475	903389	815186	1154507	2247084	487428	429470	279308	455087	921130	1763160	321236	612678	202890	316956	679448	2016068	1619840	1699476	1801708	1786973	2103642	2490445	1020972	82220	657109	1589912	467431	1160222	861431	714140	434112	302605	347558	2402592	790795	421735	1084564	1108802	289	1308070	383203	548322	78816	721220	774267	776667	1148177	1499442	323496	1056260	1145225	824124	1157396	1224792	1225314	171847	178400	188492	657925	102482	646015	103019	341756	855524	711418	1463293	145995	351189	786130	1110822	1043277	2301208	1681649	684822	831956	993484	924921	692157	718339	876570	664628	809616	119	142639	1136930	810422	1529344	468302	931379	394019	232605	1667314	1533122	346696	134735	967275	690044	860120	136912	821517	1649427	337467	1063340	924711	594117	774083	863073	1126122	942211	433219	184921	999607	950712	716473	627336	414494	1367701	418095	102379	1713748	382208	2334963	353857	434102	426274	580835	422891	121359	96294	329115	538478	416249	87525	128751	712162	1022649	310100	1985576	744876	767458	108	358068	294600	1824443	1353835	360118	215710	861844	1591031	326431	445819	1738717	794984	1264967	161461	122700	168973	1573164	1844672	1593375	897403	948145	1224066	320768	1792590	306156	378638	487986	77058	1142069	786055	1536752	1437346	2015745	3739488	2237972	1616414	0	439	263
267.17001_2.391	116	108	614	303	128	0	312047	177	207	239	209	138	283	230	306	0	240	107	29	278	271	359	101	215	0	607	211	0	280	174	212	0	137	152	239	268	574	111	204	366	125	565	207	147	0	223	315	223	360	315	408	158	244	385	280	506	0	153	296	0	308603	133	344573	148	405	163	488386	259	452	255	283	483	189	459	407	125	157	232	538	131	275	227	359	237	161	860	0	391	267	108	445	579	169	363	204	714	386	0	175	193	0	0	269	266	295	0	0	195	143	555	282	259	271	222	552	0	519	410	0	236	0	303	547	0	1277	416	373	138	120	0	0	0	289	347	259	198	169	0	19	202	0	504	284	0	145	0	175	118	134	283	510	0	127	707	274	432	0	391	0	241	154	313	37	0	0	457	0	170	142	0	8	0	0	533	216	273	172	0	370	0	407	521	0	228	403	0	0	0	4	0	172	0	0	540	240	0	195	349	166	203	218	854	534	132	208	0	525	0	724	289	172	436	0	145	0	0	689	413	447	201	233	244	0	715	483	0	449	0	0	279	0	193	917	433	0	5	121	0	423	6	385	496	113	257	366	244	0	0	165	147	285	301	0	0	712	0	157	0	811	0	367	144	NA	NA	NA	NA	NA	NA	NA	NA	NA	NA	NA	NA	NA	NA	NA	NA	NA	NA	NA	NA	NA	NA	NA	NA	NA	NA	NA	NA	NA	NA	NA	NA	NA	NA	NA	NA	NA	NA	NA	NA	NA	NA	NA	NA	NA	NA	NA	NA	NA	NA	NA	NA	NA	NA	NA	NA	NA	NA	NA	NA	NA	NA	NA	NA	NA	NA	NA	NA	NA	NA	NA	NA	NA	NA	NA	NA	NA	NA	NA	NA	NA	NA	NA	NA	NA	NA	NA	NA	NA	NA	NA	NA	NA	NA	NA	NA	NA	NA	NA	NA	NA	NA	NA	NA	NA	NA	NA	NA	NA	NA	NA	NA	NA	NA	NA	NA	NA	NA	NA	NA
267.17004_2.457	116	640	614	303	205	0	314366	220	207	205	289	0	134	112	106	0	0	204	0	304	108	0	305	170	195	154	211	0	280	174	0	0	273	229	135	268	0	0	113	0	0	0	0	119	161	225	0	235	0	118	319	0	244	108	0	0	0	0	106	0	287585	0	366972	0	247	0	467000	336	181	0	0	792	189	459	0	228	0	232	0	0	0	271	0	237	0	329	0	194	0	0	252	219	0	382	204	0	0	0	135	0	0	0	0	174	0	257	0	430	766	172	0	160	335	0	0	187	259	174	0	0	299	270	0	0	467	186	0	0	0	106	192	0	0	275	321	508	343	0	127	481	114	0	231	534	0	233	4	986	0	475	510	1020	162	199	365	208	148	392	0	0	339	0	0	195	238	0	395	0	0	0	715	187	0	601	654	0	15	0	0	174	140	0	0	0	232	0	288	0	0	0	262	0	536	0	0	0	505	157	0	0	246	0	0	0	0	314	733	0	724	289	0	0	457	0	527	0	0	0	0	0	233	271	308	715	547	285	0	349	0	0	0	387	126	176	0	0	390	0	210	0	0	496	188	257	0	0	451	0	0	118	0	0	218	175	115	547	0	439	265	0	298	178	NA	NA	NA	NA	NA	NA	NA	NA	NA	NA	NA	NA	NA	NA	NA	NA	NA	NA	NA	NA	NA	NA	NA	NA	NA	NA	NA	NA	NA	NA	NA	NA	NA	NA	NA	NA	NA	NA	NA	NA	NA	NA	NA	NA	NA	NA	NA	NA	NA	NA	NA	NA	NA	NA	NA	NA	NA	NA	NA	NA	NA	NA	NA	NA	NA	NA	NA	NA	NA	NA	NA	NA	NA	NA	NA	NA	NA	NA	NA	NA	NA	NA	NA	NA	NA	NA	NA	NA	NA	NA	NA	NA	NA	NA	NA	NA	NA	NA	NA	NA	NA	NA	NA	NA	NA	NA	NA	NA	NA	NA	NA	NA	NA	NA	NA	NA	NA	NA	NA	NA
268.10916_1.788	366	870	494	1565	661	213	19	383	8623	5721	1989	2534	545	1253	870	1968	2751	0	6876	1859	797	1522	22	407	794	19	34	7	0	1818	1146	126	3	41	3035	21	4	14	1307	6302	1300	11093	2102	34	905	434	492	39	279	1151	110	8	587	4312	5	8	23	2051	1944	0	0	306	1505	7614	20	9515	7	5406	24	9	6274	7	1355	0	32599	5209	251	0	41	0	4793	6	283	5	532	30	35	1108	7	0	0	6	593	0	669	836	803	11	1435	718	609	0	253	0	10	6	5	6	5	243	0	4	0	3993	0	0	4	0	0	186	871	0	5	7	0	4	0	0	0	4	0	192	0	457	0	0	0	0	0	353	4	196	250	0	0	0	0	0	893	0	6	0	0	494	0	7	0	6	0	586	0	0	0	0	496	0	0	13	707	461	263	239	0	0	354	0	0	399	553	0	0	0	778	0	10	0	0	0	0	649	491	0	6	0	285	9	0	8	0	0	400	0	1096	232	183	933	0	0	6	700	724	432	8	7	311	0	482	926	0	0	284	996	681	197	186	361	0	223	542	267	0	0	8	212	0	0	8	532	275	1078	1105	0	0	295	0	328	7	825	7	2964	206	362	470	282	672	250	1233	1357	0	1243	334	651	0	0	740	0	0	0	0	0	458	0	0	0	0	0	0	0	0	0	0	0	0	7	1344	16	0	191	841	3644	0	0	2327	0	0	362	357	0	0	0	0	80140	0	0	3053	0	0	0	0	0	0	0	0	432	0	0	0	0	348	409	0	0	414	0	0	0	293	1643	292	0	0	0	10	0	0	0	0	326	4176	0	684	0	797	0	748	0	0	0	0	0	451	446	389	442	0	0	0	0	0	0	0	0	0	0	273	469	0	0	294	360	352	318	0	0	0	0	298	293	0	1388	2509	1122
269.08817_1.933	383	0	0	3143	102666	2006	51238	51905	208563	162548	86882	123347	47548	0	69454	40012	188575	58751	86076	45686	11066	55391	5963	66829	49544	64650	4899	3537	3680	84959	46107	3303	4166	17581	59705	5006	13328	53601	0	67712	7299	147012	38317	22181	86654	63690	97911	42221	34760	36287	38599	113282	13134	32641	22956	10774	9514	59322	29750	5372	68726	6387	87674	68484	52969	113348	82007	170728	71618	41584	66260	53426	131	43454	62256	77377	66670	59875	110560	5724	179755	2365	3647	6787	97654	27104	3897	101209	38897	33629	6545	27094	53422	67064	6959	95202	74551	53741	250	59482	2854	44450	2732	6286	2355	19690	45930	19412	59285	27949	146101	49510	66998	36615	2409	44877	40866	2736	102773	113331	2414	57351	76571	16349	21652	88427	66978	54094	11475	64561	10293	91249	33341	13385	29672	20966	3926	65166	24478	2002	4747	2493	60639	30906	121282	2400	6671	49954	0	45468	22307	52509	12151	112498	138137	48548	42040	3534	38968	152656	72672	41426	41661	10854	16247	10308	180512	53497	4374	2256	3755	17566	3093	33049	127728	4155	35971	55542	1991	34892	26339	64874	7719	49402	7511	30026	82869	2484	10480	67235	148	5039	16866	81408	88201	203936	7098	50027	4470	92476	70937	95804	53504	6698	11703	7278	84415	24184	74808	6941	148048	64448	91759	51690	34930	73538	53354	130518	89421	8058	72416	83975	45539	75570	56300	22760	7062	53202	162152	93172	7957	46677	36527	56437	117555	31097	102601	125749	21095	69027	0	12199	20012	17761	23695	9796	8031	80747	17390	9613	33315	41421	20325	8604	81340	172045	9401	158674	16320	21478	31198	109026	196602	601152	14120	14062	402029	96163	20233	129914	13746	205399	195051	78206	361057	237168	355654	437318	71321	4885	382142	91554	402191	290140	0	341097	342019	363747	481661	1096449	65927	401869	737192	73269	381259	752540	427918	613283	425741	81823	293725	1321632	246457	460517	562186	258012	105133	188500	427736	171498	341746	14410	664125	482590	19111	297473	186949	528324	536576	351033	110663	496250	533734	291642	28977	432500	818093	885968	313407	243067	346494	21090	25943	636858	375986	552722	45650	326296	707787	142753	962972	299051	0	636503	807775	208770	376223	435544	112238	192010	261209	369657	472180	294321	300548	195591	283353	166351	173804	414723	428703	231358	428797	500959	226031	22452	198006	389087	704367	399698	556003	108883	411558	136969	80179	126217	524097	430512	268514	0	111	0
269.08829_1.815	239	113	0	9342	538301	11800	269766	266609	1100010	856364	450637	677620	270237	0	393744	216543	943805	304342	418237	256170	54586	282624	22724	346773	257321	364187	21121	20700	17013	453147	260324	14631	20490	98538	319107	18566	56834	281685	0	399030	35314	731424	184056	122967	497096	332920	501636	231878	178506	180494	224915	575234	59826	154817	119997	53940	43842	327207	165147	30307	360462	31454	475736	380458	281344	609167	437091	857943	380040	219092	325446	293225	140	248570	316286	365091	347867	307124	558667	32773	943686	16344	17919	26379	508460	133454	22791	517376	188683	187774	36133	140386	290033	338095	30987	506450	386995	288502	107	335625	17416	249010	12336	35068	10896	105869	270890	98993	336106	148293	819527	260328	397238	205089	10983	238370	230420	15615	557471	661430	8973	309688	438283	101579	118829	467456	363949	326841	74916	382080	55794	465061	181037	71615	164717	120227	15297	422471	127794	5518	21854	9359	332297	176948	648753	10689	28332	288480	0	241493	128314	302352	64030	639494	740186	289519	265675	18071	238711	893009	415401	237870	248871	67734	78914	60486	988965	306408	13754	11390	10212	92858	13510	203964	668406	17394	200509	358406	14093	193227	144651	357151	31238	276739	34506	155267	488049	7411	53947	366866	236	13101	70791	440210	517572	1055521	16332	244808	28608	534777	389097	566785	278859	19458	39487	11602	487284	135512	415643	25481	807175	333777	518243	287007	165275	431611	291929	685981	478778	20697	377774	435291	261226	405790	292536	109517	15146	301533	851520	464608	15849	242801	223308	311207	655896	153196	581030	706725	97560	358030	0	40768	103993	83745	100094	20271	18448	404340	74994	44618	156878	225557	84071	13706	413708	869522	22668	790727	88065	90613	181862	574694	196602	601152	14120	14062	402029	96163	20233	129914	13746	205399	195051	78206	361057	237168	355654	437318	71321	4885	382142	91554	402191	290140	0	341097	342019	363747	481661	1096449	65927	401869	737192	73269	381259	752540	427918	613283	425741	81823	293725	1321632	246457	460517	562186	258012	105133	188500	427736	171498	341746	14410	664125	482590	19111	297473	186949	528324	536576	351033	110663	496250	533734	291642	28977	432500	818093	885968	313407	243067	346494	21090	25943	636858	375986	552722	45650	326296	707787	142753	962972	299051	0	636503	807775	208770	376223	435544	112238	192010	261209	369657	472180	294321	300548	195591	283353	166351	173804	414723	428703	231358	428797	500959	226031	22452	198006	389087	704367	399698	556003	108883	411558	136969	80179	126217	524097	430512	268514	0	111	0
271.18063_3.235	562	661	207	490	503	709	340	274	337	126	957	366	323	641	168	852	335	248	491	363	0	366	230	241	440	280	442	257	259	727	237	339	0	112	594	354	404	7180	268	279	0	1036	529	443	177	87	152	360	331	307	340	737	478	139	462	409	1245	0	176	367	292	337	565	277	408	243	1154	345	0	634	494	5962	14	171	133	743	674	120	577	317	206	212	390	356	474	413	96	114	304	579	446	350	380	801	194	435	246	5939	238	435	226	515	581	123	638	0	253	0	95	217	126	222	398	479	156	409	259	263	707	330	391	233	22	148	344	189	5245	417	544	540	253	308	272	404	528	334	1045	482	194	640	247	187	160	517	536	289	264	4524	268	0	395	209	314	451	257	326	473	394	239	178	158	0	370	303	218	578	130	228	374	605	327	439	628	795	468	232	274	612	292	824	256	302476	438	365	586	280	89	711	94	6737	235	484	191	604	421	244	124	840	375	614	599	147	456	302	198	145	192	369	113	333	174	106	120	407	924	242	179	384	235	410	0	527	191	109	304	246	44	539	275	172	692	0	135	0	406	420	198	504	331	7592	355	124	159	374	128	239	291	108	0	380	554	309	162	126	201	595	379	325	295	384	258	439	283	313	0	778	716	387	12969	649	611	476	200	200	370	393	572	428	323	458	322	270	152	5807	88	564	117	289	324	200	15	258	224	701	110	112	621	349	638	415	155	659	123	762	386	281	524	209	136	173	379	513	0	143	401	721	1469	393	276	116	282	680	152	2926	474944	939	1111	148	163	91	224	248	324	518	106	0	312	245	550	102	520	6957	0	1236	205	375	386	287	196	637	105	460	345	0	353	114	164	133	475	408	103	287	411	593	907	552	0	253	504	170	254	590	539	337	216	711	820	484266	558	251	194	103
281.11298_2.961	166781	134	130	1883	748	3138	451	896	691	272	1016	1297	1940	142	2591	1637	1086	4702	850	441	723	1546	1331	455	2307	2328	5959	3225	10051	1144	1203	2631	4574	3608	2450	1632	3927	3042	244	592	5313	668	3200	6361	2802	4862	2845	1704	3410	712	996	1756	2922	1042	3181	1547	1780	1043	1983	12609	2775	5164	1531	426	4191	232	5526	1219	940	3328	1833	3726	0	1469	1042	1622	2969	2976	2363	18819	2159	15710	15922	9626	1987	8220	3063	2024	4844	3011	5748	3851	3071	3932	8073	6289	8924	6459	101	11840	28260	23567	12197	39140	17930	10069	11880	21004	21868	18366	15433	6680	10712	23078	23610	14306	7330	33606	21083	15774	27891	14258	34648	17377	8808	23206	17983	13144	18215	14417	26920	28606	9331	33318	42479	4384	42590	25745	23854	21648	20223	32304	32093	15190	21704	30555	27384	11283	415	6530	9502	28907	14379	30304	24182	16142	12068	26422	23735	22019	20100	26991	15942	31535	8407	12527	30123	23764	35014	30920	26137	21964	47284	32455	19177	45142	44379	40068	47221	9770	27348	16214	59660	31479	24698	24695	16705	35062	28330	21904	186	74154	49326	21234	38442	32018	24483	28030	19584	26183	12946	36208	14024	83932	38214	56385	20155	21844	27037	21984	14201	9605	23272	29586	29183	21678	11796	8489	29380	42769	10081	29195	19374	4454	21351	12277	17939	20404	7721	36217	21399	24248	38777	16796	20000	36236	25040	9340	18802	22999	494	34681	33984	26891	15648	21103	54497	28154	35895	24403	33887	15300	50803	42617	24465	27050	52668	12033	54674	20554	67454	9385	1001713	152464	331794	986016	556071	643415	2044577	529735	1097605	243582	858563	709651	233696	412502	297852	413601	646186	512531	463961	900534	524121	448162	307	200003	229333	388634	247237	295234	646127	482393	231905	512754	215699	90835	134551	145691	191704	1770466	124560	105898	563762	511330	73216	160686	549876	312346	906858	248576	194287	754926	125563	205881	1176778	352256	285856	201880	305464	173986	176226	241515	194487	331730	663100	76967	149564	167772	331490	254707	519944	688510	861370	487867	183117	206102	575424	460771	49921	415081	680175	421968	451	282757	86355	217668	444032	259541	105963	231814	240649	78754	70967	218642	242345	144546	162006	431062	269168	599540	190620	292027	282052	314800	245664	794599	252661	794316	199733	393238	155991	974858	219011	324977	464160	462812	151579	123217	189251	233	122	122
283.1561_5.87	10646	0	0	46539	6144	36433	15198	22055	25409	27943	38626	39359	24020	0	31778	21819	34918	16195	30207	10997	4776	15198	16092	29092	8102	14630	19744	17314	32562	25908	26889	10135	19156	30358	37113	11185	16930	24162	0	32839	13161	25408	19766	21507	32273	26683	13103	41124	9014	16460	25390	23227	14893	29566	20885	9958	8525	10917	24184	23053	8288	23135	9318	15585	16702	5252	24028	12536	21634	3619	17581	23864	0	29955	13525	17546	15128	18494	32559	12395	18769	20272	16859	25203	11054	26133	14693	20523	17956	11315	25093	13275	11780	10089	9274	18583	11451	14612	0	19900	17031	7626	56275	37338	21235	16574	24463	32729	3753	14854	15670	12700	8967	25208	18163	11367	22819	17289	11083	1204	29401	15687	26972	22880	16670	16996	11909	23364	12934	2793	45491	16029	29262	20645	29603	21985	31481	71604	24095	18988	19530	10953	17108	28835	29353	20862	13731	24028	0	23811	18155	29702	23171	5966	2490	21592	20251	33662	48300	28530	14542	18925	24937	32393	17548	13578	21042	3967	8335	21012	12375	20021	30315	15349	2894	13868	16214	12427	10277	17518	12636	16647	40750	17055	11424	9511	10228	33920	22150	26772	0	32328	17306	36693	45529	43500	26405	2780	21729	34980	12913	19755	5349	2265	3487	0	1162	12047	22842	11317	9716	16696	28005	24969	20788	25907	1658	5669	17267	18078	2364	37663	12463	5826	8412	26451	21159	7608	5133	56590	20525	16671	21840	4796	11331	8076	0	12298	1575	17081	0	11810	4992	26929	17517	27762	15796	5315	0	4550	23842	0	17231	1323	16688	32929	31515	4579	32724	74898	23892	0	24174	0	25709	19770	11594	12646	2022	49534	35346	50541	41300	23643	11510	12829	7860	18093	8429	27603	15832	16513	4110	22684	0	22929	10819	21242	58350	14344	22019	11487	17458	15807	19811	29968	18781	11884	15635	23135	34273	2736	20123	13533	1847	9058	3167	4101	11079	0	6092	5609	13140	0	16857	4704	10395	14254	1380	11573	2712	19674	1178	16137	6554	15679	10504	5015	3194	18725	23625	11549	10989	13970	5022	7452	4196	8625	15116	14601	3386	8497	0	19766	4517	7551	15327	13263	12516	16831	8668	7448	7479	11740	8081	14306	4153	14900	9786	18445	9153	13757	3257	15128	15433	8350	9376	13359	9487	9220	3356	14454	1590	8116	12628	3228	7539	9161	2264	0	0	0
284.0986_1.929	760	174	273	1835	49428	2989	21106	25720	88945	65293	42378	77253	22243	484	52365	29479	91298	28545	30443	16210	11076	30286	5873	41805	20614	28679	2631	4040	3716	36460	21915	1735	1854	3684	31112	644	12820	22355	361	30834	1010	63782	30081	16987	36232	40431	33910	15899	24033	7665	15058	48670	11858	26712	22747	9130	4013	23917	29260	5002	53192	5115	57343	45808	24743	56527	32063	68199	25595	30905	12384	23206	123	11643	20220	24597	29936	22741	44425	5181	77722	2169	3471	2750	38937	25332	1638	44412	24939	8138	8586	9888	23921	29167	4466	43347	39827	21440	667	14211	2944	23871	2578	3581	1809	6655	16947	5281	23887	6497	57502	12285	39450	20184	1596	22731	20919	3657	31473	51892	1787	21867	27594	5074	12180	42687	22882	13631	8970	22354	4377	48350	7826	11918	8712	10089	2694	38725	9116	1028	1867	1785	23163	7269	49631	2473	5641	23331	576	17204	7204	26334	10594	42448	65662	23993	29813	1892	10616	70467	40486	19540	13406	6913	3566	8525	59175	18294	2687	1449	1508	9552	1997	17365	44106	2734	12511	19601	2517	19857	8796	20037	4112	22003	1975	10957	29846	2236	9352	25338	677	3585	12634	28210	42826	74468	3273	22965	3996	32255	23321	35299	16334	2768	4817	2070	34985	16477	23696	3556	76996	32527	41183	19789	15519	26601	16046	46527	35415	3000	20617	35845	10298	17865	20048	11146	1444	23329	59222	24287	659	8807	15942	28642	37871	13792	47741	49548	7386	27944	996	8174	13656	7640	8378	2154	3561	46367	13420	2677	9690	9689	8080	4121	31727	49759	3525	65685	13556	10535	16730	41390	66353	137153	7832	5740	85409	44582	9320	18616	6680	46950	63793	39909	82865	47206	58552	111120	13093	0	111896	34957	66920	71558	350	99882	76547	94184	169598	268377	10862	74418	167606	16918	120691	242624	182379	171443	83811	17862	68577	382781	95239	155271	180930	65316	26921	72216	146191	62254	127092	6447	194565	94585	8408	81191	73826	143434	155735	91201	22613	129574	117319	113052	6437	72283	208047	198884	89822	61363	140892	7411	9771	170929	96952	138693	34452	43281	196898	87262	240343	73456	230	147126	225924	42038	140064	88871	19610	29193	71413	50300	153680	59945	54507	29876	85642	80999	46053	91910	103556	77454	76780	187778	78464	7171	49415	143766	229270	135949	149818	49411	91000	25470	50659	24684	121336	121962	57631	0	229	299
284.10132_1.808	273	542	551	5697	195074	8528	73383	95528	328682	244043	159016	273083	77775	252	201999	111655	328910	108388	108341	51621	32226	116044	15526	165937	77672	101623	9055	9681	9155	131493	77049	5767	5028	9747	100223	1420	37901	81144	142	107351	3405	224156	109122	63922	125400	150680	121947	57194	86969	27021	54732	180503	34005	95771	76498	32769	11996	90512	107519	9990	178597	9020	177904	163222	91855	199729	114019	253953	89724	103800	39122	81687	359	46210	75812	87722	103640	79790	175257	12265	260742	4405	7389	7771	135826	79855	3664	160864	83057	30639	20127	42443	88706	102269	15094	140793	154621	78426	14	53782	6151	90133	6131	13022	4481	20028	59021	15625	92089	20848	218696	44203	141853	76550	1581	83930	76028	8625	113117	215871	4922	79372	109556	24053	35505	164872	88637	54866	25520	88298	13094	179637	26779	37959	32108	32097	5804	147695	37315	508	1727	4345	90400	24201	179776	4461	16183	80564	284	62679	20778	116072	38119	157157	253983	80329	104352	6338	36110	258644	145595	71034	52265	22804	8164	30465	228709	71500	7945	3671	4893	33224	4897	65087	170139	7014	42904	69375	5159	63105	27784	75400	8833	83100	2870	39793	100575	2581	26169	88846	174	5901	36573	109270	146831	239629	5415	74132	6953	110343	81152	130125	66867	8945	12016	3526	110889	58402	80536	7862	286911	105698	141348	74184	52385	86457	65761	167121	130465	7121	73425	123169	31982	72637	66920	35267	5504	81347	223494	79350	0	27060	57488	109219	137022	48531	130189	169934	16556	94113	444	26404	52915	23792	20844	5545	9327	163616	44612	9993	29795	32466	25465	7143	101530	182328	6725	223890	36715	32157	66827	139763	66353	137153	7832	5740	85409	44582	9320	18616	6680	46950	63793	39909	82865	47206	58552	111120	13093	0	111896	34957	66920	71558	350	99882	76547	94184	169598	268377	10862	74418	167606	16918	120691	242624	182379	171443	83811	17862	68577	382781	95239	155271	180930	65316	26921	72216	146191	62254	127092	6447	194565	94585	8408	81191	73826	143434	155735	91201	22613	129574	117319	113052	6437	72283	208047	198884	89822	61363	140892	7411	9771	170929	96952	138693	34452	43281	196898	87262	240343	73456	230	147126	225924	42038	140064	88871	19610	29193	71413	50300	153680	59945	54507	29876	85642	80999	46053	91910	103556	77454	76780	187778	78464	7171	49415	143766	229270	135949	149818	49411	91000	25470	50659	24684	121336	121962	57631	0	229	299
288.21692_4.857	13388	1813	1774	730549	1590765	678578	36596	659740	2110162	1207086	3172986	1758606	982752	3407	1175616	1099393	898134	3435195	866490	2959224	3954556	2417441	1427131	875768	731579	584420	1184851	1174514	2187551	1431408	1034337	2266278	969683	2804123	957880	2400295	1564989	1033370	2850	1428948	760904	517275	2580425	1921323	1808196	2115449	1355709	1245541	3284710	1073603	1508727	689757	1501869	969200	3044794	1319512	1861086	3048786	2436874	2053972	1810219	903714	2342119	558498	616678	982561	3036088	1398640	2777140	955925	1491982	1046092	2073	3451190	1181931	985444	1853833	2005268	540618	986932	1290990	1494065	776246	2094118	1172236	820688	2853681	1446649	1945140	2203486	1286636	1369251	1021897	1769798	758813	1114750	1746580	1038562	1957	908326	1391364	2283797	1151265	815822	748641	811056	317772	301471	724498	1452850	3664486	512487	1930585	977010	1161338	1410868	607597	1627388	3661594	3837034	859107	936045	1651709	1495397	527924	2705944	1690228	1508182	2707426	3819886	590143	1318242	889717	1081241	760872	1034088	436445	557357	1738145	888096	1656314	1213815	1007455	1897206	1329861	1614162	1085499	1048176	2205	599776	572092	470396	1730115	595758	1913492	1999501	2261867	1003878	602369	1137070	912249	1106728	2232962	980263	1309368	1161803	2170230	4873294	1385830	1194955	809259	246768	955506	735776	1529403	1007564	532523	531634	1214276	1066087	583482	1595889	888637	444705	2195016	925045	1480452	833729	500310	1142560	256	2661533	662607	775362	1001620	471577	1191352	643322	979556	2167644	756292	4525654	1248766	1314973	1161346	879126	761246	718389	608836	843371	2611867	1113307	1376960	880715	731243	1586416	835102	2413635	722413	543041	687006	934818	1382600	1585339	739126	700709	1369374	1309237	715230	833585	761336	549291	1368956	576174	927801	933667	1070824	1700826	852454	1164634	315	2180045	4832199	1111486	14420	1211886	1141128	97383	1114408	1191074	50399	27077	30578	35405	13619	27988	19316	60972	22900	790579	20975	53610	1635435	2736210	2371220	1147967	8784104	1082220	979430	708646	2658327	436643	872564	1015841	1393636	453410	1821671	827230	384685	602985	825779	664617	1580038	1416756	769	1423422	1299354	1533494	784840	657188	1635626	1219523	828200	810123	596290	1354429	832593	1866064	755748	1026960	530953	735991	593599	1570786	606357	875885	482364	496948	981852	740005	1325270	676408	1061512	1139471	506944	2192628	977558	1971239	1231216	1028100	499570	887118	1892018	1215715	642454	516876	1705866	503749	1030196	370209	1458126	721339	876950	1380298	1075879	1193101	353926	712670	702305	1272553	797796	1316457	1031	1049591	1596044	1022823	547803	707216	723012	976450	1316434	524927	562445	1383881	425506	508820	1100503	917315	1084525	615507	840505	1517017	944681	1797150	1144674	443644	1215127	904497	832563	343361	985383	1683027	1109087	1335765	938223	1744175	1077442	569846	1468425	1225	1728	176
288.21738_4.841	857562	5188	4002	731627	1587734	670235	1330219	660736	2115268	977452	2618843	1468515	833427	4126	1029750	1092642	905792	3420162	765090	2653333	3537204	2403870	1239597	777282	673653	520754	1112286	1084162	2011601	1313998	964475	2092350	926576	2682257	953859	2387607	1553614	1028321	2824	1424285	755764	515337	2515856	1915950	1785505	2104431	1156802	1238023	3213284	1047040	1499851	687844	1488905	956904	3033116	1311754	1848266	3028500	2423321	2042027	1788604	894621	2339271	554315	614649	971682	2971841	1391476	2714212	950114	1487034	1039105	3063	3371960	1177225	978690	1839872	1990100	538671	973390	1284465	1457470	767176	2042101	1140218	808537	2783198	1430182	1921960	2141817	1278326	1333291	1007937	1718548	753350	1102842	1705844	1031221	2664	904734	1370693	2261331	1139918	803617	737785	807253	312722	299272	715397	1434578	3563516	507408	1877567	965931	1149796	1390206	599783	1609075	3574763	3751081	847564	926746	1630594	1473206	521305	2674826	1641682	1488911	2633826	3763420	581088	1284425	870346	1061879	750716	1024666	434514	556522	1681458	874265	1639276	1199788	990246	1867826	1314184	1568090	1075765	1029524	2773	586457	562945	460998	1684104	584732	1882964	1979460	2236052	988173	593496	1117838	896806	1090532	2171928	971010	1286314	1143314	2115174	4768608	1363356	1173754	799805	246203	939217	724291	1505976	992896	528084	521281	1182764	1050404	573829	1570742	879504	436926	2161068	906432	1452617	822526	491450	1121800	997	2581942	648036	770926	980723	468183	1179609	631431	975431	2138658	752538	4459579	1223905	1295154	1142256	868836	747604	705032	599739	832569	2567019	1095524	1353812	866715	719639	1565121	818428	2372692	708604	535398	683116	919793	1361422	1566982	725862	689452	1343598	1289648	714069	827972	759033	546202	1345167	573628	921703	917130	1049987	1653313	843506	1140418	2166	2141784	4721336	1093394	772046	1188352	1122917	1810712	1107910	1169779	1088549	514553	807933	727622	769825	691656	424485	2176331	798999	774687	871174	1946691	1635435	2736210	2371220	1147967	8784104	1082220	979430	708646	2658327	436643	872564	1015841	1393636	453410	1821671	827230	384685	602985	825779	664617	1580038	1416756	769	1423422	1299354	1533494	784840	657188	1635626	1219523	828200	810123	596290	1354429	832593	1866064	755748	1026960	530953	735991	593599	1570786	606357	875885	482364	496948	981852	740005	1325270	676408	1061512	1139471	506944	2192628	977558	1971239	1231216	1028100	499570	887118	1892018	1215715	642454	516876	1705866	503749	1030196	370209	1458126	721339	876950	1380298	1075879	1193101	353926	712670	702305	1272553	797796	1316457	1031	1049591	1596044	1022823	547803	707216	723012	976450	1316434	524927	562445	1383881	425506	508820	1100503	917315	1084525	615507	840505	1517017	944681	1797150	1144674	443644	1215127	904497	832563	343361	985383	1683027	1109087	1335765	938223	1744175	1077442	569846	1468425	1225	1728	176
308.25058_5.882	1732	0	0	2871	2471	3463	4981	1600	786	2557	0	1366	1382	704	3979	1495	3153	1569	1220	895	0	1159	896	2807	2706	1378	2772	0	0	702	708	1955	2638	363	1686	1933	0	1128	0	653	681	1361	1805	824	2365	770	1164	2128	5484	1813	2694	2506	1358	1656	418	1474	3972	941	787	621	1934	2058	1078	1435	1143	4036	2701	2363	1950	3632	651	1787	800	2062	1400	1346	1477	825	756	1209	727	2407	2119	2009	2123	1579	476	1927	1800	551	1144	3389	3456	782	1518	877	542	1539	839	805	399	2674	2020	2231	0	516	949	2268	2848	2114	2037	2076	1201	2749	921	1008	0	2727	2752	866	1070	2204	1963	1271	1041	2356	3415	3710	1290	4062	1168	2471	1809	3631	2466	1809	2743	569	2890	1590	3024	2748	1687	2097	1711	1856	2864	1588	670	3365	1289	2688	1265	943	1854	851	683	0	1103	2731	2131	2358	2185	1446	1865	2229	1273	2217	758	1941	343	2899	1297	709	1947	2568	604	1423	2669	2058	1787	455	656	682	1387	3065	2494	1443	0	50455	518	54630	58753	55067	46931	46983	49408	50073	45922	54510	45214	39177	43103	37505	38383	38635	38225	41734	45080	36767	37465	42791	35164	44454	41703	38749	42408	42379	37216	39960	45269	38394	39493	37845	45472	45763	39835	42233	43450	42402	39396	41448	42624	45368	40536	38712	38552	46552	39671	43957	1126	52042	40717	44471	49256	42419	41126	47572	46044	49616	50061	42906	47308	42776	45382	44563	41313	50295	43772	39380	43755	41634	NA	NA	NA	NA	NA	NA	NA	NA	NA	NA	NA	NA	NA	NA	NA	NA	NA	NA	NA	NA	NA	NA	NA	NA	NA	NA	NA	NA	NA	NA	NA	NA	NA	NA	NA	NA	NA	NA	NA	NA	NA	NA	NA	NA	NA	NA	NA	NA	NA	NA	NA	NA	NA	NA	NA	NA	NA	NA	NA	NA	NA	NA	NA	NA	NA	NA	NA	NA	NA	NA	NA	NA	NA	NA	NA	NA	NA	NA	NA	NA	NA	NA	NA	NA	NA	NA	NA	NA	NA	NA	NA	NA	NA	NA	NA	NA	NA	NA	NA	NA	NA	NA	NA	NA	NA	NA	NA	NA	NA	NA	NA	NA	NA	NA	NA	NA	NA	NA	NA	NA
298.09711_2.892	8002	0	693	11043	9872	11970	10280	11626	13745	14206	11876	13548	10389	0	14648	12087	15013	13730	14612	12299	12714	10879	13185	13443	16421	10197	13157	14818	11294	12709	12713	1126697	12323	11351	13334	41189	14600	10475	430	14425	10220	14163	11905	13766	15822	19574	14402	15377	13060	14702	12894	13157	24455	15238	14326	12396	13396	12822	14231	17714	13777	15278	11422	11602	12722	15591	15066	13579	12732	13081	13658	11850	510	13628	12247	14345	16325	18439	15028	19578	21990	13488	14241	20399	13681	13619	585144	14485	16711	16497	13849	14846	17564	13835	13554	23569	19049	12650	691	9823	16553	13778	17905	14455	15215	17004	20766	13490	9362	14565	15646	16859	13310	16513	15219	12947	13191	16629	12294	12883	15777	18083	11851	20997	15487	15208	14907	15520	13488	11565	12346	14822	18521	15668	15489	17141	16510	17490	21771	14573	20949	17224	14127	16625	16892	14373	19249	12418	365	13496	13131	15869	13977	10458	12422	16583	16709	16069	12868	16871	14997	14841	23666	17746	13612	17303	14644	13561	19607	15866	15165	15315	19890	19838	13939	13496	16610	12257	15952	16644	20542	18605	14076	14612	12439	13677	13836	14394	20051	18632	707	17272	25993	16687	23592	21138	18101	19814	24946	28587	13813	19307	19214	19766	17892	17652	26627	21303	23135	18730	15586	17137	22930	25743	19326	22612	19281	17366	20578	17819	17759	21250	14801	17626	14186	18185	18802	19630	20145	17296	14460	19704	23477	21457	27087	19002	28727	20498	16323	20988	582	23409	17072	21348	20965	18563	16656	16503	30321	16904	23862	17816	22441	20122	21751	20292	17786	15777	29292	19458	24707	14357	19325	11830	12193	14108	13280	11261	13047	12205	10548	12199	11997	14301	11005	13467	11895	12467	10483	9385	12809	16345	13977	14016	386	14300	12916	10109	12498	12771	13769	12844	17738	13160	14271	11397	13726	14345	16769	17543	15951	12169	11397	12283	10872	10449	12689	13025	13357	16679	13422	11329	13128	8826	13007	13753	13699	12829	11449	11671	9278	13316	14482	13334	14752	11085	13588	13363	10184	13788	14010	14032	14967	14134	13521	11193	13267	15616	11516	14823	13357	12958	775	11719	9030	11157	11089	10067	11120	13630	12456	11380	10465	12148	9293	8749	11578	11251	16810	10138	11486	13000	9338	14410	11417	12550	14714	13069	13742	9313	11609	14389	11691	12122	16463	19847	20134	16212	17391	154	561	237
302.30521_5.615	11597	264	611	0	298	33	0	1272	1497	0	0	24	0	217	48	53	300	222	31	173	40	193	203	98	1805	223	196	657	349	607	488	717	233	1251	428	1418	1109	1068	5909	2355	185679	2951	174355	156862	175466	173636	185081	4017	176304	175315	179809	183694	174640	182494	167278	173232	177757	173268	167298	167218	177822	178072	175658	168111	164094	172372	180304	164834	170788	174094	188636	174078	229860	175566	146644	144549	163327	171754	167616	162687	174196	162617	165153	172559	185861	172597	185292	173428	160056	172371	163998	174725	172991	168536	179830	166110	169597	182319	226106	174932	164551	158260	161212	159479	166876	166145	158489	168332	176207	185463	167175	162154	162145	166478	170839	157462	179371	160173	169526	164644	163226	184631	182017	163060	161168	167397	192047	163855	159231	168151	168795	167009	177122	173596	172303	198999	164850	167480	175181	170296	162999	160094	171883	161814	165928	168179	170160	182101	236418	172626	190595	170583	173337	176745	169835	174146	156317	161669	169046	165393	173692	152302	166088	164066	165312	159227	158090	163833	159965	159654	159518	162586	151008	162601	158105	161171	156453	161817	168488	164724	162062	155529	152879	166481	149848	159369	156181	147804	165761	184646	244468	175134	193022	188198	176078	185704	189698	185763	184068	185312	197509	178644	186771	178254	181981	182923	181837	189762	196304	176828	190576	185654	173922	186730	180134	170323	196426	190261	180250	177281	191444	176891	184614	188789	198285	193901	184202	187201	193327	192821	174211	187679	180028	190066	184908	188995	190157	193838	196146	196526	227837	203280	197198	190141	187565	192654	185226	186180	189215	182231	203072	209304	204058	192490	194015	196552	189765	204001	184740	182918	186479	203069	25231	5475	18115	32925	20301	17542	36719	16017	21891	13433	11752	15332	14837	13949	19778	12639	16631	14459	17565	22960	24459	13364	4375	19601	12768	12105	21294	16159	11709	27230	14194	15446	15332	5844	10260	18714	17010	27365	21724	15982	13544	10944	8977	10268	15163	8804	18450	13249	15491	14942	16604	6141	20411	18426	12445	9166	12827	7481	3781	9466	12436	17519	14191	5673	4996	17369	5897	13821	13035	14711	21037	6011	15642	8544	13001	14882	14901	9948	20645	11696	3849	15029	17414	17212	19752	11991	11501	7058	17271	11633	9256	20065	10671	12505	14974	5724	16674	12631	6067	20832	5186	17090	14637	21558	22408	19204	14640	19880	13418	22440	11532	9937	25587	18429	17966	13168	17654	2360	1863	3724
302.306_5.656	6975	1065	3904	213539	6623	201818	5689	199011	190582	171059	213510	182802	209033	228157	196043	196706	170252	184171	190889	171237	179437	168850	186770	194759	196192	191974	178975	179727	177218	174105	167479	172680	162569	178533	167660	176985	173527	181861	232380	184001	185679	175668	174355	156862	175466	173636	185081	175964	176304	175315	179809	183694	174640	182494	167278	173232	177757	173268	167298	167218	177822	178072	175658	168111	164094	172372	180304	164834	170788	174094	188636	174078	229860	175566	146644	144549	163327	171754	167616	162687	174196	162617	165153	172559	185861	172597	185292	173428	160056	172371	163998	174725	172991	168536	179830	166110	169597	182319	226106	174932	164551	158260	161212	159479	166876	166145	158489	168332	176207	185463	167175	162154	162145	166478	170839	157462	179371	160173	169526	164644	163226	184631	182017	163060	161168	167397	192047	163855	159231	168151	168795	167009	177122	173596	172303	198999	164850	167480	175181	170296	162999	160094	15167	161814	165928	168179	170160	182101	236418	172626	190595	170583	173337	19641	169835	14571	156317	161669	20731	165393	173692	152302	19957	164066	165312	159227	17022	163833	17515	21217	17055	17946	23041	18150	18233	15076	15674	25994	29303	16380	19140	19170	28166	18860	24551	20596	21796	24426	17668	24543	244468	36699	31095	3085	3031	4928	2792	2454	2130	30449	2505	2602	2574	27883	17206	2318	2472	20080	3071	25594	22587	3039	2234	2812	2281	20777	4354	2439	13583	21986	2245	1995	18275	1988	19514	1961	28015	4438	1824	17899	23455	16055	22598	22080	15761	19116	14778	1542	1827	3851	8216	1684	2152	24375	2015	2123	24749	38925	1670	1580	18506	24414	29024	40578	21328	2095	16296	25330	38241	1795	33207	11410	25231	5475	18115	32925	20301	17542	36719	16017	21891	13433	11752	15332	14837	13949	19778	12639	16631	14459	17565	22960	24459	13364	4375	19601	12768	12105	21294	16159	11709	27230	14194	15446	15332	5844	10260	18714	17010	27365	21724	15982	13544	10944	8977	10268	15163	8804	18450	13249	15491	14942	16604	6141	20411	18426	12445	9166	12827	7481	3781	9466	12436	17519	14191	5673	4996	17369	5897	13821	13035	14711	21037	6011	15642	8544	13001	14882	14901	9948	20645	11696	3849	15029	17414	17212	19752	11991	11501	7058	17271	11633	9256	20065	10671	12505	14974	5724	16674	12631	6067	20832	5186	17090	14637	21558	22408	19204	14640	19880	13418	22440	11532	9937	25587	18429	17966	13168	17654	2360	1863	3724
302.30606_5.699	236584	245576	273014	213539	212970	201818	214024	198922	190582	171059	213510	182802	209033	228157	196043	196706	169826	184171	190889	171237	179437	168850	186770	194759	196192	191974	178975	179769	177218	174147	167479	172680	162569	178533	167660	176985	173527	181861	232380	184001	185679	175668	174355	156862	175466	173636	185081	175964	176304	175315	179809	183694	174640	182494	167278	173232	177757	173268	167298	167218	177822	178072	175658	13398	164094	12220	180304	164834	170788	15029	11488	174078	10523	18079	8447	11516	14854	13655	14337	17767	8512	18252	19264	23996	18665	17802	8932	17874	19026	18798	20878	19999	20896	20169	19624	19490	20529	18982	8195	20315	23653	18356	21367	21110	18597	20506	22268	21976	19874	8554	18003	20114	15865	17627	20875	16479	7673	18974	19276	17282	17818	8103	8117	19998	13582	18221	7346	17367	20072	13932	15648	20811	22625	18759	20891	8752	17578	19904	11306	21907	17663	16347	15167	20604	17880	22212	15523	20866	7052	19288	7322	18257	20470	19641	13396	14571	15768	16420	20731	17420	21272	16569	19957	21748	18640	16475	17022	18981	17515	21217	17055	17946	23041	18150	18233	15076	15674	25994	29303	16380	19140	19170	28166	18860	24551	20596	21796	24426	17668	24543	6984	36699	31095	18165	11921	21378	27838	16130	16407	30449	19919	13277	18016	27883	17206	21764	13990	20080	8504	25594	22587	10010	13857	13023	17652	20777	25	15369	13583	21986	17215	7299	18275	15005	19514	8632	28015	15578	16304	17899	23455	16055	22598	22080	15761	19116	14778	15544	12316	10340	5243	17552	13505	24375	12192	15385	24749	38925	11580	10149	18506	24414	29024	40578	21328	10717	16296	25330	38241	9763	33207	11410	25231	5475	18115	32925	20301	17542	36719	16017	21891	13433	11752	15332	14837	13949	19778	12639	16631	14459	17565	22960	24459	13364	4375	19601	12768	12105	21294	16159	11709	27230	14194	15446	15332	5844	10260	18714	17010	27365	21724	15982	13544	10944	8977	10268	15163	8804	18450	13249	15491	14942	16604	6141	20411	18426	12445	9166	12827	7481	3781	9466	12436	17519	14191	5673	4996	17369	5897	13821	13035	14711	21037	6011	15642	8544	13001	14882	14901	9948	20645	11696	3849	15029	17414	17212	19752	11991	11501	7058	17271	11633	9256	20065	10671	12505	14974	5724	16674	12631	6067	20832	5186	17090	14637	21558	22408	19204	14640	19880	13418	22440	11532	9937	25587	18429	17966	13168	17654	2360	1863	3724
303.25839_6.237	2345	1008	257	14664	6470	6689	5498	8010	6180	3477	13262	1698	3927	155	3543	2657	1297	3084	3170	3762	1956	1535	1994	1634	1516	1932	2574	2253	2344	2169	2413	16755	2941	1572	1807	1774	844	2535	348	1968	464	1595	799	1224	2747	1143	2013	936	487	947	501	1065	861	1280	1122	2237	2159	1165	540	401	406	1302	2758	1928	685	2345	1665	297	1329	1096	1179	3835	0	3157	678	1221	404	1635	1209	525	2560	2596	1817	1770	746	3216	466	1608	512	1835	1300	1301	2118	2439	2836	2462	5296	3687	422	7179	5271	1828	2651	2522	5502	3172	5475	897	2988	3744	1518	3317	3260	3127	2729	1916	1531	1960	3146	681	1494	3335	3296	1317	1164	1274	2770	2251	2060	1573	1148	1147	1106	1429	1488	690	409	1564	2508	431	409	503	2546	0	916	1066	997	2193	0	1520	398	0	715	992	0	1205	1755	2100	415	2286	931	267	811	2970	508	1759	2327	1604	1486	3126	1171	541	2080	1988	516	2866	2956	3197	1200	597	2204	3065	2724	2840	1722	2745	1188	2853	3458	29844	445	58143	63099	52736	42846	68565	45115	52930	69986	37473	24630	19044	18850	18543	14787	17218	34578	13061	14355	10085	12121	12253	11094	13507	29903	12043	15566	10846	12637	7573	13817	13255	29903	9654	7663	10935	8495	6589	7717	8025	19522	5902	10039	5960	6025	5786	4472	7464	9868	14176	295	5015	2199	9137	4390	6630	8094	6181	11234	9017	10087	6222	5771	5033	8013	4013	8697	13569	28385	9115	28498	9016	NA	NA	NA	NA	NA	NA	NA	NA	NA	NA	NA	NA	NA	NA	NA	NA	NA	NA	NA	NA	NA	NA	NA	NA	NA	NA	NA	NA	NA	NA	NA	NA	NA	NA	NA	NA	NA	NA	NA	NA	NA	NA	NA	NA	NA	NA	NA	NA	NA	NA	NA	NA	NA	NA	NA	NA	NA	NA	NA	NA	NA	NA	NA	NA	NA	NA	NA	NA	NA	NA	NA	NA	NA	NA	NA	NA	NA	NA	NA	NA	NA	NA	NA	NA	NA	NA	NA	NA	NA	NA	NA	NA	NA	NA	NA	NA	NA	NA	NA	NA	NA	NA	NA	NA	NA	NA	NA	NA	NA	NA	NA	NA	NA	NA	NA	NA	NA	NA	NA	NA
310.11398_0.842	0	0	0	5538	2064	7576	15301	2489	2700	8163	3456	9476	3667	105	8061	2108	3806	4286	7418	2942	3656	2623	5408	5415	5747	4523	8168	5946	5637	3262	6490	8066	4211	4875	11875	7309	3384	4214	121	4605	2025	3283	4375	4038	4097	4602	3006	4443	4133	2666	2529	2595	5475	4110	2346	2085	3146	350	3317	4732	2983	6788	3085	2127	3191	2611	5329	2622	2264	4224	2773	3761	385	3113	2132	2800	2877	5281	3230	8771	2983	4570	7412	8314	2229	3291	6878	2188	3254	2881	3411	3186	4169	1973	2486	3784	2621	3175	173	2910	9208	3236	4608	3608	5346	8667	4946	3084	3150	4303	2949	11256	2298	4777	5109	4762	4586	3499	3684	3398	2504	4301	1778	4356	2510	1904	4359	3665	3559	3467	2452	2610	9440	4145	2629	2473	4283	3068	4244	10904	5360	4744	3709	5025	2461	4960	3925	3459	109	2042	1866	2712	3956	2630	2992	3037	2078	4156	3762	2716	4341	3140	5121	5701	3001	4930	3029	3173	5235	6640	4625	2679	4576	3945	2476	3475	3305	3800	3549	2987	3647	2964	5631	5796	3824	3834	1690	5224	3808	2601	0	5200	4241	1841	3912	3838	3190	6371	3427	3103	2290	1428	3738	4570	4699	6269	3333	4044	2127	3759	3054	3937	3609	4087	3461	3002	1370	1497	4122	4337	2044	3549	2944	2104	3248	3642	4016	2813	3093	3483	3980	2740	5029	3597	3731	5063	2174	1890	1872	3725	0	2675	2598	4074	2617	3600	4884	4191	3521	7230	3658	2919	3168	7093	3060	2502	3333	1729	4874	3507	5735	1962	96935	63874	16817	106987	40069	46327	181269	37656	47380	26682	69783	45448	40627	35672	42744	32959	29488	70243	53270	122917	37220	45665	106	33209	30317	54651	25117	29205	36540	43147	32260	44380	49355	17621	20722	28128	15624	55093	58417	15281	24624	11501	13479	25065	40223	33385	42371	22841	12621	12619	11886	16662	51130	12528	46773	19007	23144	29986	24584	19055	10990	23685	38668	38780	20427	15535	25186	53712	32271	13270	13817	28314	23557	33606	25209	34604	29429	34778	23468	31689	232	44478	13719	15338	33217	35139	23478	28268	21872	32089	25023	18618	22308	12656	19926	49072	40339	25651	22087	19615	15557	19985	25630	51101	50877	42116	23783	28258	17337	31483	8088	34984	8670	20031	21877	20790	24144	0	240	487
310.14255_5.171	447	135	452	781	289	0	7	208	129	288	5	0	582	181	1278	652	736	471	239	770	168	635	324	0	243	754	677	280	0	387	238	0	419	304	205	470	683	131	103	684	0	0	755	358	7	0	604	513	507	171	196	8	425	0	323	236	545	0	661	559	757	320	484	570	215	237	784	395	0	239	256	0	109	865	0	7	0	833	353	0	495	577	693	220	0	430	0	562	212	481	730	207	291	462	628	436	767	244	264	0	203791	521	1161	296	108	473	1215	352	830	550	0	1275	431	237	901	33	414	230	585	745	956	914	947	268	221	700	177698	238	238	95	243	271	361	966	126	162	274	161	292	288	311	385	726	702	21	137	1427	352	125	574	186	618	205	173	200	369	514	592	369	981	447	229	427	273464	742	0	232	0	369	505	861	948	1076	848	548	1353	418	0	249	595	187	210626	578	515	875	354	361	0	596	465	784	513	174	165	0	830	290	0	0	0	332	638	223	278	1183	0	413	0	495	163	531	447	596	934	223	0	0	414	0	0	526	624	534	1297	223	371	873	0	0	0	351	928	462	0	190	0	577	897	557	0	228	760	392	0	1060	2080	316	540	358	386	861	266	471	0	0	749	472	476	0	0	444	551	NA	NA	NA	NA	NA	NA	NA	NA	NA	NA	NA	NA	NA	NA	NA	NA	NA	NA	NA	NA	NA	NA	NA	NA	NA	NA	NA	NA	NA	NA	NA	NA	NA	NA	NA	NA	NA	NA	NA	NA	NA	NA	NA	NA	NA	NA	NA	NA	NA	NA	NA	NA	NA	NA	NA	NA	NA	NA	NA	NA	NA	NA	NA	NA	NA	NA	NA	NA	NA	NA	NA	NA	NA	NA	NA	NA	NA	NA	NA	NA	NA	NA	NA	NA	NA	NA	NA	NA	NA	NA	NA	NA	NA	NA	NA	NA	NA	NA	NA	NA	NA	NA	NA	NA	NA	NA	NA	NA	NA	NA	NA	NA	NA	NA	NA	NA	NA	NA	NA	NA
315.255_6.4	86737	102547	4300	9600	48044	26790	15762	29763	39279	67422	51105	31960	28099	6147	4827	20996	12763	25250	23225	21236	49163	23696	19797	31044	11925	21362	25877	30473	52304	28545	10102	9098	5226	18819	31472	17117	10949	17059	8575	2986	10747	16297	18838	24914	18633	15308	18784	19510	9768	7883	19560	25658	10832	4647	4910	17394	10967	8936	12495	21713	19474	11286	12972	13141	17785	12605	10789	18479	39463	16760	15526	12750	1154	5810	22049	28806	29282	12039	22378	23318	13025	21144	7586	13789	11908	15703	5932	2245	12181	18677	4096	12629	5345	27649	21487	13111	18993	10361	1666	5768	8089	17203	14253	25803	12736	14381	11698	19634	14401	9557	13953	19900	12796	26180	21733	21379	14373	15800	16551	25574	18403	18606	20115	7993	12912	20281	21032	26586	46398	38220	13386	8558	9818	15815	11732	7307	14762	32479	17946	31133	17433	11164	19766	17083	60378	10674	32186	20907	11469	4793	13928	10140	10062	12717	9483	10758	21912	61647	18724	14047	28830	20364	23716	24539	24371	47167	28738	65921	13974	6980	14111	36769	18669	39049	16692	7718	5977	7294	11412	8980	8141	12439	22872	18026	10917	40702	17598	19501	5028	10811	4292	3907	26474	5646	8699	8012	361	9147	14923	16079	7612	13104	4682	2360	1225	584	955	4572	3570	2313	3234	2954	9251	7334	1660	6908	1793	1564	4676	11577	18055	3085	1924	3621	16857	4876	1087	1329	1928	783	1770	1189	1246	1997	2244	2606	3933	3198	1900	1658	1342	719	1883	2790	1080	956	702	9786	6523	4892	2960	2159	1366	4176	675	633	2075	3802	13516	2089	2094	2794	NA	NA	NA	NA	NA	NA	NA	NA	NA	NA	NA	NA	NA	NA	NA	NA	NA	NA	NA	NA	NA	NA	NA	NA	NA	NA	NA	NA	NA	NA	NA	NA	NA	NA	NA	NA	NA	NA	NA	NA	NA	NA	NA	NA	NA	NA	NA	NA	NA	NA	NA	NA	NA	NA	NA	NA	NA	NA	NA	NA	NA	NA	NA	NA	NA	NA	NA	NA	NA	NA	NA	NA	NA	NA	NA	NA	NA	NA	NA	NA	NA	NA	NA	NA	NA	NA	NA	NA	NA	NA	NA	NA	NA	NA	NA	NA	NA	NA	NA	NA	NA	NA	NA	NA	NA	NA	NA	NA	NA	NA	NA	NA	NA	NA	NA	NA	NA	NA	NA	NA
316.2485_5.422	1698049	5409	5880	1466343	2928829	1194812	2557802	1483650	4338276	2132353	5339263	3114803	2325864	7438	2027343	2386841	1694604	6325734	1701349	7599339	8351952	5014798	2940638	2087354	1359905	1169313	2273683	2131532	4153327	2828027	1982361	4852914	2016801	6082072	1651974	5414578	2568871	2102957	4617	2714028	1612070	1107246	4955562	3776076	3213989	3721354	2850416	2399087	5666388	2125802	2888066	1558020	3212565	1777188	6267188	2468030	3370841	5833252	4819602	3185981	3268002	1765576	3787111	1122120	1002360	1765761	5175175	2898672	4718694	1625606	2789341	1843984	4074	5304068	2206006	1721458	2812141	3532644	1035922	1438681	2000098	2457565	1489507	3395652	2553272	1551633	6214098	2061693	3895944	3553750	2305052	2222722	1860962	3175666	1324291	1924524	2515510	1779436	1888	1640733	2409473	3966988	1806161	1126186	1159478	1520514	416885	543411	1342186	2254496	6193298	768570	3011647	1483394	1915596	2377922	939300	2921196	219782	4513222	1649705	1600242	3130466	2503043	890880	3047393	2688924	2943922	161160	157892	31384	64884	1997499	1971544	43205	45584	17960	19331	2683362	1757133	76322	1953073	1895112	81863	58187	50016	34585	30385	1442	15018	23247	10481	47966	14298	54542	93488	55636	42395	18478	41587	25039	17311	44624	27839	42357	32045	46544	97122	30993	31891	28854	4957	15982	14661	30391	21680	10730	11886	30130	22396	12856	36193	14277	10583	43124	9800	21684	11017	6307	25866	946	39224	13859	17795	21165	12160	25852	15074	16865	37573	24737	132275	36256	23882	19689	17126	19574	13615	14408	21174	66670	19865	19136	18778	14219	27694	11669	45233	14921	7211	12561	12426	24223	30403	19209	15024	22091	23158	9477	17062	9886	12617	26056	11894	14779	15329	20147	37418	20723	20100	401	37129	92721	22998	12025	19199	12928	25800	22388	13929	23831	9436	15360	12358	9371	11351	6402	79126	8650	9348	13470	34611	3569315	5816362	5845434	2485518	19202066	2424123	2018175	1660052	6465234	1184968	1819646	2098300	3437698	1205263	4548962	2575814	826855	1555543	2165984	1467452	2920617	3350318	3829	3577417	3471102	3776575	1896298	1470426	3993456	2836743	2035743	2058971	1258209	3594542	2072162	4642356	1898102	2250069	1180971	1695587	1403402	3841168	1371357	2705639	1170907	1221311	2385512	1735503	3231064	1403045	2746345	2791807	1096594	4881174	2487914	5159276	3038207	2435830	1150331	2485403	4226228	3240542	1573626	1405540	3893975	1137086	2636095	740301	3426502	1498436	1842103	3364630	2673844	2763906	823603	1715190	1798958	2789069	1872835	3068052	3534	2586653	3784176	2389683	1207155	1606164	1835547	2546375	3098176	1412206	1546164	3668686	870414	1331897	2835390	2135359	2535688	1572061	2123640	3835885	2251010	4568483	2936467	914041	2799103	2076668	2001155	741049	2462908	4277608	2950141	3036838	2463474	4412362	2713818	1293070	3767937	6367	2781	3373
316.24899_5.372	17082	3652	1300	17993	10770	14051	28762	21959	41117	16125	30616	28284	24544	2603	43595	38830	1694604	6327474	23301	7599340	8351952	5014798	2941258	2087354	1359905	1169313	2273683	2127277	4153327	2828027	1982361	4852914	2016801	6082072	1651974	5414578	2568761	2102957	1163	2714028	1611841	1107246	4955562	3776075	3213989	3721354	2850416	2399086	5670917	2125802	2888066	1558020	3212565	1778724	6267188	2468030	3369438	5833252	4819602	3185981	3268002	1765576	3787111	1122120	997428	1765761	5175175	2898672	4718694	1625606	2789341	1843984	4074	5298753	2206006	1721458	2809822	3532644	1035922	1438681	2000098	2457565	1489507	3395652	2553272	1549874	6214098	2063985	3899063	3553750	2305052	2222722	1860962	3175666	1331696	1924524	2515510	1779436	2850	1640733	2409473	3964848	1806161	1124666	1157350	1520514	416885	543411	1342186	2256642	6193298	770228	3011647	1481653	1915596	2377921	940484	2921196	5890772	4513222	1649705	1600242	3130466	2501240	890880	3047393	2688924	2943922	4992758	4387846	1011938	2019006	1987057	1965320	1228562	1955436	708444	871498	2683362	1756899	2548187	1953073	1895112	3806800	2493534	2856851	1608290	1949192	5610	977430	942731	772163	3785989	997296	3428293	4112492	5098088	1935838	1003076	1859638	1643067	1800718	4062989	1783254	2269850	1940371	3573096	6205204	2344756	2154927	1587685	393617	1536848	1249082	2869216	1663580	836453	1082592	2838837	1760830	1027252	3073561	1378176	747835	5174590	1607206	2551045	1598709	840577	2319512	2798	4220240	1175263	1636689	1870788	978680	2423296	1149210	2371239	3800225	1841748	7790808	2770149	2547306	2202481	1791021	1591034	1068702	1285624	1955613	5801198	2014574	2992975	2057281	1663887	3185052	1625956	5032911	1419323	947552	1266193	2045060	3020620	2921390	1797650	1532964	3493288	2877832	1517313	2300725	1566563	1279526	2894090	1280038	1605028	1858910	2532892	4072452	1904120	2624464	4744	4890198	10484852	2362678	1695954	2768239	2595859	3918382	2829085	2400021	2881394	1086852	1728576	1540263	1830511	1632296	1026640	5309512	1748921	1787160	1811983	4234750	3569315	5816362	5845434	2485518	19202066	2424123	2018175	1660052	6465234	1184968	1819646	2098300	3437698	1205263	4548962	2575814	826855	1555543	2165984	1467452	2920617	3350318	3829	3577417	3471102	3776575	1896298	1470426	3993456	2836743	2035743	2058971	1258209	3594542	2072162	4642356	1898102	2250069	1180971	1695587	1403402	3841168	1371357	2705639	1170907	1221311	2385512	1735503	3231064	1403045	2746345	2791807	1096594	4881174	2487914	5159276	3038207	2435830	1150331	2485403	4226228	3240542	1573626	1405540	3893975	1137086	2636095	740301	3426502	1498436	1842103	3364630	2673844	2763906	823603	1715190	1798958	2789069	1872835	3068052	3534	2586653	3784176	2389683	1207155	1606164	1835547	2546375	3098176	1412206	1546164	3668686	870414	1331897	2835390	2135359	2535688	1572061	2123640	3835885	2251010	4568483	2936467	914041	2799103	2076668	2001155	741049	2462908	4277608	2950141	3036838	2463474	4412362	2713818	1293070	3767937	6367	2781	3373
338.05209_2.349	494	0	0	336	267	358	276	0	174	302	0	106	115	0	423	0	254	135	24	2318	0	102	16078	0	15	789	149	311	168	219	5	108	357	121	117	137	0	13	0	162	102	0	0	156	418	327	122	4	0	0	384	113	0	109	138	114	160	0	137	243	120	106	111	102	368	125	403	114	541	392	0	103	0	315	491	940	36	0	109	0	312	155	257	165	0	112	166	365	220	255	307	122	251	0	177	119	111	126	0	37	658	103	130	0	189	259	345	199	321	351	509	196	133	484	129	0	30	0	370	347	0	293	145	0	333	130	0	112	129	133	172	0	0	122	107	233	262	109	97	140	0	126	311	132	169	0	138	119	0	99	114	125	164	162	128	52	150	354	560	475	311	297	181	141	169	112	149	135	275	0	0	0	230	0	95	0	150	128	0	274	156	0	148	207	194	122	326	0	135	158	239	383	212	558	627	146	0	391	471	278	174	88	0	113	119	475	263	4	316	0	123	126	127	154	261	124	271	0	150	119	0	0	92	127	122	0	630	192	750	5	183	350	140	339	462	162	360	103	369	0	124	90	158	508	296	400	0	254	0	0	102	212	273	232	0	198	564	0	340	0	289	103	NA	NA	NA	NA	NA	NA	NA	NA	NA	NA	NA	NA	NA	NA	NA	NA	NA	NA	NA	NA	NA	NA	NA	NA	NA	NA	NA	NA	NA	NA	NA	NA	NA	NA	NA	NA	NA	NA	NA	NA	NA	NA	NA	NA	NA	NA	NA	NA	NA	NA	NA	NA	NA	NA	NA	NA	NA	NA	NA	NA	NA	NA	NA	NA	NA	NA	NA	NA	NA	NA	NA	NA	NA	NA	NA	NA	NA	NA	NA	NA	NA	NA	NA	NA	NA	NA	NA	NA	NA	NA	NA	NA	NA	NA	NA	NA	NA	NA	NA	NA	NA	NA	NA	NA	NA	NA	NA	NA	NA	NA	NA	NA	NA	NA	NA	NA	NA	NA	NA	NA
338.05219_2.441	100	0	0	0	312	167	144	0	224	0	162	247	0	0	4	333	165	0	668	4719	158	558	31187	171	258	789	149	484	190	255	313	0	361	149	222	0	0	567	0	0	0	144	252	388	370	208	0	303	166	0	108	484	0	263	680	274	160	331	496	0	0	280	210	0	0	116	6	156	0	1603	301	246	0	104	673	940	1271	0	0	0	122	0	0	0	111	0	0	0	132	293	312	199	120	0	0	269	0	271	0	592	280	0	0	0	0	213	228	155	321	0	0	757	306	537	0	161	0	0	0	663	0	0	299	0	108	0	0	248	431	297	0	368	0	152	0	0	233	700	749	0	480	0	188	229	333	0	0	0	0	282	252	0	0	607	377	404	251	103	0	171	0	371	276	562	0	0	520	104	0	0	0	0	0	0	0	0	254	0	0	0	240	192	0	0	0	225	0	0	0	0	0	0	0	462	467	0	400	0	0	216	0	0	0	0	0	28	0	0	331	0	270	366	0	295	180	423	183	0	0	0	0	0	0	227	149	508	0	0	750	350	0	350	662	0	0	0	0	0	7	221	0	0	6	331	0	0	0	463	504	1174	0	415	128	0	236	0	0	0	340	901	0	105	NA	NA	NA	NA	NA	NA	NA	NA	NA	NA	NA	NA	NA	NA	NA	NA	NA	NA	NA	NA	NA	NA	NA	NA	NA	NA	NA	NA	NA	NA	NA	NA	NA	NA	NA	NA	NA	NA	NA	NA	NA	NA	NA	NA	NA	NA	NA	NA	NA	NA	NA	NA	NA	NA	NA	NA	NA	NA	NA	NA	NA	NA	NA	NA	NA	NA	NA	NA	NA	NA	NA	NA	NA	NA	NA	NA	NA	NA	NA	NA	NA	NA	NA	NA	NA	NA	NA	NA	NA	NA	NA	NA	NA	NA	NA	NA	NA	NA	NA	NA	NA	NA	NA	NA	NA	NA	NA	NA	NA	NA	NA	NA	NA	NA	NA	NA	NA	NA	NA	NA
344.27988_5.613	641860	0	4693	413292	513817	364535	654369	581554	1034960	641314	807353	672442	656392	0	537329	630249	706648	1289804	454812	1499492	1352024	940964	886108	873756	443259	374192	783295	746616	1245479	664321	543479	937680	525921	2007760	473731	1170688	503444	651792	0	745533	359343	386342	1049172	1522234	809224	983190	476762	781532	1062920	585566	923559	580184	646198	614665	2146776	662356	654696	1173603	1114025	861281	899788	914457	1021705	400510	480212	607894	1245044	841732	771852	676884	936084	695597	0	930358	760950	591808	539611	911904	378252	477222	587510	883825	675295	764341	418613	831008	1329826	425996	1287652	677521	943115	375676	663948	1188097	664682	555339	590017	689973	0	628388	583064	1272381	493817	316708	9081	14574	5009	3447	6844	685562	1014584	6158	8104	5765	11318	11630	4419	8230	12459	6183	3839	3643	8317	6216	1273	3726	3529	5247	12984	2331	2657	3494	5362	2903	4019	3694	940	1201	2592	2872	4399	2166	2593	4997	2329	2696	1033	900	0	1531	2339	1921	3503	600	3062	7458	16519	2404	1766	1066	860	584	2251	1614	1960	1895	2045	1038	1818	1137	1040	102	696	605	2081	1270	431	466	1388	1485	1148	1730	1015	624	2079	359	1413	355	81	1154	0	2674	455	813	1117	879	1249	1316	1008	185	3693	2489	1554	1573	0	326	641	271	0	1146	4304	107	404	479	1199	206	587	993	303	342	277	401	119	1043	1044	945	455	1217	69	1209	450	337	1211	231	217	0	1450	3145	1047	440	765	6872	3712	4015	1006	1144	1003	412	1804	85	2624	902	862	251	587	369	268	495	1036	399	394	1061	NA	NA	NA	NA	NA	NA	NA	NA	NA	NA	NA	NA	NA	NA	NA	NA	NA	NA	NA	NA	NA	NA	NA	NA	NA	NA	NA	NA	NA	NA	NA	NA	NA	NA	NA	NA	NA	NA	NA	NA	NA	NA	NA	NA	NA	NA	NA	NA	NA	NA	NA	NA	NA	NA	NA	NA	NA	NA	NA	NA	NA	NA	NA	NA	NA	NA	NA	NA	NA	NA	NA	NA	NA	NA	NA	NA	NA	NA	NA	NA	NA	NA	NA	NA	NA	NA	NA	NA	NA	NA	NA	NA	NA	NA	NA	NA	NA	NA	NA	NA	NA	NA	NA	NA	NA	NA	NA	NA	NA	NA	NA	NA	NA	NA	NA	NA	NA	NA	NA	NA
346.12283_4.489	178	0	0	355	264	0	164	0	234	56	250	123	7650	119	202	0	280	5	193	0	402	228	539	114	130	0	0	17	0	231	0	5526	239	445	384	7531	295	7043	111	116	205	137	345	98	0	212	473	196	243	96	259	490	6584	232	0	457	464	114	0	0	467	132	0	231	0	0	562	105	149	0	216	8141	0	0	106	0	324	120	0	297	0	297	91	0	228	306	7482	180	468	0	262	102	378	0	212	425	179	7674	0	0	192	150	0	593	210	127	322	100	154	116	172	0	272	556	329	149	165	227	306	0	117	0	265	546	330	0	131	5	252	116	262	0	295	341	654	103	570	338	164	387	125	414	542	221	366	0	403	9290	0	463	102	496	500	300	365	107	0	575	0	390	917	226	0	343	321	226	306	290	244	587	96	106	416	347	0	1143	0	0	697	391	170	404	327	4096	534	311	462	347	541	9681	0	1347	2817	769	1744	1906	2294	1772	3412	3509	2746	3426	3265	2998	3962	4411	171	2878	4644	1977	4227	5361	1772	2193	5728	874	3681	2868	1929	3452	2332	3289	2358	2497	3234	4237	2325	4119	3777	4835	3326	3967	82709	4633	5368	3402	2008	4213	4437	10472	168	3945	4810	1409843	6000	2676	3665	3294	1017	3459	4751	4745	6214	4707	5431	3308	774	5186	7148	1754	13810	2391	12609	172	0	217	504	480	312	367	260	448	209	757	0	1239	702	0	85	0	118	205	480	7342	543	286	657	280	333	1757	484	366	113	330	295	417	137	704	0	171	1213	288	237	395	323	165	727	230	501	276	131	107	288	0	453	454	898	1016	279	256	509	412	394	181	577	1009	210	332	440	517	590	119	212	620	268	192	1031	643	560	692	491	8324	142	454	817	761	193	676	1006	558	1102	1004	548	744	611	1083	333	218	1175	708	1144	1424	1604	416	247	224	1091	210	1090	1104	1041	590	636	1015	1068	544	303	1279	286	0	186	349
347.11795_5.522	3101	20	278	3916	3781	4281	4304	2130	4061	5387	266	4501	7374	185	7179	4081	3665	5262	6223	6268	3568	5795	4954	5965	5537	5177	8532	6747	5665	6295	5437	5702	9081	7199	5705	3242	6379	10664	367	7122	517	3531	8160	7145	6280	5702	339	4088	5716	284	3607	4896	5993	5957	9695	5441	5128	5408	7011	8268	7930	7831	7531	4596	6941	7259	9015	8117	6129	10058	5096	10775	192	7741	26320	17213	7092	5909	4483	11699	6161	8019	7038	4395	384	9438	3784	8569	8261	4706	7904	4326	3329	7283	6857	7195	4672	12166	140	8026	3513	8052	7331	7413	6112	4537	5223	2659	5720	9171	4266	6543	5093	5366	6578	7117	5770	7262	3494	6130	10625	6786	4395	5733	5731	8829	5323	6224	7029	5329	6541	8586	329	5497	7923	4794	11717	9865	6024	3509	15228	5516	5156	7329	6498	7121	8060	12631	129	10052	11941	8366	2987	12192	15130	6572	5722	10058	11109	7717	4568	9555	10193	7337	9922	15177	8224	6578	7012	10473	10144	8358	8649	9452	12809	6236	10505	15211	345	10413	5689	9230	5489	7359	8145	5483	7077	4660	6198	24225	260	39453	16550	22150	17969	18601	14886	22139	11337	17233	12814	16255	16888	22030	25393	27372	26528	29355	17846	28150	16212	16181	25040	19251	18782	41647	30489	23434	38110	32326	19786	33518	25159	16345	17882	17900	28451	30305	22031	18690	37972	17040	26719	17456	31829	25808	17847	14326	23112	23682	750	24617	13565	29340	21499	32975	38836	33421	25183	53786	15877	26650	16663	32338	16580	16308	34448	11081	28074	24379	33202	19719	59212	33059	43827	61129	34742	41336	36628	37850	42885	38246	56940	29961	37966	38714	41540	40917	56283	45348	39084	53132	54188	40577	654	65980	43353	48822	21773	957	828	67260	39316	77877	32682	26840	40924	40278	31885	47939	46329	43321	49694	49180	50321	27779	53778	43394	64522	26598	40681	64842	38105	46566	53006	45756	58578	35545	60675	58594	41326	35631	48452	48678	62685	55002	55341	43436	67207	74639	39208	43678	59959	24309	48781	42581	44566	33554	25091	36478	44438	18253	1273	69627	21514	36674	79860	56812	55574	49136	47405	34786	22960	37161	37826	30691	46332	46062	49051	43653	56164	39749	46912	36594	31666	48354	22203	54085	55991	43133	44159	42965	38583	39258	36166	40917	42571	2046	37166	1205	1017	238
361.20081_5.113	56	272	489	384	0	1228	0	0	0	0	418	0	268	151	0	595	0	0	780	0	220	0	436	263	10	366	0	0	0	544	0	0	0	0	0	523728	380	1102	114	0	656	0	538	0	345	0	0	486	0	399	393	0	0	0	0	1054	0	0	0	0	302	0	0	276	0	0	1063	0	0	0	0	0	170	634	496	0	0	517	335	0	0	224	388	0	241	0	436077	9	0	0	0	0	339	0	0	0	0	0	0	0	0	0	740	0	308	0	575	367	0	0	0	0	243	309	0	0	0	12	0	912	0	0	0	0	0	0	0	0	0	0	0	0	0	363	380	0	0	0	0	0	0	0	399	0	0	486	0	333	409	765	637	0	0	282	0	818	0	0	0	14	0	0	0	402	0	0	0	0	0	0	0	493	0	0	0	0	0	415	0	377	0	0	0	0	416	0	340	0	0	672	0	0	860	368	0	0	0	586	0	0	0	451	0	0	0	547	0	0	0	0	0	0	0	530	0	1325	0	0	0	0	0	0	0	0	0	408	1870	15	0	0	18	420	0	0	507	0	0	0	0	0	295	0	0	0	533	841	0	0	0	0	776	0	15	0	0	586	0	554	0	0	1053	52	NA	NA	NA	NA	NA	NA	NA	NA	NA	NA	NA	NA	NA	NA	NA	NA	NA	NA	NA	NA	NA	NA	NA	NA	NA	NA	NA	NA	NA	NA	NA	NA	NA	NA	NA	NA	NA	NA	NA	NA	NA	NA	NA	NA	NA	NA	NA	NA	NA	NA	NA	NA	NA	NA	NA	NA	NA	NA	NA	NA	NA	NA	NA	NA	NA	NA	NA	NA	NA	NA	NA	NA	NA	NA	NA	NA	NA	NA	NA	NA	NA	NA	NA	NA	NA	NA	NA	NA	NA	NA	NA	NA	NA	NA	NA	NA	NA	NA	NA	NA	NA	NA	NA	NA	NA	NA	NA	NA	NA	NA	NA	NA	NA	NA	NA	NA	NA	NA	NA	NA
361.20139_4.969	20246	4	675	19885	16437	17069	17166	17541	21119	20565	30207	21101	20170	296	16292	17891	24760	23825	14476	16125	20090	24077	23499	13705	16940	21712	20591	23501	23795	20121	14781	20541	16401	22116	17654	10726	17325	21134	329	19271	15946	20451	20374	18556	23100	17043	29901	22901	19263	32791	25505	19109	26445	13186	25807	22972	21822	25801	25971	22381	18940	15435	23290	12869	12551	24672	21507	19757	25798	22892	33157	20700	194	28852	13954	14182	19153	20443	23071	21495	23505	22890	15511	21793	26359	13706	1839	34066	28231	22843	19414	21578	24830	19491	16761	18287	26277	21680	191	26473	23378	21106	20598	23081	25436	17889	27586	21683	22124	24631	19507	14970	27717	16705	23388	19832	33811	21998	16677	15639	17210	21281	20881	24044	32677	17745	22720	27944	21966	19349	25760	25424	23792	21979	23863	19153	22686	22455	20058	20843	22066	19803	23745	32973	26033	26747	27579	21854	0	26435	27140	23288	22265	20927	21621	24306	31309	21062	20378	22503	24095	20017	20400	27766	17478	12648	19916	18516	21244	22485	19668	19780	25955	27010	23876	22307	29295	16608	24630	17184	31792	24709	29079	23943	27704	33806	22845	25792	29638	40152	108	37983	44298	39080	47478	45034	37483	42069	37246	34149	31258	36813	36025	47312	43246	40912	38053	29221	35941	46714	43256	32517	33678	35449	34768	37029	41026	29931	40062	53920	50110	38298	31004	24017	42113	34229	48886	34803	30769	49050	42914	52587	38495	39237	34300	40588	41193	40270	45697	39286	5	41818	39093	33695	35058	48804	49462	41855	33649	34900	40222	41890	44970	38313	40154	38326	35696	47668	41035	34448	31699	37770	NA	NA	NA	NA	NA	NA	NA	NA	NA	NA	NA	NA	NA	NA	NA	NA	NA	NA	NA	NA	NA	NA	NA	NA	NA	NA	NA	NA	NA	NA	NA	NA	NA	NA	NA	NA	NA	NA	NA	NA	NA	NA	NA	NA	NA	NA	NA	NA	NA	NA	NA	NA	NA	NA	NA	NA	NA	NA	NA	NA	NA	NA	NA	NA	NA	NA	NA	NA	NA	NA	NA	NA	NA	NA	NA	NA	NA	NA	NA	NA	NA	NA	NA	NA	NA	NA	NA	NA	NA	NA	NA	NA	NA	NA	NA	NA	NA	NA	NA	NA	NA	NA	NA	NA	NA	NA	NA	NA	NA	NA	NA	NA	NA	NA	NA	NA	NA	NA	NA	NA
363.21713_5.124	120470	1046	588	100254	106799	202245	84575	131534	84224	112668	95373	126354	111009	450	81767	180848	169195	191137	58382	162922	152122	127260	151160	83025	127808	131649	135823	124321	109008	112418	70929	256276	89492	136292	139532	115672	90711	117666	471	91342	77222	116637	119368	139302	154562	162334	257915	185060	129369	170659	144662	146991	193940	82648	178658	188383	131246	156767	117973	88625	82432	98884	154791	81020	65320	167873	118974	139828	166796	160449	241126	123378	631	143676	143476	155240	126393	162022	173236	96546	143587	120612	105491	123677	243676	75682	103548	220586	186397	123714	136753	120030	194515	80388	88538	124366	158458	125257	790	118113	155515	171978	124567	112158	167464	116836	131788	128631	77038	112867	112604	97218	152543	69979	130367	96932	134397	209982	85370	72472	161291	183333	114349	136344	157962	81473	168826	157635	105244	88051	117070	142736	151041	243812	126618	125467	184676	113780	175822	170655	163741	99190	122723	172706	134676	192032	174564	126538	120	117510	161897	144658	224654	103850	146517	256889	175562	220040	96033	126757	121320	121271	142116	147666	77904	61548	116330	86200	125966	199719	189326	175283	176311	153107	162643	183622	160552	88625	234302	132384	137254	150993	135569	123272	150418	165619	97817	114861	147559	239887	320	187819	269762	181188	303272	260688	213476	334577	194240	149915	129886	146974	140340	185029	371834	378761	357479	129934	187735	484353	237724	147356	186548	161095	176277	183335	260978	157234	211188	405334	279825	248409	324112	104426	204673	227392	450149	286062	115012	238402	221268	359994	366507	238699	168394	242988	222226	159684	370680	251775	345	289731	164953	281672	191511	393592	300879	262848	186554	407851	188860	232714	343755	390861	227944	223216	203006	200171	262690	206122	280070	207124	NA	NA	NA	NA	NA	NA	NA	NA	NA	NA	NA	NA	NA	NA	NA	NA	NA	NA	NA	NA	NA	NA	NA	NA	NA	NA	NA	NA	NA	NA	NA	NA	NA	NA	NA	NA	NA	NA	NA	NA	NA	NA	NA	NA	NA	NA	NA	NA	NA	NA	NA	NA	NA	NA	NA	NA	NA	NA	NA	NA	NA	NA	NA	NA	NA	NA	NA	NA	NA	NA	NA	NA	NA	NA	NA	NA	NA	NA	NA	NA	NA	NA	NA	NA	NA	NA	NA	NA	NA	NA	NA	NA	NA	NA	NA	NA	NA	NA	NA	NA	NA	NA	NA	NA	NA	NA	NA	NA	NA	NA	NA	NA	NA	NA	NA	NA	NA	NA	NA	NA
391.28482_5.781	1782	765	653	5533	13226	46897	33149	57279	52325	43596	30052	54242	58749	7120	47047	43758	34764	38324	40822	47429	25718	32920	20553	42478	44605	42223	30683	54583	81273	35284	44879	42536	36984	14850	55618	39065	34014	59117	10238	45869	4263	70581	37316	30981	41164	50814	34499	68901	33778	23109	58764	66374	37498	45656	27218	37633	35439	31325	40333	65217	51083	31664	43658	37105	44439	23669	38018	42174	66149	24120	39332	61586	4026	54133	49196	47604	48157	42368	49856	113777	110389	31811	35378	33249	26737	32220	41586	40854	30122	52172	38889	87136	35841	67242	35515	54100	43862	59161	4818	27016	20833	38642	36193	61228	35049	21261	42950	24341	26876	43392	36661	26675	48562	32047	42185	76401	34652	36582	34577	34914	176342	46315	34434	35628	40317	34917	37930	35647	45123	32603	29058	35492	7937	58280	46099	47636	54591	40399	35289	27868	44307	38227	29643	76529	39560	65022	28164	57500	15762	40583	42495	34701	38428	38283	42691	48083	73219	160814	38475	96647	58975	57979	33885	37605	60342	49247	39071	29860	37121	38046	83769	78308	65132	43397	42496	46621	37419	52025	110312	40141	40493	34190	45021	29085	45317	61467	41482	26537	95276	61389	5287	119526	146735	12324	54362	108929	37253	89773	43032	47870	65748	82633	124061	76734	52135	101780	40501	42849	41961	44878	51430	92691	44160	44617	41734	79710	52058	78794	32073	170091	196436	57214	43784	124527	81755	7011	53752	37422	28905	41390	31814	75859	41163	30440	44370	53591	36173	14070	55034	54257	2629	103512	33729	45306	55887	45518	137462	43437	31571	67381	15727	48524	75033	47356	30114	42055	51442	29830	54173	54190	59575	53914	NA	NA	NA	NA	NA	NA	NA	NA	NA	NA	NA	NA	NA	NA	NA	NA	NA	NA	NA	NA	NA	NA	NA	NA	NA	NA	NA	NA	NA	NA	NA	NA	NA	NA	NA	NA	NA	NA	NA	NA	NA	NA	NA	NA	NA	NA	NA	NA	NA	NA	NA	NA	NA	NA	NA	NA	NA	NA	NA	NA	NA	NA	NA	NA	NA	NA	NA	NA	NA	NA	NA	NA	NA	NA	NA	NA	NA	NA	NA	NA	NA	NA	NA	NA	NA	NA	NA	NA	NA	NA	NA	NA	NA	NA	NA	NA	NA	NA	NA	NA	NA	NA	NA	NA	NA	NA	NA	NA	NA	NA	NA	NA	NA	NA	NA	NA	NA	NA	NA	NA
406.23303_3.348	259	0	0	107	114	213	111	196	0	0	160	94	608	103	0	106	144	0	0	0	147	0	133	0	0	0	130	0	0	0	266	0	164	0	414	134	0	0	0	0	0	0	149	146	0	136	0	0	0	0	0	171	99	113	247	0	0	190	0	0	116	0	283	0	0	232	0	0	0	0	162	151	0	0	0	0	0	333	0	105	0	183	0	0	0	0	0	138	0	0	143	147	0	0	0	118	193	110	125	0	125	159	89	0	127	0	289	0	146	0	0	120	0	113	0	0	0	140	0	0	0	0	0	0	114	0	118	0	176	0	0	0	113	0	0	16165	199	0	0	0	0	0	0	0	0	113	0	196	0	0	218	0	135	0	0	144	113	0	0	107	0	0	0	0	16144	87039	0	0	0	107	132	0	0	481	122	162	0	0	0	15804	0	0	149	0	242	0	0	116	155	728	0	259	0	604	0	124	0	222	296	93	0	282	0	259	4	122	0	13	245	115	105	148	115	0	129	126	512	226	0	240	0	114	219	3	354	106	135	0	13	0	261	130	101	0	0	0	136	207	0	1355	142	0	281	279	100	0	177	139	330	281	196	134	109	181	106	0	110	0	108	263	0	442	0	250	135	112	414	192	0	290	147	125	0	0	197	0	211	0	0	0	0	0	149	277	0	0	209	271	123	114	4	0	0	126	102	0	0	212	0	0	173	0	0	150	0	108	0	0	229	318	1759	173	119	291	106	0	421	0	0	0	279	0	0	0	251	14034	148	241	0	198	137	109	0	132	0	142	150	105	18822	142	0	256	103	93	225	244	106	0	113	3	3	16257	14150	109	0	0	0	0	135	0	20	0	168	0	115	0	0	211	125	0	284	125	126	138	126	115	0	0	0	0	0	0
426.32318_5.62	18927	11693	4649	10051	19068	8467	7109	10652	35196	7853	13263	3772	25130	9109	17913	15795	11479	8718	7981	17984	16461	18975	5657	25971	17855	8149	19460	12708	25419	14902	12146	14847	12188	18040	15043	12637	18592	32028	21730	10397	8975	11120	32199	10026	6648	28676	9811	19352	20005	4687	27722	17651	35337	19900	20219	23589	5530	18144	31703	47757	22171	21422	19340	27253	14191	9695	22975	19690	25839	16295	7953	12779	8194	21840	6298	9128	12922	12464	5037	43964	43057	16340	12320	11785	2635	16087	25748	18495	17457	17496	18883	24777	10580	26522	14867	13968	5997	19962	15463	16548	14143	19723	11657	18245	16284	13586	16429	9482	10180	26327	10204	10239	16298	28793	17612	15414	18826	22576	15434	13437	41709	11883	23112	16026	33632	15698	13872	12714	11429	12933	13112	14362	15590	20147	21338	19523	15547	11470	10599	12483	14399	13979	10005	24682	16338	18068	18151	24142	10062	21985	10266	14265	12713	15128	14851	25697	18970	35936	10565	23106	14754	11866	13380	2277	14042	15618	16097	13070	15594	16539	19018	18133	18070	16142	14890	9895	15702	14252	16245	23433	12685	12365	16788	13673	16899	15633	15663	7772	21920	22727	18968	22510	66806	23822	14036	12402	19064	21627	21018	12252	14872	14867	22145	14902	16388	30214	27681	13633	9290	9539	11986	21530	8479	17530	19990	18080	24540	18695	9257	31283	71204	19360	22589	38056	23397	16209	14914	19079	25715	13852	13516	32037	18042	28270	10852	18501	18085	24034	19344	17815	20349	44075	35333	18563	27249	23239	29988	37092	24336	22940	17910	29714	28515	30693	20911	20787	15146	22012	22853	18140	19306	21619	NA	NA	NA	NA	NA	NA	NA	NA	NA	NA	NA	NA	NA	NA	NA	NA	NA	NA	NA	NA	NA	NA	NA	NA	NA	NA	NA	NA	NA	NA	NA	NA	NA	NA	NA	NA	NA	NA	NA	NA	NA	NA	NA	NA	NA	NA	NA	NA	NA	NA	NA	NA	NA	NA	NA	NA	NA	NA	NA	NA	NA	NA	NA	NA	NA	NA	NA	NA	NA	NA	NA	NA	NA	NA	NA	NA	NA	NA	NA	NA	NA	NA	NA	NA	NA	NA	NA	NA	NA	NA	NA	NA	NA	NA	NA	NA	NA	NA	NA	NA	NA	NA	NA	NA	NA	NA	NA	NA	NA	NA	NA	NA	NA	NA	NA	NA	NA	NA	NA	NA
415.16473_4.652	59210	351	127	110546	52542	150867	51984	76009	129290	222884	367	134401	151161	0	352450	88940	115949	261831	98583	121443	35974	64947	107617	233270	93716	150527	430187	145906	170914	86546	151676	183954	330289	135638	229923	50237	144383	197608	101	139032	247	55903	83572	127034	271519	72988	132	277844	139300	407	49864	75103	74718	75276	146225	37932	104855	46498	45487	215542	102867	89615	69621	26799	233034	56076	180011	187860	80619	138526	132199	241837	255	158567	176972	457232	116147	102102	85973	390222	225681	121403	127242	105388	0	204231	33607	146624	107452	107109	266646	115433	67450	110372	285446	143403	183212	256823	147	435090	298458	364188	306449	536967	399689	486878	533852	191875	170463	510996	393115	589253	195494	411564	473445	314993	247609	335573	630053	202058	199583	459956	264731	188308	101136	347144	250768	538491	140147	221160	241048	208990	1365	345458	458066	95395	334318	331023	205117	347129	773484	304778	291852	550666	305801	188191	416212	285033	0	180835	390364	204867	274601	346784	306449	413942	355733	268194	549877	364873	177031	612898	304177	433678	408424	569092	573785	201105	275912	531437	250092	245536	507850	637844	303201	442616	455440	258277	169	524827	727116	294259	648856	443516	816688	481970	259599	484025	586714	401911	0	797468	244219	590534	512441	484970	510949	474743	233345	479858	397135	519467	185082	535725	586105	538087	464291	583417	243939	564348	223503	231115	511565	234297	488118	923162	403560	231465	529971	715437	384902	580499	695878	206353	489361	384480	838076	612117	183282	283358	702536	426153	527767	461934	661425	621230	380343	129601	291663	422558	327	327700	236701	598443	515725	873380	641656	643982	306544	855629	119618	375904	319357	573576	489132	269589	748012	74929	864747	579000	1257413	248031	904420	164545	473028	444332	211656	293330	316207	157856	364403	209403	497664	216838	247368	179278	613442	253685	417423	679388	455580	386529	593218	308948	238	297658	304711	255393	63545	494	328	559103	151308	811542	103501	78591	138735	137354	101098	317175	236617	108914	364629	481562	145746	538769	659078	219081	533085	158711	219533	360392	268716	245006	409509	321136	538996	284323	362686	244284	442578	361599	297796	403035	441017	271544	337299	192935	268450	760333	242456	236121	339554	194679	260217	225688	569210	347580	128166	176515	535214	406274	493	606060	87925	428637	658730	503945	331779	389585	285847	288834	111011	431822	280953	169886	305196	404077	492258	493478	405294	422921	225162	158912	339610	361022	147380	658764	402119	223572	364259	498833	265326	307382	377399	442873	321350	786	263725	379	198	349
415.16818_4.81	647	160	104	846	0	544	723	840	1124	1369	422	864	3065	0	2299	3	2343	2611	1583	1932	627	1678	2208	1494	664	991	1826	997	1367	1120	2897	56274	2631	2033	2384	46239	555	4404	136	2327	261	1098	2106	3607	2817	2623	106	1431	2519	0	304	1319	9708	593	4131	1057	615	544	2028	1995	2031	653	1560	1113	2172	645	2074	4188	1003	2321	1753	6284	275	2436	3621	10202	1570	2033	1345	3115	3501	1629	1010	508	320	1984	61141	1154	1732	2744	3315	556	1039	1843	2651	2061	1207	6184	118	4212	2159	5019	1222	6968	3007	1887	5477	842	1197	2958	2716	6020	2716	3551	4166	1518	1173	3250	4469	2795	1690	4075	3742	2633	883	4351	3488	4399	2235	1854	2485	2513	451	3546	5229	1397	2417	5013	2900	2843	7304	2536	1608	6557	4593	2163	4342	7846	112	4614	4938	3638	534	5071	5652	3253	3555	3084	5525	4066	1678	8349	3008	3526	6256	7881	5932	2469	3464	4878	4064	3493	8261	7295	7169	4749	9596	6105	0	6556	8186	4855	6259	4700	8673	5420	3240	3518	5173	9503	0	19066	6559	11558	12686	10607	11374	11227	4626	11243	7193	17311	5378	17710	16475	16083	21340	16698	9290	16401	6173	9446	19743	9671	13269	31530	11520	6819	23589	14450	11201	20351	18791	6925	8753	10093	20837	20062	5922	8228	25513	11098	12419	7898	24167	14498	16057	7228	8342	12089	0	6059	7122	13614	12251	20859	19194	15168	15058	28007	4297	9374	4466	14528	9240	8619	19280	2256	16034	17605	29308	5419	904420	164545	473028	444332	211656	293330	316207	157856	364403	209403	497664	216838	247368	179278	613442	253685	417423	679388	455580	386529	593218	308948	238	297658	304711	255393	63545	494	328	559103	151308	811542	103501	78591	138735	137354	101098	317175	236617	108914	364629	481562	145746	538769	659078	219081	533085	158711	219533	360392	268716	245006	409509	321136	538996	284323	362686	244284	442578	361599	297796	403035	441017	271544	337299	192935	268450	760333	242456	236121	339554	194679	260217	225688	569210	347580	128166	176515	535214	406274	493	606060	87925	428637	658730	503945	331779	389585	285847	288834	111011	431822	280953	169886	305196	404077	492258	493478	405294	422921	225162	158912	339610	361022	147380	658764	402119	223572	364259	498833	265326	307382	377399	442873	321350	786	263725	379	198	349
646.03082_5.65	490	1244	144	203	224	582	160	423	227	0	121	313	253	348	167	408	455	0	419	1698880	4575	874	487	230	817	11	185	514	226	568	765	0	0	526	227	0	732	479	0	0	0	328	282	141	165	210	477	0	212	0	0	96	297	711	184	207	0	181	0	0	0	50	244	147	188	139	255	704422	2660	1362	522	122	118	0	1468488	868021	4249	243	152	215	0	0	379	0	0	205	0	358	145	156	681	475	223	208	468	194	411	175	405	391	192	0	876	0	428	0	0	192	182	0	22	355	173	167	0	0	264	0	0	166	547	187	317	264	0	210	0	0	221	0	250	199	37	336	742	0	181	388	254	509	406	25	513	177	398	194	0	197	137	145	0	159	287	374	0	0	179	163	0	193	595	1812	166	0	501	165	515	269	0	460	0	0	0	150	379	522	0	140	28	370	211	271	0	0	204	193	24	230	248	291	439	253	0	0	254	0	885	256	241	0	203	161	343	573	403	0	0	160	167	508	7	56	300	148	421	163	373	377	0	154	0	234	0	564	223	176	0	0	0	170	0	323	0	0	232	977	500	0	396	0	0	0	301	374	0	0	0	406	217	395	205	0	140	471	309	0	478	340	536	203	732	66	NA	NA	NA	NA	NA	NA	NA	NA	NA	NA	NA	NA	NA	NA	NA	NA	NA	NA	NA	NA	NA	NA	NA	NA	NA	NA	NA	NA	NA	NA	NA	NA	NA	NA	NA	NA	NA	NA	NA	NA	NA	NA	NA	NA	NA	NA	NA	NA	NA	NA	NA	NA	NA	NA	NA	NA	NA	NA	NA	NA	NA	NA	NA	NA	NA	NA	NA	NA	NA	NA	NA	NA	NA	NA	NA	NA	NA	NA	NA	NA	NA	NA	NA	NA	NA	NA	NA	NA	NA	NA	NA	NA	NA	NA	NA	NA	NA	NA	NA	NA	NA	NA	NA	NA	NA	NA	NA	NA	NA	NA	NA	NA	NA	NA	NA	NA	NA	NA	NA	NA
171.16916_0.776	2244	0	241	844903	1167501	934425	762494	1223191	896965	752944	800458	857872	859672	93	705582	1052881	796173	827247	893461	899404	948995	1285920	1093158	876680	810408	1078392	845160	886976	923928	924565	901517	679151	1071439	861679	946170	674176	1002177	903778	0	870622	1315155	1323286	1313590	900058	935213	614301	1016724	1041891	1248435	1196477	1032490	1194498	534576	852028	963532	942269	1138200	1411646	1299043	1002192	867636	934455	938519	1306004	1198865	1263549	818028	1047260	866812	1153894	1222302	940700	0	788184	1168054	1143408	1004349	661854	1030944	960178	834757	1088599	935213	839857	1062554	1116177	702798	919357	937122	962437	1038810	911817	950015	1024288	1033489	589235	949832	968673	282	1099269	908220	1016405	1040239	617065	1081527	1194379	813882	974559	1038248	1264654	755423	1337336	875751	1040715	1148157	1321695	954426	699664	888938	897804	874299	1157028	1104163	624439	928315	1080890	1033572	789456	965103	1178109	1130018	963463	1168912	770462	997097	680823	588829	953016	860932	1193488	665882	1217661	960942	871648	1040113	787829	1186331	964598	121	1017440	919897	1013927	787054	1168237	1028208	756100	786803	758569	988492	850426	1151871	682530	809557	920385	774380	729034	1034753	1101971	848117	1043441	877871	1101629	659473	949957	940606	929299	1018431	660688	577423	748234	796084	964757	442449	1077294	921725	1183150	969805	919867	777828	1186245	0	979860	1331974	1531271	987691	1312662	1056987	1040231	1215936	1051097	1729615	1156238	1114914	1054857	1480608	1346998	1543012	1282329	1340909	1247681	1328274	1341867	1039167	926638	1535434	1143730	1077354	1373549	995035	1055214	1283839	893594	1269618	1365283	1664019	1043068	1214750	1297747	1608981	1297839	1007158	1208330	1180553	1314707	1006209	1099704	1057864	961548	1210999	1183304	117	1356049	1186431	1149184	1220217	1275776	1083605	737240	952229	1509768	1337886	1377296	1420364	1499124	1327058	1283959	1484687	1484752	1039459	720613	1244961	1633220	835138	1059754	866415	688526	855440	937210	1077417	1082813	793892	1151460	576741	787513	1216491	1134692	1042949	1061397	1090255	1195902	1211196	874996	938312	941348	0	972358	834685	819935	414299	1125037	735450	880329	952047	897161	923804	1022261	1038662	659038	906956	604166	762014	1095517	890262	948779	1130250	1190785	910704	1089292	1019728	1048602	940992	991039	698457	1084892	1003324	880532	1002873	1112088	1059334	885210	1438556	738301	839081	766548	1131587	1043145	778638	1146272	1029494	482876	831224	936570	904900	724001	1090148	994902	972214	931710	808535	797756	1156086	933996	0	1013271	1019847	1147683	920898	968885	610669	838867	822240	1063212	1087905	1006489	1052232	523405	1086744	1132572	855041	1211755	839177	1045943	1061672	704647	981467	932981	886693	822847	1006519	1251014	1038817	594416	1240584	863196	897902	1006810	1113238	1464133	1043164	155	0	157
210.09654_0.779	917	0	151	66482	62152	61757	50620	63663	54279	53508	55524	50737	62500	0	54147	59484	53229	56040	52846	53197	55008	60929	57369	54691	55736	55706	53991	53049	56649	59286	54792	51900	59190	56508	56186	48709	59151	61901	423	68747	67481	64682	61332	60300	55050	54972	56845	58666	62151	63675	61980	60952	57574	56666	58246	56436	58486	63639	58256	57115	66289	55363	63572	65754	63325	66529	54241	56048	63420	58280	63790	62025	356	63430	63698	63213	55629	51855	56317	53204	53895	59569	57253	50337	63265	58168	49095	55504	54632	59133	55638	53730	55386	61540	62930	51507	60509	64682	108	57462	49895	56189	60109	57740	50782	55051	55081	58543	57996	53787	55584	59775	54307	53755	56764	56455	49520	54927	54889	53537	58936	54156	59469	50409	52367	56526	48634	59071	55696	58083	53379	58930	54627	56668	51278	52517	49397	51984	54860	57913	56434	55031	55049	51672	55674	52522	56244	57723	0	54819	57784	61054	48170	58356	55297	53275	55360	51736	49141	48920	55557	52678	56773	50381	54223	50945	51868	55276	56782	54345	58684	56085	50435	50858	54062	52529	59096	48734	53184	48866	53464	56257	52344	51518	51041	50282	61318	55229	55246	126800	0	130148	141542	130158	119446	130618	131181	133988	133790	114594	135413	128176	118756	120469	119029	125308	133597	119340	136056	115011	129361	118630	121272	119840	121286	109569	127530	129527	123766	121259	120806	110273	124027	130474	126945	134607	132641	123195	119992	127096	117945	130979	106488	126510	108749	117529	124247	113179	132969	130808	236	135651	121147	117080	124297	127562	120309	114348	125872	125358	127960	133874	125275	128434	122679	129440	125706	119430	103424	120935	92113	125279	31665	41529	40750	42597	40722	45704	43674	45366	42338	41248	42160	46100	45667	48162	46927	40237	48331	44197	42790	39511	43072	44859	0	45244	42243	44324	41073	41129	42871	45806	45870	47030	46525	44601	42737	42017	43006	39670	41919	44845	47683	43230	45159	47008	46226	42039	48748	42179	43654	46863	46695	44506	46677	40824	47500	47459	44514	43533	57921	44032	42615	44074	44744	46953	41702	43915	46778	42078	44217	48090	45660	45914	43545	44892	48798	44178	41926	40551	43252	45191	134	45698	49919	48020	43716	41944	45178	40011	43411	44093	45332	44150	49403	45665	45467	43886	44136	45846	44180	46046	42789	44442	46567	50818	43137	47363	47007	45791	43114	42294	45012	41637	44340	46772	46110	47472	44454	0	0	219
170.0612_1.193	1364	238	0	61250	1338814	3138	933399	947962	1570940	1525408	1537962	658114	1273813	288	563422	1401552	342104	1489537	873983	1136908	1575369	1497989	1554636	864494	1656588	1592894	15185	137993	119703	782956	763811	26254	751298	1283096	267833	957573	879491	352890	0	1044504	515736	1624781	1007204	980206	1646167	1335241	1720132	874908	1594537	1268712	1686942	732908	690752	1721824	1754050	1649175	1548212	906695	749584	6507	690006	103970	1596417	1689051	1420324	1706523	1711427	879570	1614295	1683645	1734874	1533160	108	1660510	1572134	1641103	1690763	1116245	1706382	9831	1662933	506685	113594	414634	1703170	985123	129273	805421	1202138	1564154	1728397	1662039	1680394	1559362	1573454	1706486	1639927	1572818	90	1076295	502998	1847017	256684	740692	226313	1860969	1588566	1765480	1784672	1760325	1771118	1383918	1679478	1722949	761308	1712926	1708464	1786049	1693104	1740361	359154	1747439	1784890	1694124	1764800	1795576	1706942	1749522	1710059	1674398	633948	796731	1737186	1797662	1723242	1662703	329876	667495	912338	1639378	1655406	1382680	1584659	1574737	1655258	1542267	1046297	1567038	259	1679115	1743389	1711580	1660749	973660	348138	1639848	1095421	334675	1620072	1557640	319538	1651828	1599277	332916	1754304	907454	1654635	1676944	593367	519285	1574095	1626710	1185468	1612524	1624270	1616602	1537158	1514867	1429122	1627236	1644016	1590156	1088523	1139438	997419	1579718	1483540	404123	671524	776075	317	47109	778357	1630251	1432013	23115	1595953	523318	1530152	761344	1766919	1643023	647633	206261	132367	17288	258344	37511	1654611	176397	1433000	1648424	1621256	1516029	1608886	749647	160573	1656042	1676054	28554	1578296	35474	1734748	1728707	1702574	1601199	214702	580066	566156	1688087	190796	1866164	392659	776172	612639	1698085	886092	1637680	691808	648672	131	55803	82777	392744	1730344	427132	148075	473873	464049	25482	1762421	1616744	1646088	28105	1151508	810848	156751	715230	22829	855860	289194	1638814	398230	1567068	663287	516558	1707602	780323	793119	1395563	237426	1414079	622674	723963	1436843	1319228	638392	1191363	252993	571512	1293078	311162	1109370	406334	0	131562	1320556	517843	641450	509719	143465	971436	565144	331972	977712	1457938	902043	1556658	1476318	212214	1040638	945387	830514	604234	1486793	535034	88726	812124	1267333	360857	571566	867072	1566832	1485915	806845	1493848	883241	1394872	379633	1148912	1693768	1458760	1493399	1324289	411241	1386527	1517513	1403393	1492062	1474953	276502	285326	136975	1497268	655414	1314649	1305934	1564930	591562	677094	1547364	435020	267	1398103	1343066	794049	609039	1440251	1482210	537313	327525	931589	683286	1360586	690765	1510492	945490	90020	873963	1587306	1319832	1401166	1508536	1442881	62212	286762	1540284	717125	898153	236979	1444740	961982	1446403	1451211	1482811	1498582	1522718	1084456	1049741	0	0	134
153.07715_1.264	1100	244	520	3208644	2036322	2887897	3029029	3057449	3069358	3084070	3081183	3366453	3633955	250	1683372	3269140	3200220	3181032	3432140	3323172	3482446	3481840	3359611	3414786	3467244	3356550	3350740	1900762	3445540	3547254	3508213	3262584	3459214	3365698	3514516	3386108	2313108	2598799	1305	3567446	3772006	3576926	3630754	3392362	3387793	3499600	3663754	3680651	3638534	3609226	3457032	3713370	3325469	3587710	3614484	3683362	3594350	3520670	3522905	2779032	2530389	3666812	3652250	3757762	3577628	3638128	3588380	3646490	3622176	3581208	3761170	3870400	1323	3570250	3639464	3705472	3557350	2271493	3552850	3545012	3672966	1664055	3633352	3677188	3642107	3721901	3523788	3598084	3664252	3667902	3676920	3542200	3586807	3489874	2182939	3540109	3709755	2420284	1214	3722280	3493796	3496590	2158844	3383030	3513624	3592109	3488876	3528010	3524057	3367019	3386021	3436369	3394563	3457722	3447918	3528550	3411738	3302806	3314276	3377537	3421179	3419882	3434308	3383419	3390914	3449263	3322554	3366302	3475786	3475839	3434182	3503334	3436062	3362614	3452633	3354641	3435576	3288478	3418786	3432977	3369508	3517053	3426212	3420206	3551588	3450991	3827881	3789648	1304	3691789	3547584	3475171	3526454	3481786	2756562	3452628	3671539	2280860	3455172	3405456	3423347	3421318	3461609	3425173	3534718	3549118	3475784	3484166	3572692	3544092	3554953	3537432	3403345	3523655	3416006	3338057	3387199	3420886	2182690	3458305	3460510	3508446	3494761	1855615	3401734	3334462	3353938	3443223	3550550	2422296	219	2754696	1903509	4020844	1701174	2149670	2607768	2072054	2625098	2293717	4067686	3774432	1835606	1457866	1734919	2303724	1939774	1676377	3927112	1892853	2205708	2452790	2417935	2167497	2488484	2780926	1906679	2144271	2302053	2226552	2246430	2673252	2531963	3998249	3954639	2690968	1515374	2131255	2176009	2505519	2358437	4173100	1784126	2678912	1232235	3909652	2294900	2376433	1731209	2473645	525	1829208	2022799	1781986	3947368	1535702	1767987	2126932	1942713	2402936	3991838	2320428	1961363	2602620	1933792	2547333	1935822	2630101	1798078	2290303	1734710	2223908	2601120	2902367	1972045	2909928	2999198	3144959	3089358	3049308	2995204	3112974	3010529	3149183	3169206	3348697	3173244	3110370	3193460	3182060	3167327	3048256	3232051	3011761	975	3249307	3135434	2152316	3027583	3083298	3027890	3248136	3246306	3180516	3155027	3146071	3083798	3092777	3011665	2823812	3218417	3254527	3132810	3060679	3034494	3165217	2887932	3051169	3173726	3207850	3076966	3173578	3205432	3198996	3146310	3139497	3074702	3179259	3240464	3213933	3519128	3204738	3169780	3200434	3322421	3287090	3209914	3186458	2044463	3201627	3241745	3112484	2588952	3273110	3362328	2921418	3260292	2485753	3121792	3267114	3294006	3259878	1356	3202778	3324593	3264075	3205148	3251485	3257271	3053536	3244812	3290986	3187693	3140971	3101259	3145079	3276971	3273273	3220905	3316287	3215174	3227080	3163460	3093280	3235246	3270362	3264609	3208324	3286879	2641050	3101164	3115204	3058920	3109489	3047056	3263720	3270591	3271471	3220810	504	988	774
135.12062_1.763	5600	1273	1181	801369	718442	831051	985465	1076904	1039862	695494	766244	2834920	851622	1292	2836662	2749460	3087264	3049591	2506131	2770320	3216889	3291190	1242382	2719348	2931181	2827008	2883865	3019056	3047792	1272496	1010209	3512134	1148129	1136760	3008210	3336952	3340622	3277674	1637	987847	1412813	3029699	3542274	3333577	3748327	3449918	1297739	1465796	3547742	3556987	1265541	3056594	3708993	1130862	1241600	1420933	3591112	3472701	3478215	2786752	3096055	3110706	3231564	1381842	3288957	3774168	3289786	3182496	3297532	3194614	3450184	3964852	5148	3532397	3111287	3072035	2848621	3004736	3312710	2923110	3103212	3055065	3080337	2747363	3340390	3231893	3131945	3010150	3136063	3064772	3052103	2936522	2781719	2799424	2876890	3447699	3140013	3528348	3623	3402102	3362405	3534149	3520955	3664666	3109689	3002665	3356422	3254609	3417239	3621052	3347442	3155784	2923140	3601510	3013383	3802256	3454782	3726938	3496558	3228577	3027212	3651458	3678282	3403898	3893709	3587670	3872478	3485316	3297702	3329558	3206375	3669032	3231422	3712474	3598070	3653770	3550870	3222179	3086234	3241080	3366257	3606590	3617041	3533240	3458072	3208257	3477178	3291727	8073	3531314	3417422	4132347	3748450	3866892	3543338	3238756	3329506	3478470	3117408	3092660	3806070	3372729	3149531	3375467	3687423	3426225	3753228	3638058	3628916	3417597	3434447	3686440	3588321	3215646	3805368	3687721	3864046	3101036	3662668	3505533	3301788	3699119	3515411	3132532	3701978	3450740	3585212	3428423	3094286	3903463	7727	3779338	4014109	4056337	4188106	4113447	4491463	3798238	4131302	4111504	4021270	4417214	3805622	4310518	4495519	4509570	3872942	3519195	3896702	4066209	4140790	4258086	3683268	4051669	4450859	3131284	3982803	4475684	3722691	3256729	4358532	4153972	4055576	4139478	4153500	4142049	3954303	4136564	3811294	4285669	3401045	3575148	3841676	4039228	3543773	3827264	3916179	3776140	4337152	3991139	2586	4023076	4490106	3822502	4111305	4076180	3770296	3476840	3805085	3869829	3627525	4329949	4146608	4243572	4218692	4335966	3849488	3399944	3700879	4170441	3761406	4005676	3212844	3943769	3778255	3567088	4333142	3743054	4422568	3952986	3720020	3976530	4213870	3818416	4397292	3891942	4060633	4208701	4515708	4218526	4364854	4205430	3856828	4133282	1442	4271244	4070401	4306625	4918257	4168314	4053906	4021961	4021195	3921515	4044006	4616309	4400670	4494454	3722058	3418928	3668094	4241281	4612130	4046280	4387602	4299576	3683272	3862231	4613678	4159224	4091986	3834788	3999837	4027420	4304926	3720055	3867753	4333897	4307686	3836168	4276728	4291970	3684211	4181220	3763229	4032826	4094889	4607860	4360766	3851568	3919670	4402557	3825848	4619903	4186393	3731971	4184425	3649387	4190504	4113106	4475826	3899523	3333	4381502	3930213	4410430	3783622	3922946	4045395	3705892	4236682	4385670	4259160	4452756	3942376	4688041	4285904	4039806	3897376	5063910	4484513	4210354	4080251	4344410	3889045	4241220	4438346	4074718	4148882	4008511	3887094	4317955	4098538	4186607	3806933	4408953	3893090	4438596	4505217	2234	2035	1872
135.12062_1.763	5600	1273	1181	801369	718442	831051	985465	1076904	1039862	695494	766244	2834920	851622	1292	2836662	2749460	3087264	3049591	2506131	2770320	3216889	3291190	1242382	2719348	2931181	2827008	2883865	3019056	3047792	1272496	1010209	3512134	1148129	1136760	3008210	3336952	3340622	3277674	1637	987847	1412813	3029699	3542274	3333577	3748327	3449918	1297739	1465796	3547742	3556987	1265541	3056594	3708993	1130862	1241600	1420933	3591112	3472701	3478215	2786752	3096055	3110706	3231564	1381842	3288957	3774168	3289786	3182496	3297532	3194614	3450184	3964852	5148	3532397	3111287	3072035	2848621	3004736	3312710	2923110	3103212	3055065	3080337	2747363	3340390	3231893	3131945	3010150	3136063	3064772	3052103	2936522	2781719	2799424	2876890	3447699	3140013	3528348	3623	3402102	3362405	3534149	3520955	3664666	3109689	3002665	3356422	3254609	3417239	3621052	3347442	3155784	2923140	3601510	3013383	3802256	3454782	3726938	3496558	3228577	3027212	3651458	3678282	3403898	3893709	3587670	3872478	3485316	3297702	3329558	3206375	3669032	3231422	3712474	3598070	3653770	3550870	3222179	3086234	3241080	3366257	3606590	3617041	3533240	3458072	3208257	3477178	3291727	8073	3531314	3417422	4132347	3748450	3866892	3543338	3238756	3329506	3478470	3117408	3092660	3806070	3372729	3149531	3375467	3687423	3426225	3753228	3638058	3628916	3417597	3434447	3686440	3588321	3215646	3805368	3687721	3864046	3101036	3662668	3505533	3301788	3699119	3515411	3132532	3701978	3450740	3585212	3428423	3094286	3903463	7727	3779338	4014109	4056337	4188106	4113447	4491463	3798238	4131302	4111504	4021270	4417214	3805622	4310518	4495519	4509570	3872942	3519195	3896702	4066209	4140790	4258086	3683268	4051669	4450859	3131284	3982803	4475684	3722691	3256729	4358532	4153972	4055576	4139478	4153500	4142049	3954303	4136564	3811294	4285669	3401045	3575148	3841676	4039228	3543773	3827264	3916179	3776140	4337152	3991139	2586	4023076	4490106	3822502	4111305	4076180	3770296	3476840	3805085	3869829	3627525	4329949	4146608	4243572	4218692	4335966	3849488	3399944	3700879	4170441	3761406	4005676	14321417	17281630	16055618	15423410	16977444	17694156	17069796	17641372	15602332	17159616	15650714	17020258	18335000	17582134	17050698	17372084	17242398	17164388	18388822	16024934	16673018	18407584	1759	17750148	17669344	18927574	17499576	17872496	17408960	16198145	17526284	18098226	17642862	16853892	17086418	16244699	16266723	15154215	17040490	18127748	17694044	16695695	16523530	17161480	15111388	14953955	18023530	16642134	15890638	16882558	17065926	17028438	17102206	16389705	16168991	17682822	17206816	16198485	19050232	17417588	16605554	16970022	16760525	17268642	17410534	18178280	17634690	16821058	15886631	17568976	17339210	17375716	17706564	16705815	17368866	17552472	16090933	17416722	19010326	18490404	3021	16730334	18480484	17929734	16979682	16883022	16631879	14791990	18342162	17848516	17399674	17615912	16332493	17194462	17206812	16396198	16565711	18386412	16735508	17249266	16992992	17057152	17795302	17125258	18020074	16073436	17050058	17879998	17016578	16374250	16454068	16555120	16613366	17458630	18200788	17629772	17848922	2442	3905	1813
135.1221_1.834	10206	2390	1171	18975824	18881582	19185634	18561278	18828566	18175562	17489820	20114002	16790740	21037676	491	16588274	17618558	16489121	17470458	16559601	17465266	17887130	18428506	20010778	17777142	17784022	17753208	16452008	16908130	17228958	21422536	19909912	17879790	20902120	20614532	17818814	17947758	19214008	19777358	2384	20581502	22699324	17683164	19490052	18372556	18374522	18129076	22554104	21926792	18791908	18871360	20993460	18275044	18687710	21370896	21145646	22173666	18435552	19778558	19345284	17488174	17754142	18547846	18575956	22386432	18815988	19201694	18345036	18627778	18279740	17838892	19349434	19461910	1530	18665778	18605516	18753312	18110316	17996770	17524072	17141426	18176838	18809580	18475248	17156390	19199898	18818976	16019921	18299964	19051920	17973928	17483966	18305042	17996554	16862590	17985014	18926076	19620236	20296274	1696	18197742	16326351	17724038	18167642	16888884	17501150	17759348	17513756	18490702	17931748	18230562	16474659	17652756	16443592	17583758	16886954	18744370	17696292	16730669	16350694	18304378	17670596	16917346	18889926	16918892	17720980	18691194	17027368	16220557	16702963	18248580	17522412	17974648	16751530	16904412	18097490	17258962	17029776	16119557	17843330	17060704	17159206	17776888	18008530	16627748	18754358	16455740	19650162	19595686	8073	19089120	18320312	18296806	18079968	17638224	17684578	16990228	18762108	17759972	17655034	16216750	17863994	16750914	17327912	15999865	18499546	18161200	16887570	18152418	18306268	17780270	18200966	19214154	15558507	17429236	17623238	17186752	17224564	15372856	16393706	17651108	16826992	17277072	16878498	16819288	16928368	17797924	16754495	18254338	18250876	19624174	2768	19941440	19416934	19580170	17923758	18324264	19246286	19110540	19231582	18379200	20043766	18816680	18253800	18568700	18697914	18806800	17392724	18683124	18504958	17305850	18753074	18511018	17483762	16628258	19696120	18473380	18813588	18804348	17758664	17216486	18911446	18761962	17814104	19333996	19251290	18869306	18245474	16863802	19418920	18884822	18568700	19578352	17558218	19389070	16789100	18391078	18314654	17885992	18668984	19587096	4874	19878188	18672824	17617364	18993676	18482374	17561428	19394710	19154684	18373422	19025664	18880448	19352014	19225094	19052722	18731002	18202644	20306852	15761159	18560766	15711791	19548712	3212844	3943769	3778255	3567088	4333142	3743054	4422568	3952986	3720020	3976530	4213870	3818416	4397292	3891942	4060633	4208701	4515708	4218526	4364854	4205430	3856828	4133282	1442	4271244	4070401	4306625	4918257	4168314	4053906	4021961	4021195	3921515	4044006	4616309	4400670	4494454	3722058	3418928	3668094	4241281	4612130	4046280	4387602	4299576	3683272	3862231	4613678	4159224	4091986	3834788	3999837	4027420	4304926	3720055	3867753	4333897	4307686	3836168	4276728	4291970	3684211	4181220	3763229	4032826	4094889	4607860	4360766	3851568	3919670	4402557	3825848	4619903	4186393	3731971	4184425	3649387	4190504	4113106	4475826	3899523	3333	4381502	3930213	4410430	3783622	3922946	4045395	3705892	4236682	4385670	4259160	4452756	3942376	4688041	4285904	4039806	3897376	5063910	4484513	4210354	4080251	4344410	3889045	4241220	4438346	4074718	4148882	4008511	3887094	4317955	4098538	4186607	3806933	4408953	3893090	4438596	4505217	2234	2035	1872
135.1221_1.834	10206	2390	1171	18975824	18881582	19185634	18561278	18828566	18175562	17489820	20114002	16790740	21037676	491	16588274	17618558	16489121	17470458	16559601	17465266	17887130	18428506	20010778	17777142	17784022	17753208	16452008	16908130	17228958	21422536	19909912	17879790	20902120	20614532	17818814	17947758	19214008	19777358	2384	20581502	22699324	17683164	19490052	18372556	18374522	18129076	22554104	21926792	18791908	18871360	20993460	18275044	18687710	21370896	21145646	22173666	18435552	19778558	19345284	17488174	17754142	18547846	18575956	22386432	18815988	19201694	18345036	18627778	18279740	17838892	19349434	19461910	1530	18665778	18605516	18753312	18110316	17996770	17524072	17141426	18176838	18809580	18475248	17156390	19199898	18818976	16019921	18299964	19051920	17973928	17483966	18305042	17996554	16862590	17985014	18926076	19620236	20296274	1696	18197742	16326351	17724038	18167642	16888884	17501150	17759348	17513756	18490702	17931748	18230562	16474659	17652756	16443592	17583758	16886954	18744370	17696292	16730669	16350694	18304378	17670596	16917346	18889926	16918892	17720980	18691194	17027368	16220557	16702963	18248580	17522412	17974648	16751530	16904412	18097490	17258962	17029776	16119557	17843330	17060704	17159206	17776888	18008530	16627748	18754358	16455740	19650162	19595686	8073	19089120	18320312	18296806	18079968	17638224	17684578	16990228	18762108	17759972	17655034	16216750	17863994	16750914	17327912	15999865	18499546	18161200	16887570	18152418	18306268	17780270	18200966	19214154	15558507	17429236	17623238	17186752	17224564	15372856	16393706	17651108	16826992	17277072	16878498	16819288	16928368	17797924	16754495	18254338	18250876	19624174	2768	19941440	19416934	19580170	17923758	18324264	19246286	19110540	19231582	18379200	20043766	18816680	18253800	18568700	18697914	18806800	17392724	18683124	18504958	17305850	18753074	18511018	17483762	16628258	19696120	18473380	18813588	18804348	17758664	17216486	18911446	18761962	17814104	19333996	19251290	18869306	18245474	16863802	19418920	18884822	18568700	19578352	17558218	19389070	16789100	18391078	18314654	17885992	18668984	19587096	4874	19878188	18672824	17617364	18993676	18482374	17561428	19394710	19154684	18373422	19025664	18880448	19352014	19225094	19052722	18731002	18202644	20306852	15761159	18560766	15711791	19548712	14321417	17281630	16055618	15423410	16977444	17694156	17069796	17641372	15602332	17159616	15650714	17020258	18335000	17582134	17050698	17372084	17242398	17164388	18388822	16024934	16673018	18407584	1759	17750148	17669344	18927574	17499576	17872496	17408960	16198145	17526284	18098226	17642862	16853892	17086418	16244699	16266723	15154215	17040490	18127748	17694044	16695695	16523530	17161480	15111388	14953955	18023530	16642134	15890638	16882558	17065926	17028438	17102206	16389705	16168991	17682822	17206816	16198485	19050232	17417588	16605554	16970022	16760525	17268642	17410534	18178280	17634690	16821058	15886631	17568976	17339210	17375716	17706564	16705815	17368866	17552472	16090933	17416722	19010326	18490404	3021	16730334	18480484	17929734	16979682	16883022	16631879	14791990	18342162	17848516	17399674	17615912	16332493	17194462	17206812	16396198	16565711	18386412	16735508	17249266	16992992	17057152	17795302	17125258	18020074	16073436	17050058	17879998	17016578	16374250	16454068	16555120	16613366	17458630	18200788	17629772	17848922	2442	3905	1813
171.11775_2.159	102294	787	0	4869044	4890990	4994227	4933536	5221247	5214178	5161254	5495840	5113592	5690764	152	5561328	5307872	5460047	5489732	5060248	5336172	5719556	5824508	5903867	5473148	5624382	5532320	5886612	5571983	6151467	6225229	6229588	6192199	6143639	6055892	5979929	6192654	6514240	6616568	651	6704105	6407602	6314074	6209531	6492910	6514803	6646976	6935636	6840638	6744302	6735604	6741130	6560666	6670428	6838958	6929202	6778900	6917536	6852662	6734408	6447318	6803205	6591310	6927372	7148138	6899876	7076461	6781106	6833162	6804824	6911735	7046108	7535034	370	7181012	6912834	6313174	6505010	6296448	6680704	6621527	6876068	7013930	6863400	6312486	6644202	6569278	6838840	6764592	6899859	6739598	6462008	6649426	6636046	6547574	6493666	6959876	6872720	7636868	746	7056168	6944198	6909979	6824356	6886558	7061682	6932741	7082177	7068650	7079069	6829634	6869623	6762499	6767572	6849491	7302604	7238513	7136800	6972788	6889600	6978242	6986246	6738108	7091158	7055920	7180466	7115894	7011294	6975408	7143661	7058774	7031348	7340910	7247039	7157904	7421998	7208640	7175475	7065276	7231074	7483406	7204796	7292317	7134324	7205002	7479939	7111936	7756985	7640769	224	7251672	7014776	6977990	7075533	7291905	7087007	7046304	7840862	7328866	7079086	6941722	7044518	7134626	6869542	7115384	7400270	7308095	7076526	7008819	6806586	6817677	7368148	7303066	7317002	7424262	7220856	7010924	7077360	6961846	7062626	7155724	7364894	7360595	6904170	7198082	7113574	6786998	7221550	7186344	7451289	8645356	1136	8813499	8515283	8660755	8640041	8509941	8745226	8424031	8473544	8626361	8786195	8599653	8130032	8088928	8311326	8311144	8554819	8719401	8330680	8208908	8236735	8215744	8227908	8249426	8554962	8159307	8520555	8390193	8008296	7854527	8051324	8085766	8291852	8764252	8602878	8393341	8245231	8364979	8589441	8463629	8410370	8418850	8546855	8160562	8134708	8217198	8330284	8359890	8651662	8764720	318	8980142	8691766	8132176	8362478	8380994	8080076	8566908	8481287	8488223	8399338	8490117	8096502	8234812	8426687	8299712	8580610	8401719	8302821	8575495	7968693	8304777	5723046	5969280	5941810	6390680	6664663	6364570	6740018	6698512	6440058	6476255	6604264	6498768	7143588	6923229	6786478	6661762	6638586	6646738	6615008	6748570	6839561	7278151	633	6866146	6978322	6746656	7047634	6985752	6654942	6847884	7513006	6847814	6847192	7193116	7031880	6838907	6852378	6327628	6913085	7087974	6975664	7103798	7011744	7026610	6625857	7061370	7136824	7252652	6817380	6649736	6781163	6876628	6934716	6829256	7073126	7409708	7280882	6974606	7406005	7062452	6685716	7213210	7036599	7060264	7193921	7013195	6892500	6832204	7023664	7219934	6998512	7349898	7287656	6770419	6922432	6827115	6805938	6910056	7152880	7355651	799	7372838	6947633	6971406	6735092	6888324	6981892	7173926	7164257	7101364	7298798	6966032	6814804	7124512	6968016	6939506	7143174	7178236	6915576	6899506	6834269	7151961	6646717	6874890	7157334	6946514	6843340	6681408	6811199	6809216	6590852	6765994	7016219	6992004	7051926	6796586	6836982	1372	610	285
171.11775_2.159	102294	787	0	4869044	4890990	4994227	4933536	5221247	5214178	5161254	5495840	5113592	5690764	152	5561328	5307872	5460047	5489732	5060248	5336172	5719556	5824508	5903867	5473148	5624382	5532320	5886612	5571983	6151467	6225229	6229588	6192199	6143639	6055892	5979929	6192654	6514240	6616568	651	6704105	6407602	6314074	6209531	6492910	6514803	6646976	6935636	6840638	6744302	6735604	6741130	6560666	6670428	6838958	6929202	6778900	6917536	6852662	6734408	6447318	6803205	6591310	6927372	7148138	6899876	7076461	6781106	6833162	6804824	6911735	7046108	7535034	370	7181012	6912834	6313174	6505010	6296448	6680704	6621527	6876068	7013930	6863400	6312486	6644202	6569278	6838840	6764592	6899859	6739598	6462008	6649426	6636046	6547574	6493666	6959876	6872720	7636868	746	7056168	6944198	6909979	6824356	6886558	7061682	6932741	7082177	7068650	7079069	6829634	6869623	6762499	6767572	6849491	7302604	7238513	7136800	6972788	6889600	6978242	6986246	6738108	7091158	7055920	7180466	7115894	7011294	6975408	7143661	7058774	7031348	7340910	7247039	7157904	7421998	7208640	7175475	7065276	7231074	7483406	7204796	7292317	7134324	7205002	7479939	7111936	7756985	7640769	224	7251672	7014776	6977990	7075533	7291905	7087007	7046304	7840862	7328866	7079086	6941722	7044518	7134626	6869542	7115384	7400270	7308095	7076526	7008819	6806586	6817677	7368148	7303066	7317002	7424262	7220856	7010924	7077360	6961846	7062626	7155724	7364894	7360595	6904170	7198082	7113574	6786998	7221550	7186344	7451289	8645356	1136	8813499	8515283	8660755	8640041	8509941	8745226	8424031	8473544	8626361	8786195	8599653	8130032	8088928	8311326	8311144	8554819	8719401	8330680	8208908	8236735	8215744	8227908	8249426	8554962	8159307	8520555	8390193	8008296	7854527	8051324	8085766	8291852	8764252	8602878	8393341	8245231	8364979	8589441	8463629	8410370	8418850	8546855	8160562	8134708	8217198	8330284	8359890	8651662	8764720	318	8980142	8691766	8132176	8362478	8380994	8080076	8566908	8481287	8488223	8399338	8490117	8096502	8234812	8426687	8299712	8580610	8401719	8302821	8575495	7968693	8304777	15111443	16330653	14580012	15526375	16359061	17095114	16180680	16464488	15491158	16405373	16411550	16870558	17499012	17336796	16548454	16599792	16853936	16456723	17089188	16288527	17008736	18149838	446	17937652	17389416	17681462	16639063	17091058	17327362	17122672	17689676	17603222	17148448	16805556	16481892	16527617	16569117	15854661	17281600	17574610	16520288	16396235	16450423	16735070	16411661	16661584	17154926	17331340	16409928	16602866	16779792	17168338	16504491	16712805	17192416	17624770	17364084	17056052	18344290	17522748	16745808	17160982	17533650	17963734	17350412	17273512	17619144	17280316	17361140	17037272	17687596	17963174	17843870	17418798	17607030	17555098	17122486	17230704	18054574	18113882	444	17402324	18203492	17664528	17308852	17206678	17296770	16980414	17820484	17853280	17269614	17059488	17217164	17243764	17316064	17200102	17490174	17565874	17235674	16861660	16970914	16728221	17111896	17109842	17566428	17212352	17056326	17144900	16856328	16267700	16817942	16930908	16401850	17655970	17527496	17432716	16955304	408	144	165
171.11766_2.418	14801	637	230	12212181	12542275	8841192	12722047	12599143	12950311	9851074	13782196	13483308	15109060	369	13379585	14043248	13539128	13522058	14361213	14409098	15070370	14946253	14438037	14710398	14574982	14820170	14490562	14918746	15090007	15462278	15011868	14407060	15013585	15072727	15457352	15209961	15996177	17066724	1294	16266026	16636934	15942423	15524515	15543567	16015599	16209192	16776965	16990826	16382171	16289041	15895135	16866236	16171211	16820842	17085408	17265396	16316886	16581442	15806125	16053917	16370446	16757112	17009074	17537958	16521053	16653211	16557956	16798722	17067806	16863154	17620184	17996434	0	17020140	16912614	17244868	16702841	16902780	16683062	16613361	17186850	17156176	16617715	17179258	17339594	17341062	16500067	17290604	17904446	17619816	17122648	17041724	17038360	16841308	17221012	17000448	18201338	18865728	593	17599794	16979778	17041146	16989388	16286263	17008358	17282656	17028084	17248762	16936832	16599762	16444869	16726535	16726822	17085070	16561891	17346458	16801154	16509945	16389662	16864682	16978948	16774052	17571528	17088820	17082674	17335276	16834372	16692150	17211826	17398336	17776792	17835454	16908676	16824390	17117034	17286432	16921130	17058574	17679344	17639836	17277642	17672212	17356000	16979436	18374056	17375986	19599020	19204274	227	18978846	17909856	17806206	17675226	17640286	17927772	17968204	19261900	18016164	17943402	17465508	17676750	17186054	17698290	17446876	18083952	18132466	17664594	17685232	17791536	17653684	18011848	18132900	17316104	18038820	18056916	17495848	17162608	16895266	17566598	17736978	18165676	17970430	17259036	17152142	16919820	17347738	17675322	17955724	18337172	21474678	250	20794566	21200266	21133792	20377072	20942168	21207826	21287862	21140798	20342440	20709144	19560886	19785584	19455734	19933336	20052766	19896762	20152102	20392782	18991596	19910558	20018398	19751032	20180286	20528568	20898896	20261990	20224546	19895602	19356334	20328638	20174398	21038986	21337194	20691392	20768056	19888348	20246772	20819028	20509512	20702112	21578384	20226120	20543492	19492056	20220754	20411754	20679310	20939036	21996558	216	21663186	20228870	20601662	20874914	20451644	20070584	20398870	21030546	21606572	20874984	20546020	20941660	20522868	20509656	21142156	21110498	21832448	20056820	20217666	20081808	20920886	5723046	5969280	5941810	6390680	6664663	6364570	6740018	6698512	6440058	6476255	6604264	6498768	7143588	6923229	6786478	6661762	6638586	6646738	6615008	6748570	6839561	7278151	633	6866146	6978322	6746656	7047634	6985752	6654942	6847884	7513006	6847814	6847192	7193116	7031880	6838907	6852378	6327628	6913085	7087974	6975664	7103798	7011744	7026610	6625857	7061370	7136824	7252652	6817380	6649736	6781163	6876628	6934716	6829256	7073126	7409708	7280882	6974606	7406005	7062452	6685716	7213210	7036599	7060264	7193921	7013195	6892500	6832204	7023664	7219934	6998512	7349898	7287656	6770419	6922432	6827115	6805938	6910056	7152880	7355651	799	7372838	6947633	6971406	6735092	6888324	6981892	7173926	7164257	7101364	7298798	6966032	6814804	7124512	6968016	6939506	7143174	7178236	6915576	6899506	6834269	7151961	6646717	6874890	7157334	6946514	6843340	6681408	6811199	6809216	6590852	6765994	7016219	6992004	7051926	6796586	6836982	1372	610	285
171.11766_2.418	14801	637	230	12212181	12542275	8841192	12722047	12599143	12950311	9851074	13782196	13483308	15109060	369	13379585	14043248	13539128	13522058	14361213	14409098	15070370	14946253	14438037	14710398	14574982	14820170	14490562	14918746	15090007	15462278	15011868	14407060	15013585	15072727	15457352	15209961	15996177	17066724	1294	16266026	16636934	15942423	15524515	15543567	16015599	16209192	16776965	16990826	16382171	16289041	15895135	16866236	16171211	16820842	17085408	17265396	16316886	16581442	15806125	16053917	16370446	16757112	17009074	17537958	16521053	16653211	16557956	16798722	17067806	16863154	17620184	17996434	0	17020140	16912614	17244868	16702841	16902780	16683062	16613361	17186850	17156176	16617715	17179258	17339594	17341062	16500067	17290604	17904446	17619816	17122648	17041724	17038360	16841308	17221012	17000448	18201338	18865728	593	17599794	16979778	17041146	16989388	16286263	17008358	17282656	17028084	17248762	16936832	16599762	16444869	16726535	16726822	17085070	16561891	17346458	16801154	16509945	16389662	16864682	16978948	16774052	17571528	17088820	17082674	17335276	16834372	16692150	17211826	17398336	17776792	17835454	16908676	16824390	17117034	17286432	16921130	17058574	17679344	17639836	17277642	17672212	17356000	16979436	18374056	17375986	19599020	19204274	227	18978846	17909856	17806206	17675226	17640286	17927772	17968204	19261900	18016164	17943402	17465508	17676750	17186054	17698290	17446876	18083952	18132466	17664594	17685232	17791536	17653684	18011848	18132900	17316104	18038820	18056916	17495848	17162608	16895266	17566598	17736978	18165676	17970430	17259036	17152142	16919820	17347738	17675322	17955724	18337172	21474678	250	20794566	21200266	21133792	20377072	20942168	21207826	21287862	21140798	20342440	20709144	19560886	19785584	19455734	19933336	20052766	19896762	20152102	20392782	18991596	19910558	20018398	19751032	20180286	20528568	20898896	20261990	20224546	19895602	19356334	20328638	20174398	21038986	21337194	20691392	20768056	19888348	20246772	20819028	20509512	20702112	21578384	20226120	20543492	19492056	20220754	20411754	20679310	20939036	21996558	216	21663186	20228870	20601662	20874914	20451644	20070584	20398870	21030546	21606572	20874984	20546020	20941660	20522868	20509656	21142156	21110498	21832448	20056820	20217666	20081808	20920886	15111443	16330653	14580012	15526375	16359061	17095114	16180680	16464488	15491158	16405373	16411550	16870558	17499012	17336796	16548454	16599792	16853936	16456723	17089188	16288527	17008736	18149838	446	17937652	17389416	17681462	16639063	17091058	17327362	17122672	17689676	17603222	17148448	16805556	16481892	16527617	16569117	15854661	17281600	17574610	16520288	16396235	16450423	16735070	16411661	16661584	17154926	17331340	16409928	16602866	16779792	17168338	16504491	16712805	17192416	17624770	17364084	17056052	18344290	17522748	16745808	17160982	17533650	17963734	17350412	17273512	17619144	17280316	17361140	17037272	17687596	17963174	17843870	17418798	17607030	17555098	17122486	17230704	18054574	18113882	444	17402324	18203492	17664528	17308852	17206678	17296770	16980414	17820484	17853280	17269614	17059488	17217164	17243764	17316064	17200102	17490174	17565874	17235674	16861660	16970914	16728221	17111896	17109842	17566428	17212352	17056326	17144900	16856328	16267700	16817942	16930908	16401850	17655970	17527496	17432716	16955304	408	144	165
210.12831_2.769	10871112	494	292	46857	56637	932	39525	50234	58892	75136	77565	80811	61266	256	93144	98492	82931	1151	41254	2122	56702	2302	30811	105316	2310	124699	90803	56995	143831	102344	64587	55301	110528	88328	114649	75027	1104	110668	909	87687	138635	102141	155596	128948	114930	185243	119718	62128	167814	158317	103054	101524	125796	93417	2422	119850	78073	139460	121576	158482	73495	73900	103184	117488	157101	244563	148106	72997	112289	126792	134700	95272	425	98436	192550	92399	169134	2254	166433	182196	137374	268183	213527	175741	169729	230771	110954	185214	119067	183825	130288	211099	126858	201215	193305	144520	195935	137344	626	200084	338202	327998	153511	362376	236395	206999	187803	221882	368030	471389	344144	289354	267710	483817	371357	286836	404214	4714	459381	367202	537046	292423	525797	477011	588706	429294	574345	559492	529283	421327	470746	500818	400202	657635	449130	569989	540587	501781	584366	419876	386177	595415	541452	536708	465660	476186	438898	323398	674	491743	370706	381954	366438	554581	464415	339063	349923	387676	377411	381619	481449	398915	393024	438203	431719	413556	525516	448903	466557	381256	400881	459531	462528	510154	518584	446489	512310	9519	465689	413994	391405	373956	434969	376454	544227	351537	487915	326225	305618	544964	1073	649641	600147	513893	639846	423722	544024	421292	403920	646660	503238	776745	503665	698662	702057	782933	532526	356640	511944	605003	470873	561023	414688	472466	629955	528084	395643	656198	546199	326080	638472	386863	559115	407756	559949	480600	457562	576768	463213	609286	422732	652851	515671	523395	458053	512159	693189	477688	550138	584936	812	575338	681733	519815	731237	715835	502590	687901	560679	446312	749076	747550	706334	698646	583160	800686	873320	653291	636992	664158	900887	639839	NA	NA	NA	NA	NA	NA	NA	NA	NA	NA	NA	NA	NA	NA	NA	NA	NA	NA	NA	NA	NA	NA	NA	NA	NA	NA	NA	NA	NA	NA	NA	NA	NA	NA	NA	NA	NA	NA	NA	NA	NA	NA	NA	NA	NA	NA	NA	NA	NA	NA	NA	NA	NA	NA	NA	NA	NA	NA	NA	NA	NA	NA	NA	NA	NA	NA	NA	NA	NA	NA	NA	NA	NA	NA	NA	NA	NA	NA	NA	NA	NA	NA	NA	NA	NA	NA	NA	NA	NA	NA	NA	NA	NA	NA	NA	NA	NA	NA	NA	NA	NA	NA	NA	NA	NA	NA	NA	NA	NA	NA	NA	NA	NA	NA	NA	NA	NA	NA	NA	NA
210.12888_2.872	86992	0	0	11508204	11478571	11525928	11491151	11778832	11843403	11747785	12531509	12190684	13368993	341	12410491	12471972	12166991	12435972	12338925	12685818	13260581	13325553	13053455	12887933	12934244	12820089	12776290	12919591	13489891	13809955	13299994	13244171	13400144	13382194	13403071	13402041	14219308	15007255	259	14241438	14573541	14214930	14317397	13961957	14329083	14511153	15420674	15176930	14679235	14441634	14208452	14736418	11867968	14949565	15028060	15197601	14684600	14877323	14706425	14207513	14594221	14748122	14986824	15502384	14887003	14760049	14726253	14884406	15106689	15100203	15422505	16055718	549	14959165	14859000	14932126	14429145	14637360	14867410	14779891	15093943	15153676	14808159	14798116	15263699	14999735	14610573	15050557	15547683	15237611	14785214	14829376	14904780	14462388	15050029	15149880	15890125	16710252	272	15444131	15113582	15263297	14999780	14781200	15444560	15296180	15572299	15522603	14914551	14943329	14872950	14297180	14877573	15020238	15165389	15739232	15183932	14894708	15055584	15030220	14822165	14828397	15484414	15368865	15301913	15471890	14756801	14962597	15414706	15442817	15478954	15988846	15355210	15278306	15725111	15358863	15252144	15052535	15940510	15933008	15666782	15609215	15345796	15526984	16166588	15673804	17216704	16936290	164	16661262	15821715	15948452	15704596	15508270	15844158	15896758	17127882	15779775	15471644	15610044	15485146	15826732	15552264	15337116	16009730	15889501	15892105	15587429	15294141	15774197	15835728	16270778	15753443	16212512	15846521	15636676	15567281	15213537	15419997	15830023	16437923	15614126	15398645	15303374	15575512	15452421	15846181	15855838	16504247	19929868	161	20102612	19865142	19631536	19710778	19735338	20022244	19841528	19818480	19207348	19308296	19201242	18820048	18926484	19060696	19206890	19696756	19073054	19041540	18200292	18700966	18834972	19201732	19065830	19422976	19563408	19304152	19244256	18618154	18392732	19077288	19235106	19740540	20344940	19412518	19578372	19213746	19243410	19540940	19420010	19138170	19941314	19312144	19244212	18555060	19208260	19454248	19405030	19928826	20643648	634	20517838	19835504	19173848	19665284	19257936	19203252	19553022	20173548	20263060	19478704	19420314	19290492	19701756	19540694	19742128	19733316	20160538	18942782	19438104	18929778	19376956	NA	NA	NA	NA	NA	NA	NA	NA	NA	NA	NA	NA	NA	NA	NA	NA	NA	NA	NA	NA	NA	NA	NA	NA	NA	NA	NA	NA	NA	NA	NA	NA	NA	NA	NA	NA	NA	NA	NA	NA	NA	NA	NA	NA	NA	NA	NA	NA	NA	NA	NA	NA	NA	NA	NA	NA	NA	NA	NA	NA	NA	NA	NA	NA	NA	NA	NA	NA	NA	NA	NA	NA	NA	NA	NA	NA	NA	NA	NA	NA	NA	NA	NA	NA	NA	NA	NA	NA	NA	NA	NA	NA	NA	NA	NA	NA	NA	NA	NA	NA	NA	NA	NA	NA	NA	NA	NA	NA	NA	NA	NA	NA	NA	NA	NA	NA	NA	NA	NA	NA
185.09669_3.27	22683	0	1417	2182191	340859	2199996	2221876	2206113	2254112	2177135	2481085	2321634	2580460	196	2339096	2372847	2352696	2302668	2464881	2450948	2540647	2560901	2520974	2480399	2472641	2472788	2490513	2550302	2645433	2622642	2524032	2537165	2466786	2531682	2568540	2606226	2650882	2787482	550	2730672	2797197	2667961	2670066	2597593	2619642	2723235	2843916	2814690	2708490	2762763	2712477	2694692	2673765	2752155	2697249	2803391	2708190	2720806	2688952	2596599	2660972	2807982	2806040	2870536	2696415	2747662	2699460	2594315	2747762	2682679	2766125	2870134	672	2736272	2611444	2443154	2549216	2576342	2641549	2633326	2720164	2805469	2682162	2665568	2664711	2631270	2623451	2673425	2717039	2732482	2592960	2609616	2612677	2580198	2643286	2665034	2728900	2867431	327	2727385	2648211	2559421	2422846	2539016	2691599	2640902	2653970	2703612	2603894	2558381	2510140	2475985	2540053	2523076	2617476	2642719	2565066	2549774	2501234	2494294	2565732	2469554	2614510	2620518	2592132	2634710	2526204	2517944	2616636	2575368	2650623	2702624	2611079	2631696	2620514	2660487	2602634	2568662	2690382	2752782	2592303	2501983	2553346	2574097	2724813	2688042	2692368	2813139	0	2762777	2578952	2692077	2641857	2620062	2608635	2697395	2855906	2690793	2629366	2605858	2637182	2588438	2664094	2588855	2726676	2660806	2628240	2658281	2440367	2644705	2702230	2652456	2638792	2624392	2516802	2576499	2608205	2480921	2655909	2604306	2679082	2588956	2501903	2582089	2504685	2508166	2604142	2632328	2729340	4838124	1019	4801498	4808342	4794516	4444041	4492160	4873012	4864006	4838422	4727854	4767076	4466332	4602540	4516854	4608993	4575046	4309782	4704388	4590576	4405996	4642540	4593675	3951751	4605781	4558006	4548216	4710207	4742911	4324140	4390582	4636228	4381900	4639808	4801696	4717978	4708918	4465979	4472677	4692430	4673243	4256812	4657286	4504076	4422284	4502624	4576160	4677480	4644252	4830380	4798958	438	4748782	4653686	4477584	4656396	4551840	4569104	4517272	4608939	4701490	4644084	4654054	4580906	4581117	4308916	4555692	4363783	4925314	4495371	4499740	4038621	4672950	2353141	2565424	2350810	2525293	2648499	2630952	2520007	2468876	2437834	2419400	2433175	2535730	2594450	2554658	2505148	2455592	2491446	2411644	2524609	2448489	2545069	2669144	0	2582121	2586966	2503535	2487541	2497667	2424908	2484345	2621870	2499874	2480572	2367201	2300475	2395268	2347003	2323416	2515698	2515101	2424317	2357018	2337431	2357254	2282997	2372153	2435701	2504048	2322171	2344592	2342922	2469717	2422559	2383976	2478194	2474484	2491191	2475309	2507629	2480474	2345844	2476269	2486593	2531159	2482840	2422446	2431101	2413482	2560315	2470835	2519800	2579638	2561521	2486867	2535558	2406147	2440888	2459667	2525678	2538807	514	2422944	2450790	2461606	2456876	2454026	2436040	2373999	2548697	2523420	2476875	2412718	2395610	2419864	2439156	2461469	2489554	2480568	2425847	2327318	2381292	2382509	2381292	2426960	2529486	2494848	2365471	2439875	2386170	2365989	2341470	2371886	2393972	2515290	2497049	2449480	2429655	492	0	240
200.04732_3.394	18355538	1890	0	10770	14119	15789	7569	9651	16782	18270	22834	16773	19624	1998	17986	24770	14274	29994	10421	16747	11703	12895	7008	28454	13544	28332	20151	10405	43192	25117	13540	8594	25582	21644	20119	23133	46994	31907	6483	16062	42573	25242	45217	38775	33040	61437	30184	13416	62473	55820	26698	29308	35952	23554	15526	34973	18358	55161	31186	41667	13289	13733	31458	32567	46905	113977	41283	13410	27428	48829	47317	18607	3447	16971	52171	21743	59165	22240	42876	58716	37086	117581	50967	48420	39358	58898	25971	50878	27738	54469	31924	74275	46809	78248	56272	35435	69902	36341	2280	41284	95102	84823	27557	97868	36592	41903	32469	35014	81855	113459	58078	50771	51772	132586	85170	61277	103160	138606	108625	72402	135385	44885	168835	124644	180567	102507	157934	145156	159362	103287	118353	111132	84385	249185	124397	144694	157212	132973	190242	87863	68210	183061	149769	176172	100371	103515	105018	63911	2354	152476	83299	71201	49946	128705	122953	58957	62939	79361	73064	71960	118626	64935	59137	92441	102535	85194	130406	99102	115237	81736	76728	116537	132693	122269	131279	100866	120024	121922	132082	70450	80590	70575	109857	86697	153544	43036	115690	56374	53077	98090	2314	129601	136787	135533	156025	97444	116839	84190	86698	202491	118048	296899	117756	209900	262398	348983	97447	86566	161239	157935	110354	146965	81780	109176	243658	168410	96578	233481	160998	70979	204014	108706	176779	101615	159030	133030	103497	193280	112324	181022	114959	236778	151026	162679	95097	125103	284155	126391	171555	155821	923	148750	142645	153559	271232	208873	143628	243035	158459	110777	296305	251421	273933	245021	151781	313663	390929	200452	142709	150304	443806	227621	33627684	33226438	32858604	35331700	37286488	28547622	28585562	28642942	28841410	29387908	28306110	29364026	30228042	28920838	29394318	29216748	29198612	28570670	30139888	29747384	31099864	30385132	1295	32397532	31940876	30087564	31229340	30630198	30115494	30598146	32443514	31424682	30467234	29680474	30292650	30615120	28972310	28828894	31566590	31155762	29918972	28914014	30475460	30055970	29210278	30390236	31482734	30892214	29471736	28703336	30223290	29822680	29549494	30001814	30472938	31478504	30380666	29309592	32212292	29405524	29424284	30734100	31356560	31529066	30827412	29489102	31393680	30792194	30923256	30240246	32061594	31923524	30982634	30279746	31346284	30942826	30072800	30689436	32256480	30012584	1342	31461008	30502890	29937942	29956356	30146928	29551014	29408012	31687178	31121172	31453066	29857064	30404696	30523740	30353394	30754992	31055136	31124620	29875910	29327414	30136216	29941704	29481384	29453874	31161408	30256512	30217096	29393496	30949986	30543438	28533270	30230494	29801422	31073528	30515612	30123690	30160100	0	189	355
200.0482_3.467	273056	329	0	18942556	19924358	19953186	19980728	20098642	21005172	20248536	22143208	19451036	20958588	801	20744052	21102386	21126658	20959106	21438690	21989942	22016458	21525014	22152276	22258358	22272916	21830172	22649404	23482898	23847816	22108950	22394092	22420680	22885730	22015802	23011802	23705212	24408116	23551812	1181	23273994	24573002	23523162	23925930	23566500	23501926	23673234	24662602	23506460	23773920	24793374	25387272	23447126	23661780	24971862	25485150	24260654	24270574	23765068	24019086	23103266	23493412	24156764	24239542	24316688	24080532	25155014	24456600	23808162	24398110	24411952	26100064	24521676	284	24020924	23325364	23562928	24505844	23670090	24716680	24452280	25190400	23680336	23906500	23577932	24142028	23158534	24208318	24108226	25090222	23915942	23783938	23860650	23907388	23403462	24112924	24306162	25337140	25096800	90	27279978	27559370	26839198	26646480	27082474	26730308	26910636	27077202	26696524	26438726	26024336	26347236	25904912	25593988	25312276	26661218	26528024	26577254	27097622	26261152	26476130	25698662	25369260	26932554	26483534	27268792	27625794	25819784	26566828	26615118	25865594	26972726	26913180	27059566	27722320	27097882	26814658	26094514	26113556	27663352	26060326	26233986	26431782	24891114	26166400	25894520	25308120	28164770	25567328	237	26154636	26564334	27244578	25648984	26298650	24681708	26025690	27761286	25923192	25950492	25971470	25905750	26063730	24931704	26518698	26901948	25852838	26049470	26493352	25146004	26136204	25305924	26580546	26923022	26162734	25774462	26285228	24930246	25791458	25018426	25870448	26367558	24773170	25711376	26390220	25350928	25421836	24491638	25399422	26719544	28618930	1151	29377034	28545518	28406556	27964472	28390874	28160640	28176364	27588226	30986790	29230878	28949382	28556766	28150294	28879174	29245120	28951644	30927800	28299788	28694590	29097366	29101512	28707256	29330270	29934136	30827636	29509392	29413664	29217884	28896730	29187048	29291550	30407826	30776140	29528622	29658242	29540582	29653272	29829070	29668944	30248428	31202584	29789090	29086964	28760150	29471614	29631436	30096254	30671708	29555708	1232	31597170	29655838	30185208	30008754	29746804	30086386	30051916	30688184	30272574	29484782	29353750	29772562	29144300	29121302	29635424	29561582	30572162	29145694	29395338	29751476	30154158	33627684	33226438	32858604	35331700	37286488	28547622	28585562	28642942	28841410	29387908	28306110	29364026	30228042	28920838	29394318	29216748	29198612	28570670	30139888	29747384	31099864	30385132	1295	32397532	31940876	30087564	31229340	30630198	30115494	30598146	32443514	31424682	30467234	29680474	30292650	30615120	28972310	28828894	31566590	31155762	29918972	28914014	30475460	30055970	29210278	30390236	31482734	30892214	29471736	28703336	30223290	29822680	29549494	30001814	30472938	31478504	30380666	29309592	32212292	29405524	29424284	30734100	31356560	31529066	30827412	29489102	31393680	30792194	30923256	30240246	32061594	31923524	30982634	30279746	31346284	30942826	30072800	30689436	32256480	30012584	1342	31461008	30502890	29937942	29956356	30146928	29551014	29408012	31687178	31121172	31453066	29857064	30404696	30523740	30353394	30754992	31055136	31124620	29875910	29327414	30136216	29941704	29481384	29453874	31161408	30256512	30217096	29393496	30949986	30543438	28533270	30230494	29801422	31073528	30515612	30123690	30160100	0	189	355
243.99748_3.678	14010081	1989	384	14856285	14768122	14796311	15008549	14999485	15177589	15081069	16126866	15756161	17078760	1966	15903073	15784641	15783304	15555432	16163554	16321324	17010140	16848284	16637599	16411328	16451998	16653321	16864896	17039422	17791566	17504722	17471312	16730503	17208364	17045062	17522206	17381720	18325476	19128342	1074	18792346	18496636	17865048	17944838	17913624	18265540	17980748	18753534	18753740	18535244	18754062	18780450	18498452	17713270	18323352	18827108	19011544	18879282	18709782	18535322	18292002	18816112	18418304	19376946	19945626	18889178	18665046	18825016	19064772	19504556	18828590	19908376	20282514	920	19864086	18732774	18724330	18545738	17696424	18505464	18201894	18958110	20040216	18397852	18592784	18207856	18652118	18502250	19802746	19897810	19464374	18910678	19124924	18258600	19363780	18406062	17961442	18589392	20842836	1794	20066180	19102786	18412542	18455804	18894428	19681020	19905922	20352224	18948334	19560328	18944844	19295622	19200676	19524904	19497362	20125260	19748552	18906990	18359930	19205454	19019166	18685636	19514652	19465500	19376064	19468690	19508284	18710494	18381146	19834506	19475870	20464136	20111806	19986196	19483244	19292464	19308760	19518994	19993196	19983056	20864504	19834222	20241064	19313304	17845968	20329480	20148980	21693496	21315448	361	20887544	19705180	19585526	19378218	20453372	19701882	19398038	20795168	20505042	20330366	20439446	19526822	19485726	20010596	20423172	20405366	20357102	20733964	19741646	19890184	18304482	20041582	19803492	21146354	21124042	19118708	19415542	19680216	20048370	19924282	19976536	21204656	19486986	20032638	20234884	18920892	19912084	20730462	20125706	21228722	24197808	1329	24347316	23945870	23695058	23666720	23554720	24804706	23025122	24335504	23953788	23242656	23304202	23081278	22686874	23085028	23070476	23497336	23950366	23523640	22775334	23157852	22851430	23100774	23633786	24005724	24075860	23972386	23235314	22664574	23024632	22972136	22838634	23389106	24236136	23588052	24113942	23361376	23222548	24022652	23432574	23910264	24247952	24104238	23747050	23353336	22699454	23630582	24218550	24623948	24910138	3726	24410992	23954416	23916796	24100660	23796192	23726716	24097496	24313800	24217238	24132872	23964056	23398520	23694808	23748844	23898064	23809280	24881248	23961236	24092518	23611324	23968290	19225916	19767074	18618400	20261144	20896410	21150976	20743242	20359786	20580616	20552396	20720564	20822758	21699718	21652784	21131628	21006360	21089598	21077440	21325900	21528342	21978966	22798614	2687	22492382	22079422	21860882	21465530	21812868	22054602	21811052	22553020	21956920	21319008	21310614	20980448	21123264	20439516	20164460	21792390	21893838	21407668	21019908	21035170	21170690	21047818	21177254	21922886	22023668	20677714	20857588	20994300	21321050	21480766	21265174	21718320	22325018	21976030	21523616	22031076	21752954	20997682	21907234	21987164	22353116	22115194	21958016	21810214	21882666	22222642	21524740	22068750	22740524	22169026	21809558	21919744	21824112	21647348	21860578	22625714	22433766	1338	22261618	21961026	21736128	21372196	21700694	21603370	21471406	22193684	22256052	21686298	21255604	21251990	21409868	21442912	21371792	21776472	21863898	21516948	20917100	21174152	21152692	21037892	21213766	21699180	21667612	21152996	21121216	21011390	20894690	20404892	20989312	20800560	21736974	21625712	21403742	20994772	691	1335	339
181.10164_4.298	572390	1713	735	251626	409015	359531	202878	524431	435368	257653	737719	283845	254339	751	405724	482912	331540	479825	549478	216671	411256	988277	687728	559371	434344	326594	841756	181650	952608	642152	291654	544993	325073	394955	212180	359847	743916	1263431	0	339260	142007	1084003	269647	682793	811810	341529	644662	356994	634010	275356	1268615	314617	417848	333571	253703	371283	247193	427910	792646	1089961	1163109	277348	372407	278256	262280	344845	955625	403517	258270	404739	319070	503863	0	410650	1040211	585869	693552	188417	346154	254000	485941	173317	549912	593642	933783	280295	699705	262173	416802	602540	200541	200859	355462	171918	311025	783201	333441	792239	0	700409	458291	220783	280513	697463	419935	346504	230140	161819	201913	214741	588434	195769	191848	398981	864925	731547	516649	644854	247968	560606	247154	199738	231087	202269	304746	605843	340603	228010	898157	463603	431184	509821	436203	513598	270499	261653	251578	496614	639901	837816	275794	670588	637656	502571	508524	522412	911800	204386	909	419732	786093	177401	263423	459452	231216	404804	523484	508662	221954	237134	309827	252334	261503	176578	193787	357243	330705	454016	349483	339844	287554	335582	498499	593104	591988	355223	164982	1265736	222872	389035	621693	256091	572177	254347	267675	294404	330905	292594	253669	10340973	9856	10192358	10041854	9670346	9477395	9557909	9856980	9735717	10225859	9853422	9789124	9629551	9681728	9614867	9994738	9887210	10031515	9750510	9796935	9746121	9615443	9683463	9277383	9411986	9657348	9231154	9750709	9833033	9456771	9707847	10119707	9624504	9385154	9978916	9795796	9491795	9515171	8986661	8579401	9784317	9294837	9686333	9756290	9624648	9096513	9330125	9373038	9673404	9825411	10004636	14182	9572546	9572972	9550529	9477295	9395659	9452147	9590587	9543080	9414288	9630340	9706328	9673415	9579261	9434104	9458740	9298197	10054925	9462002	9352332	9329419	9576067	129395	55130	110320	138543	118706	166253	112077	60209	84662	98310	84739	70080	72295	70055	75594	71418	108345	71418	163051	62499	67298	101389	0	97208	118389	79330	88935	64027	106038	95239	81886	92403	105352	95944	127490	88092	127356	118451	70134	53671	128073	137572	51729	58307	160167	89404	87752	64911	97709	152440	117550	139433	63987	27052	38318	51015	107232	93889	134215	54808	62643	95147	71199	54421	77078	80832	104543	94961	120507	89609	56147	44700	84815	114461	75101	160535	60171	210996	98659	155467	0	93659	57771	122027	64720	87410	104743	121938	79667	84755	96782	76536	69698	91877	65478	131501	77488	61845	45463	63271	71567	73324	88846	114637	105465	69081	159627	46918	127656	144911	67002	77555	80362	86087	77697	70826	113826	0	0	0
192.27296_5.88	76450	0	0	89635	74820	72197	72793	71844	64089	69729	77423	69178	71164	172	70880	73587	68370	68537	62157	63764	69545	63870	72844	63320	67926	67023	69601	69088	70441	68999	67765	72397	75078	69743	72705	76514	81708	79549	0	84671	81480	82615	73390	77708	74359	75134	77218	92089	81302	84278	83193	84136	81247	84644	78446	75788	81959	80015	74385	77536	78642	80025	77826	79516	83618	83496	85118	83107	84662	87392	87009	92162	153	92541	76381	76107	73901	81998	80475	70637	75739	88684	81852	87898	88385	77759	82308	83783	84478	85165	76650	86027	81688	78216	79519	71616	76850	82498	0	87906	78249	72927	76070	81187	81175	77191	74942	86377	82486	79865	73634	69939	77033	75649	81158	75170	76681	75170	78326	74365	77610	75902	79683	79688	76905	79031	74595	74634	78262	77179	81303	78071	79349	79878	75569	77684	77006	81165	87361	87284	78168	78726	79059	75577	82068	81429	87709	91333	197	87988	83198	75407	78562	78411	75429	78151	71491	85618	84978	82490	77205	79037	78880	78895	79508	80477	79894	84205	77348	80801	72367	79430	75561	81786	78689	72142	77642	77296	82321	80865	77402	75174	72167	74925	69240	71638	72433	68685	80329	121635	335	134155	131641	123028	116701	118817	120680	116206	112501	116901	98023	95501	86238	89089	91503	91550	92468	91074	93790	87964	86747	87743	83929	93301	98565	85232	93257	90923	87519	90142	98093	89071	88051	86868	92572	99065	92571	87787	86900	93377	87388	88570	95554	89090	86267	84658	87035	96480	94550	96524	0	100438	87759	93549	96934	94900	87567	99235	97060	109840	97254	92908	96404	95233	97627	95986	92735	106707	100360	88385	102034	93645	NA	NA	NA	NA	NA	NA	NA	NA	NA	NA	NA	NA	NA	NA	NA	NA	NA	NA	NA	NA	NA	NA	NA	NA	NA	NA	NA	NA	NA	NA	NA	NA	NA	NA	NA	NA	NA	NA	NA	NA	NA	NA	NA	NA	NA	NA	NA	NA	NA	NA	NA	NA	NA	NA	NA	NA	NA	NA	NA	NA	NA	NA	NA	NA	NA	NA	NA	NA	NA	NA	NA	NA	NA	NA	NA	NA	NA	NA	NA	NA	NA	NA	NA	NA	NA	NA	NA	NA	NA	NA	NA	NA	NA	NA	NA	NA	NA	NA	NA	NA	NA	NA	NA	NA	NA	NA	NA	NA	NA	NA	NA	NA	NA	NA	NA	NA	NA	NA	NA	NA
395.30817_5.997	17030	6841	8900	1251	1553	11334	13165	10222	11282	9081	8093	15073	5862	5086	9409	3576	6934	8768	7643	6588	5081	4171	14989	5413	4102	5635	4034	5303	8132	6613	3301	8607	5197	7419	11544	7129	6267	6860	4985	22624	1080	3871	3181	9052	9149	4894	3874	6151	4397	5238	5030	7347	5361	4899	5053	5998	3120	7889	3335	16420	2647	3558	1410	2174	3246	6835	10940	3074	4295	7529	9552	5642	8616	8156	4389	8852	2327	5025	4614	12597	6523	8044	2917	3945	2459	2670	4055	6525	10909	3912	4732	5208	5401	3207	3173	3653	3746	1796	6227	7693	1359	4758	300	3836	3594	4795	2916	11109	6170	3013	3591	3651	4738	3785	4745	2191	3394	7088	6380	3811	2906	4243	6274	4329	3414	13610	885	2565	7226	5071	7372	4270	1123	5264	5882	3870	8130	6110	6636	8484	7372	4437	8954	2656	11873	4752	3193	8550	3791	6161	5976	2914	7281	10977	4162	1694	2931	8349	4728	11722	7168	5233	6266	3979	7586	2132	3809	3591	7493	8232	3266	5111	5339	4464	4073	1743	6210	11913	2916	5734	3007	1084	2036	5024	1876	6286	4129	2291	4642	6314	3517	5880	4938	11609	3198	4617	4471	6795	2986	1458	3476	1200	1098	3461	3929	859	1839	2677	2427	4116	2456	3106	6432	6760	4656	3395	7110	1547	1248	5191	1085	2987	3054	5250	4111	1859	3914	2730	1125	3108	2509	4139	3302	3556	2846	6716	4892	4484	2638	921	1982	4439	1823	2699	3824	2606	7758	3931	2878	2263	1520	2870	4352	3521	3668	2226	4403	5675	7294	4714	3749	2507	NA	NA	NA	NA	NA	NA	NA	NA	NA	NA	NA	NA	NA	NA	NA	NA	NA	NA	NA	NA	NA	NA	NA	NA	NA	NA	NA	NA	NA	NA	NA	NA	NA	NA	NA	NA	NA	NA	NA	NA	NA	NA	NA	NA	NA	NA	NA	NA	NA	NA	NA	NA	NA	NA	NA	NA	NA	NA	NA	NA	NA	NA	NA	NA	NA	NA	NA	NA	NA	NA	NA	NA	NA	NA	NA	NA	NA	NA	NA	NA	NA	NA	NA	NA	NA	NA	NA	NA	NA	NA	NA	NA	NA	NA	NA	NA	NA	NA	NA	NA	NA	NA	NA	NA	NA	NA	NA	NA	NA	NA	NA	NA	NA	NA	NA	NA	NA	NA	NA	NA
215.20108_6.28	55888	998	1421	53066	45181	39334	41416	45314	42975	40544	42665	37526	39430	725	41305	39389	33262	28305	29778	30184	36372	34996	34094	35160	25780	32251	35202	33655	36259	32215	34610	46838	36170	32911	37986	40026	39365	37450	275	40469	37509	37322	35773	32236	35036	34253	34789	40481	39790	39173	41379	39420	38602	42170	35213	32342	35324	38450	37051	35831	39759	33772	37747	37216	43498	40888	47394	42349	43192	43768	41467	43796	130	37840	42493	38009	39846	29227	34851	34113	32492	39789	36307	37404	39020	36862	43429	35131	38178	37342	38349	38407	36084	38311	38757	31158	34067	37676	307	44458	34596	36309	37396	39179	33998	35827	33268	43811	40645	35105	32315	35872	34053	37699	33034	35879	35090	42337	36341	33753	34986	34983	35374	36113	37393	42262	40193	37556	40959	37510	37926	34265	42285	43625	40119	43263	37197	41833	40857	43269	36027	36544	34617	41299	40675	37062	42577	41584	508	39488	36186	39388	34257	39336	31203	32907	33346	38222	41285	39030	36821	41045	39499	39079	39051	37923	35685	39976	30749	35484	32707	37433	37042	34742	33038	29548	30357	37103	31526	33343	28126	31487	28260	37055	31162	29749	30348	27263	29660	55560	477	54291	59691	58311	56788	54908	46378	52361	46461	52894	44623	38511	38495	31525	36024	30659	33667	34914	33279	36288	30154	36189	33402	40315	38799	37170	39276	36028	35864	28998	36818	32416	34440	36371	33929	41937	36045	39045	36856	35667	34148	35364	34514	31917	32211	32021	38414	34219	34679	37288	553	35297	36936	37408	36417	37461	35350	33131	41621	46276	39207	35624	32788	37606	28113	40186	33615	45181	39934	35400	43535	38869	17490	21425	16255	26349	28510	20618	25072	25026	25294	26434	25107	23903	23444	20227	19949	20273	21442	19268	21788	16077	20470	20438	0	23354	20911	20467	21443	19865	19999	17501	22204	21543	21042	16545	16348	19838	15871	15994	18118	18882	16583	14486	15996	16146	18751	19007	18452	13931	13975	15260	17129	17236	16908	15790	15329	17939	18605	15183	17304	15930	16063	15667	17347	16794	15235	14200	17665	19697	17284	15393	17908	19253	19681	17853	16815	21338	16496	17198	18663	16643	251	19902	20708	18515	19330	17562	18531	17573	20376	25060	18995	18295	18527	19082	18054	15449	15872	16039	17109	16322	16481	14753	15954	15680	16847	16198	15342	18011	16898	15423	14729	15415	16511	16078	17114	16205	18195	136	0	0
256.38654_6.401	49891	0	0	44931	36158	37561	37796	41213	32591	30850	34566	27683	33082	0	35764	28933	26689	23792	22508	26073	26710	25837	23210	25327	21433	23321	28151	23631	26334	24551	25552	28791	28266	25761	27783	27239	30701	29821	0	32952	29049	30075	26082	23082	29507	25624	26694	28692	28269	27805	26424	30530	28587	26433	23161	26186	23297	27965	25563	24342	29006	25067	26536	26750	29598	31943	30618	28291	30758	34322	28250	34429	150	30804	27787	24581	25538	24019	25109	25460	24511	29042	26108	26993	27335	25733	27198	27444	25717	27268	25467	25505	26834	23611	26658	22054	22227	25662	0	29833	22843	24107	24442	24991	24794	26459	25518	30574	27304	22324	23731	28356	25177	26096	25802	25584	25155	26995	24938	23394	28582	27102	26958	24352	28177	30407	28988	26137	27945	26520	27778	26956	31419	31166	30406	30377	29941	33708	32119	31346	31264	30316	29243	29550	30850	31371	34321	31375	0	31526	27900	26304	27389	27583	24300	23854	28293	29323	30303	27984	27992	29435	30895	29082	28321	30157	25903	27257	26135	25460	29045	31183	23610	27777	23170	22916	25323	27750	25730	27746	23560	24084	23054	24789	22590	24530	21800	24287	22562	44643	148	46325	47289	39664	41019	37753	39047	36834	32370	32687	26093	24275	24207	23135	19471	20780	21126	22195	21049	21868	17989	22342	20451	21742	22340	20195	22216	19035	21699	20756	22544	19057	19276	20395	22207	23618	21099	18214	20001	22420	20584	21624	20239	21931	19481	17052	21950	21179	19171	20755	0	22114	20322	23409	21385	22475	24180	26901	25819	30907	24381	21352	23035	24500	20631	22767	20980	25215	24255	20467	21762	22687	8875	10941	9463	10779	15153	15118	14997	15114	17070	13437	13285	12126	12740	10123	10927	10908	12806	11742	11099	11215	12311	13055	147	13867	12637	13645	12069	11955	12261	11703	12057	14543	10698	11065	10648	8718	9840	9280	8422	11292	9565	7940	9321	8165	10616	9634	9946	9022	7243	9100	9765	8617	7806	8388	9195	10426	10231	8867	9218	9844	9007	7882	8702	8443	9239	9865	8506	10094	10262	8945	8995	10303	12253	9056	9234	10716	8586	7861	8637	9487	298	10204	9954	10821	10471	9046	11709	10076	9583	13766	8428	11275	10391	10154	9734	8940	8202	8625	9066	9703	8834	7876	8903	9852	10025	7529	7725	9024	8847	8123	7843	8552	9057	9520	9309	8903	10038	0	293	260
175.09651_4.15	9684	401	1643	13120	7279	15158	7678	10629	12433	18500	1410	12488	15348	471	21987	9448	9790	18342	9526	11773	4704	10175	9288	15291	8685	10486	26147	9608	13518	10091	10690	13775	21305	9062	13873	6454	12723	13212	2197	10576	1604	6407	8654	9997	14926	3722	1515	14762	9837	423	6160	6955	5759	5492	8886	5455	7107	3624	4866	15127	8914	8762	6212	4102	13216	5507	9655	10744	6093	8158	5680	13202	1825	7849	9621	18071	6980	7414	6873	19292	13035	6932	7230	6586	1498	8155	3893	8013	4984	7694	12245	9038	5870	6316	12654	9458	8798	13138	1122	13614	14212	14053	14525	22709	15900	18253	19730	10225	9446	19169	17636	22544	8974	15680	20812	11775	11345	13698	23053	8816	8117	15481	10231	8211	6553	11646	12319	18330	7087	10760	10958	8471	1070	12852	16812	5108	13330	12861	7407	13955	33208	9988	11119	18413	12460	6513	14601	11783	1810	9096	12736	8802	13983	11637	10707	14670	13458	12081	18525	12125	8994	22449	12307	16331	15400	18905	18748	6736	13083	19175	8720	9795	18092	22164	12077	14919	15960	9379	280	16800	21818	10710	23896	14697	24436	16939	8753	17005	15575	66762	4920	125978	46290	87312	81859	77705	78210	71966	44240	67394	68751	87398	34158	83675	93170	85067	73851	85423	40968	86196	34955	42030	76427	41051	79658	129581	64958	41406	80281	116328	58621	90170	85280	37588	71609	60503	127158	81675	34590	43031	103567	63653	71919	69183	95256	85326	55943	29094	46277	63843	2814	56451	41077	90451	76754	129099	88306	88832	45714	118114	25678	52231	50069	81984	66730	37634	104054	18640	119831	92277	192894	37059	184612	41578	100208	92129	62827	72667	77800	46302	90905	59737	127202	66080	63899	54689	140914	75006	98660	176044	127790	103985	140289	96535	12115	79775	86269	72678	45839	19085	19478	144641	60019	204414	44670	44809	51990	56945	49025	93343	81811	42787	96561	134370	49452	162007	159422	63058	130563	59684	69645	85696	77268	69477	104011	98315	160090	78943	90345	77632	104424	86878	79321	98646	108099	76794	84820	60497	69917	172345	76907	64168	83825	58754	64447	67017	118475	92590	47489	56114	114101	96861	9458	126732	35550	94178	135668	111143	82191	99192	69557	69816	43639	91144	70799	46948	72268	85649	109173	106789	92299	85457	63248	53290	78305	81296	47238	137942	92865	59879	82343	99494	61080	69587	75069	102590	81146	17629	61010	13144	8519	7578
175.09651_4.15	9684	401	1643	13120	7279	15158	7678	10629	12433	18500	1410	12488	15348	471	21987	9448	9790	18342	9526	11773	4704	10175	9288	15291	8685	10486	26147	9608	13518	10091	10690	13775	21305	9062	13873	6454	12723	13212	2197	10576	1604	6407	8654	9997	14926	3722	1515	14762	9837	423	6160	6955	5759	5492	8886	5455	7107	3624	4866	15127	8914	8762	6212	4102	13216	5507	9655	10744	6093	8158	5680	13202	1825	7849	9621	18071	6980	7414	6873	19292	13035	6932	7230	6586	1498	8155	3893	8013	4984	7694	12245	9038	5870	6316	12654	9458	8798	13138	1122	13614	14212	14053	14525	22709	15900	18253	19730	10225	9446	19169	17636	22544	8974	15680	20812	11775	11345	13698	23053	8816	8117	15481	10231	8211	6553	11646	12319	18330	7087	10760	10958	8471	1070	12852	16812	5108	13330	12861	7407	13955	33208	9988	11119	18413	12460	6513	14601	11783	1810	9096	12736	8802	13983	11637	10707	14670	13458	12081	18525	12125	8994	22449	12307	16331	15400	18905	18748	6736	13083	19175	8720	9795	18092	22164	12077	14919	15960	9379	280	16800	21818	10710	23896	14697	24436	16939	8753	17005	15575	66762	4920	125978	46290	87312	81859	77705	78210	71966	44240	67394	68751	87398	34158	83675	93170	85067	73851	85423	40968	86196	34955	42030	76427	41051	79658	129581	64958	41406	80281	116328	58621	90170	85280	37588	71609	60503	127158	81675	34590	43031	103567	63653	71919	69183	95256	85326	55943	29094	46277	63843	2814	56451	41077	90451	76754	129099	88306	88832	45714	118114	25678	52231	50069	81984	66730	37634	104054	18640	119831	92277	192894	37059	50207	12670	23997	19699	12793	13472	16253	8605	16967	10307	20201	9576	10844	9148	20409	10392	14825	26069	18601	13421	19078	13670	1856	10436	10343	9210	6474	1510	1492	16984	6233	21085	5377	5307	5632	6890	6388	8673	7394	5500	12151	16052	5660	17020	17205	6441	14207	6959	6895	10655	9575	7561	12071	9382	16091	10484	11166	8290	13115	8444	8893	9880	11240	7001	8557	6800	7357	17783	7071	7278	9410	6462	6476	6475	11781	10430	5329	6149	10448	10848	700	13634	2847	10683	15199	13747	7874	11385	7395	8432	4914	8926	7015	6225	7516	9027	13024	12131	10316	9618	5391	6788	8424	9528	5094	15292	9392	5236	9261	10490	7092	7409	9161	10321	8431	854	7137	1799	2512	1330
134.06165_3.938	14386	8829	13370	15643	12855	21097	17491	15668	28949	35180	17329	27833	19084	13590	28329	23723	36376	29469	19684	17618	14685	39698	15684	32326	21604	10349	29983	29876	32071	33572	10780	20247	41025	27023	12863	21897	28993	11707	12098	26639	13639	25349	26430	34110	36277	25338	19626	41466	20840	28047	13269	17046	51869	23232	42666	6286	23291	32053	24001	44730	28026	24708	15740	13984	22513	34437	30464	24148	19122	18374	33807	22847	12100	29215	38260	43658	14961	19713	35690	14959	30368	15884	14722	17155	27082	34660	25411	25177	27364	38223	34555	10760	16221	18225	12658	25481	28933	30208	19148	26417	32911	39356	34229	28810	25719	17639	22040	28616	15671	35992	26577	33436	22656	10935	33985	15539	30639	38947	26317	16074	19070	19636	25480	20590	20455	11553	19247	35714	20334	22387	21760	22213	29777	38925	20606	27511	23486	25133	12194	31020	39212	40281	30332	53662	38661	40683	25258	19943	13161	12507	38109	15047	31934	15475	31145	34996	25213	35363	14562	27987	26955	19504	23204	15295	35200	49641	7787	11703	20260	37227	38288	32265	36169	26548	44802	37371	20782	34042	28577	32163	17314	17552	39096	18644	28397	43858	23970	24578	30280	42608	21912	36027	41443	37394	36858	37756	12100	39103	34652	32185	14966	40022	35243	49512	33765	38881	22568	15116	22171	41843	67834	46936	36747	38775	17886	13685	29449	51916	74090	50445	49685	23021	33696	52050	29436	5574	48999	45043	20710	53474	60033	26593	22515	19392	38196	35553	35365	31838	37750	36769	17263	35178	14724	49142	20378	63524	28019	45090	37411	46640	31168	34551	59112	18528	37451	35017	24246	28610	20169	21887	42958	29706	32224	23745	34897	43297	24554	21460	13176	26740	16512	31756	24848	25334	25534	33559	30041	16859	26483	12564	36090	31359	19542	25541	3132	20809	25020	23891	25280	19799	38836	12311	22089	29541	28412	19717	26479	23417	15023	26958	17508	30816	22021	32135	30690	25039	17653	39148	28436	20289	26818	20319	25317	14601	12271	25258	21535	17127	31075	21541	27714	20979	44898	28254	20594	22300	40328	26796	29388	22455	17391	24572	28576	25526	19306	13539	17559	30437	23734	28732	33782	32337	18912	24192	9817	33879	26891	21727	12410	17145	25022	22664	17199	43658	21623	11444	20975	17995	26214	18967	34879	27321	21638	16606	36979	20023	25635	22769	11410	20457	34697	20831	13360	30824	12854	14976	23820	22079	10439	17559	6208	15051
