"sample_id","(-)-alpha-Pinene","(2E,4E)-3,7-Dimethylocta-2,4-diene","1-Butanol","1-Hexanol","1-Propanol","1-Propanol, 2-methyl-","1-Propanone, 1-cyclopropyl-","1,3-Cyclohexadiene, 5-(1,5-dimethyl-4-hexenyl)-2-methyl-, [S-(R*,S*)]-","10.73_butanal","10.81_butane-2,3-dione","11.08_ethyl acetate","11.09_butan-2-one","11.35_butan-2-ol","11.68_methyl propanoate","11.71_chloroform","12.53_2-methylpropane","13.10_3-methylbutanal","13.36_acetic acid","13.39_2-methylbutanal","13.83_3-methylbut-3-en-2-one","14.19_1-ethenylaziridine","14.51_pentan-2-one","14.55_S-methyl ethanethioate","14.58_1-sulfanylpropan-2-one","14.63_ethyl propanoate","14.72_Pentanal","14.72_pentane-2,3-dione","14.83_propyl acetate","15.14_methyl butanoate","16.41_ethyl 2-methylpropanoate","16.54_4-methylpentan-2-one","16.55_(methyldisulfanyl)methane","16.67_3-methylbutan-1-ol","16.89_propanoic acid","16.95_3-methyl-2,3-dihydrofuran","17.00_octane","17.02_toluene*","17.10_3-methylpentan-2-one","17.23_methyl 2-methylbutanoate","17.50_2-methylpent-1-en-3-one","18.12_ethyl butanoate","18.17_hexane-2,3-dione","18.23_hexan-3-one","18.49_propyl propanoate","18.56_hexan-2-one","18.73_hexane-3,4-dione","18.74_butyl acetate","18.84_hexanal","19.04_2-methylpropanoic acid","19.14_methyl pentanoate","1H-Pyrrole-2,5-dione, 3-ethyl-4-methyl-","2-Decanone","2-Furancarboxaldehyde","2-Heptanone","2-Heptanone, 5-methyl-","2-Heptenal, (Z)-","2-Methylbutanoic Acid","2-Methylpropyl butanoate","2-Nonanone","2-Octanone","2-Octene, 2-methyl-6-methylene-","2-Pentylfuran","2-piperidinone","2-Undecanone","20.01_ethyl 2-methylbutanoate","20.13_butanoic acid","20.15_heptan-3-one","20.73_2-methylpropyl propanoate","20.78_Ethylbenzene**","20.84_Nonane","21.25_5-methylhexan-2-one","21.49_3-methyl-1H-indole**","21.56_(E)-hex-2-enal","21.60_2-methylhexan-3-one","21.86_propyl butanoate","21.94_ethyl pentanoate","22.16_3-methylbutanoic acid","22.23_Styrene","22.24_butyl propanoate","22.52_pentyl acetate","22.66_3-isothiocyanatoprop-1-ene","22.77_heptanal","22.88_(3S)-3,7-dimethylocta-1,6-diene","22.91_methyl hexanoate","23.42_3-(methyldisulfanyl)prop-1-ene","23.65_propyl 2-methylbutanoate","23.66_pentanoic acid","23.84_S-methyl 3-methylbutanethioate","24.11_3-methylsulfanylpropanal","24.35_methyl 2-methylpentanoate","24.45_(6E)-2,6-dimethylocta-2,6-diene","24.51_decane","24.61_2,2,4,6,6-pentamethylheptane","24.69_4-methyl-1-propan-2-ylbicyclo[3.1.0]hex-2-ene","24.76_6,6-dimethyl-2-methylidenebicyclo[3.1.1]heptane","24.76_7-methyl-3-methylideneocta-1,6-diene","24.84_6-methylheptan-2-one","25.44_butyl butanoate","25.53_ethyl hexanoate","25.70_2-methyl-5-propan-2-ylcyclohexa-1,3-diene","25.79_octan-3-one","25.85_(methyltrisulfanyl)methane","25.95_4-methylpentanoic acid","26.00_6-methylhept-5-en-2-one","26.14_benzaldehyde","26.45_Octanal","26.49_methyl heptanoate","26.56_(4R)-1-methyl-4-prop-1-en-2-ylcyclohexene","26.69_1-methyl-4-propan-2-ylbenzene","26.93_hexanoic acid","27.02_butyl 2-methylbutanoate","27.12_1,3,3-trimethyl-2-oxabicyclo[2.2.2]octane","27.16_1-methoxy-4-methylbenzene","27.16_butyl 3-methylbutanoate","27.19_2-methyl-4,5-dihydro-1,3-oxazole","27.48_1-methyl-4-propan-2-ylcyclohexa-1,4-diene","27.93_undecane","28.11_2,2,6-trimethylcyclohexan-1-one","28.46_methyl cyclohexanecarboxylate","28.55_Phenol","28.71_thiolan-2-one","28.81_propyl hexanoate","28.90_ethyl heptanoate","29.14_2-phenylacetaldehyde","29.22_3-(4-methylpent-3-enyl)furan","29.72_3,7-dimethylocta-1,6-dien-3-ol","29.81_methyl octanoate","29.89_nonanal*","29.90_1-phenylethanone","30.08_Heptanoic acid","30.22_pentyl 2-methylbutanoate","30.39_pentyl 3-methylbutanoate","30.61_2-methylpropyl hexanoate","30.62_2-methoxyphenol","30.76_ethyl cyclohexanecarboxylate","31.14_dodecane*","31.35_4-methylphenol","31.39_cyclohexa-1,4-diene","31.90_hexyl butanoate","31.91_butyl hexanoate","32.03_ethyl octanoate","32.04_cyclohexanecarboxylic acid","32.13_1-phenylpropan-2-one","32.66_6-methyloxan-2-one","32.67_1,3,4-oxadiazole","32.72_4-methyl-1-propan-2-ylcyclohex-3-en-1-ol","32.81_1-Methyl-4-isopropyl-cyclohexyl 2-hydroperfluorobutanoate","32.84_methyl 2-phenylacetate","32.98_octanoic acid","33.05_Decanal","33.34_2-(4-methylcyclohex-3-en-1-yl)propan-2-ol","33.73_methyl 2-hydroxybenzoate","33.87_propyl cyclohexanecarboxylate","33.91_1,3-ditert-butylbenzene","34.19_4-ethylphenol","34.80_hexyl pentanoate","34.93_undecan-4-one","35.41_2-methyl-5-prop-1-en-2-ylcyclohex-2-en-1-one","35.47_3-propan-2-ylbenzaldehyde","35.76_methyl 3-phenylpropanoate","35.98_1-methoxy-4-[(E)-prop-1-enyl]benzene","36.51_2,3,5-trimethyl-4-methylidenecyclopent-2-en-1-one","36.51_4-ethenyl-4-methyl-1-propan-2-yl-3-prop-1-en-2-ylcyclohexene","36.83_(1R,5S,6R,7S,10R)-4,10-dimethyl-7-propan-2-yltricyclo[4.4.0.01,5]dec-3-ene","36.93_tetradecane","37.30_2,4-Decadienal","39.01_1H-indole","40.94_1-methyl-4-(6-methylhept-5-en-2-yl)benzene","7.10_ethanol*","7.70_propanal","7.86_propan-2-one","7.97_methylsulfanylmethane","8.07_propan-2-ol","8.25_carbon disulfide","8.40_methyl acetate","8.46_acetonitrile","9.55_2-methylpropanal"
"3A",4291328,NA,NA,NA,76959744,NA,NA,NA,NA,20812800,NA,12966912,NA,1705664,NA,NA,31851520,30115840,18646016,2518272,NA,6898944,NA,NA,7340544,13872128,18354176,10281984,12989440,NA,6770176,NA,NA,123097088,NA,10363904,18487296,NA,NA,3625216,41623552,NA,NA,26368000,NA,5955328,NA,14419968,12944384,3516416,703424,443936,NA,9811968,11983872,NA,NA,NA,5643008,NA,NA,4871168,NA,2251264,NA,663224320,NA,NA,1556032,NA,NA,NA,734656,NA,57008128,7458304,42586112,33763328,16512000,NA,NA,4394240,NA,NA,NA,NA,145932288,9989120,3138304,325536,NA,2928128,6004736,2918144,1522688,2042944,9054208,16699392,NA,1170112,NA,NA,9027584,59809792,7937024,3898880,NA,2016192,1270464,NA,NA,2551296,NA,NA,NA,NA,NA,549504,NA,21575680,1584576,NA,NA,30789632,NA,1271552,NA,4795904,NA,NA,NA,NA,NA,NA,412256,2218240,1632832,NA,NA,NA,515968,NA,677568,NA,NA,NA,NA,NA,2754560,NA,NA,1505728,167504,NA,NA,NA,NA,NA,NA,NA,NA,NA,NA,NA,NA,NA,39538688,NA,45060096,1658560,14013440,NA,3091200,NA,2141440,NA,3386880
"9A",8890368,NA,NA,NA,5574656,NA,NA,NA,NA,6317568,NA,12675072,NA,767552,NA,NA,37302272,88403968,31852544,5914112,NA,10040320,NA,NA,NA,NA,10257408,NA,2413056,NA,NA,28581888,NA,135397376,NA,6057984,566912,1931328,1368704,6949120,1554048,NA,NA,NA,3970304,NA,NA,11713536,120356864,1940544,NA,1206016,823040,17863680,2356224,3580672,229244928,NA,3539456,NA,NA,3052544,NA,1175168,NA,683343872,NA,NA,NA,NA,NA,NA,NA,NA,2791424,694912,352894976,17981440,NA,NA,NA,3402496,NA,5656064,NA,NA,655425536,4413696,9435136,NA,NA,4210432,5347072,1715328,1798272,1803904,2163968,NA,NA,489600,NA,15414272,NA,26029056,15840256,5915904,1483968,11961344,1626432,429703168,NA,NA,NA,NA,NA,1118464,1031424,NA,1176832,21585920,NA,1564608,NA,58093568,NA,2074368,NA,3691008,1328000,35880960,NA,NA,NA,NA,851840,3165696,870580224,NA,NA,NA,NA,72052736,NA,1037184,NA,NA,NA,NA,NA,NA,NA,3896832,NA,NA,NA,NA,NA,556544,NA,NA,NA,NA,NA,NA,NA,NA,549519360,NA,8709120,772480,11243520,1598272,2281472,NA,NA,NA,5747968
"11A",NA,NA,NA,NA,5699584,NA,NA,NA,445040,12268544,NA,34390016,NA,NA,NA,725504,47251456,12924928,22833152,2413056,NA,7021312,NA,NA,NA,NA,27953152,NA,NA,NA,NA,86130688,NA,29498368,NA,NA,10158080,NA,NA,3639552,NA,4100096,NA,NA,4786176,NA,NA,8897536,22782976,NA,NA,NA,NA,9240576,2019200,1112320,77099008,NA,991232,2443008,NA,NA,NA,NA,NA,198000640,3269120,NA,NA,NA,1812160,64561152,NA,NA,567872,NA,110014464,42459136,NA,NA,NA,2255616,2803456,NA,NA,NA,165576704,NA,9630720,NA,NA,2973440,NA,NA,27652096,NA,3137024,1262848,NA,44027904,NA,40865792,NA,32275456,16612352,2061760,NA,130965504,54657024,NA,NA,NA,770176,NA,NA,50098176,704320,NA,NA,4422400,662720,NA,NA,72216576,NA,800704,NA,1684864,1029312,NA,NA,NA,NA,NA,NA,5254144,1863057408,974127104,NA,NA,NA,NA,2335744,NA,NA,NA,NA,NA,NA,NA,NA,NA,NA,NA,6337024,NA,NA,32818176,NA,NA,2290944,NA,2194944,324784,1387456,NA,803340288,2844672,11176960,829696,44331008,1832512,2475264,1092352,NA,NA,7491584
"19A",20768768,NA,NA,NA,5998336,NA,NA,NA,NA,11747328,NA,7887360,NA,NA,NA,NA,91987968,NA,50434048,3361536,NA,2127616,NA,NA,NA,NA,21121024,NA,NA,NA,NA,11611136,NA,12625920,260208,822720,6530304,NA,NA,4643840,NA,2721024,NA,NA,1147520,NA,NA,4812544,NA,NA,1556672,NA,NA,7458816,5614336,NA,NA,NA,6202112,2568704,NA,1913344,NA,1837696,NA,10814464,NA,NA,NA,NA,2034432,NA,NA,10881024,NA,NA,2568192,38277120,NA,NA,NA,2573824,NA,NA,NA,NA,4429824,5281280,9085952,NA,NA,5555968,NA,NA,24624128,7916800,NA,NA,NA,23681024,NA,NA,NA,16847872,35770368,5010176,NA,419528704,40828928,NA,NA,4461312,NA,NA,NA,15190016,1335424,NA,NA,376438784,NA,NA,NA,113352704,NA,12825600,NA,2546688,1053056,NA,NA,NA,NA,NA,NA,15507456,2501115904,NA,NA,NA,NA,NA,1184640,NA,NA,NA,NA,NA,NA,NA,NA,2384384,NA,NA,NA,NA,NA,823488,NA,NA,NA,NA,NA,NA,9388032,NA,1097924608,NA,9241600,NA,6722304,NA,12856320,NA,NA,NA,14070784
"22A",2835712,NA,NA,NA,NA,NA,NA,NA,NA,23081984,NA,33763328,NA,NA,NA,NA,31134720,3023872,15360000,5177600,NA,7330560,NA,NA,NA,NA,127950848,NA,NA,NA,NA,476545024,NA,16703488,NA,NA,12834816,3783168,NA,8168192,NA,NA,NA,NA,5622272,3820800,NA,12450816,9590784,NA,464096,2165248,NA,7025664,2204672,1194816,36667392,NA,4848640,5853184,1504448,NA,NA,2275328,NA,116461568,NA,NA,2383616,NA,NA,14722048,NA,NA,NA,NA,46768128,120279040,NA,NA,NA,3268352,1284672,NA,2041536,NA,60116992,4322048,4119040,NA,NA,863808,NA,2088832,25268224,1608448,2551040,NA,NA,720320,NA,448790528,NA,26651648,37163008,2202624,NA,40534016,43208704,2818560,NA,1124480,690880,NA,NA,67452928,NA,NA,NA,208519168,NA,NA,NA,40800256,NA,1288512,NA,1710720,920576,NA,NA,NA,NA,NA,NA,NA,2518155264,NA,NA,NA,NA,NA,1114112,NA,NA,NA,NA,NA,NA,NA,NA,NA,NA,119212,NA,NA,NA,NA,886656,NA,412512,NA,367952,NA,NA,NA,452165632,NA,8650752,1683904,53497856,NA,NA,1733120,NA,NA,4488704
"23A",NA,NA,NA,NA,NA,NA,NA,NA,NA,7802112,NA,12633088,1912000,NA,NA,NA,163381248,NA,107802624,1048896,NA,4008960,NA,NA,NA,NA,32064512,NA,NA,NA,NA,24053760,NA,NA,428368,2552832,7294208,NA,NA,2247936,NA,2487552,NA,NA,2941696,NA,NA,3900928,NA,NA,662720,393376,508720,7330304,1020352,869760,NA,NA,1551872,NA,NA,9012224,NA,NA,NA,NA,5056768,NA,1526272,534848,NA,27342848,NA,NA,NA,NA,NA,208158720,NA,NA,2649856,3621632,891072,NA,1009664,NA,NA,8386560,15383552,NA,NA,22851584,NA,NA,38797312,NA,NA,NA,NA,58646528,NA,NA,NA,51175424,41680896,3469568,NA,284377088,40648704,NA,NA,NA,1794432,NA,NA,4246528,789632,NA,NA,49377280,NA,NA,NA,101810176,1140608,2641408,NA,2019520,1449152,NA,NA,NA,NA,679360,NA,16416768,1513947136,NA,NA,NA,NA,NA,NA,NA,NA,NA,NA,NA,NA,NA,NA,895296,NA,1927168,NA,NA,NA,3516160,NA,NA,NA,NA,3395584,NA,1255680,NA,904724480,NA,12132352,NA,14166016,229552,2722304,NA,NA,NA,29495296
"27A",61476864,1739520,NA,NA,NA,NA,NA,NA,NA,10552320,NA,16612352,1162752,NA,NA,NA,110845952,NA,62476288,998464,NA,3707392,NA,NA,NA,NA,21025792,NA,NA,NA,NA,102359040,NA,13407232,NA,NA,14218240,NA,NA,NA,1868096,NA,NA,NA,1534336,NA,NA,4683776,4508928,NA,NA,NA,NA,7794432,NA,NA,15025152,NA,NA,1605888,NA,2022784,NA,NA,NA,41332736,5362176,NA,431360,NA,NA,NA,NA,NA,NA,NA,19342336,12408832,NA,NA,NA,1658048,1176512,NA,NA,NA,20956160,NA,7885312,NA,NA,1201216,982912,NA,33771520,NA,NA,NA,NA,9423872,NA,16661504,NA,15491072,14082048,1170688,NA,215040000,18849792,NA,NA,NA,NA,NA,NA,17782784,NA,NA,NA,2543616,NA,NA,NA,56066048,NA,NA,NA,1125440,1075648,NA,NA,NA,NA,NA,NA,808640,1506476032,NA,NA,NA,NA,NA,NA,NA,NA,NA,NA,NA,NA,NA,NA,NA,NA,NA,NA,NA,NA,NA,NA,NA,NA,NA,NA,NA,586752,NA,236732416,NA,8352768,628992,13942784,14030848,NA,NA,NA,NA,18105344
"29A",51240960,3041792,NA,NA,6071552,NA,NA,NA,NA,6361856,NA,10012672,NA,NA,NA,NA,157253632,NA,80216064,2780416,NA,2142208,NA,NA,NA,NA,17149952,NA,NA,NA,NA,75608064,NA,14544896,NA,NA,7143936,NA,NA,5732096,NA,2607872,1080576,NA,NA,NA,NA,8663040,12013568,NA,1521536,NA,NA,7299840,NA,NA,34086912,NA,NA,1322624,1372544,NA,NA,871744,NA,39108608,3826688,NA,712832,NA,NA,33677312,NA,NA,NA,NA,46546944,16419840,NA,NA,NA,2777344,1256000,NA,NA,NA,28986368,NA,11339776,NA,2263808,3461888,NA,NA,66080768,NA,NA,NA,NA,35319808,NA,NA,NA,27245568,20200448,1381568,NA,115949568,24741888,NA,NA,NA,1366400,NA,NA,4901888,NA,NA,NA,NA,NA,NA,NA,113651712,NA,367808,NA,1274688,517616,NA,NA,NA,NA,NA,NA,3062016,1576337408,507609088,NA,NA,NA,NA,1457408,NA,NA,NA,NA,NA,NA,NA,NA,NA,NA,NA,NA,NA,NA,NA,NA,NA,NA,NA,5174784,493216,1089920,NA,99246080,NA,9137152,NA,12502016,17721344,NA,NA,NA,NA,25652224
"31A",521648,NA,NA,NA,166166528,NA,NA,NA,NA,46645248,15687680,NA,NA,5310976,NA,NA,17031168,17916928,9373696,3360512,NA,5065984,NA,NA,16483328,NA,36093952,16892928,6380800,NA,NA,NA,NA,68349952,NA,NA,2706944,NA,1511488,3789312,17150976,17927168,NA,10327040,NA,NA,NA,11387904,8019712,2847744,380336,NA,NA,5301504,3269120,2083264,7597056,NA,1534272,NA,NA,NA,NA,NA,NA,388972544,NA,NA,367728,NA,NA,2042624,994752,NA,4066560,1344384,18646016,40218624,NA,NA,NA,2078208,NA,NA,NA,NA,175996928,3526400,1695872,NA,NA,2508800,NA,NA,NA,NA,1859264,796096,NA,NA,NA,NA,NA,9381888,8231424,1238912,NA,897152,NA,NA,NA,NA,NA,NA,NA,NA,NA,NA,2618624,64552960,1616448,NA,NA,34586624,NA,524352,NA,1240960,766080,NA,NA,NA,NA,NA,1345600,1644608,145309696,NA,NA,NA,NA,2750720,NA,NA,NA,NA,NA,NA,NA,NA,NA,816448,904768,NA,NA,NA,NA,NA,NA,NA,NA,NA,NA,NA,NA,NA,384237568,NA,63918080,NA,4465408,NA,3763456,NA,7301376,NA,2450688
"33A",5217024,NA,NA,NA,32174080,NA,NA,NA,1586688,14143488,23712768,NA,2974464,1859776,NA,NA,13143040,325140480,NA,6431744,NA,43286528,NA,NA,7097856,NA,13236224,17238016,18938880,NA,2769408,NA,NA,142065664,NA,NA,5109504,NA,NA,2944000,19013632,NA,NA,5451520,7995904,NA,27461632,7201536,26142720,9544704,NA,2484992,NA,52187136,4249600,NA,53125120,4865536,6185472,NA,NA,1227584,NA,2969856,NA,1166671872,NA,NA,1256192,NA,NA,238387200,NA,NA,36380672,5902080,94912512,123932672,NA,18933760,NA,2666496,NA,46776320,NA,NA,892338176,NA,3497216,NA,NA,7152384,NA,615040,2115584,1452800,NA,89313280,36323328,NA,NA,NA,NA,16284672,14251008,4258304,NA,19267584,6580736,NA,NA,NA,NA,NA,NA,7328256,2411776,NA,NA,28521472,NA,35045376,NA,44015616,NA,937408,12186624,4885504,1361280,237076480,NA,NA,NA,NA,NA,16357376,485457920,NA,40497152,53878784,7710208,6173696,2879744,NA,NA,NA,NA,NA,153763840,NA,NA,NA,NA,NA,NA,5616384,NA,NA,NA,NA,582976,NA,NA,NA,2039936,NA,98033664,418144,53735424,2006336,11716608,NA,NA,NA,9841664,NA,2703616
"35A",1744192,NA,NA,NA,NA,NA,NA,NA,NA,8861696,NA,18162688,4310272,NA,NA,NA,22808576,38191104,20754432,4887808,NA,12412928,9302016,2302720,NA,3721472,8868864,NA,1395392,NA,NA,28977152,NA,34574336,NA,NA,1402304,NA,1271360,6408960,NA,2669824,724544,NA,4227328,NA,NA,4114432,16980992,NA,NA,535360,330400,11696128,3094784,NA,43405312,NA,3796736,2957056,NA,NA,NA,1240320,NA,386859008,NA,NA,552512,NA,3676672,75042816,NA,NA,NA,NA,62500864,28051456,NA,NA,62095360,NA,NA,1924800,NA,NA,143867904,NA,2911744,NA,NA,838208,NA,2109440,2109440,2406656,1781440,NA,9633792,NA,1163968,13136896,NA,15339520,3510784,3929344,NA,208683008,2592768,NA,NA,NA,NA,NA,NA,NA,NA,NA,1589696,9175040,350032,NA,NA,28304384,NA,708416,NA,1500608,NA,NA,NA,NA,NA,NA,NA,516160,466796544,NA,NA,NA,NA,5390336,3242496,NA,NA,NA,NA,NA,NA,498368,NA,NA,NA,NA,NA,NA,NA,NA,NA,NA,NA,NA,NA,NA,NA,NA,249888768,NA,8978432,NA,31965184,666112,NA,1783360,1847360,NA,2592256
"37A",31940608,NA,NA,NA,NA,NA,NA,586880,NA,12522496,NA,66793472,NA,NA,NA,NA,115896320,NA,68034560,3773184,897536,8885248,7997440,NA,NA,NA,8810496,NA,NA,NA,NA,32869376,NA,13225984,NA,NA,11252736,15036416,262672,13070336,NA,NA,NA,NA,6906624,NA,NA,18420736,NA,NA,NA,2335232,NA,15955968,6208000,679872,5597696,NA,4612608,NA,NA,3077632,NA,3221248,NA,6059776,1379968,NA,1227136,4847872,2000896,102522880,1168640,NA,NA,NA,NA,84271104,NA,NA,NA,3822848,2769152,NA,2050240,NA,14830592,NA,10560512,NA,NA,7414784,7177216,1504128,24189952,NA,2816512,NA,NA,4236800,NA,4725760,NA,38412288,112033792,2677760,NA,29606912,10134528,NA,NA,158662656,NA,NA,NA,6284800,1422592,NA,NA,12641280,641216,NA,NA,84234240,NA,7230976,NA,2157568,NA,NA,NA,NA,NA,NA,NA,3605504,586743808,NA,NA,NA,NA,NA,563904,NA,NA,1551808,NA,NA,NA,345776,3174656,NA,NA,NA,NA,NA,NA,NA,NA,NA,NA,NA,NA,NA,912512,NA,440238080,8163072,8668160,971456,21962752,NA,2310400,NA,NA,NA,25608192
"39A",15911936,1814976,NA,NA,16515072,NA,NA,687808,1085568,11321344,NA,31032320,NA,NA,NA,NA,35717120,7237632,15825920,2995456,NA,22786048,NA,681600,NA,7041024,44773376,NA,1093888,NA,NA,111472640,NA,23478272,NA,NA,2157056,NA,502144,5516032,2216960,NA,NA,NA,8032256,NA,NA,7702016,17158144,NA,NA,NA,NA,21056512,2060608,NA,61284352,NA,1550720,4499200,NA,NA,NA,598400,NA,244334592,NA,NA,932992,NA,NA,NA,NA,1998592,1348608,996928,91820032,74731520,NA,NA,NA,3083264,NA,NA,NA,NA,179404800,NA,4063232,NA,NA,2892288,NA,NA,74420224,4034816,2018112,742208,1357376,5812736,NA,84332544,NA,21580800,10615808,2916096,NA,30484480,52318208,NA,NA,1816000,NA,NA,NA,103133184,NA,NA,NA,NA,NA,NA,NA,51515392,NA,511376,NA,2236160,854528,4837888,NA,NA,NA,211152,NA,1997952,1013121024,285294592,NA,NA,NA,NA,1187008,NA,NA,NA,NA,NA,NA,NA,NA,813056,NA,NA,24523776,NA,NA,NA,NA,NA,NA,NA,481504,NA,NA,NA,232554496,NA,28444672,NA,33869824,5280768,5225472,1942272,NA,NA,4822528
"41A",1328960,NA,11260928,NA,17036288,2890752,NA,NA,300800,2665984,NA,44216320,1454528,NA,NA,NA,12744704,43397120,18092032,3141376,NA,34598912,NA,NA,NA,4885248,NA,5360640,2870528,NA,NA,17581056,NA,55431168,NA,NA,21567488,2061504,NA,3707136,7047936,NA,NA,NA,26867712,NA,13613056,3701504,117424128,1261952,NA,NA,NA,23865344,NA,NA,225181696,4978688,1758080,NA,NA,NA,NA,1942016,1429696,651689984,NA,NA,1236672,NA,NA,7630848,NA,NA,9764864,5042688,331251712,54984704,NA,21000192,NA,NA,NA,NA,NA,NA,878444544,11490304,2830080,NA,NA,3227904,3255040,1188096,841216,NA,NA,48955392,3578368,2687232,NA,10586112,NA,17105920,8184064,2548224,NA,26650624,1322432,NA,9412608,NA,NA,4481536,NA,NA,NA,NA,NA,5867776,NA,NA,NA,27590656,NA,665856,NA,3531520,NA,NA,1156608,821440,750272,NA,NA,4738816,2470969344,1310654464,NA,NA,NA,NA,2794240,NA,NA,NA,NA,4283392,NA,NA,642752,NA,NA,NA,2721280,1355648,NA,NA,NA,NA,15529984,NA,536704,NA,1774080,NA,1323368448,NA,17917952,NA,48607232,8479744,7398912,1113216,NA,NA,1970816
"45A",NA,NA,10992640,NA,183418880,NA,NA,NA,NA,8057088,28441600,NA,NA,2962176,NA,NA,14190592,166232064,55037952,5281536,NA,12866560,NA,NA,9556992,NA,10043392,39911424,22067200,NA,1994048,NA,NA,175751168,NA,NA,NA,NA,NA,3456768,42856448,NA,NA,19791872,3526144,NA,18725888,6746368,14587904,5783808,NA,896512,NA,8897536,10938368,NA,15652864,NA,4424192,3054592,NA,NA,NA,1580480,NA,1253376000,2101504,NA,NA,NA,NA,298832,NA,NA,69906432,7981824,30579712,NA,13247488,4370176,NA,2377472,NA,1867712,NA,NA,523632640,3220480,2573824,NA,NA,NA,NA,NA,NA,NA,3555072,30405632,NA,1763264,NA,NA,NA,16967680,6384384,2179072,NA,1206080,NA,NA,NA,NA,NA,NA,NA,NA,NA,NA,2102528,5097728,NA,NA,NA,31888384,NA,1157632,NA,1115264,406624,NA,NA,NA,NA,NA,1507776,NA,86949888,NA,NA,NA,NA,37953536,NA,NA,NA,NA,NA,NA,NA,NA,NA,3371008,955264,NA,NA,NA,NA,NA,NA,NA,NA,NA,NA,NA,NA,NA,143065088,NA,103280640,3244544,7832832,NA,NA,NA,9694208,NA,2176512
"47A",NA,NA,NA,NA,NA,NA,NA,NA,NA,6033920,NA,13848576,1500544,NA,NA,NA,50221056,11057152,28778496,2254080,NA,38748160,NA,NA,NA,2273536,14223360,NA,NA,NA,NA,66359296,NA,19182592,NA,NA,171737088,5854976,NA,2971136,1018752,NA,NA,NA,8684544,NA,NA,3908352,11490304,NA,NA,NA,NA,12468224,1940224,1138816,38064128,NA,20090880,NA,NA,1234624,NA,5662208,NA,198213632,NA,NA,NA,NA,NA,NA,NA,1598592,NA,232432,44457984,34861056,NA,NA,NA,1821248,NA,NA,NA,NA,85270528,8985600,5018880,NA,NA,1813824,NA,NA,32607232,NA,NA,NA,NA,39260160,NA,32763904,NA,16626688,24688640,2168064,NA,141459456,49954816,NA,NA,822656,NA,NA,NA,59559936,NA,NA,NA,9052160,NA,NA,NA,63000576,NA,618432,2084608,2561792,1167424,NA,NA,NA,NA,NA,NA,6278656,1515585536,NA,NA,NA,3425280,NA,2424320,NA,NA,NA,NA,NA,22166528,NA,NA,NA,NA,NA,NA,NA,NA,NA,NA,NA,1133760,NA,4231936,752384,2023232,NA,657981440,931008,27845632,NA,18987008,NA,2317312,NA,NA,NA,9084928
"49A",1081472,NA,NA,NA,NA,NA,NA,NA,190192,7714560,NA,15564800,NA,NA,NA,NA,51646464,3564800,19508224,3536384,NA,14216192,NA,NA,NA,NA,20774912,NA,1022336,NA,NA,29124608,NA,14475264,NA,NA,7344896,NA,564992,4353792,NA,2634240,NA,NA,4128512,NA,NA,6798080,6799616,NA,NA,NA,NA,16194560,1406592,1307776,19354624,NA,781120,NA,NA,NA,NA,NA,NA,184008704,NA,NA,302608,NA,NA,NA,NA,1272768,NA,NA,27368448,30369792,NA,NA,NA,2700032,NA,NA,NA,NA,73691136,1657408,4352768,NA,NA,1026496,NA,4271360,4394752,930624,1141568,NA,NA,6111488,NA,11484160,NA,8749056,6933760,801600,NA,12564480,2430976,NA,NA,NA,NA,NA,NA,1910400,NA,NA,NA,8523776,905408,NA,NA,60461056,NA,NA,NA,429936,1008320,NA,NA,NA,NA,NA,NA,NA,737345536,203243520,NA,NA,NA,NA,985728,NA,NA,NA,NA,NA,NA,NA,NA,NA,NA,NA,675840,NA,NA,NA,NA,NA,NA,NA,NA,NA,NA,NA,180273152,NA,8476672,NA,15249408,771584,2100480,NA,NA,NA,5091072
"51A",4939008,NA,NA,NA,NA,NA,NA,NA,NA,44998656,NA,28829696,745600,NA,NA,NA,107044864,NA,74895360,NA,NA,2104832,NA,NA,NA,NA,53510144,NA,NA,NA,NA,9585664,NA,13846528,NA,NA,13362176,6990080,NA,NA,NA,NA,NA,NA,1358656,NA,NA,47714304,NA,NA,10579968,1450176,504480,9976832,4498176,5644032,6873344,NA,10706944,3901952,NA,15785984,NA,10177536,NA,10887168,10277888,NA,NA,1842944,NA,4522240,NA,NA,NA,NA,6458368,49164288,NA,NA,NA,17260544,NA,NA,NA,NA,NA,1774784,12083200,NA,NA,1305600,NA,3518720,NA,NA,6892800,NA,NA,NA,1641664,5120768,NA,161136640,320372736,33562624,NA,139280384,14708736,NA,NA,NA,1323456,NA,NA,12621824,1534592,2601728,NA,31100928,NA,NA,NA,61800448,1369408,3116288,NA,26849280,1800512,NA,NA,NA,NA,1370048,NA,5506560,1526595584,608698368,NA,NA,NA,NA,NA,NA,NA,NA,NA,NA,NA,NA,823552,NA,NA,NA,NA,NA,NA,NA,NA,NA,NA,NA,NA,956032,2253312,NA,628424704,NA,9737216,1295040,31463424,NA,NA,9177088,NA,NA,23231488
"53A",NA,NA,NA,NA,59211776,NA,NA,NA,NA,15995904,20310016,NA,4257280,3853824,NA,NA,36003840,42954752,22952960,NA,NA,5453312,NA,NA,12957696,NA,14986240,4809472,3164672,NA,NA,13058048,NA,118644736,NA,NA,1982208,3957248,1835712,NA,5565440,NA,NA,3305984,NA,NA,NA,8126208,21033984,1595520,950080,NA,617856,10798080,16190464,1456384,46993408,NA,4996096,3158784,NA,1053312,393184,2556160,1693888,403423232,NA,NA,490272,NA,4432896,NA,NA,NA,2567936,1601408,80818176,41930752,NA,NA,NA,2917376,NA,NA,NA,NA,211697664,31422464,8056320,NA,NA,2163200,NA,NA,1116608,NA,3689216,NA,NA,NA,NA,3665152,NA,24906752,19551232,1977088,NA,23683072,1958336,NA,NA,1056128,NA,716608,NA,1398784,NA,NA,NA,1319698432,NA,NA,NA,74801152,NA,2442496,NA,3027456,614080,NA,NA,NA,NA,NA,1545472,1939712,43368448,NA,NA,NA,NA,1067840,NA,NA,NA,NA,NA,NA,NA,NA,583296,9366528,504384,NA,NA,NA,NA,NA,NA,NA,NA,NA,NA,NA,NA,NA,1096220672,NA,70361088,2290688,6025728,681216,NA,NA,4527360,NA,6789376
"55A",16005120,1598080,NA,NA,NA,NA,NA,NA,NA,7061248,NA,6764800,NA,NA,NA,NA,33426432,72572928,24076288,5971456,NA,4596992,NA,NA,NA,NA,4976384,NA,1154304,NA,NA,3091200,NA,56877056,NA,1643584,NA,NA,NA,9636864,NA,1886976,NA,NA,NA,NA,NA,5182464,51642368,NA,NA,NA,NA,11833344,NA,2392576,119963648,NA,1946944,3192064,770560,NA,NA,NA,NA,497123328,NA,NA,NA,NA,NA,NA,NA,1257856,NA,NA,157925376,10311680,NA,NA,9127936,3320576,NA,4262144,NA,NA,NA,NA,5782528,NA,NA,1209984,3692032,NA,13010944,17882112,NA,NA,NA,2614784,NA,NA,NA,25101312,10283008,5368064,NA,1168572416,12305408,576389120,NA,NA,NA,NA,NA,9478144,NA,NA,NA,10930176,NA,NA,NA,60801024,NA,1584320,NA,2726400,NA,27607040,NA,NA,NA,NA,NA,1480704,1094451200,304463872,NA,NA,NA,NA,2681600,993664,NA,393472,NA,NA,NA,NA,NA,620032,NA,NA,NA,NA,NA,NA,NA,NA,NA,NA,602176,838080,NA,NA,295452672,289328,NA,NA,8695808,10575872,NA,NA,NA,NA,4493824
"57A",2587648,NA,NA,NA,5136640,NA,NA,NA,NA,6558976,NA,31396864,2624256,NA,NA,NA,70131712,NA,32413696,2524672,NA,12540928,8799232,NA,NA,NA,6125312,NA,NA,NA,NA,433471488,NA,13869056,NA,2669056,6202112,NA,NA,3232768,NA,3191040,NA,NA,7312640,NA,NA,10130432,7856640,NA,NA,1138752,NA,6668032,NA,NA,28110848,NA,3006464,2318592,NA,1903808,NA,1378560,NA,113774592,NA,NA,812992,969024,NA,NA,NA,NA,565888,NA,35258368,7097600,NA,NA,NA,3467008,NA,NA,NA,NA,41775104,30209024,5936384,NA,NA,NA,1919872,NA,4181760,NA,1268608,NA,NA,NA,NA,257966080,NA,12787712,11222016,4315648,NA,239632384,2499840,NA,NA,NA,NA,NA,NA,NA,1563968,NA,NA,NA,NA,NA,NA,62033920,NA,1037056,NA,6396416,487136,NA,NA,NA,NA,NA,NA,NA,674037760,84910080,NA,NA,NA,NA,447696,NA,NA,NA,NA,NA,NA,NA,NA,NA,NA,NA,NA,NA,NA,NA,NA,NA,NA,NA,NA,NA,NA,NA,261111808,NA,7720192,NA,9724928,1735424,NA,NA,NA,NA,8705024
"61A",NA,NA,11383808,NA,39493632,NA,NA,NA,983168,16118784,27061248,NA,2329088,NA,NA,NA,20893696,42643456,22512640,4311808,NA,29283328,NA,NA,6669312,NA,15778816,10507264,4234240,NA,3983360,NA,NA,42356736,NA,NA,1772864,2735872,NA,7455232,43716608,50642944,NA,NA,6465280,2379008,10684416,6676480,17661952,NA,NA,NA,NA,24978432,7903488,NA,37117952,NA,7023872,3271936,NA,NA,NA,1730176,NA,717160448,NA,NA,NA,NA,NA,176799744,NA,3496704,7033088,3875584,52420608,7817728,NA,NA,NA,3560704,NA,NA,NA,NA,151879680,NA,4575744,NA,NA,NA,NA,NA,10994688,10994688,4181504,10303488,NA,13790208,NA,NA,NA,20419584,23980032,2687744,NA,78249984,26011648,NA,1373504,NA,NA,NA,NA,3462656,NA,NA,NA,10852352,716800,NA,NA,57528320,NA,1381184,NA,1846400,NA,NA,NA,NA,NA,NA,NA,NA,1244397568,NA,NA,NA,NA,NA,NA,NA,NA,NA,NA,NA,NA,516608,NA,NA,NA,NA,NA,NA,NA,NA,NA,NA,NA,NA,NA,NA,NA,NA,658046976,NA,169115648,NA,13453312,NA,NA,1015168,NA,NA,3567872
"63A",NA,NA,NA,NA,5531392,420944,NA,637184,NA,8896512,NA,12988416,2372352,276848,NA,NA,83660800,19891200,46837760,3922944,NA,17849344,NA,NA,NA,NA,8342528,NA,1412160,NA,4297216,NA,NA,39677952,NA,4649984,1228096,4375296,NA,6044928,NA,9669632,NA,NA,3659520,NA,NA,6462720,8528896,1039104,NA,NA,NA,17233920,3635968,2029632,19640320,NA,3717632,5351424,NA,1036288,NA,1176384,NA,388202496,NA,NA,NA,NA,1803008,NA,NA,NA,NA,NA,30365696,10240000,NA,NA,4606720,2134016,3226624,3779072,NA,NA,217923584,NA,10823680,NA,NA,NA,NA,NA,154386432,NA,NA,NA,NA,889782272,NA,NA,NA,20774912,19183616,3681280,NA,586350592,136052736,249872384,NA,2512384,NA,NA,NA,41029632,NA,NA,NA,7789824,NA,NA,NA,134709248,NA,3749888,NA,3617280,NA,5903360,NA,NA,NA,NA,NA,490992,196591616,NA,NA,NA,NA,NA,1234688,NA,NA,581632,NA,NA,NA,NA,NA,4656640,NA,NA,NA,NA,NA,1718144,NA,NA,NA,NA,12037120,NA,NA,NA,198393856,NA,8602624,NA,23570432,398480,NA,NA,NA,NA,14526464
"65A",25411584,NA,NA,NA,34443264,NA,NA,NA,NA,12220416,9953280,NA,2370816,NA,NA,NA,106033152,9520128,56172544,2729728,NA,4473856,NA,NA,NA,6870272,11158528,6193920,2711040,NA,NA,1197888,NA,24372224,432912,NA,NA,NA,NA,2563584,8527872,10292224,NA,NA,2006656,NA,NA,22046720,7544576,995648,NA,NA,404272,6615296,6974208,2502400,6840320,NA,1176512,1144576,NA,NA,NA,NA,NA,174768128,NA,NA,352352,NA,1987072,NA,430496,NA,912704,NA,14422016,7656192,NA,NA,2284288,3168000,NA,NA,NA,NA,34344960,7180032,8087296,NA,NA,NA,NA,NA,8818688,9169920,2473984,NA,NA,17920000,NA,NA,NA,6474752,7693056,1140544,NA,179863552,13981696,NA,NA,678656,NA,NA,NA,966656,NA,NA,NA,76881920,1518528,NA,NA,66965504,NA,2781440,NA,1123008,NA,NA,NA,NA,NA,NA,536640,NA,123432960,NA,NA,NA,NA,NA,NA,NA,NA,NA,NA,NA,NA,NA,NA,NA,NA,NA,NA,NA,NA,NA,NA,NA,NA,NA,NA,488032,NA,NA,89473024,NA,35823616,NA,6408448,NA,3002112,1107072,2090944,NA,13794304
"71A",NA,NA,NA,NA,105308160,NA,NA,NA,NA,5378048,17008640,NA,NA,1998464,NA,NA,31864832,15664128,14218240,2140672,NA,NA,NA,NA,13367296,NA,NA,14203904,2659328,NA,6305024,NA,NA,137723904,NA,NA,NA,8861696,NA,3077888,11678720,NA,NA,20516864,NA,NA,NA,17759232,13904896,NA,729216,NA,474192,9648128,4645120,1896256,37588992,NA,2073216,3118592,NA,1396736,1035520,NA,NA,378322944,NA,NA,NA,NA,2280960,62808064,NA,NA,4974848,NA,78540800,52453376,NA,NA,NA,4439296,NA,NA,NA,NA,19595264,3059456,5992192,NA,NA,1207936,NA,1462016,41402368,NA,NA,NA,NA,1444288,NA,NA,NA,23211008,12469248,2155264,NA,317751296,2428160,NA,NA,1328192,NA,NA,NA,1170432,NA,NA,3176704,723124224,NA,NA,NA,75403264,NA,2905600,NA,1979776,1014592,NA,NA,NA,NA,NA,2713856,1412480,31071232,NA,NA,NA,NA,11383808,NA,NA,NA,NA,NA,NA,NA,NA,NA,1328832,1358272,NA,NA,NA,NA,NA,NA,NA,NA,NA,NA,NA,NA,NA,329515008,NA,82886656,NA,3834624,NA,3428608,966784,2069440,NA,5850112
"79A",29128704,NA,NA,NA,5900032,1592384,NA,NA,672384,5652224,NA,68894720,1624896,NA,NA,NA,51056640,15474688,24202240,1547968,NA,21970944,NA,NA,NA,NA,9202688,NA,NA,NA,NA,198524928,NA,40718336,NA,NA,54411264,4033280,1198784,1659328,3943680,3699456,NA,NA,15447040,NA,NA,3316992,50106368,783616,NA,1007424,NA,NA,NA,NA,136019968,1494656,5094400,4683264,NA,2543872,NA,2809088,NA,318865408,1827392,590592,NA,1039360,NA,2066496,NA,2055808,599680,788608,181764096,33255424,NA,NA,NA,1703744,9038848,NA,NA,NA,254345216,NA,5724672,NA,NA,1653568,NA,2132736,NA,NA,5754112,1139456,NA,4726784,NA,155451392,NA,27106304,7168000,1039296,NA,32057344,3364096,NA,837056,937216,1193280,NA,NA,3854848,NA,NA,NA,5383936,403488,NA,NA,74641408,NA,NA,NA,1561152,979904,NA,NA,NA,NA,NA,NA,1913408,1199505408,1019150336,NA,NA,NA,NA,2794496,NA,NA,NA,NA,1820096,NA,NA,NA,NA,NA,NA,NA,NA,NA,NA,NA,NA,460224,NA,NA,1609984,1038464,NA,703201280,5310976,8352768,817984,98992128,33267712,NA,1732352,NA,NA,7208960
"81A",21312512,1752064,NA,NA,5555712,NA,NA,NA,NA,10566656,8790016,NA,1037952,NA,NA,NA,35880960,4571392,15795200,1881472,NA,3056640,3239936,NA,NA,NA,20737024,NA,NA,NA,NA,158810112,NA,17811456,NA,NA,4568832,NA,750848,NA,1573568,NA,643456,NA,1662656,NA,NA,3945728,4685568,NA,NA,747520,NA,7611904,1928960,1199488,14555136,NA,2007744,5328640,NA,1377920,NA,1681152,NA,121757696,NA,NA,NA,NA,1564224,8132096,NA,NA,NA,613376,21425152,11894784,NA,NA,2041536,2429184,1657664,1115072,NA,NA,128888832,NA,5062144,NA,NA,797696,NA,NA,20501504,2179584,1523776,NA,1343936,4103424,4481280,128782336,NA,15002624,6412288,1965120,NA,37068800,6446848,NA,NA,NA,NA,NA,NA,3356928,876800,NA,NA,22509568,1548992,NA,627520,48566272,NA,1197888,NA,1630848,1112000,4317952,NA,NA,NA,NA,NA,946112,1097072640,NA,NA,NA,NA,NA,1747008,NA,NA,NA,NA,NA,NA,NA,NA,950592,NA,NA,NA,NA,NA,NA,NA,NA,NA,NA,665408,NA,1262208,NA,553844736,NA,53817344,NA,9498624,885312,6421504,NA,NA,NA,4398848
"83A",4898560,NA,NA,NA,NA,NA,NA,NA,304928,12900352,NA,28887040,1933760,NA,NA,NA,67026944,NA,34455552,1119360,NA,28141568,NA,NA,NA,NA,25008128,NA,NA,NA,NA,120201216,NA,14316544,NA,NA,2338816,NA,NA,2788864,NA,1712256,NA,NA,8195584,NA,NA,5018368,4300544,NA,NA,1087104,364304,25342976,1233088,1143552,15639552,NA,4621824,NA,NA,2297600,NA,1631872,NA,58683392,5771520,NA,NA,NA,NA,23218176,NA,NA,NA,NA,28986368,32979968,NA,NA,NA,3563008,NA,NA,NA,NA,54632448,NA,9284608,NA,NA,1997632,NA,1105664,4141056,1463744,NA,NA,NA,NA,NA,57368576,NA,18615296,35221504,2753280,NA,99086336,9177088,NA,NA,NA,893696,NA,NA,12643328,NA,NA,NA,25447424,NA,NA,NA,91033600,NA,606656,NA,2020864,1361024,4183552,NA,NA,NA,NA,NA,2991872,2433744896,NA,NA,NA,NA,NA,1409472,NA,278528,NA,NA,NA,NA,NA,660096,NA,NA,NA,NA,NA,NA,NA,NA,NA,NA,NA,NA,NA,1396864,NA,606601216,NA,9108480,NA,33648640,895424,NA,NA,NA,NA,10035200
"85A",22628352,NA,NA,NA,5362944,831232,NA,656960,399008,12257280,NA,18035712,NA,NA,NA,NA,45752320,5329664,20563968,NA,NA,5414912,4702976,NA,NA,NA,11154432,NA,904192,NA,NA,53862400,NA,33808384,NA,NA,7499776,3611648,NA,2019904,3141120,NA,NA,NA,6550528,NA,NA,8681472,26777600,NA,NA,1463680,NA,7745280,2038528,1431040,93761536,NA,2967808,4129792,NA,6135808,NA,1002304,NA,232161280,NA,NA,NA,NA,1722880,NA,NA,846848,1708544,NA,119246848,21905408,NA,NA,NA,2489856,1875328,NA,NA,NA,166772736,40599552,9780224,NA,NA,1838912,NA,NA,17871872,NA,NA,1092928,NA,19131392,NA,32915456,NA,12393472,6087168,1810752,NA,522027008,42401792,NA,NA,1867008,NA,NA,NA,9120768,650944,NA,NA,128167936,919424,NA,NA,51818496,NA,440336,NA,1966912,633728,NA,NA,NA,NA,NA,NA,1166144,1416626176,425656320,NA,NA,NA,NA,1253888,NA,NA,NA,NA,NA,NA,NA,NA,NA,NA,NA,5570304,NA,NA,NA,NA,NA,NA,NA,763136,NA,1521152,NA,699269120,NA,31935488,NA,12470272,20327424,NA,NA,NA,NA,5414912
"87A",NA,NA,NA,NA,6142976,NA,NA,NA,616768,17277952,NA,16951296,2081280,NA,NA,NA,25523200,33073152,17501184,4713472,NA,29375488,NA,NA,NA,4860928,NA,NA,3544576,NA,NA,87465984,NA,49745920,NA,1949312,NA,2401536,1315840,8671232,NA,6350336,NA,NA,5703168,NA,NA,10343424,45387776,1914112,NA,1066880,NA,36081664,3172608,3644416,123142144,NA,8283392,6228736,1122240,12904448,NA,1750720,NA,556859392,NA,NA,NA,NA,NA,279887872,NA,NA,1083072,NA,167460864,15691776,NA,NA,NA,4712960,NA,7733760,4697600,NA,NA,NA,5634816,NA,1390336,NA,10670080,NA,NA,42782720,NA,NA,NA,25735168,NA,58769408,NA,47181824,9153536,4126720,2148352,169852928,155287552,629080064,NA,NA,NA,NA,NA,291602432,1158144,NA,NA,25413632,1227456,NA,NA,59527168,NA,5743872,NA,3308288,880064,43315200,NA,NA,NA,NA,NA,2001984,650772480,170213376,4791296,NA,NA,5905920,NA,NA,NA,934784,NA,NA,4043776,1358784,2536704,6985216,NA,NA,NA,NA,NA,NA,NA,NA,NA,NA,1850496,812864,NA,NA,444186624,NA,9090048,635072,32117760,942528,NA,NA,NA,NA,3424768
"91A",1556224,NA,NA,NA,183599104,NA,NA,NA,NA,24955904,13294592,NA,2193408,903808,NA,NA,23601152,40271872,20385792,NA,NA,4343552,NA,NA,3767296,NA,18496512,10648576,1522880,NA,5167360,NA,NA,216023040,NA,NA,2293248,6278400,NA,NA,5430784,NA,NA,12309504,6387200,11342848,NA,7976192,20898816,1099968,333984,5414912,NA,15411200,25219072,3555328,24772608,NA,5693184,11058176,NA,NA,859264,1531712,NA,411959296,NA,NA,NA,NA,7619328,237060096,NA,NA,6049792,NA,91095040,43880448,NA,NA,NA,5266176,NA,NA,NA,NA,269893632,4400384,5421312,NA,NA,NA,NA,NA,6385152,1328832,7916800,NA,NA,15090688,NA,NA,NA,9127936,17319936,2648576,NA,19742720,3095040,NA,NA,2415360,NA,NA,NA,1507648,NA,NA,1187072,9143296,NA,NA,NA,43507712,NA,11619328,NA,3065600,974720,NA,NA,NA,NA,NA,1545664,590528,42782720,NA,NA,NA,NA,32969728,NA,NA,NA,NA,NA,NA,NA,NA,547008,5425408,1490112,NA,NA,NA,NA,NA,NA,NA,NA,NA,NA,NA,NA,NA,1438187520,NA,76787712,NA,5243136,NA,NA,NA,1637120,NA,3207936
"95A",11669504,NA,NA,NA,NA,NA,NA,NA,NA,25235456,NA,27999232,NA,NA,NA,NA,114065408,NA,56487936,2776320,NA,7649024,NA,NA,NA,NA,97906688,NA,NA,NA,NA,97681408,1596288,NA,NA,2488320,3256576,NA,NA,5168384,NA,3886848,NA,NA,3850752,NA,NA,6420480,NA,NA,NA,NA,NA,5742080,NA,NA,NA,NA,1737856,2183936,NA,NA,NA,1850304,NA,4696576,NA,NA,800128,NA,NA,36904960,NA,NA,NA,NA,4962304,61210624,NA,NA,NA,1882624,NA,NA,NA,NA,NA,2134272,9662464,NA,NA,2279936,NA,NA,16031744,NA,NA,NA,NA,12279808,NA,16212992,NA,23648256,19563520,1239232,NA,24112128,5921024,NA,NA,2017792,1015552,NA,NA,NA,NA,NA,NA,NA,NA,NA,NA,97443840,NA,2285568,NA,1108160,NA,NA,NA,NA,NA,NA,NA,4073216,1521680384,441876480,NA,NA,NA,NA,NA,NA,NA,NA,NA,NA,NA,NA,NA,NA,NA,NA,NA,NA,NA,NA,NA,NA,NA,NA,1843264,NA,1244992,NA,181616640,NA,28523520,2029376,26088448,8848384,NA,1035392,NA,NA,17082368
"101A",11640832,NA,NA,NA,NA,NA,NA,NA,542912,9709568,NA,261505024,1939904,NA,NA,NA,36794368,3976960,20114432,1784320,NA,12331008,NA,NA,NA,9007104,7035904,NA,NA,NA,NA,909696,NA,16344064,NA,7437568,3070976,NA,NA,2907648,NA,NA,NA,NA,5762048,NA,NA,20611072,16051200,NA,NA,NA,NA,8783872,NA,NA,65232896,NA,1085376,3769600,15005696,7111680,NA,NA,NA,104079360,572608,NA,NA,1203136,NA,NA,487920,NA,NA,NA,98988032,20621312,NA,NA,NA,5389568,4427776,NA,NA,NA,136167424,NA,5721856,NA,45563904,2687232,NA,2043712,13775872,NA,NA,NA,NA,1818048,NA,NA,NA,17613824,10120192,5692672,NA,1011482624,71741440,NA,NA,NA,1867712,NA,NA,147505152,1883072,NA,NA,NA,NA,NA,NA,45039616,NA,NA,NA,6561280,447072,1154048,NA,NA,NA,NA,NA,3141888,1343356928,NA,NA,NA,NA,NA,NA,NA,NA,NA,NA,NA,NA,551744,NA,NA,NA,NA,1099072,NA,NA,NA,NA,NA,NA,NA,389936,NA,3289856,NA,41627648,NA,8616960,NA,126087168,NA,3183360,2231040,NA,NA,11289600
"105A",13034496,516544,NA,NA,5889280,NA,NA,NA,NA,24785920,NA,19615744,NA,NA,NA,NA,57266176,6734592,27139072,2443520,NA,7012096,NA,NA,NA,NA,47988736,NA,NA,NA,NA,15874048,NA,19396608,NA,NA,4039168,NA,NA,4177664,NA,3076608,NA,NA,5943552,NA,NA,3289856,10259456,NA,NA,NA,NA,7314944,1090048,965824,44994560,NA,1861504,NA,NA,710336,NA,938432,NA,120893440,NA,NA,NA,1371776,1634496,8481792,NA,NA,NA,NA,62738432,42844160,NA,NA,NA,2480384,2075712,NA,NA,NA,109871104,NA,7890944,NA,NA,1155328,NA,NA,17459200,1259328,NA,NA,NA,13096960,NA,NA,NA,11496448,12411904,1254528,NA,35966976,8363520,NA,NA,4322816,NA,NA,NA,1655424,NA,NA,NA,48431104,NA,NA,NA,89407488,NA,1763328,NA,1518144,953344,NA,NA,NA,NA,NA,NA,1536640,2307653632,759169024,NA,NA,NA,NA,1530944,NA,NA,NA,NA,NA,NA,NA,NA,NA,NA,310624,1237376,NA,NA,NA,NA,NA,NA,NA,489744,NA,740032,NA,1049493504,NA,10281984,NA,21103616,17977344,NA,NA,NA,NA,7712000
"107A",920704,NA,NA,NA,4626176,NA,NA,NA,NA,9777152,NA,10526720,910016,NA,NA,NA,49500160,NA,19004416,1065600,NA,4555520,NA,NA,NA,NA,8861696,NA,1235584,NA,NA,4510720,NA,9910272,NA,NA,4601600,NA,369824,1393280,2192384,3362048,NA,NA,2673408,NA,NA,3534848,NA,873664,NA,NA,NA,4993024,4242688,NA,6418176,NA,2105856,NA,NA,NA,NA,1056768,NA,48656384,NA,NA,NA,NA,1389760,NA,229536,NA,NA,NA,7257088,37683200,NA,NA,2181632,2433280,NA,NA,NA,NA,19533824,4031488,5390592,NA,NA,1503552,NA,928832,NA,NA,2277120,NA,NA,NA,NA,1373952,NA,8930304,15521792,3481856,NA,11053056,1986752,NA,NA,NA,NA,NA,NA,1201280,NA,NA,2785024,300875776,NA,NA,NA,63827968,NA,838592,NA,1456896,779008,NA,NA,NA,NA,NA,507648,4620544,975699968,NA,NA,NA,NA,1514048,801344,NA,NA,NA,NA,NA,NA,NA,NA,NA,NA,NA,NA,NA,NA,NA,NA,NA,NA,NA,NA,NA,1244416,NA,579731456,NA,13891584,NA,13619200,2823680,NA,1780736,NA,NA,5705216
"109A",1362496,NA,NA,NA,62382080,NA,NA,NA,NA,3662336,15788032,NA,NA,NA,NA,NA,14666752,61882368,26342400,NA,NA,4069632,NA,NA,10860544,NA,NA,9904128,2963968,1759936,NA,505680,NA,134987776,NA,NA,714368,NA,NA,NA,56467456,NA,NA,10467328,NA,NA,7108864,2972160,32806912,NA,1295296,NA,958720,NA,NA,NA,69062656,NA,2270208,NA,NA,818944,NA,1203840,NA,1160380416,NA,NA,NA,NA,NA,NA,NA,NA,37736448,14248960,160268288,29341696,NA,3688192,NA,1916736,NA,NA,NA,NA,658309120,8393728,3077376,681984,NA,NA,NA,NA,1156160,1146176,NA,17674240,NA,NA,NA,NA,8771584,6337280,10100736,2641408,NA,4775424,3081472,NA,1588736,1531456,NA,NA,NA,3898368,NA,NA,NA,24406016,NA,NA,NA,32119808,NA,525568,NA,1296576,NA,NA,NA,NA,NA,NA,1552512,852544,907214848,NA,NA,NA,NA,50745344,NA,NA,NA,NA,NA,NA,NA,NA,1390144,2098944,681536,NA,NA,NA,NA,NA,NA,NA,NA,NA,NA,NA,NA,NA,326746112,NA,153370624,NA,5892608,NA,5551872,NA,NA,NA,2167296
"111A",NA,NA,NA,NA,78540800,NA,NA,NA,405600,6120448,17060864,NA,NA,2174464,NA,NA,28147712,19067904,12293120,2009728,NA,9322496,NA,1042816,3080960,3960064,5204480,11874304,4056064,NA,NA,13096960,NA,52572160,NA,NA,NA,2540288,810048,3547136,6494464,NA,NA,8125184,4911616,NA,2952960,3482112,21347328,3276544,NA,1638656,NA,15886336,5207040,NA,55136256,NA,6342400,7902464,NA,NA,NA,1648192,NA,358367232,NA,NA,NA,NA,2900224,3365632,NA,NA,8151808,4163072,102780928,32662528,NA,NA,NA,2022464,NA,3674880,NA,NA,NA,2535936,5658880,NA,NA,881984,NA,NA,14978048,NA,5756160,2040000,1888064,30976000,NA,9518080,NA,17416192,15465472,2075072,NA,69013504,15439872,132464640,NA,NA,NA,NA,NA,1002496,NA,NA,NA,27509760,1394432,1800704,586176,70131712,NA,1097664,NA,1509120,NA,7109888,NA,NA,NA,NA,1289792,882048,1162346496,NA,NA,NA,NA,37601280,2641664,NA,NA,NA,NA,NA,NA,NA,NA,1077440,1002560,NA,NA,NA,NA,NA,NA,NA,NA,NA,1203392,NA,NA,NA,832569344,NA,29173760,1158464,21710848,710016,4540928,2207744,3828224,NA,3133696
"113A",NA,NA,NA,NA,NA,NA,NA,NA,NA,8192000,NA,13265920,NA,NA,NA,NA,46211072,NA,21130240,NA,NA,NA,NA,NA,NA,NA,3724544,NA,NA,NA,NA,2676480,NA,15661056,NA,NA,NA,NA,NA,NA,NA,1879168,NA,NA,NA,NA,NA,3101184,2980608,1269440,1225408,NA,NA,6553344,5470208,1156032,12699648,NA,2308608,3455744,NA,812864,NA,NA,NA,61485056,1090816,NA,NA,NA,NA,NA,NA,1427520,NA,NA,15997952,21675008,NA,NA,1126784,2732800,NA,NA,NA,NA,125915136,8603648,6588928,NA,NA,733632,3395072,NA,13730816,NA,4281600,NA,NA,26855424,NA,NA,NA,11695104,11816960,1400768,NA,89968640,16102400,NA,NA,NA,315648,NA,NA,2369024,NA,NA,NA,37605376,1205568,NA,NA,61087744,NA,779520,NA,1825664,NA,NA,NA,NA,NA,NA,NA,1541376,306462720,861011968,NA,NA,NA,NA,NA,NA,NA,NA,NA,NA,NA,NA,NA,1158016,NA,NA,NA,NA,NA,3500032,NA,NA,NA,NA,NA,NA,750848,NA,1350696960,NA,8629248,NA,9581568,491808,NA,NA,NA,NA,5619456
"115A",38637568,536512,NA,NA,NA,NA,NA,NA,579520,4486400,NA,14972928,NA,NA,NA,NA,25746432,19988480,11910144,2314496,NA,14392320,NA,185088,NA,4125952,3736064,NA,2232320,NA,NA,72085504,NA,60940288,NA,1773696,705984,NA,934400,4358144,NA,NA,NA,NA,5832448,NA,NA,4899328,56537088,2873856,489520,NA,NA,30558208,NA,NA,137510912,NA,5394176,10437632,NA,1477696,NA,1013248,NA,504299520,NA,NA,NA,2300160,NA,484982784,NA,NA,NA,NA,197902336,15907840,NA,NA,NA,3053568,NA,10841088,NA,NA,557842432,9313280,5128704,NA,1788032,2255616,NA,NA,31088640,NA,4578304,2516480,2041920,36954112,NA,64876544,NA,31296512,8546304,5319680,4114944,162168832,35459072,NA,NA,NA,NA,NA,NA,20922368,7990272,NA,NA,21131264,905472,3088384,NA,51847168,NA,3062528,2803200,3331328,NA,141000704,NA,NA,468928,NA,NA,4555776,1546452992,NA,2517504,NA,NA,NA,3200768,2082688,NA,NA,NA,NA,38563840,NA,NA,NA,NA,NA,4955392,604800,NA,NA,NA,NA,NA,NA,2070592,NA,5848320,NA,418643968,NA,8751104,779776,18898944,560448,3662336,NA,NA,NA,3780608
"117A",1207680,NA,NA,NA,NA,NA,NA,NA,NA,31942656,NA,83456000,2809856,NA,NA,NA,44654592,3802624,22366208,926848,NA,28478464,NA,2223104,NA,NA,65785856,NA,NA,NA,NA,22812672,NA,13307904,NA,NA,1568448,4316416,NA,NA,NA,NA,NA,NA,4531456,NA,NA,5283328,3694592,NA,NA,NA,NA,24173568,2057664,1123456,11973632,NA,1875456,NA,NA,NA,NA,844160,NA,116813824,NA,NA,617792,NA,7165952,NA,NA,NA,NA,NA,11326464,46333952,NA,NA,NA,1943488,NA,NA,NA,NA,30889984,3348736,5201408,NA,NA,742848,NA,719360,1545024,1539328,NA,NA,NA,NA,NA,6782464,NA,15527936,7172096,937600,NA,5442560,1016768,NA,NA,NA,NA,NA,NA,NA,NA,NA,NA,4509440,1065536,NA,NA,52297728,NA,NA,NA,769664,989888,NA,NA,NA,NA,NA,NA,690816,372080640,61829120,NA,NA,NA,NA,849024,NA,NA,NA,NA,NA,NA,NA,NA,NA,NA,NA,NA,NA,NA,NA,NA,NA,NA,NA,NA,NA,NA,NA,34791424,NA,8460288,NA,65363968,243488,NA,NA,NA,NA,5421568
"119A",9059328,NA,NA,NA,5595136,NA,NA,NA,NA,4507392,NA,15025152,9195520,1294848,NA,NA,96493568,4418048,37171200,1896896,NA,5280256,NA,NA,NA,6414592,NA,4082688,8494080,NA,NA,3744768,NA,12952576,NA,1023104,2945792,NA,404192,1442112,5742336,6893056,NA,NA,1740992,NA,NA,145702912,NA,3777280,NA,NA,248688,9925632,716032,NA,5470976,NA,NA,NA,NA,4235264,NA,NA,NA,119574528,NA,NA,1369984,NA,NA,NA,NA,NA,3788288,1001856,5659648,23308288,NA,NA,NA,2627328,NA,NA,3165952,NA,16553984,NA,8350464,NA,NA,NA,NA,NA,13212672,NA,NA,3180288,NA,2672640,NA,NA,NA,5261312,8931328,1237952,NA,16536576,3679488,NA,NA,NA,NA,NA,NA,1422528,NA,NA,NA,110649344,1706624,NA,NA,73650176,NA,663936,NA,1009408,NA,NA,NA,NA,NA,NA,NA,508736,130375680,NA,NA,NA,NA,NA,NA,NA,NA,NA,NA,NA,NA,NA,NA,943360,NA,NA,NA,NA,NA,NA,NA,NA,490160,NA,NA,NA,NA,NA,80203776,NA,25533440,NA,12738560,1425856,3520768,NA,4602880,NA,8928256
"121A",NA,NA,NA,NA,NA,NA,NA,NA,NA,2892800,NA,18190336,NA,NA,NA,NA,86241280,NA,31441920,1564352,NA,2173440,NA,NA,NA,3408640,2402048,NA,NA,NA,NA,759616,NA,NA,NA,3244800,12986368,NA,NA,NA,NA,NA,NA,NA,1960000,NA,NA,11112448,NA,NA,NA,NA,NA,5145088,NA,NA,6081024,NA,2669312,NA,7606528,2085888,NA,736704,NA,1501312,NA,NA,NA,938304,NA,NA,NA,719744,NA,NA,6594304,34463744,NA,NA,NA,1978624,4222720,NA,NA,NA,NA,NA,5987072,NA,22069248,6373376,3717632,69439488,15277056,NA,NA,NA,NA,44691456,NA,NA,NA,15252480,10981376,1412672,NA,170934272,24955904,NA,NA,694464,NA,NA,NA,NA,3130624,NA,NA,NA,NA,NA,NA,41586688,NA,1071360,NA,1652480,NA,NA,NA,NA,NA,NA,NA,14077952,1088749568,320307200,NA,NA,NA,NA,448272,NA,NA,NA,NA,NA,NA,NA,NA,NA,NA,NA,606272,NA,NA,NA,NA,NA,NA,NA,5637120,973440,2359808,NA,7159296,10850304,7609088,NA,15606784,NA,NA,NA,NA,NA,11493376
"125A",14302208,NA,NA,NA,NA,NA,NA,NA,NA,8324608,NA,10009600,1238336,NA,NA,NA,82071552,NA,37945344,1178944,NA,5282048,NA,NA,NA,1577216,7738880,NA,NA,NA,NA,18400256,NA,12723200,NA,NA,6196992,2498560,NA,NA,NA,1465792,NA,NA,1154688,NA,NA,10442752,NA,NA,NA,NA,NA,8264192,NA,739328,4390656,NA,950656,1420736,NA,NA,574336,NA,NA,19520512,1735424,NA,1227904,NA,NA,28781568,NA,NA,NA,NA,5080064,30698496,NA,NA,NA,1834752,NA,NA,NA,NA,2865664,NA,6739200,NA,NA,NA,NA,1413184,9220096,5502720,NA,347824,NA,3600896,NA,NA,NA,18171904,19667968,952512,NA,37629952,57184256,NA,NA,2882304,NA,NA,NA,7778560,NA,NA,NA,8001280,475984,NA,NA,68276224,NA,908992,NA,865600,NA,NA,NA,NA,NA,NA,NA,981376,1374224384,372588544,NA,NA,NA,NA,NA,NA,NA,NA,NA,NA,NA,NA,NA,489136,NA,NA,NA,NA,NA,898688,NA,NA,NA,NA,NA,NA,606720,NA,283852800,476960,16630784,NA,13674496,NA,NA,NA,NA,NA,10889216
"127A",NA,NA,NA,NA,41910272,NA,NA,NA,NA,8887296,13963264,NA,NA,NA,NA,NA,16102400,34091008,15107072,NA,NA,NA,NA,NA,2810112,2822912,3561216,3456768,NA,NA,1821632,NA,NA,137805824,NA,NA,NA,3884800,NA,1496192,8100864,NA,NA,5011456,NA,NA,NA,9631744,24340480,1355584,NA,730176,NA,6115584,2118656,NA,53821440,NA,1208960,NA,NA,1891008,1296064,NA,NA,453558272,NA,NA,776512,NA,NA,726528,NA,NA,4303104,13987840,131538944,27358208,NA,NA,NA,4293888,NA,NA,NA,NA,749010944,NA,7845120,NA,NA,NA,NA,NA,3186944,1411840,NA,NA,NA,2958592,NA,NA,NA,28097536,13596672,2501376,NA,29533184,2862592,NA,NA,1343360,NA,NA,NA,1060096,NA,NA,NA,1035264,NA,NA,NA,26661888,NA,389568,NA,3644160,NA,NA,NA,NA,NA,1042496,771584,833024,5383168,NA,NA,NA,NA,10029056,NA,NA,NA,NA,NA,NA,2638592,NA,725376,5586944,NA,NA,NA,NA,NA,NA,NA,NA,NA,NA,NA,NA,NA,NA,245104640,NA,78954496,NA,6105088,NA,NA,NA,NA,NA,2911232
"131A",NA,NA,NA,NA,10979328,NA,NA,NA,NA,6569728,11934720,NA,5966848,NA,NA,NA,75890688,5090304,34664448,NA,NA,18921472,NA,NA,NA,NA,5519360,NA,1112064,NA,6219776,NA,NA,17377280,NA,2224384,801216,4314368,NA,NA,6629888,NA,NA,NA,7601152,NA,NA,3788032,NA,NA,1047872,799104,939392,30584832,4336128,NA,7782144,NA,21638144,2676480,NA,2556416,NA,9905152,NA,99459072,2514176,NA,616832,NA,NA,NA,NA,NA,NA,1393728,11320320,77389824,NA,NA,627968,2556928,NA,NA,1534784,NA,39489536,18725888,6115328,NA,NA,1174400,NA,1160000,6888704,NA,3302656,NA,NA,4670208,NA,NA,NA,2479872,13687808,1113600,NA,20242432,4852736,NA,NA,NA,NA,NA,NA,1048128,NA,NA,NA,211894272,1977280,NA,NA,46735360,NA,688192,NA,1784960,452784,NA,NA,NA,NA,NA,NA,2262784,1182531584,NA,NA,NA,NA,NA,NA,NA,NA,NA,NA,NA,NA,NA,NA,NA,NA,349840,NA,NA,NA,NA,NA,NA,NA,NA,1606400,NA,1063808,NA,466894848,NA,41283584,NA,5731584,NA,2711808,NA,NA,NA,8901632
"133A",NA,NA,NA,NA,15561728,NA,NA,1710720,1638208,5734912,NA,19540992,NA,NA,NA,NA,32574464,71135232,23195648,5542656,NA,10048512,NA,NA,2776576,7039232,5348096,NA,3450368,NA,NA,15860736,NA,64266240,NA,NA,NA,NA,NA,5434880,13598720,NA,NA,2853376,6153472,NA,6584320,12605440,104628224,1870976,NA,NA,802688,NA,NA,NA,220299264,4695296,2690304,NA,NA,3003136,NA,2227456,NA,768212992,NA,NA,612352,NA,NA,12321792,NA,NA,10725376,9739264,327925760,25789440,NA,9214976,9324544,3789568,8144128,NA,NA,NA,824770560,7661824,7428096,NA,NA,NA,NA,NA,15480832,10105856,NA,31463424,7969792,10396672,NA,12696576,NA,29328384,13085696,4442880,NA,72253440,7695616,410206208,7166720,5093632,1580992,2363136,NA,NA,NA,NA,NA,7774720,NA,7705088,NA,52518912,521552,3471616,NA,6885632,NA,2778624,956224,971072,NA,NA,NA,5499904,1410596864,1300889600,9552896,NA,NA,2832128,2634496,2110720,NA,NA,NA,NA,2490624,NA,640448,1799744,NA,NA,6394880,NA,NA,NA,NA,NA,4829184,NA,2612736,NA,2102016,NA,1480130560,514768,69201920,NA,21036032,786112,NA,1772672,NA,NA,6477312
"135A",6351360,NA,NA,NA,18280448,798016,NA,NA,1152000,12851200,25421824,NA,3559680,587136,NA,NA,26433536,105787392,33923072,NA,NA,59711488,NA,NA,NA,11549696,19684352,5899008,3913728,NA,NA,9003008,NA,105254912,NA,2650624,425648,2530048,NA,NA,6760192,NA,NA,NA,21142528,NA,6147328,31706112,80973824,2216960,1081792,NA,NA,55549952,2834432,NA,178552832,3631872,8114688,NA,NA,7844608,NA,3513600,NA,765263872,NA,NA,NA,NA,NA,NA,NA,NA,7980800,NA,274055168,28105728,NA,NA,NA,7321856,NA,13547520,NA,NA,675807232,9548800,5131008,NA,NA,1421888,NA,5496576,5795072,4740608,2627072,15024128,20945920,1155072,4276992,6511616,7159808,19353600,25040896,8799232,NA,131784704,4543744,NA,NA,NA,NA,NA,NA,6136576,NA,NA,NA,46686208,NA,12902400,8830976,58060800,NA,5367808,NA,15960064,2842624,292093952,NA,NA,1808832,NA,2247680,4957184,1486553088,833355776,12290048,12817408,NA,21928960,4237824,2583552,NA,NA,NA,NA,3425024,NA,NA,3633152,570304,NA,2126848,3154176,NA,NA,NA,NA,NA,NA,NA,1417856,1922240,NA,1403387904,NA,42418176,NA,24091648,NA,5314304,2499328,2201344,NA,5658112
"137A",2355456,NA,NA,NA,NA,NA,NA,NA,NA,12252160,NA,16035840,NA,NA,NA,NA,182714368,NA,100704256,8522752,NA,7742976,NA,NA,NA,NA,6620672,NA,NA,NA,4708608,NA,NA,14557184,NA,5858816,9875456,NA,NA,12601344,NA,4426496,NA,NA,2750720,NA,NA,20980736,NA,NA,NA,NA,456320,11575296,5606656,782208,NA,NA,1854400,NA,NA,4686848,NA,NA,NA,7585792,1928448,NA,1042432,NA,NA,43237376,NA,NA,NA,NA,NA,78213120,NA,NA,NA,4545536,NA,NA,NA,NA,5003520,1005952,10744832,NA,NA,1731200,NA,NA,4125952,NA,2304768,NA,NA,NA,NA,NA,NA,23709696,41164800,3771392,NA,271499264,2361856,NA,NA,NA,NA,NA,NA,580800,NA,NA,NA,269697024,NA,NA,NA,132136960,NA,1000576,NA,2389248,NA,NA,NA,NA,NA,NA,NA,5545216,373063680,NA,NA,NA,NA,NA,NA,NA,NA,NA,NA,NA,NA,NA,NA,NA,NA,NA,NA,NA,NA,NA,NA,NA,NA,NA,NA,NA,3609856,NA,334970880,NA,10437632,NA,40136704,NA,NA,NA,1666048,NA,28753920
"139A",1223424,NA,23312384,NA,128888832,2636800,NA,NA,324432,5167872,47448064,NA,4997888,NA,NA,NA,15750144,28261376,15181824,3614464,NA,10429440,NA,NA,13642752,NA,NA,13234176,3505408,3958272,NA,14898176,NA,49508352,NA,NA,1515072,NA,NA,5767936,32450560,NA,NA,7013120,10843136,NA,15496192,NA,42737664,1375104,765952,NA,NA,8054016,1686528,NA,117936128,2059648,1353664,2143488,NA,981120,NA,NA,NA,399261696,NA,NA,NA,NA,NA,365280,NA,NA,11820032,26420224,183369728,NA,10255360,10716160,17018880,2894080,NA,NA,NA,NA,435617792,17751040,4436736,NA,NA,NA,NA,NA,7943936,2233600,NA,16121856,1565696,949120,NA,NA,NA,24448000,13124608,4194560,NA,25662464,4270336,NA,927040,1591680,NA,NA,NA,4572416,NA,NA,NA,1403518976,NA,NA,NA,31760384,NA,1297728,NA,2168064,443200,NA,NA,NA,NA,NA,783616,NA,1479671808,NA,NA,NA,NA,NA,1616256,NA,NA,NA,NA,NA,NA,NA,NA,NA,NA,NA,NA,NA,NA,3655424,NA,NA,NA,NA,NA,NA,NA,NA,1437204480,NA,303939584,NA,21159936,NA,6965504,1403776,NA,NA,2518784
"143A",NA,NA,25501696,NA,67371008,NA,NA,NA,NA,13551616,106934272,NA,2477312,4352256,NA,NA,5668608,66576384,28141568,NA,NA,13698048,NA,NA,31273984,NA,NA,59265024,60301312,2496768,NA,1022016,NA,81473536,NA,NA,1218752,NA,NA,NA,279019520,NA,NA,28874752,NA,NA,139608064,NA,21780480,19607552,NA,NA,201584,14145536,5281792,NA,35192832,NA,2384384,NA,NA,NA,NA,NA,NA,1089863680,NA,1048896,NA,NA,4885248,NA,NA,NA,308428800,71782400,47685632,NA,85741568,22713344,NA,2729984,NA,17614848,NA,NA,550502400,NA,1947072,860480,NA,1547840,NA,NA,10696704,NA,3090944,555352064,52645888,16685056,NA,NA,NA,16902144,3679232,2217984,NA,48332800,22594560,NA,NA,NA,NA,NA,NA,11817984,NA,NA,NA,10175488,NA,16197632,NA,18775040,NA,1946496,NA,1483776,503584,NA,NA,NA,NA,NA,1975232,899456,137920512,NA,6694912,8098048,NA,7229440,NA,NA,NA,733376,NA,NA,NA,NA,NA,1810112,345792,NA,NA,NA,NA,NA,NA,NA,NA,NA,462944,NA,NA,NA,8530944,NA,139362304,NA,10916864,NA,NA,802304,14408704,NA,881792
"145A",21551104,NA,NA,NA,5516032,1120640,NA,NA,NA,11528192,NA,17936384,2291712,NA,NA,NA,59199488,NA,27934720,1070592,NA,5503232,NA,NA,NA,5186048,19615744,NA,606464,NA,NA,6036992,NA,14509056,NA,1321280,1202304,1690688,NA,1928128,NA,5830144,NA,NA,4375808,NA,NA,7183104,NA,335616,NA,NA,NA,6045440,1840448,1008960,14914560,NA,1600512,NA,NA,1716416,NA,986624,NA,72077312,NA,NA,405824,2899968,1500672,NA,NA,1379840,NA,NA,17283072,26903552,NA,NA,NA,1799552,4193024,NA,NA,NA,28509184,NA,7320832,NA,NA,2058112,3439616,NA,12040192,NA,NA,NA,NA,7394048,NA,NA,NA,13176832,12091392,1272768,NA,47325184,136003584,NA,NA,1143936,NA,NA,NA,133697536,NA,NA,NA,9207808,NA,NA,NA,62758912,NA,1403200,NA,1399104,NA,NA,NA,NA,NA,NA,NA,2712576,1512964096,454901760,NA,NA,NA,NA,NA,NA,NA,NA,NA,NA,NA,NA,NA,NA,NA,NA,NA,NA,NA,NA,NA,NA,NA,NA,455728,NA,1340864,NA,1212416000,6388224,8699904,NA,23325696,NA,NA,NA,NA,NA,7543040
"147A",2221312,NA,8714240,NA,19790848,NA,NA,NA,407664,9340928,21206016,NA,4220672,3850240,NA,NA,14148608,73506816,29169664,2883328,NA,18265088,NA,NA,6672640,NA,NA,15644672,25752576,1561216,NA,3352320,NA,100151296,NA,NA,748928,NA,1224768,2481664,14015488,NA,NA,7453184,4989696,NA,36712448,NA,44519424,16903168,NA,1500352,NA,31273984,4029952,NA,87724032,2504192,7404032,NA,NA,1011136,NA,1503424,NA,895614976,NA,874624,NA,NA,NA,67194880,NA,NA,16402432,9049088,145457152,NA,23873536,21549056,NA,2379520,NA,65515520,NA,NA,718667776,8660992,NA,NA,NA,NA,4361216,10543104,18914304,5562368,2518272,58683392,36892672,NA,11269120,NA,NA,10351616,5282816,NA,13076480,102412288,30417920,1047658496,NA,NA,NA,NA,NA,28613632,NA,NA,4060416,69554176,NA,16442368,5632000,52563968,NA,3792896,2826240,2696448,770048,116330496,NA,NA,500368,NA,4896256,781440,659750912,169754624,10710016,16587776,NA,22425600,NA,NA,NA,NA,NA,NA,5385984,NA,NA,1914816,1068224,NA,NA,1862016,NA,NA,NA,810688,3054592,NA,NA,NA,NA,NA,303972352,NA,25375744,NA,12060672,NA,2536448,NA,11521024,NA,1750976
"151A",57696256,4543488,NA,NA,NA,NA,NA,NA,NA,10704896,NA,136200192,15709184,NA,NA,980928,132608000,NA,77434880,2312960,NA,12494848,NA,NA,NA,NA,85258240,NA,NA,NA,NA,43864064,2434304,15384576,NA,NA,15747072,NA,NA,3812864,NA,3134976,NA,NA,7291136,1152512,NA,8419328,4699904,NA,NA,995776,NA,13111296,NA,2821120,21961728,NA,4246272,NA,NA,4996096,NA,2188800,NA,43106304,5200384,NA,2895360,1707840,NA,78471168,NA,NA,NA,NA,26320896,101994496,NA,NA,NA,2774272,2042240,NA,2317312,NA,78286848,4200960,13106176,NA,NA,109903872,8031232,NA,22128640,NA,NA,NA,NA,5516544,3265792,NA,NA,17933312,28877824,2362624,NA,204128256,33433600,NA,NA,1223040,NA,NA,NA,53129216,3760384,NA,NA,165085184,NA,NA,NA,84664320,489856,13185024,NA,1754112,NA,1298368,NA,NA,NA,NA,NA,69292032,1487077376,NA,NA,NA,2496768,NA,NA,NA,NA,NA,NA,NA,NA,NA,NA,NA,NA,2144000,2513920,NA,NA,NA,NA,NA,NA,NA,NA,422048,2368768,NA,440811520,454224,18327552,1115840,43855872,4640000,NA,2027072,NA,NA,24688640
"155A",16953344,NA,NA,NA,100233216,NA,NA,NA,NA,12797952,8976384,NA,NA,8182528,NA,NA,28015616,26633216,16162816,6064128,NA,6592512,NA,NA,9056256,NA,9948160,6787584,11839488,NA,NA,6836736,NA,83734528,NA,NA,4915456,1793600,1324800,13302784,12128256,NA,NA,12902400,NA,NA,NA,5618432,18989056,4493312,NA,NA,NA,NA,7405312,NA,41156608,NA,1950912,2944768,NA,955904,NA,NA,NA,453050368,NA,NA,NA,NA,2523136,213221376,NA,NA,6966784,3941376,75055104,14892032,NA,NA,NA,2760192,4096512,6741248,NA,NA,266354688,7586304,4404224,NA,NA,1306560,NA,NA,46747648,NA,2568960,1806720,NA,862848,NA,NA,NA,22323200,7872000,2201600,1619264,105660416,17714176,NA,NA,NA,NA,NA,NA,11594752,NA,NA,NA,13935616,NA,NA,NA,51912704,NA,NA,NA,1477760,NA,1709248,NA,NA,NA,NA,NA,NA,548274176,NA,NA,NA,NA,NA,971200,NA,NA,NA,NA,NA,NA,NA,NA,NA,NA,NA,NA,NA,NA,NA,NA,NA,NA,NA,244448,NA,NA,NA,509902848,NA,36036608,1497216,8153344,1668224,NA,NA,6017792,NA,3813632
"159A",7143168,1707904,NA,NA,NA,NA,NA,NA,NA,3713280,NA,59826176,4678144,NA,NA,NA,26894336,44183552,23755776,3098112,NA,24709120,NA,NA,NA,2614528,3906304,NA,NA,NA,NA,151453696,NA,50556928,NA,NA,3682816,NA,NA,3585792,NA,NA,NA,NA,13338624,NA,NA,5152000,104886272,NA,NA,NA,216800,39026688,NA,NA,254099456,NA,2327296,14341120,NA,1792256,NA,865984,NA,536936448,NA,NA,235072,NA,1686656,NA,NA,NA,NA,NA,377176064,11471872,NA,NA,NA,2505984,NA,NA,NA,NA,573440000,NA,4929792,NA,NA,2806272,NA,NA,11484160,1139072,NA,NA,NA,4808960,NA,141361152,NA,18476032,11635712,2073984,NA,30251008,11296768,NA,NA,NA,701056,NA,NA,9773056,NA,NA,NA,8057856,NA,NA,NA,36573184,NA,NA,NA,1889088,1466816,41639936,NA,NA,NA,NA,NA,2939136,2257321984,1132658688,NA,NA,NA,NA,4928512,2599168,NA,NA,NA,NA,NA,NA,NA,452336,NA,812736,83488768,NA,NA,NA,NA,NA,NA,NA,2031936,NA,NA,NA,399245312,NA,NA,710464,61132800,6752256,NA,1589888,NA,NA,3973632
"165A",6792192,NA,NA,NA,NA,NA,NA,NA,NA,12733440,NA,13720576,NA,NA,NA,NA,112656384,NA,67530752,973632,NA,14109696,NA,NA,NA,NA,47513600,NA,NA,NA,NA,151355392,NA,NA,NA,NA,5349888,NA,NA,NA,NA,2027136,NA,NA,2773248,NA,NA,12162048,NA,NA,267872,NA,NA,12065792,NA,586496,4891904,NA,2024832,2810368,NA,1046528,NA,1175232,NA,18097152,5046528,NA,NA,NA,NA,155090944,NA,NA,NA,NA,4549888,76791808,NA,NA,NA,2629888,NA,NA,NA,NA,5916416,2339328,7799040,NA,NA,2432256,NA,NA,3058688,3393536,NA,NA,NA,NA,NA,38068224,NA,9417728,14045184,1802752,NA,59482112,3437824,NA,NA,1021056,NA,NA,NA,1155392,NA,NA,NA,1937792,265744,NA,NA,88576000,NA,664512,NA,969600,845056,NA,NA,NA,NA,NA,NA,1307456,522911744,NA,NA,NA,NA,NA,557504,NA,NA,NA,NA,NA,NA,NA,NA,NA,NA,NA,NA,NA,NA,NA,NA,NA,NA,NA,391312,NA,476992,NA,303448064,778112,8603648,NA,10261504,6044672,NA,NA,NA,NA,18359296
"4A",15015936,NA,NA,NA,NA,NA,NA,NA,1145280,7684096,NA,69345280,NA,NA,NA,NA,32198656,11181056,16355328,3208960,NA,16125952,NA,NA,NA,4415488,5738240,NA,669696,NA,NA,177209344,NA,42209280,NA,28446720,3559680,NA,715968,7058176,1970880,NA,NA,NA,10057728,NA,NA,11301888,54034432,1109760,NA,NA,233376,20734976,2405632,1840896,158384128,NA,1744448,4370944,NA,7079168,NA,NA,NA,354172928,NA,NA,NA,1343232,NA,NA,NA,NA,NA,861696,233881600,36700160,NA,NA,NA,5721344,3261696,NA,NA,NA,NA,5416960,6302976,NA,NA,4011520,NA,3560704,7293440,7293440,3896576,NA,NA,3471104,NA,147111936,NA,51052544,16928768,5571584,NA,26482688,60387328,35598336,NA,3396608,NA,NA,NA,64372736,1383168,NA,NA,2227200,337632,NA,NA,43655168,NA,741632,NA,7571456,2736384,NA,NA,NA,NA,NA,NA,8266752,1501757440,646643712,NA,NA,NA,NA,3859968,NA,NA,NA,NA,NA,NA,NA,NA,502016,NA,NA,49864704,NA,NA,NA,NA,NA,NA,NA,NA,NA,3300096,NA,173686784,NA,9071616,1557632,112009216,2222080,NA,1982016,NA,NA,6065920
"10A",2871296,NA,NA,NA,10544128,1749248,NA,NA,343472,8639488,NA,16670720,NA,844416,NA,NA,21519360,73027584,29168640,4926208,NA,20377600,NA,NA,NA,NA,6639360,NA,4418816,NA,2601472,NA,NA,111796224,NA,3304704,NA,NA,NA,4333056,3257600,NA,NA,NA,5258496,NA,4073216,9609216,62087168,2787328,NA,NA,NA,37027840,2947328,NA,130072576,2138368,5085696,10602496,NA,4839424,NA,1248512,NA,767426560,NA,NA,NA,NA,NA,NA,NA,2599680,5603584,NA,232226816,29024256,NA,NA,NA,3798016,NA,15757312,NA,NA,648675328,7058432,6256128,NA,NA,2311424,6564608,1410752,NA,1410752,NA,11049984,7096064,NA,4863488,NA,NA,15984640,10365952,7032320,4868352,44670976,10534912,NA,NA,NA,NA,NA,NA,7704576,NA,NA,NA,24564736,NA,5647360,1272768,60469248,NA,1051776,NA,5764608,1237568,128659456,NA,NA,904832,NA,NA,2415104,638713856,164659200,NA,5286144,799424,2130432,2152960,NA,NA,NA,NA,NA,NA,NA,NA,2251520,NA,NA,NA,894592,NA,1548288,NA,NA,NA,NA,NA,NA,604800,NA,237862912,NA,11786240,NA,33804288,1118656,NA,1112512,2590464,NA,3350016
"12A",NA,NA,NA,NA,6047488,NA,NA,NA,NA,15645696,NA,10303488,2073024,NA,NA,NA,34701312,18253824,14330880,3914496,NA,3258880,NA,NA,NA,NA,12698624,NA,1263104,NA,NA,17733632,NA,46403584,NA,1592896,8975360,2036736,NA,5506304,2847488,3360000,NA,NA,1408256,NA,NA,4294400,44068864,NA,NA,NA,565888,7365376,1696064,5547264,124506112,NA,3251712,2017152,NA,3017984,NA,1175232,NA,511279104,NA,NA,627584,NA,NA,218284032,NA,NA,2004032,NA,197656576,20739072,NA,NA,NA,2481920,NA,NA,NA,NA,378519552,15349760,8892416,NA,3086592,1853632,NA,NA,36737024,NA,NA,7790592,NA,53149696,NA,NA,NA,32567296,11333632,3014656,NA,156155904,97751040,NA,NA,2314752,NA,NA,NA,141901824,NA,NA,NA,13591552,NA,NA,NA,73154560,NA,14449664,NA,2069120,1154304,NA,NA,NA,NA,NA,1336512,2480896,1389756416,938213376,NA,NA,NA,1397632,2754816,NA,NA,606784,NA,2604032,4324864,NA,657216,2122240,NA,NA,NA,NA,NA,23205888,NA,NA,3457024,NA,2172160,615168,1192000,NA,1257373696,650816,9128960,756352,18074624,3502592,3097600,NA,NA,NA,4783616
"20A",9233408,693248,NA,NA,NA,NA,NA,660288,NA,15007744,NA,7942144,NA,NA,NA,NA,57692160,42098688,29331456,5158400,NA,5417216,NA,NA,NA,NA,15874048,NA,NA,NA,NA,4420352,NA,41000960,NA,NA,1048832,2138880,NA,7689728,NA,NA,NA,NA,1650048,NA,NA,6509312,29984768,NA,380528,NA,NA,11916288,NA,2255104,77750272,NA,3540480,NA,NA,NA,NA,2088448,NA,521076736,NA,NA,995520,NA,NA,NA,NA,NA,NA,NA,119324672,52563968,NA,NA,NA,2867456,NA,3241472,NA,NA,NA,4017152,9698304,NA,NA,2312448,NA,NA,6548992,6548992,NA,NA,NA,4378112,NA,NA,NA,28676096,12008448,5080576,NA,156499968,9384960,468156416,NA,9861120,NA,NA,NA,735296,1134592,NA,NA,9123840,780800,NA,NA,82657280,NA,2092672,1856704,3394560,NA,27587584,NA,NA,NA,NA,NA,4632576,981860352,NA,780800,NA,NA,10977280,NA,NA,NA,NA,NA,NA,19938304,NA,1091712,2352384,NA,NA,2207488,NA,NA,NA,NA,NA,NA,NA,605312,NA,3129600,NA,362741760,NA,9854976,NA,11240448,3032320,6182400,1181312,NA,NA,9185280
"21A",78725120,NA,NA,NA,5730560,NA,NA,NA,627584,18760704,NA,35221504,NA,NA,NA,NA,54673408,5227520,27205632,7126528,NA,6640384,NA,NA,NA,NA,101715968,NA,NA,NA,NA,65138688,NA,17463296,NA,2511360,68284416,NA,NA,11230208,NA,NA,NA,NA,1912448,NA,NA,29543424,NA,NA,NA,NA,375856,8367616,1655104,2464256,27173888,NA,1463872,1940224,NA,4523776,NA,NA,NA,76181504,NA,NA,2506240,NA,NA,NA,828288,1534848,NA,NA,31823872,68706304,NA,NA,NA,4719872,17361920,NA,NA,NA,42233856,32240640,5976320,NA,NA,11244544,NA,18050048,7936256,NA,NA,NA,NA,49414144,NA,25202688,NA,32155648,25047040,2349568,NA,237027328,58798080,NA,NA,24718336,NA,NA,NA,39895040,NA,NA,NA,NA,NA,NA,NA,47599616,NA,941184,NA,1692736,480480,NA,NA,NA,NA,NA,NA,4659712,1243021312,NA,NA,NA,NA,NA,NA,NA,NA,NA,NA,NA,NA,NA,NA,NA,NA,NA,NA,NA,NA,NA,NA,NA,NA,NA,483296,1168448,NA,NA,359366656,NA,8706048,NA,34734080,3374080,4685056,1564416,NA,NA,9672704
"24A",99799040,3558912,NA,NA,16325632,NA,NA,NA,NA,21272576,11147264,NA,2542592,NA,NA,NA,64909312,33313792,32752640,2759936,NA,8001280,NA,NA,NA,15113216,32308224,NA,2871296,NA,NA,2401536,NA,45268992,NA,3252480,1589440,2644992,NA,5256704,5747200,NA,NA,NA,2374656,NA,NA,3734784,21821440,998528,NA,860928,NA,8840192,3367168,3845632,61956096,NA,6477056,3123712,NA,814912,NA,2149120,NA,517505024,NA,NA,1149632,2663168,NA,113692672,NA,NA,2577408,NA,88096768,113491968,NA,NA,NA,2103296,3481856,NA,NA,NA,186777600,NA,12033024,NA,1117312,6076672,NA,8634368,13570048,NA,3641344,3763968,NA,108507136,NA,NA,NA,42717184,27012096,2652416,NA,483573760,86978560,3523840,NA,NA,NA,NA,NA,NA,1562880,NA,NA,18207744,NA,NA,NA,100139008,NA,1110656,NA,2258944,1101056,NA,NA,NA,NA,NA,NA,3542784,588251136,NA,NA,NA,NA,NA,1336000,NA,NA,NA,NA,NA,NA,560896,NA,NA,NA,1258304,NA,NA,NA,NA,NA,NA,NA,NA,10010624,1096768,1476608,NA,75591680,723840,63782912,NA,9570304,356944,5012992,NA,1527232,NA,9626624
"28A",3844352,NA,NA,NA,NA,NA,NA,NA,NA,17077248,NA,21337088,3885568,NA,NA,738944,35463168,7058944,16084992,2136320,NA,15685632,NA,2190080,NA,NA,16324608,NA,NA,NA,NA,71376896,NA,23956480,NA,NA,5767936,NA,NA,4281088,NA,2722560,NA,NA,3595264,NA,NA,5793792,16584704,NA,NA,NA,NA,19741696,NA,NA,53362688,NA,2806016,8821760,1035712,1209472,NA,NA,NA,249511936,NA,NA,556352,NA,NA,67203072,NA,NA,NA,NA,73428992,2533632,NA,NA,2318592,2938880,3495168,2353920,NA,NA,204128256,9056256,5678336,NA,1714432,NA,NA,NA,NA,18763776,NA,NA,NA,27786240,NA,45043712,NA,12917760,7482624,3441664,NA,408649728,31920128,NA,NA,NA,NA,NA,NA,19224576,NA,NA,NA,9554944,884928,NA,NA,53575680,NA,1033856,NA,3377920,NA,28950528,NA,NA,NA,NA,NA,NA,1205796864,NA,NA,NA,NA,NA,1686976,852352,NA,NA,NA,NA,2398208,NA,NA,495072,NA,NA,NA,NA,NA,NA,NA,NA,NA,NA,673728,NA,NA,NA,400474112,NA,8379392,NA,22467584,5977344,NA,NA,NA,NA,4816896
"30A",19218432,NA,NA,NA,15516672,NA,NA,NA,NA,43024384,NA,34283520,2066368,NA,NA,NA,82210816,21172224,34762752,NA,NA,32656384,NA,NA,NA,NA,71798784,NA,2047680,NA,NA,85696512,NA,39022592,NA,NA,3497216,NA,NA,3010048,4132352,NA,NA,NA,11625472,NA,NA,11762688,13326336,973440,NA,NA,NA,32696320,3353088,NA,32065536,NA,1740800,7102720,NA,NA,NA,NA,NA,346161152,4105216,NA,NA,NA,2573056,297697280,NA,NA,NA,NA,50884608,47513600,NA,NA,NA,2411776,NA,2496768,2295552,NA,210534400,4399872,7606272,NA,NA,3907584,NA,16156672,26338304,NA,2404608,773760,1574144,12409856,NA,29201408,NA,7758336,6968832,1279360,NA,27731968,8145152,NA,NA,1802944,389024,NA,NA,1716544,NA,NA,NA,14038016,NA,NA,NA,67358720,NA,NA,NA,856832,441312,4839424,NA,NA,NA,NA,NA,2129408,873070592,NA,NA,NA,NA,NA,693632,NA,NA,NA,NA,NA,NA,NA,NA,NA,NA,808384,NA,NA,NA,NA,NA,NA,NA,NA,420064,NA,741568,NA,202571776,NA,34099200,NA,29441024,NA,3783168,761280,2467584,NA,9529344
"32A",4651008,NA,NA,NA,22829056,NA,NA,NA,NA,18672640,NA,28237824,NA,877696,NA,NA,46505984,29972480,21685248,1646400,NA,8222208,NA,NA,NA,NA,19385344,NA,1561728,NA,NA,3655936,NA,143753216,NA,NA,NA,9672704,NA,NA,3192832,3888640,NA,5445120,18910208,NA,NA,11986944,28184576,NA,NA,2447104,686208,16515072,5692416,NA,90005504,NA,3834624,3663360,NA,1651136,NA,1436608,NA,393904128,NA,NA,1264384,NA,2218240,NA,NA,NA,1976064,NA,125366272,104435712,NA,NA,NA,2774016,NA,NA,NA,NA,608829440,4606208,8174848,NA,NA,6674176,NA,878592,NA,805824,2365184,NA,NA,1746880,NA,3258624,NA,3681024,20788224,1709312,NA,2907392,NA,NA,NA,NA,NA,NA,NA,NA,NA,NA,3219968,44986368,NA,NA,NA,100552704,NA,1313152,NA,2352896,1233408,NA,NA,NA,NA,NA,1136320,4277504,2085552128,NA,NA,NA,NA,38842368,NA,NA,NA,NA,NA,NA,NA,NA,NA,3045376,1380352,657664,NA,NA,NA,NA,NA,NA,NA,NA,NA,NA,705280,NA,956235776,NA,13980672,1365568,10708992,NA,2028736,NA,NA,NA,6468864
"34A",3781120,NA,NA,NA,NA,NA,NA,NA,376560,9439232,NA,40361984,NA,NA,NA,NA,64229376,10827776,27631616,3284224,NA,20213760,NA,NA,NA,NA,33796096,NA,NA,NA,NA,24901632,NA,22240256,NA,3298560,5608704,NA,NA,5990400,NA,2242048,NA,NA,13630464,NA,NA,9168896,11651072,NA,NA,1309120,NA,8532992,2461696,963712,43945984,NA,5321216,2698240,NA,NA,NA,1988032,NA,213680128,NA,NA,1040512,NA,NA,27641856,NA,NA,NA,NA,69058560,69185536,NA,NA,NA,2167552,NA,NA,NA,NA,123846656,7256576,7798016,NA,NA,5057792,1402240,3194368,3769344,NA,1673472,NA,NA,NA,NA,11889664,NA,15068160,11518976,1673920,NA,5404416,5409792,NA,NA,930944,523904,NA,NA,3574016,NA,NA,NA,5900544,NA,NA,NA,84684800,NA,777792,NA,1424320,906240,NA,NA,NA,NA,NA,NA,2827264,1445265408,NA,NA,NA,NA,NA,1827584,NA,NA,NA,NA,NA,NA,NA,NA,439952,NA,NA,NA,NA,NA,NA,NA,NA,NA,NA,NA,NA,NA,NA,241860608,1189632,8911872,795520,55787520,11182080,NA,673792,NA,NA,7670784
"36A",841344,2868224,46751744,NA,81436672,4663808,NA,NA,2860800,NA,24563712,NA,1807104,5285632,NA,NA,12229632,90091520,37285888,7770368,NA,44277760,NA,NA,15927296,NA,NA,24873984,32152576,2702336,NA,27019264,NA,174784512,NA,NA,2557184,NA,NA,11119616,65835008,NA,NA,47247360,4809216,NA,70328320,NA,138543104,2944768,NA,NA,NA,NA,NA,NA,301989888,NA,3104256,2786816,NA,1411776,1241344,NA,NA,1356398592,NA,6830336,NA,NA,NA,NA,NA,NA,250871808,16811008,531677184,NA,174571520,8662016,NA,2529792,NA,NA,NA,8566784,NA,15003648,3057408,NA,NA,3407616,NA,NA,1523392,1683520,NA,793444352,NA,NA,NA,7809280,NA,39391232,8062464,4152576,NA,208568320,3756800,5931264,4961280,NA,NA,3698176,NA,3238656,NA,NA,NA,54124544,NA,NA,NA,40435712,NA,NA,NA,3079424,1335168,NA,NA,NA,NA,NA,NA,1640000,1457520640,419512320,NA,NA,NA,2310400,1308544,NA,NA,NA,NA,5316352,NA,NA,NA,327424,284832,NA,NA,NA,NA,NA,NA,NA,NA,NA,NA,NA,NA,NA,812974080,NA,34926592,2115584,12449792,347472,3056896,1039616,6316544,NA,2186240
"38A",13355008,NA,NA,NA,NA,NA,NA,NA,NA,10435584,NA,310165504,NA,NA,NA,NA,102432768,75927552,58236928,4666368,NA,55500800,NA,752768,NA,NA,46395392,NA,1063616,NA,NA,10171392,NA,61366272,NA,NA,9442304,NA,NA,7695872,NA,NA,NA,NA,24194048,NA,NA,6071040,76546048,NA,627648,1932800,327680,20901888,NA,1499584,155615232,NA,7377152,3362560,NA,NA,NA,3088128,NA,322568192,NA,NA,849408,6675456,NA,NA,473968,1368256,NA,NA,217235456,113987584,NA,NA,1529600,2728192,NA,NA,NA,NA,NA,NA,14555136,NA,NA,8078848,4555008,NA,6663936,6909184,3682816,NA,NA,NA,NA,3207680,NA,25011200,60256256,5949952,NA,26712064,16108544,36073472,NA,35708928,NA,NA,NA,19609600,2401024,NA,NA,3916288,NA,NA,NA,130220032,NA,3304960,NA,3687936,NA,NA,NA,NA,NA,NA,NA,8519680,2502688768,694288384,NA,NA,NA,NA,1403840,NA,NA,541760,NA,NA,3579392,NA,1783168,NA,NA,1290048,NA,NA,NA,NA,NA,NA,NA,NA,NA,NA,1733760,NA,357777408,3693312,33402880,1674048,123953152,NA,2636288,NA,NA,NA,18174976
"40A",3929088,1437888,NA,NA,NA,NA,NA,NA,NA,8897536,NA,34918400,NA,NA,NA,NA,85475328,NA,37793792,4261376,NA,16489472,NA,NA,NA,NA,38748160,NA,NA,NA,NA,58392576,NA,NA,NA,1255232,4899840,NA,NA,5811968,NA,NA,764800,NA,5595904,NA,NA,9556992,NA,NA,NA,NA,NA,10743808,NA,564608,3586816,NA,1079104,2833408,NA,1519104,NA,763456,NA,6498048,2486016,NA,NA,NA,741696,33718272,NA,NA,NA,NA,4282112,27085824,NA,NA,NA,3331072,NA,NA,NA,NA,NA,NA,5530624,NA,NA,1420160,NA,2467840,5349376,NA,NA,NA,NA,1480256,679232,26840064,NA,20619264,19383296,1733568,NA,6977536,3474176,NA,NA,NA,NA,NA,NA,NA,NA,NA,NA,1854272,NA,NA,NA,62750720,NA,NA,NA,2211072,1063360,NA,NA,NA,NA,NA,NA,853056,826343424,NA,NA,NA,NA,NA,511776,NA,NA,NA,NA,NA,NA,NA,NA,NA,NA,NA,NA,NA,NA,NA,NA,NA,NA,NA,NA,NA,561728,NA,251871232,NA,NA,NA,49504256,2139392,NA,1480128,NA,NA,11524096
"42A",30142464,NA,NA,NA,NA,NA,NA,NA,NA,6323968,NA,16756736,NA,NA,NA,NA,52211712,25269248,31979520,1709376,NA,17218560,4516352,894208,NA,4731136,7053568,NA,NA,NA,NA,131280896,NA,25613312,NA,NA,7005696,NA,NA,2204160,NA,NA,NA,NA,13103104,NA,NA,4777984,59486208,NA,NA,NA,NA,93798400,1992384,1551808,161202176,1793856,31075328,214712320,1139200,1163648,NA,2288896,NA,244269056,NA,NA,NA,NA,5169408,9985024,NA,NA,NA,NA,235634688,23377920,NA,NA,NA,3694080,7851264,NA,NA,NA,NA,11373568,10148864,NA,2753280,1725632,NA,NA,26140672,7580160,NA,NA,738368,27318272,NA,29636608,NA,38117376,12255232,5105152,NA,127275008,30869504,422477824,NA,12777472,2238976,NA,NA,6877184,NA,NA,NA,6412288,993344,NA,NA,99016704,700608,1145472,NA,3713024,782528,78733312,NA,NA,NA,1393408,NA,3373568,2505310208,1107623936,NA,NA,NA,NA,4795648,3105280,NA,NA,NA,NA,NA,579968,NA,NA,NA,NA,NA,NA,NA,NA,NA,NA,NA,NA,1622528,NA,1297024,NA,472727552,NA,9172992,759296,37875712,26873856,NA,1780864,NA,NA,9648128
"46A",1412864,NA,NA,NA,13451264,861184,NA,NA,NA,6121216,NA,37335040,1453312,NA,NA,NA,43724800,14333952,18783232,2352128,NA,19899392,NA,NA,NA,6456064,5762048,3247616,1291328,NA,NA,5585920,NA,41504768,NA,2610176,6304000,NA,NA,3812096,2038720,2962432,NA,NA,64286720,NA,NA,8642560,35639296,1857728,NA,3927296,NA,95621120,5795584,NA,104484864,NA,12678144,46485504,NA,2992128,NA,5300480,NA,251609088,NA,NA,NA,NA,NA,NA,NA,1348672,1737344,1356160,164052992,74747904,NA,NA,NA,3546368,NA,3859712,NA,NA,629080064,45789184,6243328,NA,NA,2720768,NA,3192064,2967040,NA,6170112,2196992,NA,589248,NA,NA,NA,12857344,18289664,5391104,3026688,3556864,34217984,NA,3885056,NA,NA,NA,NA,80850944,1039808,NA,NA,20454400,1839232,3284224,NA,61972480,NA,858368,NA,4480512,985472,34095104,1199232,1132416,NA,NA,NA,2324224,1406468096,856752128,NA,NA,NA,NA,2204160,NA,NA,NA,16208896,NA,NA,NA,NA,NA,NA,NA,NA,1205888,924032,NA,NA,NA,NA,NA,NA,NA,NA,NA,990707712,NA,8807424,NA,19931136,2159616,3917312,NA,NA,NA,6741248
"48A",NA,NA,NA,NA,5683200,NA,NA,NA,294688,9176064,NA,9670656,3718912,NA,NA,NA,74305536,15582208,40980480,2845440,NA,3023104,NA,NA,NA,NA,12946432,NA,NA,NA,NA,7957504,NA,36732928,311920,1284928,932928,NA,NA,3604224,1907776,1907776,NA,NA,1817088,NA,NA,6924032,32372736,NA,1021888,NA,874624,9222144,2226944,1403712,94179328,NA,8773632,NA,NA,1265472,NA,1447872,NA,322355200,NA,NA,334400,NA,1576192,95797248,NA,NA,499264,NA,140623872,36265984,NA,NA,NA,2606080,2147840,NA,NA,NA,235651072,16009216,11166720,NA,NA,NA,NA,32406528,9665536,NA,2220032,793920,NA,12922880,NA,NA,NA,14905344,33089536,2807552,NA,56385536,19813376,3767552,NA,NA,NA,NA,NA,11724800,973824,NA,NA,13037568,1323648,NA,NA,89071616,NA,741568,NA,2347264,806208,NA,NA,NA,NA,NA,NA,1866176,1442775040,632225792,NA,NA,615040,NA,2882048,NA,NA,NA,NA,NA,10050560,NA,NA,822528,NA,NA,NA,NA,NA,NA,NA,NA,748288,NA,715136,672768,1091328,NA,1042874368,NA,8748032,592320,10263552,NA,NA,1334976,NA,NA,11377664
"50A",NA,NA,NA,NA,5753344,551872,NA,NA,NA,10280960,NA,53506048,NA,NA,NA,NA,40599552,33328128,17190912,7835648,NA,16839680,NA,NA,NA,NA,12235776,NA,2598144,NA,NA,2111488,NA,30636032,NA,NA,2305792,3467520,NA,14377984,3738368,4492544,NA,NA,4253184,NA,NA,8275456,15713280,724544,NA,NA,NA,11145216,2067584,NA,32512000,NA,1693824,NA,NA,NA,NA,664128,NA,588578816,NA,NA,NA,NA,NA,49180672,NA,NA,NA,NA,52281344,13702144,NA,NA,NA,2833408,5974784,NA,NA,NA,184238080,NA,3859712,NA,1352896,NA,NA,NA,8699904,NA,NA,1487232,NA,18505728,NA,NA,NA,26567680,5585920,1333952,NA,51494912,20086784,NA,NA,892608,NA,NA,NA,7380736,NA,NA,NA,4030720,1192256,NA,NA,39055360,NA,579584,NA,1531520,565056,NA,NA,NA,NA,NA,NA,NA,47616000,NA,NA,NA,NA,NA,988352,NA,NA,NA,NA,NA,NA,NA,NA,1232256,NA,NA,NA,NA,NA,NA,NA,NA,NA,645056,852608,NA,NA,NA,50094080,NA,8829952,NA,96665600,317216,3875840,NA,NA,NA,4778752
"52A",NA,NA,NA,NA,6020608,NA,NA,NA,NA,5240576,NA,28319744,4826368,1923392,NA,NA,24670208,147177472,43868160,3502080,NA,25964544,NA,NA,NA,1492224,3262208,NA,6318080,NA,NA,1498432,NA,180240384,NA,NA,NA,NA,NA,1425920,NA,NA,NA,NA,22972416,NA,NA,2109440,127635456,7099392,NA,1417088,329664,42229760,10932224,NA,193085440,NA,2312448,11374592,NA,NA,NA,1285376,NA,898957312,NA,NA,1122176,NA,NA,NA,NA,NA,1459072,NA,423641088,137379840,NA,NA,NA,1945920,NA,9701376,NA,NA,1255276544,9398272,3354624,NA,NA,5158656,NA,9963520,13130752,NA,3776512,1864960,NA,8195072,NA,NA,NA,5366528,14571520,NA,5161472,51572736,21217280,743047168,NA,NA,NA,NA,NA,35500032,NA,NA,NA,226492416,NA,NA,NA,69738496,NA,637440,NA,2884864,3287552,120086528,NA,NA,NA,NA,NA,6457344,2120286208,739377152,NA,NA,NA,NA,3862528,NA,NA,NA,NA,NA,NA,NA,NA,NA,NA,1710656,NA,NA,NA,NA,NA,634688,NA,NA,8025088,1056000,1258624,NA,750977024,NA,9631744,NA,26700800,5046272,3156224,NA,4080128,NA,3575808
"54A",NA,NA,NA,NA,58937344,NA,NA,NA,NA,14274560,4777216,4088064,3208192,NA,NA,NA,14243840,34861056,17096704,2578432,NA,NA,NA,NA,NA,5383424,5275392,7016448,4280320,NA,3674368,NA,NA,88182784,NA,2022272,NA,3476480,NA,3257856,4717824,NA,NA,2732800,NA,NA,4367616,6634496,5869568,NA,NA,NA,484896,4191744,22500352,2360320,15690752,NA,4596224,NA,NA,975808,NA,1688320,NA,744947712,NA,NA,295136,NA,3498240,NA,NA,1895104,4884992,NA,21940224,61280256,NA,NA,29894656,NA,NA,NA,NA,NA,243400704,NA,2374656,NA,NA,NA,NA,NA,NA,NA,4243968,3191296,NA,NA,995840,NA,NA,6166528,4587264,1913984,NA,2719744,742080,NA,NA,NA,NA,NA,NA,NA,NA,NA,NA,827326464,NA,NA,NA,33935360,NA,1843520,NA,1841664,657024,NA,NA,NA,NA,NA,NA,867456,18800640,NA,NA,NA,NA,14365696,NA,NA,NA,NA,NA,NA,NA,NA,636096,2224896,NA,NA,NA,NA,NA,811520,NA,NA,NA,NA,NA,NA,506256,NA,214548480,NA,32202752,NA,2091520,NA,3504896,NA,NA,NA,2450688
"56A",5197824,NA,NA,NA,6031616,NA,NA,NA,NA,24504320,NA,8100864,1486656,NA,NA,NA,64479232,15164416,34840576,7226624,NA,8136192,NA,NA,NA,NA,12521472,NA,3192576,NA,3164160,NA,NA,27110400,NA,1267328,NA,2448128,NA,11330560,26742784,32489472,NA,NA,NA,NA,NA,9093120,4970496,692352,NA,NA,NA,12306432,5635072,2069696,5965568,NA,1403072,1591040,NA,NA,NA,NA,NA,468303872,NA,NA,NA,NA,1844352,45236224,NA,NA,881280,NA,13214720,20664320,NA,NA,NA,2881024,NA,1135744,NA,NA,81764352,NA,6367744,NA,NA,NA,NA,NA,NA,2650624,2121984,1294784,NA,NA,NA,NA,NA,19793920,15288320,2571264,NA,108843008,5675264,NA,NA,NA,NA,NA,NA,6110208,NA,NA,NA,9531392,NA,NA,NA,45010944,NA,526784,NA,1240320,694400,NA,NA,NA,NA,NA,NA,NA,5726464,NA,NA,NA,NA,NA,662912,NA,NA,NA,NA,NA,NA,NA,NA,NA,NA,NA,NA,NA,NA,NA,NA,NA,NA,NA,NA,NA,NA,NA,40857600,NA,11141120,746176,10686464,NA,1845632,NA,2213120,NA,9631744
"58A",15029248,NA,NA,NA,NA,NA,7788288,NA,NA,4472320,NA,14171136,1087872,NA,NA,NA,78622720,NA,34721792,1347136,NA,9393152,6462464,NA,NA,NA,4537856,NA,NA,NA,NA,84914176,NA,14055424,NA,4040192,36216832,NA,491104,1491520,NA,NA,NA,NA,2659840,NA,NA,4684032,6178048,511248,NA,476784,NA,12918784,1473792,NA,27507712,NA,4589312,3229696,NA,6925824,NA,1473728,NA,122802176,NA,NA,1612096,NA,NA,NA,374896,NA,NA,NA,37396480,8519680,NA,NA,NA,2513408,NA,NA,NA,NA,56287232,1713792,8998912,NA,NA,889280,1610304,3211520,5280512,35446784,NA,445968,NA,1807808,NA,39391232,NA,17393664,10431488,3261952,NA,8048640,118349824,NA,NA,1684032,NA,NA,NA,127762432,394816,NA,NA,NA,705344,NA,NA,99729408,NA,827392,NA,2868480,498240,1692736,NA,NA,NA,NA,NA,1004224,1475018752,439484416,NA,NA,NA,NA,NA,NA,NA,NA,NA,NA,NA,NA,NA,915648,NA,NA,NA,NA,NA,NA,NA,NA,NA,NA,NA,NA,NA,NA,212058112,NA,7821824,NA,29813760,3839488,3398912,NA,NA,NA,10153984
"62A",49442816,1709760,NA,NA,6156032,1463296,NA,NA,2340608,7101440,NA,31766528,1134336,NA,NA,NA,17249280,26418176,13315072,4791552,NA,21389312,NA,NA,NA,7183360,NA,NA,4318208,NA,NA,85815296,NA,68980736,NA,2270208,7149824,NA,1299200,6693376,3176960,NA,NA,2310656,8358656,NA,5612288,9023488,119140352,3134976,NA,NA,548800,45088768,NA,NA,238829568,NA,2342912,NA,NA,2830848,NA,NA,NA,782499840,NA,2326272,NA,NA,NA,4872704,NA,NA,8325632,NA,358334464,18453504,NA,NA,NA,4425472,NA,10508288,NA,NA,563347456,28616704,3772416,NA,NA,3862272,NA,2002688,13119488,12141568,NA,44494848,3724032,22843392,NA,33332224,NA,20840448,10871808,6081024,4824064,188497920,21911552,854196224,NA,NA,1850944,5204736,NA,NA,1311232,NA,NA,25361408,NA,NA,NA,25191424,NA,NA,NA,4865024,NA,87158784,NA,NA,2012544,NA,NA,8385536,2269904896,1062731776,20154368,NA,NA,NA,2461952,3623424,NA,NA,NA,4731904,NA,NA,NA,NA,NA,NA,NA,3249408,NA,NA,NA,NA,NA,NA,2723840,NA,938048,NA,982646784,NA,16088064,1556864,67866624,1842240,3808000,1989440,NA,NA,3962624
"64A",288342016,5412608,NA,NA,NA,NA,NA,1667456,NA,6862080,NA,16412672,NA,NA,NA,NA,83464192,11892736,45211648,2419456,NA,9159680,NA,NA,NA,NA,27473920,NA,NA,NA,NA,46514176,NA,21862400,NA,1685888,NA,NA,NA,5799680,NA,1914624,NA,NA,2889984,NA,NA,5320960,12473344,NA,NA,NA,356336,10297344,NA,NA,37236736,NA,19188736,9030656,2582784,6570496,NA,11288576,NA,145604608,NA,NA,NA,NA,NA,NA,NA,NA,NA,NA,51388416,2581760,NA,NA,NA,3793664,25952256,NA,NA,NA,94212096,NA,9966592,NA,5115904,NA,NA,429473792,99356672,NA,NA,NA,NA,530481152,NA,NA,NA,46817280,29753344,NA,NA,1117650944,286408704,NA,NA,36421632,NA,NA,NA,26825728,1636352,NA,NA,NA,NA,NA,NA,105906176,1492672,8199936,NA,5586688,1482432,1431040,NA,NA,NA,NA,NA,3263488,1486159872,603848704,NA,NA,NA,NA,1707200,NA,NA,1873216,NA,NA,NA,1100544,2981376,NA,NA,NA,4608512,NA,NA,NA,NA,NA,NA,NA,15680512,2773504,1395456,NA,322912256,22402048,14832640,885184,24984576,3050752,NA,1281664,NA,NA,17697792
"66A",11446272,4031232,NA,NA,NA,NA,NA,NA,NA,7259392,NA,44404736,NA,NA,NA,NA,97017856,128212992,54243328,3736832,NA,36872192,NA,NA,NA,NA,10698752,NA,NA,NA,NA,32875520,NA,92270592,NA,NA,3301632,NA,1361344,NA,NA,NA,836224,NA,13821952,NA,NA,4191488,109789184,NA,NA,NA,NA,39350272,NA,NA,178159616,NA,3044864,11448320,NA,2605824,NA,1050368,NA,437108736,NA,NA,NA,NA,NA,NA,NA,1201472,NA,NA,211255296,16514048,NA,NA,NA,3626496,4175360,NA,NA,NA,349044736,NA,12493824,NA,NA,NA,NA,891840,13479936,3809024,3571200,NA,NA,NA,NA,11951104,NA,15094784,11488256,4417024,NA,641269760,3942912,NA,NA,NA,1288832,NA,NA,1958656,941952,NA,NA,2593792,NA,NA,NA,121470976,NA,634624,NA,2005504,NA,35737600,NA,NA,NA,NA,NA,1518656,2442657792,1091305472,NA,NA,NA,NA,3188224,2236672,NA,NA,NA,NA,NA,NA,NA,NA,NA,NA,24704000,NA,NA,NA,NA,NA,NA,NA,NA,759680,1100160,NA,862650368,NA,11774976,829248,55562240,681984,2556416,2457856,NA,NA,14792704
"72A",2145024,NA,NA,NA,141246464,NA,NA,NA,NA,7392512,28584960,NA,2281216,NA,NA,NA,24578048,78303232,32690176,3697408,NA,30729216,NA,NA,13671424,NA,NA,23561216,3662336,NA,3432704,NA,NA,218251264,NA,NA,NA,6856448,NA,3573248,28371968,NA,NA,29526016,13083648,NA,12733440,7192832,24998912,1640512,NA,NA,435840,13077504,12636160,NA,29872128,NA,2985984,NA,NA,NA,NA,782208,NA,910950400,NA,NA,NA,NA,4158464,NA,687616,3749376,38703104,10741760,82345984,23154688,NA,5037056,NA,1657408,NA,NA,NA,NA,727252992,2525952,5363456,NA,NA,1459904,NA,NA,2267136,2547456,3783936,13032448,NA,1236928,NA,NA,6064640,10979328,10763264,1869824,NA,18868224,1047488,NA,NA,NA,NA,NA,NA,NA,NA,NA,NA,20744192,2242816,NA,NA,75878400,NA,2202624,NA,1543744,422208,NA,NA,NA,NA,NA,2939904,837120,615448576,NA,NA,NA,NA,52240384,NA,NA,NA,NA,NA,NA,NA,NA,NA,4397312,1562752,NA,NA,NA,NA,NA,NA,NA,NA,NA,NA,NA,NA,NA,291471360,NA,80953344,NA,8796160,NA,NA,NA,NA,NA,2824960
"80A",59121664,NA,NA,NA,5740544,1146176,NA,NA,NA,6290688,NA,33812480,1157440,NA,NA,NA,72957952,14000128,33718272,2549760,NA,49889280,NA,2083776,NA,5447168,16579584,NA,1430272,NA,NA,158547968,NA,21960704,NA,NA,13087744,NA,1477952,5782528,NA,3770112,NA,NA,14797824,NA,NA,19103744,14344192,872768,NA,738624,NA,55734272,NA,NA,44937216,NA,6828800,13363200,2446848,2197504,NA,2734848,NA,199032832,3215360,NA,NA,NA,1467456,86061056,NA,NA,NA,NA,62099456,13660160,NA,NA,NA,8506368,NA,2836992,NA,NA,172228608,NA,9350144,NA,5487104,946048,NA,NA,29919232,NA,NA,546880,NA,14071808,NA,103530496,NA,16036864,8560640,5694208,892736,65458176,46481408,245481472,NA,NA,NA,NA,NA,76767232,NA,NA,NA,5162240,794560,NA,NA,88236032,NA,1248704,NA,2513664,545920,23048192,NA,NA,NA,NA,NA,1126528,1058013184,306036736,NA,NA,NA,NA,1219008,NA,NA,NA,NA,NA,NA,NA,NA,NA,NA,NA,NA,NA,NA,NA,NA,NA,1187904,NA,390672,NA,NA,NA,126976000,2140672,8727552,NA,45453312,17799168,NA,687424,NA,NA,9948160
"82A",2700032,1678592,NA,NA,16953344,NA,NA,NA,NA,10771456,NA,12234752,NA,1499392,NA,NA,61071360,NA,30792704,1970624,NA,5616640,NA,NA,NA,NA,8758272,3577856,4711424,NA,NA,4344832,NA,13119488,NA,NA,2076160,NA,690432,NA,4712960,NA,NA,NA,3946240,NA,NA,5103360,NA,1723584,NA,484000,NA,7948800,NA,1145920,NA,NA,1561792,NA,NA,NA,NA,NA,NA,23544832,2770432,NA,NA,NA,NA,10834944,NA,NA,734656,676992,2705664,47661056,NA,NA,NA,2268160,NA,NA,3469568,NA,NA,4652288,6352128,NA,NA,753984,NA,850624,NA,1822656,1392704,NA,NA,852480,NA,NA,NA,10203136,10093568,1474112,NA,3944192,1622208,NA,NA,3575808,NA,NA,NA,NA,NA,NA,NA,23620608,5053952,NA,NA,52289536,NA,1622400,NA,1051776,538112,NA,NA,NA,NA,NA,NA,663296,1391132672,NA,NA,NA,NA,NA,632640,NA,NA,NA,NA,NA,NA,NA,NA,2340352,NA,NA,NA,NA,NA,NA,NA,NA,NA,NA,581376,NA,NA,NA,458227712,NA,15734784,NA,26378240,2520320,4396800,NA,5602304,NA,8081664
"84A",NA,1426368,NA,NA,NA,NA,NA,NA,NA,10237952,NA,16494592,NA,NA,NA,NA,45457408,9307136,19915776,1585984,NA,15737856,NA,NA,NA,NA,57585664,NA,NA,NA,NA,69185536,NA,23109632,NA,NA,1382592,NA,NA,1899712,NA,NA,NA,NA,5990144,1908608,NA,12061696,15466496,NA,NA,1065344,NA,29897728,NA,NA,49758208,NA,5136896,11643904,NA,1179712,NA,1377024,NA,208257024,NA,NA,701568,NA,NA,153419776,NA,NA,NA,NA,70225920,80015360,NA,NA,NA,2867200,NA,NA,NA,NA,161054720,NA,5044736,NA,NA,1140992,2525440,8828928,2696448,2869504,1770944,NA,NA,7589376,1069568,21997568,NA,14135296,34443264,2458112,NA,5085440,1650432,147406848,NA,NA,NA,NA,NA,NA,NA,NA,NA,3911168,NA,NA,NA,63467520,NA,1174016,NA,2860544,1364032,9603072,NA,NA,NA,985088,NA,1400640,2408579072,584777728,NA,NA,NA,NA,1036352,NA,NA,NA,NA,NA,NA,423760,NA,331200,NA,NA,6788352,NA,NA,NA,NA,NA,NA,NA,NA,NA,755648,NA,466370560,NA,9316352,NA,25752576,1728384,7017472,1604864,NA,NA,5996544
"86A",30545920,NA,NA,NA,5711872,NA,NA,NA,NA,9166848,NA,16201728,NA,NA,NA,NA,35172352,NA,14210048,1020288,NA,15010816,NA,NA,NA,NA,13376512,NA,NA,NA,NA,36601856,NA,13996032,NA,NA,780928,3318784,NA,NA,NA,1642240,NA,NA,11155456,NA,NA,4015360,3831296,NA,NA,NA,NA,10863616,5424896,NA,13520896,NA,3498496,4623104,NA,928512,NA,3426304,NA,32861184,2291456,NA,NA,NA,NA,2610688,NA,NA,NA,NA,15738880,17144832,NA,NA,NA,3056896,7968512,NA,NA,NA,22628352,22700032,5445120,NA,1709952,NA,NA,NA,87310336,NA,NA,NA,NA,6512896,NA,9369600,NA,9711616,9978880,1130624,NA,35368960,717094912,NA,NA,6528000,NA,NA,NA,1048707072,NA,NA,NA,31067136,337520,NA,NA,51408896,NA,1714048,NA,1383680,NA,NA,NA,NA,NA,NA,NA,833728,1513553920,966852608,NA,NA,NA,NA,1487104,NA,NA,1727744,NA,NA,NA,NA,NA,NA,NA,NA,NA,NA,NA,NA,NA,NA,702480384,NA,NA,NA,NA,NA,1217069056,8351744,36007936,NA,15455232,NA,2486528,NA,NA,NA,5148416
"88A",NA,NA,NA,NA,6136832,868480,NA,NA,1148096,8069632,NA,29306880,1729472,NA,NA,NA,34586624,27856896,17575936,2568448,NA,19743744,NA,NA,NA,7932416,16751616,NA,NA,NA,NA,97472512,NA,49516544,NA,NA,4081664,NA,NA,4089088,2267136,NA,1035072,NA,9364480,NA,NA,9567232,50475008,731328,NA,NA,381008,26675200,2384384,NA,143343616,NA,2401536,15008768,3490304,1654336,NA,NA,NA,403210240,NA,NA,NA,NA,NA,1176256,824384,1555392,656576,992960,207798272,35213312,NA,NA,NA,4499200,12062720,NA,NA,NA,NA,20276224,6095616,NA,7527936,NA,NA,132677632,53633024,NA,NA,980096,3161600,57049088,NA,50036736,NA,19217408,9975808,2561536,NA,248135680,320765952,325451776,NA,NA,NA,NA,NA,720633856,NA,NA,NA,7084800,NA,NA,1137280,58675200,NA,1112192,NA,1859776,NA,35807232,NA,NA,NA,NA,NA,3450880,1574240256,626982912,NA,NA,NA,NA,2970880,NA,723776,NA,NA,NA,NA,491632,NA,NA,NA,NA,NA,NA,NA,NA,NA,NA,NA,NA,14298112,NA,1554816,NA,596180992,3925760,19093504,1328576,35401728,NA,3337472,NA,NA,NA,5820672
"92A",5561856,828544,NA,NA,6361088,NA,NA,NA,NA,68796416,NA,20403200,NA,NA,NA,NA,64901120,NA,36384768,NA,NA,4193024,NA,NA,NA,NA,157171712,NA,NA,NA,NA,51695616,NA,15954944,NA,NA,NA,1642176,NA,NA,NA,13236224,NA,NA,2298880,NA,NA,4280320,2660352,NA,NA,NA,NA,6266880,NA,964480,10271744,NA,NA,NA,NA,NA,NA,881536,NA,45674496,NA,NA,NA,NA,NA,NA,NA,2042432,NA,NA,10838016,34947072,NA,NA,NA,2156544,NA,NA,1612224,NA,25221120,8207104,8174080,NA,NA,896640,NA,NA,62496768,1302016,1281280,NA,NA,2700032,NA,12814336,NA,16933888,15869952,1182528,NA,70234112,144244736,NA,NA,NA,NA,NA,NA,201261056,NA,506512,NA,84021248,NA,NA,NA,79749120,NA,1427712,NA,1066432,NA,NA,NA,NA,NA,NA,NA,952128,2439774208,616366080,NA,NA,NA,NA,1467072,NA,NA,NA,NA,NA,NA,NA,NA,NA,NA,NA,NA,NA,NA,NA,NA,NA,NA,NA,NA,NA,NA,NA,658309120,NA,27650048,NA,15052800,11858944,3124736,NA,NA,NA,10276864
"96A",NA,702208,20880384,NA,62181376,2861568,NA,NA,1161536,5237504,NA,22311936,NA,946048,NA,NA,9619456,90566656,36749312,3522304,NA,23177216,NA,NA,5540096,NA,12865536,10475520,6346752,NA,NA,20500480,NA,156483584,NA,NA,2207488,NA,NA,3787776,13339648,NA,NA,9145344,12260352,NA,17582080,5209088,100581376,2162176,163568,NA,NA,10755072,2598656,NA,221773824,4718336,1498048,NA,NA,733888,NA,NA,NA,1270808576,NA,1435392,NA,NA,4794624,111697920,NA,NA,22847488,5014272,371769344,29995008,NA,8306432,NA,2725376,NA,NA,NA,NA,902955008,6850048,2865408,297392,NA,1827456,NA,494048,NA,NA,2567424,71176192,NA,NA,NA,23109632,22556672,13347840,10857472,2838272,NA,5328128,NA,NA,NA,NA,NA,1278016,NA,NA,NA,NA,NA,8491008,NA,NA,NA,24107008,NA,NA,NA,1698688,1251008,NA,NA,NA,273712,NA,NA,2146816,1371013120,NA,NA,NA,NA,NA,2310656,NA,NA,NA,NA,NA,NA,NA,NA,NA,NA,NA,NA,NA,NA,NA,NA,NA,NA,NA,NA,NA,657728,NA,887685120,NA,57839616,2023424,24587264,NA,NA,1318912,2119168,NA,1686272
"102A",NA,1244608,NA,NA,NA,NA,NA,NA,NA,16121856,NA,19879936,NA,NA,NA,NA,92205056,NA,55922688,2659328,NA,5839872,NA,NA,NA,NA,46477312,NA,NA,NA,NA,26574848,NA,NA,NA,742400,863104,NA,NA,4859904,NA,3110400,NA,NA,4472832,NA,NA,4922368,NA,NA,NA,NA,NA,10090496,NA,NA,4608000,NA,946624,NA,NA,NA,NA,NA,NA,5139712,1607424,NA,NA,NA,NA,110903296,NA,NA,NA,NA,NA,19654656,NA,NA,NA,2806016,850304,NA,NA,NA,6377472,NA,11382784,NA,6181376,NA,NA,NA,21206016,2476032,NA,NA,NA,NA,NA,7997952,NA,21920768,17168384,2193152,NA,1386348544,6692352,NA,NA,NA,773888,NA,NA,8772608,719808,NA,NA,1687680,NA,NA,NA,88817664,NA,618304,NA,1259776,NA,NA,NA,NA,NA,NA,NA,1982592,2164260864,650903552,NA,NA,NA,NA,2316544,NA,NA,NA,NA,NA,NA,502032,233840,NA,NA,NA,NA,NA,NA,NA,NA,NA,NA,NA,565952,NA,1839104,NA,125468672,NA,12323840,784128,26814464,NA,NA,1188736,NA,NA,16947200
"106A",NA,320288,NA,NA,5832192,NA,NA,NA,235216,4535296,NA,14558208,NA,1692096,NA,NA,13082624,21394432,13637632,3465216,NA,8602624,NA,NA,NA,3028992,NA,2092480,7120128,NA,NA,27907072,NA,38121472,NA,NA,633280,NA,903296,3412992,2917120,NA,NA,NA,4301056,NA,6840064,5129984,64110592,3673856,NA,NA,NA,54743040,1656064,NA,158285824,2665472,2097920,9460736,NA,4571136,NA,NA,NA,645988352,NA,NA,NA,NA,NA,31568896,NA,NA,3424000,1807744,266141696,26394624,NA,NA,NA,3455232,7527168,9670656,NA,NA,517390336,NA,3232000,NA,NA,NA,NA,3104256,28098560,NA,NA,25428992,7925504,50008064,2963712,24055808,NA,10449920,5538304,4049408,NA,150142976,29148160,754712576,NA,NA,NA,NA,NA,6280448,NA,NA,NA,21882880,1813056,4956672,1298176,44134400,NA,4886784,NA,3087104,1370880,98746368,NA,NA,601280,NA,1526144,2029440,1489174528,NA,10608640,10518528,NA,NA,1810112,2686464,NA,NA,NA,NA,2947328,NA,NA,368272,NA,NA,NA,1558912,NA,NA,NA,NA,NA,NA,2284800,NA,746560,NA,718602240,NA,8834048,NA,22168576,480864,2268416,611072,2620928,NA,1742784
"108A",2889984,NA,NA,NA,4494080,NA,NA,NA,NA,11770880,NA,17217536,1196736,NA,NA,NA,55058432,4990208,22548480,NA,NA,13711360,NA,NA,NA,NA,48140288,NA,NA,NA,NA,82563072,NA,15662080,NA,NA,NA,2547200,NA,NA,NA,NA,594176,NA,3505920,NA,NA,3006464,13906944,719616,605632,NA,NA,18464768,1573120,NA,48164864,NA,5373696,10042368,NA,828288,NA,1374016,NA,154894336,NA,NA,NA,NA,NA,NA,NA,NA,542848,500512,75341824,24902656,NA,NA,NA,3398400,NA,4390144,NA,NA,NA,20310016,7790336,NA,NA,1211648,NA,1095296,2028736,2727680,NA,NA,1873280,646144,NA,50622464,NA,8055040,8673280,3151104,2494720,98693120,3005696,322945024,NA,NA,NA,NA,NA,2556672,NA,NA,NA,NA,NA,NA,788096,87969792,NA,732096,1809728,2079744,836096,71999488,NA,NA,NA,NA,NA,2832896,1168113664,332251136,NA,NA,NA,2786816,2140928,NA,331072,NA,NA,NA,13593600,NA,NA,NA,NA,NA,NA,NA,NA,NA,NA,NA,605184,NA,NA,NA,1336832,NA,255197184,NA,6994688,NA,16539648,NA,2622208,NA,NA,NA,6108928
"110A",8521728,NA,NA,NA,NA,NA,41132032,NA,229984,10643456,NA,22203392,NA,NA,NA,NA,105816064,4297984,51462144,1084352,NA,6890496,NA,280416,NA,NA,12631040,NA,NA,NA,NA,73261056,NA,15694848,NA,NA,2504192,NA,NA,NA,NA,NA,NA,NA,3452928,NA,NA,10855424,10591232,NA,NA,NA,684096,9537536,2281984,NA,43974656,NA,1424832,3558656,NA,738688,NA,1052800,NA,73662464,NA,NA,1956032,NA,965312,NA,NA,NA,NA,NA,60493824,17200128,NA,NA,NA,2682368,NA,NA,NA,NA,76947456,NA,12855296,NA,NA,NA,NA,4578560,10615808,10615808,1489664,NA,NA,NA,NA,41189376,NA,8282880,18823168,1403264,NA,61919232,13203456,NA,NA,10380288,NA,NA,NA,16965632,NA,NA,NA,1255040,NA,NA,NA,87183360,NA,426000,NA,883520,703424,NA,NA,NA,NA,NA,NA,NA,1420034048,NA,NA,NA,NA,NA,2147840,NA,NA,NA,NA,NA,NA,NA,NA,NA,NA,NA,1439872,NA,NA,NA,NA,NA,739712,NA,365040,NA,NA,NA,195559424,NA,8600576,781696,NA,4420352,NA,1235072,NA,NA,16236544
"112A",1779776,NA,NA,NA,NA,894016,NA,1243072,510560,18580480,NA,32607232,1393984,NA,NA,NA,37339136,6343680,17114112,2416640,NA,12827648,NA,NA,NA,NA,155648000,NA,NA,NA,NA,309706752,NA,23447552,NA,NA,NA,NA,936384,3772416,NA,2555904,NA,NA,9043968,NA,NA,4511232,17666048,NA,NA,1180736,NA,10839040,1689792,1280064,64319488,NA,4204032,2936832,NA,NA,NA,2044352,NA,194232320,NA,NA,NA,NA,1619840,14425088,NA,NA,NA,NA,86126592,35860480,NA,NA,NA,2424576,NA,NA,NA,NA,146358272,4922880,4781056,NA,NA,NA,NA,2210816,2223104,1498816,NA,NA,NA,NA,NA,275808256,NA,22467584,13062144,2069504,NA,4072448,3651328,NA,NA,NA,NA,NA,NA,3181568,NA,NA,NA,85823488,NA,NA,NA,78024704,NA,475264,NA,1078720,NA,NA,NA,NA,NA,NA,NA,1180480,1457192960,538574848,NA,NA,NA,NA,1845568,NA,NA,NA,NA,NA,NA,379136,NA,NA,NA,NA,NA,NA,NA,NA,NA,NA,NA,NA,NA,NA,NA,NA,738131968,NA,9339904,894400,44380160,2228224,2361600,1796800,NA,NA,4487168
"114A",NA,NA,NA,NA,5652480,NA,NA,NA,NA,6251520,NA,23546880,4047872,315744,NA,NA,41324544,NA,17110016,1104960,NA,4898560,4905984,NA,NA,NA,4436224,NA,NA,NA,NA,49033216,NA,11843584,NA,NA,2059008,802176,NA,1620992,NA,3554048,NA,NA,5178880,NA,NA,6553088,NA,NA,NA,NA,NA,6339072,1685888,940544,3646976,NA,1292352,1506752,NA,985664,NA,NA,NA,13030400,NA,NA,322544,NA,NA,NA,NA,NA,NA,NA,4257792,26155008,NA,NA,NA,1871360,NA,NA,NA,NA,12146688,13631488,NA,NA,NA,NA,NA,NA,7354112,2790144,1413888,NA,NA,2944768,NA,14076928,NA,9998336,8680448,1095296,NA,53600256,5395456,NA,NA,NA,726272,NA,NA,1179520,NA,NA,NA,117104640,908032,NA,NA,57245696,NA,1086016,NA,1028864,NA,NA,NA,NA,NA,NA,NA,NA,1431830528,NA,NA,NA,NA,NA,1397760,NA,NA,NA,NA,NA,NA,NA,NA,417552,NA,NA,2162176,NA,NA,NA,NA,NA,NA,NA,NA,NA,NA,NA,1374027776,NA,NA,NA,23318528,1006784,NA,1168320,NA,NA,4650496
"116A",NA,NA,NA,NA,NA,NA,NA,NA,NA,3095296,NA,27215872,NA,NA,NA,NA,71577600,NA,35487744,NA,NA,11586560,NA,NA,NA,NA,6735360,NA,NA,NA,NA,27047936,NA,13219840,NA,NA,14444544,NA,NA,NA,NA,1943168,NA,NA,7096576,NA,NA,3957760,5239808,NA,1397568,2446336,460976,9331712,944256,1053888,25149440,NA,9077760,13089792,1612416,2225152,NA,7329280,NA,37097472,NA,NA,NA,1836672,NA,NA,NA,NA,NA,NA,35762176,16727040,NA,NA,NA,2197504,NA,NA,NA,NA,37744640,NA,8809472,NA,4135424,8400896,3227392,NA,41857024,79396864,3386112,NA,NA,58703872,NA,NA,NA,21838848,20846592,1808000,NA,216170496,35667968,NA,NA,2505472,NA,NA,NA,9496576,12148736,NA,NA,2911232,NA,NA,NA,61853696,NA,16937984,NA,3624448,NA,NA,NA,NA,NA,NA,NA,31867904,1869348864,1185349632,NA,NA,NA,NA,3507200,NA,NA,NA,NA,NA,NA,NA,358224,NA,NA,NA,7099904,NA,NA,NA,NA,NA,NA,NA,4366080,1063744,11890688,NA,206274560,NA,8760320,NA,45699072,1147776,2072192,1802816,NA,NA,11447296
"118A",19274752,NA,NA,NA,5778944,2473728,NA,NA,347088,3469824,NA,10638336,NA,NA,NA,NA,19510272,40468480,18950144,1901888,NA,11719680,NA,NA,NA,2059136,NA,NA,3660288,NA,NA,98021376,NA,47878144,NA,NA,1076288,NA,NA,NA,5390080,NA,NA,1533440,3019264,NA,6526208,3643392,94482432,1714048,NA,NA,349040,20142080,NA,NA,229179392,NA,3085568,NA,NA,2001280,NA,1387712,NA,653197312,NA,NA,NA,NA,NA,4749824,NA,NA,8529920,NA,324714496,10472448,NA,16962560,NA,2904320,NA,13967360,NA,NA,501596160,14629888,3617280,NA,NA,1752256,NA,2568192,2137856,15680512,NA,63885312,18839552,2740736,NA,34459648,NA,7752448,7537664,NA,6383104,85225472,7010304,1171259392,NA,NA,710208,5730304,NA,5890560,NA,NA,NA,3583232,NA,29532160,9385984,37552128,NA,1210816,2225408,4780032,1227840,393510912,NA,4071424,13459456,NA,NA,4176896,2265448448,1161101312,77316096,92663808,2233600,NA,1725632,6753024,NA,NA,NA,NA,20460544,NA,NA,NA,NA,NA,NA,20892672,NA,NA,NA,NA,2808064,NA,704128,694912,2020160,NA,1171980288,10161152,8356096,NA,NA,8307456,3534848,NA,NA,NA,3481600
"120A",25733120,NA,NA,NA,23245824,959936,NA,NA,425392,12127232,18550784,NA,2762752,1840768,NA,NA,32998400,41160704,20517888,NA,NA,12548096,NA,NA,9874432,NA,9829376,9039872,6032128,NA,NA,9377792,NA,111104000,NA,3067392,NA,NA,NA,NA,16122880,NA,NA,11565056,NA,NA,11695104,13818880,61906944,NA,715136,NA,713984,9059328,15980544,NA,123793408,NA,2516736,2737920,NA,9610240,805056,NA,NA,704184320,NA,819328,1530752,NA,2594816,NA,NA,NA,21327872,NA,199098368,84877312,NA,NA,NA,2600448,NA,NA,NA,NA,47370240,17129472,6752512,NA,NA,1191552,NA,NA,6362624,7582720,4472320,18706432,NA,8588288,NA,NA,NA,5749504,9379840,1984192,NA,51671040,5883392,NA,487152,NA,NA,NA,NA,3215872,NA,NA,5998080,19965952,NA,NA,NA,37392384,NA,1836544,NA,2544640,NA,NA,NA,NA,NA,NA,3002112,976064,602537984,NA,NA,NA,NA,40665088,NA,NA,NA,353440,NA,NA,NA,NA,NA,NA,1686016,NA,NA,NA,NA,NA,NA,NA,1246208,NA,450144,912320,NA,NA,103473152,NA,27049984,NA,23343104,NA,3628544,NA,2817024,NA,3935232
"122A",34820096,NA,NA,NA,91123712,NA,NA,NA,NA,5827328,26097664,NA,9728000,8252672,NA,NA,10683392,37916672,17191936,NA,NA,3365376,NA,482048,13002752,NA,NA,9505792,11987968,NA,NA,2481664,NA,128430080,NA,NA,NA,3270656,NA,NA,20590592,NA,NA,41598976,NA,NA,NA,5580288,34234368,18214912,NA,NA,NA,7208704,NA,NA,78491648,NA,1447680,NA,NA,1058112,NA,864064,NA,491487232,NA,NA,NA,NA,NA,193527808,NA,NA,38051840,27589632,120107008,16423936,NA,NA,NA,1884416,3814912,NA,NA,NA,712048640,14974976,2797056,NA,460128,NA,NA,NA,24991744,12576768,NA,NA,NA,28577792,NA,NA,NA,24079360,6458112,1624320,NA,157515776,69627904,NA,NA,4098304,NA,NA,NA,76824576,NA,NA,NA,19686400,875008,NA,NA,32941056,NA,13552640,1822848,2255360,2050432,NA,NA,NA,NA,29806592,2315520,725056,605093888,NA,NA,NA,NA,11538432,NA,NA,NA,1463488,NA,NA,4342784,NA,974464,12887040,1477184,NA,1160064,NA,NA,NA,NA,390048,NA,NA,1326784,NA,NA,NA,395329536,406784,32759808,NA,5613568,843328,3288576,NA,5505280,NA,1409664
"126A",3886336,NA,NA,NA,NA,NA,NA,NA,NA,24640512,NA,22976512,NA,NA,NA,NA,106283008,NA,53092352,3919104,NA,41066496,NA,NA,NA,NA,69435392,NA,NA,NA,NA,13774848,NA,12892160,NA,NA,996096,2662400,NA,6866176,NA,2768896,NA,NA,10518528,NA,NA,3944192,NA,NA,781440,NA,NA,28324864,2073536,863744,6661888,NA,6679040,8537088,NA,NA,NA,1724736,NA,42848256,5754112,NA,NA,NA,NA,NA,509984,NA,NA,NA,8045568,39723008,NA,NA,NA,1934528,1793920,792640,NA,NA,28296192,NA,8739840,NA,NA,NA,NA,2419968,NA,NA,NA,NA,NA,1375040,NA,NA,NA,11549696,18333696,1703296,NA,5706752,34856960,NA,NA,NA,NA,NA,NA,32766976,NA,NA,NA,45539328,645504,NA,NA,89821184,NA,2918656,NA,1057600,620160,1521280,NA,NA,NA,NA,NA,638016,508264448,NA,NA,NA,NA,NA,632256,NA,NA,NA,NA,NA,NA,NA,NA,NA,NA,NA,NA,NA,NA,2854656,NA,NA,NA,NA,NA,NA,NA,NA,157532160,NA,9084928,NA,22217728,773248,NA,NA,NA,NA,14612480
"128A",NA,NA,NA,NA,6143488,NA,NA,NA,1296576,19506176,11368448,NA,NA,958592,NA,NA,31344640,59641856,23964672,2904064,NA,22946816,NA,NA,NA,NA,45654016,5004032,6498816,NA,NA,12636160,NA,133234688,NA,NA,869312,3815424,NA,2480896,7781632,NA,NA,2926592,1652928,NA,4635904,4445952,161955840,NA,1304512,NA,NA,NA,3465216,NA,301875200,3816192,4348160,1926528,NA,2811136,4393984,1454784,NA,950337536,NA,NA,NA,NA,NA,NA,NA,1820672,10603520,NA,522256384,14736384,NA,NA,NA,2673408,7877376,NA,NA,NA,151601152,16149504,6629120,NA,NA,5146112,NA,3864832,18846720,NA,2230784,24705024,NA,27746304,NA,NA,NA,18784256,12741632,2178304,NA,601096192,16349184,NA,2441472,2032640,NA,1202560,NA,7378176,826688,NA,NA,10552320,NA,NA,NA,44871680,NA,1363584,5745664,2831360,1293824,NA,NA,NA,NA,NA,NA,10859520,2337013760,757727232,NA,NA,2399232,NA,1751936,NA,NA,NA,NA,5295104,18087936,NA,NA,716608,NA,NA,NA,NA,NA,NA,NA,494576,NA,NA,2221312,NA,1596544,NA,615448576,NA,24668160,1306688,30669824,2285312,2985216,NA,3224576,NA,6346496
"132A",8012032,NA,NA,NA,5427712,NA,NA,NA,NA,7927808,NA,23785472,2464256,NA,NA,NA,88297472,NA,44822528,NA,NA,18421760,NA,611072,NA,NA,9118720,NA,NA,NA,5569024,8657920,NA,NA,NA,11782144,15427584,6822144,NA,NA,NA,2723584,NA,NA,6210304,NA,NA,2871552,NA,NA,NA,NA,NA,8987648,1458560,NA,NA,NA,5817088,8418304,NA,2126336,NA,1296512,NA,3357440,2241280,NA,1107648,NA,NA,NA,415744,NA,NA,NA,NA,23550976,NA,NA,NA,1279296,968064,NA,739584,NA,NA,8709120,4982528,NA,NA,1164032,NA,NA,6970880,733248,1199424,NA,3521024,NA,763968,1873536,NA,13050880,14260224,1322240,NA,56045568,18103296,NA,NA,619392,NA,NA,NA,9210880,NA,NA,NA,1054080,NA,NA,1266112,36061184,NA,661760,NA,1955712,534720,NA,NA,NA,NA,NA,555264,1502656,473841664,NA,NA,NA,1990336,NA,970560,NA,NA,NA,NA,NA,NA,NA,NA,NA,NA,NA,NA,NA,NA,NA,NA,NA,NA,NA,NA,NA,755584,NA,164511744,NA,29613056,NA,18511872,2835200,3470080,1808960,NA,NA,11192320
"134A",7769856,NA,NA,NA,7728640,NA,NA,NA,423008,6690816,11535360,NA,5998336,2550272,NA,NA,25590784,112631808,40968192,6717184,NA,5787648,NA,NA,NA,NA,6246912,NA,6772480,NA,NA,NA,NA,160956416,NA,NA,NA,7041024,NA,6236160,5191680,6312192,NA,1374464,2560512,NA,NA,3629568,67309568,3460096,NA,NA,NA,10209280,8911872,NA,134381568,NA,7372544,NA,NA,NA,NA,2406400,NA,1017118720,NA,NA,NA,NA,4640000,48787456,NA,NA,2685184,1626048,191987712,37003264,NA,NA,NA,2144256,NA,NA,NA,NA,713228288,5241856,7066624,NA,NA,NA,NA,4080640,37941248,NA,NA,4013312,NA,2899712,NA,NA,12148736,17998848,13414400,3159296,NA,1110245376,16118784,NA,NA,2200064,NA,NA,NA,8194560,NA,NA,NA,48201728,3349504,NA,NA,78188544,NA,11358208,8842240,2923264,NA,NA,NA,NA,NA,NA,1032768,4085248,837877760,NA,NA,NA,3048448,11179008,2641920,NA,NA,NA,NA,NA,39153664,NA,NA,5470464,NA,NA,NA,NA,NA,NA,NA,476016,2206976,NA,NA,NA,2052672,NA,287162368,NA,31048704,NA,7613952,2288640,NA,NA,5400320,NA,3897088
"136A",6844160,NA,NA,NA,5684992,NA,NA,NA,NA,6674176,NA,21512192,6426880,NA,NA,NA,18204672,32133120,17785856,2520320,NA,11005952,NA,NA,NA,3567872,10193920,NA,1801664,NA,NA,11298816,NA,47759360,NA,NA,NA,NA,NA,3452928,2785536,NA,NA,NA,3872768,NA,NA,10876928,35614720,1381504,501376,NA,771520,39481344,1902528,3166720,89452544,NA,30397440,NA,NA,3120384,NA,1823616,NA,532824064,NA,NA,NA,NA,NA,NA,NA,NA,NA,2098176,138739712,15187968,NA,NA,NA,4861696,NA,11860992,NA,NA,512294912,15798272,4633856,NA,NA,NA,NA,3155712,3201280,2566400,2394624,NA,15564800,541312,4211712,5409536,NA,24211456,11226112,10088448,12992512,80142336,6519040,1305608192,NA,NA,NA,NA,NA,4948736,NA,NA,NA,23737344,1233600,NA,13318144,49438720,NA,2743040,12023808,6391552,NA,702152704,NA,NA,NA,NA,3504128,3196928,1257504768,NA,8034304,NA,10518528,20131840,5298176,4258048,NA,NA,NA,3212288,266993664,NA,NA,2891264,NA,NA,7902208,1404160,NA,NA,NA,231168,NA,NA,NA,NA,2062720,NA,809304064,NA,37048320,NA,18384896,1211264,7632128,NA,1621184,NA,3457280
"138A",3657728,NA,NA,NA,NA,NA,NA,NA,NA,20125696,NA,36651008,NA,NA,NA,NA,160792576,NA,77516800,3387648,NA,19225600,NA,NA,NA,NA,32708608,NA,NA,NA,NA,25437184,NA,16296960,NA,3339008,8385280,NA,NA,5118208,NA,10744832,NA,NA,4355840,NA,NA,20152320,NA,NA,NA,NA,463872,18308096,1855936,1619008,16457728,NA,2274304,4508928,NA,3328512,NA,606656,NA,100511744,NA,NA,474432,NA,NA,NA,NA,1236352,NA,NA,18924544,38854656,NA,NA,NA,3380992,NA,NA,NA,NA,32116736,NA,14738432,NA,NA,940608,NA,709120,NA,NA,1467200,NA,NA,NA,NA,7759872,NA,13114368,26341376,1931328,NA,17121280,1334784,NA,NA,NA,NA,NA,NA,NA,NA,NA,NA,3629568,455120,NA,NA,132976640,NA,1027712,NA,1168576,929280,NA,NA,NA,NA,NA,NA,1513344,592773120,NA,NA,NA,NA,NA,NA,NA,NA,NA,NA,NA,NA,NA,NA,1370496,NA,NA,NA,NA,NA,NA,NA,NA,NA,NA,NA,1057664,NA,NA,235028480,NA,10645504,NA,26193920,NA,2425088,NA,1581376,NA,22556672
"140A",NA,NA,NA,NA,6412288,NA,NA,NA,NA,15428608,NA,36892672,1575808,NA,NA,NA,38768640,35115008,20613120,6866944,NA,33069056,NA,NA,NA,NA,11047936,NA,2082752,NA,3221248,NA,NA,44834816,NA,NA,28042240,NA,NA,9955328,1497088,4237312,NA,NA,7742208,NA,NA,5359104,18355200,1278144,NA,962432,1291200,32189440,7606784,2397440,45273088,NA,5481472,10592256,NA,NA,NA,2159616,NA,465928192,NA,NA,564160,NA,NA,NA,NA,NA,1002688,NA,78163968,528064,NA,NA,33163264,3558400,NA,8420352,NA,NA,330153984,NA,8220416,NA,NA,1218368,NA,1532160,1404352,1772032,4311552,1345728,1706880,1258176,1265728,NA,NA,17323008,14486528,3273216,1849152,3146752,697856,400261120,NA,4460288,NA,NA,NA,NA,NA,NA,NA,16904192,NA,NA,NA,51843072,NA,4668416,NA,1890432,NA,18267136,NA,NA,NA,NA,NA,1674496,906231808,NA,NA,NA,NA,16386048,2549760,NA,NA,NA,NA,NA,NA,NA,NA,961600,NA,2168832,NA,NA,NA,NA,NA,NA,240688,NA,NA,NA,918784,NA,448462848,NA,14706688,801152,67518464,NA,2452992,NA,NA,NA,6520064
"144A",42500096,NA,NA,NA,9546752,NA,NA,NA,563392,11034624,NA,12449792,1618368,NA,NA,NA,23142400,27817984,15624192,NA,NA,14483456,NA,1241600,NA,3095296,13876224,NA,3107840,NA,NA,409681920,NA,60391424,NA,NA,NA,2131200,1925184,NA,3120384,NA,NA,NA,8095744,NA,NA,4376832,40824832,3174400,NA,NA,NA,22611968,3632128,NA,123371520,NA,1750144,3988736,NA,NA,NA,705088,NA,453328896,NA,NA,NA,NA,NA,NA,NA,NA,4093696,1989888,190808064,5757184,NA,NA,NA,2505984,NA,8638464,NA,NA,447758336,NA,NA,NA,NA,NA,NA,NA,31422464,NA,NA,4610048,3878912,33410048,NA,475676672,NA,15175680,10916864,3566336,4371712,158121984,39387136,NA,NA,NA,NA,NA,NA,35905536,NA,NA,NA,12194816,NA,3056640,1455808,45547520,NA,1112704,NA,1765440,2567936,46354432,NA,NA,NA,NA,NA,896640,1480720384,NA,2015104,NA,NA,NA,2599936,NA,386928,2664960,NA,NA,NA,NA,NA,NA,NA,NA,NA,315760,NA,NA,NA,NA,NA,NA,1103744,NA,NA,NA,668336128,NA,13907968,986688,7619840,NA,2946560,3086336,NA,NA,3080960
"146A",NA,NA,NA,NA,6109952,1049920,NA,NA,NA,6542336,NA,6614272,NA,NA,NA,NA,58593280,11704320,30843904,2050560,NA,NA,NA,NA,NA,NA,22980608,NA,NA,NA,NA,15677440,NA,29076480,NA,1219776,1051520,NA,NA,NA,NA,3568128,NA,NA,1318144,NA,NA,3321344,20495360,NA,598848,NA,NA,6587136,2726912,880384,66138112,NA,1957504,1356160,NA,NA,NA,1024896,NA,229588992,NA,NA,NA,976000,NA,6400256,NA,NA,NA,NA,88907776,9064448,NA,NA,NA,2016640,NA,NA,NA,NA,131952640,3334656,6806272,NA,NA,NA,NA,NA,10048512,3821312,NA,NA,NA,5268224,NA,NA,NA,15427584,11582464,1117056,NA,23968768,5619712,NA,NA,NA,NA,NA,NA,NA,NA,NA,NA,10454016,NA,NA,NA,88174592,NA,1010624,NA,1088000,1136960,NA,NA,NA,NA,NA,NA,NA,1699151872,NA,NA,NA,NA,NA,2290432,NA,NA,NA,NA,NA,NA,NA,NA,NA,NA,NA,1348736,NA,NA,NA,NA,NA,NA,NA,NA,NA,NA,NA,1266614272,NA,9172992,NA,9746432,NA,2955008,NA,NA,NA,8205824
"148A",27458560,NA,NA,NA,5448448,641728,NA,NA,888512,8158720,NA,35422208,2500096,NA,NA,NA,32056320,26242048,17735680,2293504,NA,42295296,NA,953152,NA,5235456,8506368,NA,1458240,NA,NA,207372288,NA,48156672,NA,2289920,1882048,NA,NA,2829824,1948288,NA,NA,NA,13766656,NA,NA,6496256,82530304,NA,NA,NA,NA,86609920,2823936,NA,195198976,1735808,29245440,30279680,1174336,3140096,NA,5177088,NA,598343680,NA,NA,342240,NA,NA,NA,NA,2426624,NA,904192,297156608,44240896,NA,NA,NA,3545600,5046272,6195456,NA,NA,492552192,NA,6642944,NA,1435392,4885760,32197632,NA,46596096,7422208,3107840,2531840,NA,3540736,NA,164691968,NA,14391296,8544256,3647744,1547328,76697600,23818240,614006784,NA,NA,NA,NA,831232,32805888,1516800,NA,NA,4575232,NA,NA,NA,58683392,NA,1022272,NA,2848000,NA,49381376,NA,NA,396256,NA,NA,15205376,1416626176,399704064,NA,894272,NA,NA,2599680,NA,NA,NA,NA,NA,4935936,NA,NA,NA,NA,NA,14442496,NA,NA,NA,NA,NA,NA,NA,NA,NA,1979200,NA,379813888,NA,8193280,NA,45830144,10895360,NA,665664,NA,NA,5585152
"152A",20250624,NA,NA,NA,6137600,1640640,NA,NA,NA,13320192,NA,28650496,3820800,NA,NA,NA,52244480,7112960,23239680,2316288,NA,18184192,NA,NA,NA,NA,10375168,NA,NA,NA,NA,15291392,NA,20501504,NA,NA,9372672,5499136,914176,3673856,NA,1841088,NA,NA,8061440,NA,NA,7732736,6057984,NA,318848,1633792,NA,35225600,5149184,1534912,25842688,NA,19110912,36896768,NA,2844928,NA,4573184,NA,162349056,NA,NA,981632,NA,2363904,38617088,NA,NA,NA,NA,36122624,48230400,NA,NA,NA,3250176,NA,3938560,NA,NA,151027712,NA,7342080,NA,NA,8047104,NA,NA,33061888,NA,3581440,644800,1681536,4673536,3799296,NA,NA,17305600,22258688,NA,NA,1358495744,9113600,NA,NA,NA,NA,NA,NA,7365376,793280,NA,NA,23621632,NA,NA,677312,92090368,NA,18712576,1532160,2004288,1360832,15944704,NA,NA,NA,NA,NA,8670208,1404239872,396345344,NA,NA,NA,NA,2752512,NA,NA,NA,NA,NA,1842496,742208,561216,2084928,NA,NA,NA,NA,NA,NA,NA,NA,NA,NA,1064064,NA,1614848,NA,909312000,629696,13362176,NA,23085056,NA,NA,1013824,NA,NA,7904256
"156A",8008704,NA,NA,NA,29896704,NA,NA,NA,NA,30223360,NA,10446848,NA,1266496,NA,NA,18732032,40148992,19741696,5939968,NA,3959552,NA,NA,2613760,5528064,11027456,5736960,8056576,NA,2086272,NA,NA,69672960,NA,NA,5296896,1841664,NA,8472576,7859200,NA,NA,NA,NA,NA,NA,6860800,12087296,2799872,NA,NA,NA,6668032,5051392,2658304,10693632,NA,1217856,1617536,NA,1416640,NA,NA,NA,695205888,NA,NA,NA,NA,2410240,11516928,NA,NA,2631680,NA,32089088,10341376,NA,NA,NA,2275840,4747776,NA,NA,NA,234487808,NA,2780928,NA,NA,NA,NA,NA,10895360,2298112,2735104,1257088,NA,3822080,NA,NA,NA,10145792,5303296,1779072,NA,14185472,7397888,NA,NA,NA,NA,NA,NA,3308032,NA,NA,NA,19813376,1939008,NA,NA,22482944,NA,4857600,NA,1292992,NA,NA,NA,NA,NA,NA,NA,879232,54525952,NA,NA,NA,NA,NA,637056,NA,NA,NA,NA,NA,NA,NA,NA,276656,NA,NA,NA,NA,NA,NA,NA,NA,NA,NA,NA,NA,NA,NA,99840000,NA,49704960,NA,4196352,NA,2964736,NA,5927168,NA,2864640
"160A",63213568,9128960,NA,NA,NA,NA,NA,NA,NA,7331584,NA,163446784,NA,NA,NA,NA,82501632,NA,38109184,932864,NA,33636352,NA,NA,NA,2169856,3482880,NA,NA,NA,NA,23476224,NA,14011392,455152,1122048,15136768,NA,NA,NA,NA,1053568,NA,NA,15738880,NA,NA,4888576,17029120,NA,NA,1813312,NA,20369408,NA,NA,82440192,NA,6025216,10271744,NA,3424512,NA,3408128,NA,103559168,NA,NA,NA,NA,NA,362184704,NA,NA,NA,NA,119042048,34742272,NA,NA,NA,3689216,5530624,NA,NA,NA,170819584,NA,10834944,NA,NA,15218688,12251136,NA,154386432,NA,NA,NA,NA,75620352,NA,NA,NA,31698944,27667456,8690688,NA,262045696,90279936,NA,NA,NA,3565312,NA,NA,119373824,5337088,NA,NA,NA,NA,NA,NA,97599488,NA,NA,NA,5100544,1155008,4562944,NA,NA,NA,NA,NA,18748416,2218524672,1101135872,NA,NA,NA,NA,2177792,1030912,NA,NA,NA,NA,NA,506800,685376,NA,NA,1538496,2638336,NA,403760,NA,NA,NA,NA,NA,2934528,432144,2261248,NA,178651136,NA,8860672,NA,165183488,2368000,NA,2588160,NA,NA,12972032
"166A",8665088,NA,NA,NA,5929984,NA,NA,NA,476784,16831488,NA,16706560,NA,NA,NA,NA,19166208,25673728,13980672,2395392,NA,17447936,NA,1092160,NA,NA,34877440,NA,NA,NA,NA,94183424,NA,30339072,NA,4424448,3420672,NA,NA,2970368,1263488,NA,NA,NA,2679296,NA,NA,9129984,45473792,898496,NA,1093824,NA,12200960,1121792,NA,125460480,NA,4580864,NA,NA,4079616,NA,1966656,NA,438321152,NA,NA,1267904,NA,NA,33632256,NA,NA,NA,NA,181370880,33029120,NA,NA,NA,3560960,NA,3746048,NA,NA,NA,11102208,2790912,NA,NA,20875264,7738880,NA,12584960,5239808,NA,3561216,3354112,3253248,NA,100761600,NA,17313792,10693632,4525312,1756608,76685312,6033920,636026880,NA,NA,NA,NA,NA,4393728,1428288,NA,NA,6100480,NA,NA,NA,44363776,NA,863168,NA,4502528,958400,88137728,NA,NA,NA,NA,NA,29139968,1484455936,NA,2286592,1922176,NA,NA,1546176,2635264,NA,NA,NA,NA,5151488,NA,NA,NA,NA,1458560,NA,NA,NA,NA,NA,NA,NA,NA,769856,NA,2899200,NA,316653568,477872,12767232,739136,19883008,245088,NA,810368,NA,NA,3187200
"3B",106414080,NA,NA,NA,67149824,NA,NA,NA,1063616,6884608,33640448,NA,NA,3542784,NA,NA,16066560,89669632,38465536,4964096,NA,12232704,9434112,NA,18253824,NA,NA,32459776,26510336,NA,NA,3681536,NA,217088000,NA,4996608,10221568,NA,NA,3511040,94908416,NA,NA,53239808,5572096,NA,30668800,8472576,89255936,8980480,NA,NA,NA,7713024,4196096,NA,176455680,5750528,1277696,2667264,NA,4590592,NA,NA,NA,1187643392,NA,1689088,1519936,NA,NA,1301120,NA,NA,214695936,23653376,336920576,NA,71565312,7746560,NA,3441408,NA,NA,NA,NA,675086336,NA,3482368,NA,NA,7703040,NA,5580800,14210048,NA,1875584,170393600,NA,3463424,NA,2342656,NA,34373632,4852224,3794432,NA,7076864,2032896,5836032,2228736,2149120,NA,1209216,NA,NA,NA,NA,NA,43073536,NA,NA,NA,41717760,NA,942400,NA,3439616,NA,NA,NA,NA,NA,NA,1529856,4688896,114245632,NA,NA,NA,NA,11744256,NA,NA,NA,NA,NA,NA,1789184,NA,NA,1964864,1521472,NA,2492672,NA,NA,NA,NA,NA,NA,NA,NA,NA,NA,NA,198393856,NA,52740096,1766848,24856576,2144256,NA,9829376,4676608,NA,2404352
"11B",NA,NA,NA,NA,NA,NA,NA,NA,NA,14706688,NA,24522752,NA,NA,NA,NA,138002432,NA,74706944,2061888,NA,2161408,NA,NA,NA,NA,12773376,NA,NA,NA,NA,3337984,NA,12914688,NA,NA,1564096,NA,NA,NA,NA,2126592,NA,NA,NA,NA,NA,4512512,NA,NA,NA,NA,457408,5021440,NA,NA,3237376,NA,NA,NA,NA,NA,NA,NA,NA,7895040,4064768,NA,NA,NA,NA,574029824,NA,NA,NA,NA,NA,38133760,NA,NA,NA,1759552,608064,NA,NA,NA,3444736,1125888,9254912,NA,NA,1131648,NA,NA,2855168,3082752,NA,NA,NA,6820096,NA,NA,NA,25961472,23362560,1446848,NA,39411712,2164736,NA,NA,1409088,NA,NA,NA,1644288,NA,NA,NA,36003840,NA,NA,NA,85458944,NA,NA,NA,634752,NA,NA,NA,NA,NA,NA,NA,NA,822214656,NA,NA,NA,NA,NA,642816,NA,NA,NA,NA,NA,NA,314096,NA,NA,NA,NA,NA,NA,NA,NA,NA,NA,NA,NA,NA,NA,NA,NA,469368832,NA,10004480,574656,28120064,1215616,NA,NA,NA,NA,18955264
"19B",13005824,1459008,NA,NA,5544960,NA,NA,NA,NA,5203456,NA,12804096,NA,NA,NA,NA,35102720,NA,13734912,3978240,NA,1905152,NA,NA,NA,NA,7575552,NA,NA,NA,NA,110956544,NA,15572992,NA,3528448,4975104,NA,NA,3050496,1115200,1551360,NA,NA,1448832,NA,NA,7616256,9468928,NA,429312,NA,NA,2752256,NA,NA,40071168,NA,783552,659840,NA,6094592,NA,NA,NA,87629824,NA,NA,NA,NA,NA,NA,NA,NA,667456,327680,45895680,60399616,NA,NA,NA,4169984,NA,NA,NA,NA,46854144,45678592,6054656,NA,NA,11415552,NA,NA,17211392,4514048,NA,3318528,NA,NA,NA,33918976,NA,7318784,6762496,12038144,NA,566165504,19137536,NA,NA,NA,1864512,NA,NA,27815936,NA,NA,NA,5461504,NA,NA,NA,49602560,NA,819968,NA,4751360,389904,NA,NA,NA,NA,NA,NA,11268096,1471414272,523829248,NA,NA,NA,NA,NA,NA,NA,NA,NA,NA,NA,NA,NA,255584,NA,193136,NA,NA,NA,NA,NA,NA,NA,NA,NA,NA,1260480,NA,439336960,NA,9628672,NA,18547712,NA,2951680,NA,NA,NA,4721920
"22B",9290752,958976,NA,NA,10958848,NA,NA,NA,870784,10164224,NA,29155328,NA,NA,NA,NA,19149824,5585920,14668800,4482304,NA,8198656,NA,NA,NA,11628544,9901056,3703040,1566464,NA,NA,104628224,NA,25995264,NA,4816128,4633344,NA,776640,7813888,1453568,NA,NA,NA,5070336,NA,5274368,9858048,24118272,664576,NA,1013312,NA,7330816,1939584,NA,72024064,NA,3233536,NA,717952,2969856,NA,1210304,NA,302743552,NA,NA,740480,1276096,NA,37732352,NA,NA,1409344,NA,101728256,52707328,NA,NA,NA,4346368,NA,NA,NA,NA,161792000,7687168,NA,NA,NA,3686144,NA,NA,63262720,8848384,2004928,2806784,NA,6124288,NA,57233408,NA,26937344,23732224,2136064,NA,69578752,74215424,NA,NA,NA,1428096,NA,NA,113741824,NA,NA,NA,80969728,671680,NA,NA,25320448,NA,1531520,NA,1607424,755264,NA,NA,NA,NA,NA,NA,2603264,1459683328,515473408,NA,NA,NA,NA,NA,NA,NA,NA,NA,NA,NA,NA,NA,173488,NA,485072,NA,NA,NA,NA,NA,NA,2461696,NA,NA,NA,1136064,NA,549191680,NA,9325568,2368512,40763392,567296,2372608,1223552,NA,NA,3508736
"23B",231784448,NA,NA,NA,NA,NA,NA,NA,NA,4951552,NA,14866432,NA,NA,NA,NA,79114240,NA,42459136,1444992,NA,8300288,NA,NA,NA,2817280,10160128,NA,NA,NA,NA,4516352,NA,NA,NA,NA,71704576,4755200,NA,3717120,NA,2208512,858560,NA,3979008,NA,NA,2302464,NA,NA,NA,NA,NA,3057664,1265472,1034816,NA,NA,1119872,NA,NA,1986944,NA,NA,NA,10146816,1861248,NA,1000128,NA,NA,NA,NA,NA,NA,NA,2237440,63057920,NA,NA,NA,1827328,1162496,NA,NA,NA,2648832,NA,6042112,NA,NA,2852608,NA,NA,40939520,NA,NA,NA,NA,29637632,NA,NA,NA,14669824,24174592,2786560,NA,120475648,44871680,NA,NA,9584640,NA,NA,NA,11777024,NA,NA,NA,20815872,NA,NA,NA,53239808,NA,990080,NA,786688,551872,NA,NA,NA,NA,NA,NA,674944,1017446400,NA,NA,NA,NA,NA,NA,NA,NA,NA,NA,NA,NA,NA,NA,NA,NA,NA,NA,NA,NA,NA,NA,NA,NA,NA,536000,NA,NA,NA,295911424,NA,NA,NA,24033280,NA,2336512,NA,NA,NA,11029504
"27B",30332928,750272,NA,NA,5692416,NA,NA,NA,NA,21052416,NA,16486400,3409408,NA,NA,NA,139264000,NA,77697024,1042048,NA,6474240,NA,NA,NA,NA,82653184,NA,NA,NA,NA,26406912,NA,13888512,NA,NA,111857664,NA,NA,4360448,NA,NA,763520,NA,1688320,NA,NA,7125760,3770368,NA,NA,NA,NA,7271424,877504,NA,9932800,NA,1295552,NA,NA,2199040,NA,532352,NA,59293696,NA,NA,NA,2499840,1126208,34283520,NA,NA,NA,NA,10476544,70189056,NA,NA,NA,2550016,2059584,NA,NA,NA,14026752,4559616,5599232,NA,NA,5090816,5821952,NA,20716544,NA,NA,NA,NA,3817984,NA,NA,NA,5535744,15394816,1924416,NA,29680640,8201216,NA,NA,1103488,NA,NA,NA,4822784,NA,NA,NA,6355200,NA,NA,NA,67395584,NA,NA,NA,1611200,1071616,NA,NA,NA,NA,NA,NA,2025344,466780160,NA,NA,NA,NA,NA,NA,NA,NA,NA,NA,NA,NA,NA,NA,NA,NA,NA,NA,NA,NA,NA,NA,NA,NA,NA,NA,NA,NA,NA,179781632,NA,14911488,840256,10949632,3671552,NA,NA,NA,NA,23022592
"29B",NA,508592,NA,NA,NA,NA,NA,NA,NA,10725376,NA,18037760,NA,NA,NA,NA,93224960,NA,45494272,2733568,NA,2979584,NA,NA,NA,NA,26622976,NA,NA,NA,NA,95809536,NA,13768704,NA,NA,5223424,NA,NA,2992640,NA,3607296,NA,NA,1727104,NA,NA,8882176,5974784,NA,823424,NA,196592,4466944,NA,NA,19040256,NA,633024,NA,NA,NA,NA,NA,NA,46948352,7615744,NA,830592,NA,NA,5268992,NA,NA,NA,NA,22599680,50491392,NA,NA,NA,1661952,NA,NA,NA,NA,16054272,1294208,5506304,NA,NA,2901760,NA,NA,2599424,2726912,NA,NA,NA,2116864,NA,12816384,NA,9671680,26030080,952000,NA,5435392,1609920,NA,NA,NA,898432,NA,NA,NA,NA,NA,NA,5721600,NA,NA,NA,70283264,NA,NA,NA,816448,966016,NA,NA,NA,NA,NA,NA,2365696,1403715584,NA,NA,NA,NA,NA,1507968,NA,NA,NA,NA,NA,NA,NA,NA,NA,NA,NA,NA,NA,NA,NA,NA,NA,NA,NA,NA,NA,589248,NA,203997184,NA,9072640,NA,17584128,5111040,NA,NA,NA,NA,12728320
"31B",NA,NA,13071360,NA,24790016,NA,NA,NA,NA,28611584,10572800,NA,1312064,NA,NA,NA,60911616,7352320,26758144,3117056,NA,5740800,NA,NA,4904960,NA,15251456,NA,2514432,NA,NA,NA,NA,22547456,NA,NA,3859712,NA,NA,3132672,NA,85139456,NA,NA,NA,2534912,4260608,3550464,6061568,NA,935744,NA,NA,5209088,2110208,NA,19145728,NA,2163968,NA,NA,NA,NA,1295552,NA,482852864,NA,NA,NA,NA,1934912,175210496,NA,NA,1611264,NA,29342720,42766336,NA,NA,NA,1585280,NA,NA,NA,NA,95830016,20198400,7110912,NA,NA,926848,NA,NA,NA,NA,2187520,2768896,NA,NA,NA,NA,7478784,6193152,20785152,2507520,NA,2823168,606400,NA,NA,NA,NA,NA,NA,591680,NA,NA,NA,18971648,1286784,NA,NA,64585728,NA,353072,NA,711872,432336,NA,NA,NA,NA,NA,855360,NA,222461952,NA,NA,NA,NA,3206144,NA,NA,NA,NA,NA,NA,NA,NA,NA,NA,NA,NA,NA,NA,NA,NA,NA,NA,NA,NA,NA,NA,NA,NA,105365504,NA,50536448,NA,7682048,242528,2471168,NA,1050880,NA,7940096
"33B",2754560,NA,NA,NA,10555392,NA,NA,NA,NA,6212864,NA,11739136,NA,679360,NA,NA,36737024,23219200,16782336,4889600,NA,36483072,NA,NA,NA,2957056,NA,NA,5333504,NA,NA,1567424,NA,37568512,NA,1530304,6714368,NA,NA,4692992,NA,5725952,NA,NA,9808896,NA,3404288,5883392,18994176,3788800,NA,NA,NA,55783424,4161792,NA,55963648,NA,4333568,14416896,NA,1014592,NA,1041792,NA,436895744,NA,NA,721280,NA,2263552,40132608,NA,NA,2416896,NA,77012992,45600768,NA,NA,NA,3181056,NA,11634688,NA,NA,NA,8591360,5684992,NA,NA,2851584,NA,715136,NA,NA,2577152,2358528,NA,NA,1226432,NA,NA,28297216,12219392,3617792,3010048,2234112,NA,408715264,NA,NA,NA,NA,NA,NA,NA,NA,NA,22045696,NA,NA,NA,89485312,NA,889280,NA,2251776,NA,29130752,NA,NA,NA,NA,NA,1433664,1264975872,NA,NA,773952,NA,NA,1368896,NA,NA,NA,NA,NA,NA,NA,NA,4000256,NA,NA,NA,NA,NA,738816,NA,NA,NA,NA,NA,NA,NA,NA,265371648,NA,8650752,NA,12368896,919232,2326272,NA,3504640,NA,5445888
"35B",NA,718080,NA,NA,5960448,1135744,NA,NA,NA,10456064,NA,41213952,1405824,NA,NA,NA,71315456,4383488,34209792,2685952,NA,12535808,NA,NA,NA,9213952,18722816,NA,NA,NA,NA,70578176,NA,15977472,NA,NA,2267136,NA,NA,5851136,NA,2747392,NA,NA,6863104,NA,NA,11709440,6340352,NA,NA,NA,NA,11695104,NA,1088448,21325824,NA,5258752,NA,NA,1102720,NA,2595072,NA,85905408,NA,NA,1018944,NA,NA,15182848,NA,NA,NA,NA,28318720,56295424,NA,NA,NA,2531072,1578112,NA,1681856,NA,44474368,3633920,6993408,NA,NA,1243328,NA,1723456,1802304,NA,1555200,NA,NA,NA,1060736,27284480,NA,60903424,26518528,1468032,NA,323321856,2016576,NA,NA,NA,NA,NA,NA,1285824,NA,NA,NA,53813248,635200,NA,NA,69722112,NA,784064,NA,1154112,743424,NA,NA,NA,NA,603648,NA,564992,879296512,232718336,NA,NA,NA,NA,763264,NA,NA,NA,NA,NA,NA,NA,NA,NA,NA,NA,18159616,NA,NA,NA,NA,NA,NA,NA,NA,NA,NA,NA,611713024,NA,10117120,NA,71766016,2805504,NA,NA,NA,NA,9432064
"39B",24815616,2324992,NA,NA,NA,NA,NA,NA,NA,11636736,NA,36409344,NA,NA,NA,NA,112226304,NA,54206464,1995648,NA,22561792,NA,229536,NA,NA,42549248,NA,1134144,NA,NA,25016320,NA,20684800,NA,NA,2414336,NA,620288,2637312,NA,NA,624896,NA,8906752,NA,NA,12456960,8636416,673280,NA,NA,NA,28454912,NA,1582720,25972736,NA,2370048,9242624,NA,1381760,NA,938560,NA,159678464,NA,NA,NA,NA,2320640,11932672,NA,NA,314288,NA,39477248,80248832,NA,NA,NA,2947072,2709760,1686400,NA,NA,103563264,NA,8110848,NA,NA,2395136,NA,NA,32106496,NA,NA,NA,NA,30816256,NA,NA,NA,15412224,20762624,1985984,NA,92000256,20514816,NA,NA,NA,NA,NA,NA,2859264,NA,NA,NA,15929344,NA,NA,NA,105906176,NA,4842496,NA,1870656,1407296,NA,NA,NA,NA,NA,NA,1800128,620691456,NA,NA,NA,NA,NA,835968,NA,NA,NA,NA,NA,NA,NA,493824,NA,NA,NA,3937280,NA,NA,NA,NA,NA,NA,NA,1419712,NA,NA,NA,734920704,NA,22192128,1144384,44134400,2194176,2471680,1932160,3008768,NA,14879744
"41B",NA,NA,NA,NA,23245824,647360,NA,NA,430576,4651264,NA,14998528,2775552,NA,NA,NA,12956672,43728896,20248576,3414016,NA,13943808,NA,NA,3151360,4532224,NA,5887232,17036288,NA,NA,3009792,NA,52760576,NA,NA,1541696,NA,NA,3631616,48103424,NA,NA,5558272,5842432,NA,10830848,5351168,39206912,6094592,NA,NA,NA,10789888,1571776,NA,98729984,3145216,3109376,NA,NA,NA,NA,1837120,NA,872611840,NA,NA,1300480,NA,NA,20227072,NA,NA,80494592,12674048,152797184,98217984,NA,5902592,NA,2625280,NA,3924992,NA,NA,607584256,5387776,1886720,NA,NA,2569472,NA,NA,NA,504224,2465280,104341504,NA,1067648,6043136,2749952,NA,18587648,10529792,2214400,NA,16537600,969536,NA,NA,NA,NA,1246784,NA,NA,NA,538112,3437824,10622976,NA,3856128,NA,31698944,NA,1278912,NA,2749184,1172864,NA,NA,NA,NA,NA,2204672,980416,2424307712,598933504,NA,1563840,NA,23176192,NA,NA,NA,NA,NA,NA,NA,617024,1076288,5609216,1277952,572736,6497024,NA,NA,602752,NA,NA,NA,NA,NA,NA,NA,NA,918028288,NA,24317952,NA,21156864,2177024,NA,NA,2252032,NA,1771712
"49B",NA,NA,NA,NA,NA,NA,NA,NA,NA,5620224,NA,119160832,NA,NA,NA,NA,61259776,10220544,31092736,5536256,NA,55558144,NA,NA,NA,NA,NA,NA,NA,NA,NA,44630016,NA,16985088,NA,NA,142868480,NA,NA,7135488,NA,NA,NA,NA,47644672,NA,NA,10256384,37949440,NA,NA,NA,NA,52690944,1775552,2075904,113500160,NA,4463616,33090560,2048896,1958784,NA,1296896,NA,175390720,NA,NA,659648,NA,NA,15260672,NA,NA,NA,538752,176029696,5490944,NA,NA,NA,2902272,6892544,NA,NA,NA,241238016,NA,NA,NA,4508416,2416896,3634176,NA,47509504,37457920,4359168,NA,NA,85958656,NA,13573120,NA,46698496,33894400,3554048,NA,341508096,45228032,NA,NA,NA,2201344,NA,NA,18122752,NA,NA,NA,3051520,NA,NA,NA,67510272,NA,1198336,NA,3879168,NA,4555520,NA,NA,NA,NA,NA,5053696,569901056,1376518144,NA,NA,NA,NA,4986880,NA,NA,339520,NA,NA,NA,NA,NA,NA,NA,NA,NA,NA,NA,NA,NA,NA,NA,NA,4987392,975360,1849664,NA,158515200,NA,8679424,NA,203718656,1630976,NA,NA,NA,NA,11126784
"55B",37056512,826432,NA,NA,NA,NA,NA,NA,NA,7010304,NA,29245440,NA,NA,NA,NA,157089792,NA,67825664,4216064,NA,1822784,NA,NA,NA,NA,8697856,NA,NA,NA,NA,3264256,NA,13623296,NA,4527360,NA,NA,NA,10110976,NA,NA,NA,NA,1268224,NA,NA,6027520,NA,NA,222768,NA,NA,3778048,NA,NA,2743552,NA,NA,1571264,NA,1337152,NA,NA,NA,5661952,NA,NA,NA,NA,NA,NA,NA,NA,NA,NA,5782272,8018944,NA,NA,NA,1840320,NA,NA,NA,NA,NA,NA,9714688,NA,1184448,NA,NA,NA,23830528,NA,1905408,NA,NA,2852864,NA,NA,NA,26326016,23341056,1607744,NA,65265664,5688064,NA,NA,NA,380576,NA,NA,2816768,NA,NA,NA,NA,NA,NA,NA,83632128,NA,NA,NA,1212736,723712,NA,NA,NA,NA,NA,NA,NA,1009451008,92078080,NA,NA,NA,NA,NA,NA,NA,NA,NA,NA,NA,NA,NA,NA,NA,NA,NA,NA,NA,NA,NA,NA,NA,NA,1009536,NA,NA,NA,61018112,NA,8502272,NA,34222080,2122496,NA,1524224,NA,NA,23273472
"61B",NA,NA,NA,NA,NA,NA,NA,NA,NA,7201536,NA,43913216,NA,NA,NA,NA,49975296,2390272,23516160,1856960,NA,13225984,NA,NA,NA,NA,6205440,NA,NA,NA,NA,39297024,NA,12173312,NA,NA,81768448,NA,NA,4326144,NA,3039232,NA,NA,8017152,NA,NA,5025024,6077440,NA,NA,1049856,NA,8899584,1546944,1003840,19847168,NA,3845888,NA,1617600,1551680,NA,2080768,NA,63778816,2397952,NA,1985024,NA,NA,9425920,NA,NA,NA,NA,23585792,40771584,NA,NA,NA,2108416,4364544,NA,NA,NA,30416896,13079552,4158720,NA,2227968,1674944,4481280,NA,32186368,NA,NA,NA,NA,49115136,NA,NA,NA,22489088,22256640,1411840,NA,272875520,148307968,NA,NA,861824,2311936,NA,NA,118632448,NA,NA,NA,9884672,NA,NA,NA,44425216,NA,962944,NA,1445056,NA,NA,NA,NA,NA,NA,NA,2059008,1428357120,NA,NA,NA,NA,NA,1057728,NA,NA,NA,NA,NA,NA,NA,NA,NA,NA,NA,NA,NA,NA,NA,NA,NA,516016,NA,527552,NA,1025408,NA,377847808,NA,8265728,NA,60456960,NA,1978112,1441408,NA,NA,7389440
"63B",NA,NA,NA,NA,6606080,NA,NA,NA,NA,5819136,NA,18084864,6120960,NA,NA,NA,166625280,NA,93900800,5009408,NA,18057216,NA,NA,NA,6045440,6189824,NA,NA,NA,2486784,NA,NA,13920256,NA,991680,3001600,2267392,NA,5096448,NA,6686976,NA,NA,4065536,NA,NA,6747392,NA,558144,NA,NA,NA,9812992,2692864,2126592,NA,NA,2067072,2594304,NA,NA,NA,NA,NA,88043520,NA,NA,NA,NA,963136,NA,NA,NA,NA,NA,NA,4378880,NA,NA,NA,2000768,1436672,821824,NA,NA,23283712,NA,8258304,NA,NA,NA,NA,18069504,25028608,3114752,NA,NA,NA,3312896,NA,NA,NA,6971392,9888768,1379072,NA,31666176,4294144,NA,NA,NA,NA,NA,NA,2501632,NA,NA,NA,7067136,403648,NA,NA,75304960,NA,512464,NA,1110784,NA,NA,NA,NA,NA,NA,NA,NA,44843008,NA,NA,NA,NA,NA,NA,NA,NA,NA,NA,NA,NA,NA,NA,NA,NA,NA,NA,NA,NA,NA,NA,NA,NA,NA,4415232,884736,NA,NA,44040192,NA,8449024,NA,14978048,NA,2285312,NA,2797312,NA,25321472
"65B",NA,NA,NA,NA,4983296,NA,NA,NA,NA,9178112,NA,3851520,NA,NA,NA,NA,28759040,4459264,16503808,575616,NA,NA,NA,NA,NA,NA,11597824,NA,1341504,NA,NA,1385984,NA,13521920,NA,NA,582272,NA,NA,NA,NA,3847424,NA,NA,NA,NA,NA,3590400,2210560,701952,918016,NA,276496,3517696,7862528,920832,4483328,NA,1190784,1185024,NA,NA,NA,NA,NA,67317760,NA,NA,NA,NA,1218432,5061632,NA,NA,NA,NA,6642944,35020800,NA,NA,34422784,1990912,NA,NA,NA,NA,36491264,4222720,5253376,NA,NA,NA,NA,2110464,13407232,NA,2736128,NA,NA,2497280,NA,NA,NA,8423424,8710144,1283200,NA,853475328,6801664,NA,NA,1541824,NA,NA,NA,1605056,NA,NA,NA,233209856,1640384,NA,NA,59801600,NA,2655232,NA,1636608,914880,NA,NA,NA,NA,NA,NA,NA,802226176,NA,NA,NA,NA,NA,1086272,NA,NA,NA,NA,NA,NA,NA,959936,766272,NA,NA,NA,NA,NA,1108606976,NA,NA,NA,NA,NA,NA,NA,NA,357810176,NA,17916928,NA,2673152,2144512,2206208,NA,2157824,NA,4671232
"71B",NA,NA,NA,NA,127262720,NA,NA,NA,NA,9625600,14074880,NA,NA,6914560,NA,NA,36839424,8219392,11514880,2113280,NA,7792640,NA,NA,7653120,3046144,NA,19196928,14039040,NA,NA,1319168,NA,30018560,NA,1248640,4000512,NA,709760,2083264,15763456,NA,NA,26783744,4692736,NA,11566080,3596544,NA,8164352,1055552,1232896,NA,6630144,9624576,NA,NA,NA,3503104,2757376,NA,NA,NA,1328704,NA,121614336,NA,NA,NA,NA,2912768,139001856,NA,NA,11907072,NA,5034752,110604288,NA,2977792,6053632,1943616,NA,NA,NA,NA,32291840,NA,NA,NA,NA,1814784,NA,NA,NA,742080,2765824,2669568,NA,NA,NA,2602496,NA,10557440,27445248,2614272,NA,1308288,NA,NA,NA,NA,NA,879680,NA,NA,NA,NA,NA,56741888,NA,NA,NA,31652864,NA,8545280,NA,1515776,962496,NA,NA,NA,NA,2392576,NA,2363392,669712384,176668672,NA,NA,NA,NA,NA,NA,NA,NA,NA,NA,NA,NA,NA,NA,NA,NA,NA,NA,NA,803200,NA,NA,NA,NA,NA,NA,672640,NA,680525824,NA,36388864,NA,9068544,NA,2982912,NA,9454592,NA,4409600
"79B",14538752,NA,NA,NA,NA,NA,NA,NA,NA,3094272,NA,18298880,NA,NA,NA,NA,37277696,NA,15796224,NA,NA,4201728,NA,NA,NA,NA,4148736,NA,NA,NA,NA,117620736,NA,9012224,NA,NA,11015168,2219520,277488,453984,NA,NA,NA,NA,2994688,NA,NA,1206016,1387968,NA,NA,NA,NA,NA,NA,NA,5019904,NA,1487616,1193472,NA,1450304,NA,918656,NA,8768512,1864000,NA,NA,NA,NA,NA,NA,939072,NA,NA,5199616,15579136,NA,NA,NA,NA,2272512,NA,NA,NA,3880704,NA,2749952,NA,NA,556224,NA,NA,11371520,NA,NA,NA,NA,8187392,NA,39809024,NA,4039168,5138432,NA,NA,24569856,16226304,NA,NA,NA,736384,NA,NA,4832768,NA,NA,NA,9286656,476448,NA,NA,38699008,NA,NA,NA,858624,493872,NA,NA,NA,NA,NA,NA,626944,NA,615907328,NA,NA,NA,NA,1174400,NA,NA,NA,NA,NA,NA,NA,NA,NA,NA,NA,NA,NA,NA,NA,NA,NA,NA,NA,NA,NA,NA,NA,368852992,NA,NA,NA,32202752,49721344,11467776,NA,NA,NA,4472064
"81B",14327808,1511936,NA,NA,5344000,NA,NA,NA,352672,9385984,NA,41345024,NA,NA,NA,NA,30427136,6498816,17395712,2734336,NA,23175168,NA,384624,NA,NA,13489152,NA,NA,NA,NA,385597440,NA,15105024,NA,3102464,2626560,NA,NA,3083264,NA,NA,NA,NA,7065856,NA,NA,5825536,14728192,NA,NA,NA,NA,11475968,NA,747968,54358016,NA,2167040,NA,NA,1721088,NA,982848,NA,132157440,NA,NA,477840,NA,NA,NA,NA,NA,NA,NA,79048704,33955840,NA,NA,NA,2233088,NA,NA,NA,NA,122458112,NA,NA,NA,NA,1184768,3205120,NA,11611136,3157760,1679808,NA,NA,NA,NA,282214400,NA,9232384,9141248,2812928,NA,56332288,10338304,NA,NA,NA,NA,NA,NA,7459328,706048,NA,NA,4747264,NA,NA,NA,33087488,NA,560512,NA,2706176,NA,1355776,NA,NA,NA,NA,NA,1067712,919994368,NA,NA,NA,NA,NA,513504,NA,NA,NA,NA,NA,NA,NA,NA,NA,NA,NA,1217664,NA,NA,NA,NA,NA,NA,NA,810560,NA,NA,NA,171917312,NA,25503744,1224384,77873152,1233792,3264768,NA,NA,NA,5390080
"83B",4211200,NA,NA,NA,NA,NA,NA,NA,NA,5966592,NA,37564416,1287808,NA,NA,NA,17022976,41644032,21875712,3420672,NA,53641216,NA,NA,NA,1479040,5865984,NA,NA,NA,NA,25927680,NA,62865408,NA,NA,2390784,NA,905216,4096512,NA,NA,NA,NA,18143232,NA,NA,2982656,83357696,1079872,NA,1296064,NA,78942208,1965440,1966592,184860672,NA,7005184,20509696,NA,NA,NA,1654464,NA,587595776,NA,NA,NA,NA,NA,121700352,NA,NA,855232,NA,307216384,23106560,NA,NA,NA,1977344,NA,4550656,NA,NA,601751552,NA,4199680,NA,NA,1475840,NA,1909440,NA,1027904,2424576,NA,NA,1108032,NA,14547968,NA,18290688,7884800,2143488,1468928,96096256,2104064,877527040,NA,NA,NA,NA,NA,3406336,NA,NA,NA,2977280,461264,NA,NA,43311104,NA,NA,NA,2800384,NA,137084928,NA,NA,NA,NA,NA,1482752,1464598528,NA,NA,NA,NA,NA,2058048,2984192,NA,NA,NA,NA,3515136,NA,NA,1432448,NA,NA,NA,NA,NA,NA,NA,NA,NA,NA,NA,NA,NA,NA,535920640,NA,8699904,NA,40112128,590528,NA,NA,NA,NA,2482944
"101B",12547072,739840,NA,NA,NA,NA,NA,NA,NA,8710144,NA,33619968,NA,NA,NA,NA,34816000,10544128,19082240,4296192,NA,11144192,NA,NA,NA,NA,8650752,NA,NA,NA,NA,7843328,NA,33673216,NA,8692736,1731456,NA,NA,4720128,NA,1236480,NA,NA,4484864,NA,NA,8468480,34906112,NA,NA,NA,347248,5533440,NA,1362048,88752128,NA,976128,3614720,4293120,3669248,NA,NA,NA,176029696,NA,NA,NA,856960,NA,NA,NA,NA,NA,NA,156598272,43401216,NA,NA,NA,4998400,1905920,NA,NA,NA,192266240,NA,5905664,NA,7155456,1812032,NA,2276864,20344832,NA,NA,NA,NA,918848,NA,3603968,NA,12928000,7042048,4111360,NA,957218816,6394112,NA,NA,NA,1081216,NA,NA,3082240,1027200,NA,NA,NA,NA,656512,NA,48410624,NA,387824,NA,6735616,299264,NA,NA,NA,NA,NA,NA,3206656,1286406144,354877440,NA,NA,NA,NA,586624,NA,NA,NA,NA,NA,NA,NA,NA,NA,NA,NA,NA,NA,NA,NA,NA,NA,NA,NA,NA,NA,1715520,NA,60968960,NA,NA,NA,37576704,NA,1707200,NA,NA,NA,6709760
"105B",42061824,NA,NA,NA,NA,NA,NA,NA,NA,9422848,NA,17569792,1391424,NA,NA,NA,98889728,NA,55042048,3597056,NA,5076224,NA,NA,NA,NA,5793280,NA,NA,NA,NA,42176512,NA,13470720,NA,1021760,9538560,NA,NA,4792832,NA,4397312,NA,NA,5725696,NA,NA,6293504,NA,NA,NA,469376,NA,8165376,NA,816384,14982144,NA,4209920,NA,NA,2142720,NA,2646528,NA,24720384,2753280,NA,549312,883712,NA,89399296,NA,7475456,NA,NA,18286592,30339072,NA,NA,7309312,3029760,1445568,NA,NA,NA,26924032,9257984,11730944,NA,NA,NA,1707328,2071104,2370304,NA,1836352,NA,NA,2924800,NA,NA,NA,18205696,36323328,6744320,NA,57577472,16062464,1522176,NA,NA,1481664,NA,NA,28113920,1049216,NA,NA,61526016,NA,NA,NA,96452608,NA,690176,NA,2980096,1319104,NA,NA,NA,NA,480928,NA,1293824,2336751616,879099904,NA,NA,NA,NA,1530368,NA,NA,NA,NA,NA,NA,NA,NA,NA,NA,NA,NA,NA,NA,NA,NA,NA,NA,545344,1094144,NA,NA,NA,1272512512,1279872,8537088,NA,18229248,10736640,NA,1864320,NA,NA,15199232
"107B",43315200,NA,NA,NA,NA,NA,NA,NA,NA,9644032,NA,21395456,NA,NA,NA,NA,37015552,4305152,19292160,3516672,NA,7014656,NA,NA,NA,4693248,12893184,NA,NA,NA,NA,13806592,NA,15483904,NA,1743680,2723840,NA,NA,3806976,NA,NA,NA,NA,2959872,NA,NA,7387648,12669952,NA,NA,NA,NA,4176640,NA,1616000,50929664,NA,914624,3282176,3354368,2492160,NA,NA,NA,73932800,NA,NA,268208,NA,NA,198672384,NA,NA,NA,NA,88895488,21756928,NA,NA,NA,5874944,1524096,NA,NA,NA,110358528,NA,7519232,NA,5407488,1713920,NA,NA,NA,18689024,NA,1334592,1824256,1418816,NA,5470208,NA,11560960,7264256,3086592,NA,894304256,6409984,NA,NA,NA,1020288,NA,NA,2932992,NA,NA,NA,NA,NA,1246016,NA,62566400,NA,500496,NA,3042048,NA,NA,NA,NA,NA,NA,NA,1688960,1444544512,NA,999168,NA,NA,NA,NA,NA,NA,NA,NA,NA,NA,NA,NA,NA,NA,NA,NA,NA,NA,NA,NA,NA,NA,NA,NA,NA,915008,NA,81911808,NA,8827904,NA,21645312,248240,2481664,NA,NA,NA,7077376
"109B",NA,NA,10693632,NA,55562240,NA,NA,NA,477056,5996800,NA,15217664,NA,NA,NA,NA,17828864,65773568,30254080,NA,NA,6389760,5634560,NA,9180160,NA,NA,18596864,16930816,NA,NA,1797696,NA,96600064,NA,NA,2237440,NA,NA,NA,145358848,NA,NA,22708224,NA,NA,31100928,NA,31461376,5303552,NA,NA,NA,5416448,NA,NA,77484032,NA,1358016,NA,NA,1514816,827328,NA,NA,1140916224,NA,NA,NA,NA,NA,NA,NA,NA,286457856,48984064,180273152,NA,58429440,7510784,NA,1911872,NA,NA,NA,NA,574029824,NA,4402176,NA,NA,1177664,NA,NA,1892928,879168,NA,348061696,NA,776640,NA,NA,NA,2685184,12210176,2441728,NA,13465600,2374400,NA,NA,NA,NA,1703040,NA,1874368,NA,NA,6848256,13169664,NA,NA,NA,47722496,NA,605568,NA,2358784,1108224,NA,NA,NA,NA,NA,12454912,1040640,450445312,116097024,NA,NA,NA,372457472,NA,NA,NA,NA,10004480,NA,NA,NA,NA,1223296,NA,NA,NA,NA,NA,NA,NA,NA,NA,NA,NA,NA,NA,NA,319356928,NA,55648256,NA,10163200,NA,NA,NA,NA,NA,2715136
"111B",7899136,NA,NA,NA,5205760,NA,NA,595008,295344,9613312,NA,23989248,NA,NA,NA,NA,20482048,8825856,9090048,NA,NA,24734720,NA,657792,NA,NA,7876096,NA,3185408,NA,NA,25688064,NA,23674880,NA,NA,3335168,3234560,NA,3494400,2208256,NA,NA,NA,9292800,NA,NA,7081728,17150976,2833664,NA,NA,374832,30877696,3113984,1335296,55672832,NA,3164416,5720320,NA,1403200,NA,829760,NA,260980736,NA,NA,453456,NA,1667136,NA,NA,NA,1155072,1066688,90836992,24563712,NA,NA,NA,4815616,NA,4730880,NA,NA,179011584,1793984,3542528,NA,NA,966336,NA,NA,8061696,1572736,NA,NA,1777728,NA,NA,7062784,NA,12305408,6803200,2506240,NA,9904128,5542912,NA,NA,NA,NA,NA,NA,3229952,NA,NA,NA,6873600,NA,NA,NA,28095488,NA,1100928,NA,2071296,549888,5743360,NA,NA,NA,NA,NA,1760640,611254272,NA,NA,NA,NA,NA,NA,NA,NA,668992,NA,NA,NA,NA,NA,NA,NA,NA,NA,NA,NA,NA,NA,NA,NA,NA,360000,NA,679552,NA,105189376,NA,10170368,758016,42614784,757376,4710656,NA,2426112,NA,2957056
"113B",18852864,NA,NA,NA,NA,NA,NA,NA,NA,28024832,NA,17338368,NA,NA,NA,NA,102858752,NA,58634240,895424,NA,1929856,NA,NA,NA,NA,117399552,NA,NA,NA,NA,10081280,NA,NA,NA,NA,9510912,NA,NA,NA,NA,3585536,NA,NA,NA,NA,NA,5697280,NA,NA,763584,NA,1241344,7492864,5301760,1131712,2059648,NA,3766784,NA,NA,5963520,NA,NA,NA,5819904,5189632,NA,NA,NA,NA,89350144,NA,2781952,NA,NA,NA,47169536,NA,NA,NA,2160128,NA,NA,NA,NA,3254016,21792768,9136128,NA,NA,5599232,3621888,NA,5869312,1905920,3152128,NA,NA,3115264,NA,1988672,NA,11736064,24338432,1505728,NA,11013120,3931648,NA,NA,NA,NA,NA,362112,905664,9845760,NA,NA,11792384,705280,NA,NA,54861824,NA,814272,NA,1065344,NA,NA,NA,NA,NA,858944,NA,7454464,1400176640,NA,NA,NA,665344,NA,NA,NA,NA,570432,NA,NA,NA,NA,NA,1930112,NA,NA,1148928,NA,NA,NA,NA,NA,NA,NA,NA,NA,NA,NA,578551808,NA,9588736,NA,13768704,NA,3364864,NA,NA,NA,15176704
"115B",39559168,732480,NA,NA,NA,NA,NA,NA,NA,9466880,NA,31546368,1022784,NA,NA,NA,155500544,NA,73891840,NA,NA,17394688,NA,NA,NA,5477888,11487232,NA,NA,NA,NA,13817856,NA,16645120,NA,3019008,6642432,NA,NA,1344576,NA,3058944,668352,NA,7017728,NA,NA,12180480,8520704,NA,636288,NA,NA,22256640,NA,1988224,33453056,NA,1767168,5358080,NA,7232768,NA,576768,NA,156762112,2380544,NA,697280,2236672,NA,NA,NA,977280,NA,NA,46002176,69591040,NA,NA,NA,4320000,6235904,NA,NA,NA,109428736,15502336,21492736,NA,2189824,3656704,NA,NA,16957440,NA,NA,NA,NA,43188224,4934144,7058432,NA,18771968,30845952,2640384,NA,149815296,38055936,NA,NA,NA,NA,NA,NA,8873984,2072000,NA,NA,45178880,NA,NA,NA,186613760,NA,1714624,NA,1755328,519008,2580992,NA,NA,NA,NA,NA,3842048,1438056448,NA,NA,NA,NA,NA,1242048,NA,311632,NA,NA,NA,NA,NA,NA,1781184,NA,NA,4833792,NA,NA,NA,NA,NA,NA,NA,NA,NA,1549504,NA,629538816,NA,NA,NA,46645248,596736,4172544,NA,NA,NA,25266176
"117B",7029760,6098944,NA,NA,NA,NA,NA,NA,NA,12212224,NA,19670016,1845824,NA,NA,NA,128233472,NA,71761920,8501248,NA,3437568,NA,NA,NA,8073472,23736320,NA,NA,NA,6712576,17575936,NA,NA,NA,1552192,8043264,2780416,NA,12356608,NA,3155712,488800,NA,1704448,NA,NA,9800704,NA,NA,669888,NA,NA,7307008,NA,1108800,8242944,NA,3135488,3380736,NA,2260480,NA,4217344,NA,12368896,4183552,NA,NA,NA,NA,NA,NA,918528,NA,NA,9272320,60899328,NA,NA,NA,4655616,1362240,NA,NA,NA,10549248,29026304,13635584,NA,NA,1554304,1531904,868352,NA,NA,2258944,NA,NA,764160,NA,NA,NA,62996480,33137664,3567872,NA,8636416,2655744,NA,NA,963712,NA,NA,NA,1892864,1437376,NA,NA,7966976,NA,NA,NA,105275392,NA,718528,NA,2552320,NA,NA,NA,NA,NA,NA,NA,3913472,1511849984,446234624,NA,NA,NA,NA,NA,NA,NA,NA,NA,NA,NA,NA,NA,NA,NA,NA,NA,NA,NA,NA,NA,NA,NA,NA,NA,NA,1249280,NA,144343040,NA,10329088,NA,8184064,NA,2230272,NA,NA,NA,18800640
"121B",NA,NA,NA,NA,NA,NA,NA,NA,NA,4425984,NA,24125440,NA,NA,NA,NA,88776704,NA,37646336,4497920,NA,1564800,NA,NA,NA,NA,4731392,NA,NA,NA,NA,NA,NA,NA,NA,7559168,4119296,NA,NA,4394240,NA,NA,NA,NA,1185216,NA,NA,21399552,NA,NA,NA,NA,NA,4754432,NA,NA,4066048,NA,3184128,1858240,11748352,6000128,NA,1209792,NA,2320384,NA,NA,NA,1440768,NA,NA,NA,NA,NA,NA,4974336,23281664,NA,NA,NA,5139968,9095168,NA,NA,NA,NA,NA,8038656,NA,30628864,4246272,NA,NA,89731072,NA,NA,NA,NA,64516096,NA,NA,NA,60444672,16602112,4201728,NA,335167488,274120704,NA,NA,1780992,NA,NA,NA,655884288,3823360,NA,NA,NA,NA,NA,NA,64507904,658304,1252608,NA,5533440,NA,NA,NA,NA,NA,NA,NA,6311936,950272000,NA,NA,NA,NA,NA,NA,NA,NA,NA,NA,NA,NA,NA,NA,NA,NA,NA,NA,NA,NA,NA,NA,NA,3373824,NA,18149376,NA,3106048,NA,4478720,5249536,NA,NA,31640576,NA,NA,2841600,NA,NA,15029248
"125B",17345536,NA,NA,NA,NA,NA,NA,NA,NA,10518528,NA,15721472,NA,NA,NA,NA,88563712,NA,44122112,3758592,NA,16154624,NA,NA,NA,NA,24717312,NA,NA,NA,NA,121737216,NA,17121280,NA,NA,6699520,2256896,NA,5050624,NA,2375680,NA,NA,3204096,NA,NA,4558592,9165824,NA,1042112,NA,NA,14381056,1460224,764992,31424512,NA,2016768,NA,NA,961280,NA,NA,NA,58859520,NA,NA,NA,NA,NA,79151104,NA,NA,NA,NA,41840640,10248192,NA,NA,NA,2306816,NA,NA,NA,NA,20440064,20658176,10145792,NA,NA,985408,NA,NA,8574976,NA,2179584,NA,NA,2000704,NA,55840768,NA,NA,16177152,2412032,NA,224444416,64438272,NA,NA,6324736,NA,NA,NA,97103872,NA,NA,NA,6258432,318416,NA,NA,87379968,NA,1221312,NA,2038336,NA,NA,NA,NA,NA,NA,NA,1008448,1595211776,593887232,NA,NA,NA,NA,NA,NA,NA,NA,NA,NA,NA,NA,NA,778880,NA,NA,NA,NA,NA,NA,NA,NA,NA,NA,NA,NA,NA,NA,381222912,863936,8954880,NA,19890176,NA,NA,NA,NA,NA,12553216
"127B",NA,NA,NA,NA,72192000,NA,NA,832704,NA,13366272,NA,16185344,1296000,905408,NA,NA,49451008,30945280,23912448,4933632,NA,7144704,NA,NA,NA,5825792,10387456,9403392,5326848,NA,NA,1147584,NA,82214912,NA,NA,4314880,8187648,NA,5595136,13644800,15417344,NA,5520640,5772544,NA,NA,15174656,35938304,4072192,436112,1405824,NA,9710592,5160704,4022272,84844544,NA,4683008,4093184,NA,1963328,NA,1257984,NA,543621120,NA,NA,1077504,NA,NA,43929600,NA,NA,8866816,2682880,162545664,17472512,NA,2930688,NA,2746624,NA,NA,NA,NA,413974528,11489280,7169280,NA,NA,NA,NA,NA,5553152,3246848,2392576,2488064,NA,1360320,1408512,NA,NA,17731584,10323968,1849664,NA,70930432,6519040,NA,NA,NA,NA,NA,NA,4454912,NA,NA,NA,5895936,NA,NA,NA,53338112,NA,1376896,NA,1566976,NA,NA,NA,NA,NA,NA,1197760,653056,366460928,NA,NA,NA,NA,11893760,NA,NA,NA,NA,NA,NA,NA,NA,NA,2433280,1139584,NA,NA,NA,NA,NA,NA,NA,NA,NA,NA,NA,NA,NA,359759872,NA,35258368,NA,10514432,NA,2631424,NA,2584064,NA,6852864
"131B",NA,NA,NA,NA,88653824,NA,NA,NA,NA,9690112,18049024,NA,4317440,NA,NA,NA,15869952,16283648,9579520,2204160,NA,20894720,NA,NA,5787136,NA,9383936,8240640,4275200,NA,2767872,NA,NA,39059456,NA,NA,3041024,NA,NA,2637568,16970752,NA,NA,3618304,6150400,NA,NA,8621056,7282944,NA,1269888,NA,NA,12338176,3808512,2036416,7219456,NA,5503488,2058880,NA,NA,NA,1115648,NA,433831936,NA,NA,NA,NA,NA,431849472,NA,NA,8982528,NA,15240192,20601856,NA,NA,NA,2777344,NA,NA,NA,NA,160841728,NA,3117056,NA,NA,NA,NA,NA,9169920,NA,3239680,1473088,NA,9645056,NA,NA,NA,12763136,12648448,4957184,NA,32523264,81539072,NA,NA,1711488,NA,NA,NA,67588096,NA,NA,NA,17929216,2618112,NA,NA,28534784,NA,5481472,NA,2243328,NA,NA,NA,NA,NA,NA,556800,NA,268337152,NA,NA,NA,NA,2992384,NA,NA,NA,811520,NA,NA,3268096,NA,522000,4032000,NA,NA,NA,NA,NA,NA,NA,NA,2353408,NA,416144,NA,NA,NA,426360832,NA,107388928,NA,10011648,NA,3617536,NA,NA,NA,2800384
"133B",6316800,NA,NA,NA,NA,NA,NA,NA,NA,9992192,NA,20078592,NA,NA,NA,NA,67485696,NA,33101824,1780160,NA,2660096,NA,NA,NA,NA,8662016,NA,NA,NA,NA,73433088,NA,NA,NA,NA,3810816,NA,NA,2134784,2343936,3576320,NA,NA,2124032,NA,NA,6880000,NA,NA,NA,NA,403968,7404032,1378304,1382976,3587840,NA,1844096,1485248,NA,966656,NA,770432,NA,7239168,2536704,NA,297744,NA,NA,32538624,NA,NA,NA,NA,3622400,29448192,NA,NA,NA,1614080,778368,NA,NA,NA,5502208,6198016,6027776,NA,NA,NA,NA,1409792,1734784,572992,1266176,NA,NA,NA,NA,19796992,NA,6190336,13619200,2849024,NA,11918336,3024128,NA,NA,708224,1277312,NA,NA,1412992,NA,NA,NA,11949056,560384,NA,NA,64319488,NA,784960,NA,1091648,685952,NA,NA,NA,NA,NA,NA,954880,1463943168,584253440,NA,NA,NA,NA,NA,NA,NA,NA,NA,NA,NA,NA,396752,NA,NA,NA,2215168,NA,NA,NA,NA,NA,326272,NA,NA,609600,684672,NA,902692864,NA,8415232,NA,15209472,1185152,NA,NA,NA,NA,8826880
"135B",22885376,NA,NA,NA,NA,NA,NA,NA,NA,7691008,NA,15009792,NA,NA,NA,NA,48893952,NA,23663616,NA,NA,6198528,NA,NA,NA,4865280,6715136,NA,NA,NA,NA,14456832,NA,12040192,486544,1984128,9674752,1444480,NA,NA,NA,1452800,NA,NA,2882816,NA,NA,19510272,5972224,NA,NA,NA,NA,14480384,1250176,1318656,21199872,NA,4450048,NA,NA,5542912,NA,1314432,NA,63799296,NA,NA,NA,NA,939712,142639104,NA,NA,NA,NA,28751872,2024896,NA,NA,NA,12529664,2206720,NA,NA,NA,40763392,18462720,NA,NA,2776320,NA,NA,NA,28103680,NA,NA,NA,NA,5558784,4368128,NA,NA,10426368,23322624,20480000,NA,761135104,103374848,NA,NA,NA,1040704,NA,NA,77586432,NA,NA,NA,3096576,364688,NA,NA,77037568,NA,959936,NA,14298112,1313472,NA,NA,NA,NA,NA,NA,2676224,1512701952,536117248,NA,NA,NA,NA,685824,NA,NA,NA,NA,NA,NA,NA,NA,NA,NA,NA,NA,NA,NA,583488,NA,NA,NA,NA,457808,715840,NA,NA,437190656,NA,NA,NA,18767872,NA,NA,787008,NA,NA,7797248
"137B",9283584,NA,NA,NA,141918208,NA,NA,NA,406944,19888128,20781056,NA,1951552,NA,NA,NA,7687168,203063296,56483840,NA,NA,26595328,NA,NA,NA,3538176,8567808,26096640,27776000,NA,NA,NA,NA,77271040,NA,NA,1311040,NA,NA,1627904,77647872,NA,NA,4889856,NA,NA,9512960,16999424,NA,879104,NA,NA,NA,9724928,1246016,NA,NA,NA,1068736,NA,NA,2936064,NA,NA,NA,1365704704,NA,NA,NA,NA,NA,40067072,2082816,4285440,143867904,NA,NA,3619840,NA,NA,7831808,3233536,NA,NA,NA,NA,35442688,NA,1734016,NA,NA,NA,NA,NA,26294272,3517952,NA,39964672,NA,2703104,NA,NA,NA,8837120,6549248,1577408,NA,55226368,12088320,NA,NA,NA,NA,NA,NA,13493248,NA,NA,804800,8222976,NA,NA,NA,15577088,NA,761216,NA,1173952,NA,NA,NA,NA,NA,599872,600768,NA,785152,NA,NA,NA,NA,27504640,NA,NA,NA,355408,NA,NA,NA,NA,NA,4934144,NA,NA,NA,NA,NA,NA,NA,NA,NA,NA,NA,NA,NA,NA,22185984,NA,144130048,4142848,67891200,NA,5602816,NA,7218176,NA,1933248
"145B",106233856,NA,NA,NA,5542656,NA,NA,NA,NA,11031552,NA,15462400,1395008,NA,NA,NA,125046784,NA,64163840,979584,NA,4251392,NA,NA,NA,NA,51396608,NA,NA,NA,NA,44863488,NA,NA,NA,NA,149798912,NA,NA,NA,NA,3162624,729152,NA,2643968,NA,NA,5608704,NA,NA,NA,NA,NA,3996928,NA,1506304,2898176,NA,1025792,NA,NA,6737152,NA,NA,NA,8642560,4125184,NA,1822976,543808,NA,NA,NA,1141696,NA,NA,2109952,33984512,NA,NA,NA,2128896,NA,NA,NA,NA,NA,11506688,9362432,NA,NA,9470976,2373888,NA,15961088,NA,NA,NA,NA,813440,1889536,6398976,NA,6251264,25385984,1214720,NA,7008256,2590976,NA,NA,NA,NA,NA,NA,NA,NA,NA,NA,27701248,NA,NA,NA,69849088,NA,3211520,NA,938496,531776,NA,NA,NA,NA,NA,432112,5792512,957284352,NA,NA,NA,NA,NA,NA,NA,NA,NA,NA,NA,NA,NA,NA,737216,NA,NA,11906048,NA,NA,NA,NA,NA,NA,NA,NA,NA,596928,NA,332677120,NA,34226176,NA,17007616,872192,NA,767360,NA,NA,18516992
"151B",14324736,NA,NA,NA,NA,NA,NA,NA,176656,6858496,NA,56995840,1641344,NA,NA,NA,78065664,NA,31423488,NA,NA,36159488,NA,NA,NA,3594240,20784128,NA,NA,NA,NA,18262016,NA,13273088,NA,NA,2471168,2622720,NA,1693824,NA,3680512,NA,NA,19507200,NA,NA,5390848,2300416,NA,NA,828416,NA,19899392,NA,NA,5881088,NA,3960832,NA,NA,2547456,NA,1937600,NA,42696704,NA,NA,NA,NA,NA,656539648,NA,12314624,NA,NA,8918016,19433472,NA,NA,NA,3825920,3571968,NA,NA,NA,83247104,NA,6482176,NA,NA,1986496,NA,2906112,30628864,NA,NA,514688,NA,23564288,NA,NA,NA,18035712,11569152,3112960,NA,62865408,15592448,NA,NA,1683456,NA,NA,NA,NA,NA,NA,NA,135380992,NA,NA,NA,76468224,NA,2893056,NA,5642496,958528,5857792,NA,NA,NA,884352,1125312,2365184,486096896,NA,NA,NA,NA,1062912,NA,NA,NA,NA,NA,NA,NA,NA,NA,1696256,792256,NA,2601472,NA,NA,NA,NA,NA,NA,NA,NA,NA,1073664,NA,335593472,NA,10771456,761664,22683648,804096,NA,NA,NA,NA,9743360
"165B",110837760,NA,NA,NA,10126336,NA,NA,NA,236720,6455040,NA,5990656,NA,NA,NA,NA,32956416,8431616,16473088,2676224,NA,24647680,NA,NA,NA,4543488,5933824,2308352,1929280,NA,NA,3765504,NA,18276352,NA,NA,4628224,NA,NA,4482560,NA,NA,NA,NA,2307584,NA,NA,10591232,6229248,NA,368720,NA,NA,18302976,2709504,2316544,15648768,NA,4446720,3089664,NA,2747904,NA,1698368,NA,314589184,NA,NA,1409024,2050496,NA,NA,NA,NA,657920,NA,25718784,40726528,NA,NA,NA,3061504,NA,3024896,NA,NA,80379904,NA,3678464,NA,NA,2951168,NA,NA,47669248,NA,NA,977088,NA,7118848,4536064,2149376,NA,14717952,9904128,6932736,NA,290930688,20667392,NA,NA,6594048,NA,NA,NA,25773056,NA,NA,NA,7249408,1068480,NA,NA,70483968,NA,2407168,NA,2351872,NA,1955904,NA,NA,NA,NA,NA,2055616,481247232,NA,NA,NA,NA,NA,1479552,NA,NA,3184384,NA,NA,NA,NA,NA,NA,NA,NA,NA,NA,NA,NA,NA,NA,NA,NA,540928,458080,NA,NA,260587520,NA,9395200,NA,8903680,NA,2673664,NA,3002112,NA,4798208
"4B",18281472,NA,NA,NA,NA,NA,NA,NA,NA,6078208,NA,64565248,NA,561408,NA,NA,32675840,12900352,14481408,2361344,NA,14851072,NA,NA,NA,3424256,3842304,NA,1861248,NA,NA,66412544,NA,42049536,NA,NA,10380288,NA,NA,4708864,2011328,NA,NA,NA,9568256,NA,NA,8770560,28648448,1877888,NA,NA,NA,21031936,1264000,893440,128049152,NA,4652800,3514112,NA,4755456,NA,744064,NA,354746368,NA,NA,604352,NA,NA,NA,506240,NA,NA,966336,197623808,32411648,NA,NA,NA,2311168,NA,NA,NA,NA,NA,29697024,5160960,NA,NA,5145088,2779648,NA,19482624,2428416,2036480,NA,NA,2973440,1807040,33873920,NA,21236736,4469504,1350976,NA,46592000,7527168,50655232,NA,NA,NA,NA,NA,2563328,592960,NA,NA,1580544,395696,NA,NA,36319232,NA,NA,1104960,1263488,NA,NA,NA,NA,NA,NA,NA,5071616,1036582912,NA,NA,NA,NA,NA,1391680,NA,NA,NA,NA,NA,12674048,NA,NA,NA,NA,NA,6210816,NA,NA,NA,NA,NA,NA,NA,NA,NA,1104768,NA,100982784,NA,8712192,773120,74829824,1417920,2816768,NA,NA,NA,7212032
"12B",5743104,NA,NA,NA,5959168,NA,NA,NA,NA,19878912,NA,10771456,1416512,NA,NA,NA,85266432,7429632,36892672,NA,NA,2457344,NA,NA,NA,NA,23671808,NA,NA,NA,NA,7320832,NA,19314688,NA,NA,671552,2834688,NA,NA,NA,2820352,NA,NA,1202048,NA,NA,2435584,7749120,NA,483648,NA,NA,5912832,883008,1353344,26715136,NA,1153472,NA,1085248,NA,NA,570432,NA,147701760,3041280,NA,NA,NA,991296,34447360,NA,NA,NA,NA,40411136,9273344,NA,NA,NA,2275840,NA,NA,NA,NA,57016320,7408384,14640128,NA,1186688,NA,NA,NA,62705664,NA,NA,NA,NA,595066880,NA,NA,NA,35217408,14629888,1697536,NA,285671424,52862976,NA,NA,758400,NA,NA,NA,5878528,NA,NA,NA,21274624,576960,NA,NA,100995072,NA,1641856,NA,778496,488656,NA,NA,NA,NA,NA,NA,922880,1490223104,449527808,NA,NA,NA,NA,1608960,NA,NA,NA,NA,NA,NA,NA,477888,995520,NA,NA,NA,NA,NA,NA,NA,NA,NA,NA,8200704,706944,NA,NA,533512192,NA,10683392,NA,NA,410848,4262144,NA,NA,NA,10444800
"20B",26817536,NA,NA,NA,NA,NA,NA,NA,NA,6343168,NA,17103872,1164608,NA,NA,NA,157728768,NA,62832640,5444352,NA,6832128,NA,NA,NA,NA,8375552,NA,NA,NA,NA,10463232,NA,NA,NA,NA,23331840,NA,NA,3743744,NA,NA,NA,NA,1899392,NA,NA,7069696,NA,NA,NA,NA,NA,6419968,NA,1013056,6914560,NA,896000,1868416,NA,10123264,NA,NA,NA,12672000,1021504,NA,1525888,NA,NA,1286400,NA,NA,NA,NA,6115072,84029440,NA,NA,NA,2773504,NA,NA,NA,NA,5766144,15072256,11949056,NA,NA,6137600,NA,2226688,6330624,986624,NA,NA,NA,NA,NA,2957056,NA,6214912,13744128,3443712,NA,22304768,4577024,NA,NA,NA,NA,NA,NA,3974912,NA,NA,NA,9136128,NA,NA,NA,98000896,NA,NA,NA,2728192,349136,NA,NA,NA,NA,NA,NA,2681344,694812672,16438272,NA,NA,NA,NA,NA,NA,NA,NA,NA,NA,NA,NA,NA,NA,NA,NA,NA,NA,NA,NA,NA,NA,NA,NA,NA,NA,NA,NA,174604288,NA,NA,NA,31679488,13915136,6432512,NA,NA,NA,23005184
"21B",13803520,364208,NA,NA,6057472,NA,NA,NA,NA,12193792,NA,15016960,NA,NA,NA,NA,13415424,7854592,6808064,4218112,NA,7384832,NA,NA,NA,NA,70811648,NA,NA,NA,NA,28920832,NA,23450624,NA,NA,11070464,2857984,NA,6987008,NA,NA,NA,NA,3784704,NA,NA,5836288,8136448,NA,730240,NA,NA,13042688,NA,1440192,32994304,NA,1945728,3453952,NA,NA,NA,1219584,NA,122675200,NA,NA,NA,NA,NA,233390080,NA,NA,NA,NA,44888064,88539136,NA,NA,1833216,2833664,8578048,NA,NA,NA,156237824,2441728,2458112,NA,NA,3051264,NA,NA,15473664,11158528,1773760,NA,NA,4744960,NA,12963840,NA,32301056,23319552,3367680,NA,66273280,11305984,NA,NA,1967168,NA,NA,NA,5389824,NA,NA,NA,39038976,NA,NA,NA,21901312,NA,3156224,NA,3057920,NA,8156416,NA,NA,NA,NA,NA,1722944,1464860672,519225344,NA,NA,NA,NA,760000,NA,NA,491840,NA,NA,NA,499936,573440,NA,NA,569984,7038208,NA,NA,NA,NA,NA,2204672,NA,1065664,NA,NA,NA,641466368,NA,9248768,NA,23092224,NA,22837248,NA,NA,NA,2118912
"24B",66990080,1962304,NA,NA,5769216,NA,NA,NA,NA,22965248,NA,28638208,NA,NA,NA,493632,75644928,3523840,41664512,1274432,NA,18391040,NA,524416,NA,NA,62214144,NA,NA,NA,NA,67588096,NA,15551488,NA,1727680,28019712,NA,NA,2715904,NA,3237120,NA,NA,5962752,NA,NA,2541056,8079616,NA,NA,NA,NA,11452416,NA,NA,28237824,NA,4867072,NA,NA,NA,NA,2307328,NA,54308864,NA,NA,977728,2049856,NA,84586496,NA,NA,NA,NA,35909632,34746368,NA,NA,3142400,4219648,7710208,NA,NA,NA,60211200,NA,9666560,NA,NA,1728128,NA,NA,54181888,4121088,2239488,NA,NA,14932992,NA,30892032,NA,23320576,22135808,6227456,NA,672858112,40120320,NA,NA,1903360,806720,NA,NA,27744256,1593088,NA,NA,6738432,NA,NA,NA,85778432,NA,NA,NA,1775808,958272,2268672,NA,NA,NA,NA,NA,4052736,1541144576,474644480,NA,NA,NA,NA,NA,NA,318480,NA,NA,NA,NA,427280,NA,NA,NA,NA,NA,NA,NA,NA,NA,NA,NA,NA,501024,NA,1289728,NA,339509248,NA,38047744,NA,NA,3152384,5877760,1133696,NA,NA,12278784
"28B",21994496,NA,NA,NA,5666304,NA,NA,NA,NA,16586752,NA,19808256,4011008,525440,NA,NA,30852096,40480768,21245952,3628544,NA,29748224,NA,NA,NA,NA,10979328,NA,2993920,NA,5398272,NA,NA,50950144,NA,NA,2167552,3771648,NA,4966912,2223360,3253504,NA,NA,5478144,NA,NA,8967168,19291136,1492544,NA,NA,NA,53547008,5612032,NA,44388352,NA,4431360,16711680,NA,1273920,NA,NA,NA,536641536,NA,NA,NA,NA,2854400,28989440,NA,NA,NA,NA,65310720,45883392,NA,NA,NA,4877568,NA,8360960,NA,NA,467369984,NA,5227008,NA,NA,1967680,NA,NA,7285504,7774208,3849216,799552,NA,5005312,1376448,NA,NA,20895744,8473600,3975168,NA,134840320,30740480,811859968,NA,NA,NA,NA,NA,19902464,NA,NA,NA,18923520,1075584,NA,NA,61976576,NA,671360,709696,1992448,1422848,107986944,NA,NA,NA,NA,NA,732480,216629248,NA,NA,NA,NA,NA,1931904,932800,NA,546496,NA,NA,4121088,NA,NA,1212416,NA,NA,NA,NA,NA,NA,NA,NA,NA,NA,434592,NA,NA,NA,585367552,NA,8603648,NA,13777920,632640,2405376,968640,NA,NA,3803136
"30B",25441280,3058176,NA,NA,NA,NA,NA,NA,NA,9339904,NA,14743552,859520,NA,NA,NA,74645504,NA,40132608,2195456,NA,3262208,NA,NA,NA,NA,24338432,NA,NA,NA,NA,78446592,NA,12713984,NA,NA,3578624,NA,NA,2821888,NA,NA,453968,NA,2354944,NA,NA,5858816,NA,NA,NA,NA,NA,9513984,NA,1171200,5880320,NA,1382656,NA,1558976,NA,NA,NA,NA,8712192,NA,NA,324944,NA,NA,91394048,NA,NA,NA,NA,NA,74067968,NA,NA,NA,1525632,1008960,NA,NA,NA,8559616,2678528,5655296,NA,1639552,4229888,NA,3076608,134217728,NA,NA,NA,NA,2540032,NA,11148288,NA,13115392,22486016,NA,NA,2332819456,8114944,NA,NA,NA,642816,NA,NA,7081472,NA,NA,NA,100732928,NA,NA,NA,97841152,NA,696064,NA,1489792,NA,NA,NA,NA,NA,NA,NA,6536704,1499201536,509722624,NA,NA,NA,NA,794048,NA,NA,NA,NA,NA,NA,NA,NA,NA,NA,1209792,4406784,NA,NA,535104,NA,NA,1176704,NA,NA,NA,1605184,NA,391348224,NA,9698304,672192,14369792,NA,1458688,NA,NA,NA,12738560
"32B",NA,NA,NA,NA,74153984,NA,NA,NA,NA,14843904,NA,18365440,955392,2112768,NA,NA,45260800,21773312,23109632,2801920,NA,4869376,NA,NA,7383808,NA,21570560,6508800,2558464,NA,2147584,NA,NA,186564608,NA,NA,2727680,7223040,NA,3331584,5662720,5655552,NA,22756352,11739136,NA,NA,5081088,20776960,4560640,NA,2073408,NA,9451520,6798592,NA,57192448,NA,2203136,2906112,NA,NA,392032,NA,NA,370245632,NA,NA,1540800,NA,1944576,NA,NA,NA,7001088,6805504,89833472,157270016,NA,NA,NA,2000832,NA,NA,NA,NA,649068544,NA,5490432,NA,NA,3109376,NA,NA,NA,NA,2243584,NA,NA,NA,2142208,NA,NA,8891392,20239360,2847232,NA,428624,NA,6984192,NA,NA,NA,NA,NA,NA,NA,NA,NA,161153024,NA,NA,NA,82505728,NA,NA,NA,1538624,1031488,NA,NA,NA,NA,NA,NA,1370048,84631552,NA,NA,NA,NA,NA,NA,NA,NA,NA,NA,NA,NA,NA,NA,NA,NA,NA,NA,NA,NA,NA,NA,NA,NA,NA,NA,NA,NA,NA,966918144,NA,36098048,1372928,12737536,NA,3573504,NA,2885120,NA,6785536
"34B",NA,NA,NA,NA,NA,NA,NA,NA,NA,6784256,NA,33255424,1786496,NA,NA,NA,23897088,10944512,7991808,4582144,NA,15749120,NA,2663424,NA,NA,8715264,NA,1046016,NA,NA,22098944,NA,31524864,NA,NA,10162176,NA,NA,7390976,NA,NA,NA,NA,9961472,NA,NA,2902016,27805696,NA,NA,NA,NA,13612032,1934528,NA,96620544,NA,13851648,1543040,NA,1117056,NA,2504192,NA,368312320,NA,NA,NA,NA,1657856,55832576,NA,NA,554944,NA,138870784,30708736,NA,NA,880320,1708096,NA,NA,NA,NA,234635264,23774208,4412416,NA,NA,2738432,NA,NA,NA,NA,1817536,562304,NA,NA,NA,7709184,NA,20518912,4489728,1535296,NA,13969408,NA,NA,NA,NA,NA,NA,NA,NA,NA,NA,NA,7270912,614336,NA,NA,41603072,NA,716288,NA,2063744,844864,NA,NA,NA,NA,NA,NA,2019008,1506541568,NA,NA,NA,NA,NA,1890112,NA,NA,NA,NA,NA,36859904,NA,NA,2372608,NA,NA,7084544,NA,NA,NA,NA,NA,NA,NA,NA,NA,NA,NA,265486336,NA,9205760,NA,45924352,10068992,NA,NA,NA,NA,2563840
"36B",2520576,2266880,54292480,NA,131407872,2643968,NA,NA,NA,4253184,25844736,NA,2484992,1818880,NA,NA,19521536,144621568,51527680,4685312,NA,47329280,NA,NA,16509952,5009408,NA,37765120,14113792,2558976,NA,38887424,NA,222298112,NA,NA,5806848,2901248,NA,5231872,59559936,NA,NA,71536640,5389568,NA,84373504,9899008,110141440,1399680,520432,1332864,513376,34631680,NA,NA,279543808,NA,5463808,NA,NA,1686144,2909440,1867264,2625536,1400569856,NA,7680000,NA,NA,NA,NA,NA,NA,347275264,NA,503873536,36458496,292978688,8791040,NA,2617088,NA,NA,NA,NA,263766016,NA,3411968,NA,729600,6779648,NA,NA,NA,NA,2899456,1111556096,NA,NA,NA,7432192,NA,12996608,16519168,3006208,NA,513179648,4487680,NA,NA,NA,NA,14228480,1521152,6768896,NA,NA,NA,187645952,NA,NA,NA,49426432,NA,NA,NA,2874112,1342144,NA,NA,313760,NA,NA,NA,5322752,1762983936,NA,NA,NA,NA,NA,1604032,NA,NA,NA,NA,5543680,NA,633664,NA,NA,NA,480576,NA,NA,643520,NA,NA,314944,NA,NA,NA,NA,1036928,NA,1463418880,NA,39133184,1597568,35790848,NA,19105792,1077824,NA,NA,4174080
"40B",14480384,1456576,NA,NA,5828096,NA,NA,NA,658112,5511680,NA,50896896,796032,NA,NA,NA,46272512,12906496,18960384,1992128,NA,43069440,NA,NA,NA,NA,19277824,NA,NA,NA,NA,49836032,NA,33251328,NA,NA,3597056,1155328,NA,2196992,2498304,NA,NA,NA,23647232,NA,NA,6651904,35971072,NA,NA,NA,314752,56274944,NA,NA,107802624,NA,4518400,22606848,NA,NA,NA,NA,NA,291799040,NA,NA,NA,NA,1887552,32192512,NA,NA,815232,1227328,173801472,113590272,NA,NA,NA,2942464,NA,NA,NA,NA,NA,NA,4985088,NA,NA,9322496,NA,NA,6203648,NA,2674432,NA,3054592,11750400,NA,20004864,NA,21953536,22695936,2821888,NA,59297792,15677440,200884224,NA,NA,570816,NA,NA,13592576,NA,NA,NA,5573632,NA,NA,1712832,65703936,NA,2214144,NA,3213824,3049216,22601728,NA,NA,NA,1158016,NA,16850944,1517748224,879951872,NA,NA,NA,NA,3066880,813184,NA,855232,NA,NA,NA,NA,906752,NA,NA,1497792,NA,NA,NA,NA,NA,NA,NA,NA,815616,NA,3459840,NA,710868992,NA,37269504,NA,68005888,NA,4677120,3210496,NA,NA,6853376
"42B",NA,NA,NA,48705536,40230912,4319488,NA,NA,NA,10221568,23293952,NA,3082496,NA,NA,NA,26079232,23232512,16108544,NA,NA,7325184,NA,NA,5054208,3524608,NA,4416512,NA,4960000,NA,56287232,NA,21194752,NA,NA,11801600,NA,NA,NA,16677888,NA,NA,3349504,4288512,NA,5665024,6711296,46882816,561536,NA,NA,NA,53407744,NA,NA,134479872,2340352,15584256,62922752,NA,NA,NA,1825152,5876224,160366592,NA,NA,NA,NA,NA,972160,NA,2195200,6397440,19836928,200966144,22274048,NA,NA,NA,4621312,23110656,4811008,NA,NA,237371392,9840640,6857728,NA,1494720,2130944,NA,NA,26763264,NA,NA,9466880,123342848,112033792,NA,31296512,NA,33910784,10579968,12996608,5472768,350535680,52568064,987365376,NA,NA,2021504,8157952,NA,42303488,NA,NA,NA,NA,NA,26095616,137756672,54607872,NA,NA,736448,7221248,604864,451690496,NA,2440448,6426880,NA,NA,5995264,2371616768,1303707648,NA,32228352,20965376,NA,NA,3499008,NA,1222080,NA,NA,10864640,NA,NA,NA,NA,NA,NA,15861760,NA,NA,NA,NA,NA,NA,5485312,779648,3794432,NA,797704192,NA,214122496,NA,25082880,33063936,NA,NA,NA,NA,6217472
"50B",NA,NA,NA,NA,6023936,NA,NA,NA,NA,9361408,NA,22958080,1628288,1569664,NA,517600,45826048,53002240,26209280,5605888,NA,24287232,NA,NA,NA,7073280,4825088,NA,5468160,NA,4916736,NA,NA,55103488,NA,2574080,2945536,2576384,1086016,11977728,4002304,NA,NA,NA,5190656,NA,NA,4877824,38948864,2847488,NA,NA,NA,21754880,4112896,NA,95019008,NA,3866880,4562944,631104,1463360,NA,1281344,NA,649330688,NA,NA,521856,NA,NA,395886592,NA,NA,NA,NA,181157888,36524032,NA,NA,NA,2503424,9414656,4712960,NA,NA,NA,NA,9006080,NA,1609280,2862080,NA,NA,17849344,NA,3714560,1204096,1469952,26027008,2929664,NA,NA,38019072,7129088,2195200,NA,157024256,38813696,477675520,NA,5736704,NA,NA,NA,21873664,NA,NA,NA,11900928,1644544,NA,NA,77172736,NA,2584576,NA,2285568,801856,14839808,NA,NA,NA,NA,1129728,2618368,793313280,NA,NA,NA,NA,22051840,NA,NA,NA,760960,NA,NA,NA,NA,291568,841280,NA,NA,NA,NA,NA,NA,NA,NA,NA,NA,1726912,NA,1144320,NA,395673600,NA,11741184,NA,25298944,NA,4194048,NA,3047424,NA,4761856
"56B",NA,NA,NA,NA,6001152,NA,NA,NA,NA,12219392,NA,7609088,NA,NA,NA,NA,129052672,NA,64851968,9113600,NA,3449344,NA,NA,NA,6652928,7835136,NA,NA,NA,NA,2088896,NA,13077504,NA,NA,NA,3118592,NA,12051456,NA,27332608,NA,NA,NA,NA,NA,16635904,NA,NA,NA,NA,NA,7493376,3841792,1287616,NA,NA,1408384,1149760,NA,942272,NA,912384,NA,26132480,NA,NA,NA,6428160,1865600,52015104,NA,NA,NA,NA,NA,3815680,NA,NA,NA,2776576,NA,NA,NA,NA,NA,NA,8278272,NA,NA,846272,2308864,NA,1630016,1590720,1591232,NA,NA,3636480,NA,NA,NA,32881664,12687360,1562240,NA,21241856,8735744,NA,NA,1259200,NA,NA,NA,6227968,NA,NA,NA,3530496,NA,NA,NA,59154432,NA,438928,NA,1219520,NA,NA,NA,NA,NA,NA,NA,NA,1649920,NA,NA,NA,NA,NA,NA,NA,NA,NA,NA,NA,NA,NA,NA,NA,NA,NA,NA,NA,NA,NA,NA,NA,NA,NA,NA,NA,NA,NA,72716288,1415104,8788992,835072,16764928,NA,1612608,NA,NA,NA,17081344
"62B",183009280,9032704,NA,NA,NA,NA,NA,NA,NA,6103296,NA,33767424,NA,NA,NA,NA,56401920,NA,29953024,1503424,NA,17161216,NA,NA,NA,NA,12194816,NA,NA,NA,NA,5764352,NA,13594624,NA,NA,6029312,1187456,NA,2389504,NA,NA,412368,NA,4012800,NA,NA,2530816,4751360,NA,NA,NA,NA,14242816,NA,1202432,17760256,NA,3177216,NA,1258816,1397952,NA,1535040,NA,51486720,NA,NA,1360832,NA,NA,72654848,NA,NA,NA,NA,20275200,68538368,NA,NA,NA,2002240,2480896,NA,NA,NA,39657472,2649088,5448960,NA,NA,1757760,NA,NA,62201856,NA,NA,NA,NA,NA,NA,NA,NA,20455424,23507968,NA,NA,1035730944,623050752,NA,NA,NA,2852096,NA,NA,239337472,738944,NA,NA,22729728,NA,NA,NA,75792384,769472,4681984,NA,2742272,2017920,1665472,NA,NA,NA,NA,NA,7630080,1532362752,1103822848,NA,NA,NA,NA,1255872,NA,NA,NA,NA,NA,NA,NA,436608,NA,NA,434096,NA,NA,NA,NA,1062592,NA,NA,NA,8355072,8486912,2039552,NA,765591552,NA,60026880,NA,52617216,415360,NA,1578176,NA,NA,10015744
"64B",15926272,565248,NA,NA,NA,NA,NA,NA,NA,9528320,NA,25720832,NA,NA,NA,NA,91353088,NA,41492480,988864,NA,21083136,NA,NA,NA,6745600,14808064,NA,NA,NA,NA,297172992,NA,13679616,NA,NA,28953600,NA,690816,NA,NA,4572160,NA,NA,4789760,NA,NA,13303808,4814592,NA,NA,744192,NA,17058816,NA,1403328,12756992,NA,5537792,5840384,NA,3437568,NA,2124288,NA,74735616,2061888,NA,1752640,NA,NA,NA,NA,1901248,NA,NA,14746624,6849280,NA,NA,13861888,3194624,3836928,NA,NA,NA,17934336,NA,6934272,NA,NA,NA,NA,1972160,6017792,6289408,NA,NA,NA,4327424,NA,114806784,NA,9771008,9373696,4161792,NA,530350080,4928512,NA,NA,2529536,NA,NA,NA,NA,NA,545536,NA,6900480,NA,NA,NA,78880768,NA,2879744,NA,1817280,332640,NA,NA,NA,NA,NA,NA,NA,579076096,NA,NA,NA,NA,NA,1016448,NA,NA,NA,NA,NA,NA,515632,477760,NA,NA,NA,NA,NA,NA,NA,NA,NA,NA,NA,190464,NA,NA,NA,314146816,NA,8867840,NA,47386624,2499840,2758400,1511232,NA,NA,12359680
"66B",9240576,2556672,NA,NA,NA,NA,NA,NA,NA,5661184,NA,22962176,NA,NA,NA,NA,113737728,NA,60092416,4945664,NA,18225152,NA,NA,NA,NA,7378944,NA,NA,NA,NA,48943104,NA,12314624,NA,NA,6007552,NA,NA,9703424,NA,NA,NA,NA,8529920,NA,NA,8945664,5116160,NA,NA,NA,NA,23285760,NA,1228032,17869824,NA,3093248,NA,NA,3173120,NA,NA,NA,33007616,1942720,NA,NA,NA,1137536,NA,NA,779008,NA,NA,19731456,82788352,NA,NA,2616832,3411712,1694528,NA,NA,NA,23521280,999936,10788864,NA,NA,2161152,NA,5356288,7298816,NA,2310656,NA,NA,2614272,NA,13481984,NA,11432960,14859264,1855744,NA,21317632,4262400,NA,NA,NA,374976,NA,NA,NA,NA,NA,NA,5993728,798080,NA,NA,83431424,NA,2126848,NA,1290560,526016,NA,NA,NA,NA,NA,NA,2493952,1282408448,369213440,NA,NA,NA,NA,753920,NA,NA,NA,NA,NA,NA,NA,NA,NA,NA,NA,NA,NA,NA,1321920,NA,NA,NA,NA,NA,NA,565760,NA,383221760,NA,18768896,NA,16375808,2127104,2459136,NA,951680,NA,17518592
"72B",NA,NA,NA,NA,7468032,NA,NA,NA,529856,10909696,20116480,NA,1661760,841216,NA,NA,57991168,20054016,29685760,1594752,NA,13312000,NA,NA,NA,3489280,9755648,NA,2639616,NA,NA,9901056,NA,58617856,NA,NA,20197376,11145216,NA,NA,4973568,NA,NA,NA,6447872,NA,NA,5927680,15307776,2381824,NA,NA,625920,7348736,1935168,NA,38223872,NA,585024,NA,NA,NA,NA,519584,NA,369377280,NA,NA,677056,NA,NA,NA,585344,NA,NA,2573056,68034560,39411712,NA,NA,7787776,1945152,NA,NA,NA,NA,NA,6716160,10870784,NA,NA,1277632,NA,1896448,NA,1898176,1552448,440288,NA,899904,NA,5188864,NA,4495616,9304064,1409408,NA,5297152,591936,8635392,NA,NA,NA,NA,NA,NA,NA,NA,NA,18546688,1296576,NA,NA,86155264,NA,434080,NA,2043968,NA,NA,NA,NA,NA,NA,NA,896384,724107264,NA,NA,NA,NA,NA,NA,NA,NA,NA,NA,NA,NA,NA,NA,308416,NA,NA,NA,NA,NA,930176,NA,NA,NA,NA,784960,NA,NA,NA,277528576,NA,47554560,1858240,10452992,NA,3642112,1538048,2200576,NA,7996672
"80B",NA,NA,NA,NA,NA,NA,NA,NA,NA,5052160,NA,22267904,NA,NA,NA,NA,74555392,2811904,34320384,NA,NA,14535680,NA,NA,NA,NA,8750080,NA,NA,NA,NA,114556928,NA,11594752,NA,1165568,11129856,NA,NA,1875200,NA,NA,NA,NA,5334528,NA,NA,3862272,14011392,NA,NA,536384,NA,12404736,1315072,NA,45146112,NA,2242048,3498752,NA,4413184,NA,790720,NA,82927616,2374656,NA,NA,NA,708736,137625600,NA,NA,NA,NA,63836160,24335360,NA,NA,NA,2888960,6417408,NA,NA,NA,69488640,9493504,9594880,NA,1516672,2617600,NA,NA,15326208,NA,NA,NA,1209408,24189952,NA,38809600,NA,16097280,14355456,3646720,NA,76337152,35729408,NA,NA,NA,969024,NA,NA,17601536,467888,NA,NA,2066752,NA,NA,NA,92553216,NA,495632,NA,2165248,NA,1215808,NA,NA,NA,NA,NA,11811840,1407909888,NA,NA,NA,NA,NA,823808,NA,NA,NA,NA,NA,NA,NA,NA,NA,NA,NA,NA,NA,NA,NA,NA,NA,NA,NA,385440,NA,1665920,NA,193560576,NA,19661824,NA,NA,13814784,5279488,NA,NA,NA,10877952
"82B",11082752,6770944,NA,NA,NA,NA,NA,NA,NA,7468544,NA,11039744,NA,NA,NA,NA,28133376,NA,16359424,NA,NA,3227392,NA,NA,NA,NA,61063168,NA,NA,NA,NA,27662336,NA,11955200,NA,2813440,4332288,NA,NA,NA,NA,NA,NA,NA,1785728,NA,NA,12578816,NA,NA,483792,NA,NA,NA,NA,NA,NA,NA,1866880,1926528,NA,2669824,NA,821184,NA,25150464,3276032,NA,NA,NA,NA,28640256,NA,NA,NA,NA,8646656,12640256,NA,NA,NA,15882240,13198336,NA,NA,NA,13197312,1152832,3923456,NA,1974720,1135616,1453632,NA,11022336,NA,1451456,NA,NA,NA,NA,23074816,NA,12411904,29829120,24335360,NA,73191424,5201152,NA,NA,NA,NA,NA,NA,1408000,833728,NA,NA,9712640,NA,NA,NA,25428992,NA,1178624,NA,24587264,739904,NA,NA,NA,NA,NA,NA,1653184,911998976,NA,NA,NA,NA,NA,420752,NA,NA,NA,NA,NA,NA,694720,NA,NA,NA,NA,26124288,NA,NA,NA,NA,NA,NA,NA,NA,NA,1366080,NA,265748480,NA,24100864,NA,11887616,1733120,2832640,3398656,NA,NA,5500672
"84B",25961472,NA,NA,NA,NA,NA,NA,NA,269904,5475584,NA,8797184,NA,NA,NA,NA,38395904,14870528,18395136,3480832,NA,9313280,NA,NA,NA,NA,22016000,NA,NA,NA,NA,16955392,NA,30093312,NA,NA,28283904,NA,641024,6672384,NA,NA,NA,NA,2697472,NA,NA,5349376,15851520,NA,NA,1046720,NA,9890816,NA,NA,47124480,NA,3799808,NA,NA,3054592,NA,1500736,NA,289456128,NA,NA,796224,NA,1092864,103993344,NA,NA,NA,NA,67940352,47779840,NA,NA,NA,2752768,NA,1765120,NA,NA,154877952,43585536,5310464,NA,NA,1549888,NA,2673664,42139648,2931456,NA,NA,NA,1548992,NA,NA,NA,18371584,22483968,2082496,NA,1338966016,2601216,NA,NA,NA,NA,NA,NA,1449024,NA,NA,NA,5899264,723712,NA,NA,61878272,NA,485008,NA,2766080,665920,5065216,NA,NA,NA,1478080,NA,1957376,1205862400,NA,NA,NA,NA,NA,1166528,NA,NA,NA,NA,NA,NA,NA,NA,1406208,NA,NA,NA,NA,NA,NA,NA,NA,NA,NA,NA,NA,564032,NA,185974784,NA,9323520,NA,17044480,2328064,3736832,NA,NA,NA,5857280
"102B",10276864,1250624,NA,NA,NA,NA,NA,690048,NA,30967808,NA,33714176,NA,NA,NA,NA,151306240,NA,104173568,6103808,NA,5688064,NA,NA,NA,NA,111677440,NA,NA,NA,NA,40423424,NA,13529088,NA,NA,2477568,NA,NA,7517696,NA,2932992,NA,NA,5801984,NA,NA,4504064,6567680,NA,NA,NA,NA,7361280,NA,NA,25339904,NA,2082304,NA,1094976,NA,NA,956544,NA,15254528,NA,NA,639488,NA,NA,31844352,NA,980736,NA,NA,44048384,74788864,NA,NA,NA,2690816,1135168,NA,NA,NA,27415552,NA,16921600,NA,3783424,NA,5257728,2910208,NA,NA,2010048,NA,NA,3104000,NA,4711424,NA,70930432,37273600,2843136,NA,530104320,10094592,NA,NA,NA,1013312,NA,NA,6220800,1730432,NA,NA,NA,NA,NA,NA,110624768,465648,NA,NA,1793408,682752,NA,NA,NA,NA,NA,NA,2496768,2470969344,NA,NA,NA,NA,NA,1843008,NA,NA,NA,NA,NA,NA,569600,NA,NA,NA,NA,NA,NA,NA,NA,NA,NA,NA,NA,880704,NA,2871040,NA,95272960,NA,16963584,1406784,22867968,NA,2252544,NA,NA,NA,32080896
"106B",7645696,NA,NA,NA,NA,1082240,NA,NA,509392,7454208,NA,30502912,2182144,NA,NA,NA,46395392,4089344,20322304,2669056,NA,13063168,NA,NA,NA,3408896,4176128,NA,1900928,NA,NA,77619200,NA,20708352,NA,NA,2391808,NA,1529792,4117248,NA,NA,NA,NA,8914944,NA,NA,9525248,27996160,1477760,NA,NA,513312,42328064,1533952,NA,94756864,NA,5500672,12563456,NA,4616704,NA,2656512,NA,251920384,NA,NA,NA,NA,NA,5603840,NA,1465024,NA,NA,148586496,30898176,NA,NA,NA,3626496,NA,3176960,NA,NA,251559936,4946688,7360512,NA,NA,1316544,NA,1110400,1342336,NA,2349312,1674432,1311232,NA,NA,18677760,NA,13220864,15352832,5348608,NA,9026560,2030784,NA,NA,NA,NA,NA,NA,2333440,NA,NA,1670208,18711552,NA,NA,NA,57589760,NA,1430208,NA,3026432,3177728,16373760,NA,NA,NA,NA,811584,1520384,1470234624,643170304,NA,873344,NA,NA,2549504,1387712,NA,NA,NA,NA,NA,448080,NA,441712,NA,NA,NA,NA,NA,NA,NA,NA,NA,NA,276304,NA,NA,NA,911671296,NA,8915968,NA,45518848,1062592,4755200,1892864,NA,NA,6757120
"108B",846592,NA,NA,NA,NA,NA,NA,NA,NA,14092288,NA,63307776,NA,NA,NA,NA,171687936,NA,85934080,1032064,NA,19572736,NA,NA,NA,2288640,15809536,NA,NA,NA,NA,41164800,NA,12207104,504240,NA,1169920,1721856,NA,NA,NA,NA,590464,NA,7918336,NA,NA,2617088,3032320,NA,NA,531456,696192,7787776,995200,NA,17136640,NA,1567296,2965760,NA,NA,NA,1535360,NA,13309952,NA,NA,NA,NA,NA,42393600,NA,NA,NA,NA,22619136,79126528,NA,NA,NA,1358720,NA,NA,NA,NA,28513280,3886080,15590400,NA,NA,1406784,NA,NA,NA,5401600,NA,NA,NA,1136704,NA,9163776,NA,12435456,24132608,1103680,NA,67858432,3925504,NA,NA,NA,651584,NA,NA,3014144,NA,NA,NA,756032,NA,NA,NA,146685952,NA,NA,NA,967424,NA,NA,NA,NA,NA,NA,NA,2384128,2394423296,NA,NA,NA,NA,NA,1709248,NA,NA,NA,NA,NA,NA,NA,358544,NA,NA,NA,NA,NA,NA,NA,NA,NA,NA,NA,NA,NA,751808,NA,220839936,NA,8887296,NA,50925568,746240,NA,NA,NA,NA,26748928
"110B",2294272,NA,NA,NA,NA,NA,64598016,NA,NA,35852288,NA,31216640,NA,NA,NA,NA,88612864,NA,37163008,NA,NA,12734464,NA,784128,NA,NA,47521792,NA,NA,NA,NA,127549440,NA,NA,NA,NA,3104768,NA,NA,NA,NA,NA,NA,NA,4913664,NA,NA,7517952,NA,NA,NA,NA,NA,6661376,3059712,NA,5404160,NA,1051200,1759936,NA,NA,NA,480768,NA,6581248,12699648,NA,515696,NA,NA,NA,NA,NA,NA,NA,6036736,29703168,NA,NA,NA,1398208,NA,NA,NA,NA,4614144,NA,6192384,NA,NA,NA,NA,NA,NA,676032,NA,NA,NA,889088,NA,55009280,NA,3994112,7548416,1371072,NA,13789184,2238464,NA,NA,992960,NA,NA,NA,2126592,NA,NA,NA,NA,NA,NA,NA,61325312,NA,NA,NA,597952,515008,NA,NA,NA,NA,NA,NA,NA,1057947648,NA,NA,NA,NA,NA,1130112,NA,NA,NA,NA,NA,NA,NA,NA,NA,NA,NA,NA,NA,NA,NA,NA,NA,NA,NA,NA,NA,NA,NA,80019456,NA,8122624,NA,17430528,13916160,NA,NA,NA,NA,10896384
"112B",NA,NA,15370240,NA,49799168,NA,NA,NA,713216,3827200,22009856,NA,NA,1004160,NA,NA,8707072,20210688,10745856,3032064,NA,10116096,11510784,NA,6477312,3485184,NA,8506368,4148224,NA,NA,28922880,NA,65150976,NA,NA,NA,NA,771904,4089344,10185728,NA,NA,3260160,3339264,NA,9513984,3932672,29150208,1618432,NA,1332288,NA,6164736,6446848,NA,81567744,860032,11001856,3047680,NA,NA,NA,4002816,NA,670236672,NA,NA,NA,NA,2725632,4460544,NA,NA,14842880,2616320,124338176,8167424,NA,3251200,NA,2257152,NA,NA,NA,NA,NA,4062720,2156032,NA,NA,821952,NA,715328,2816512,2816512,1907648,23538688,NA,3846912,NA,29799424,NA,11471872,5710336,2214656,NA,32791552,35946496,47308800,1550592,NA,NA,NA,NA,1800000,NA,NA,NA,43749376,1680512,NA,NA,33636352,NA,454816,2110720,2374912,NA,NA,NA,NA,NA,NA,NA,765056,1133903872,NA,NA,NA,8949760,NA,1133888,NA,NA,NA,NA,NA,82214912,NA,NA,1070592,NA,NA,NA,NA,NA,NA,NA,NA,NA,NA,NA,NA,2036928,NA,751894528,NA,63074304,1807936,16246784,NA,NA,NA,1838656,NA,1131392
"114B",18152448,NA,NA,NA,6433792,NA,NA,NA,NA,5997056,NA,9240576,NA,NA,NA,NA,117235712,6840832,58630144,4049664,NA,4499456,NA,NA,NA,NA,18542592,NA,NA,NA,NA,11383808,NA,22755328,NA,NA,5555968,NA,NA,6705152,NA,2916352,NA,NA,2183680,NA,NA,18537472,6064128,NA,NA,NA,NA,4710912,1019392,1201600,9888768,NA,684224,NA,NA,1107648,NA,NA,NA,144441344,NA,NA,NA,NA,NA,NA,499296,1521216,NA,NA,13853696,20982784,NA,NA,NA,2225664,2103808,NA,NA,NA,39129088,5338624,10428416,NA,NA,NA,NA,NA,9609216,38019072,NA,NA,NA,18111488,NA,NA,NA,33714176,22281216,1769536,NA,71970816,26915840,NA,NA,1182400,NA,NA,NA,568448,NA,NA,NA,157057024,NA,NA,NA,92925952,NA,3399424,NA,1014400,533312,NA,NA,NA,NA,NA,NA,1319936,695205888,NA,NA,NA,NA,NA,476416,NA,NA,NA,NA,NA,NA,NA,NA,2287616,NA,NA,NA,NA,NA,NA,NA,NA,NA,NA,NA,NA,NA,NA,366395392,NA,15332352,NA,18847744,940928,11265024,NA,NA,NA,15995904
"116B",NA,NA,NA,NA,NA,NA,NA,NA,477792,4623360,NA,61394944,NA,NA,NA,NA,66809856,7155200,30868480,NA,NA,22239232,NA,NA,NA,3638784,NA,NA,NA,NA,NA,6101760,NA,22126592,NA,1691904,11730944,NA,NA,1164032,NA,1404672,NA,NA,16004096,NA,NA,6167296,31828992,NA,565952,NA,NA,43896832,1399744,NA,111198208,NA,2909184,10762240,NA,3323136,NA,1952000,NA,253493248,NA,NA,NA,2380288,NA,17918976,NA,NA,NA,NA,184320000,31393792,NA,NA,NA,4021504,NA,NA,NA,NA,249675776,NA,14395392,NA,1181504,2635264,NA,NA,NA,10145792,3277056,NA,NA,12685312,NA,NA,NA,41160704,15533056,2262784,NA,60731392,9743360,NA,NA,NA,NA,NA,NA,3337216,1346496,NA,NA,2014848,NA,NA,NA,113709056,NA,507360,NA,2099456,NA,13023232,NA,NA,NA,NA,NA,5139712,2536767488,NA,NA,NA,NA,NA,1649024,NA,357504,NA,NA,NA,NA,NA,NA,NA,NA,NA,2261248,NA,NA,NA,NA,NA,NA,NA,1263744,NA,5966592,NA,131211264,NA,9203712,NA,191856640,831296,NA,1165632,NA,NA,15308800
"118B",41336832,NA,NA,NA,NA,NA,NA,NA,NA,36397056,NA,24184832,1934016,NA,NA,NA,168181760,NA,96014336,NA,NA,8602624,NA,NA,NA,NA,61280256,NA,NA,NA,NA,7877888,1520768,NA,NA,1162560,2873344,4283136,NA,NA,NA,3570944,672128,NA,2522112,NA,NA,6281984,NA,NA,NA,NA,NA,13187072,NA,NA,3753728,NA,3857664,NA,NA,1467520,NA,1412800,NA,10767360,8731648,NA,NA,NA,NA,44134400,NA,NA,NA,NA,4530432,35966976,NA,NA,1557504,3395584,1189312,NA,NA,NA,6286592,NA,11862016,NA,NA,NA,NA,3363840,24006656,NA,1147136,NA,NA,8148224,NA,NA,NA,5176576,29802496,1087488,NA,113664000,19663872,NA,NA,897280,NA,NA,NA,4628736,NA,NA,NA,1851648,NA,NA,NA,92663808,NA,2002560,NA,1356416,NA,NA,NA,NA,NA,NA,NA,NA,783745024,211042304,NA,NA,NA,NA,NA,NA,NA,NA,NA,NA,NA,NA,NA,NA,NA,NA,14269440,NA,NA,654144,NA,NA,NA,NA,NA,NA,NA,NA,97452032,NA,9125888,NA,25607168,15404032,6313984,NA,NA,NA,27069440
"122B",NA,NA,NA,NA,5739520,NA,NA,390096,NA,8404992,NA,33570816,3548160,NA,NA,NA,50978816,NA,19336192,1433920,NA,2888704,NA,NA,NA,3045632,7499264,NA,NA,NA,NA,7782912,NA,16075776,NA,5361152,2386176,4800000,NA,3388160,NA,NA,NA,615872,1756352,NA,NA,4909312,6537216,NA,NA,NA,NA,3873024,1122240,1378816,27485184,NA,1470080,NA,NA,2461184,NA,NA,NA,64606208,NA,NA,NA,NA,NA,206749696,NA,NA,879296,NA,34607104,23115776,NA,NA,NA,1750848,4738816,NA,NA,NA,37285888,22482944,NA,NA,1063680,NA,NA,NA,25866240,NA,NA,NA,NA,56217600,NA,NA,NA,22071296,13131776,1002816,NA,204783616,40706048,NA,NA,1091584,NA,NA,NA,12382208,NA,NA,NA,8302592,NA,NA,NA,44576768,NA,1370880,NA,775744,NA,NA,NA,NA,NA,NA,NA,547072,456753152,NA,NA,NA,NA,NA,NA,NA,NA,861568,NA,NA,NA,NA,374576,1410112,NA,NA,NA,NA,NA,NA,NA,NA,NA,NA,NA,NA,NA,NA,332775424,339664,8605696,NA,29700096,21919744,NA,1029312,NA,NA,6738432
"126B",88006656,865536,NA,NA,NA,NA,NA,NA,NA,17570816,NA,11593728,NA,NA,NA,NA,72024064,7338496,35274752,7399424,NA,12436480,NA,NA,NA,NA,73134080,NA,NA,NA,NA,4086016,NA,24559616,NA,3085056,2811392,2133248,NA,9358336,NA,3055616,NA,NA,3208704,NA,NA,7551744,11317248,NA,1152256,764288,NA,14980096,1846080,1806592,31034368,NA,3979520,5852416,NA,3605248,NA,922880,NA,223232000,NA,NA,NA,NA,NA,1474176,NA,NA,NA,NA,42934272,33910784,NA,NA,NA,3988480,7736832,2133248,NA,NA,152944640,NA,8328448,NA,NA,4358144,NA,NA,41447424,NA,3031296,NA,NA,88006656,NA,NA,NA,18356224,16634880,4780544,NA,677707776,79564800,NA,NA,26711040,NA,NA,NA,17548288,NA,NA,NA,111489024,NA,NA,NA,93949952,NA,3468032,NA,2880000,NA,10177536,NA,NA,NA,NA,NA,3819008,564592640,NA,NA,NA,NA,NA,1059008,NA,890112,1015104,NA,NA,NA,NA,223280,1023872,NA,NA,NA,NA,NA,NA,NA,NA,NA,NA,619776,NA,768576,NA,288063488,NA,9749504,NA,10860544,NA,2145536,NA,NA,NA,11229184
"128B",NA,NA,28248064,NA,215646208,2313984,NA,NA,376976,9355264,75198464,NA,NA,2096640,NA,NA,9302016,71155712,NA,6246912,NA,17122304,NA,NA,59396096,NA,NA,107487232,8780800,5268736,7997184,NA,NA,201228288,NA,NA,2796288,9304064,NA,8796160,118697984,NA,NA,131186688,NA,NA,85278720,NA,89239552,2109440,4e+05,NA,NA,NA,14143488,NA,155107328,4647424,1862720,2987776,NA,NA,NA,NA,4043008,919732224,NA,4078592,NA,NA,5556736,NA,NA,NA,226689024,NA,287686656,NA,105349120,5910016,NA,2071168,3662592,NA,NA,4545792,120315904,5444864,1648448,NA,NA,NA,NA,NA,5583872,NA,4044544,121159680,NA,17241088,NA,NA,NA,31791104,3926528,1173440,NA,41865216,13607936,NA,978816,NA,NA,911616,NA,1302400,NA,NA,NA,18637824,NA,NA,NA,15969280,NA,595904,NA,892608,NA,NA,NA,NA,NA,NA,896448,NA,124715008,NA,NA,NA,NA,860032,NA,NA,NA,NA,NA,NA,NA,NA,NA,NA,NA,NA,NA,NA,NA,NA,NA,NA,NA,NA,NA,NA,NA,NA,144048128,NA,130621440,4076288,4922112,NA,4013568,NA,2976768,NA,925632
"132B",65089536,832576,NA,NA,NA,NA,NA,NA,NA,7088128,NA,30429184,9980928,NA,NA,NA,43962368,NA,21283840,739584,NA,16002048,NA,NA,NA,1584704,4549888,NA,679424,NA,NA,6213376,NA,13664256,NA,1821888,3213056,5092096,NA,NA,NA,2335744,NA,NA,5633792,NA,NA,3034880,NA,NA,NA,NA,609216,21213184,2990592,931328,NA,NA,8230912,20279296,NA,NA,NA,1280896,NA,45056000,NA,NA,1035776,NA,2026880,NA,NA,NA,NA,NA,5232384,34922496,NA,NA,NA,1788672,NA,NA,NA,NA,36720640,NA,4592128,NA,NA,NA,6471680,5885952,105877504,NA,NA,NA,NA,NA,NA,NA,NA,7214848,16650240,NA,NA,1717056,228245504,NA,NA,1478656,NA,NA,NA,8627200,NA,NA,NA,10455040,777088,NA,NA,43954176,NA,1278208,NA,1264704,1084032,3122944,NA,NA,NA,NA,781184,NA,987430912,NA,NA,NA,NA,NA,1756416,NA,NA,NA,NA,NA,NA,NA,438048,2016448,NA,NA,NA,NA,NA,NA,NA,NA,NA,NA,5976320,NA,NA,NA,392888320,NA,9382912,NA,27510784,3824384,6862592,769088,NA,NA,5732864
"134B",NA,NA,NA,NA,NA,NA,NA,NA,NA,15246336,NA,17326080,3252480,NA,NA,NA,158466048,NA,89186304,3237120,NA,2443008,NA,NA,NA,4494336,32187392,NA,NA,NA,NA,3871232,NA,12711936,NA,NA,9581568,7631872,NA,3756288,NA,3759104,NA,NA,1460096,NA,NA,3743488,2116864,NA,NA,NA,530688,3584768,2497536,NA,6387968,NA,2299904,749632,NA,NA,NA,559296,NA,15742976,1916736,NA,NA,NA,NA,17008640,NA,NA,NA,NA,5489920,62197760,NA,NA,NA,2731520,NA,NA,NA,NA,4519680,3704320,9841664,NA,NA,645504,NA,2059904,16836608,3345664,NA,NA,NA,5857536,NA,NA,NA,8236800,15719424,8920064,NA,17395712,8244736,NA,NA,NA,NA,NA,NA,3890944,NA,NA,NA,13833216,NA,NA,NA,52080640,NA,932992,NA,1317952,NA,NA,NA,NA,NA,NA,NA,892224,553451520,NA,NA,NA,NA,NA,734016,NA,NA,NA,NA,NA,NA,NA,322352,NA,NA,NA,NA,NA,NA,NA,NA,NA,NA,NA,484048,NA,NA,NA,93605888,NA,9560064,NA,8283392,1131072,NA,NA,NA,NA,20871168
"136B",NA,NA,NA,NA,NA,NA,NA,NA,NA,5893120,NA,11445248,NA,NA,NA,NA,50335744,7077888,22224896,NA,NA,6606848,NA,1139776,NA,NA,9844736,NA,NA,NA,NA,122740736,NA,21258240,NA,1651456,483440,2699520,679936,NA,NA,2277632,NA,NA,2484480,NA,NA,4892160,8785920,NA,NA,NA,NA,10668032,NA,974720,26990592,NA,1465472,NA,NA,5092864,NA,893824,NA,181665792,NA,NA,NA,NA,NA,1889536,NA,NA,NA,NA,40960000,6554368,NA,NA,NA,2007168,NA,NA,NA,NA,126504960,24229888,6359040,NA,NA,NA,NA,NA,79302656,NA,NA,NA,NA,102137856,NA,68136960,NA,6457600,8628224,1604992,NA,246775808,114462720,96567296,NA,2654976,NA,NA,NA,118624256,NA,NA,NA,12616704,666368,NA,NA,62271488,NA,956992,NA,1583872,619520,3105792,NA,NA,NA,NA,NA,610048,879493120,NA,NA,NA,NA,NA,1471296,NA,NA,2047104,NA,NA,NA,NA,NA,NA,NA,NA,NA,NA,NA,NA,NA,NA,NA,NA,8636416,NA,993728,NA,599785472,NA,7920896,NA,15945728,4061440,2954240,NA,NA,NA,6756864
"138B",9022464,696384,NA,NA,5837824,NA,NA,NA,NA,13126656,NA,21139456,NA,NA,NA,NA,105840640,NA,48680960,1738112,NA,12444672,NA,NA,NA,NA,36724736,NA,NA,NA,NA,35434496,NA,12429312,NA,NA,8150016,2307072,NA,2749184,NA,4120064,NA,NA,3110656,NA,NA,12520448,3930624,NA,NA,NA,NA,8406016,NA,NA,10099712,NA,878976,1635840,NA,NA,NA,NA,NA,58302464,NA,NA,NA,NA,NA,NA,NA,1526528,203344,NA,11921408,8116224,NA,NA,NA,1523456,NA,NA,NA,NA,12137472,NA,8017408,NA,NA,NA,NA,2389248,17266688,NA,NA,NA,NA,4262400,NA,NA,NA,12036096,13300736,905536,NA,15893504,61353984,5667584,NA,988032,NA,NA,NA,16438272,NA,NA,NA,2636288,NA,NA,NA,87494656,NA,482800,NA,433664,NA,NA,NA,NA,NA,NA,NA,562944,428048384,NA,NA,NA,NA,NA,NA,NA,NA,NA,NA,NA,NA,NA,NA,NA,NA,NA,3670016,NA,NA,NA,NA,NA,NA,NA,NA,NA,NA,NA,132136960,NA,31895552,NA,23614464,13917184,NA,NA,NA,NA,14017536
"146B",NA,NA,NA,NA,5566464,975552,NA,NA,NA,6824448,NA,27098112,NA,NA,NA,NA,174505984,NA,106942464,1498688,NA,3886848,NA,NA,NA,NA,17209344,NA,NA,NA,NA,10593280,2303232,NA,NA,2089024,8960000,NA,NA,NA,NA,2685952,NA,NA,2468352,NA,NA,3661312,NA,NA,318096,361920,NA,4367872,1437312,NA,5728512,NA,1526080,973312,2646528,3081216,NA,941632,NA,8954880,4046336,NA,NA,NA,NA,17934336,NA,3556352,NA,NA,6929920,5322752,NA,NA,NA,1434496,8097792,NA,NA,NA,5153024,NA,11944960,NA,5767680,922688,NA,167641088,33857536,NA,NA,NA,NA,82993152,NA,NA,NA,9039872,18825216,1147456,NA,285474816,35217408,NA,NA,3270400,NA,NA,NA,23621632,NA,NA,NA,10644480,NA,NA,NA,111677440,NA,3683840,NA,794176,NA,NA,NA,NA,NA,1302784,NA,634688,1284833280,NA,NA,NA,NA,NA,NA,NA,NA,NA,NA,NA,NA,NA,NA,NA,NA,NA,NA,NA,NA,NA,NA,NA,NA,NA,3057152,1710912,607552,NA,333955072,NA,8630272,NA,25578496,906880,2236160,NA,NA,NA,32944128
"152B",55590912,6622976,NA,NA,NA,1395072,NA,NA,NA,5864448,NA,30892032,2291200,NA,NA,NA,25413632,12268544,10796032,NA,NA,32304128,NA,NA,NA,NA,4593920,NA,NA,NA,NA,75280384,NA,23045120,NA,1275072,10103808,NA,NA,NA,NA,NA,719360,NA,18504704,NA,NA,2781952,21586944,664000,NA,1299200,NA,95014912,NA,NA,73658368,NA,45506560,57974784,1615232,2779648,NA,5281280,NA,216875008,NA,NA,1415104,NA,1800320,16226304,NA,NA,NA,235808,93458432,56967168,NA,NA,NA,2151936,NA,3589888,NA,NA,NA,NA,3745536,NA,2006720,18172928,NA,4790272,21172224,NA,NA,583808,1455616,94490624,NA,38981632,NA,10984448,NA,NA,NA,1431240704,52670464,591527936,NA,NA,NA,NA,NA,11009024,1300992,NA,NA,13249536,NA,NA,1142656,46923776,NA,1445120,1717504,3665152,1404416,161382400,NA,NA,504048,NA,NA,30420992,1402994688,NA,1384768,NA,962176,NA,3306240,NA,NA,NA,NA,1742208,45461504,NA,NA,1182912,NA,1412800,1453184,NA,NA,447136,NA,NA,5552384,NA,5363456,336800,3321600,NA,514637824,682240,7962880,NA,34324480,NA,2451712,NA,NA,NA,3719168
"166B",102227968,NA,NA,NA,5488896,456544,NA,NA,NA,5165056,NA,15456256,662528,NA,NA,NA,56696832,8051968,28654592,1199104,NA,7329536,NA,NA,NA,6465280,4870656,NA,NA,NA,NA,42713088,NA,22660096,NA,8217344,5595136,NA,NA,NA,1350080,NA,NA,NA,2249728,NA,NA,25516032,28081152,NA,NA,NA,708352,NA,1091840,NA,90009600,NA,3320320,2795776,905088,10574848,NA,1319424,NA,199491584,NA,NA,2188032,886080,NA,14557184,NA,NA,NA,NA,149864448,9469952,NA,NA,NA,5108992,5931264,NA,NA,NA,188727296,NA,13719552,NA,3132672,1568000,NA,NA,NA,13603840,NA,NA,NA,4793856,1761664,NA,NA,36458496,11336704,10927104,NA,32774144,8815616,NA,NA,9705472,1650304,NA,NA,NA,1130688,NA,NA,NA,NA,NA,NA,80433152,NA,892480,NA,5270016,370224,6108672,NA,NA,NA,NA,NA,3549184,1474232320,620036096,NA,NA,NA,NA,NA,NA,NA,NA,NA,NA,NA,640448,NA,NA,NA,NA,632384,NA,NA,NA,NA,NA,NA,NA,NA,NA,1425408,NA,128077824,NA,8412160,NA,16806912,784128,2112768,NA,NA,NA,9867264
"11C",21039104,NA,NA,NA,5801216,2335488,NA,NA,492944,10390528,NA,28253184,2251008,NA,NA,NA,54116352,13644800,26152960,1990784,NA,6851072,NA,183104,NA,NA,16508928,NA,NA,NA,NA,104374272,NA,28814336,NA,NA,8385024,NA,NA,3417856,1259264,3594240,NA,NA,7298304,NA,NA,4763648,27618304,NA,NA,NA,343072,9607168,NA,NA,91013120,1295488,1701184,1834176,NA,923840,NA,1044224,NA,251232256,3194368,474880,713664,NA,1982336,53997568,NA,NA,1328064,NA,125759488,46915584,NA,NA,NA,2342400,2479104,NA,NA,NA,202948608,NA,8272128,NA,NA,4912640,NA,NA,NA,14357504,1830272,2093824,NA,20672512,NA,20602880,NA,26586112,14339072,3409408,NA,100859904,15851520,NA,NA,5050624,NA,NA,NA,9182208,NA,NA,NA,9866240,NA,NA,NA,84074496,NA,5175808,NA,1309760,1519488,NA,NA,NA,NA,NA,NA,7873792,2215116800,1053163520,NA,NA,NA,NA,2258944,NA,NA,NA,NA,NA,NA,NA,NA,NA,NA,NA,3543040,NA,NA,1201024,NA,NA,NA,NA,711040,NA,3709440,NA,930676736,NA,8823808,615872,35155968,2485504,2991616,981760,NA,NA,7645696
"19C",21867520,NA,NA,NA,10159104,958464,NA,NA,592128,9469952,NA,19128320,NA,NA,NA,NA,28517376,15264768,12704768,4730368,NA,4539648,NA,NA,NA,NA,13703168,5809664,NA,NA,NA,6771456,NA,46309376,NA,2900736,32154624,NA,NA,5093888,2264832,NA,NA,3286528,NA,NA,8525824,10334208,36950016,NA,NA,NA,NA,4724480,2567680,NA,97546240,NA,753984,NA,NA,5037056,NA,NA,NA,418037760,NA,NA,1056000,NA,NA,NA,NA,NA,7572224,NA,145178624,5945856,NA,4100352,1707200,2269952,NA,NA,NA,NA,203702272,10333184,4719872,NA,NA,1117952,NA,17047552,10643456,NA,1514432,10339328,NA,932224,NA,NA,NA,8787968,5617664,1650688,NA,437714944,26863616,NA,767104,NA,400144,NA,NA,52101120,NA,NA,NA,28706816,NA,NA,NA,36360192,NA,1450496,NA,1171648,NA,NA,NA,NA,NA,NA,NA,1234176,972029952,NA,NA,NA,NA,NA,NA,NA,NA,NA,NA,NA,NA,NA,NA,525312,NA,NA,NA,NA,NA,NA,NA,NA,NA,NA,NA,3000832,677248,NA,199294976,NA,7762432,650880,25490432,NA,1905280,NA,NA,NA,4290560
"22C",1606912,NA,NA,NA,5720064,5549824,NA,NA,NA,10417152,NA,43458560,NA,NA,NA,NA,13775872,16602112,12257280,10196992,NA,18338816,NA,NA,NA,5260800,14414848,NA,1503552,NA,NA,46260224,NA,32159744,NA,NA,7611136,5743872,NA,20985856,NA,4156160,NA,NA,9347072,NA,NA,10157056,11684864,NA,NA,2739968,NA,16353280,18984960,2393344,24030208,NA,8898560,7354112,NA,NA,NA,4329728,NA,416727040,NA,NA,1154432,NA,NA,419808,NA,NA,NA,NA,55586816,108654592,NA,NA,NA,3788032,NA,NA,NA,NA,148717568,2163200,2477568,NA,NA,683392,NA,NA,673920,NA,6715648,NA,NA,NA,NA,34705408,NA,32496640,20435968,1869440,NA,4476672,941824,NA,NA,NA,NA,NA,NA,NA,NA,NA,NA,107905024,2188032,NA,NA,18134016,NA,NA,NA,1892608,NA,NA,NA,NA,NA,NA,NA,551680,631635968,NA,NA,NA,NA,NA,2122752,NA,NA,NA,NA,NA,NA,NA,NA,NA,NA,NA,NA,NA,NA,NA,NA,NA,NA,NA,NA,NA,547648,NA,399736832,NA,8994816,NA,102940672,NA,2716672,NA,NA,NA,2118144
"23C",NA,NA,NA,NA,5846272,NA,NA,NA,NA,6507008,NA,14049280,NA,NA,NA,NA,120832000,10650624,64827392,1694976,NA,10504192,NA,NA,NA,NA,30491648,NA,NA,NA,NA,42233856,NA,22003712,NA,2368512,1509952,NA,NA,NA,NA,3303680,NA,NA,5611520,NA,NA,8307456,10878976,NA,NA,NA,NA,7529984,1516992,NA,40857600,NA,NA,1574528,NA,6130688,NA,NA,NA,235503616,NA,NA,NA,NA,1105280,29477888,NA,NA,NA,NA,66494464,87113728,NA,NA,NA,1731520,NA,NA,NA,NA,84541440,3976448,12940288,NA,NA,1440064,NA,922368,NA,1388800,1308736,NA,NA,4573696,770496,3694336,NA,7500032,24546304,906560,NA,3114752,NA,NA,NA,732672,NA,NA,NA,364816,NA,NA,NA,34463744,NA,NA,NA,108875776,NA,NA,NA,NA,NA,NA,NA,NA,NA,NA,NA,609152,1538785280,NA,NA,NA,NA,NA,975808,NA,NA,NA,NA,NA,NA,NA,NA,NA,NA,NA,NA,NA,NA,NA,NA,NA,NA,NA,NA,NA,NA,NA,709820416,NA,10484736,NA,35364864,470432,4096256,NA,NA,NA,18859008
"29C",24137728,1526400,NA,NA,NA,NA,NA,NA,NA,5033216,NA,9127936,NA,NA,NA,NA,91516928,6349568,44122112,2187008,NA,3196928,NA,NA,NA,NA,18797568,NA,NA,NA,NA,73420800,NA,18200576,NA,NA,2220032,NA,NA,2275584,1456256,NA,NA,NA,NA,NA,NA,8757248,8809472,NA,1018688,NA,NA,6796544,1450944,899968,34250752,NA,927488,2278912,NA,1421504,NA,529472,NA,90869760,NA,NA,341104,NA,NA,23564288,NA,NA,NA,NA,47869952,68657152,NA,NA,9893888,NA,NA,NA,NA,NA,58290176,5707776,10253312,NA,NA,2563072,NA,NA,14457856,NA,NA,NA,NA,10938368,NA,NA,NA,26937344,29309952,2159360,NA,543817728,50044928,NA,NA,1119296,1014208,NA,NA,98205696,NA,NA,NA,17411072,NA,NA,NA,119332864,278352,1431552,NA,1800640,NA,NA,NA,NA,NA,NA,NA,4579840,1667432448,NA,NA,NA,NA,NA,2230272,NA,NA,485504,NA,NA,NA,NA,922048,944768,NA,NA,NA,NA,NA,NA,NA,NA,NA,NA,NA,NA,1349760,NA,634322944,NA,9755648,665344,12320768,3069952,NA,NA,NA,NA,13563904
"31C",NA,NA,NA,NA,8950784,NA,NA,NA,NA,66588672,NA,22347776,1587328,NA,246480,NA,25435136,NA,11928576,620288,NA,2841344,NA,NA,NA,NA,113455104,NA,NA,NA,NA,101728256,NA,13727744,798400,NA,6595584,NA,NA,NA,NA,9564160,NA,NA,3702016,NA,NA,11703296,NA,NA,1086080,NA,NA,10869760,2371072,1026560,6199808,NA,1467392,2784000,NA,NA,NA,754176,NA,25063424,10950656,NA,519376,NA,NA,NA,NA,863744,NA,NA,5601280,8438784,NA,NA,NA,4082432,NA,NA,NA,NA,10291200,46292992,2944256,NA,NA,NA,NA,8084224,4301312,830144,2689792,NA,NA,2045632,NA,27096064,NA,8986624,26779648,2243072,NA,8748032,2891520,NA,NA,NA,NA,NA,NA,NA,NA,NA,NA,317325312,NA,NA,NA,17216512,NA,NA,NA,2304768,1072256,NA,NA,NA,NA,NA,NA,1064576,1455816704,NA,NA,NA,NA,NA,NA,NA,NA,NA,NA,NA,NA,NA,NA,NA,NA,NA,NA,NA,NA,NA,NA,NA,NA,NA,NA,NA,NA,NA,476250112,NA,14415872,NA,14289920,NA,1873152,1512000,NA,NA,3634176
"35C",24692736,904192,NA,NA,5210880,NA,NA,NA,NA,10185728,NA,12904448,3796992,NA,NA,NA,31741952,11011072,14090240,2097152,NA,6844672,NA,NA,NA,2737408,8184064,NA,2552320,NA,NA,11515904,NA,22360064,NA,3802624,NA,NA,487472,2787584,1625856,NA,NA,NA,2536704,NA,NA,4497920,4777728,2150144,NA,583296,NA,8272128,2176512,1009664,14238720,NA,3906048,1439232,NA,2025408,NA,1749760,NA,149815296,NA,NA,NA,761664,1908864,NA,NA,1289536,NA,751040,18721792,71135232,NA,NA,1807936,2158848,1160448,NA,NA,NA,56803328,NA,4086528,NA,NA,2118656,NA,NA,52944896,NA,NA,439152,NA,4290304,NA,4918016,NA,16500736,8092672,2465536,NA,14610432,334823424,NA,NA,2255616,NA,NA,NA,595329024,678464,NA,1200000,38522880,689024,NA,NA,47886336,NA,1092032,NA,1750016,764416,NA,NA,NA,NA,NA,NA,1624768,778895360,NA,NA,NA,NA,826368,NA,NA,NA,NA,NA,NA,NA,392352,NA,1510528,NA,NA,939584,NA,NA,NA,NA,NA,NA,NA,NA,NA,1412288,NA,438173696,1717632,18290688,NA,10932224,NA,3530240,NA,NA,NA,4094208
"39C",12628992,639232,NA,NA,NA,NA,NA,NA,NA,8047360,NA,60719104,NA,NA,NA,NA,49991680,16387072,20187136,2264320,NA,31665152,NA,NA,NA,NA,22323200,NA,NA,NA,NA,106795008,NA,30608384,NA,NA,1395776,NA,NA,2161664,NA,NA,NA,NA,12903424,NA,NA,9809920,23386112,NA,NA,NA,NA,27746304,NA,NA,61345792,NA,1201024,5198080,NA,NA,NA,NA,NA,172687360,NA,NA,NA,NA,NA,11298816,NA,NA,NA,NA,77664256,6099200,NA,NA,NA,4496640,2034240,NA,NA,NA,152387584,NA,5943040,NA,NA,NA,NA,1297856,25034752,NA,NA,NA,NA,11707392,NA,86618112,NA,14096384,16684032,2845696,NA,48005120,27208704,NA,NA,NA,NA,NA,NA,NA,NA,NA,NA,3506688,NA,NA,NA,73875456,NA,864576,NA,2419456,NA,2897664,NA,NA,NA,NA,NA,2146816,2357460992,689635328,NA,NA,NA,NA,2240512,NA,NA,NA,NA,NA,NA,NA,NA,NA,NA,NA,NA,NA,NA,NA,NA,NA,NA,NA,577408,NA,669696,NA,251953152,NA,10551296,948672,68812800,7013632,NA,2375168,NA,NA,6391296
"41C",NA,NA,NA,NA,NA,NA,NA,NA,NA,8445952,NA,54317056,NA,NA,NA,NA,56651776,14385152,22385664,5937408,NA,25131008,NA,NA,NA,NA,13998080,NA,NA,NA,NA,19173376,NA,21623808,NA,1736640,1204544,NA,NA,7421696,NA,3054080,NA,NA,7355648,NA,NA,8324864,11337728,NA,NA,NA,428480,23993344,1279744,1560000,26214400,NA,3051008,NA,NA,1613440,NA,703296,NA,174309376,NA,NA,NA,NA,NA,19191808,NA,4716800,NA,NA,38756352,51863552,NA,NA,NA,3332096,NA,NA,1709056,NA,167346176,3267072,6884608,NA,NA,2024448,NA,810432,1000256,NA,1500352,NA,NA,423984,NA,6679296,NA,25696256,19613696,2209024,NA,6063616,1095168,NA,NA,NA,NA,NA,NA,NA,NA,NA,NA,30540800,NA,NA,NA,51732480,NA,1164096,NA,2222592,1484480,2552576,NA,NA,NA,5586944,NA,1400320,1631059968,700121088,NA,NA,NA,NA,NA,NA,NA,NA,NA,NA,NA,NA,NA,NA,NA,NA,NA,NA,NA,NA,NA,NA,NA,NA,239744,NA,731328,NA,1183318016,NA,8954880,NA,40218624,2247424,2667008,NA,NA,NA,7647744
"49C",28737536,NA,NA,NA,NA,NA,NA,NA,NA,2155520,NA,31396864,595968,NA,NA,NA,66277376,NA,31040512,905984,NA,6756864,NA,NA,NA,NA,3072256,NA,NA,NA,NA,85188608,NA,8974336,NA,NA,35753984,NA,NA,1877696,NA,NA,NA,NA,3914496,NA,NA,3194368,4031232,NA,NA,NA,NA,4993536,857984,530944,13483008,NA,674304,2630400,NA,NA,NA,NA,NA,13688832,NA,NA,NA,NA,NA,NA,NA,NA,NA,NA,16561152,16666624,NA,NA,NA,1587456,5912832,NA,NA,NA,14254080,NA,4793856,NA,1266880,NA,NA,NA,13128704,NA,1832896,NA,NA,33390592,NA,23393280,NA,16263168,11224064,1110784,NA,474759168,23022592,NA,NA,508576,896064,NA,NA,5813504,NA,NA,NA,NA,NA,NA,NA,57073664,NA,NA,NA,755456,NA,NA,NA,NA,NA,NA,NA,833792,1384775680,479117312,NA,NA,NA,NA,NA,NA,NA,NA,NA,NA,NA,NA,NA,NA,NA,NA,NA,NA,NA,NA,NA,NA,NA,NA,3532544,573888,NA,NA,50823168,NA,7205376,NA,31383552,3138048,NA,NA,NA,NA,10660864
"65C",37502976,NA,NA,NA,5920768,NA,NA,NA,NA,9208832,NA,19171328,3743232,NA,NA,NA,91242496,5020928,54386688,1354304,NA,4758272,NA,NA,NA,NA,5286656,NA,NA,NA,NA,NA,NA,17424384,NA,NA,8599552,NA,NA,1875520,NA,3403264,NA,NA,4193792,NA,NA,5676544,3493376,NA,694912,718912,NA,8030464,16674816,NA,8733696,NA,2281216,2888960,NA,923456,NA,1411904,NA,53256192,NA,NA,3421952,729984,2690048,196132864,NA,NA,NA,NA,13090816,35581952,NA,NA,79081472,5940736,NA,NA,NA,NA,32660480,NA,10192896,NA,NA,3737856,NA,3084032,54280192,NA,7294208,NA,NA,17101824,NA,NA,NA,13210624,17593344,3790848,NA,874971136,12597248,NA,NA,NA,NA,NA,NA,4442368,1676224,NA,NA,41242624,2654208,NA,NA,87420928,NA,1960576,NA,6135552,870272,NA,NA,NA,NA,NA,NA,860736,1087111168,310214656,NA,NA,NA,NA,1185984,NA,NA,NA,NA,NA,NA,687296,NA,NA,NA,NA,NA,NA,NA,NA,NA,NA,NA,NA,NA,NA,NA,NA,184958976,11676672,8884224,NA,17182720,1875072,NA,796160,2963456,NA,14772224
"71C",NA,NA,NA,NA,7443200,NA,NA,NA,NA,10227712,NA,17577984,NA,NA,NA,NA,35721216,8161024,15405056,1585280,NA,4733184,NA,NA,NA,NA,16566272,NA,1135296,NA,NA,6739456,NA,44855296,NA,2147840,1917952,NA,NA,3177984,2323712,2516480,NA,NA,2914304,819648,NA,4322048,14674944,723072,3661824,NA,NA,6900992,4676096,1570432,56717312,NA,3441920,2507008,NA,NA,NA,1934848,NA,246644736,NA,NA,NA,NA,NA,152469504,NA,NA,461120,NA,79044608,64835584,NA,NA,3826432,2859008,2085120,NA,NA,NA,160137216,3023616,5414144,NA,NA,3353856,NA,NA,18643968,NA,3301376,NA,NA,14272512,NA,4140544,NA,17636352,18432000,2336512,NA,171180032,27286528,NA,NA,NA,NA,NA,NA,30156800,NA,NA,NA,151797760,NA,NA,NA,62808064,NA,1815616,NA,3342592,NA,NA,NA,NA,NA,NA,NA,7315712,925368320,NA,NA,NA,NA,NA,899008,NA,NA,474208,NA,NA,NA,NA,NA,278304,NA,NA,NA,NA,NA,NA,NA,NA,NA,NA,5626624,NA,1837376,NA,804126720,NA,9707520,NA,38051840,NA,3779328,NA,NA,NA,4424448
"79C",18700288,NA,NA,NA,NA,NA,NA,NA,NA,18978816,NA,16909312,NA,NA,NA,NA,150913024,NA,83034112,845248,NA,2756096,NA,NA,NA,NA,57012224,NA,NA,NA,NA,22406144,NA,12519424,NA,3111424,6028032,NA,601216,NA,NA,3727360,NA,NA,1573376,NA,NA,3946240,NA,NA,NA,NA,NA,NA,NA,NA,3725312,NA,1425408,1142272,NA,1855552,NA,NA,NA,9242624,2078272,NA,498272,NA,NA,10462208,NA,NA,2564096,NA,4482048,20711424,NA,NA,NA,1437504,3708416,NA,NA,NA,NA,NA,11711488,NA,NA,1049856,NA,20581376,NA,NA,NA,2736128,NA,7684352,NA,NA,NA,8916992,15450112,1334592,NA,28250112,19964928,NA,NA,724864,NA,NA,NA,6209280,NA,NA,NA,21385216,NA,NA,NA,93003776,NA,1602944,NA,1060032,NA,NA,NA,NA,NA,NA,NA,1057856,356515840,NA,NA,NA,NA,NA,NA,NA,NA,256400,NA,NA,NA,NA,375520,1916416,NA,NA,NA,NA,NA,NA,NA,NA,NA,NA,NA,NA,NA,NA,198213632,NA,8759296,727360,24386560,10560512,NA,NA,1468736,NA,26486784
"81C",6889472,NA,NA,NA,6078208,531968,NA,NA,708032,11982848,NA,21652480,6068736,4426752,NA,NA,17593344,44351488,23593984,5326848,NA,11918336,NA,NA,NA,NA,9531392,NA,8201984,NA,NA,2861824,NA,133971968,NA,NA,1477760,6260480,1677376,11625472,NA,4942080,NA,NA,5033984,NA,NA,8139776,26565632,6498304,NA,890496,NA,17212416,9091072,NA,68186112,NA,3425280,NA,NA,1004800,NA,1099008,NA,846856192,NA,NA,NA,NA,3956480,34136064,NA,NA,1913280,NA,110444544,31529984,NA,NA,1821312,3390208,NA,7457024,NA,NA,619905024,NA,4431104,NA,NA,NA,NA,2099712,4173056,934400,3811328,3644416,NA,596736,NA,NA,NA,17854464,6032128,2698240,NA,8035328,2752768,NA,NA,NA,NA,NA,NA,NA,NA,465680,1119424,18207744,1473664,NA,NA,27086848,NA,323664,NA,2500096,NA,8536064,NA,NA,NA,NA,NA,976384,334626816,NA,NA,NA,NA,2101248,1934784,NA,NA,NA,NA,NA,NA,NA,NA,NA,NA,NA,2304256,NA,NA,NA,NA,NA,NA,NA,NA,NA,799168,NA,111095808,NA,9198592,NA,18623488,NA,4199680,NA,4484864,NA,2940160
"83C",11584512,NA,NA,NA,NA,NA,NA,NA,NA,16888832,NA,28547072,NA,NA,NA,NA,100151296,5266432,48906240,4340992,NA,20183040,NA,NA,NA,NA,30628864,NA,NA,NA,NA,120926208,NA,17884160,NA,1939968,11321344,NA,NA,6673920,NA,NA,813120,NA,5849088,NA,NA,15135744,11383808,NA,NA,1108032,NA,15552512,1276032,1269184,39813120,NA,4817408,5722368,1583808,4228096,NA,2456320,NA,102559744,3126528,NA,380864,2012992,NA,125030400,NA,NA,NA,NA,62525440,65036288,NA,NA,NA,3136512,1851904,NA,NA,NA,96919552,7189248,11743232,NA,3678720,3779328,NA,NA,6620416,7143680,NA,NA,NA,6099968,NA,67481600,NA,29623296,27864064,3022336,NA,222822400,13211648,NA,NA,NA,474000,NA,NA,17358848,1765696,NA,NA,9440256,NA,NA,NA,95039488,NA,NA,NA,3067904,NA,3428864,NA,NA,NA,NA,NA,11113472,1447362560,425787392,NA,NA,NA,NA,891904,NA,NA,NA,NA,NA,NA,NA,NA,NA,NA,384528,NA,NA,NA,NA,NA,NA,NA,NA,518464,1936320,37814272,NA,479543296,555968,9014272,674176,32759808,NA,1766016,NA,NA,NA,13970432
"101C",14153728,NA,NA,NA,NA,NA,NA,NA,NA,14699520,NA,67694592,NA,NA,NA,NA,56487936,NA,27880448,950592,NA,8627200,NA,NA,NA,NA,14178304,NA,NA,NA,NA,11073536,NA,12412928,NA,3412224,6004736,NA,NA,1801664,NA,1372544,NA,NA,3117312,NA,NA,7138048,3655936,NA,NA,NA,NA,5917696,NA,NA,16777216,NA,1324928,2187776,3692544,5531904,NA,635776,NA,31064064,1596544,NA,NA,NA,NA,45875200,NA,NA,NA,NA,22677504,9830400,NA,NA,NA,3948544,1321280,NA,NA,NA,28746752,NA,8016640,NA,6518272,780096,NA,NA,35975168,NA,NA,NA,1305408,NA,NA,4582656,NA,6697472,10121216,1510208,NA,1280835584,34066432,NA,NA,NA,698112,NA,NA,28093440,NA,NA,NA,1822848,NA,NA,NA,66383872,NA,692544,NA,1821312,NA,NA,NA,NA,NA,NA,NA,NA,1487863808,NA,NA,NA,NA,NA,573120,NA,NA,NA,NA,NA,NA,NA,NA,NA,NA,NA,557632,NA,NA,NA,NA,NA,NA,NA,NA,NA,NA,NA,144850944,NA,8289024,944384,25701376,537600,NA,679232,NA,NA,11727872
"109C",NA,NA,NA,NA,149471232,NA,NA,NA,992000,10766336,44072960,NA,1352576,4522752,NA,NA,NA,213680128,60092416,NA,NA,NA,NA,NA,18180096,NA,NA,46989312,47751168,2160128,NA,417696,NA,223002624,NA,NA,860224,NA,NA,1579264,109486080,NA,NA,30521344,NA,NA,21979136,7985920,34672640,12069888,2020672,NA,NA,NA,NA,NA,65544192,4393984,1460160,NA,NA,984768,NA,747584,NA,1410138112,NA,NA,NA,NA,NA,204144640,NA,NA,181010432,20928512,170328064,64991232,NA,7360000,NA,2801664,NA,3843584,NA,NA,806813696,NA,3481856,NA,NA,1211456,NA,7875840,12140544,12686336,NA,84525056,NA,8787968,NA,NA,NA,5472512,23261184,3919872,NA,388202496,13677568,NA,NA,NA,NA,NA,NA,7816704,NA,NA,1714688,6609920,NA,NA,NA,13067264,NA,3646208,NA,3799040,1539904,NA,NA,NA,NA,3095040,2610944,1653504,681902080,NA,NA,NA,NA,56729600,NA,NA,NA,868032,NA,NA,NA,NA,1108224,40194048,930048,NA,NA,NA,NA,NA,NA,569984,NA,NA,759488,NA,NA,NA,232128512,NA,184352768,4856320,NA,581248,NA,NA,15109120,3300864,1965696
"113C",1896960,NA,NA,NA,NA,NA,NA,NA,NA,10632192,NA,19714048,NA,NA,NA,NA,98217984,NA,69824512,1214784,NA,2537728,NA,NA,NA,NA,13172736,NA,NA,NA,NA,13265920,NA,12431360,446752,NA,5771008,1494208,NA,NA,NA,2469888,NA,NA,1749056,NA,NA,12078080,NA,NA,1295424,NA,NA,13331456,6010368,NA,NA,NA,3778304,NA,NA,1816064,NA,1113088,NA,3785728,2071296,NA,NA,NA,1919808,342163456,NA,NA,NA,NA,NA,116678656,NA,NA,NA,5097728,NA,NA,NA,NA,2756096,6342656,5404672,NA,NA,1220992,NA,NA,59494400,4113152,4167680,NA,NA,NA,NA,2783488,NA,4710912,24005632,1493504,NA,8972288,61894656,NA,NA,663360,522576,NA,NA,72855552,NA,NA,NA,10704896,680448,NA,NA,63582208,NA,7287296,NA,1562176,1498048,NA,NA,NA,NA,3703808,NA,1871104,2365325312,NA,NA,NA,NA,NA,1883648,NA,NA,NA,NA,NA,NA,NA,NA,NA,NA,NA,NA,NA,NA,NA,NA,NA,NA,NA,NA,NA,793472,NA,1115947008,NA,43433984,NA,12160000,1046528,NA,NA,NA,NA,17762304
"115C",24011776,NA,NA,NA,4708864,NA,NA,NA,377696,4292096,NA,11211776,1008000,680960,NA,NA,28908544,9187328,12645376,3977728,NA,8274944,NA,NA,1449920,5572352,NA,NA,1159296,NA,NA,10877952,NA,35856384,NA,1320832,NA,NA,NA,5629952,2976768,NA,NA,NA,4702720,NA,NA,5717760,43294720,2184704,NA,NA,490416,21059584,NA,NA,115556352,1716672,916864,5981696,NA,2664192,NA,NA,NA,350355456,NA,NA,NA,2215936,NA,136691712,NA,NA,NA,NA,188661760,15498240,NA,NA,NA,5638656,4257280,7955968,NA,NA,339492864,9778176,9456640,NA,NA,3267072,3056896,NA,8510464,9947136,NA,7353088,9889792,9187328,NA,NA,NA,24270848,9837568,3911424,NA,138379264,11966464,386236416,NA,NA,300016,1346560,NA,13192192,NA,NA,NA,2437376,NA,3521024,2824192,53293056,NA,NA,396512,2863104,NA,33069056,NA,NA,533312,NA,NA,7216384,1386020864,477003776,5454848,4113664,NA,NA,1608576,NA,NA,NA,NA,1457600,NA,NA,NA,NA,NA,NA,NA,758400,NA,NA,NA,NA,NA,NA,1057216,NA,2512128,NA,403800064,NA,17531904,NA,14893056,NA,3199488,NA,NA,NA,5463040
"121C",74846208,NA,NA,NA,NA,NA,NA,NA,NA,5498880,NA,62758912,NA,NA,NA,NA,142524416,4915712,73416704,1985792,NA,3032064,NA,NA,NA,3314944,2617600,NA,NA,NA,NA,NA,NA,13086720,NA,4583424,15312896,NA,NA,1412608,NA,NA,NA,NA,3047936,NA,NA,12542976,NA,NA,NA,NA,NA,7003904,1244864,NA,9047040,NA,3734528,NA,9150464,2448896,NA,962496,NA,2405376,NA,NA,NA,773184,NA,NA,NA,NA,NA,NA,14133248,24708096,NA,NA,NA,5180672,14885888,NA,NA,NA,4224000,NA,11751424,NA,25005056,3526400,9316352,2261760,22196224,NA,NA,NA,NA,NA,NA,NA,NA,109170688,28697600,3433216,NA,442580992,141115392,NA,NA,NA,NA,NA,NA,96317440,2345984,NA,NA,NA,NA,NA,NA,92798976,907264,721792,NA,3581440,695552,NA,NA,NA,NA,NA,NA,8489984,1479475200,454180864,NA,NA,NA,NA,726912,NA,NA,NA,NA,NA,NA,NA,NA,NA,NA,NA,NA,NA,NA,NA,NA,NA,NA,NA,18678784,NA,3148800,NA,17776640,2648320,8662016,534144,46682112,NA,NA,3673344,NA,NA,28258304
"125C",1778560,NA,NA,NA,109420544,NA,NA,NA,NA,6341888,8845312,NA,NA,NA,NA,NA,14931968,100405248,32288768,3753472,NA,6790912,NA,NA,3889408,NA,6677504,16071680,2746880,NA,3060736,NA,NA,219332608,NA,NA,5391360,3753472,NA,3761408,12717056,NA,NA,10634240,NA,NA,4104704,4476416,5309184,NA,841216,698240,NA,6148096,10084352,NA,6925568,NA,1949888,1349696,NA,1262208,NA,914688,NA,826933248,NA,NA,1029632,NA,NA,61009920,NA,NA,20637696,NA,24918016,112500736,NA,NA,NA,2232064,NA,NA,NA,NA,102490112,2093056,1842496,NA,NA,947008,NA,NA,12683264,995776,4809728,2428928,NA,457904,881920,NA,NA,24211456,7560192,1899904,NA,643956736,11565056,NA,NA,NA,NA,NA,NA,3746048,NA,NA,NA,9652224,NA,NA,NA,34181120,NA,607488,NA,1507328,451472,NA,NA,NA,NA,NA,926016,1137984,50061312,NA,NA,NA,NA,14754816,NA,NA,NA,NA,NA,NA,NA,626368,571456,6372608,NA,NA,NA,NA,NA,NA,NA,NA,NA,NA,NA,NA,NA,NA,173817856,NA,74252288,NA,4116480,NA,NA,NA,NA,NA,2400000
"12C",NA,NA,NA,NA,5821440,981568,NA,NA,864960,21180416,NA,10734592,2356480,NA,NA,NA,54927360,16457728,26437632,7802880,NA,2807040,NA,283696,NA,NA,45613056,NA,1239808,NA,NA,19036160,NA,29900800,NA,NA,1545408,3717376,NA,12712960,NA,5658880,NA,NA,1201472,NA,NA,16596992,19168256,777280,NA,NA,NA,7879936,NA,1618368,68775936,NA,1668160,1437312,NA,3376384,NA,885952,NA,284622848,NA,NA,NA,NA,NA,368295936,NA,NA,NA,NA,100933632,17613824,NA,NA,7493120,3470592,2163456,NA,1953152,NA,171196416,NA,11140096,NA,1384576,890304,NA,7035904,18200576,NA,NA,542080,NA,27244544,NA,NA,NA,29045760,9376768,6014976,NA,90988544,142819328,3974912,NA,1997952,NA,NA,NA,33054720,NA,NA,NA,9959424,670848,NA,NA,75042816,NA,4752384,NA,1827136,NA,NA,NA,NA,NA,NA,NA,879488,1522597888,615251968,NA,NA,NA,NA,2368768,NA,NA,417136,NA,NA,4572160,NA,357984,432288,NA,NA,NA,NA,NA,NA,NA,NA,3651072,NA,2150912,NA,670528,NA,538705920,1975616,10726400,980032,12523520,1022720,3577344,NA,NA,NA,7548928
"20C",21580800,NA,NA,NA,5359360,NA,NA,NA,NA,12331008,NA,30511104,NA,NA,NA,918080,91750400,12186624,39399424,3457024,NA,18459648,NA,NA,NA,NA,13496320,NA,NA,NA,NA,30423040,NA,24845312,NA,3272192,4245248,NA,NA,4831744,NA,2754048,NA,NA,6055168,NA,NA,7331072,14931968,NA,NA,NA,NA,19350528,1202688,1246976,30338048,NA,14738432,NA,NA,1377216,NA,2029504,NA,271089664,NA,NA,NA,NA,NA,567360,NA,NA,606528,NA,42770432,47370240,NA,NA,NA,2879744,NA,1794944,NA,NA,103190528,11473920,8335616,NA,NA,8047360,NA,NA,31724544,6989312,NA,863104,NA,10192896,NA,9507840,NA,7963392,7500288,2862336,NA,82681856,15371264,NA,NA,NA,NA,NA,NA,13652992,NA,NA,NA,2663168,NA,NA,NA,62439424,NA,NA,2913024,3006208,555072,NA,NA,NA,NA,NA,NA,5675520,180633600,NA,NA,NA,523648,NA,NA,NA,NA,NA,NA,NA,21911552,NA,NA,241456,NA,578880,NA,NA,NA,NA,NA,NA,NA,NA,NA,NA,1055488,NA,102318080,NA,8269312,NA,54583296,14606336,NA,617472,2759680,NA,12082176
"21C",4075776,NA,NA,NA,NA,NA,NA,NA,NA,15773696,NA,56950784,NA,NA,NA,NA,32444416,3055360,13787136,3223808,NA,18970624,28055552,NA,NA,NA,41742336,NA,NA,NA,NA,158466048,NA,14419968,NA,1893952,12123136,8386560,NA,7080448,NA,2673408,NA,NA,8398848,NA,NA,23851008,NA,NA,725632,NA,297648,15952896,12010496,1266176,14780416,NA,2746112,4360192,NA,1243200,NA,1742080,NA,19900416,NA,NA,1427520,NA,2867456,134205440,NA,NA,NA,NA,15809536,100040704,NA,NA,1886272,2326528,3393536,NA,NA,NA,NA,6433280,2233088,NA,NA,5736192,1678400,1207936,3295232,NA,5722624,NA,NA,8459264,NA,74678272,NA,13619200,7447552,1105920,NA,5790208,1297216,5692160,NA,NA,NA,NA,NA,NA,NA,NA,NA,345030656,NA,NA,NA,32343040,NA,NA,NA,2348800,615616,NA,NA,NA,NA,NA,NA,2392064,577175552,NA,NA,NA,NA,NA,895936,NA,NA,NA,NA,NA,NA,NA,NA,NA,NA,NA,NA,NA,NA,NA,NA,NA,NA,NA,NA,NA,NA,NA,383811584,NA,8875008,NA,44666880,261280,12255232,3478528,NA,NA,3704576
"24C",3396096,2416640,NA,NA,NA,NA,NA,NA,NA,8931328,NA,26805248,1335232,285696,NA,NA,64352256,6266112,31806464,4476672,NA,31712256,NA,NA,NA,NA,10892288,NA,1583232,NA,NA,19464192,NA,17515520,NA,3499264,3926016,NA,765120,8726528,NA,2287616,NA,NA,7571456,NA,NA,4174336,7399936,1441792,NA,921600,190736,25022464,NA,1332096,29634560,NA,5865984,NA,NA,NA,NA,3498752,NA,142917632,NA,NA,1489408,1917504,NA,43241472,NA,NA,NA,NA,46661632,97193984,NA,NA,1969984,2612736,3279360,3721728,NA,NA,78311424,8259072,8491008,NA,NA,2780416,NA,4647936,2440448,2597888,2397440,NA,NA,1609984,NA,NA,NA,21881856,15017984,1932672,1215680,92151808,3485696,NA,NA,1368832,644096,NA,NA,NA,741184,NA,NA,24308736,701120,NA,NA,79495168,NA,1013696,NA,2490624,NA,1480448,NA,NA,NA,NA,NA,1209664,1506607104,473186304,NA,NA,NA,NA,705472,NA,NA,NA,NA,NA,NA,NA,NA,NA,NA,576832,NA,NA,NA,NA,NA,NA,NA,NA,NA,NA,NA,NA,331415552,NA,8865792,NA,45559808,1074944,4940288,860096,NA,NA,8315392
"30C",17555456,1110912,NA,NA,6034432,NA,NA,NA,241216,16283648,NA,20002816,2456064,NA,NA,490768,62582784,7658496,25062400,6460672,NA,21792768,NA,NA,NA,NA,20096000,NA,NA,NA,NA,24548352,NA,22032384,NA,NA,1429376,NA,NA,9878528,NA,5874432,NA,NA,6262272,NA,NA,8896512,10960896,602432,421744,NA,NA,33187840,NA,2453760,41996288,NA,2757376,NA,NA,NA,NA,875264,NA,248365056,NA,NA,1080576,NA,NA,82821120,622464,NA,NA,NA,51265536,92729344,NA,NA,8348416,2584576,NA,2596352,NA,NA,134873088,9940992,8877056,NA,NA,4452864,NA,NA,9848832,9848832,NA,NA,NA,20849664,NA,NA,NA,39927808,19202048,1969984,NA,31171584,13875200,NA,NA,5174272,NA,NA,NA,7221248,NA,NA,NA,309886976,651328,NA,NA,102240256,NA,6644224,NA,1426176,951808,4389120,NA,NA,NA,NA,NA,2521600,1535574016,NA,NA,NA,NA,NA,1316736,NA,NA,NA,NA,NA,NA,NA,NA,2664960,NA,NA,NA,NA,NA,NA,NA,NA,NA,415440,362160,NA,NA,NA,477659136,NA,15560704,NA,29377536,591040,2870016,NA,NA,NA,7010048
"32C",11676672,NA,NA,NA,5350144,NA,NA,NA,NA,26654720,NA,30184448,1403520,NA,NA,NA,61833216,15192064,28399616,NA,NA,12692480,7513856,1571904,NA,NA,40284160,NA,NA,NA,NA,117903360,NA,31479808,NA,NA,19585024,2018752,NA,NA,NA,4326400,NA,NA,7800064,NA,NA,9787392,9485312,NA,858432,822080,NA,11099136,NA,NA,32918528,NA,1785152,2850048,NA,1028224,862976,887232,NA,301596672,NA,NA,871744,NA,1165440,NA,NA,732480,NA,NA,45813760,59781120,NA,NA,NA,2512128,NA,NA,NA,NA,192724992,4122368,5685248,NA,NA,1860352,NA,NA,25449472,1890112,1305216,287328,NA,7521792,NA,70008832,NA,2422272,23849984,1320256,NA,34672640,57004032,NA,NA,1309888,NA,NA,NA,14903296,NA,NA,NA,21169152,NA,NA,NA,52473856,NA,483312,NA,1813760,NA,NA,NA,NA,NA,NA,NA,868800,694419456,NA,NA,NA,NA,NA,438672,NA,NA,NA,NA,NA,NA,NA,NA,NA,NA,NA,NA,NA,NA,NA,NA,NA,1399168,NA,462480,NA,NA,NA,259571712,NA,11340800,NA,22394880,NA,2667776,1307136,NA,NA,7844352
"36C",2147072,NA,NA,NA,14953472,NA,NA,NA,NA,14429184,NA,13577216,2103552,2335744,NA,NA,40034304,40902656,20874240,3512576,NA,58384384,NA,NA,NA,NA,8906752,5636608,6472192,NA,NA,NA,NA,101990400,NA,NA,3138816,6586368,NA,4011520,4216064,14019584,NA,NA,6667008,NA,NA,21595136,17461248,861376,NA,NA,NA,18422784,14896128,NA,45838336,NA,2804480,2391296,NA,NA,628224,797632,NA,859045888,NA,NA,NA,NA,3771392,NA,NA,NA,2075456,NA,59867136,11159552,NA,NA,NA,2284288,NA,NA,NA,NA,91717632,1384640,8897536,NA,NA,NA,NA,NA,NA,2595584,3747840,2832896,NA,2213376,NA,NA,5411328,15305728,8212480,1487680,NA,4638208,3174912,NA,NA,NA,NA,NA,NA,845696,NA,NA,NA,30425088,1203008,NA,NA,49508352,NA,NA,NA,1314368,NA,NA,NA,NA,NA,NA,NA,NA,2905088,NA,NA,NA,NA,3718656,991616,NA,NA,NA,NA,NA,NA,NA,414112,759488,NA,NA,NA,NA,NA,NA,NA,NA,NA,NA,NA,NA,NA,NA,27165696,NA,11738112,809344,20110336,552192,3862016,NA,5680128,NA,5349888
"40C",12086272,871232,NA,NA,NA,NA,NA,NA,NA,9492480,NA,26346496,NA,NA,NA,NA,56737792,20133888,23946240,5984768,NA,12902400,NA,561280,NA,5089024,41742336,NA,NA,NA,NA,103604224,NA,41267200,NA,NA,NA,NA,NA,7236864,NA,NA,NA,NA,4333824,NA,NA,6467072,20685824,NA,NA,NA,NA,20231168,NA,977984,62152704,NA,1111040,NA,NA,725760,NA,NA,NA,283410432,NA,NA,NA,NA,NA,212811776,NA,NA,NA,NA,84099072,NA,NA,NA,NA,4957440,NA,NA,NA,NA,182124544,NA,6949888,NA,NA,1893760,NA,739328,19271680,NA,NA,NA,NA,7323136,NA,57831424,NA,17661952,16430080,2359040,NA,43008000,22296576,94015488,NA,NA,NA,NA,NA,NA,NA,NA,NA,3753984,NA,NA,NA,63823872,NA,NA,NA,1968512,NA,3149568,NA,NA,NA,NA,NA,2281216,1129578496,NA,NA,NA,NA,NA,966656,NA,NA,NA,NA,NA,NA,NA,NA,NA,NA,NA,NA,NA,NA,NA,NA,NA,NA,NA,1087744,NA,1206016,NA,303104000,NA,9629696,NA,44122112,12277760,NA,NA,NA,NA,7055616
"42C",34410496,NA,NA,NA,NA,1154880,NA,NA,373392,9512960,NA,27091968,NA,NA,NA,NA,53690368,13065216,30909440,1477952,NA,14516224,NA,NA,NA,7305984,NA,NA,NA,NA,NA,58941440,NA,27016192,NA,NA,4684544,NA,NA,NA,2576384,NA,NA,NA,9605120,NA,NA,3647232,35151872,NA,NA,NA,668608,56922112,NA,2509312,117092352,NA,60780544,221904896,NA,624192,NA,4360960,NA,215465984,NA,NA,NA,NA,2579712,4946176,NA,1398208,NA,715008,175423488,16396288,NA,NA,NA,5206784,9697280,NA,NA,NA,309886976,NA,10820608,NA,2770432,1376768,NA,NA,NA,24519680,NA,2239744,1603008,6231808,NA,14003200,NA,17021952,12384256,11409408,NA,612040704,65818624,NA,NA,NA,1566400,NA,771584,174850048,1867200,NA,NA,8674304,1264448,NA,NA,98492416,NA,720128,NA,6058752,834944,156041216,NA,NA,NA,NA,NA,3831808,724697088,1166540800,NA,NA,NA,NA,2061056,4601344,NA,639232,NA,NA,9009152,NA,NA,NA,NA,NA,NA,1008064,NA,NA,NA,NA,4263424,NA,1265984,498336,2744832,NA,1128988672,198976,8953856,775744,58605568,27338752,NA,NA,NA,NA,10175488
"50C",NA,NA,NA,NA,4670464,NA,NA,NA,NA,3728896,NA,16456704,NA,715776,NA,NA,11662336,33681408,4471808,1479296,NA,26806272,NA,NA,774272,3348224,NA,NA,8150272,NA,NA,3286272,NA,34144256,NA,2603008,4820992,1313664,NA,2418944,7120384,NA,NA,1100480,4859392,NA,4238080,16572416,46825472,4601344,NA,NA,NA,28097536,1652032,NA,114446336,NA,7359232,8350208,NA,7929856,NA,686528,NA,529842176,NA,NA,NA,NA,NA,141508608,NA,NA,10016768,NA,177143808,23563264,NA,NA,NA,6724352,7078144,32827392,NA,NA,456146944,3879936,2026496,NA,NA,2222080,NA,NA,17405952,NA,NA,28827648,18352128,25261056,NA,NA,NA,21183488,NA,4958720,8603648,158203904,28113920,945881088,NA,NA,NA,3248640,NA,2590464,NA,NA,NA,10377216,NA,9582592,3304960,25757696,NA,1465536,3508480,7214336,1269696,171393024,NA,NA,2332160,NA,1498496,4256000,NA,335364096,14592000,12657664,2452992,5622528,2684416,NA,434480,NA,NA,NA,14476288,NA,NA,NA,NA,NA,NA,1663808,NA,NA,NA,NA,NA,NA,604352,NA,NA,1548480,294092800,NA,7221248,NA,32004096,NA,NA,NA,NA,NA,1581888
"66C",60141568,NA,NA,NA,NA,NA,NA,NA,NA,8354816,NA,57720832,NA,NA,NA,NA,120537088,NA,49999872,2320384,NA,27682816,NA,1370560,NA,2785280,NA,NA,NA,NA,NA,63791104,NA,14029824,373600,1346816,3775744,NA,499504,3734272,NA,NA,NA,NA,16062464,NA,NA,6815488,10631168,NA,NA,NA,NA,33796096,NA,1411904,49123328,NA,2718208,9952256,NA,4829184,NA,NA,NA,68804608,NA,NA,891200,NA,NA,NA,NA,NA,NA,NA,66580480,51113984,NA,NA,NA,3282432,2195456,1298048,NA,NA,81362944,NA,17357824,NA,NA,3108096,NA,4968192,25672704,2507008,1795712,NA,NA,NA,1769088,36528128,NA,12112896,9840640,2228992,NA,64118784,12186624,NA,NA,NA,1081728,NA,NA,6486272,895488,NA,NA,2321920,475696,NA,NA,107253760,NA,999680,NA,1900672,859072,2034048,NA,NA,NA,NA,NA,4013312,1476263936,549912576,NA,NA,NA,NA,1216320,NA,NA,NA,NA,NA,NA,NA,NA,NA,NA,NA,NA,NA,NA,NA,NA,NA,NA,NA,2359040,NA,1244928,NA,221937664,NA,8498176,NA,54759424,2112512,NA,NA,NA,NA,14662656
"72C",NA,NA,NA,NA,5729792,NA,NA,NA,NA,12285952,NA,15024128,2374400,2801408,NA,NA,29422592,19427328,13669376,3428352,NA,8426496,NA,998976,NA,2766080,5124352,NA,8062976,NA,NA,15938560,NA,57573376,NA,NA,616384,3252480,1144384,5934592,3492096,3734272,NA,NA,3149056,NA,NA,12977152,30154752,4588800,NA,NA,NA,8542208,NA,NA,95846400,NA,775040,1329536,NA,1125120,NA,NA,NA,560070656,NA,NA,NA,NA,NA,6702080,NA,NA,790912,930624,140460032,27279360,NA,NA,7494400,2557440,NA,NA,NA,NA,NA,9900032,6894336,NA,NA,NA,NA,NA,NA,NA,NA,1656768,NA,NA,NA,15955968,NA,11656192,7569152,2178048,NA,7088896,NA,14479360,NA,NA,NA,NA,NA,NA,NA,NA,NA,19278848,NA,NA,NA,67096576,NA,NA,NA,2117888,718848,NA,NA,NA,NA,NA,NA,NA,1534787584,458358784,NA,NA,NA,NA,NA,NA,NA,NA,NA,NA,NA,NA,NA,NA,NA,NA,2808576,NA,NA,NA,NA,NA,NA,NA,NA,NA,NA,NA,259047424,NA,18847744,904256,14028800,247088,2405376,1542848,4752896,NA,3843584
"80C",NA,NA,NA,NA,NA,NA,NA,NA,NA,12403712,NA,33544192,1445312,NA,NA,NA,53092352,17260544,26985472,3301120,NA,39174144,NA,NA,NA,NA,20381696,NA,NA,NA,NA,12020736,NA,36917248,NA,NA,90329088,NA,1005824,4938496,NA,NA,NA,NA,13423616,NA,NA,5580544,43540480,NA,NA,NA,NA,74711040,2300928,1899008,101412864,NA,10415104,24690688,1233152,10505216,NA,2124032,NA,395395072,NA,NA,NA,NA,2018816,17342464,NA,NA,NA,NA,138641408,30456832,NA,NA,1472256,3110400,8482816,5121536,NA,NA,NA,NA,NA,NA,2755840,5070080,NA,NA,38428672,NA,NA,1300672,1228416,41242624,NA,NA,NA,17101824,15509504,4516864,2365952,482263040,75382784,624689152,NA,10820608,NA,NA,NA,26888192,1500544,NA,NA,NA,NA,NA,NA,92487680,444336,6616320,635968,3444224,1083776,90316800,NA,NA,NA,NA,NA,8483840,1459224576,425902080,NA,1324032,NA,NA,2229504,2551552,NA,828352,NA,NA,2523648,NA,NA,631872,NA,NA,10701824,NA,NA,NA,NA,NA,NA,NA,528320,NA,NA,NA,220577792,NA,9153536,NA,50024448,7979520,NA,1327808,NA,NA,8751104
"82C",10883072,1083840,NA,NA,NA,NA,NA,NA,NA,6920192,NA,161300480,3610112,NA,NA,NA,101081088,NA,56172544,3907584,NA,4626688,NA,NA,NA,NA,18156544,NA,NA,NA,NA,12025856,NA,13005824,NA,NA,1811520,NA,NA,7884800,NA,2898944,NA,NA,2255360,NA,NA,11578368,NA,NA,NA,NA,398816,7726848,701824,NA,4244480,NA,1010304,NA,NA,904448,NA,749632,NA,21872640,1851264,NA,NA,NA,NA,NA,534528,NA,NA,NA,5448448,17620992,NA,NA,NA,2862336,4606464,NA,NA,NA,9152512,NA,8343040,NA,1108352,NA,NA,3384064,8966144,NA,NA,NA,NA,1940800,NA,NA,NA,12182528,15894528,1480064,NA,14311424,7180800,NA,NA,NA,NA,NA,NA,3548928,NA,NA,NA,3321088,NA,NA,NA,67256320,NA,534144,NA,1405120,NA,NA,NA,NA,NA,NA,NA,588416,703332352,NA,NA,NA,NA,NA,NA,NA,NA,316112,NA,NA,NA,NA,NA,NA,NA,NA,3483392,NA,NA,1601152,NA,NA,NA,NA,NA,NA,NA,NA,178585600,NA,9448448,735296,59465728,3139328,3889152,NA,NA,NA,19562496
"84C",NA,NA,NA,NA,NA,NA,NA,NA,NA,19467264,NA,14086144,NA,NA,NA,NA,101695488,NA,50270208,1063104,NA,11167744,NA,NA,NA,NA,117411840,NA,NA,NA,NA,154910720,NA,NA,NA,NA,1638208,NA,NA,2343936,NA,2350336,702016,NA,4936960,NA,NA,17111040,NA,NA,NA,437536,NA,21462016,NA,NA,2711296,NA,2664704,4673792,NA,1513408,NA,479840,NA,16493568,4624384,NA,NA,NA,1422528,73768960,NA,NA,NA,NA,3502336,45481984,NA,NA,NA,2354432,NA,NA,NA,NA,10898432,1162688,6048768,NA,NA,NA,NA,891200,NA,NA,1053312,NA,NA,NA,NA,39043072,NA,20031488,24073216,1289152,NA,3694592,NA,5385984,NA,NA,NA,NA,NA,604480,NA,NA,NA,2688256,NA,NA,NA,66793472,NA,NA,NA,1142400,NA,NA,NA,NA,NA,NA,NA,NA,419332096,NA,NA,NA,NA,NA,NA,NA,NA,NA,NA,NA,NA,NA,NA,NA,NA,NA,NA,NA,NA,NA,NA,NA,NA,NA,NA,NA,2872064,NA,170737664,NA,9375744,NA,16120832,1667456,3518208,NA,NA,NA,13118464
"102C",16660480,725056,NA,NA,NA,NA,NA,NA,NA,6169856,NA,29343744,NA,NA,NA,NA,116678656,NA,69693440,1545408,NA,5327872,NA,NA,NA,NA,10835968,NA,NA,NA,NA,5069056,NA,NA,363008,NA,8305408,NA,NA,2407680,NA,2072768,NA,NA,4224768,NA,NA,4423424,NA,NA,NA,NA,1038848,8338688,NA,NA,10182656,NA,2446592,NA,NA,NA,NA,887808,NA,4161024,NA,NA,441616,NA,NA,35364864,NA,NA,NA,NA,13053952,6262016,NA,NA,NA,2642688,NA,NA,NA,NA,4882432,NA,13300736,NA,2769664,NA,NA,6331904,NA,4294656,NA,NA,NA,3869696,NA,NA,NA,13171712,21240832,2519552,NA,678625280,30090240,NA,NA,NA,988800,NA,NA,2969856,941056,NA,NA,NA,NA,NA,NA,76795904,NA,556672,NA,1361600,NA,NA,NA,NA,NA,2737152,NA,1257344,1446445056,856752128,NA,NA,NA,NA,1831552,NA,NA,NA,NA,NA,NA,465728,NA,NA,NA,NA,NA,NA,NA,NA,NA,NA,NA,NA,618560,NA,2924032,NA,94253056,262192,8248064,867136,31598592,NA,NA,NA,NA,NA,20648960
"110C",4310272,NA,NA,NA,NA,NA,NA,NA,NA,19184640,NA,18726912,NA,NA,NA,NA,111493120,4649472,70537216,1255744,NA,6183168,NA,NA,NA,NA,63242240,NA,NA,NA,NA,25815040,NA,14084096,NA,NA,NA,NA,NA,NA,NA,NA,NA,NA,2856448,NA,NA,5194496,4432640,NA,277232,NA,805824,9094144,796032,NA,14802944,NA,1470272,NA,NA,NA,NA,893888,NA,31190016,4571648,NA,1839296,NA,NA,NA,NA,NA,NA,NA,22489088,34738176,NA,NA,NA,2500096,NA,NA,NA,NA,24547328,NA,11326464,NA,NA,NA,NA,NA,13199360,2202368,NA,NA,NA,5559808,NA,10145792,NA,5778944,29480960,1060160,NA,17873920,28385280,NA,NA,6091520,NA,NA,NA,33202176,NA,NA,NA,1120448,NA,NA,NA,85442560,NA,NA,NA,753280,956544,NA,NA,NA,NA,NA,NA,564800,2006646784,453312512,NA,NA,NA,NA,2123008,NA,NA,NA,NA,NA,NA,NA,NA,NA,NA,NA,2239488,NA,NA,NA,NA,NA,987584,NA,352800,NA,NA,NA,297025536,NA,9316352,NA,16345088,995904,NA,NA,NA,NA,22589440
"114C",6024704,NA,NA,NA,6171648,NA,NA,NA,NA,8626176,NA,31675392,NA,NA,NA,NA,65228800,NA,31180800,2609408,NA,17587200,NA,NA,NA,NA,29089792,NA,NA,NA,NA,203161600,NA,14270464,NA,NA,3528704,NA,NA,3631360,2627584,NA,NA,NA,10311680,NA,NA,7542016,5376256,NA,NA,NA,190960,29990912,1332608,NA,17316864,NA,2141696,8461312,NA,NA,NA,558912,NA,40730624,7423488,NA,579712,NA,1290176,NA,NA,1333696,NA,471264,19434496,46997504,NA,NA,NA,2851584,2550016,NA,NA,NA,36270080,12443648,4595968,NA,463600,911744,NA,1584896,17104896,1981952,NA,NA,726464,1966848,NA,90075136,NA,10031104,7994112,1173440,NA,14346240,11959296,NA,NA,2240000,NA,NA,NA,10914816,NA,NA,NA,2143232,NA,NA,NA,56336384,NA,595136,NA,535232,NA,NA,NA,NA,NA,NA,NA,1297920,1181614080,341934080,NA,NA,NA,NA,816960,NA,NA,NA,NA,NA,NA,NA,NA,NA,NA,NA,NA,NA,NA,NA,NA,NA,NA,NA,336464,NA,588032,NA,465879040,NA,48066560,NA,21245952,1592704,3901440,NA,NA,NA,8817664
"116C",17007616,NA,NA,NA,4575744,NA,NA,625472,NA,4593920,NA,12008448,424288,NA,NA,NA,31553536,12100608,16824320,1806080,NA,4450048,NA,NA,NA,NA,6771456,NA,NA,NA,NA,85438464,NA,31774720,NA,761216,1062336,NA,NA,2693632,2391040,3568384,NA,NA,2410752,NA,NA,3667968,36454400,NA,833088,968576,NA,6140160,NA,990976,89878528,NA,3024896,NA,2362112,NA,NA,2072128,NA,213925888,NA,NA,NA,988544,NA,2014656,NA,NA,NA,775616,142393344,13066240,NA,NA,NA,2510592,2126592,NA,NA,NA,NA,NA,6014464,NA,5082112,NA,NA,NA,66060288,NA,NA,NA,1065920,2607360,NA,64937984,NA,23256064,11845632,2877184,NA,1226964992,28812288,108052480,NA,NA,365376,NA,NA,87560192,3824896,NA,NA,NA,NA,NA,886016,49803264,NA,NA,NA,3201792,1147136,10270720,NA,NA,NA,NA,NA,4900096,1569652736,660013056,NA,NA,NA,NA,1416128,NA,266144,NA,NA,NA,NA,510144,230832,NA,NA,NA,NA,NA,NA,NA,NA,NA,NA,NA,627840,NA,2775040,NA,486817792,689920,28050432,NA,11863040,857216,2398720,1462848,NA,NA,6147840
"122C",NA,NA,NA,NA,258457600,NA,NA,NA,281536,5107712,104480768,NA,7429632,1345152,NA,NA,6671104,157696000,44400640,5677568,NA,4125440,NA,NA,66809856,NA,NA,32161792,4146176,NA,NA,2713856,NA,365527040,NA,8101632,3307008,4523776,NA,5203712,117415936,NA,NA,58281984,NA,NA,NA,4944640,29797376,4003584,NA,1331968,572800,4582656,4541696,NA,19769344,NA,2017792,NA,NA,NA,758976,1812800,NA,993132544,NA,NA,NA,NA,NA,286359552,NA,NA,63565824,103706624,138182656,14691328,NA,NA,51953664,3780096,NA,NA,NA,NA,1247870976,9306112,2608128,NA,NA,NA,NA,10515456,NA,50188288,NA,4134400,8946688,15307776,NA,NA,NA,23462912,8300032,5830656,NA,1092485120,121655296,NA,NA,1534784,NA,NA,NA,287506432,NA,NA,NA,37425152,NA,NA,NA,22355968,NA,4861696,NA,6189312,1563328,NA,NA,NA,NA,46747648,14788608,3334656,72814592,NA,NA,NA,NA,132050944,NA,NA,NA,NA,NA,NA,NA,656000,1245184,2868736,3554048,NA,NA,NA,NA,NA,NA,NA,NA,NA,1726528,NA,1300544,NA,625606656,NA,544145408,NA,8066560,865152,9593856,6470144,NA,NA,1928064
"126C",2670848,759424,NA,NA,6102272,NA,NA,NA,NA,22726656,NA,15639552,NA,NA,NA,NA,89522176,NA,46067712,2317568,NA,13135872,NA,NA,NA,NA,100765696,NA,NA,NA,NA,42262528,NA,13747200,NA,NA,15694848,NA,NA,3992832,NA,NA,NA,NA,5374464,NA,NA,3853824,2060608,NA,750272,811200,NA,15556608,NA,1392832,7352320,NA,5837056,6443776,NA,NA,NA,1840576,NA,28433408,12386304,NA,1151296,NA,NA,NA,NA,NA,NA,NA,8810496,16491520,NA,NA,NA,2985216,2534400,NA,NA,NA,24153088,6762752,8797184,NA,NA,1517952,2588160,2170368,1201536,1201536,1662080,545664,NA,NA,NA,9715712,NA,14433280,17142784,3308288,NA,87826432,1928768,NA,NA,NA,587136,NA,NA,1544320,NA,NA,NA,154517504,NA,NA,NA,104333312,NA,1373056,NA,2506496,NA,1525376,NA,NA,NA,NA,NA,3769600,2440036352,NA,NA,NA,NA,NA,NA,NA,NA,NA,NA,NA,NA,NA,NA,1077696,NA,NA,NA,NA,NA,NA,NA,NA,NA,NA,NA,NA,1861248,NA,579862528,NA,17064960,NA,10519552,996608,NA,NA,NA,NA,13266944
