"sample_id","(-)-Stercobilin","(+)-.alpha.-Tocopherol","(+)-2-Hydroxyisocaproic acid","(9Z,11E,13E,15Z)-4-Oxo-9,11,13,15-octadecatetraenoic acid","(N(1) + N(8))-acetylspermidine","1-Arachidonoyl Glycerol","1-Deoxy-D-xylulose-5-phosphate","1-Linoleoylglycerophosphocholine","1-Naphthalenamine","1-Phenylethylamine","10-oxo-nonadecanoic acid","13,14-Dihydro PGF-1a","13Z-Docosenamide","15(S)-HpEDE","16,16-dimethyl-6-keto Prostaglandin E1","17-phenyl trinor-13,14-dihydro Prostaglandin A2","2-Hydroxyethinylestradiol","2-Linoleoyl glycerol","2-methyl-3-hydroxybutyric acid","2-Methyl-3-ketovaleric acid","2-Methylindoline","2-Oxoisopentanoate","2,3-Dinor-TXB2","27-Norcholestanehexol","2E-tetradecenoyl-CoA","3-hydroxy-pentadecanoic acid","3-indoxyl sulfate","3alpha,21-Dihydroxy-5beta-pregnane-11,20-dione","4-Hydroxy-3-methoxymandelate","4-Hydroxybenzenesulfonic acid","4,7,10,13-hexadecatetraenoic acid","5-cis-8-cis-Tetradecadienoyl-CoA","5-Methoxyindoleacetate","5-Methyldeoxycytidine","5-Methylthioribulose 1-phosphate","5,6-DHET","5,6-dihydrouracil","5b-Cholestane-3a,7a,12a,25-tetrol","8(S)-HETrE","9Z,12Z-Linoleic acid","AA","Actinidine","alpha-glycerophosphocholine","alpha-tocotrienol","Anandamide (22:6, n-3)","andro steroid monosulfate C19H28O6S","Arg","bilirubin","C10 carnitine","Carboxynorspermidine","CDCA","choline phosphate","cis-5-Tetradecenoylcarnitine","creatine","D-erythro-Sphingosine-1-phosphate","D-Glucose 6-phosphate","D-myo-Inositol-1,3,4,5-tetraphosphate","Decanedioic acid","dehydroepiandrosterone sulfate","Dimethylallyltryptophan","dodecanedioate","Ethylenethiourea","FA 18:1","FFA C18:0","Galabiosylceramide (d18:1/12:0)","GCA","GCDCA-3S","Gln","Glucosylceramide (d18:1/16:0)","Glycerol triundecanoate","Glycerophospho-N-Arachidonoyl Ethanolamine","glycochenodeoxycholate","guanine","Heptadecanoic acid","Hexacosanedioic acid","Hexadecanamide","hippurate","His","I(-)","L-lactic acid","L-threonine","L-tyrosine","L-valine","Lauroyl-CoA","LCA","N,N-Dimethyltryptamine","Octadecanamide","Oxalacetic acid","Oxalosuccinic acid","p-cresol sulfate","Palmitic acid","PC 9:0; PC(4:0/5:0)","PC(14:0)","PC(15:0)","PC(16:0)","PGF2-alpha Ethanolamide","phosphonoacetaldehyde","pregnenolone sulfate","Pyridoxamine-5'-Phosphate","S-Adenosylmethioninamine","Succinic aldehyde","taurine","Taurochenodeoxycholate-3-sulfate","Testosterone enanthate?","Tetradecanoyl-CoA","Tetrahydroaldosterone-3-glucuronide","Tetrahydrocorticosterone","Tetrahydrodeoxycorticosterone","thiamin (Vitamin B1)","Tyramine-O-sulfate","Ubiquinone 8","urate"
"HK0001",934.5263,0,6532.3049,9868.3967,5988.9126,14435.719,13123.0509,48096.5131,10257.7542,834495.4782,19996.91,166546.942,52537.7069,17570.9091,4525.6449,11791.8276,139171.7895,69791.2841,34681.6761,173524.045,15227.2038,7988.4985,542.7348,265861.3312,868.1854,229.8619,32138.3697,8108.5508,22172.5363,204008.0016,7945.0123,2933.6491,6453.4549,43637.0958,2442.9169,2951.4132,2277.2745,3485.7618,7687.2498,14209.5734,1601.3715,18720.3141,18869.2222,0,659.047,83070.1318,20804.3556,24809.1157,16471.8035,13620.2213,5025.3993,16758.387,10945.1924,11620.0113,10007.5216,11944.5846,24856.4274,29750.1748,90168.9118,42957.1515,21970.4338,10883.5925,16171.6676,67533.595,37873.0072,35213.2711,5534.0474,65310.5658,6297.8243,2198.9041,15097.1396,16094.0944,NA,9377.1974,100486.0775,1682.8228,5846.6058,25670.6862,10659.1907,90455.2388,8036.9451,6499.4687,13172.141,0,14859.5282,13940.3144,3775.1396,183268.1462,16198.0405,223562.3787,9804.377,1080827.185,1643.6542,687.9782,135428.2955,21753.6582,2499.6639,8659.2848,10723.7626,9319.3136,8951.2428,21246.6029,5894.3177,3376.6279,635.4231,4290.9601,5856.0967,28234.0755,13710.7157,77947.9662,775.7727,150843.2753
"HK0002",348.9624,220.2144,18151.1337,3996.4732,1223.69,3969.7,2523.3093,31653.9519,13817.8477,845391.561,7726.2602,47073.6558,7900.8394,7708.9269,6352.2935,4494.3436,171686.0857,26560.8409,63305.6598,416123.0823,13025.5617,13768.8101,351.7362,65066.7014,0,0,53453.4153,6888.3616,46715.287,475792.9011,1603.6194,3329.4733,16961.7363,80203.9564,1610.0361,3777.1382,108.5528,110.5801,1720.6897,14930.7625,2536.9419,18076.1795,17840.2664,0,0,109678.9246,21833.3731,42345.454,2295.3415,13754.3123,2396.8085,14348.0548,4752.572,29544.2962,17908.0446,22331.2197,29369.4041,8871.5067,327558.6153,10473.3409,22887.1403,14168.647,15139.7933,78612.6182,39321.3472,35069.4885,9100.0047,55280.654,2395.4473,4399.042,15928.7882,30845.4898,NA,12797.1867,139065.6613,694.1854,3177.5332,29160.2976,18218.368,91879.97,11317.1577,8151.248,17266.9156,0,5867.3845,14663.2247,1208.3953,11364.8452,10485.9874,60442.5041,12649.5728,255036.2397,1531.585,105.5791,74619.8681,32047.8395,5825.3599,5796.6665,15273.9491,6304.9132,8278.4928,23570.2281,1485.3886,842.2961,962.0872,2119.202,5201.2974,8727.0488,9004.8786,91732.8397,2766.6324,276989.153
"HK0004",37790.8462,35838.577,7837.6476,25029.2284,13620.8465,76810.761,21160.2666,1592064.328,10180.6311,878163.4446,35448.189,148097.4229,105442.9385,94502.4419,4106.4479,32769.2475,166478.8589,350334.1883,21725.3646,170310.4406,14446.0955,7654.1431,4027.542,1141907.6,174.8891,446.6077,130793.274,8070.1878,23294.7404,50243.6171,26415.1462,8231.8853,14869.6172,38438.9851,13337.0498,1928.3356,1988.4026,29958.2756,6280.4696,14248.745,6640.893,18741.1742,19948.3433,2453.2652,359.6103,166151.3774,21896.0845,24225.4014,47776.7302,14069.3128,8772.2953,6654.8718,57759.6673,13654.8018,6575.5275,13112.6784,28304.6826,19064.3988,307271.4011,33264.2465,24462.3747,13951.8746,17575.3428,43002.8092,11119.5841,33645.6591,22109.8181,69103.5385,15006.1579,10348.272,16866.9959,37718.7948,138.1157,6727.8006,98177.4598,5569.2298,32264.4918,24621.5081,11695.1261,119002.9245,19450.0224,6178.9308,13118.525,280.035,15048.5271,15289.3341,20114.9781,11071.2088,23535.0043,443805.897,8918.4538,998573.9606,25758.7215,11267.0836,2174043.9,16713.9816,2109.5102,31796.0917,12200.1736,5383.7165,7448.4531,27733.4359,31067.5217,17738.5904,0,4441.7365,5681.6246,75534.2979,23596.7806,150739.0288,134.0195,136129.7358
"HK0007",12364.8799,15195.8469,7113.1423,37738.8743,15108.0519,54418.5638,12200.4731,591986.5509,14236.3586,912506.3411,55191.1811,149783.22,396599.8779,109289.8495,5573.0828,32310.4348,255520.2846,394255.8428,25751.8924,193377.6178,11432.2592,10867.5086,2213.5907,1165686.054,717.1723,356.5931,107693.4146,17167.7959,25998.3942,67327.0589,22361.1363,6278.5767,12119.9957,32919.8262,16329.1226,12790.0095,1474.6638,22518.5946,5502.6381,45938.0603,8793.1512,19721.782,11607.7201,1257.6282,0,87462.5584,22689.4447,10751.6969,20237.8403,13593.776,8037.4082,19878.606,67162.373,14796.9152,12872.1295,10226.089,25317.9212,8075.4434,402680.3541,44543.8164,15562.9294,9971.5591,23787.9569,106520.8575,63282.8809,34863.983,15709.7475,37621.2037,16465.4608,6383.8576,14795.8319,140473.7309,NA,41813.8562,211006.1122,4978.1415,31113.8114,21242.9889,9374.4154,71472.7154,4511.285,6197.0971,10157.1415,0,19281.3928,13549.8874,18891.1809,181212.817,66100.3391,1351337.455,17983.4873,903081.8612,17179.155,5793.675,765974.4491,49091.1538,7584.1247,52523.3001,16445.5943,15375.5675,7327.279,24141.3802,48079.4103,19407.857,566.6741,4942.2629,11855.6716,52837.2562,36258.9638,73218.6285,2614.0734,135441.2299
"HK0008",9454.9335,6376.3121,12001.5801,17221.298,4830.7202,20402.8405,9294.2523,351479.034,13048.3534,872617.3727,23330.1564,189389.8758,48491.2003,38179.5121,5407.7237,17104.2133,151855.674,136553.7119,36545.2471,315070.0415,12288.3818,5994.6094,1154.1508,476942.6975,2846.1083,324.4022,49347.6677,9302.4792,36426.0498,81051.1004,8856.7223,6133.9805,16274.3003,109559.9641,6065.4887,6587.3301,2064.1865,8449.1799,7412.4379,17485.8917,4449.9732,19056.72,47778.0845,241.7609,879.7889,123222.6005,20395.8428,32618.7994,23725.303,12627.5575,6915.4278,26761.2743,22567.3004,21379.1477,15431.4509,6670.8098,25761.1127,25017.1437,209617.3562,41971.1997,17949.2508,12985.0679,21191.5871,66947.2516,73128.4588,34696.2769,14725.8163,64244.1062,8857.6814,6733.5988,15362.9166,47903.2165,NA,16894.4959,123542.5666,3025.417,1940.3747,30457.4176,10974.9189,72793.255,3818.8556,8145.2072,10974.6703,1090.1142,22199.5047,14692.6656,12255.7082,181415.16,27339.0137,501575.1496,12186.0815,1117961.546,4685.4531,2493.425,589380.899,29272.003,5321.1782,23088.1931,17109.8289,14221.2355,7861.6844,20883.529,11753.9507,7402.2192,2431.5066,5106.7143,8761.8633,38970.4684,20657.9101,86774.5602,1892.5472,244272.6369
"HK0012",18473.76,19613.6452,11725.0753,8181.362,8966.8829,23027.8465,5540.0084,499234.5435,15286.7398,830414.0983,18284.2024,2389493.505,477115.8126,52287.1856,10726.2712,22539.4264,104037.234,180684.9471,34321.455,321162.2557,22387.094,14151.5056,2423.6819,250397.5934,7062.0219,10582.8623,48175.4683,12813.4102,37922.9036,264145.1272,12509.9522,6202.9173,17563.2643,171514.9929,10724.7411,7664.0316,35104.3559,26829.7661,75536.0949,26914.8064,7536.4645,18220.6202,62670.8055,124.1877,11818.4807,69070.5803,16738.0703,13416.6697,11661.4746,12142.5545,19095.8417,138912.4159,31342.0796,20959.7379,14859.5907,15525.7194,25924.2724,14122.3299,399415.8424,35003.3633,10270.526,12028.8868,14995.7593,69940.3702,800501.8913,30665.9834,21107.2352,51850.953,7423.3318,8741.7062,6906.1607,40328.7223,10565.8145,20560.6317,70772.782,6762.5999,20793.4772,24226.2609,15944.3327,111244.7767,10660.7301,6721.3487,22856.5532,8248.4241,195652.702,13215.8681,13127.1089,13323.727,3989.3539,31641.8892,9159.8766,196090.0546,11831.8568,8260.3409,920942.829,14323.181,11975.7419,8780.5906,15404.2497,8100.5246,7514.1301,34044.6088,12798.6976,9207.3195,5638.636,3434.861,9855.3347,37046.9198,9762.8634,79584.5381,38068.2283,228180.252
"HK0014",3008.135,3339.536,7744.456,12217.09,8144.626,22868.39,39835.37,138339,9350.667,874707.2,26760.01,168959.1,73715.53,32462.47,7493.473,18354.17,233293.7,114779.6,33774.31,195787.4,14086.74,9393.595,602.1001,595689.8,2842.762,145.2692,91991.33,12664.89,24766.98,374460,11919.29,3152.194,8160.109,38639.41,7535.765,6521.609,2060.928,10421.08,7285.054,25925.14,3790.463,19705.51,20172.03,0,603.8642,14923.89,19549.2,35710.95,10779.96,15529.01,5841.543,17799.4,20701.52,14927.07,14128.46,15713.23,28698.63,11190.06,140225.3,24501.04,25354.25,10928.35,25068.75,73678.94,62971.32,32953.81,9043.514,65604.98,8399.911,4168.787,13388.78,40912.25,99.39343,20507.4,139247.6,2668.736,44369.81,26170.86,10302.63,85996.08,8304.387,6364.574,11369.48,2259.738,15431.86,16346.37,8647.817,170606.9,15688.1,314454.8,13254.18,1148176,2783.349,1576.766,285554.9,31126.69,2754.335,16124.97,9880.139,15090.49,8805.043,28259.97,8734.101,5970.981,1654.924,3503.043,10938,35907.37,20630.8,77693.22,2553.21,165899.8
"HK0016",1286.6654,616.1839,11553.6991,8497.6445,3734.4429,14741.0925,4990.1426,90076.223,7716.9682,872617.9649,25395.6371,149668.6766,59594.0192,19911.3254,4234.4393,13081.068,153699.1384,73491.0528,35464.9425,194985.506,14441.519,7200.6907,143.1883,340446.3149,5883.8955,117.461,68444.972,5517.162,24654.0549,124174.29,8338.8713,3181.7055,23486.5208,36097.2061,3340.6057,3410.4204,2201.4825,8074.8581,6482.3391,11110.7594,2138.8906,20475.9253,24949.4552,113.0284,602.228,134017.8872,21655.4768,14476.6989,6788.5514,13494.9432,3830.3307,40001.2383,12966.4934,11928.9217,11834.0733,4572.155,33308.4728,11234.7818,229151.8762,22160.8661,24036.2467,11920.6094,9117.0308,73838.8357,168516.3424,33312.3934,7842.1006,48313.4777,6938.0484,3626.0146,13985.4408,19944.7479,256.0823,12245.2786,125711.9405,2045.9147,2411.6298,21530.335,6124.3319,62767.6655,4919.7017,4604.5163,8357.2302,2313.4945,13323.8135,13884.8262,4036.9487,177165.7967,11163.1933,114374.4286,8581.8781,1048900.192,2656.6959,1712.5427,221809.8441,30863.6963,3955.7945,10159.4968,7680.9553,5772.3107,7234.6515,19863.4981,5924.6654,3159.5898,4093.2681,3253.3777,3698.6341,30057.7759,27721.7739,72796.2632,7059.5257,112364.4038
"HK0019",8538.2944,14730.2868,9580.5448,15097.3705,8324.4273,35968.8126,7739.4019,493722.018,9932.0587,882322.6659,27653.6342,159711.2887,86329.2363,53052.2637,8109.2316,23108.0775,230017.1604,196834.7858,28557.0725,255618.6935,13784.992,10731.4256,2176.971,828618.5836,3199.7407,498.225,98034.5765,22913.9009,31846.7552,63663.1879,16486.2244,4392.815,11496.3932,25991.4066,11472.0689,6628.6127,2409.1191,15032.2551,7394.7374,51394.2303,9090.0617,19846.1143,17969.3357,1092.3702,550.8467,49626.318,20227.2132,28915.5102,20408.9289,15185.7938,7516.808,21661.3353,34020.1397,19597.9463,11424.7626,5540.2104,30362.3079,9348.5006,212533.322,33554.9844,22009.8543,10645.809,36553.3916,72730.2287,101709.6949,33548.1107,11729.4541,51988.8326,11035.4893,4251.0406,15489.4613,59136.1158,245.2782,19373.4213,148757.7749,4112.8585,7529.6504,24394.1347,8870.1586,77841.0524,1301.3861,4965.3393,10806.3239,3373.2396,14829.3514,13443.7088,15762.3272,170205.4256,80256.8659,1814007.864,16314.4349,1029035.88,4103.7152,2809.3154,531593.9105,31739.8857,5248.0288,22239.3796,10074.1798,17501.1885,6628.9131,17338.4229,19866.5637,10562.9958,1312.3646,4294.4288,14867.51,41955.0019,46015.8295,79820.5583,588.0033,156277.0734
"HK0020",27126.5643,27123.1538,7804.2787,13747.7705,7760.2072,57832.1167,12699.1504,1430005.095,12317.6002,829606.5172,27424.9119,142311.7498,96070.4557,69335.6558,11369.1148,22509.5589,135773.3205,244423.6648,30562.5158,178887.7218,14714.2435,8631.1244,4928.3981,522914.7111,5216.3037,109.5382,79579.4192,25657.2621,24265.1349,77036.7591,13696.0195,13457.0057,14704.1391,48536.0721,13057.6584,8638.4167,740.8566,22716.6693,2388.3339,60830.4547,21126.5533,19953.0892,23071.641,8623.1604,910.0345,218812.569,18708.7882,19679.7602,13206.89,13426.6036,13561.6228,71304.5043,42154.1978,14393.9231,16316.9246,40769.2311,29598.5779,25889.9698,348545.6481,24911.506,10358.2031,12842.5628,30931.7723,86090.0318,416272.2057,33603.8192,36701.9341,51217.15,10992.2499,15180.7599,12478.3116,69504.8119,228.0459,28547.8437,127028.5581,5422.01,14716.1553,25116.8004,7634.8609,98494.5608,2768.4265,5703.6214,9618.5903,8106.2538,7530.8447,13479.6913,24094.7569,16318.5556,37475.3792,552284.7838,16144.8547,1202392.05,22033.9018,13345.2385,1789080.841,28913.7085,5761.6655,19823.1048,14363.5294,11424.5112,8950.3645,43780.5273,14611.6509,13015.0448,5477.5975,3642.758,14737.1094,43954.8487,21602.2696,98159.3862,13720.3253,217830.5603
"HK0021",1965.7649,2362.3923,11272.6306,9329.3275,4109.7745,11793.6895,16259.7408,158232.8613,9982.9035,817947.9105,18870.5946,172023.5612,42781.9907,22942.4634,8388.4307,12464.6161,156790.6372,82648.4872,48190.2668,279478.8586,13463.0997,9973.1709,1005.945,345889.2236,5378.2032,560.7529,28835.2462,10483.4938,33830.2038,191203.0754,9828.2465,3570.0671,13949.9666,32078.0471,5218.6322,3946.5504,2791.1132,6373.5021,7479.9019,18310.3394,3442.8308,18192.6673,11569.4115,0,1027.4564,127867.0353,19251.1262,16765.8578,12262.3997,13293.519,3816.728,87348.116,13407.6852,20779.8365,20491.3838,54025.3262,28928.3785,16874.8524,220766.8739,29286.9369,22176.5975,10269.7025,20350.9074,66197.8037,460016.4151,38999.0871,8762.4698,47595.0002,6416.2221,4292.9213,14309.6306,24040.2564,129.0816,10123.0419,117080.888,1722.1931,3885.2485,25698.9793,8840.5805,82903.812,6747.8104,5932.6065,11502.0974,2839.2973,14659.9853,13705.8681,4252.3611,183515.763,23402.1178,378658.3513,12176.4636,1077537.596,2693.6242,1816.8119,272871.8629,26283.1705,6045.1972,12744.093,11357.8535,8767.8107,7751.1248,38006.274,5589.0491,4113.5208,4115.4478,2907.9652,8579.6505,32460.4767,6479.2122,68621.7187,15723.1223,171023.5474
"HK0024",7200.0116,7082.9726,9327.877,12898.5903,3620.5105,16676.0069,10452.0771,225712.2994,9487.4574,859135.3279,24591.9795,156801.5107,118143.3279,35825.4965,9848.3672,16660.1946,224888.2573,122741.6237,37771.0234,235327.2799,13076.957,10344.848,1143.9578,465699.2938,4351.7673,116.5076,96805.051,5812.3155,28883.2365,120562.9273,13371.9773,3832.5216,11158.8077,65259.6525,5955.3886,5276.5389,2244.4041,14768.6642,6466.5481,10183.6621,1625.5503,19469.9196,27671.1492,104.2004,827.7562,51284.5116,19314.7575,36353.0918,9003.2746,13657.1506,6350.4395,72498.415,22584.003,15412.8211,13198.316,32473.2295,27837.6667,10947.6969,149860.731,22477.5929,27029.5598,13813.7077,13289.8864,77489.3969,249766.4968,34671.5786,9193.7757,55396.1905,9550.3026,3913.5142,13215.2481,35743.791,247.94,14416.2218,130723.0454,3518.3556,7991.8355,21732.0234,6511.9812,83472.4733,4701.8103,5966.7573,8870.7222,867.431,14888.4035,12850.6054,6264.7508,15986.7225,53240.2908,1151546.483,9549.7498,1025702.555,4974.6456,2951.3258,340744.7168,28083.0847,5841.4559,16607.5957,10478.1881,8402.4013,6375.6476,30075.4944,12407.0584,6545.0473,5134.1237,4542.6783,4607.4654,47239.4001,36993.4111,78887.3931,9499.1851,171712.783
"HK0025",1563.2628,476.185,14124.5001,10053.3493,3672.11,14833.6341,4700.958,104939.1552,9464.9379,751282.083,20685.2917,139966.2645,40607.9438,23353.6205,7156.1601,13957.8554,247625.5539,84741.0386,47669.5996,376153.7842,23482.3887,11875.7005,535.0725,272667.9092,656.4104,559.5233,75129.9793,2838.3491,44955.767,257028.9504,8306.1751,3319.68,16887.7073,38570.385,5158.5085,2796.4252,1574.9367,4751.8685,5770.4686,6389.2806,686.2294,18218.7807,19892.236,106.79,705.4505,162290.8992,21140.3562,10350.2361,13558.8108,13991.7926,5115.7617,49176.822,14117.7903,28145.6636,11068.3769,13436.4915,24767.9888,27804.768,493846.0329,16837.8615,26171.0861,10714.2323,6373.6821,67311.9735,41306.2606,37887.1907,8710.1129,52689.6214,7484.2305,2774.8375,14064.2165,19997.0934,284.8159,9934.3119,111737.5771,2658.8125,2381.871,21272.5285,11097.0292,73716.8599,5056.7007,6684.2854,11350.4611,0,12389.4659,14162.6275,4013.6816,178947.7666,29066.738,458452.2343,8185.5232,862677.255,2843.7979,1490.4731,205390.3772,23422.9778,7125.702,9849.1044,11308.3594,5225.1077,7212.189,21811.5785,5618.0943,4898.7284,1841.2528,4712.3783,2222.7334,33211.8644,20235.4203,68774.3692,1654.4781,236781.0877
"HK0028",8077.3686,9726.5796,10477.1111,8143.5087,3142.4205,25647.4881,6460.3955,350921.1838,10540.0127,790951.8925,22464.359,201585.1506,104167.0896,30953.5913,11393.6801,15562.7092,135339.57,105807.2078,28609.5007,321071.1198,14414.4782,16385.3387,643.511,296303.3008,4232.1448,478.0081,49914.8636,17340.2491,43740.6477,121400.8337,7493.2365,4350.5849,10394.4414,30299.4416,6895.5574,6535.3976,3218.5333,18480.4513,8399.4537,37154.5018,6786.9411,17440.3615,16998.3756,0,1101.7301,87277.943,18336.8226,15479.8913,14916.5014,12387.7609,8131.2599,116359.0509,18106.0267,24340.1547,13095.0504,19649.5688,33601.791,13848.31,240037.7281,21695.6529,7828.0375,12864.3766,23081.7712,85946.0011,681766.0102,32756.459,12459.3381,65125.651,8126.4405,5822.1732,9160.3649,23771.5765,108.373,17447.444,89879.842,3590.4438,5726.8044,28792.2686,12980.8452,100770.387,2575.2329,7889.6337,14862.0507,1792.0156,18633.1448,11997.2277,7321.7723,17376.2238,21317.4121,322420.0003,11617.978,1228581.212,2744.1889,2926.0687,478012.0519,23062.3491,9080.574,8474.9766,12384.1227,11518.9903,7219.1984,45506.1303,5681.2459,5195.5706,5227.611,3182.0069,14261.3465,37830.8126,13719.5625,86133.3779,22073.1548,180290.9661
"HK0029",0,105.8219,17792.8077,5735.9543,4075.8858,11469.5764,19216.4675,46159.705,6513.8213,824804.3075,20431.0157,156089.2966,43308.4528,13987.1869,6086.8338,9662.1138,108751.4655,47763.8605,40178.8914,351832.6172,20544.2423,12056.3525,117.5304,303228.5814,0,165.7114,126545.9537,12126.0107,38925.1302,380929.2159,6483.786,3104.1173,18691.3663,24503.5697,1706.7445,3779.2567,2942.3098,2904.0361,6965.172,22718.9692,3826.564,18764.6659,13969.6127,0,957.6672,213791.7385,21384.188,45869.0281,9129.1025,14035.6468,4273.7969,20899.2131,8229.5807,23588.1055,15943.9578,42686.6017,30728.3873,19539.065,443169.2075,15932.1865,23249.6136,11032.6151,19613.9238,64531.2174,20713.7345,35995.6023,6089.3777,50772.8681,4735.9792,2851.3188,15276.9831,11147.8774,261.7992,9288.5386,116386.8695,2151.4542,19446.1439,24925.4136,9746.8659,75789.4655,6731.5064,5588.6653,12600.3452,223.8624,13475.6404,16110.7314,4211.6583,168761.1167,80967.5251,1834659.573,10504.5378,1078837.729,3050.5384,1100.2604,139686.6237,25844.9108,1953.2844,5487.5346,9493.5231,15957.4276,8241.8936,32958.9826,3310.971,2440.7195,826.7432,3446.9651,8092.2587,33772.425,52168.1901,79506.1462,1299.0322,181439.3494
"HK0030",17519.8097,24595.7918,9491.9789,14268.5999,9586.6714,44658.7765,12447.842,676097.8102,6601.2768,878336.1585,27971.561,179397.485,136233.6458,57589.0425,10189.0052,27357.4038,191351.1293,207620.9568,40893.9475,232120.8945,15815.9842,10206.6672,2725.436,865610.0599,478.7054,266.3763,92775.8709,16219.2993,28073.0174,87936.5911,17846.0461,5259.2674,15381.9209,30216.2954,10845.4953,6418.3021,3325.5599,25569.0035,7963.3692,34241.487,6394.2598,21079.8653,11210.4467,3286.4601,1065.9468,209552.1546,22743.1761,20369.6251,19776.2605,13107.8696,7979.0001,7225.0937,35988.9128,17130.4747,15004.0252,22740.6221,32814.8886,10268.5298,325699.7902,32084.5577,22010.78,12097.4199,23222.5047,77994.4595,15613.4238,34691.7014,22737.4674,59361.6898,12357.6211,9933.8231,15944.4264,66769.5379,208.9752,27372.0824,161720.1835,3635.3942,34604.0146,28470.0847,10241.3049,79471.3105,10001.4403,9212.3158,10894.1811,154.9701,13944.8754,15847.8106,22365.5584,10283.8446,24823.1476,377218.8763,14406.2818,1213566.841,13067.2251,7002.6949,953808.1322,31137.2071,2163.0056,23264.1176,7626.4993,14070.2304,9340.1695,22510.9312,20607.1397,11869.3274,546.4649,4185.5853,10189.3229,55839.7153,34859.338,87675.3145,123.528,183869.9147
"HK0031",4514.5431,10468.9005,13415.8685,14002.8316,5657.4916,24047.0582,12566.2453,361868.7484,9895.2111,869240.3193,25193.0868,188931.3259,44608.6086,39647.7772,7416.754,18245.4712,189142.2908,143792.7824,41389.7487,327049.8563,12983.9471,11301.5149,1049.6384,536081.4447,2167.3962,396.7334,15498.0076,9192.566,38073.3097,49524.4655,12296.6025,5379.2169,20204.8149,17114.241,7578.0974,4341.7657,2435.7393,12843.4094,7548.2056,18281.6435,5748.1311,19221.7298,7589.3303,100.4241,867.4574,126115.0268,21491.33,23089.4058,10939.541,14037.2809,6639.1337,21125.445,23620.5787,21444.8382,13096.4841,9219.9639,25747.8421,18057.5119,267751.1535,40283.9546,17250.061,13140.7804,18643.3198,70607.0574,44398.2726,34900.9609,14763.3683,48768.2824,9198.1603,6782.0448,14702.9912,43035.6933,119.4884,12762.9648,125524.6605,3476.7067,2536.5528,24897.5961,12187.4104,100243.2208,8787.1032,5021.3843,14004.0712,229.8945,18410.2197,14220.2264,9303.0738,180838.7778,4249.4446,42691.6943,11594.804,1135882.556,3777.4724,3629.6126,566575.4411,28143.9937,7028.4896,19612.6913,11771.1131,5315.1649,8268.9401,16011.8215,18153.3808,7525.041,1114.4832,4059.0741,7140.6075,37093.5443,3628.2585,76159.6821,1457.5961,176718.0664
"HK0032",1437.7312,1492.9297,15461.3015,15379.9771,4391.7362,20848.5105,6121.1211,117384.4756,9638.6803,907860.135,27752.8322,167965.7823,90648.4994,33825.5802,6365.5571,19089.631,183682.0665,124151.0832,49800.2373,369506.2192,13117.4685,11941.5588,400.2499,508863.4283,2677.8612,568.3664,174310.0048,6640.5885,40581.7441,126583.6413,11652.6262,3636.5356,16003.7345,21340.3691,8761.0322,4497.5743,2590.9393,12553.7699,6590.321,12131.2954,3390.9686,19414.8052,9045.4626,0,810.9693,142641.0253,20544.9281,15698.6859,10116.6272,15021.4157,5546.4029,22526.4057,20595.0276,25664.393,13050.3154,18050.0425,25213.0315,27943.0765,327019.911,42303.274,23340.3241,12672.0459,12411.4126,78218.3768,58384.7844,34419.715,7350.4975,68126.0838,9799.6393,3658.2102,15030.9735,44868.7009,406.0582,14504.3704,145949.6249,2245.5462,14680.3705,30628.5207,18497.771,87811.0422,13682.1129,8959.0619,15808.4545,1497.6282,17368.4463,14587.0428,5815.2368,167608.4579,75885.9817,1387054.586,10704.4517,1039080.743,3024.4918,1498.9344,223784.0577,35789.4607,7578.7013,19921.2557,11342.883,5271.8545,8898.2113,21780.5069,13226.8276,7503.9578,1521.1223,6212.6857,5047.8324,43058.2783,56733.7416,86147.3432,2407.3997,226476.2584
"HK0033",30755.3758,30093.5782,11039.5194,11746.5398,7827.4859,41884.8214,11612.8371,743461.6453,7965.7625,846061.9424,29754.0943,166159.472,212991.9655,41785.0294,9790.6305,20459.4814,211745.1543,148010.6337,31439.0227,308435.2295,19208.5582,13040.4819,2608.154,627013.1734,309.1407,105.069,70519.5504,14629.1267,33223.3652,225914.0795,13101.1344,6177.1127,16464.9375,145101.252,5722.2818,5671.6622,2513.388,25455.823,6983.9227,28963.608,6245.3992,20219.0543,43707.0144,0,522.4941,19165.6599,19524.2481,43599.3678,23456.2638,14403.8745,6638.4371,22258.9929,26328.4552,22276.53,19707.6739,20355.7342,27271.1802,24177.1633,95772.0298,20533.4735,18161.5417,15346.2735,25210.3465,78369.0444,52439.8377,35346.7564,19613.319,64717.1459,8738.3202,8726.3264,16847.1498,43471.366,392.4067,20422.9871,138407.7145,5020.7534,3891.5983,36051.6011,11456.0875,96480.3017,2014.7006,8036.3028,13568.6477,251.5446,14653.4646,13812.6013,12278.9535,8868.8024,50475.7385,976263.5145,14163.0609,1106324.258,14982.4421,5946.3124,1042926.567,30655.8955,2412.1029,17020.3057,10491.8082,10900.0093,8545.1745,25570.3272,15398.0677,7782.118,491.8207,5510.9325,10597.6987,46747.8283,24229.9503,90822.152,796.3076,289495.4478
"HK0034",28282.1777,27372.6486,7163.4279,56840.5849,15230.2022,57600.363,50903.4548,994822.4903,16373.6932,854429.5638,65919.6546,150112.0596,199066.0546,169223.5794,3827.6371,39485.2079,152655.0856,622317.6332,28449.2149,227244.4483,11835.7211,12174.8497,3955.8154,1487782.856,6810.4524,104.4966,22963.3318,41920.6011,29855.0405,37594.086,24537.3784,8337.8018,7630.4133,42557.7609,13591.1521,25231.8615,616.2058,45983.57,2626.7076,126320.65,13536.3136,20290.0098,18762.3887,4463.971,296.2726,98001.9189,18748.4123,23691.306,35180.7193,13611.086,13986.7797,172001.1899,103118.2233,14215.5516,12539.2128,28466.5821,20566.9411,16287.5657,201347.235,42928.3793,12356.0162,13725.6817,46920.0968,111122.5361,940171.6268,34802.799,24833.6719,61392.6816,23872.5424,9325.2917,13659.7154,237028.5559,NA,82031.626,308894.8965,8094.0156,6822.5497,22954.6361,10751.0757,98532.4753,7933.2345,5832.0125,11801.0757,9619.2782,12793.0918,14822.3238,35238.2683,19730.646,4298.1899,116853.4051,22445.6635,1075700.165,10179.2096,7509.1814,1273800.958,50444.2533,13162.3324,91736.2256,16902.2087,51999.8189,9300.4542,27623.9835,55358.8307,30027.9976,5087.3656,3624.2539,25069.1919,54739.2905,8449.3362,84432.5367,31413.4476,140422.8542
"HK0036",22499.3103,31132.7225,9138.4813,12244.3459,7878.7656,45265.2291,4639.4244,1227816.394,12165.7316,729669.2707,22405.2751,182402.9248,329805.8348,52041.6078,14881.337,19268.8077,141078.6912,186208.7434,41441.6508,201542.6676,22966.779,13155.4819,3144.9714,523335.6181,1731.4541,287.0467,46556.3207,35213.1404,24468.1823,265276.1392,10482.8689,12721.0697,10585.0698,16694.5574,13357.7639,6118.9837,2402.7892,22418.5709,6967.8277,85069.1265,13542.39,19875.9149,7941.9252,4038.845,733.4683,127951.233,18143.4736,10016.9459,22876.3888,12170.2961,8331.1883,131511.445,33279.4438,15077.194,16632.1054,23081.9431,27306.8851,7501.7199,544772.083,23189.182,13292.6409,12930.3483,49121.6604,70814.1787,168622.8539,33198.2944,32541.3936,74699.0752,9554.9421,13336.9345,13536.1384,60839.522,NA,22742.1545,101945.412,7617.6505,17473.7841,27351.7167,13560.3074,114456.8279,4179.4888,7384.7349,15922.5089,901.15,16827.4025,12097.2423,16520.2414,16956.6153,28436.0447,361115.5416,19338.2106,1087818.463,20600.8938,9397.1821,1534857.752,26509.5557,16799.9724,18681.1684,14612.0259,23740.093,9027.1334,42520.4234,12230.4249,9881.4236,4258.2902,4676.6842,22514.6574,40312.8975,22892.9858,93648.3835,13743.9554,193505.6936
"HK0038",4688.743,4245.1907,11657.5851,17273.6318,5528.6402,20467.2889,19616.6205,183057.2049,7516.8107,820835.7418,27246.1455,160796.8472,33046.6498,33178.2576,5774.3771,16819.6885,204408.8025,124223.5504,35953.7109,246874.5351,17454.2477,8758.3572,1091.5599,508546.3246,1634.614,189.0111,105655.6612,9033.7177,28940.6868,52166.9346,12223.0191,3805.4445,11374.2363,32617.3668,9634.2399,5346.3633,2064.2851,12368.7469,5862.7452,20232.1035,5618.0283,18495.1461,12731.9845,142.6701,685.1889,227828.2737,22022.6356,20793.1685,30587.5358,13440.3429,5663.2864,28066.5739,21352.4038,18335.648,15625.9963,46179.7757,31690.3174,12763.0615,358135.1718,20219.5025,25483.3279,11087.8777,19820.8272,82254.4067,15849.9931,37494.5939,9988.0375,59508.6166,8840.3416,4336.2313,14791.6502,44222.1484,NA,17592.6893,140503.5196,2435.6428,37601.2398,26712.3916,11148.7419,80444.2371,2081.5054,5753.7426,10302.5471,1272.0091,16387.9215,14062.1828,5169.4944,185938.5931,37572.9757,713782.7293,12981.3302,956087.3506,5658.9548,2799.6774,334690.8769,33525.3879,3292.5636,20060.2321,7857.3108,10029.6053,7067.186,44836.8663,14368.2354,5953.7987,2423.8635,3595.4524,8236.6908,38517.8633,27030.8354,78860.4927,1562.3926,180299.8707
"HK0040",20907.3022,30675.2271,6554.9898,10384.5248,8261.2813,54271.9318,6288.2268,776051.0527,8570.8032,694193.2356,22114.0952,2329415.519,372361.4625,74774.7193,13367.4663,26016.6357,139611.8244,266456.382,26733.9872,183441.8114,36667.4494,9205.2954,1612.1796,439705.0426,497.9967,10236.7138,49336.6918,17040.863,22993.2281,300537.5107,18441.1843,6931.6361,10905.7012,85238.2086,13396.1926,7222.8526,34730.2328,49900.4925,78094.6718,33016.9736,6087.963,19312.2607,32924.3695,387.7393,11466.6126,77040.7166,19672.8257,11049.7832,12207.1452,11972.0098,60195.4633,81743.3418,47037.7208,11869.5694,11542.1311,8958.1504,27716.3177,19166.9702,119377.8926,23932.8841,11483.7306,12801.1894,20925.8842,71780.0142,105214.4852,30432.8885,27982.1296,62917.2922,9411.0558,9773.397,10827.0647,48521.8497,11956.2804,22864.407,122716.7,9471.046,12194.2857,23746.8159,10657.7928,79642.4762,12948.0879,5698.445,12994.094,692.8841,169283.0816,12622.6608,16518.7081,12708.4767,6095.9677,42216.6485,12281.6258,198265.4131,12185.1903,8683.5296,1289788.553,20942.2212,12029.2569,11669.3338,9399.7348,8638.0211,7421.9454,20078.653,18454.8855,12748.2776,2371.5394,4582.1512,8742.7164,49591.6411,7870.5742,78585.4452,3249.7602,186246.7933
"HK0041",6642.8379,12267.281,10898.159,20170.6761,16526.9283,42150.5338,9940.1977,545190.7241,11549.0838,856020.5262,33490.1019,179928.1209,177811.7317,68447.9292,5982.862,27002.913,102447.8448,248972.9868,41682.251,271099.9709,14184.1183,10429.143,1740.0461,788276.1817,588.5077,416.8277,33828.2551,10562.7994,33529.0437,177048.8174,18920.8777,6923.4405,13535.5124,15784.3726,12362.538,5321.7263,2491.8254,32093.3024,7285.587,23555.1427,6375.9593,20485.8439,6363.1755,289.0745,572.2817,229663.5936,21063.5312,33462.9485,12308.7543,12877.6248,8556.0434,17425.7607,44092.499,19474.8507,15014.727,30720.6636,27580.0887,9223.9866,353058.4423,21589.8798,16620.7987,11650.5254,18419.2705,94646.0433,24551.1286,36351.2977,16838.2936,54149.3037,13926.8251,7299.6152,14132.027,82532.4143,274.4985,21830.526,175923.4875,4452.5902,28088.1225,26402.8481,9933.5954,80080.4439,6180.2167,5176.9335,11320.174,177.3881,16686.912,13754.3659,11087.3486,176905.7295,29208.7244,203788.1159,11979.3734,1105367.497,4939.0542,2269.6061,656185.093,42080.8691,3169.5303,28181.0179,12065.0372,5391.9962,6724.2714,32726.9221,28024.2298,12896.5544,238.2099,4408.2899,7837.5235,55201.0705,8293.2339,77566.3883,675.7745,224718.9303
"HK0042",6737.1329,18177.9487,9105.5735,27842.9774,11991.5148,59851.3807,12812.92,509120.1525,9628.9347,877013.2061,40958.7384,186087.9599,90898.324,96872.5435,7369.9785,33098.862,219976.8798,365548.0199,29294.1459,174897.3108,14163.5581,8927.4073,2586.6514,1028919.166,581.0496,360.363,21515.1561,24082.323,22663.498,82130.8249,21657.6126,7960.135,9332.281,8453.6673,12412.0664,8003.3741,1976.1165,37892.5059,7450.9706,56260.3418,9519.5575,20322.0022,5249.3547,226.5013,417.9995,76900.6436,21996.5197,13298.6275,21406.3988,13206.4822,8496.5295,15846.6117,61158.5617,12651.4004,12468.4514,36620.3895,26196.609,9351.2182,580279.8583,37969.1831,17540.3718,10365.1994,28375.7503,111411.3497,34304.2159,35248.7962,20256.6285,49920.8448,16853.0105,8654.9805,14729.2449,89681.7952,NA,30360.7798,250254.4017,4945.807,6497.1535,15121.0421,7899.6845,79930.7978,6488.1771,4801.852,9236.2951,173.2249,19387.9083,14092.0376,15376.7686,167988.4343,7920.8688,32792.986,15003.3241,1143435.984,5579.524,3451.3618,772878.1165,50469.3514,3424.0526,31152.6958,10848.613,15077.135,9398.4961,36244.5764,34973.1683,19155.0019,1032.1719,3209.139,12089.2863,60155.9293,5513.8262,79494.9819,1830.6917,170719.1976
"HK0044",11688.8197,10080.672,10058.0632,27292.8446,6539.9938,18611.6516,5855.9831,476258.6474,12661.7023,854659.2644,30369.907,193013.4942,175055.3168,60242.8529,4055.5974,18666.6145,240439.8717,206387.7583,41461.0116,247528.345,10818.7485,8908.6496,2545.9298,652775.7479,1965.6416,143.2074,56269.5258,15792.1555,31632.162,39544.8058,11950.4278,5896.561,8135.2526,30180.8002,8669.4244,11699.0869,2285.3141,8441.2393,6174.8057,30064.2294,6757.8073,19904.8803,20811.2265,1570.2687,427.9902,87702.4313,20848.2373,22175.0261,15842.3611,13179.2648,6819.4402,81450.3024,36807.4047,18047.0398,17559.439,43372.2211,25664.198,11151.4289,211621.2622,18654.6081,12811.6071,11960.3853,26183.4865,88376.0532,267209.2921,35052.2621,16881.5434,44958.1677,12987.4555,5934.53,13217.0481,85352.5389,NA,30693.646,131067.6798,4929.6309,18002.2946,30485.7466,12195.0427,74375.1753,2442.5867,5696.8557,9241.4334,4418.0743,27197.8021,12440.2975,15353.2537,165670.0073,26888.1225,530968.2221,14512.8905,1207065.703,6402.1349,3677.5211,778911.5259,37543.0793,5118.0871,39535.8884,15929.8377,16049.1958,7260.811,38582.7091,14840.8132,11810.5474,3994.5375,3670.1383,13540.6288,40226.0213,22443.4515,68669.3457,7215.5592,157531.4182
"HK0045",4513.3336,14979.7036,9264.264,13225.7199,9144.0313,32975.2133,12686.9368,506342.5964,7611.2842,779977.6362,24301.8848,172158.5073,68836.1992,56540.6528,14459.8438,21727.8327,124965.1999,202589.4906,32268.8328,207838.0665,14524.3764,10299.5259,1650.913,417307.7994,5713.6894,243.7688,10882.8068,13194.1549,29211.868,44888.4,13932.8363,6383.841,8399.4104,4167.8021,13046.9918,9876.6701,3323.3321,24757.2987,7320.9948,29066.6755,4370.887,17658.3302,2277.8731,274.4139,173.893,262837.7278,18254.3509,20432.9857,15933.9968,13140.0968,8411.0773,117944.0561,37102.0126,14239.8526,8362.2929,6673.4342,24975.922,13943.3011,531736.7693,27448.3906,10028.2529,12351.7206,15923.437,88138.4941,891880.4882,32173.8916,16976.6625,40769.473,8178.6311,7358.5775,7575.8102,65463.2836,653.5255,22011.5923,66084.6583,4180.9094,20420.3394,17053.4464,8083.7641,65931.4711,1487.1541,5091.8259,6780.5365,2369.1763,15445.1022,12550.6539,14420.2825,13597.544,7774.2763,63086.9921,10401.8879,1113163.537,4805.4284,3045.196,665996.2759,22734.2785,10265.655,15347.9945,12027.8102,5398.3314,7446.7005,12031.3307,19756.3669,11568.6053,5162.7306,5065.5474,9726.5948,48769.2591,5635.514,58879.5638,7278.9753,116107.3529
"HK0046",17494.3489,20848.6139,9188.3796,10599.9914,11164.3658,77555.1874,10812.0084,1257286.042,6133.0501,726730.784,29327.4199,2921223.412,143944.9401,86060.4864,8918.6217,32852.7905,147437.8009,319949.4099,22790.5038,154067.5648,35894.914,7300.1788,3550.9266,495876.3638,7731.4368,15132.4122,58485.2391,3438.1073,20989.7225,325670.811,17184.4077,7188.5834,9327.8362,10188.0122,13025.0861,8129.7507,39936.3826,37902.2617,91958.7567,7256.3853,2149.2821,19300.7389,4175.7316,854.6639,12309.2304,250237.0912,19862.0707,20293.4765,4007.3335,12607.1288,31076.317,89700.4411,54281.2808,10520.0729,12642.5815,24988.6233,26078.1027,12280.8696,366456.4333,34633.1306,12567.0972,9736.093,4694.067,81209.8361,477900.8495,32617.5279,22430.0864,62296.047,12561.994,9767.3471,9763.1043,56234.6595,13513.0483,25446.5636,167315.8523,5959.2584,39784.0681,25742.719,8931.3719,77123.7097,10727.8204,5672.4092,10109.0786,9631.4209,223106.6101,11941.4074,23938.6746,14133.0951,49512.5033,870420.955,10440.0768,253590.5303,9798.3488,7522.9713,1162898.034,28738.7175,10555.5294,14213.3074,7270.937,2217.3341,8099.2824,17120.0062,22652.3673,15674.6933,4386.2602,4774.3771,1841.7465,78819.2769,31042.5144,60628.4688,11173.414,117561.6352
"HK0048",44143.0249,51947.6317,10251.1524,15868.5998,12456.1132,80867.3511,8924.1171,1446933.377,12453.914,785333.8947,28133.5453,146904.46,211251.1153,82149.0975,16536.7534,24605.4983,185283.3067,285088.6652,32659.9503,264689.0035,15253.178,11896.5019,5798.6777,476375.5287,6043.4364,382.1207,54357.7333,16146.5513,32730.1026,260111.7393,15339.8869,12362.5998,13582.4798,87321.8289,16261.4564,11737.6249,1950.5782,47382.7125,4925.8643,36742.2836,6919.4145,16962.6955,28662.1875,3632.6848,123.7666,85787.0199,16568.6786,23601.0655,7576.9295,12145.7004,10495.4674,113248.4399,49636.2989,19005.7656,15369.9565,30252.4552,30938.2603,9378.9168,201135.47,28495.3977,12045.2723,14440.5683,23339.266,86163.5437,565491.9102,36420.5397,40585.1558,49029.6828,11792.9501,14635.4362,9300.2229,105443.7459,110.3218,32788.1195,109107.9748,6675.7309,3559.7372,22653.5029,18568.4957,98226.1909,1419.7135,7599.0688,17989.3203,6942.0715,13674.9515,12213.9985,24096.9806,16464.6162,5651.0005,43359.8409,17555.6937,1005312.887,16479.3632,11364.9967,2130403.034,25979.9428,10338.8807,29832.1894,15580.1285,5171.4485,8880.1922,27535.0908,24645.9901,14593.6553,6620.7139,5394.4834,12759.0451,59949.3722,7360.9835,89775.8572,26678.6649,214271.4644
"HK0049",10771.32,15012.78,11383.5,15691.39,6977.031,31429.97,6803.987,477561.3,7843.921,835415.9,29697.48,183295.4,360794.6,48985.58,18433.36,22911.3,169921.9,174895.9,36803.7,270184.7,16000.58,15247.85,1266.082,755310.3,5509.343,98.33508,99002.99,22712.43,33599.33,196871.8,17387.58,6823.356,13903.97,22542,8239.333,8423.008,3253.518,26665.84,7562.271,53317.45,6050.733,18958.18,14981.05,0,945.6637,23417.96,20659.86,20321.68,10483.38,12886.14,6685.083,90868.2,32408.03,19679.07,18572.83,33645.37,26014.61,11430.78,85102.77,24711.41,25015.74,15000.39,30333.34,87378.37,366042.6,35990.06,18339.92,75175.23,11171.61,7536.004,12996.57,52434.38,125.5086,20376.39,146807.8,6132.245,29299.54,29857.03,10609.71,106250.7,123.8673,7700.735,11881.71,1876.065,16634.04,13479.3,9426.638,15184.57,53287.42,798319.6,10768.9,1212985,10120.74,3819.059,727069.9,34331.51,9020.12,19109.4,7658.327,17986.54,7009.956,39196.37,23053.82,9822.22,5460.546,4222.255,15851.59,55099.68,78898.48,73725.27,16695.25,172934.3
"HK0051",29691.1778,30328.952,8707.9912,14970.0083,10604.0771,57436.3719,8852.876,951234.1135,12600.2515,821283.4571,38766.183,177132.597,231506.6374,74419.0561,10145.7852,23721.4969,198274.3189,248653.946,46278.9572,188385.66,20874.1356,10292.117,2260.395,705723.3699,4818.3662,283.5529,57285.439,29276.8252,22232.2012,74493.1472,18888.3781,10491.4098,10583.8109,62846.0567,10564.3407,9426.1039,3221.6986,22610.9035,7680.5738,64650.8941,8858.9084,19516.3483,32349.135,4608.2905,224.6675,103109.0582,20237.2955,5495.7612,13061.7833,12285.5629,8022.9032,127132.6135,44118.9847,14289.3888,10793.1538,9982.5174,25739.2798,6823.9331,198290.5699,37688.677,13447.8439,11887.2053,26684.4262,77276.8551,608684.8089,36405.8028,32279.1967,70226.5354,9373.834,13295.4,10946.817,52436.0641,321.7519,24472.1796,130633.4671,6902.6048,22326.0819,24306.0364,7775.8072,81214.6352,361.9919,6991.3679,11042.4981,6204.5424,16319.4294,14755.4302,21331.5465,15026.3353,25370.9146,288932.3895,13269.5163,1158310.223,19371.1999,12256.7927,1619075.143,26001.8461,12103.1491,22340.0714,14170.9737,11513.8295,7185.6228,18798.2604,19075.2778,13251.856,5111.2083,5294.6756,13132.1771,56123.6109,9529.0473,81287.6158,20903.9735,156701.1564
"HK0053",6600.8236,6919.6384,13008.0258,16179.5374,6333.9297,18824.9562,17827.9238,480929.8883,8164.4544,837234.0479,25677.8303,127862.5688,100030.816,38992.9359,6100.7176,18165.4039,214926.021,133888.9768,41497.0207,358594.6774,12720.9173,11109.5629,382.8706,553727.0692,3803.8021,384.9153,42663.2091,16964.8669,40216.2238,83348.9901,13219.9417,5599.6715,13230.4425,61640.5753,10045.3968,8105.2205,1413.0344,12397.1046,6124.1267,35758.5547,4963.5652,18527.1641,28856.1404,0,549.1908,112482.5497,19688.157,13661.5188,18256.6747,13263.8755,5596.0138,44633.7648,21878.2576,27704.0352,10768.2073,20400.5308,31397.238,13888.8801,517565.9972,35544.968,33482.0333,11521.3402,25029.1067,78866.169,141980.9562,34596.4469,14029.2887,53372.7352,10149.8166,5188.4524,15343.1113,52706.4832,NA,21727.9957,128772.646,2419.4884,7461.5642,23544.4123,10762.5968,81875.2929,11390.2992,7192.6044,10840.5011,737.7286,12896.6293,14997.6032,9853.2665,176846.3434,47950.7461,870375.6173,15810.8625,812451.8684,3891.6612,2989.9205,505726.7282,31521.9116,5741.4937,21562.2768,10283.4966,14524.3916,8404.0227,15211.2259,14813.7821,7157.356,2981.5466,3509.4281,10084.1074,35691.5137,25876.3909,76521.411,6075.592,150862.8215
"HK0054",27812.818,31902.2395,7741.243,17495.0351,9527.9873,75961.5684,10170.6075,1811744.161,11988.5805,788568.6559,31836.31,189766.1067,76136.9932,86632.0274,21045.3122,27094.5423,133149.9396,318506.2972,35416.5196,153121.8102,16628.3697,10151.0717,5998.513,529623.265,5154.6421,131.5531,21479.9008,21079.5857,19142.9162,65342.8256,18741.947,13351.0746,13452.465,56369.8077,14057.4664,9768.4884,1104.7286,56597.1598,4531.7087,49989.687,7638.4983,20038.1175,16793.1305,4441.0147,1024.8717,77240.69,18211.8418,8979.6001,7880.7516,12201.0378,11543.5848,101783.3466,57770.9769,10448.6082,13059.2382,35077.4657,25525.3908,8974.2119,139628.6101,25269.8129,14689.9016,12297.02,25917.6585,95628.6975,363236.6567,32532.2855,33859.9695,57125.7703,12602.2944,13727.6593,11721.9201,92766.7619,244.1444,29552.6466,151391.5945,5148.0415,33359.0892,19171.0114,7590.4926,91852.7573,3565.6869,5248.1568,9776.3548,4967.9168,9781.5126,12778.3921,20130.8866,16212.9133,18536.7897,136870.2707,13312.9513,1220352.872,16955.1647,7912.2118,1752409.005,30465.9454,9082.5702,26130.3518,11104.9547,11966.3547,8761.5832,29179.1199,27289.3959,16842.6966,3982.4204,3785.667,11737.5593,66094.0539,7483.1045,75379.8336,18333.3854,134042.4057
"HK0055",19535.4244,28248.4487,6005.0343,11703.4406,9174.2139,36728.2553,21984.4975,1279770.927,9243.0844,775616.0792,26396.685,167176.467,67770.2795,57149.337,15306.2908,21228.2825,99549.9226,202197.1181,26935.4506,167217.7838,13963.5612,11207.4372,3568.824,520635.8727,6507.6338,540.4898,158476.5575,26106.8255,23404.4951,79179.9375,12513.6085,10479.9212,13471.8446,22368.8333,12792.1082,10269.2754,2600.6082,31967.5623,5859.1315,63185.5834,9437.0509,18293.4479,17550.5569,716.8802,498.8133,27063.3137,16372.9127,11084.8739,7864.9248,13027.0601,9292.4705,120642.0224,36463.0749,10825.0894,10163.2739,22362.7019,28923.721,22708.8732,83758.4482,33038.4371,17689.1322,11676.0224,37401.0255,90500.8837,711552.5251,33862.0708,27705.8373,45507.6189,11430.9358,11309.4088,8473.3559,63516.8967,NA,27170.2087,118695.8039,3949.4059,47451.7803,18448.7918,4465.7563,75449.1904,0,5994.8927,5957.4123,9402.6891,16145.0855,11222.2209,13925.48,15542.5438,14799.434,109148.8381,14420.4837,1143260.338,9274.5367,8259.7867,1360839.933,29828.5146,9720.7544,18009.4534,10495.6955,18747.7397,6948.4298,22553.9928,11241.0132,10951.8123,5759.1138,3732.6166,20876.0889,60470.5573,27915.2486,75883.7954,26660.8574,137931.4129
"HK0056",1501.6637,2594.2698,5528.2275,9463.6924,2865.129,5370.995,6139.9701,80332.2483,12452.2142,834617.1072,10000.9592,42564.1162,129987.7093,16140.1397,4806.3183,5996.6031,99932.8371,63435.568,25910.426,160278.7273,12157.0854,7607.9271,520.5032,130725.6179,5869.7331,0,37483.2622,12318.4685,22372.8848,48200.1078,2069.6657,4710.4349,7750.6276,5399.6001,5282.073,11589.157,133.2821,704.3443,874.2426,23652.1827,4512.922,20162.6538,4566.5302,398.5928,0,41443.8861,19043.5794,14524.7088,2306.8901,13845.8363,3569.1612,65563.1175,10245.5959,10114.9452,8797.2959,21654.2669,23815.4925,7101.6382,99594.7514,16290.7167,10210.9731,10778.489,18887.8506,96006.988,86591.1767,32737.9146,12720.4893,52807.5116,3391.3022,6454.7866,11418.3163,111364.7249,125.6379,35250.4645,129014.2901,2219.1198,17780.71,17927.206,8652.8211,87970.7637,8835.9603,5635.4573,12372.1937,2526.7253,8116.1306,14540.3057,6717.9045,17600.4408,60788.9544,1169814.308,14995.4172,211031.7724,1164.97,637.0002,139986.2263,37037.6284,5764.3475,16447.4477,8104.8527,7707.8118,6463.563,24992.8122,6927.8486,3121.8596,4308.6414,4751.3106,8671.0111,8784.107,33135.4787,84202.7219,2714.3578,137501.6167
"HK0059",29002.1762,23441.5871,11927.376,10246.9739,11685.2955,38186.3876,4993.5392,981189.7818,4860.9203,839338.1352,23204.3625,166689.4562,94033.1627,43903.8786,23601.6396,22270.2873,170858.9107,163706.0764,30317.1114,365796.4167,21867.715,6806.6004,1613.2475,509827.8004,1221.3075,329.2062,189553.9324,6069.1025,39447.6725,820677.24,16770.054,8681.8765,22253.8003,92309.3285,8048.1824,6548.3471,3181.4458,14405.2161,7090.2534,11021.2088,4781.7252,19752.6454,38389.4599,385.7144,487.231,5226.3973,23309.8082,14814.7894,6977.2391,14488.7005,6644.2212,14625.2344,28315.137,22117.0284,23466.4897,16754.8345,29658.9199,14554.4875,127957.7823,14323.7216,24513.8856,12362.6023,11373.7289,76228.926,39734.225,34921.6293,21406.7294,44196.9063,9186.2551,9365.3295,15891.0797,48740.3895,928.5217,20906.7365,154955.2065,3300.0165,27345.7365,22068.965,9283.1423,72697.2834,6339.6384,7563.4167,12006.764,1253.3441,12597.1537,15018.5618,12461.557,10153.3976,48013.985,893718.9578,11932.3484,1116498.457,11907.1883,8574.5831,1051435.998,30644.5068,1996.0936,14384.7848,5272.5314,3124.554,8568.7909,16752.5642,17810.8512,8279.3451,1503.4005,5161.7417,3453.6212,92097.363,43459.6008,72551.812,2036.9904,229499.7448
"HK0060",9967.884,10755.6358,7303.9102,13281.5656,6832.6091,27193.1124,6891.4405,471098.1288,8031.8256,850835.2618,25950.4716,161065.8097,75950.8502,38449.6882,5391.5242,21025.577,99821.0838,134088.9879,40245.6086,119447.3821,14219.7034,8404.5617,2322.2777,599544.5049,5714.393,345.2761,27963.0395,2743.489,19835.8567,108941.4672,16016.3495,2377.3967,8264.9345,11448.1476,7372.0364,1132.0606,2679.9799,14852.4721,7091.4049,5873.416,1702.2108,18359.6192,3177.4702,146.9843,644.2574,1942.4833,19125.6825,8518.8012,17141.5384,13315.16,6842.7925,78510.4376,23376.7898,8170.3459,6138.3163,19982.1539,26797.8716,3741.0812,54331.5392,32570.2805,11528.3655,11362.0396,12727.2462,24857.8644,296923.2687,33939.441,4659.9631,51693.4029,9524.1278,2158.242,12653.23,9779.5548,356.1822,2269.5134,50990.3414,2445.1764,2275.9127,13080.1251,3355.8559,92913.7693,5171.0831,4341.8963,7879.0709,3205.1053,13922.5179,15667.2394,5509.2574,15943.84,5808.9738,75365.4222,6384.815,1104684.754,9415.5561,5456.841,650509.5245,8016.0566,5935.4577,15621.6338,10587.124,5682.556,7855.9752,29875.1554,17259.1083,7389.4543,5275.4478,4821.8722,4207.1831,56390.1226,3505.4335,142717.9799,11299.1754,221482.192
"HK0061",43788.4048,85741.2084,6835.0678,19210.3647,11311.0598,70698.4521,16835.1359,2224139.627,15582.3965,805311.7978,32047.2543,114176.0779,133711.1712,99894.5403,11684.0138,29817.5273,150537.0042,332540.5502,30092.5435,166681.0729,13930.218,9328.2485,7543.2618,575174.5793,5363.0695,546.4579,47903.494,32821.5549,21130.9726,148493.668,19031.4463,17991.3126,9165.6559,18331.9862,14608.8105,14083.0231,363.9858,46590.6434,1992.0209,81568.8351,15667.1587,15913.7225,9420.2336,9718.9331,902.8982,150768.3518,17612.2511,16592.0043,26266.7728,12974.7305,12358.9717,100857.2861,60416.7832,14507.7688,14759.9447,29000.2638,26722.7583,8987.746,457126.8915,40161.7727,12452.9637,11436.0163,36873.7336,104926.242,421200.6641,33046.6725,54225.7475,66778.8295,14883.3224,19327.7651,7997.8339,102458.4536,NA,33659.7921,125966.2566,6511.1762,21989.6024,18200.4915,6945.9065,104074.5752,477.9295,6290.0119,11136.9019,2687.9977,6244.2057,12920.2429,27024.5328,15278.8521,42843.8137,742622.8307,15691.2775,1156309.14,31377.8755,16615.8792,3178179.977,28483.8523,6769.6831,28874.6717,14061.665,17190.8691,9905.6509,26140.9395,21896.9745,18278.0852,4610.1934,3901.059,22465.5914,49147.3879,27056.9703,123457.7576,22978.4829,143062.1238
"HK0062",2058.1325,1965.5276,12480.7827,8104.296,5312.2515,14850.4561,20104.7808,132129.8743,6629.1471,862335.383,22393.4601,169505.6153,59363.5173,19312.2137,5111.2771,13981.6095,167111.8682,74168.0539,44078.3592,317248.2985,14465.5915,7286.3827,0,314923.9433,1379.1159,0,100630.9395,3210.1854,38985.2861,141749.0857,8596.479,3304.6796,22044.4157,30610.3662,2924.4264,3042.3692,3297.4496,11235.4514,7335.9741,5663.7152,825.6155,19493.4346,29704.0864,0,762.9301,87147.2602,21377.0638,7914.2296,16609.3688,12182.5394,5689.6051,26059.8259,11836.3928,22917.5089,14615.3007,20497.5392,26314.5896,10476.6266,265067.2731,31080.7329,25948.1935,12589.3404,5552.1576,70970.5218,73600.5925,32662.8792,9566.5751,42075.1296,5865.9241,3793.8719,14202.6232,12982.7858,212.5773,8922.2526,115043.4904,1689.0172,154653.9909,24996.3045,10704.8646,64842.0622,4649.5562,6295.3415,8826.5664,0,13738.8221,15070.5835,4310.8068,181271.0942,123371.3787,2457827.901,7006.8589,1164186.107,3919.1079,1572.2125,271309.7538,25558.2308,3320.0305,7314.5316,7479.0007,3999.972,6853.7422,25477.9064,5546.8198,3586.2188,2296.4957,6593.2419,2093.0407,32982.307,64423.9177,61052.0113,5230.5304,159976.0183
"HK0065",564.7667,281.7621,14349.0584,4931.8672,4081.8221,12092.0186,23076.198,108729.1703,5983.4603,740875.3242,18197.9002,155943.044,70062.4413,21672.8064,12575.7715,11854.3329,110308.0931,76711.5967,49716.0403,325184.169,13986.5082,9695.8929,438.8806,239509.652,6140.3718,254.2573,74494.5141,10608.7909,38686.5133,198715.5208,6010.13,4131.4954,15669.379,35489.8849,3522.5543,4694.8968,3174.8427,5712.1705,6562.6183,21463.0698,3763.855,17466.5657,17841.8026,0,709.0727,96129.3522,15624.7488,26220.4056,10718.8053,11457.6776,5713.6845,122346.332,12761.3178,22568.1777,18670.7973,34236.0705,29095.809,18575.8465,253095.8821,19039.4726,23105.1521,11936.3958,19082.7709,74760.5882,750707.4405,33698.3122,13218.7757,58547.8754,5112.4213,5821.2023,7896.2553,14129.8601,603.7918,11943.6343,70501.2039,3227.7762,37492.2481,22869.7493,8795.9782,71440.6181,0,6588.3318,8353.4931,13276.5107,10873.7033,11446.2423,3672.7403,17087.6424,67344.5294,1167814.238,9937.9241,1032084.37,7868.2187,2399.7483,370412.1603,19489.7896,10627.895,3824.9223,7155.9262,9560.4842,7468.2679,27485.6231,5199.0165,4603.6459,6144.5339,4739.119,9411.8245,39291.8413,41545.8314,68026.7158,26183.0411,216868.3852
"HK0066",12698.3146,18237.8391,18008.899,14004.642,7452.0445,14275.5043,18280.4434,782563.5792,10492.7083,709229.187,15419.0697,175778.1563,240539.4964,37747.7865,9100.4531,18633.8358,85723.0331,133782.399,65287.4339,261805.6914,31546.5287,12862.1786,1948.6249,372908.5864,1350.7623,414.0651,84481.6858,14816.897,36621.9914,471622.3783,14417.4843,6851.9722,18500.6005,9341.7477,7003.2182,4252.1654,2285.456,5947.9984,8239.9308,28107.3866,6142.5421,19266.5761,6441.0863,1453.125,861.0492,277191.5571,19519.2772,17525.9744,14423.1099,13550.748,6046.9938,147942.8158,22421.5793,20468.575,16322.2088,33711.5008,22106.9368,12143.6022,370535.401,26949.0969,19461.9257,11955.5146,25902.0216,38762.211,233965.1955,33025.3681,20515.5008,74866.9533,8066.5233,8729.1363,12583.9871,35932.6793,303.9753,8891.0946,64285.2626,5606.9221,12595.448,37499.0867,19023.5664,84619.9556,14708.8498,6701.7018,15061.3385,515.9602,13969.7536,13421.0316,9968.093,164241.1613,38715.8513,396007.3962,11508.4466,1085937.286,9074.7436,8043.4731,934857.1369,10256.1147,20279.0337,15459.6248,10842.393,12872.2931,7460.2038,32915.4798,13389.6977,6053.3909,3456.6951,7330.8536,13019.1186,31822.8094,32143.3986,68171.1556,15726.0531,212043.3796
"HK0067",84103.8293,40228.8533,16387.2526,33660.5461,7348.3301,44373.7957,7633.5352,2525156.278,16634.8625,840804.3914,34116.0572,160579.638,740200.7997,71927.2766,6117.5755,22263.2343,145023.5459,269531.6058,50618.8487,310869.9069,17368.9114,12554.9792,2025.9722,896180.0322,0,354.3403,176168.3535,18525.8188,34024.4132,147928.5272,11059.3463,10607.9298,16730.1674,80548.8224,5880.341,11769.6565,1335.9346,15666.0061,5964.0286,45105.9102,9469.2441,21923.4882,45545.2502,375.1506,815.3373,66580.4312,20763.971,39857.2873,32881.2145,16086.8751,7863.5739,73197.9878,47792.7515,21613.576,13991.463,17262.2255,29501.3024,21837.3001,176223.4686,27363.1549,11322.0783,12989.8785,26682.1273,91157.9423,27099.5141,37336.7013,32084.1905,62320.3161,13942.9802,12739.4469,16751.3576,91951.8938,NA,35005.9286,267914.776,6148.8974,43369.6156,37709.7182,14019.2001,86817.2286,11740.8402,8834.0037,14561.2744,0,27437.7527,14107.3713,18648.5328,180554.6238,107406.1182,2197420.955,20747.9183,925943.8446,20757.6315,11633.7751,2566955.323,51086.3819,9634.5774,43700.5761,18809.2382,15041.9936,7290.9084,27387.0732,22205.7119,14771.7143,199.8034,4221.8963,10485.1511,73192.0261,77451.0905,101545.9644,792.95,231707.0808
"HK0069",7281.4143,11561.6189,13863.6396,18298.4852,8747.4464,29437.2505,6164.5645,321478.037,12290.855,880345.7326,30451.2378,175155.8031,69127.5062,55408.8651,5682.5681,22285.0388,201182.5157,191206.665,50992.7997,370442.4146,13625.288,15787.5676,771.063,733044.7226,318.3324,469.6809,9075.97,22380.8897,44243.2091,48704.4523,16082.9999,3559.8039,11772.768,33369.8316,9646.5455,7911.9713,1973.4806,20861.0931,7138.7084,46049.4943,6943.1935,18549.3772,13221.8905,108.3969,860.2528,36125.5353,21763.9265,20466.7906,12834.6508,13763.7743,6771.2363,25162.9311,34771.6818,25153.2169,13415.3614,43495.8624,27007.3228,5972.0415,220618.3547,41346.9666,18417.5132,11766.3383,29598.1616,91001.5785,64421.1342,35892.1845,10936.6794,55219.6168,10086.7962,6521.7202,15979.5816,46970.627,NA,20690.6231,152318.7025,3629.8046,49093.5176,22085.468,9639.035,91543.4337,8045.9691,8055.4556,10548.3154,0,17089.6614,15492.6589,10668.3993,176656.1783,10110.8195,31364.7876,14736.661,1061966.131,3376.3538,2292.0364,418961.8079,34452.5138,3547.0932,22170.2896,12210.1179,18196.8799,5934.4768,30744.82,16707.7303,10690.6562,570.466,2766.3221,14694.7316,45930.4685,3590.3831,75519.9606,4110.2614,214835.1476
"HK0070",1647.3648,0,9763.4164,5788.3246,3189.2286,14387.5508,1968.2273,64859.1801,6498.6873,862946.5565,21304.2347,167960.7722,58959.9154,18659.2023,4209.6789,14140.3707,166141.1615,73458.4488,38620.1734,279433.6699,17477.0922,10229.0437,110.9035,237416.2867,4724.8898,278.1355,83031.5484,1815.7405,35167.711,482309.404,7411.7306,3086.4323,14802.1422,34433.8516,3755.9615,4565.1341,2929.6256,4625.0292,7666.0798,3249.7854,638.7861,18483.7774,20452.619,0,459.9237,5906.3055,23122.026,10003.5221,9155.2879,13441.3079,4545.9397,29490.9095,11372.4671,21514.0536,11855.3434,13000.5405,24902.3891,16511.2071,111487.9232,17217.0259,20083.9102,11259.5552,6704.6451,67964.9453,121137.491,33275.1822,8674.7864,45685.4111,7031.9145,3929.5662,13632.9725,15064.6549,278.5471,11186.1558,131638.7566,2334.0576,8009.7577,27554.1299,13281.5278,76931.8674,4063.5084,6074.2119,10477.2307,2397.591,11837.6477,14660.4595,6013.1995,167125.7479,24570.25,402313.1578,7550.2992,1067935.259,5071.878,1519.9226,216344.3871,24746.3564,3339.5805,7535.5205,6870.4121,2776.1147,7321.0477,19091.7862,5153.8217,3896.3887,2602.9905,6015.084,1672.4909,38607.5973,24246.6937,67090.8452,3395.5799,140307.6082
"HK0071",7698.1295,6281.6299,6674.7362,7467.5224,4164.1659,15256.6313,1000.277,379005.0661,10116.5011,858659.2058,23603.8738,150708.1273,102597.8046,23497.7799,1985.0643,14571.3708,89174.9607,85353.2197,14975.9342,131644.9419,15560.0828,7879.027,607.3772,375314.1218,4741.1664,130.5124,40342.6619,1809.634,20297.5288,47325.105,9617.0865,2703.8886,5275.1496,9620.9315,4315.2678,0,2574.1028,6318.5473,6242.6327,1997.051,1014.8572,17700.1343,4680.8473,0,813.9561,69638.3326,21535.9629,11242.948,9226.2648,14819.2271,5637.5103,51837.3554,13765.1811,10250.1289,5191.4868,10102.5223,26770.376,6633.1767,129457.9782,19064.7431,8873.0824,11610.9774,6171.5777,14264.3787,175517.382,35588.7248,2672.0489,44554.8614,7128.458,1996.5805,15292.8388,3645.4473,NA,1479.8293,40695.9275,2166.1558,1357.5436,14190.4141,3310.6317,83267.555,2233.6438,3376.9598,8659.0762,1530.0862,11979.933,16426.806,6693.5219,175182.0556,10431.0966,163615.407,3718.5969,999075.8538,5920.6039,3496.8373,447792.082,6201.5877,4807.6922,9946.4009,12472.1572,3322.7985,7133.2081,24544.8144,6867.8434,4561.5893,3192.492,6363.4746,1642.5127,44479.6138,11838.8355,125214.3593,6314.6313,142753.2256
"HK0072",10187.567,11466.1692,14017.7036,11513.4995,8426.9676,29263.2765,4806.1032,370214.2221,7755.6623,841224.8601,25031.3904,168149.1815,176106.8896,36193.6834,15505.1848,19115.9684,258288.6519,141629.122,45347.8173,296945.0661,16084.9566,14165.5509,1469.7283,622005.1302,8122.4856,313.9774,96896.3393,10709.2461,36316.3042,174232.5173,16636.7583,4954.7919,20102.4337,47817.8806,6229.7837,6658.9396,3248.8577,15940.3696,7266.2392,20981.61,4856.8895,17731.9679,16511.166,0,1011.6377,148884.7226,20518.5427,22757.6745,12683.8558,12152.2273,7002.9403,73820.2035,23301.0443,20660.8033,21460.957,15024.4192,31320.0181,22180.1026,387954.8634,20412.1402,28249.6469,13213.4014,19163.6194,73286.2094,341153.1959,36900.126,12730.3549,62978.491,8581.7453,5749.1138,13639.5067,44276.5149,327.6926,19577.3881,133157.2071,4869.4937,3070.7541,28518.3061,12083.0725,76926.9459,385.7432,7658.1719,13553.9325,5095.6735,13393.554,13953.6313,10188.4315,12913.5722,9767.5675,58910.6671,11921.1943,1113142.779,8716.4046,3609.9711,556486.098,27059.5717,7862.7042,17415.3609,10127.9798,8804.8706,9976.0832,23945.8545,18684.8895,7137.5978,5170.6702,4941.2644,8476.6978,47323.6965,11861.2105,87359.0155,9107.24,270826.0421
"HK0073",1291.2374,105.9639,12675.8979,13029.9918,4158.0545,8684.5258,12298.7138,97398.6756,15472.0846,791114.1131,21801.0361,176613.2255,44483.8935,23922.2348,2410.5517,9141.7764,164742.4811,78773.8459,38433.761,285958.002,11010.6245,9073.5197,824.6054,281926.0228,6795.0664,620.3636,90574.5306,4518.9334,36520.148,89773.3728,5597.4923,3913.0632,15040.5755,44465.3676,2661.0081,4906.1326,1810.0869,1391.1194,6442.9863,8162.2628,2270.524,16773.5073,22334.7238,0,1211.6876,83254.975,19026.8013,7444.2054,25268.9842,12064.1782,3946.7771,168975.7111,13903.3693,22681.9969,16531.3304,68355.4985,24510.1476,9607.211,237907.09,48868.5905,14825.3338,11325.7539,10355.9966,69558.095,870309.5136,36177.5779,10705.2535,46604.6942,8057.7818,5063.5257,9117.4023,25390.2451,NA,15506.0303,85268.218,2554.4367,16294.0327,21479.5937,12196.4703,79832.677,2768.7999,6336.3123,10610.9801,12364.4485,24999.9926,14670.2301,5009.4015,16682.9463,35233.7505,512612.1114,12375.7542,997075.6019,6860.6389,3975.8416,316463.8541,26606.3409,14036.137,18618.8352,23282.1114,6286.5119,7723.8773,44791.5176,4499.0255,4300.7412,7221.9535,5613.3438,2639.3344,28111.3053,19307.2373,59657.2272,28304.015,117069.8791
"HK0074",11272.3952,10037.3416,4091.5621,16246.7302,9971.9039,25321.1456,5149.5813,531374.0357,9621.754,705130.8926,28527.7965,185991.3129,124737.5927,42838.9516,6167.3219,23623.1538,190831.2581,148772.2431,13606.0463,107417.0194,30458.9714,6829.5201,943.8052,608489.6215,106.0861,492.0479,38222.5601,5438.7786,18070.2325,68164.2072,17307.1517,3478.3198,3154.9903,535.5916,10310.123,1884.9336,2969.59,21687.7966,7274.2274,8602.0876,2138.4437,19258.6618,1082.6039,0,355.8587,63814.7107,19736.9438,15465.1191,6384.3872,12663.9282,6246.4754,46356.5054,27108.3697,8476.1712,5177.4424,9209.638,26251.4989,12166.2222,153590.5488,17167.2656,11443.7756,10308.6924,19077.955,25401.2817,69855.7886,36953.1675,3873.6379,54327.6862,9234.9141,2011.4446,16112.7876,14983.2549,482.5415,2688.3237,64002.7819,2822.4835,8598.6061,12719.8686,3226.4062,94695.5491,2683.0781,3536.1736,4727.6827,149.1035,15302.7666,14395.3203,9839.5458,9519.8752,21203.4487,455451.0166,7896.526,1143195.019,6971.7428,3102.5855,577689.0697,8831.7633,6841.5835,19386.8849,11014.4273,5155.7304,6899.6837,23705.499,19578.526,8278.4097,432.7917,5015.7197,3993.6127,47762.1451,17553.7743,138396.1639,3008.9696,127963.4212
"HK0075",8468.0367,14905.5501,8932.0934,17655.0852,14949.3126,48072.9468,32086.021,559217.2781,6328.4919,800089.836,29129.0184,159540.6605,95463.9453,54869.5022,7922.9532,25203.4934,148443.98,201944.8275,35566.8755,231273.3026,24821.392,12291.5882,132.9048,656636.539,260.5143,323.4842,89628.8647,7194.9362,32146.5474,103584.1494,21345.3675,4985.1344,11293.6943,11009.841,10637.9056,6671.0556,2862.9929,29956.5251,7336.7802,11029.2765,2291.9742,19279.5884,12948.4413,0,0,169378.1769,20177.3129,6965.9533,29233.5742,14159.4118,6651.4127,6893.8236,32872.3615,17448.9833,10228.1207,20269.3889,24451.9771,24702.0668,479330.9047,24398.1171,15311.5492,11344.1929,13020.4716,81106.2608,14365.2275,38541.7082,10427.1411,51265.2505,11225.2107,4380.7983,16635.348,69416.0868,387.3788,21245.2941,165697.4087,4378.7917,19612.0853,23575.3256,8713.7746,69974.1286,7630.583,6518.0153,11817.4275,0,12750.8205,15406.029,11268.7498,10558.8133,35858.0318,702901.1768,12016.9673,1006216.459,4857.0932,3057.9712,521129.6985,31036.2085,2060.3686,21619.9097,8850.1771,5383.7496,7975.2338,22526.9858,26295.7717,11458.7866,280.6465,5622.2593,5120.5256,55836.4504,28491.2778,63709.7496,0,143278.7191
"HK0076",8647.0196,5764.414,10055.0816,12090.3965,4973.1762,36521.6542,5654.8499,223417.747,8350.8019,768095.1657,27045.7333,117388.9985,51597.5405,109446.819,13079.3151,19294.9893,175525.5878,132789.0242,36468.359,324870.8736,24441.7771,15172.7413,1166.5889,654908.8204,1256.5911,0,87741.635,11745.8705,39270.2912,448344.7099,15234.5414,4004.3801,16448.1416,42264.5019,6369.9551,5192.7409,1385.8696,13184.8838,5053.2432,25139.6927,4023.1732,19513.7548,22462.5149,0,307.8276,60232.6491,20814.4878,25014.4791,16456.9723,12433.3509,5211.9129,9091.9367,24387.8753,25450.0629,18967.9489,29938.3319,32156.8738,10664.1983,216355.7232,18792.603,25349.5913,13859.7638,22641.2381,76054.3173,10726.3144,35245.2992,8531.822,46429.2201,14300.4605,4815.3513,17490.3802,30076.5549,346.7971,16368.2268,149917.6483,3007.5649,10416.6847,27440.6177,10761.1325,100582.3286,5575.2293,7890.1264,11706.3556,0,9707.5275,14676.0929,5190.2067,12684.3063,11735.6391,144557.8999,13518.3411,796129.4611,5848.9037,2838.11,372395.815,30232.0473,2126.333,11835.5647,9835.9086,13284.1507,8632.739,37029.0295,14609.3949,7060.7385,361.5152,3406.2786,9955.1529,51290.9858,21381.2916,91471.7728,778.5212,222224.4137
"HK0077",1980.8192,2871.2913,7395.3161,8847.4487,4849.0438,17517.0888,10288.9003,146500.0887,9443.2478,862604.1765,23859.529,170284.1127,91210.2946,23041.84,9002.7259,15035.2817,188151.2256,83906.0896,20696.4241,219908.9852,19393.3554,10458.9788,481.1081,370586.1751,537.3422,268.7783,74897.2273,4622.0629,28015.9315,282648.8494,9532.3455,3892.2191,10769.8457,17797.5171,3035.1925,3612.8714,2928.2044,9689.4226,8067.2214,6578.5413,1905.7482,18567.8315,8404.8478,0,645.2157,130352.7009,22772.8977,10363.8167,4749.2832,14624.3233,5626.1631,19717.5322,13431.9025,16680.0672,16965.3443,78064.046,26014.4043,7025.9335,292515.0835,17028.8494,26566.1221,9813.0719,16945.1958,72299.4381,30673.6222,33763.3677,8722.966,62425.2341,7050.8815,3342.4594,16049.9564,17023.181,105.4645,10160.2296,134033.9016,1825.1652,14053.255,28623.6739,8493.4415,76035.6362,6931.1839,5156.7699,10172.4123,0,13463.5563,15250.1677,3694.3782,172675.7238,4178.8393,260245.6563,7444.5889,1097422.433,6977.0732,1294.4061,225364.3817,28090.9127,3140.9488,9981.6719,11689.8061,5569.4049,7695.7849,34204.1915,9134.4765,5002.5694,1527.3781,5074.8678,3548.0113,46963.0934,15765.2634,70586.2376,2048.5719,199769.6856
"HK0078",8360.8588,8983.8984,13192.0727,5180.1412,2343.5579,4578.9909,6272.3344,360523.0368,18264.8375,794679.1142,7234.5609,51177.6685,35773.2053,15007.4637,3997.4152,4912.5481,123374.9037,49883.4346,51667.4802,257523.3215,13875.1348,9444.2429,620.6479,93671.9014,3490.7228,121.8489,86547.7916,18805.0667,32351.3114,52381.034,1655.0853,8060.5539,13201.5022,53831.0869,1956.7321,10174.7994,0,601.0341,1456.872,37365.1951,11913.3723,18645.1558,14038.5722,418.9494,196.0238,51067.7588,20022.0436,35510.2545,6916.3262,14048.6633,3811.4906,143768.4498,8253.2944,19482.7677,15513.9962,32782.3055,26704.8111,10641.6943,188325.3825,9531.0284,15146.0481,11735.5954,29707.075,71949.3509,214811.0037,37727.3993,20675.8855,59628.6919,2468.0722,9221.5595,12290.7915,71733.9345,NA,26842.345,116392.0424,1360.8409,26366.4463,27775.9334,8533.6581,75810.0354,7698.5973,5371.9755,9380.7013,2665.3731,10074.5031,13128.443,6012.9293,178100.4459,24489.0398,433095.2191,18971.8513,253369.9767,2008.3113,1581.3956,376896.6546,27906.2528,13987.1812,12740.4101,14206.6684,16140.9218,7011.7372,27137.0485,3157.9735,1991.3044,3801.1469,4031.535,13464.7432,7344.074,24524.8352,85931.9472,9087.3981,175355.9788
"HK0079",40668.287,38089.8035,11474.1794,13679.3758,10736.8565,20211.7234,10809.3368,809645.0191,9286.7434,874363.5427,26491.9478,153462.7774,233592.8046,44158.2409,9397.1615,22057.6963,229321.3597,159854.0767,52036.2747,233561.7222,17451.6841,10234.3391,1834.2195,624148.0022,1089.4143,690.7659,63621.0237,11585.4403,29349.1302,183733.4377,16467.8603,6076.5545,15273.4964,137861.4917,7205.8554,7986.5358,1946.2678,10879.4583,5885.9806,22000.1944,3195.3572,19304.9174,39680.4197,0,656.5069,15743.0066,21783.7431,21360.6991,14407.3385,14227.6195,6104.5063,23189.2909,30039.417,16310.64,14067.8956,25783.4605,22426.0274,9305.8246,65250.7265,26765.6947,20974.9967,11255.0971,20203.8636,76887.471,59938.2793,38406.4174,18816.4815,58375.624,9567.0995,7924.485,15186.4717,53122.7746,246.6231,22847.461,127346.393,3804.2919,12120.5282,26099.6169,9367.1928,70969.6858,2620.9407,5433.8977,12869.293,0,14191.0796,14127.0451,10910.4002,182560.6767,23203.5738,214216.9273,13009.2278,998388.7752,17213.9248,10244.6927,1089772.618,29678.1857,4203.4598,19718.9905,9286.095,14876.7229,8465.9058,27056.3352,20445.3072,8983.0718,2415.4401,7744.9433,8611.7898,61377.2628,6788.7634,63147.6533,4391.8414,175685.7365
"HK0080",1936.4575,1864.549,10571.9725,11642.6815,4028.3658,19597.0136,12851.9721,126727.4713,5874.2717,850564.1216,22700.3034,164611.7009,32340.4622,27240.1554,6598.5605,15574.4667,144173.0796,102259.2773,31364.8291,371893.0215,20316.1507,10660.6413,534.4253,458654.9245,3002.8012,529.2516,18275.5489,14098.9586,42759.2594,90042.3065,10582.8592,2304.9742,11465.0089,90325.4537,9877.4376,4120.738,2758.3565,6825.3703,7104.893,28467.2893,2713.3481,19980.0606,27090.4668,117.2045,1151.8187,140792.393,20786.6116,35484.8265,13691.5333,14380.5583,5063.99,16374.3727,17673.4115,23349.5777,11086.9673,13925.5209,29211.2385,16574.3099,244903.406,29528.2846,47348.8634,11349.5139,21543.787,73493.5625,17953.0826,35805.4831,8512.3001,56585.3064,8277.8271,3660.1954,15153.1234,34606.266,NA,11836.4569,127007.5176,2761.4321,15926.6438,25591.1351,4840.3763,69994.7619,9418.6385,5837.505,8105.1612,1697.7146,14356.8137,13120.6629,4799.5843,176874.023,15300.5596,40875.8713,12304.8103,1051903.195,7225.7579,1616.1584,231953.9327,28103.1779,2950.6278,13788.645,7805.2789,9676.993,7074.2872,18161.5924,9295.1325,5644.8212,2146.9921,4340.4634,8373.0076,35495.8564,4200.6498,70683.6301,442.2442,253248.3758
"A0002",13968.76,16568.6812,7930.2442,4450.8848,9361.8701,26387.3768,8867.5449,533830.5957,7482.2189,667333.3903,13549.2175,177207.6015,91211.7948,45698.2514,18339.5459,18813.7677,70602.4123,160935.7673,30626.9313,175128.7451,33959.2937,8123.0515,3746.3065,306587.14,9461.5063,741.7573,35327.6641,13748.2547,23434.5045,112685.3046,10974.3126,7359.8488,12685.4509,36977.8531,10173.7897,5933.5582,4071.1352,16460.0646,8442.579,26011.1666,5851.751,17020.4284,13896.8439,1853.33,484.2944,257221.9625,17172.4845,8371.7945,10440.1564,11853.2069,10653.8721,147572.9591,31439.8829,12310.6454,13428.0061,13730.4091,23781.8027,13241.0196,305975.7194,26535.8852,13218.4927,15274.722,21065.0152,49146.2397,931366.1607,31356.2372,24913.7366,48324.1432,6102.1549,10568.5915,7201.9068,56150.535,3307.9532,18481.191,76332.2903,3873.5811,10389.1562,23239.7618,9416.7676,76525.0335,1861.0442,7072.9709,12512.3789,11982.6274,8553.3384,11096.8923,20095.2207,13952.6463,15620.125,251210.3655,10979.278,1575714.322,12775.6682,5779.8029,1107036.865,12672.938,15274.3352,10564.5915,7818.8231,14394.0867,7816.4503,15615.7994,11737.2049,8815.6138,6004.6817,5283.4508,10049.6462,41162.7953,10731.5317,65891.5807,29748.0317,201148.8711
"C0003",42248.942,43745.248,10844.659,7575.171,34093.529,37543.974,20813.783,2982277.984,11010.222,886011.521,29295.035,3341437.323,639219.686,133191.326,18401.29,81634.488,73671.562,402436.344,37547.242,304439.428,26696.513,13246.422,6527.064,474525.279,3439.481,14391.994,70682.137,13294.328,33432.701,58524.698,20375.947,15392.332,20564.295,41404.685,31274.227,12913.256,56104.198,7361.672,115289.17,30700.59,12358.442,20421.57,13460.022,33510.259,16881.324,213720.201,19562.366,18911.743,46434.902,16277.021,17187.853,242530.298,72119.741,22711.246,15602.997,85150.744,21833.156,7703.966,568733.849,24568.677,24330.12,11748.751,19041.405,57146.515,536751.137,29938.135,37885.757,56727.109,23503.115,14804.176,7405.776,142826.578,26676.016,44055.469,76930.71,18310.021,39249.502,25632.713,15062.672,89850.815,13755.145,6626.578,18666.86,1930.853,228461.775,14607.21,96244.823,12707.28,38313.869,698665.277,18154.059,203430.263,35231.884,24246.678,3761473.587,13398.897,27219.328,40856.322,9175.595,11473.567,7246.093,30417.27,19417.512,19912.003,5296.485,3062.806,11174.069,41145.602,33455.292,65141.134,29639.062,170603.452
"C0004",33374.222,65176.496,8801.898,3233.782,25626.125,17831.415,17200.353,2054114.677,12534.647,782344.126,25735.115,4106378.12,741755.579,112106.885,5515.908,62185.456,102774.772,327514.221,29887.417,225140.646,28361.832,20577.354,14611.034,252464.669,9201.92,18164.813,126459.607,18584.757,25973.339,58122.544,8763.385,15773.543,13913.605,11826.67,32527.406,16625.026,66138.343,11640.743,137741.984,35806.653,14617.222,18018.959,27463.725,41611.938,20293.175,58322.909,20519.025,4359.228,11619.124,15249.064,20212.934,266532.051,61093.094,16895.887,17511.36,56516.173,19651.043,10632.572,292688.212,33507.266,11289.207,11316.887,23278.097,55378.423,1126738.504,29265.438,42911.603,43677.488,20005.212,13982.67,5376.414,181082.831,26706.495,48201.813,63925.654,21301.696,20566.926,18352.717,6612.001,118636.727,6487.854,6790.709,7453.089,8657.201,315849.039,13747.654,143894.949,11784.742,36112.001,456523.526,20718.683,272391.488,49976.37,25139.029,4104664.365,12024.059,27077.387,56866.483,7286.789,21289.751,6005.341,27320.475,6175.954,17441.655,6677.54,3841.497,16804.2,23850.219,22497.467,61141.401,42204.467,127341.701
"A0005",11681.302,9593.5606,9955.4301,4396.1627,6719.4438,18188.0815,25956.564,317799.4397,10194.8057,717310.8549,16467.8118,215193.4359,320697.8165,46650.5509,7029.1525,19000.9641,132168.1836,156025.4998,36590.5116,240403.3577,33163.5078,11428.992,3205.3465,245124.0479,1497.9605,727.4169,70392.3482,7758.8075,28393.1422,37876.4007,6268.802,5193.4995,15793.7718,39596.8544,12548.3299,6045.6702,3660.8021,13972.5018,9737.3456,13098.9658,5447.9958,18185.2159,11275.5157,5487.2207,1332.102,215312.5617,19366.5221,13352.3631,7569.7154,13837.3834,8636.6933,59621.5203,27103.5888,14724.9115,15329.8813,53083.4496,25886.2793,11377.0307,511157.8739,34970.9131,11751.232,11582.2075,14776.1725,51555.2161,110154.5572,32018.6625,12821.8793,45036.6023,8030.0564,5180.656,10821.6239,53978.6686,1239.5758,14401.569,77988.4829,4850.8579,39122.5357,21347.495,9637.1303,88105.7277,7035.0184,7691.174,10299.9379,1058.1342,14465.3136,12743.7781,32363.2041,13827.0549,43844.6361,485683.2809,9812.3078,1503018.215,10430.7905,5228.3942,588006.0121,15247.094,8839.2972,11331.8746,10709.345,9380.5349,7231.8038,29400.5542,5632.6928,8843.7357,2779.9856,4914.3371,6542.9332,30596.3768,21611.39,66521.1414,6249.7739,117170.7327
"A0006",31295.193,53150.065,10691.984,2459.702,27459.584,14455.349,12105.758,2229137.147,9180.143,502795.843,20054.033,4276598.609,292114.089,67800.206,5062.873,42908.886,42440.532,194621.764,39337.16,275025.647,57124.823,11888.899,7731.477,213205.674,5117.501,18869.011,59779.431,17736.944,29670.724,56909.676,6261.389,10904.969,10076.407,25328.061,27000.528,10942.657,72280.807,14144.89,138134.351,36054.094,12926.494,15829.429,12750.175,28289.051,18510.783,76322.679,20269.121,5441.271,15502.564,14004.907,12700.815,427435.167,37549.304,19444.647,14963.459,22653.429,18955.888,11528.687,232788.012,16346.103,11841.767,9860.237,23377.081,37867.48,512522.091,30498.968,31172.308,49492.617,12992.042,11994.052,5692.72,103931.237,33018.131,22571.57,42524.653,12471.852,23229.999,20737.454,11500.401,91681.75,8708.538,6404.578,10813.921,2459.592,290324.082,14613.51,91886.144,12397.009,36101.187,671628.964,15443.424,307653.67,30018.311,16128.429,2905951.804,8246.319,61959.245,29644.456,7867.69,18274.459,8427.57,19353.493,4674.456,10956.847,5596.986,2831.416,16314.938,20156.496,30933.607,69347.215,34107.494,113010.639
"C0007",2732.458,3690.557,6635.478,4806.071,5531.242,22417.349,6464.807,220356.116,6458.524,643018.242,17949.991,2382609.402,120802.902,40440.11,12081.253,23388.757,152491.861,136263.502,15578.216,152265.885,34575.464,7969.711,1956.804,392940.176,5744.842,11768.673,52731.549,3490.901,21942.33,47886.631,11622.157,3740.104,6324.586,2860.694,10976.861,6994.584,39286.99,8495.373,81881.109,8026.948,1374.855,17360.326,3463.064,0,11480.895,137329.741,18310.846,2612.023,7097.03,12529.566,36212.736,146136.881,23503.253,10864.392,14621.753,22577.578,23696.565,6934.151,268383.346,24566.63,12695.225,10488.164,9855.624,64418.064,591630.101,33159.244,8882.121,58092.387,9061.867,4056.469,7143.565,45835.328,16966.738,17281.988,90735.061,3628.397,21158.097,20512.289,7371.367,76505.096,6537.485,5892.469,6007.814,6938.715,160778.06,11767.563,15121.08,15132.065,63696.435,647595.188,9585.199,292597.335,2334.036,1485.323,350427.04,16625.451,15793.952,9416.274,8042.596,3646.754,7109.48,25476.866,10529.034,7919.298,4999.536,3322.213,3174.354,48056.998,18155.411,54830.878,29397.554,159872.739
"K0008",28263.4376,63690.1623,13047.1981,4617.0572,12829.2696,121652.5982,13445.0235,1292386.269,11792.1515,737014.7834,18682.174,170600.0529,240868.7385,74913.5437,2967.985,23170.7137,50016.3316,233473.6115,61478.9569,264201.093,21356.1747,11376.5223,4563.5921,324412.2825,9738.6804,507.1176,69648.4568,17862.8715,32324.7666,459782.2508,11106.6387,11159.6789,14540.6112,21048.6092,12884.934,15417.9101,1982.8681,6699.6021,5360.7092,36372.8698,12248.3216,15416.0568,8108.3079,10684.548,464.3198,75697.8727,16018.0787,3267.4808,18045.0961,11632.0122,13127.9583,142495.38,42940.8092,20724.7156,12244.0761,20646.2426,17871.068,7325.0958,219409.6896,37395.2185,11511.3378,12412.0303,24362.1809,58569.9809,1236721.129,30797.0659,38643.011,55970.0999,9159.282,16029.8623,5626.0026,75159.8148,1081.6935,40325.8962,64656.9615,5103.0025,4458.0312,25552.6585,19345.4274,83676.0402,12490.0342,7988.2737,14939.0053,15577.1159,7144.0492,9961.6472,43122.9422,11788.4013,4926.7142,127327.6591,16501.5164,1249597.608,26028.0016,14346.9994,2491991.64,13394.3936,12723.7296,16583.4686,12798.7102,19841.5179,7864.1635,18689.4318,7260.8676,17744.4559,8814.8213,4859.839,19632.5974,44446.3549,22906.8268,61577.3093,49629.3255,158708.686
"K0009",15754.864,5643.712,6109.968,5985.418,11049.582,18936.852,3333.856,456431.049,6744.25,739435.902,16563.009,2161263.308,84136.16,48218.534,45389.802,23770.894,100053.015,161655.337,18619.699,194767.942,32775.483,8237.222,1630.805,357260.325,4803.899,9890.657,85304.609,4588.688,23201.648,256613.321,16018.451,6185.026,13796.192,101495.51,11989.371,5666.375,38656.652,11072.38,78481.331,8408.945,2766.94,18603.414,39290.209,0,10118.76,43296.562,17936.935,7235.159,8732.884,11756.449,16105.631,122031.64,29432.4,14097.086,16922.631,29516.547,25735.618,10301.449,119804.317,25111.444,10725.916,9820.119,6287.824,49357.311,495042.491,30151.669,14555.303,35440.71,9740.389,6126.359,8279.333,57831.18,21541.458,10484.166,79572.583,4676.796,41732.292,16274.335,6259.728,61812.046,2245.144,4824.43,7421.566,3544.21,120947.736,11137.157,11483.76,12456.106,65872.113,1069890.435,6496.709,209993.099,10108.718,6769.248,661420.423,12369.978,12676.289,9471.49,8158.457,7117.898,7876.897,24408.588,16539.195,9272.98,4556.382,5101.482,4739.129,55453.429,27974.349,54111.901,38079.485,174541.483
"C0010",7264.0184,3789.0606,6247.6072,2492.3035,8291.9028,14081.873,29331.7099,411840.0447,2824.5568,736850.3527,11329.6394,192311.4674,207870.4576,24642.7374,30794.242,13468.6976,124981.7984,90857.3981,15781.2722,219396.5644,34164.4291,6762.5542,920.4741,222116.6697,1153.3805,354.6883,61458.6905,9599.1283,27711.6926,94077.567,8081.1178,4631.8239,9676.6798,7682.4836,6928.237,2757.4711,4113.4622,4208.5613,9769.9524,16878.2068,3122.3898,18110.3024,6982.5026,0,753.4172,55024.8269,17499.1032,3584.6014,7956.522,12644.6806,8650.0818,87660.3003,15588.8686,14285.1233,9590.528,47530.0446,22207.7509,9586.6853,116872.0037,85288.1359,9712.5385,9979.317,15205.0652,52668.1634,495973.7924,27049.7941,12838.2869,35164.7979,4165.9181,5075.1445,11323.0507,26200.1328,3898.8613,11987.3175,85741.2779,4382.0728,10754.0986,19380.4392,5650.4454,59635.5999,4424.5609,4763.5404,7577.3054,0,9571.5403,12097.9419,8978.8992,12631.5853,28981.9218,320005.4334,9611.0833,1645182.771,5014.7112,2982.0351,513417.3795,13725.5323,9716.4291,2906.7606,4286.3035,9671.7046,6223.1658,22128.269,6119.3426,4556.7839,3673.4049,5941.8664,6057.3961,51892.0842,11338.4024,50634.8845,8749.0189,127114.7879
"A0011",2853.7041,2381.3971,7894.934,1296.5455,1346.9026,11638.6539,5826.9273,269773.719,4662.299,674250.1787,33349.827,6117125.632,564223.5579,13670.4221,5002.5358,5913.738,56377.2426,38142.2312,25917.1985,248406.9127,41352.077,9813.976,3925.2882,356581.5651,5188.0677,31146.4012,72944.3434,10698.9711,28804.2418,33365.6341,3106.9294,4027.231,10500.822,25582.8617,12716.9468,8884.3069,100287.619,5522.4309,205088.6929,22748.7526,7398.6812,17537.8265,19786.431,0,25619.0192,60898.5442,19446.054,6856.3998,6944.3578,13630.7837,6143.5233,314073.6302,6101.1038,18072.3939,13813.3967,48655.1792,27366.3175,5482.44,291770.6058,18906.5781,8653.5464,10588.7154,16746.6614,67487.7797,764694.9514,30206.6003,17509.2018,36214.4833,1514.0103,6270.4198,8820.2852,28744.606,42116.0965,25211.4146,96058.6683,5732.6714,5258.1517,20477.4095,6021.6791,84275.5737,5213.0096,4676.7634,7456.4784,5379.6084,409182.2532,13542.9603,14970.8505,13406.0603,62336.7884,1232951.733,11537.5247,321674.2922,8708.8049,4232.4033,845206.0724,19000.9595,40758.7602,10911.9934,5061.101,9921.4763,6958.0632,36904.4283,643.0267,1583.7188,5106.8806,2673.3509,7369.3181,40188.9801,41539.139,65230.6432,27626.63,168943.655
"K0013",2725.598,5771.7353,8032.1829,2241.332,5817.5984,8102.7005,22818.8813,197874.7565,10528.6381,842613.5655,6821.019,67469.3053,294253.0774,21022.8674,7925.1499,6879.7035,194980.9849,68073.5418,17827.829,194909.4509,18344.9002,9465.233,2204.2084,71605.859,3533.9509,129.0191,56853.2921,19241.0283,24122.1453,41509.153,1924.4693,7533.0755,7407.9043,16186.5135,8529.6682,8767.4768,855.47,2193.4775,2476.2518,36968.0024,7401.3417,17033.0079,10853.4916,3307.8955,0,58798.4928,19083.783,8242.3909,2541.654,12717.967,7103.9544,93828.1144,12463.8342,13955.722,14523.358,20216.6245,22598.634,6560.0037,128668.9385,12746.0105,12211.9396,9765.421,18962.29,59363.6137,435212.9249,31648.8989,22776.3986,38873.7696,2252.6205,8848.0085,8544.9267,97144.4953,113.3985,25543.9399,105835.5578,2956.8725,97596.5004,21943.6923,7670.8086,88647.1465,3643.9311,5085.8416,9815.6906,3624.9072,6475.3604,12104.9643,11786.53,13238.2295,27570.2631,253561.2663,11809.9256,362782.002,2954.9527,1232.0964,293444.2886,18289.2848,8413.4857,7814.8749,6954.3628,10964.7704,7693.9941,20886.1086,3708.702,3769.5097,3366.6408,1812.3228,8803.1137,11197.6585,18891.822,92673.5859,18644.1812,98816.6062
"C0014",658.6223,374.6199,5791.1664,1506.8291,838.3335,3152.8201,2947.6183,41328.9664,9120.1366,818397.8576,6154.4491,55999.2183,105717.3404,7768.9987,6571.8349,3515.2106,96206.3848,29060.5619,17878.8802,164735.736,20644.0659,7619.8952,143.4732,43623.364,5381.9212,0,76780.2536,10784.7427,21955.1201,144069.2762,765.5429,3535.9451,7493.6583,16668.8302,3112.4286,5474.8925,112.2386,665.3465,1261.8396,18465.3946,5310.8913,18029.4488,10115.3379,0,114.1249,21536.6874,18983.6846,8483.6637,1087.8508,13473.4384,5331.7835,129071.4987,4407.1801,9547.0897,11012.4138,9499.2705,26253.2582,11660.1357,103448.5026,11051.6872,13743.2381,11079.3268,17390.0029,73079.8942,736501.1994,32293.4021,9744.9756,57824.8644,1324.4667,4331.6951,8712.5124,46794.6566,NA,18114.6568,90944.0034,1828.0868,4504.0986,22881.9971,6658.9095,75948.4646,8271.4909,6299.1187,10065.0939,8455.0448,5391.1536,13545.1045,5304.1545,16623.2428,19172.1607,368164.6675,12682.857,317672.1479,1670.6754,0,89253.5215,18675.7346,12751.1663,3128.7137,6633.7788,10026.3661,8996.6618,19866.0818,883.1229,1184.7391,5335.9098,2253.2488,8174.9156,5311.0598,45298.0924,84250.1588,19583.5467,105957.1665
"K0016",41334.7419,17542.232,12514.0979,5326.2772,15755.3208,46313.0642,10091.697,1177302.037,4414.381,641598.5971,18192.6579,248354.9341,177440.3393,70101.5925,16949.216,28087.1403,112785.0263,243616.4054,27869.2827,231685.5477,41801.8806,10092.9057,3046.0131,601826.6584,3860.2054,956.3355,19639.6089,29379.5175,27996.9504,44015.6257,11880.1935,10349.9713,10804.5683,33054.5626,18248.8024,9804.2798,4734.3016,14907.6874,12502.6372,57319.9644,13260.3738,16749.4863,21679.5733,18099.5681,318.1335,213410.4204,19288.6721,16691.6099,47542.2413,12763.3239,10621.602,101252.5,44529.1377,17369.4791,15490.9182,42609.4713,25764.8571,16776.4858,529705.9143,14623.1671,19266.9784,11627.1601,32531.6592,49632.6243,524505.2329,33237.8179,29008.366,45687.2846,11389.7382,11457.4738,10266.6451,114482.5528,3708.9154,26837.0391,119891.3481,6056.6135,17034.1358,20950.5768,8490.7375,69947.5537,6614.6889,4919.4892,7461.8697,4244.42,14826.4484,12856.7174,38842.2369,12939.2459,61429.6458,1233024.903,13958.5419,2009515.89,11236.9347,10036.1126,1678312.69,16329.6896,13106.8178,20787.3342,3877.7826,35143.7111,7762.9835,28769.5518,17751.2055,13060.4336,4477.1848,3370.2813,14932.4104,50568.1006,52028.6362,65876.9042,23202.9431,144290.7452
"K0017",32428.41,62255.639,11384.438,3677.414,21852.795,21587.988,15529.133,2185564.507,8883.019,429187.58,25968.552,2725528.063,791613.792,78803.436,11080.324,50787.192,65694.223,240566.992,42358.709,336333.806,63208.718,14721.691,7350.558,332385.573,5278.18,13127.529,97816.228,14488.298,33838.734,112093.4,13375.71,13990.305,8266.138,17777.717,24094.313,10448.375,51426.849,31204.813,109513.542,30145.374,13463.66,17755.331,10557.962,30417.588,17256.906,60072.049,18112.022,21421.977,7344.038,13894.633,9519.093,419711.558,45750.678,24882.804,10588.257,19302.054,25182.264,8036.932,342063.912,16114.889,8668.028,11395.886,19887.356,55251.478,543600.943,29398.879,33888.122,54484.631,13673.452,12736.995,5838.875,87684.551,29467.915,26754.86,59219.013,11084.103,10781.625,17667.955,6118.036,96088.923,1442.096,5518.55,9820.691,2649.228,172612.209,13201.944,65529.707,14782.971,54190.214,1206055.452,15663.676,249438.291,19373.956,14506.546,2858213.141,10591.13,66499.743,26230.216,8151.403,13562.432,7285.387,18171.439,10173.5,12697.41,4847.096,4548.505,13300.704,25617.08,30045.484,67895.134,43336.902,146899.299
"K0018",13832.1132,15083.5655,6615.5253,10686.2548,15516.141,53551.942,8962.816,873628.5796,7775.728,547004.0644,24904.5182,2509000.51,246734.9243,80432.9506,12722.5043,35251.2791,110499.4896,279690.2674,26233.0313,163102.8188,57958.7405,8667.4191,3818.895,651254.1952,0,11300.3028,75260.7403,16562.9615,20967.929,175055.9965,19395.4214,7902.2618,9656.571,23667.3442,16944.3357,7877.7316,34431.4504,6266.9542,77527.8609,30678.3694,7803.7501,17869.1801,10286.6842,1784.8472,13072.7264,78298.8116,19338.516,6047.1702,29978.8227,12975.0154,44028.0353,35681.4663,47782.5212,10580.5762,16216.7771,36986.338,23623.4776,9220.943,373603.012,24815.8355,13924.851,10396.2585,21305.7272,71683.3621,35880.7619,31590.6853,22073.7925,51664.9927,11560.6287,9148.1343,12575.4474,75643.929,10042.0103,23429.4803,148379.2013,7445.9541,29259.9876,22335.3456,10281.9301,84819.1436,9486.254,5435.3624,12437.3605,195.3552,198129.964,11090.2186,24781.9947,178134.9613,27201.0116,305689.0683,11393.3375,293580.8757,12342.5053,5840.3514,1107859.924,21387.4233,5728.83,18473.1508,7966.0852,13787.6418,6863.5551,26253.327,20394.7865,14583.7292,212.0567,2623.4835,10366.8914,52871.4074,12834.6771,71793.7904,2069.7606,177099.4774
"A0019",28050.2374,51665.7297,7737.8207,17578.9452,22453.9581,93101.6794,13789.0916,933904.862,12038.4617,831070.2071,29366.2084,236700.1442,221820.358,131974.3363,13004.4067,42605.9567,104512.0278,427671.2637,39517.2655,204435.143,19781.6669,12332.5373,8123.3448,804580.5834,5291.3811,265.1004,43373.1712,26911.8941,27279.3953,22211.2747,22662.5859,15295.0539,8758.9137,3218.5297,22376.7376,13796.7355,2313.9328,28392.5248,4619.622,60321.3138,28876.8845,18136.6838,1740.6941,14988.9413,132.6576,40720.6901,19398.5202,753.5221,14265.2281,14633.1366,9865.6322,98281.3796,79176.6874,17473.2672,16231.4931,44660.8036,22723.686,8926.3351,144438.3232,49405.6683,10310.813,12978.7387,33563.7085,75978.7895,519281.8734,29837.4583,45337.2729,63516.9304,16620.7026,19021.3947,9420.2705,180943.7607,494.5499,42118.0717,137614.4797,8989.6909,1052.9343,28410.9799,9804.3956,136146.4798,12230.0812,7069.5897,15548.9016,5057.4025,10777.4783,14314.1241,48476.9216,16322.3018,5890.9636,18328.4478,19672.5102,1694663.567,30497.369,11280.7985,2740492.681,22885.7356,7377.3539,45691.1885,11018.2353,30566.9507,9186.1726,23655.9708,34523.0353,32981.9088,5552.2765,3962.8933,20094.5755,61221.2339,18461.0816,100833.7909,20356.0906,119597.1757
"A0020",29174.107,19658.961,22789.998,8866.442,10249.658,36795.719,7621.036,1307318.421,5190.462,706197.318,18980.048,2077740.841,175497.324,61831.02,32040.08,30233.495,94561.107,206271.688,110565.893,371240.65,30867.966,10854.728,3399.464,560518.555,6329.169,9356.859,77084.075,15557.188,40778.539,184519.328,17480.185,10399.321,29038.986,51562.216,14540.505,10232.435,34048.82,17730.978,71049.245,35831.735,14230.96,17325.376,28397.809,1053.6,10717.381,205545.377,18129.305,14064.054,16837.028,13803.681,43212.716,140358.109,38606.611,25787.526,17435.866,19523.919,20606.427,16730.895,285952.188,10459.638,9777.156,13521.882,15345.133,66597.547,907583.101,28962.739,36001.87,51093.259,12245.675,13360.832,5860.306,90791.26,14770.859,25936.075,90091.734,5666.828,47437.84,28655.914,15724.396,80945.926,9361.888,10056.555,15653.553,6945.569,148003.103,12405.745,23793.557,12471.453,44441.335,571826.885,10820.018,206830.678,18066.4,9850.998,1950875.799,17167.339,13786.395,18801.848,7221.441,9932.399,7372.627,23561.216,18456.138,12927.379,4694.424,4503.489,13909.749,64890.491,22879.123,72324.434,40825.766,211914.509
"C0024",6900.2427,9407.3196,7194.3038,2961.5279,5704.058,22301.6909,4466.2565,257644.7153,8134.7169,837940.9744,21274.6099,182328.4418,171068.141,33641.2699,4641.5499,17175.4376,169080.2129,112979.2122,23083.7689,198574.1561,20588.3646,8093.9311,1407.5715,328605.9486,550.6627,629.7097,104584.323,10585.4604,26873.3853,321077.839,5450.2551,4607.7141,7913.2828,9394.1892,11003.2414,8108.057,3253.0965,20643.5588,6758.8378,16573.6683,5283.1485,19607.092,7940.4349,136.412,974.9829,23610.7167,19621.9131,4055.8152,8430.8799,13422.7108,10165.0606,76366.3121,19979.8097,14494.1132,9507.3702,16375.6614,21151.8302,6714.7251,138790.0899,37406.2735,9446.7737,12389.1777,15979.5644,64979.1193,272485.908,31993.3434,11320.4203,66965.6259,4556.4416,5248.6311,13656.7916,38577.4108,2093.9279,19245.5465,103205.4757,4234.9222,8025.6857,30914.3991,10631.972,100245.4777,14486.6131,6472.198,11167.776,205.0728,12302.8361,12250.6104,18736.3342,170348.2445,38226.6378,767047.249,11416.4898,1198219.628,7311.0688,3593.3036,510922.9147,18739.7672,8009.7488,8983.9833,8481.9796,7684.9859,7389.8481,23969.9981,5947.7749,5618.5825,2095.6256,3692.9144,6894.1622,30326.4643,31036.7621,64417.6296,9518.5267,101421.192
"K0025",25268.7943,21207.2399,9847.9925,7076.0748,14372.8371,67991.3007,2113.893,625453.6795,12893.2326,826600.2883,20185.9529,194474.0803,859032.8339,86344.4765,6467.7559,29957.6164,226253.834,279741.634,42693.584,184801.4179,21043.9142,8748.3594,39698.6385,353884.3134,6469.6624,133.1925,117396.6382,11801.613,20556.4938,177986.9781,8620.4876,10981.0968,12297.4597,74907.9791,16394.5222,9111.2633,1983.3968,5778.2282,4120.5438,22335.0747,6113.5336,19629.6441,20107.623,17517.5287,1160.5613,16264.5444,19639.2545,1743.2222,11481.475,13055.0525,11641.8221,107891.5513,53494.262,11952.0912,13342.7408,40715.1463,23708.5018,5368.0345,112679.6631,25590.4787,11308.2598,14348.4323,18759.7495,60852.9787,579160.61,31550.384,34466.6685,67342.3513,10729.156,12256.1663,10965.2286,98885.5318,155.6708,25095.8615,104030.7246,7439.0641,13982.8079,26434.3093,15137.6795,115181.0395,13341.6881,8577.5324,18703.7198,5828.5995,8260.0189,12217.5735,45217.9504,14176.473,84540.9093,1170308.192,14042.1333,1498729.416,25354.5194,14359.1551,1736207.648,19142.0059,9468.7617,22435.3135,12452.4096,11416.1706,10617.8093,33635.9715,10498.3101,15173.7855,4764.2705,3416.8169,8444.6396,56810.4899,43682.9037,86381.6491,24083.7148,160275.3672
"C0027",11824.937,20363.189,9911.286,3141.905,7509.917,20677.023,36995.981,443446.844,8603.924,778953.093,14806.48,2263357.825,235623.537,25288.295,11807.762,12452.955,134618.347,88818.836,35296.768,305902.965,23034.936,14539.449,2486.608,214090.649,3694.649,10500.011,101349.136,8628.869,37409.246,88281.938,6804.571,5094.044,21400.337,32387.534,5683.153,5267.308,36658.032,17235.866,78156.359,16680.471,3877.018,18054.042,16449.51,0,10424.267,89560.193,19753.611,5808.386,9889.609,14959.532,31410.384,70663.281,15448.508,21837.996,20361.043,48675.338,22141.071,5732.313,231507.275,22342.237,19792.25,13284.942,16200.944,55922.051,150686.417,35613.292,13782.134,49125.064,3741.266,6690.316,11230.067,23550.33,14929.208,14676.502,90402.431,5545.444,18232.218,22558.919,9067.334,93241.801,1829.994,7802.608,12137.246,1118.647,146254.285,12709.224,10901.994,15622.343,36942.902,379506.963,12791.242,197263.087,10936.175,4816.774,638384.364,17094.945,8273.689,3717.801,9772.822,7711.424,7029.676,32552.425,4285.494,3935.289,3164.336,5381.906,6130.977,43520.57,22140.282,71766.769,10104.523,205812.176
"C0029",19780.4672,25560.5948,11914.8496,8224.2446,11554.2826,46390.928,6554.7984,1177201.764,13434.088,748675.652,24297.8059,147828.577,607026.0855,81421.0708,4788.9675,28656.9809,137966.1156,268045.7428,32741.9151,156706.0293,26079.8568,10215.5154,8250.2328,355970.4694,6816.3758,125.8301,99697.9449,15839.5363,19794.8288,133343.4523,10982.7555,13552.8648,10591.3436,23632.1877,17754.1961,11237.6219,1127.3417,45443.2756,2575.3452,29699.3789,9984.6183,18375.5784,6392.8577,20947.514,511.7404,108203.376,18656.9928,12812.0854,8006.4362,13058.6666,11681.5739,122743.4818,45852.6906,11054.3549,10519.5875,18596.2521,23750.4941,11318.5182,293431.8238,27267.5041,15670.0094,12998.2778,18149.2785,68962.9928,524151.7295,32858.4977,40330.6703,64161.6794,12797.6535,17614.4433,9171.4326,129617.4931,115.1117,31365.5779,86674.6505,9514.1514,4216.2494,20275.7933,8588.1135,116852.5508,1283.69,7408.1079,12062.2664,5893.3165,5893.7268,12510.4306,47588.1716,15435.2966,55426.6229,1196024.4,13624.2142,1412333.977,15388.8386,11360.1362,2068909.497,19784.5789,13150.1411,33139.6019,11391.6012,11403.3304,9452.2764,20251.9229,15909.4793,13204.4386,5932.7513,4270.1258,10028.6301,35675.5612,29399.9331,112284.8102,32838.2358,209744.5987
"K0031",27565.9355,24308.5775,6363.6123,9138.9222,15542.2118,34586.8514,14300.0113,697947.6016,7840.8315,733405.8461,21450.0589,155145.6208,142422.5608,66675.9625,5146.1389,22206.1256,203135.0522,226256.0857,21145.696,130766.0483,24714.0075,7950.8488,3802.7381,629804.4885,2513.433,123.7061,53142.076,34617.9481,17688.8035,101788.0995,12111.4993,9446.6505,10062.5449,135048.9518,16032.5736,13055.8354,2574.8357,30872.2667,3827.3586,82218.3572,12548.3844,17123.7503,55107.393,5149.8274,484.2428,67978.0151,18007.8766,27254.8716,27832.1922,11814.7299,14089.2032,79044.8956,40592.1116,9336.1003,13516.3858,29464.1555,20660.2467,10162.756,219322.6163,21962.0385,29141.6799,11141.9345,48487.449,58802.0945,147931.4519,33441.7532,25022.301,71544.3932,9617.8227,11225.9915,10889.0814,100212.7542,274.4613,35056.1378,106743.7671,5211.6571,77138.4217,21124.9965,10975.9987,82143.8723,6325.1434,6596.3952,10615.3748,2838.6738,8351.5132,13351.3483,31613.7063,14850.4211,37485.4088,336766.4743,23282.1997,1146237.737,13330.2545,10848.6252,1334679.05,21041.6061,8635.4615,21133.8443,7615.1825,49920.9065,7874.1203,26243.9703,17857.7199,11147.5487,3393.0635,6195.3252,20872.8226,34606.8819,23448.8789,66517.1352,6634.3038,142038.8384
"A0032",20119.432,38632.266,9911.902,6014.456,31143.434,53606.979,9117.142,1676554.963,12274.249,788283.736,32730.991,2853040.302,434317.224,110136.299,15314.413,67781.176,121344.08,332956.178,44509.947,243695.126,39277.809,12286.607,7432.084,469580.928,5691.927,12769.38,64574.296,10570.542,30505.388,276199.818,17368.492,13621.979,11852.022,16645.196,30255.537,11914.731,51940.545,4825.165,98954.454,19276.477,7977.935,21595.613,4855.132,22143.215,13561.74,166716.012,20530.84,8459.258,9104.967,14837.345,12426.174,250646.719,59516.764,17297.493,13313.343,96335.871,21303.682,3238.27,358266.235,17606.042,11208.146,12370.273,14441.113,60707.789,573493.728,30204.491,34330.399,58539.644,19775.161,12133.659,7875.865,117719.427,24698.343,30690.528,96080.654,11638.125,6904.071,23424.53,13725.628,126375.323,12235.058,6123.907,15048.171,5163.601,194684.155,13986.918,67631.093,12476.597,23402.37,429434.991,15715.038,180933.661,28941.441,17453.326,2782925.276,15254.355,31708.251,33644.281,8571.272,8568.512,7740.191,32071.925,15693.989,17173.106,3592.794,5513.163,7704.768,47066.299,20687.318,88171.427,21507.037,150050.893
"C0033",31788.571,95065.12,9348.815,3301.719,15831.92,65809.066,9833.505,1701724.264,6504.929,730017.549,19792.522,3082220.573,311741.776,68424.108,13464.003,42352.49,82452.542,214788.993,58264.141,249187.992,46867.037,14246.965,3539.424,422857.819,3336.31,14494.706,28845.815,20669.077,33231.206,71047.361,10556.164,11236.066,9212.536,21696.831,19304.405,8498.782,59133.687,16159.899,119563.321,44503.6,7936.696,20846.446,4434.962,17239.809,13447.364,53697.178,20086.894,3764.2,10661.843,14174.429,12345.48,194191.305,38590.242,17514.969,10193.701,37273.824,21765.249,6117.156,171633.043,28901.238,11315.078,14063.993,28371.789,45320.101,620425.638,33321.872,23889.259,46318.839,10264.387,9583.756,10539.757,63714.119,37949.073,22490.763,82071.543,10111.492,3812.968,23621.169,13140.343,106483.618,1540.73,6396.042,14419.909,5364.776,188438.333,15226.079,53315.174,13641.799,6201.427,52419.855,19177.054,201332.072,29153.797,9166.966,2123827.537,11589.332,25758.375,17782.472,5390.753,17124.391,9428.192,15261.238,7167.184,10869.837,4723.974,5469.871,12372.285,41537.305,3862.207,89968.579,9827.583,154681.914
"K0034",45954.3962,62703.2885,9823.3783,2388.6154,20034.4563,34610.7318,8012.3592,1862272.775,7262.811,571624.907,34546.9187,2469641.244,305944.1406,63307.8692,3654.9722,29223.1654,48023.9894,191509.2808,30917.9548,253035.2079,49731.2667,11382.2018,9669.7289,354791.9879,4149.4017,11478.0994,89516.4695,20960.6051,28071.9911,345844.6417,5274.607,14870.2401,10676.6736,68349.4881,18880.6524,9448.3553,44967.7204,20567.267,97604.083,44536.4774,21186.3078,20015.9044,23845.3215,25912.7428,14065.3233,29978.6022,19272.1814,4189.1572,23766.5486,14177.4377,7631.2638,352399.1308,35034.8003,18121.6272,11599.971,26870.8601,22466.4891,32382.1254,186961.1621,39851.627,8233.3623,11325.1367,24005.4195,75037.4757,643355.1386,32348.3797,42281.5589,59316.2313,6382.3923,15569.7558,7262.2138,54976.786,29577.9705,30384.0173,114101.6719,11388.6901,2394.2608,23161.1445,14125.9101,89160.8063,11181.0089,6490.248,13401.4848,982.1316,149531.2051,13136.2532,80088.4422,14493.6326,42156.0454,806404.8456,12572.7555,189968.8232,21437.4261,22011.1599,4041112.436,17260.4042,52018.1915,13745.8979,7881.7552,12539.7821,8660.6827,27542.5666,4503.0963,8588.7636,4316.1167,1946.7287,12737.3797,38594.2089,29989.4122,75721.2418,33061.5889,129151.8041
"C0035",28046.865,68560.684,6790.743,5275.757,32341.54,47722.833,5699.079,1836960.074,7479.905,820595.063,29567.507,2680035.676,367473.271,139913.725,13974.904,78979.774,48313.422,431376.121,24956.469,155617.986,32160.486,8023.353,5037.961,538279.304,6731.146,11548.647,68061.805,11906.783,20824.912,74872.772,16773.717,13015.533,6889.282,20220.608,30202.374,12040.651,50321.36,16318.489,101318.447,25526.496,6108.595,20677.144,16575.357,32764.294,14356.114,123948.886,20537.565,4430.021,14766.796,13962.098,11167.493,239739.121,78531.261,12043.664,8147.683,29942.735,20997.391,10649.613,280256.966,34974.493,14337.553,10642.983,16798.46,51447.035,1096056.342,31678.448,32816.348,51844.162,21001.24,12028.933,7360.63,145252.294,29106.141,34039.658,94001.532,14863.338,12006.101,16140.669,9319.901,112682.414,3865.012,4862.31,10939.733,7039.942,177694.667,14122.956,87077.526,13870.753,22416.877,480288.115,13602.942,253706.522,21467.415,14450.296,2690586.039,13268.169,26794.839,43908.423,7604.425,13277.373,6706.632,12470.929,18567.215,20915.322,4938.303,5057.824,8671.442,44180.969,20020.22,75441.702,24358.256,128536.545
"C0037",16085.35,68289.744,5718.852,5572.205,24275.689,29379,6888.684,1198950.64,10138.322,805917.936,26774.075,3184101.936,391368.894,116221.368,12276.641,67872.245,61847.875,345950.537,23774.45,134462.075,33929.367,9277.927,6867.863,443207.295,3914.781,14435.147,87806.049,10175.433,17627.272,192803.176,16363.15,9100.449,7559.256,8499.83,26386.357,12238.817,55502.952,30444.586,116239.995,19264.237,8270.211,20683.873,6570,27592.728,14242.878,72503.845,21180.536,6051.371,6675.945,15584.516,14312.343,244868.398,67579.392,9665.96,13643.938,34286.192,25565.488,3913.979,297616.692,27694.425,11572.429,11944.197,19206.038,51080.403,763018.294,31894.358,23355.25,41717.966,17860.115,8369.426,7244.235,108157.413,26207.43,34549.411,85177.48,15066.841,4678.526,16861.054,5691.833,81588.213,3250.053,4271.164,7330.602,5244.964,225021.439,15359.414,78787.995,12797.075,16644.879,295808.147,22128.477,227486.635,17241.859,11350.946,1793123.349,11576.5,26981.222,34167.644,6857.878,16328.388,6118.998,23372.531,13723.632,18610.855,4306.077,4217.446,10208.52,24064.433,18631.385,83863.111,26482.781,120310.986
"K0038",18276.244,16218.8358,10026.6953,4985.6499,18202.0821,43474.2927,28060.0794,1200466.96,9922.926,334984.3703,26024.7633,3370443.474,327037.502,81821.7574,13787.8427,53030.5175,66731.1636,263597.49,33286.5418,172943.9759,77333.1348,9315.2903,5322.5391,528285.9335,5173.7481,14823.421,97762.2341,13871.0902,22830.1567,52703.4774,15226.5113,10319.6538,17768.1612,72832.3851,24588.7864,9240.2646,61293.6555,13853.5471,124416.9503,32024.7221,8054.5572,21608.5352,43823.4381,20306.6175,15586.2981,108430.0758,21487.8809,2505.6987,8541.1313,13608.5906,8783.9079,98010.992,46309.5523,12861.1759,10936.6712,36318.8566,20755.7791,10266.8398,259128.59,25357.5765,12138.9206,13930.7564,24175.9101,44437.0148,189654.8421,31526.8273,22757.6719,58809.4547,12638.9076,9050.1037,9774.5782,97574.2042,37155.8568,26968.051,98505.6444,11723.5119,82634.7255,21930.8066,10642.8279,107998.3474,14085.4129,6627.8722,14624.7037,5430.0132,199881.8113,14341.0079,66663.8149,14423.5571,39574.8105,628576.5916,17100.7874,269646.2571,13119.1846,8786.1696,1633439.148,12185.712,18740.0375,27835.6745,7810.0442,15256.4782,8501.0415,23667.1495,9111.1007,12526.8551,3078.2937,3074.2272,9843.3554,29933.6483,29263.7932,81204.1088,765.9916,121087.8141
"C0041",25312.934,44914.874,9248.249,3318.283,26021.532,26898.923,29196.586,992413.323,5844.091,594692.47,20177.775,2674509.94,142461.101,86808.306,11490.433,52301.304,131866.4,272857.256,33201.651,251798.352,50248.309,10689.155,3296.02,415436.729,5158.111,13288.542,54466.399,18017.375,32098.717,239656.088,14260.595,10625.681,10841.429,84325.804,26625.155,12238.816,55720.583,21349.802,103545.224,35410.213,13211.151,19359.254,13991.41,20857.891,13003.558,186334.198,19095.03,10105.86,16565.251,13964.335,9663.412,339974.467,50180.689,17712.352,11798.607,43043.193,20023.514,10812.629,569492.721,26666.489,10827.9,10389.404,19199.699,45694.723,812294.501,31879.272,31504.379,55089.82,12481.451,12263.654,6099.47,111914.871,40472.625,34435.927,68497.51,9547.021,3341.842,24170.864,15396.433,76755.682,11540.608,5947.868,14839.972,3793.717,150409.22,15326.985,65617.345,13011.587,6059.811,32803.683,17418.102,190870.197,14012.516,11816.177,2435005.861,9731.837,46840.139,25500.078,4522.741,13126.333,8209.615,20877.853,10260.129,14675.979,4828.732,4525.577,11594.899,28500.05,5489.333,59663.706,40549.242,232156.755
"C0043",27363.384,14342.723,9541.735,6044.98,13091.619,68546.446,12409.697,929051.184,7073.695,672480.099,18281.494,209116.191,91373.146,75740.573,14772.983,33014.91,62442.076,262130.916,27847.037,316118.872,40608.835,10206.649,3089.616,500597.023,5933.043,306.649,126138.65,11156.175,35053.249,532476.919,15150.356,11647.236,14862.775,49560.69,16211.212,7452.983,2809.961,28374.977,6872.669,23141.059,6963.231,18718.37,24462.126,16271.233,1032.473,55419.11,19370.356,40962.424,7746.526,13342.809,13888.954,134681.728,45060.035,23325.236,14648.465,12631.61,20924.671,6523.464,202580.05,27246.165,10970.63,12193.643,17480.375,54924.307,509779.702,32136.82,33455.635,49091.312,9723.257,12563.125,10048.326,84427.592,2673.69,26664.94,102470.776,5398.277,40562.939,18070.698,12837.998,93515.736,5691.26,5195.889,14209.247,4670.749,8311.001,12278.002,35844.09,12890.734,16504.169,79320.606,12220.089,1739887.293,29497.278,12831.021,1803645.437,13957.388,15330.299,15082.916,8300.794,10490.577,6511.312,32859.95,19495.577,15105.853,5274.049,4304.843,7805.625,48658.628,20945.641,59937.786,27483.712,344856.105
"C0044",7714.1621,7225.9467,13028.4571,3658.7463,2937.656,7691.8924,6138.4477,430802.6658,10509.8627,742990.6651,6667.6218,594832.8038,61164.7413,20022.8798,37797.6344,8848.7564,60218.0141,66897.7131,42181.4987,254385.582,23848.8125,11382.0682,1626.8476,125095.8763,3923.0446,2329.0252,64199.5673,24053.0039,30412.1353,63613.7523,4750.157,11029.4839,9722.9459,14225.267,7394.0222,10209.5654,10072.644,2408.369,24198.282,56320.9237,11151.3386,17987.6055,5936.4691,148.9954,3428.7358,64113.3216,16104.6768,2311.4675,7326.7776,12597.775,6088.7039,130665.4499,11762.3233,17040.9163,13968.8304,25030.1899,25209.4561,9418.9002,300192.9262,14313.414,8813.9255,11572.5419,31341.0378,68211.6206,512955.951,31852.8903,29645.7237,48137.123,3056.6496,10097.3761,7387.9798,77247.3309,2621.4168,30557.0507,119828.681,2641.2373,11580.8011,20348.9583,9927.4669,71072.2284,4624.3058,5528.6323,11164.3926,6612.5452,52243.9693,11323.113,6929.5601,13377.2869,15350.6398,174470.3941,13168.8355,71566.3674,1260.6723,1393.1119,478488.5309,23857.2797,14241.7165,6171.2588,9464.8285,25701.88,7302.9343,23435.2609,4422.6638,3341.2011,4291.955,3729.5452,19015.9276,14859.8898,28055.6129,57035.26,25654.6985,195259.4887
"C0046",8010.3154,7496.1359,9812.9472,3670.8892,5805.4023,21884.1199,34232.63,286265.0829,6432.6717,761349.9748,17268.1467,2221031.812,313846.3092,24591.9409,10161.9575,13028.3345,98817.8008,93508.6214,27437.4371,331160.5963,25299.5786,10485.0984,477.7283,164528.9298,4860.8938,10871.761,62533.4204,2668.4526,37927.3188,229185.3863,7131.8131,4055.557,17153.419,120746.8087,6282.9727,2236.4147,35814.4179,8117.6575,79266.6312,4859.8712,1053.5076,18132.3007,40013.9292,0,10406.4049,154275.9005,19039.8411,8090.0136,4099.7305,12589.7617,16290.1626,85036.8597,15158.1167,23459.5104,14621.0407,17028.5332,22385.5757,16287.9677,223735.074,20624.0386,28396.7625,13668.9914,7240.1406,55524.7356,433768.9104,34366.2616,11375.0726,57387.2367,3379.7154,3820.852,11042.2874,19126.703,18443.1267,10523.1499,101242.5597,4351.1151,26425.1704,26069.177,11043.6788,77936.3767,677.2326,8106.6734,12330.7185,6706.6207,138797.8633,12616.2293,10500.1292,15115.6979,30088.5193,316191.8669,9188.9131,194588.3519,5692.8604,3144.5293,430617.0962,17423.6818,10331.7002,3677.4653,9001.1065,2963.1912,7292.9471,33429.8279,4961.165,4830.1096,4204.2772,5900.3972,2150.2092,43000.4195,9252.6876,63621.2665,12518.3266,234003.6451
"C0047",23779.138,57678.538,11269.165,5137.235,18687.906,32114.862,20966.784,1564679.084,7900.042,735990.72,22060.827,3063563.34,241875.216,77365.389,19028.983,51002.154,141406.926,232025.669,33805.831,184991.373,35142.133,10794.984,4298.043,482425.077,7128.183,14776.63,39617.161,24944.932,24983.902,121264.111,16561.676,11755.886,6407.198,15577.048,23609.214,10150.8,61330.491,20364.259,120700.13,54255.31,12852.084,18811.55,12092.291,26199.979,16910.221,146515.897,18612.262,19817.113,35418.272,14749.394,12474.304,282360.584,43166.471,14785.067,13457.688,17711.768,21449.183,15905.65,469837.513,25489.13,11529.452,9589.543,33666.942,121360.918,790445.863,32734.233,26000.31,52703.11,11947.934,9993.513,6644.451,94578.133,35220.057,33853.685,94932.562,10643.232,17005.17,18916.825,9717.642,73129.927,7396.943,4979.486,11444.608,6041.159,191145.495,14448.965,55672.656,14988.094,12032.658,186709.34,19770.567,254220.582,14342.291,10949.23,1958883.469,13014.78,34510.239,25323.984,6194.853,39116.021,8317.994,19387.626,11926.163,12865.042,6308.865,3895.063,16765.136,39541.998,6264.444,61377.852,31814.872,113377.037
"C0048",1045.1097,3360.0884,13203.736,3378.6072,11236.3485,20746.74,4399.1961,173654.7719,13278.455,828182.2592,25756.1637,3663236.601,370920.4694,30733.0216,11213.333,26455.1321,95189.8163,106193.0825,53863.6532,259966.6262,26012.5496,11435.5291,3619.4415,358581.5424,7632.7236,17976.9083,42214.9552,4874.3065,36790.648,107780.6993,8493.1406,3043.9958,10856.1769,16535.4002,17918.0224,8068.5015,60640.0854,4494.3426,122819.8361,9158.7258,1822.9436,18140.3486,4180.9711,359.2457,16116.1102,14058.7778,21863.12,3637.2025,8534.1188,15909.8924,5556.0968,261680.0327,20273.6895,18971.879,8109.1703,16226.1922,20660.2224,7921.122,315374.8624,29315.7588,6032.7874,16436.1869,8426.978,60216.9627,973541.598,28132.4378,7359.3085,47125.1087,8714.4111,4193.649,7432.1563,42218.7849,26237.8545,19418.4096,80480.5908,7048.0579,6319.8135,18438.4227,13711.366,180319.6689,12145.1051,9940.6821,16672.2982,9265.677,243232.9377,15188.8583,27018.3736,11621.2522,15142.2633,202854.929,9790.7128,186968.9242,6745.8302,1377.1515,435071.6467,11676.1206,25912.4196,12862.1137,8183.4634,4911.7073,10758.1258,17581.0479,5803.9895,5305.5604,6459.6906,3651.0305,4276.4047,41630.6151,9782.4867,214278.7736,24082.3652,168600.9874
"K0049",33906.3597,43397.1347,16303.433,9166.6633,9329.1229,35018.9663,20695.5068,958514.6881,10340.9417,755386.4711,19855.2931,193744.2181,206622.6973,58675.4305,8873.1776,24408.7147,99084.5593,191984.7387,66062.4441,372012.3595,20822.6613,16479.6619,5498.9138,380124.5814,11363.15,609.2392,56990.8608,28485.0502,41318.1545,73636.5564,15003.0508,10121.0043,19892.4985,84210.8557,14555.7388,11177.3236,2757.3558,19789.9896,6023.7316,60343.3749,23486.867,17729.388,15322.2362,1586.5325,1398.5593,172602.1172,18115.1638,16270.1408,19104.4063,13282.1288,11851.5246,135734.2727,34319.0918,26376.568,20098.946,258090.4772,19007.9533,8858.1496,201518.122,29816.2281,14430.5056,13016.4515,36878.9977,66074.4308,1047192.562,30105.87,41022.0156,49997.8735,8613.2751,14979.2138,7188.8424,91016.7803,314.6382,30424.5201,87688.5619,5670.0939,19139.3532,24751.6757,15852.3864,98558.1318,12595.1951,9321.2482,15832.6925,8763.6946,10322.2706,13446.8452,20663.4249,13429.4394,66278.7622,1394821.309,15626.7059,1376750.242,27167.4918,14826.6624,2288912.907,19485.6671,11395.6768,23027.6093,8459.2914,25093.6411,8664.018,38907.1304,20114.5643,9755.1,9286.3152,3618.2945,22541.1242,43165.9581,50526.9238,72859.1399,28176.8627,190209.3387
"K0050",47365.4314,39428.027,18165.6485,2761.8828,23131.421,38395.1588,6577.2051,1540984.651,9807.635,815961.8849,19937.254,4475818.507,496882.4643,66331.4034,3947.2179,43821.6131,72773.4383,197987.3773,109027.646,287277.5362,25841.6323,16475.0444,3541.5208,255275.5871,946.6277,21764.7608,40191.5684,12761.893,38280.5265,292542.675,6913.4983,11630.3118,15277.0813,43765.1769,26367.0009,9829.7975,75601.0368,2194.1943,148700.9361,22601.1767,10989.7693,19877.2385,13158.5788,28578.0112,19633.229,219450.3073,21566.8638,6372.3133,19098.2428,13985.0998,12543.7791,253163.4631,40373.1072,19725.1704,14687.1138,55676.7521,17912.4694,11297.7863,319426.0979,26108.136,9872.3336,11483.4127,18575.7161,42455.3362,903479.658,31561.3302,35102.2741,53623.427,12688.6164,13213.0528,10677.0776,88356.7787,38103.102,27873.5725,68819.441,10486.3866,2171.3886,29123.0949,18572.944,113681.616,6459.3804,7660.6272,18697.0067,513.5311,313231.5811,16232.7751,87755.346,13576.4345,12343.7165,180713.8328,16253.3618,223952.1045,34832.0389,13278.1956,3491006.777,12248.1477,25315.4721,24407.5833,8958.3733,11283.8432,7880.4386,38552.7818,5996.4186,10442.0104,2827.0021,4746.8444,9303.6534,24518.2827,6455.9546,60304.0821,42208.0342,201612.1148
"K0051",34490.005,75813.568,2778.515,4497.816,27813.472,26690.218,2659.101,1620155.391,9979.971,658064.081,22025.303,2936724.916,183620.217,130648.396,5296.311,74204.195,45850.479,407710.328,14400.69,77524.715,43300.74,6950.748,7711.842,318768.195,5402.877,12577.47,17574.622,6245.815,13513.691,52857.631,15608.505,5017.026,2235.403,12626.13,30336.556,3122.043,58980.337,32213.183,117313.178,13381.127,5915.045,18357.903,5007.768,26360.879,14327.542,8742.573,17789.399,1108.043,12273.993,12510.18,13065.137,318476.812,78867.897,6143.889,3888.961,8957.557,19827.734,2570.646,72691.408,20439.076,3485.004,9018.176,12826.961,18087.537,696499.694,31408.76,12966.078,31090.146,20360.196,5074.648,6026.422,48021.737,41084.152,4222.689,18245.482,11709.819,700.068,7083.522,1226.511,54767.438,3336.078,2065.975,3244.931,3695.462,183834.149,14425.321,90644.73,13857.039,10187.437,185755.955,8290.99,270067.094,29671.519,18735.2,2501422.863,3050.156,42793.709,37056.88,5624.925,5361.256,4683.001,13808.128,10194.417,19425.788,4914.218,3906.06,5954.099,26894.538,4484.755,96089.868,30397.671,89670.504
"C0052",15915.3235,31180.1825,23165.2,6458.1173,6134.1933,23618.3443,31270.3147,679325.4449,11595.7908,741575.0411,20955.8107,146297.3392,62424.3684,50792.1954,6200.0038,20663.0341,99191.6267,164809.9545,103955.341,341496.26,13592.5772,16139.4075,4570.5868,279906.8233,10251.8834,375.2725,61021.5018,38281.2144,36713.4847,575866.3532,9452.2193,6963.4477,17206.0915,19905.4424,12832.4944,11684.8483,1518.4306,28744.9382,4297.4914,85836.2002,17343.3537,17052.3605,4955.7822,1723.7387,1141.2585,165055.0251,16141.8683,11693.1345,23680.6569,12216.9965,9942.8338,138192.3924,31038.2179,25503.8848,19397.5952,58360.4688,28919.12,11880.616,494377.889,18377.784,13143.7779,13670.7912,43649.5898,74165.5264,517561.3885,31166.8707,26034.4528,60219.1138,9184.8743,10821.8271,6437.6515,66518.1155,NA,27589.1669,73544.6534,4507.3567,3939.5226,44293.0882,11301.6315,91165.6003,15407.2616,8123.9468,11393.6781,9328.0894,7266.7901,11013.088,22659.6528,14895.9327,13899.9098,118085.1731,17229.587,1032443.287,17011.0233,5486.0098,1310437.183,18471.8256,12228.249,16486.4961,12591.0438,32188.3126,7697.3292,28827.555,9620.2221,9456.78,8022.7449,4036.3554,27850.1444,30280.2327,15169.0656,80845.9924,38641.6241,217172.7008
"K0053",30867.378,56061.25,30191.286,2493.269,10432.374,41612.222,16431.936,1247601.008,8489.646,664766.088,22970.057,1727025.189,473069.109,58349.746,2923.222,16126.208,45177.841,188006.636,30358.61,192511.745,30465.893,12277.106,10536.562,333949.614,3568.142,4073.516,29010.446,22100.071,24442.697,80380.547,4913.793,11552.931,5245.652,28098.252,10586.337,9647.627,30138.031,19224.944,69272.242,53694,12473.726,18296.48,16568.352,11717.311,12509.962,71493.654,17642.637,3489.243,7161.763,11143.889,10551.916,156185.342,33289.804,14595.12,15180.061,78125.668,24804.042,11953.201,181964.138,43102.42,11780.286,13733.016,26346.829,74028.185,506047.876,30191.298,42158.873,62974.989,6396.553,16636.073,7193.173,42978.673,14072.214,34526.508,106069.636,10046.977,5975.409,27649.257,9538.418,97127.896,5753.381,6522.736,14083.19,4551.62,120811.172,10974.534,41242.206,13428.939,16093.615,264005.156,14613.246,229652.998,44895.409,19614.791,2542153.977,19943.914,19022.772,9288.991,8418.196,14522.247,8216.349,24980.058,2544.081,10928.549,5587.766,3183.749,17815.251,42605.007,10794.721,80901.856,27334.253,108921.656
"C0054",19220.6696,21505.9232,19705.6819,2343.8095,3747.5921,22571.0934,7234.8568,767525.3417,14050.7934,814313.428,5211.1464,69796.1065,143171.5896,28513.9676,13079.9854,8513.3952,85741.0492,93376.3664,91145.0077,430793.0458,20683.2012,20177.5495,5175.212,133902.9751,4927.3462,0,120470.3761,61574.2659,44341.1305,136370.3624,2436.9179,22658.9116,18474.4064,26095.7513,7595.6024,16715.2068,761.6901,4015.9213,2585.2069,166880.2963,79657.2778,18146.5232,13530.6284,8619.933,113.0453,329645.901,17799.058,44204.9021,14792.1516,12613.9696,7494.311,74070.6621,17267.8788,27722.4943,30452.183,42391.9669,17835.5925,7383.2617,1168593.606,14659.1216,6620.869,10398.9119,97417.5985,74688.3537,293816.9487,33897.7084,79188.1984,60570.3104,3306.5845,27550.5685,10468.8465,145520.0851,NA,60627.654,201238.9077,2605.4273,18798.9272,34027.2715,18967.8936,102181.256,10015.6692,10111.5385,19706.3755,6239.3105,7087.7738,12963.338,15383.0341,158888.6437,45895.0242,899961.0489,35798.9184,392211.791,7150.5916,6191.7017,1374281.132,29924.9019,7269.0161,8552.0346,12003.0839,55841.1284,6540.8984,36019.1596,4719.1287,5130.0031,4750.503,3940.8261,34467.1957,10525.0001,48275.2502,63054.975,15591.9338,212329.453
"C0055",12399.925,50632.969,7397.042,4520.429,27319.369,19004.798,6355.49,1461952.761,11281.168,494200.474,22071.738,2880638.996,132023.378,128341.571,12608.053,84280.446,116859.834,381677.089,25901.16,110538.216,57661.638,6311.117,7838.13,320036.853,4300.329,12993.281,45630.02,15234.607,14198.65,103228.015,14932.274,8638.732,10264.285,6504.422,31068.581,13332.005,49513.789,25458.377,100003.135,29673.912,4735.908,16711.927,1182.719,22860.719,13550.793,31032.937,20957.117,2747.039,25748.968,13256.082,10882.062,420203.366,74874.95,7141.116,10523.221,63461.412,17651.955,3824.174,81979.822,36398.065,15704.638,10804.251,16839.823,46583.985,577729.658,31206.771,25452.582,54951.483,19618.74,10530.363,5807.486,131254.195,25727.732,24462.808,60464.18,11469.049,7640.815,16181.646,8566.146,118121.431,4310.4,5474.81,9583.874,2107.867,198048.75,14622.958,82188.854,12570.706,4527.059,69472.441,14237.084,205007.608,28731.188,11443.791,2096210.952,8069.689,63615.372,42666.193,5694.095,14675.191,6889.818,27621.034,13226.175,20091.371,5160.265,4167.565,14043.848,25149.565,14322.201,83343.277,41304.05,120920.274
"C0056",25984.187,69370.436,8284.677,4436.02,24156.246,32280.882,17373.364,1950475.397,6498.885,540000.072,24336.951,1118804.774,202815.416,88917.687,16384.236,53745.927,130717.021,273633.57,25761.875,207757.914,58392.152,11129.096,7334.801,570826.984,3466.134,5851.718,56096.203,20851.903,25237.193,24232.495,14742.839,8900.876,13570.602,20143.425,27802.568,12643.832,25642.522,27093.527,50203.294,42577.092,5663.753,18611.062,8087.468,20453.027,5994.121,51485.285,20527.451,11479.967,19971.387,13537.578,12144.935,334060.351,48519.341,12903.656,11599.568,38515.762,22026.268,5645.607,77887.061,30699.013,14578.029,10185.986,25538.399,52548.561,373206.379,29408.18,23162.791,57290.288,13958.727,10037.817,7482.772,106348.794,18997.137,38578.408,89184.843,9403.661,36751.254,20333.299,8748.462,66424.342,1695.739,4555.912,10739.692,4152.826,62283.084,12327.16,70332.144,12298.268,37409.557,625266.993,15983.427,190220.713,17863.59,13680.385,1893380.484,12360.417,47529.529,28745.575,4478.814,21277.005,7229.725,20157.947,11315.857,13168.189,4003.223,3941.323,14779.318,42979.899,15690.341,61205.562,8926.32,149778.146
"K0058",11022.138,20945.387,6086.943,4300.709,20861.028,13089.282,2385.125,456818.886,12356.943,748125.294,24770.596,3178966.49,181618.894,75264.757,10206.138,47693.757,77868.706,220029.9,29163.214,132266.625,33123.22,7939.342,6749.187,278512.608,5051.578,15233.32,40050.952,11276.442,18032.688,49602.855,11858.967,5106.56,9077.663,48173.402,26460.097,9827.719,56904.931,20719.357,111993.254,18985.34,3984.861,17544.173,20222.752,2871.212,15562.597,64963.562,18521.405,3769.906,8341.018,15031.738,9152.922,302947.789,39916.347,8977.018,11542.612,66874.252,18292.253,4829.459,111101.448,16392.539,11714.884,11592.428,16339.499,48382.944,713693.127,32529.366,13388.361,51614.505,13631.426,6348.632,4755.6,92569.769,28133.482,29446.553,51364.377,8225.066,19624.592,17203.555,5051.986,111721.015,4043.448,5006.713,7881.99,4447.477,220221.578,14345.709,42767.081,10976.894,6236.419,186526.677,13137.806,206172.677,14219.266,6427.852,914508.787,9763.048,38076.893,26421.168,7030.702,16271.161,7904.474,36685.461,6922.709,11198.666,4802.714,5372.209,8487.429,24090.014,10676.919,81219.906,34972.333,169724.728
"K0059",38997.96,55094.687,15364.715,1957.949,11944.743,62769.526,4271.508,1551414.399,10092.939,744605.779,31168.541,3246294.446,302384.354,43538.789,4879.21,30548.675,157278.35,139589.99,58036.546,275451.164,35096.778,14223.091,4325.248,326411.913,5348.422,14770.962,65531.784,6839.603,31418.787,255373.174,4532.417,12580.619,14067.059,24417.012,15200.725,7723.513,51723.595,7901.704,107612.913,16169.098,6533.775,19148.16,12416.782,13294.369,15103.668,47414.06,21512.433,7628.807,9197.221,14836.859,7954.692,247220.286,24003.046,18325.445,14746.522,26920.354,20692.629,12094.106,187116.452,17056.913,8945.929,15236.682,12001.326,58245.067,485250.175,29361.515,29303.173,49172.931,6914.333,10876.399,7671.632,35005.013,20938.691,17623.913,96852.964,5274.251,95101.64,23148.162,12718.876,113092.361,8055.248,8026.854,13655.848,5551.797,254595.994,14179.91,43755.738,12708.397,14399.09,197841.772,9405.133,183701.202,21192.769,9566.173,2687751.283,14083.719,29168.342,11156.177,8994.844,6189.442,8210.284,27753.569,3806.554,6722.996,3387.653,1115.481,5567.506,36938.645,17963.872,88301.527,25433.115,198708.033
"C0060",15163.641,20393.687,9447.4521,5849.5571,12098.6386,58913.0092,2194.9268,643504.4003,7786.9754,807379.1193,19044.2104,240631.7954,789428.682,67225.7775,16615.1369,29298.1647,125954.4963,236388.4402,32976.5668,280026.0252,31821.8867,11707.9015,7191.4831,666066.1457,5320.3994,627.7897,51004.7602,21485.6622,34632.0119,116944.8367,12933.9727,8140.3166,9811.126,19096.4056,15319.0985,9649.7835,5471.6729,0,8454.6605,42980.9674,9886.5958,21465.9275,3193.5974,9913.6071,1606.9448,289947.448,19554.1918,3318.4242,16199.8762,11738.6359,8858.393,57515.4266,41796.7914,22551.1819,14899.7442,17256.3122,21591.5441,20875.9675,302215.1125,119690.3118,23781.4119,11723.5121,29217.2613,54309.9798,220226.1125,32998.8061,23435.7728,52599.0901,10566.3505,9562.9366,10254.5506,87433.1271,1674.8329,23185.4062,119500.5546,7912.1484,5493.8384,22317.642,14060.0596,79788.9307,8723.3708,6813.9787,12989.5952,5568.2003,12931.8396,13490.5008,32338.5287,14696.2329,27691.9295,512606.8618,15100.5664,2026507.995,10917.9442,6433.9416,1154004.707,16766.5212,7358.5237,16698.732,5587.6491,15584.3761,9336.0526,20020.0206,21149.848,12011.956,3585.1714,3107.3495,13072.1695,66439.5246,24479.5116,66860.8006,9607.2591,182322.0852
"C0061",22506.007,43297.251,13188.237,3545.027,15258.47,38844.816,8322.173,1205351.378,12488.851,670705.764,24667.292,1446787.571,662212.067,85471.591,2439.242,22817.395,95988.482,272216.44,55589.497,258936.577,32713.817,12455.573,11920.203,372142.556,5925.878,3167.339,71165.117,26510.272,31018.319,32546.853,5467.019,16758.871,15134.766,29854.197,18631.108,15409.78,10871.919,21804.723,59335.481,61403.829,17656.916,18943.107,10503.831,27796.637,14415.703,423635.832,17154.766,26463.197,32235.717,13075.599,13557.016,149902.176,48429.514,20538.664,15560.672,58011.264,22270.913,5581.892,492588.426,29870.863,8052.284,12135.522,26914.921,74560.736,713110.06,30500.994,51555.036,65371.274,8923.633,20505.046,7473.567,103765.652,5112.597,50041.816,121969.655,14766.703,9924.752,25891.737,14514.26,132658.876,9575.143,7744.814,18131.278,7311.677,99396.009,12768.757,84121.252,11929.523,40307.871,584471.109,18579.068,325949.642,37017.403,22014.362,3114226.459,21988.848,19083.391,24244.635,10295.854,16866.971,8170.286,34625.593,5041.564,14537.734,5072.451,4390.081,15217.546,38484.095,16353.039,98144.002,20351.325,220566.232
"K0064",40769.373,38200.962,7822.979,14341.372,39494.471,125693.365,12048.357,2391318.072,9200.651,589352.659,49540.67,2631755.499,263288.3,128669.556,49137.23,85228.447,54647.861,444658.142,28576.536,189522.734,56362.895,12394.299,9100.973,1744700.362,10314.021,12156.305,24661.836,35539.42,23945.288,85677.251,34790.243,12858.139,7898.053,43766.34,30805.783,13037.067,43647.775,22025.2,93967.681,100348.524,12269.094,19232.582,12707.804,29451.102,14721.463,40381.06,20299.285,4277.128,12206.307,14059.416,11168.951,288809.049,79289.596,14596.967,15270.613,60795.641,20615.706,3207.286,107891.095,43446.838,10364.852,9771.94,36758.875,72777.171,967351.202,31955.775,32782.385,48017.937,22459.063,14021.022,6973.405,134850.595,18504.756,43110.905,242884.081,11945.691,3876.642,20363.297,7607.157,100477.976,8624.226,5454.792,10001.73,10505.344,191104.088,13715.776,57353.467,12184.666,23199.784,53022.222,15969.823,208811.054,23258.999,11529.871,2991862.817,23929.161,44483.807,45053.226,7108.661,24816.375,6169.585,30321.475,32536.94,21642.991,6186.145,2356.673,17039.746,72940.515,3918.957,63521.505,3487.146,135646.562
"K0066",82441.686,112915.564,15428.117,1825.876,28936.572,73530.449,8963.495,5527566.214,6733.488,668513.269,22853.776,4833373.124,697889.962,72442.785,6078.154,47354.106,115797.888,216115.941,53925.668,306703.597,39763.456,12711.889,6930.658,299342.307,11731.642,22410.163,44491.854,17932.158,35767.507,148607.324,5834.866,20314.096,20058.608,60579.757,29684.798,12285.492,81669.288,10584.302,159963.791,38635.932,13284.341,17505.578,18173.572,35435.607,20805.476,123833.955,19232.142,3969.776,22911.872,13837.354,11541.387,319890.505,39426.291,20750.982,15933.505,33934.978,23451.175,9787.754,595775.177,27287.974,9803.697,13507.603,19629.446,45384.94,1494000.637,30195.394,47222.896,49552.398,15170.656,19309.72,4093.02,132683.838,43040.905,33248.007,73522.188,14548.25,4978.568,26954.398,12265.48,73740.726,10565.448,6811.438,13072.228,19982.114,337280.272,12521.644,105634.967,10233.406,13380.756,151103.05,16521.891,310451.441,27826.344,22055.287,5413155.615,11649.071,41533.914,35173.025,6261.742,15815.238,6628.698,32246.151,7266.047,10147.207,7761.634,1744.004,15073.262,34385.933,8145.892,61214.749,24397.4,168189.389
"C0068",29787.236,69165.177,11400.17,5524.873,29401.703,44044.459,11201.625,1910131.162,8006.953,823005.925,27409.03,2160172.153,169134.249,105469.259,15291.363,63608.807,57917.493,338576.805,43906.101,222756.069,37552.933,12026.754,9122.141,685971.409,5598.863,10101.823,34453.727,18134.786,29157.398,43806.871,16782.91,10734.426,9648.575,24728.8,27818.786,11678.527,41212.57,18871.585,88527.267,35904.528,11131.84,20267.227,10765.147,41538.152,12046.494,104547.322,20403.887,7198.375,18694.221,15347.527,13773.89,222504.365,62101.21,15775.098,14466.73,44263.173,22810.644,5568.549,373888.098,22593.347,10541.683,12002.076,25568.798,47599.131,696342.767,33072.292,25054.68,54000.79,18075.983,9497.305,8323.188,129422.639,27123.06,33959.066,97539.026,10103.612,7701.841,21297.901,8116.574,82754.169,5203.128,6131.426,10552.281,3855.449,142504.352,14727.019,88169.652,16060.214,21456.963,138595.037,17283.709,181280.644,15432.029,10734.567,2227258.253,11981.674,25486.685,37666.598,7047.849,27911.078,8361.689,25552.877,16147.181,16939.196,5015.681,3786.094,13768.726,38522.447,12179.306,67119.368,16557.641,154802.829
"C0069",25248.2372,32130.7764,10409.2819,8907.3163,8229.35,27651.6094,5555.2216,1730618.991,8343.3471,758346.0193,18505.6812,212813.0321,380036.216,44305.7317,8639.31,19033.4924,117218.1694,161598.0614,37597.7923,200726.2659,19138.7611,7556.126,6388.7512,347560.396,9720.0704,563.2395,40987.9967,13376.5795,24799.3346,198816.4592,12253.5918,11161.166,12892.4879,48426.934,12950.4415,9267.4828,4054.4886,16605.4188,8930.8216,25989.2419,11632.8999,16357.785,15845.6434,4419.9521,896.0036,191967.0936,17732.5872,16669.4639,13631.1656,13186.9103,14597.9773,116251.4001,27227.6779,13170.8042,19164.7655,68559.1892,23940.9104,9926.9219,451653.8088,29958.4224,13320.8663,11543.8405,19371.3051,65007.2708,825667.8225,30639.5831,35986.3043,43328.8176,8296.577,15297.791,7692.2462,68745.6447,471.4199,23326.1427,81648.3637,7532.6384,8057.3277,23827.4775,9362.1865,79505.9563,9992.2937,7587.1236,8395.7255,11192.6341,16140.7327,12880.8632,23353.0304,15960.7946,9162.5508,30290.279,12591.8545,1422459.756,17120.5063,10327.83,1986534.995,16587.9248,9574.1818,17973.3847,10220.1081,8683.9645,7766.8153,37849.2552,14134.7603,7800.9867,6048.817,4414.6205,9891.4005,40005.3141,11611.9356,64653.7224,25664.6497,178222.3107
"K0070",6438.467,35809.591,12076.403,2799.12,18727.01,8932.548,10654.023,893757.624,12657.105,767838.607,27506.764,2811909.429,895635.476,99691.46,4028.124,63411.817,80026.045,295361.737,54690.725,191140.73,27847.705,12525.517,6608.65,212101.524,6195.353,12795.393,122552.785,7478.933,21694.735,326913.465,6916.78,5590.185,13326.29,17993.153,27341.865,12742.768,45603.982,17652.809,96275.234,15404.611,5096.995,17016.409,7457.201,17369.986,14578.119,134945.759,18906.682,4147.05,9862.75,14770.825,15281.931,292585.983,55544.338,13096.929,12858.21,31251.3,20783.181,7495.646,249702.516,26050.975,17526.859,11349.95,3609.589,53292.427,577101.512,28460.098,15943.457,60798.033,18995.535,7343.806,4342.218,104557.161,18864.422,33402.923,48282.982,19546.809,13619.286,18475.075,13561.44,98428.506,15585.54,7047.648,19054.088,9047.198,216954.029,12937.526,84859.123,10265.235,47370.74,672410.252,12859.523,173153.598,16381.747,8884.582,1261247.905,10054.399,31489.428,37843.549,8836.293,4499.633,7821.994,23917.533,3312.75,16505.377,7280.797,1698.685,6310.245,17245.978,19924.402,95341.348,38626.993,247755.519
"C0071",12922.357,51358.805,6892.187,4237.033,25051.986,40389.009,37635.302,1663101.621,11153.986,787216.695,22723.105,2456135.943,156211.678,86386.54,11543.644,57389.087,44500.501,278157.475,28619.418,147845.381,39266.729,7602.365,7306.386,514803.673,3828.052,11082.914,64193.09,11136.917,17480.124,53019.034,13458.229,9023.367,8233.47,9606.322,23064.29,11052.071,46295.86,15636.304,98903.762,22295.017,4584.877,19211.322,2319.254,37300.927,12962.786,172840.553,20542.734,8218.87,5868.739,15717.553,14099.978,230618.289,49250.18,11002.496,11184.151,56147.516,18164.967,3072.827,251501.071,17357.372,11038.556,8840.664,16119.009,49862.57,697462.458,26803.076,23367.704,50296.128,15108.713,9275.824,9213.419,134226.413,27896.813,32753.168,98001.481,10424.484,16900.275,18318.408,7732.843,76873.374,1570.385,5871.052,10749.923,3470.385,165245.881,15623.922,80391.068,12528.987,9279.897,111925.081,14486.866,201229.283,22171.896,20606.237,1946979.358,12009.325,28725.814,30095.432,7302.281,11864.711,8455.129,18685.923,11018.868,14180.854,4137.898,4041.858,7039.196,33502.478,7492.887,68517.684,18604.357,123947.42
"C0072",14891.267,35494.646,6391.145,3647.211,19639.207,49317.841,2176.198,913494.019,11109.094,776906.333,26240.725,2136314.6,109052.716,89557.815,10809.691,53134.555,60440.962,276231.996,22513.37,139769.47,39236.693,6146.393,4057.867,428089.374,4443.223,10546.996,101818.463,7714.416,20346.416,304941.089,13769.142,8292.483,6459.428,26918.04,24815.608,9150.349,37785.829,17696.307,81168.784,14636.347,4105.647,17953.746,11956.243,16907.511,11007.816,104324.614,20974.138,3899.448,6847.746,14749.209,9208.684,197876.967,46684.737,10110.893,9181.396,25085.096,21323.934,8936.136,233474.195,22028.399,13699.592,12470.067,10971.795,49153.734,610308.346,33222.033,22752.05,62522.775,15404.696,7620.545,10009.118,97542.637,21443.878,28063.675,96171.645,8384.789,2472.127,22754.14,11602.409,91494.955,10537.049,7707.725,14310.278,4331.014,142214.12,14304.651,63301.957,14894.421,18698.76,345245.088,12334.545,145452.096,19722.405,7391.275,1551377.084,11050.22,26264.797,28266.601,8471.843,8581.125,7488.369,18685.641,10933.906,13447.475,4240.753,3383.432,4874.151,29855.217,15083.079,81228.049,18981.801,142045.872
"K0074",6146.0375,10724.1938,10621.9925,2452.4389,2984.6548,9705.738,10969.9641,277408.0124,9580.1214,892147.9331,5905.6717,57052.8374,53423.5453,16845.3186,10483.8653,5800.6146,111540.7423,54127.5587,29140.4177,206204.2019,17681.7755,11395.7702,1487.1008,83756.8354,6153.8142,104.8218,22039.4304,28617.3934,24309.3161,145768.1957,2427.8737,13613.5692,12340.7804,29328.9929,5808.8332,9475.1808,756.4205,1089.2412,2274.0627,63769.9613,18055.216,18509.1554,11408.8015,0,0,95312.4806,19879.669,11255.1984,14742.499,14289.2086,2565.6564,86562.7547,9196.9662,15857.7559,15361.5446,24905.1418,22412.7902,8654.597,435394.0387,17958.9722,9891.2849,11172.7416,38993.1065,69587.3172,424251.5181,29572.455,38500.6473,51608.9014,1584.9412,14556.5949,10595.6713,89713.8511,NA,26621.5623,114189.9206,1700.2862,7771.7356,20980.6481,7247.9544,100013.2864,7736.335,6740.9289,11108.8707,7853.6186,5583.273,14158.2785,7282.4864,13123.5133,4852.737,31902.7546,18822.4114,314511.1584,5790.4728,2471.3784,468690.5887,22858.0868,8252.085,5546.7999,8108.8429,22032.6487,9590.3941,28492.1363,3501.3478,3443.6166,6607.1357,3618.4445,20914.2829,7355.0729,3616.4102,78988.9168,7162.7377,242795.7613
"K0075",31376.6743,35020.7811,7849.7479,932.2654,12380.0455,19654.9542,6756.432,1925239.569,7329.1436,881673.1378,25622.6209,3206013.167,919809.3664,31759.2209,5485.0053,19929.8062,55596.1475,106104.5538,27118.6746,255236.7321,25101.7563,9759.8121,5085.9945,338419.8737,3238.7858,14400.8746,56436.8517,17349.8792,28555.7052,298484.943,4862.3217,11812.2183,11464.5008,42536.211,12694.0126,6581.5898,50486.0014,3013.8308,106515.5143,40425.5303,10602.8838,19211.493,12350.5932,16326.1684,14483.3962,70548.1661,20585.6163,4226.634,8666.3086,15024.351,6329.9295,174119.3645,18292.9287,15843.6038,16101.5849,37352.9554,20789.1238,9188.5768,262938.2739,28167.7815,9797.5157,9117.8524,22095.8448,52419.3835,591073.1309,30850.5927,29041.87,32515.5652,5104.7145,10444.2256,8215.1454,27776.1289,25894.2255,17304.9397,90440.1042,13052.679,3968.1453,18077.316,7988.0777,83055.1182,5548.6206,4163.5103,8525.0741,4225.353,249167.4424,14618.7168,57837.3399,11309.7334,18615.3328,335595.6022,11034.9157,176774.6929,30991.1459,16076.0604,2529114.643,13797.6019,17024.2633,10189.522,7638.2701,13711.8741,6487.05,25751.16,3381.7073,4980.5223,2679.8376,2712.9687,11228.2486,38734.8087,17948.0755,56933.7046,23934.6914,110598.4982
"K0076",46784.216,38467.1237,11415.0891,6312.0593,10398.9946,42697.5429,24129.442,1622835.79,6737.9449,720109.0111,20585.5317,2385017.187,203828.7107,40042.8853,6785.0511,15588.3471,159425.477,143252.6479,34823.4018,338727.1203,32140.1106,13169.6091,2428.7181,528484.9174,5231.7232,11361.4607,67400.8958,23167.0869,44192.0864,131559.5997,9222.7781,12621.9094,11058.9687,63934.2684,10895.0723,5817.3639,35322.0021,8122.3581,77885.2203,51792.0952,13030.1728,17863.4053,24937.8986,116.6163,12146.8749,245900.0471,17963.3207,15442.7748,14561.1719,13808.6573,26464.9455,93336.5629,26027.1272,25334.6954,13353.7714,23212.3664,24915.2893,18748.9775,483550.9998,19514.1375,13483.8745,10925.2316,34456.8955,60042.9634,389357.0607,34078.1631,37368.8449,49914.2311,6032.3144,13885.9237,11007.945,37365.9232,13076.8737,20653.0429,109248.8633,4674.4305,13630.0223,23919.0183,10666.9239,68995.1794,2400.8043,7116.6091,10621.5804,6487.1334,183952.3454,13164.5281,18778.3057,13549.3554,31882.837,299578.2684,15080.7046,217735.1079,24866.8605,17080.3855,2315558.606,18507.5339,10902.8706,8466.5546,9502.0638,21054.3145,8311.1003,24182.7056,9149.8088,8182.7143,3833.9171,4308.0915,17888.4925,47516.7624,11668.5102,57918.323,14673.1971,238751.7785
"C0078",17259.299,12848.304,7894.352,8900.554,23202.956,56411.073,12305.842,967722.231,8094.094,768941.066,36048.934,3845602.888,228077.971,81295.737,35835.593,65912.691,51273.075,256439.007,21955.613,195545,32198.844,8781.968,5434.615,980432.236,7172.568,19506.036,46092.071,15876.192,21376.691,75975.674,30594.687,7723.832,9758.268,59186.222,27131.827,9884.896,63940.816,6261.462,123353.107,32676.298,7634.378,18746.791,28562.843,6007.637,16966.546,98166.331,19874.121,5487.18,17396,14827.363,6890.981,235012.193,46896.854,12860.602,15052.239,21162.623,22730.714,12085.967,170134.522,20187.729,10235.641,9651.898,16410.59,62777.062,1134148.682,30865.782,19701.016,45196.679,18891.767,8020.592,6800.765,96377.821,34500.57,28455.251,133642.749,11246.654,8213.766,25992.716,9693.812,74853.477,6368.756,5707.447,10277.109,9600.551,273119.021,15415.454,43005.178,12740.4,19553.164,332691.373,11689.073,252012.547,16309.428,11617.784,1437634.47,18376.198,26925.735,28957.718,9065.609,15960.605,7767.328,26006.699,22747.561,14229.237,5755.432,1971.651,9681.818,50331.362,16895.464,64265.004,22019.256,165774.398
"K0079",32640.8851,19530.2012,12481.8806,2981.5515,5476.223,16545.1148,26500.3657,603365.6954,12378.5514,851831.4067,6391.9066,68330.605,32930.5566,25367.7249,20221.3321,7801.7451,73063.2876,90328.5474,47632.2539,312189.6642,20611.8515,12648.6392,21790.7438,114726.7619,5003.5186,122.5304,23740.9846,41574.0692,36022.118,68544.9247,3364.0322,21448.1733,16961.0513,111243.3052,8120.3018,12822.003,601.1967,705.4695,2544.6196,89388.6508,29133.41,20499.8894,48404.1533,2557.9475,427.6575,236428.5504,19108.4275,31956.1781,7513.841,14509.3776,6141.478,77789.3489,15992.8694,22321.2679,16164.1811,56141.3675,21385.307,8566.3188,344976.8756,10967.3953,11050.8804,11241.6091,43570.8911,61461.9727,337115.7613,32274.7361,61856.4869,50568.8251,2908.5545,23427.6171,12164.2154,137126.0526,NA,39306.2786,146214.8559,2284.7358,240451.0637,22677.9965,12435.7321,82980.2312,9119.0422,6233.5021,14137.3917,5694.0593,8059.5694,12604.7047,11502.0906,165803.8817,42348.2173,63319.3625,21239.7139,421437.9377,8049.0179,5334.1771,1105049.892,19086.3449,7784.1289,9396.1095,7971.1797,42626.6614,8739.1244,25044.5518,4754.1327,4779.0395,3513.1866,2477.9333,24574.3982,10100.6148,7815.9137,71836.2989,12062.1354,181038.4221
"C0080",65618.837,87551.304,6025.616,22604.288,34577.707,93431.89,5697.547,3270964.2,14148.498,825292.369,55668.146,2179757.145,403161.534,157491.309,27795.732,98638.666,46861.292,535671.209,21045.138,175395.738,40859.496,10413.5,9679.711,1418350.433,2721.082,9725.434,21253.415,18916.607,22063.492,86170.684,47748.215,20992.157,4729.812,27325.598,37616.123,15168.758,36572.085,6361.912,75375.755,53173.673,15042.797,18807.076,9969.834,25091.939,20688.661,158498.324,22892.65,2383.691,18727.604,15846.088,9953.218,172336.916,101863.709,11633.998,8928.699,35933.872,21656.228,9805.265,212361.651,23350.006,5936.531,10839.584,22829.904,80209.59,620322.743,30081.763,49376.979,49937.38,25984.357,16968.082,10362.187,164912.402,16029.928,54658.679,227626.169,15762.56,2228.051,17958.231,8360.766,99887.442,12884.48,5972.715,10540.063,5056.328,168242.231,15793.362,70529.565,13773.727,5367.987,74484.798,15831.036,232475.695,69088.244,31281.049,5271131.91,31720.855,18660.564,60005.272,10418.552,15568.901,7943.381,22476.865,50143.274,27231.399,3540.188,1231.662,11996.963,49331.231,5661.341,110772.278,4622.084,101358.535
"K0081",44375.7686,25604.7511,11708.2821,4938.2899,9016.0015,39530.8299,7954.5049,1050755.937,5846.4817,689992.2847,15455.691,226038.2056,96544.2865,57356.4231,28016.5081,24104.3258,270365.0611,189921.4465,45195.9504,287523.4313,38175.937,12575.4852,5741.2815,393415.784,4683.1033,837.1738,19848.7916,12366.8431,32154.3872,283329.8184,13297.9767,11376.5628,15579.782,72678.9564,11715.3055,5656.7399,4145.5785,15446.7922,10068.3075,20111.0232,7387.7019,19084.9659,20928.4774,4486.6707,939.1809,51268.7235,19859.4826,8088.8042,9253.2641,10918.5801,11532.2121,111011.8135,34215.4253,21523.2828,17110.3606,37194.8554,24862.216,15633.7299,170807.7384,28354.7061,10293.3999,11420.257,17047.1161,55979.593,530043.6255,31848.8898,33303.0394,48432.9552,10176.5793,13089.2419,8961.8858,58888.8922,4163.4512,17627.4313,90004.7834,4072.6534,2536.0261,28022.7438,11460.6214,73803.6567,3500.3915,7268.3165,11898.4374,5286.7367,12242.7188,13038.7852,18561.4347,13590.4923,9761.0817,30316.4656,10371.804,1992498.696,32769.6859,14472.299,1991495.91,16610.1158,13657.7106,9398.3456,8051.7228,15560.9388,5313.6939,27952.3694,12518.3849,10917.8524,5404.0132,3885.926,9380.178,59347.8284,5859.5089,59433.9692,24468.1453,164212.9345
"C0082",10454.173,27380.963,7878.036,4533.103,13534.174,12842.512,6898.119,920407.628,7346.335,780611.878,22885.404,2966011.626,362563.977,66296.898,11387.088,45098.138,106388.774,194039.92,21799.73,188380.111,28179.34,10776.789,5729.529,284298.429,7054.643,13700.015,31139.916,8213.326,26549.839,83271.326,15248.094,7473.717,10567.12,16294.752,24224.599,9524.448,53797.09,11992.689,107785.595,16756.64,4694.183,16969.157,5596.091,11937.824,13643.411,111071.879,17170.995,5781.424,4361.805,13480.339,10217.976,252902.597,37329.567,13804.482,16418.631,37047.092,18953.29,7471.164,285973.906,24948.047,10748.875,10524.522,9731.006,43990.75,1097300.137,32152.762,24006.35,56645.432,10395.112,8795.042,4807.318,81144.432,32575.194,27186.122,50467.958,11747.179,27816.155,24374.416,9055.539,72581.815,5866.279,4856.064,10023.633,7414.874,192586.38,13888.465,60311.814,11039.828,25522.005,278470.04,10607.762,209340.395,21888.695,10296.498,1849678.088,8071.291,27556.678,23754.01,6618.561,10573.117,5758.282,26621.67,11217.533,10822.877,6723.69,5050.563,8263.511,28547.56,11190.564,49981.98,28583.562,107718.709
"C0083",18542.212,28005.94,8292.986,2137.926,20745.763,37415.997,7126.477,1476749.598,10205.549,856156.566,24771.096,4423607.823,230970.532,51398.999,4690.847,30907.539,54929.002,156137.173,37184.577,221336.15,24018.937,10948.015,6547.74,296816.007,9077.654,21189.246,44700.35,10750.817,27994.763,39243.36,6736.167,10925.493,10571.603,44457.856,24011.312,9332.236,74501.368,3999.378,151930.395,20621.317,5830.453,19200.955,20431.952,25865.734,21481.876,90838.607,21465.221,6093.773,8514.62,15378.202,10830.684,241336.042,29652.856,16266.481,9355.647,17008.631,21863.738,11277.135,197059.913,21001.01,14437.143,12032.95,14881.737,45380.039,1265372.65,32263.124,32117.16,54163.816,9627.402,12388.859,8215.416,73799.066,32818.027,21217.881,70277.023,7029.707,19690.845,22581.053,9715.596,109618.655,5733.239,5978.434,12177.506,12126.142,309006.361,14785.515,56321.77,12892.818,5363.646,27549.702,11849.44,245441.662,22815.537,13085.08,2511623.854,11924.04,26876.162,23618.389,8604.073,8237.744,8638.741,18809.392,3828.421,7133.971,5760.695,5352.728,6572.757,32662.403,5262.653,76731.435,19396.468,126314.775
"K0084",42898.6431,26728.1215,18792.9692,4900.8748,10348.019,24306.3935,14787.4398,1640497.476,6762.3216,757032.3009,18752.1442,220279.0571,238672.4474,50622.2333,18753.3893,24661.1876,97096.6064,170094.9241,43972.7681,211779.8571,47477.297,10082.6616,4847.7987,516135.7741,1017.4488,743.1753,19195.0298,21286.4795,24283.6142,44881.4302,14169.2449,12438.9811,14438.8815,85317.4702,16923.2359,6574.0406,3636.3086,3051.8149,10638.12,37063.6459,15085.2372,20040.1473,37391.9715,689.9083,1351.7213,23465.4658,20589.6032,13940.6484,10391.0009,13388.8493,6826.1334,94490.979,34369.2721,17351.5189,19216.404,62454.6494,19172.3372,6063.1671,47233.7528,20801.1145,10527.6105,11903.6452,26681.5057,53052.566,181448.3024,31360.0253,32960.5443,57958.6738,8528.75,12013.8923,11717.0786,59450.3734,3299.3145,17950.0164,113848.6136,6440.5941,14998.6606,29935.1169,11876.0055,78973.9606,8649.2089,7089.3095,15579.5976,1630.6431,11882.912,14134.8993,25659.6462,132638.0211,11252.9284,25702.1172,13687.9185,1638583.593,27918.8682,15018.6791,2431105.279,18161.8756,12725.1453,14308.0622,7045.5187,23357.8107,6851.0144,33756.7571,11395.5719,8822.4124,1590.2814,6655.3498,15225.129,84660.8749,5715.7371,58392.3477,5118.0784,138691.9999
"K0085",55309.551,68357.93,16375.729,3907.236,24281.638,46417.14,25887.963,2784992.712,8780.374,462885.836,21497.528,2339726.578,112287.08,89118.892,23030.825,63857.666,85010.223,286629.398,58391.495,372152.113,67801.039,12082.716,4320.273,443585.211,3761.867,11575.869,37297.143,16824.683,42068.272,138028.185,14239.952,19752.994,30741.899,39058.955,24496.573,13331.35,54715.607,27603.566,97686.514,36726.289,19208.698,17958.215,7199.388,41067.942,12358.832,191103.376,19120.453,27683.215,9013.588,14905.914,9839.245,385832.805,56369.804,27774.719,14850.491,30437.048,18731.09,18855.022,354795.268,17521.089,12038.161,12574.159,23710.162,54328.516,394413.088,30707.709,47815.366,56618.38,16148.86,17433.971,7680.5,103958.394,41125.99,38134.992,88670.59,10573.207,14334.454,28544.241,14951.134,75234.364,10325.017,7175.531,15415.375,1271.955,120371.139,14567.646,69016.227,14986.618,48103.708,362438.628,17814.731,204940.599,64216.116,22047.775,4457830.477,11899.207,63375.74,25369.972,7636.904,25417.524,7125.441,23765.291,11009.856,15401.702,4078.17,3793.193,13924.769,45347.855,7087.092,55196.433,19738.669,175050.348
"K0086",65619.173,99957.654,10101.043,3777.079,10342.712,26183.187,6936.685,2221881.36,10013.995,735200.104,20138.307,2400729.845,377468.768,92101.482,3150.324,20348.309,99999.333,281608.512,32972.49,217401.917,22159.329,11855.312,6536.762,260869.846,6608.199,10058.823,35525.261,28797.465,27448.073,95214.073,5679.637,13078.918,9459.883,37342.248,14329.376,11555.781,34990.461,26546.247,85871.565,69726.495,21276.86,17162.917,15919.891,16269.591,13199.228,103614.022,18167.581,9263.265,16059.701,12701.67,12269.053,145606.188,52786.881,16360.447,12533.645,10491.076,26481.069,13204.324,448425.766,48741.532,12382.717,13831.113,37061.443,73631.878,1015829.389,31536.874,35878.914,65020.306,7224.758,13671.15,5038.078,61596.147,12253.117,36609.777,91010.427,10514.12,8074.22,22470.854,9561.895,94004.95,5178.452,6634.455,11540.934,16503.482,208266.093,11828.222,61285.957,13502.353,22700.893,270193.623,16110.722,244736.21,19552.531,17027.08,2727901.117,17631.749,12888.756,18510.754,8549.758,32483.565,9221.702,22772.449,3657.743,15073.435,6187.209,4329.193,23497.319,38031.38,7246.013,89002.043,30879.629,168236.261
"K0087",7678.917,49268.898,5770.071,4942.034,21316.081,37266.822,9147.304,540637.07,13841.793,725265.237,27646.903,2947390.386,191919.561,91507.328,8081.575,54996.553,109790.4,276159.037,25890.899,117129.829,34656.007,7472.546,9992.545,408330.577,8908.601,11532.392,30949.545,10467.141,18049.125,149526.202,13895.7,5199.982,8478.351,14430.362,28995.6,10660.382,52614.704,28962.337,102876.99,20520.746,6305.493,17586.738,5185.992,16902.355,14515.599,37665.414,17445.012,4452.719,10471.098,14122.763,11438.792,300037.343,52150.564,8825.983,9607.245,58484.54,19210.955,2498.124,201333.306,35865.795,10047.224,13044.201,14800.346,45589.629,1202376.43,32142.519,20519.643,62670.52,15379.708,8144.013,5913.379,115702.01,22805.345,30721.607,75778.121,11045.537,13014.3,18423.264,8520.395,139021.088,5316.803,6827.662,11621.704,9476.836,215099.538,13068.92,68196.477,12279.326,4075.906,35098.513,14642.714,208912.572,14472.976,7194.048,1375736.11,9986.309,40059.377,37254.203,6726.783,10918.034,8795.086,28584.76,9828.291,13640.691,6154.527,4879.875,7478.292,20043.473,9893.602,127991.022,28349.791,149028.056
"K0088",13572.4856,5752.9443,7262.1584,3584.1053,6197.6546,16470.6281,20257.817,477962.7284,3471.1166,687760.4688,13866.3229,87788.8934,89378.4396,35716.3058,15820.2427,16151.257,54875.3733,122765.1543,28591.8519,179482.2971,31689.3494,8159.4632,945.7821,264949.8106,9504.4029,0,39053.7811,11420.8363,21007.2732,118007.7082,10018.4041,6840.8812,8138.6122,49233.329,9509.3345,3820.8853,1670.1469,3429.6724,3858.429,23003.693,3622.4331,17548.0366,35888.7014,0,228.0012,24127.7409,19326.5873,858.1744,16904.6617,13284.7566,5772.4834,126142.9094,21960.8424,13872.9646,8059.3055,13453.684,23460.2572,9770.7638,301206.0787,20869.0392,6626.2921,10131.5739,19082.3443,50880.9086,862725.3634,30837.7826,17655.6167,45071.0917,5935.2965,7275.7668,6202.9111,37861.0831,2668.9628,13467.3988,69497.042,4039.1873,15302.2977,17705.5749,6917.1243,62275.4572,5235.7027,4634.1339,8850.2043,9453.2058,4766.4248,12490.8673,9544.3221,13418.5757,17749.4446,169561.0019,10317.3252,714769.6495,4432.9192,2667.9954,751563.524,12721.2178,13832.2669,5542.3241,3766.8665,19288.57,7083.9121,11275.5364,8171.3464,6772.5186,6626.0706,4787.1396,10568.0205,39749.3719,9057.5635,54639.6737,26628.412,132664.6832
"C0089",9535.9509,17083.2664,19051.7153,4095.402,7670.8513,35311.8675,10624.6993,481682.2789,7785.0435,761243.2245,19367.6642,2445113.043,176493.2496,48900.1315,7784.7106,15560.3931,137896.6448,167357.7332,70717.9964,278600.1848,28817.6274,14068.6833,3333.9857,350349.2319,2347.853,11819.6594,147153.9871,12598.4518,30839.6227,282192.0782,9334.3192,6151.8126,25182.0008,125452.3143,8674.5745,6883.9199,40235.0195,37246.4156,84521.0368,21144.7911,8560.3263,18104.8077,27201.928,320.3789,12538.4746,48469.2143,19141.506,3398.9395,9172.3271,12065.4414,23167.3137,38954.9001,26590.7457,21570.0665,20815.6481,55706.9845,25787.1069,15493.7842,176835.8145,20142.785,14927.0847,15609.3686,20390.8744,61947.6216,107493.6781,34470.1415,19541.8747,73252.4864,6205.506,8075.351,12137.6464,36543.7977,17350.7298,21402.2034,130753.5736,5665.546,43553.7146,28865.4123,17441.8425,120727.3151,14048.8822,9521.7727,17657.2556,3114.7977,176816.5819,14423.8963,21713.6903,13592.0708,63143.376,1347022.949,14411.9726,225559.8232,17091.5844,4939.0733,860351.1838,20992.4907,5553.0994,8594.3338,8396.3832,9241.4253,7102.455,50161.1676,8396.3694,8659.7099,2680.9917,4720.3651,7944.3121,42325.0532,50019.5666,91729.8576,3912.7027,277008.0622
"C0090",52512.965,57803.226,7121.706,5189.62,22287.515,49973.972,8083.27,3061592.54,5281.341,792942.476,24500.298,3786072.318,614654.086,59117.652,18105.128,50902.987,40463.963,184993.402,30365.261,164475.934,28244.335,8296.803,5489.08,703417.206,3644.02,18093.136,86430.832,23989.479,22893.775,106979.396,14062.594,14773.552,8435.256,19217.473,19116.5,10652.954,62977.625,5321.597,127131.911,48611.593,13671.976,17727.652,5397.959,13907.955,15828.399,27828.2,19782.67,5292.647,18008.166,14979.393,5912.752,221759.823,35610.278,11407.628,9275.036,21367.907,19939.175,11072.672,201006.726,27280.953,10709.233,9332.01,32235.871,56418.134,634371.939,30964.822,36009.212,36748.781,13846.7,12354.57,8370.24,54838.671,29645.828,28402.904,86886.257,10753.883,1248.094,17587.887,7735.441,60415.688,5391.103,6067.053,9492.006,4843.547,281877.685,15625.116,36966.544,13057.67,38082.607,725007.133,14502.232,268521.805,31329.503,14687.432,3736069.712,16387.485,24053.514,14710.527,5978.556,28631.397,7210.441,22355.423,8597.993,9696.234,4506.28,3976.026,16805.724,46753.285,23929.842,47028.818,22678.873,147685.565
"C0091",14004.0618,33059.4221,16188.8176,3241.3263,19467.6212,44320.963,12925.6436,1271590.738,5925.3652,775180.6559,20898.1325,3142101.398,235418.1177,59914.5099,15420.7356,43695.8931,66934.162,188637.8363,73219.2942,295059.3996,38627.0006,13837.6346,6900.3411,442390.5332,4166.9472,13984.1716,187186.9494,12775.8933,36860.7343,142744.1184,11593.3388,7285.8039,13422.2418,40228.9032,22654.763,8534.1628,59580.9952,8148.8832,114486.2775,21793.6886,6942.7723,19065.0509,16340.8777,13237.812,14541.8656,43287.0952,21246.1743,659.4947,10817.0717,13601.7708,7227.9235,230021.4627,34978.7912,22832.4677,16712.8688,101331.0033,19399.5184,18072.9218,174077.653,21128.2602,13382.5973,15224.5648,16372.6624,46885.0279,772651.5974,22681.2666,21240.8272,37494.0613,11491.1278,8867.9067,8899.7539,87920.9613,34666.1084,27613.9464,104998.7232,9144.1328,44679.4155,16827.7112,14611.202,117036.8947,5622.3993,8594.9517,15599.2426,4667.8386,199821.4714,14794.7482,45686.952,12174.2929,67482.7268,913997.1136,13357.9008,210870.9272,12743.2248,6721.1605,1566867.024,11222.144,26951.8508,22473.2808,5506.8555,10690.9528,9749.8364,32468.6583,9156.3384,9806.9555,3256.0233,7367.3254,8392.1089,43526.0305,47049.4459,70012.1473,20866.3807,156040.8991
"C0092",27726.772,20268.166,6769.953,5094.979,22351.814,44143.47,3585.441,874515.336,11025.947,904527.426,32712.787,3465985.855,753353.59,84814.311,12362.021,55515.491,69403.103,257301.875,33705.053,171115.819,27056.554,8125.949,7770.525,471633.091,7133.538,18180.786,21832.819,14638.542,23110.315,33129.702,14963.027,7046.322,14123.513,81344.623,25897.976,12558.447,59542.994,6947.382,120756.573,24644.347,7549.912,19167.001,20023.835,27331.039,16027.697,14539.257,20632.373,20854.595,9024.349,15234.719,10955.724,205691.966,45122.393,12017.346,13252.675,65315.487,20229.423,4010.132,119557.781,40318.383,11907.444,12891.798,11025.575,47190.062,923885.536,33242.477,21523.141,59750.639,16986.85,10277.497,8588.064,94286.039,28073.636,23385.918,88027.958,16919.05,1204.548,23067.332,10153.429,102143.533,7776.348,5899.598,13232.767,9255.485,246603.522,14367.257,85446.651,11335.521,4049.244,25726.234,11978.833,206073.04,21130.21,9527.537,1817784.036,12870.11,19935.223,30836.564,9170.995,10593.947,6613.861,37700.065,8323.506,12975.306,6290.983,4685.078,9003.394,45829.489,5960.017,74625.191,9566.098,153662.275
"C0093",8049.379,8804.265,9605.437,6411.181,7182.771,24503.884,4758.253,475817.172,8749.309,764456.694,16609.859,2377008.225,106824.029,42018.098,30439.015,25308.981,63544.927,145392.034,35533.904,222852.835,30596.149,12446.4,3365.48,442124.219,2209.171,10616.845,40623.261,7444.894,27994.85,24677.97,12486.9,5836.785,15128.525,18777.282,15033.085,6123.893,39731.917,6894.542,81828.503,15959.456,4085.742,18961.66,9909.597,584.252,11616.71,134583.068,19160.084,1697.486,9010.17,13952.67,27625.449,92727.707,25823.903,18801.064,12751.77,67077.865,23809.841,6604.724,318753.088,42183.512,8084.923,11467.048,16531.425,56731.209,223129.181,34234.318,17193.557,44838.002,8890.347,8014.5,9176.977,62795.959,18656.941,19295.2,91264.375,5022.482,5029.689,19660.755,9032.949,83308.739,3819.359,7233.418,12167.067,2865.688,155064.523,12842.934,17085.838,13645.89,3393.146,131067.786,10361.824,223633.246,7530.355,4283.552,800235.122,19494.682,10569.502,12673.751,9717.616,6999.12,6849.223,27612.402,10326.014,8219.671,4510.759,5272.33,6472.93,43273.169,25680.911,70127.591,13420.308,162363.82
"K0094",31100.446,48847.82,5826.854,7333.812,22119.309,50728.745,17493.551,1678884.775,7728.876,713976.951,24657.189,2678768.488,562255.16,98152.913,28859.362,58608.335,140502.578,302259.679,22944.668,174288.053,41507.373,7823.857,5948.347,504329.365,5818.381,12865.296,53280.535,7999.822,21930.749,315965.317,16913.011,12882.328,11823.789,22408.132,29236.206,11039.402,46868.445,25963.205,96111.994,13850.201,7564.888,20066.535,10766.299,34495.971,13629.293,10279.953,19461.583,12772.37,4823.612,14220.42,13383.034,274375.738,56340.041,11421.946,13611.942,20758.966,22522.752,5060.031,125054.215,19719.673,9816.031,9251.682,11676.487,50062.256,751721.512,30974.918,27162.301,26914.146,15254.504,11303.731,7464.891,113352.08,21548.648,32662.613,93773.444,14676.682,4763.626,14112.517,4437.648,59922.067,3705.913,3642.689,5458.178,5501.66,193496.035,12952.084,87429.397,11656.227,16491.169,20555.257,15089.786,198123.432,20504.948,14533.682,2446501.241,12495.038,34868.488,36791.795,6903.433,8576.957,6373.448,16255.924,17841.777,15881.549,4555.482,3177.547,6040.783,41211.571,6557.645,51572.896,36170.076,153679.238
"K0095",92536.987,103451.546,10731.167,6113.518,39908.403,31493.08,5356.324,4207696.079,4864.302,761659.646,20292.15,2554993.046,275893.354,125250.928,33906.117,73653.615,120610.744,392393.832,37847.186,239097.943,36829.824,10138.446,8626.663,389456.258,3490.984,12480.798,112097.128,15700.157,30461.978,71134.799,17490.374,22275.731,9534.02,57073.781,30402.368,12012.706,50707.32,24461.096,101390.273,30063.912,15013.055,19916.064,25611.185,46306.216,13834.181,46018.567,19344.149,5982.33,9074.488,15854.484,15281.252,265089.804,75145.931,15064.938,13306.172,15711.573,27163.889,15925.836,174651.034,11272.912,11166.757,10269.887,18301.135,42006.921,873473.483,30398.977,52830.515,46130.858,19681.662,17768.104,6520.973,142453.7,37731.547,30702.03,71742.025,13294.567,21095.353,22503.712,10649.584,69703.59,9304.251,5656.69,10635.711,3611.988,148178.797,13640.663,96896.033,14012.237,49986.057,942808.332,16054.222,232700.558,20787.878,20731.364,5952866.848,10252.944,31268.255,39198.344,4889.24,12253.336,7218.01,17017.835,14569.764,18700.269,5861.883,3620.708,12321.277,40479.808,25937.939,61978.624,38839.857,98623.188
"K0096",72953.247,95958.306,8320.728,2483.216,24132.109,31477.959,2656.545,2233801.972,11140.553,900639.3,30064.147,3354859.936,481468.928,64251.578,3066.385,37313.573,83107.674,203266.142,35796.291,140339.051,26446.432,8067.294,3292.24,432678.644,7591.658,15242.751,52857.104,17093.168,19795.968,274288.18,6571.35,13248.77,10081.748,39942.651,20634.453,9560.565,55698.727,5705.044,111698.618,31210.861,15462.036,18572.509,13646.59,21151.084,15451.775,70921.505,20914.129,16751.784,23956.261,14613.147,10298.042,231168.565,37331.732,10782.116,15829.76,54800.722,22024.678,6435.202,134273.62,33574.929,9493.768,10805.158,28675.887,61458.454,1023519.956,31396.32,33459.882,41123.418,9894.24,12570.602,8218.358,58950.415,24835.983,25298.177,75484.765,12696.054,7730.557,18555.211,6966.865,88020.175,5661.302,4643.382,10086.494,10013.431,242905.596,16027.68,72646.345,13881.618,21578.403,301543.078,13927.716,191348.134,35983.574,21392.922,4121118.041,14755.551,23186.381,19897.638,9387.467,20673.224,7357.462,29150.278,5410.4,11119.412,5354.341,5950.443,15825.103,36570.549,22401.623,58580.751,23175.751,119671.052
"K0097",28981.528,56309.401,8111.401,4622.336,25783.197,39434.684,11720.904,1824695.15,7673.024,818367.794,28204.792,3294297.391,345374.354,100791.124,17645.72,58469.667,123616.39,297098.466,23825.308,197196.667,34269.782,10546.382,9151.307,548626.96,3642.595,15898.561,50328.871,25189.103,27614.572,524968.048,12961.42,9538.864,7585.068,22957.13,26147.88,11459.153,63004.824,24463.386,123829.08,55195.403,7055.775,20100.499,8380.851,31099.085,14029.782,166346.903,20290.177,13187.903,16337.562,14926.577,13765.776,237371.846,55337.223,12980.578,14437.743,86183.929,18982.411,6006.822,180842.356,24964.615,10080.644,10657.651,33531.642,59565.118,720364.101,32468.894,24496.632,48513.784,15061.791,8720.035,8397.002,105296.742,34754.198,34457.22,105257.332,12634.102,6091.128,20589.7,7844.287,100609.755,7278.391,5608.485,9953.296,4927.855,216320.352,14022.529,79981.037,14761.968,10695.825,50739.31,20120.558,236090.998,14887.779,13421.903,2075509.674,13900.268,27259.648,27468.366,6116.712,35519.672,7236.359,35744.856,11326.539,15235.1,3770.178,5375.256,15060.542,46636.694,10179.667,59375.83,30248.937,153188.488
"C0098",55384.6329,34325.5941,12935.6861,5968.6601,14334.6726,55741.133,6735.3601,2409575.273,3755.7689,672455.628,16042.3787,229805.9938,126838.0041,78454.3177,23795.3928,29212.1707,44279.9838,260778.3966,67007.798,231329.8113,38777.5607,11597.2601,63182.1246,789653.4543,4239.4402,464.636,75264.2975,39733.8771,29016.8321,419272.5569,16377.266,15941.2101,13621.9355,39763.5742,11950.893,8925.2016,5629.6235,15870.4853,10504.2842,89425.6472,23372.7715,18029.8822,8207.2831,14449.1792,750.8784,66603.271,19681.9239,8335.4452,22921.131,11915.3645,13316.9295,106423.4427,46152.6663,16116.0904,15744.8077,25711.816,22815.0834,20062.3936,213617.068,11696.2336,15760.0266,13042.3726,49638.0116,51748.2096,638254.8981,31848.2277,37264.3927,49306.2047,10844.9868,15139.9077,8804.01,75567.1339,3367.6549,23239.7522,125729.7325,5687.0587,8466.8579,24492.4431,10847.2531,72058.9336,4288.6197,7049.0378,10575.2973,8076.2733,12696.3778,11638.5922,29874.4893,15325.733,18606.6284,242008.8615,15705.2981,1991174.684,28208.4896,16579.7194,2743921.987,15938.3875,11364.1783,14816.2535,5110.2155,74717.9507,6863.757,22050.0667,16884.5054,14206.2943,4217.406,4634.147,23019.8042,59245.2415,39951.9399,68724.8031,22016.2838,176202.5406
"K0099",34552.3752,47993.3419,9898.4967,9269.2013,10196.7071,27837.3701,3615.0804,1293629.923,10527.5566,740714.8569,20922.4939,142359.0915,231339.3807,70229.085,6267.6204,21945.4736,69029.8559,213211.2021,39447.0147,283006.8685,15800.9549,13702.7601,6422.4545,313679.6482,10963.8825,129.9817,110388.969,28345.3563,34489.8651,49916.5788,12338.1529,11479.4996,11537.1774,18218.802,14357.8623,10143.726,1142.6719,32662.7193,2653.016,60035.1469,23779.6233,17946.8148,11263.5924,6502.9603,516.9578,254475.1448,16962.7745,16040.7297,27359.803,12574.5058,10665.7933,149366.6457,43357.3416,20390.8899,17243.5972,20995.1387,29277.5423,12923.6801,404248.1343,25625.1347,11913.5116,10806.2861,33855.5324,74766.448,1007059.381,30124.2815,37632.4871,38408.6768,9730.014,14807.894,6391.1871,91790.5347,334.9112,34150.2885,66040.1828,7445.1131,30144.1565,24680.5353,9262.3016,77839.425,5777.899,6131.7121,12075.1297,13525.598,7805.1801,11383.0857,34294.4351,15971.7111,3607.3477,115902.4371,14420.8577,1029690.479,18893.9255,14521.7179,2137662.859,18036.4247,12872.526,25216.172,11771.9683,27258.0699,8079.5002,26271.4751,12661.7187,12435.3606,8442.6314,3016.5403,21343.4521,35396.1657,35825.2129,84380.0692,30118.7933,164021.7679
"C0100",7410.659,13872.497,10163.039,9306.656,7186.161,32220.214,47864.485,528014.274,12906.166,746341.449,22230.583,2333076.584,140021.171,56352.554,11228.911,27889.888,57328.413,181978.778,30163.987,258589.404,29118.757,11239.253,2579.65,437010.656,4208.292,9813.994,94547.42,6519.844,31226.671,201393.173,14303.628,6525.269,27921.305,46055.494,12546.544,7391.096,34110.491,19364.025,76535.04,12359.452,4880.308,18369.168,22112.637,0,11250.101,114639.022,19439.729,4520.878,7335.6,13839.983,19884.731,103427.672,34949.587,15992.216,15012.901,62872.809,24009.016,7600.756,119344.023,31826.446,10998.149,12623.882,8199.344,75709.64,665659.747,32321.19,21986.497,54531.337,10810.774,9492.617,9012.782,61116.174,10645.123,21835.925,113894.543,4735.464,27318.92,28726.642,16247.992,98264.962,15177.154,8528.633,17424.1,8529.406,187800.214,12399.557,13243.07,15264.552,44552.572,389417.451,10229.998,217676.745,17276.176,9640.611,980433.753,23923.228,11785.449,14358.639,13487.775,3387.47,7752.235,40631.729,14134.557,10464.222,4822.878,2872.809,3235.426,41035.574,19426.74,70180.59,14732.735,292309.458
"K0101",24006.126,33566.11,14147.381,2002.282,18609.901,22701.809,4143.509,1573036.833,7205.753,700955.448,23141.094,4221246.229,591819.43,57565.952,5308.649,32165.521,55863.241,178154.816,58531.733,392133.931,42939.638,17461.572,7081.637,365415.657,5923.643,19628.946,88992.098,21759.766,41762.589,72557.769,5147.501,12062.691,15509.939,26564.015,25592.005,12023.096,74423.311,9292.511,148576.056,46639.386,10629.992,18692.698,11355.407,34505.67,19008.024,155203.812,19739.171,6872.666,23051.271,15436.018,11729.365,286334.212,32604.168,30940.02,18500.335,25308.979,22874.69,13188.515,474257.348,20679.26,14065.393,12885.607,27357.535,60621.402,877440.801,31460.191,39322.766,53110.639,9559.411,14018.022,8188.466,99377.351,43759.202,36050.404,85434.481,12289.048,15023.341,27154.804,13896.029,82051.526,9842.031,8627.741,16365.207,5723.432,267028.364,13072.789,85589.516,15561.94,49811.683,974687.449,20538.322,270185.999,26002.599,16778.054,2830968.859,14861.036,38042.755,25395.072,6273.21,17087.462,6740.569,23707.109,3157.137,8552.913,5522.852,5696.64,16449.113,27905.756,21388.202,64843.424,31812.834,188308.131
"K0102",30752.8767,29741.505,12122.4739,12133.5722,17558.4891,84286.062,16108.0003,1402375.024,12466.9302,792574.111,25164.2792,255996.2521,252948.1593,102531.5699,21620.8016,35938.7652,55311.0758,365779.01,33510.7602,190151.4426,33519.9274,9650.6879,4587.183,652497.7672,5476.0374,196.1074,43866.5423,16692.3507,21715.2514,125513.6689,20701.3698,12656.093,18102.5006,38166.5126,15207.6277,10759.6956,2822.2268,30133.8252,6182.8939,35525.5016,9045.8987,20746.5929,15809.456,23140.5059,774.2343,205983.9841,19826.749,19205.4765,9803.1001,12903.5206,14549.4752,41235.1184,63984.1206,13117.6309,15437.2686,61019.2511,20214.2852,9352.3611,290132.68,19081.3808,9229.7049,12269.8281,18070.3903,63348.5694,199514.1476,32870.114,38824.5952,65200.1343,15942.5916,14794.8032,9255.5966,118746.3941,1563.6517,33569.1769,130396.4296,8853.7069,11298.4356,28593.1158,15118.4232,99401.8244,9296.9195,9648.2278,15864.6811,4830.545,10748.764,13300.4766,39207.797,14249.2996,14687.9709,105621.8327,13433.4519,2091119.063,18304.7481,9530.8798,2091568.942,19107.8987,6068.9592,24775.4588,13684.5704,10500.9265,8580.3404,31600.4235,34465.4979,20537.1863,5162.6472,3312.9297,9318.5934,54939.9081,6299.1237,70543.6526,9060.268,173774.8736
"K0105",63832.447,81461.848,11081.901,2281.805,28845.662,24380.908,16965.234,3175909.225,5821.329,806050.395,20303.553,3816973.141,555561.795,88247.614,5259.396,47830.963,47820.093,259519.443,51909.762,255283.124,27333.518,10232.381,6438.698,282316.812,9410.07,17223.183,44172.251,22676.612,29275.578,83309.951,7111.254,15896.001,21237.588,71883.904,32626.884,13443.179,70143.043,7266.516,139569.126,42630.227,11436.229,17526.362,15782.638,31503.226,17748.279,59363.414,21450.029,4510.93,18995.121,13231.651,10041.407,236493.501,48884.458,16093.434,17545.555,36232.152,20730.966,14883.678,160881.302,14222.32,9882.52,10607.555,21582.865,39642.152,936203.296,28699.099,50240.091,47105.743,16106.915,16137.881,5000.043,152774.538,44449.21,35043.86,59612.415,14640.644,17807.5,22977.209,13084.169,83504.434,12104.767,5491.517,13760.129,9047.512,231718.325,14057.866,96552.005,10968.452,38697.149,302753.129,19629.271,260492.698,59810.649,22443.027,5059405.974,10417.735,22526.897,39918.046,5711.424,13369.58,8610.302,22661.29,6553.944,13065.722,6712.407,3245.837,13010.781,23578.268,9092.317,67644.202,25389.063,172467.609
"K0106",32969.5098,46047.1269,9348.5088,6005.5298,9119.2531,47506.2775,14855.8608,1225753.175,9808.0764,626514.2147,21962.3271,148117.0954,151580.4327,57251.4723,5673.2229,23012.6536,54049.8534,195390.423,41397.4111,265516.204,31245.4435,11809.7153,8534.1857,413340.1258,1963.8663,527.4465,121019.5634,28894.9707,31140.7617,320821.0476,8925.4738,12822.9345,13829.5907,29351.7699,15349.3021,11606.9688,2426.9595,38923.5865,5143.6925,60850.09,24134.1755,16101.9705,17820.5672,8432.9093,233.5232,138784.9337,18295.3659,16580.5008,29280.6725,12168.707,10259.0341,167020.2018,36190.4746,17890.8049,18149.9362,31308.446,23171.5508,14350.2588,254982.4757,12509.3437,11072.396,14182.5403,35821.2828,69903.3859,375100.0553,33406.928,44195.5428,55923.7156,9371.0864,18826.7421,11166.5256,91025.8481,435.8888,31419.7731,105447.5724,5301.1248,125014.4766,30122.4931,13558.2162,86960.832,5997.105,7869.7464,13831.9245,4273.497,10544.1195,11563.4459,32485.5202,16039.5264,57933.798,979814.6469,15705.7302,1065023.693,22972.5881,13580.6779,2551675.896,23993.8947,23133.9693,20014.552,11009.6703,16140.3913,8694.2984,22420.8089,11464.3432,9953.2779,4171.0193,3951.3334,18281.5384,40178.8959,34194.9805,75244.9387,21186.6444,183429.0247
"K0107",16087.23,25462.3118,12036.2567,5017.2246,9684.5424,26979.7991,36503.1015,982816.1988,8106.3361,769616.775,18990.1143,156047.7129,259797.9087,49820.8333,5628.0802,17947.9151,57145.6693,159450.6701,43214.2648,375356.815,16700.0355,15536.7552,4009.9393,319174.3319,4926.8647,245.0775,21108.4663,17660.0093,43109.9477,37268.3615,8420.7966,11441.0059,20171.6487,22167.1532,13197.5526,7987.8346,1911.8004,25739.0811,4952.674,32115.4111,11847.6468,14820.5386,16571.0178,2298.0474,322.5116,186862.3475,16109.3419,32152.7947,6650.3386,11653.0132,10017.4291,114915.0755,27597.2081,26114.4651,20235.5203,112005.1564,22116.4118,8660.9403,453492.6135,13303.152,14858.508,15584.8383,21902.0432,71121.2636,378209.4726,32947.6667,40852.4639,57723.8493,7770.2738,15585.0432,7416.9108,71473.752,1045.1445,23348.8772,72610.6181,4924.8683,18303.5228,32651.4755,15089.9321,104266.1084,4051.9673,7829.2188,17294.4862,1640.4518,7394.1381,12304.9151,23455.8272,14623.0763,23644.4901,163011.8774,11734.4573,1102409.659,21270.5795,8002.0597,1844080.046,22092.9495,10338.0421,14488.5739,10657.5292,9467.2908,7421.1522,33064.6903,11138.4072,8979.0176,4675.7945,4623.4848,12144.3183,35324.3478,7189.9762,75696.0153,11995.4785,208210.8267
"K0108",13437.8826,41222.2215,10956.0901,4771.7242,9363.0483,26990.6904,10137.5215,1215501.332,5889.362,713080.969,17082.0749,2267686.363,243907.3398,42093.7755,7442.0953,15245.1514,175285.0801,139718.8059,25936.026,189868.6666,28708.2674,7790.6719,2459.3126,296997.3709,6763.4398,10550.2802,67462.5731,10425.382,23761.5311,193156.7681,10330.3314,6620.1256,14316.1243,9833.413,8691.4246,6026.5704,35757.9826,25885.145,79535.768,22330.2826,4510.6841,18944.4603,8222.5454,258.0651,10330.1121,205934.655,17460.2936,8301.6726,6661.5077,12051.2419,22345.187,125180.7559,26087.1587,14340.6861,21490.8634,53104.4846,21331.7383,9264.0819,508775.3092,21628.6491,16238.4964,12593.3483,25944.4675,65091.6186,666268.8224,34138.4872,18941.9059,59730.9584,5690.7463,5971.2944,8343.9016,33937.7103,17356.8121,18640.0059,97708.506,6212.1648,24867.3077,25817.2626,13360.0471,72046.0537,15411.1421,9861.1458,12258.452,11027.3819,152659.8834,12071.3913,18150.0081,13268.5333,46519.0069,882297.6278,14424.0705,244071.2222,8529.432,3139.0485,1115284.661,20168.1897,14997.893,6317.6813,8103.2444,6247.9898,6705.1416,35949.6873,12163.2748,6793.274,5093.1643,6042.7724,11947.764,40830.7454,21245.1893,57408.5892,21532.1415,203321.4668
"K0109",8274.3871,8020.4792,8225.4247,3194.0917,5321.111,14209.0339,7294.0344,379979.8125,11825.6614,667076.3503,8259.1663,537421.2444,64151.976,22584.0482,29451.9569,9966.415,70650.4796,81711.2933,41791.5541,207015.9675,41721.7494,9360.3428,2074.3396,136158.4329,0,2165.4703,35841.4845,27855.5652,25590.2423,70844.3862,2723.5473,11672.8381,11915.0757,42285.718,5590.5073,7704.4686,9757.9148,2041.7642,21154.4104,60190.2504,15685.8822,19061.9205,23744.8732,1495.9814,3189.9875,47380.4598,20499.1566,24269.8844,8526.3026,13757.2961,5790.9089,30782.3455,12716.4626,15185.3122,15843.9217,23263.5682,26775.7925,9028.8665,185105.4369,16118.9882,13023.7158,11562.4117,36339.7615,58082.98,58191.8236,31636.8817,26058.9011,59515.5818,2992.5354,10835.2017,11565.7053,77770.5201,2161.5113,25093.9951,118761.3233,2206.3905,58847.2284,32918.073,9516.5346,75652.1808,10750.6838,7555.4539,13046.763,1294.5513,42666.7733,13332.0452,9353.0978,143933.7052,26157.2177,86855.5518,17303.002,63317.8463,5940.5817,2329.382,535384.1766,17736.7611,3831.1736,5359.6484,7577.0768,24074.433,6687.6975,29607.8119,6972.8097,4527.3928,649.2949,4251.6315,16597.5875,23428.5598,5038.8879,61458.4745,1904.357,122665.5096
"C0110",7494.402,11517.048,13711.432,3600.517,16191.442,22487.415,26195.289,528793.796,7941.416,471948.88,20076.187,2700707.901,221943.261,69249.494,8704.84,40230.165,143686.062,207693.534,63838.667,253298.88,58747.551,11961.683,2939.984,420164.395,8929.567,13432.603,49907.771,5223.323,34063.008,172444.505,14365.087,6714.665,18393.378,57119.657,23354.713,9079.481,59022.342,19429.307,106408.794,9737.288,5577.044,19096.982,16646.828,7099.032,12249.611,93549.931,17718.568,11335.022,9167.88,13997.354,9959.066,344601.048,38140.578,17411.807,17736.877,40114.173,19751.022,10653.425,250214.256,19767.69,9341.275,8583.161,9796.955,47532.247,865253.695,30460.447,19953.631,45593.317,10277.953,8144.42,7422.843,81555.361,45237.437,28578.463,82596.386,10240.847,5746.979,23736.516,12152.76,89794.908,12902.188,7343.19,13165.41,9409.177,140821.54,12846.211,52147.71,14339.191,30161.306,197711.809,17777.854,223101.886,11101.046,5688.067,1173290.215,12448.409,54585.102,17328.845,6246.067,5752.857,8053.631,35799.722,8124.324,11403.972,5630.039,4397.953,2864.685,26502.109,39612.16,49776.595,5334.194,147756.908
"C0113",12596.9436,13454.5986,12422.2182,7273.21,9244.5569,24146.7716,13198.8728,833575.4546,9137.4151,670344.7697,18759.7913,172816.2958,467391.3613,52730.4672,7646.2008,22563.2305,238765.2718,181290.9718,56886.4075,245674.1241,35524.658,12031.5966,4684.7708,376746.2927,2750.0804,553.8454,95271.9857,14043.9456,30771.1389,62356.8694,6993.7425,8195.846,15811.0095,58477.922,14627.1155,8708.4393,2190.9835,23516.2207,7205.7313,26460.3671,6643.2802,16593.2884,26570.1723,7834.3219,376.7006,250638.04,16846.6667,8749.6755,14686.3707,12071.2084,9169.523,113241.7884,31616.2509,18680.9486,23344.7126,45006.6668,23642.7851,9490.7405,644315.418,29358.4457,14312.4804,13004.5489,20141.8247,68807.979,264270.4858,30272.297,20677.8522,48249.1138,9113.875,8878.9068,10427.1166,69431.2261,1102.4742,25157.9228,100579.9439,7531.1201,31430.022,26885.807,13364.8555,97149.1742,9657.6838,8432.5673,12817.078,1813.1455,13517.3795,13139.5363,33144.9745,15505.2509,102814.3477,901438.9373,12822.5503,1201159.256,9857.8469,6625.325,1075848.988,22064.3656,13736.4924,17230.8104,10577.6587,10810.978,6703.8811,48184.986,9513.5808,9971.2742,3727.3486,4235.0756,10069.6551,35476.9828,22842.0106,75611.7108,17370.3603,269078.7861
"C0114",22511.449,57545.865,11586.032,4166.462,14050.036,27516.446,6635.581,907950.46,5868.75,748447.298,23395.713,2350812.458,117124.541,48470.786,12271.257,32917.718,62890.87,153232.23,49567.362,204434.921,27162.457,9872.974,3680.133,309613.359,11888.107,10847.037,47204.413,11053.992,27034.638,40040.944,13003.118,6918.301,12401.655,51992.53,18448.648,6179.96,49644.308,8203.615,98196.175,20027.346,6679.631,16352.808,16875.197,10697.911,13696.668,19310.598,18198.261,9334.255,8946.657,13565.658,8281.964,266334.234,26525.982,12730.903,15739.644,16629.901,20054.576,6264.434,133313.801,15875.842,12068.693,10646.381,20775.498,47232.448,1242075.213,29539.972,20168.786,38983.48,9154.554,8203.186,5157.348,53227.512,29328.01,14469.758,62595.738,7034.665,131810.998,20862.718,10019.323,80750.667,4782.428,5012.272,9763.648,12722.066,154338.431,12955.67,41314.524,13704.333,29558.279,250270.346,9183.981,215080.058,7817.441,6657.602,1701049.703,10103.825,28818.572,14038.85,5454.973,10913.157,7292.71,22834.086,10635.582,7697.374,8153.822,5172.356,14010.462,33869.884,7148.774,54645.876,32218.902,162122.338
"C0115",26359.6402,38409.6324,7608.9303,7858.4496,11802.3392,37208.4343,8467.2679,808377.3519,7649.829,781626.2938,19380.9741,211585.8926,246278.607,77826.2742,15735.5299,27264.9759,250656.1492,262101.9333,31968.0717,185535.8314,28990.5787,10217.7248,6965.5481,448148.7051,3683.8572,445.6657,83005.0593,17415.25,23068.5419,70229.5988,15886.9979,7958.3109,7029.8743,29115.4027,17971.8968,9197.6734,3110.5488,48097.3708,8035.4458,34561.1174,7534.0766,17694.4654,12890.1994,6582.1201,1198.1689,41557.8058,18585.449,4353.3816,10385.2273,13216.7706,12852.465,113858.9225,44291.5644,13159.2531,18252.6319,45907.273,26310.4664,10916.5929,121013.8677,34995.6181,12883.1834,10527.2015,18365.9719,65646.927,526749.2626,29808.72,27685.8488,41192.3261,10542.871,11478.3512,7049.1468,97972.7781,1315.4949,25259.5318,93706.949,4776.3207,19867.8059,24365.3449,7019.2189,74518.1833,7478.5982,5621.222,10243.4955,4808.8934,9497.3318,12802.8262,33501.9358,14672.1113,65081.3445,1002051.821,11530.0087,1787644.74,15679.6172,8848.6224,1450074.469,15978.7385,10929.6908,21901.7575,8944.2981,19527.0502,6053.48,29130.6322,18147.9563,13360.5084,4237.5764,3507.0125,12506.7759,42611.5834,44462.3334,67225.5213,24340.598,131119.7228
"K0118",11384.039,14755.879,11547.819,2600.295,22325.571,19118.105,1199.679,827747.216,11484.899,418609.5,20141.439,3926947.259,337062.333,52530.783,3659.91,36677.361,48971.812,157707.655,52379.464,248440.304,67931.929,13128.072,5359.362,322153.431,3992.243,19487.545,77560.642,15223.808,32466.686,103792.2,6855.852,9594.62,8789.2,20019.342,25909.966,8582.78,64811.924,5317.018,131075.612,32104.727,11970.935,18053.628,8987.09,20976.877,17863.763,88157.806,20753.771,6370.465,12487.624,13135.792,7773.645,268548.664,30378.584,15785.107,13054.772,40634.997,22372.649,6988.131,384995.161,18489.489,12918.664,12136.225,24408.461,43167.003,128259.968,31936.511,26908.974,67700.158,9509.017,9577.016,11181.56,91363.615,27986.096,26415.6,79334.475,8806.12,9129.275,26377.454,13861.378,111550.244,13397.96,9451.285,17043.41,8975.578,264153.456,14389.981,75670.873,14404.146,29624.686,606359.367,18230.24,214377.03,13925.996,9982.535,1760666.544,11933.554,45291.737,25523.828,9274.394,15421.925,8146.432,28422.452,6045.288,8728.513,2685.625,5269.672,11174.097,20739.561,12304.267,72991.488,4583.236,122056.08
"K0121",11835.9383,10537.4803,14437.4538,4178.0155,12461.5541,19071.2655,5608.6219,466436.835,10315.9219,743366.2861,15351.6399,186466.336,644830.746,67620.5101,3524.4574,23801.9412,185868.9817,218252.5432,69349.7437,275405.6491,22365.6547,14894.4568,3780.8508,253326.426,1841.8008,159.9849,53264.6352,21344.319,34398.9812,149589.5978,5445.5726,6741.0142,12123.9916,17355.8099,16335.6676,9448.0622,2331.9875,15843.3692,5235.868,43348.4462,13162.0854,18151.5203,10705.7266,8940.2572,353.3413,132483.7481,18600.1215,12502.8318,13430.5179,11729.5305,10827.5303,122384.6843,41852.6763,17843.6464,16030.8042,30767.9138,21920.8359,18270.1715,347865.3133,36997.601,11149.7366,12516.1825,29093.7666,55874.1704,868468.0886,31325.4278,20141.9627,46622.2605,10358.7312,8676.0823,10103.692,86939.1346,NA,24636.6403,75250.8591,10005.2351,4036.5761,22267.6505,14777.7028,78008.2855,4962.8762,6534.419,13956.1432,2542.1781,11343.0113,12197.5918,34273.004,14007.6602,53754.7371,1163236.035,15417.2849,1296608.895,8993.0988,4712.6227,894742.6931,17505.0161,13263.4679,20768.2336,11018.6336,24838.7634,7688.1485,26992.7344,5022.0617,12162.561,5816.2484,5153.618,15460.9458,23988.6192,33047.3072,66126.8657,31550.6461,82529.7688
"K0122",24729.1234,16926.2729,14593.9178,4461.9057,7956.5088,30214.3808,11032.1831,580245.6529,12707.7823,824060.7671,16918.4182,203541.5937,215077.752,39502.8119,7013.321,15129.3321,47974.0043,132112.7036,62346.8447,266536.7891,18186.5909,13607.5111,2848.2898,281023.0902,7101.8368,440.0137,81397.7033,13357.5038,32391.4549,262633.5476,6648.2862,8530.9993,19053.1319,73107.6331,13650.4108,6507.3471,3303.5363,9297.9432,8593.4479,24305.0605,12989.4688,18517.3022,28924.0566,5968.7815,963.9573,59576.0147,18741.5009,8585.3559,10948.3391,13029.6899,8386.3792,88592.0529,24070.9212,19156.9029,16541.5799,64829.117,23088.9614,8976.0919,369355.3918,34532.9718,11338.4113,14354.5327,19536.9907,56790.2005,381402.3859,29581.6284,22606.217,60667.7525,6083.1861,9847.6151,8716.3528,56098.4843,527.5982,13116.5724,82709.4648,4307.1342,14758.7872,31017.8189,14944.8842,121692.4263,13045.8101,9181.0843,14956.287,10504.6684,16565.3717,12635.2159,25837.2201,16527.8679,32379.1208,241404.5182,10493.882,1361081.354,14715.5755,8557.8251,1127103.074,16190.3117,7333.2936,14150.2219,13137.9536,9770.8296,9852.7042,41540.8621,5133.7157,7342.2841,5120.7717,3048.0806,10704.0814,31767.2043,13847.6684,85394.9438,22200.1315,212132.5596
"C0123",78841.4224,51154.8543,16341.0156,6352.8103,14044.3783,45299.0489,22833.1486,1976591.202,8053.283,719688.5585,23219.2119,173774.8169,350723.7144,75193.9149,6023.5976,23701.0295,144194.3515,251641.9584,38665.726,316337.948,24806.1996,13951.7089,11549.3202,534796.383,2101.0292,258.7066,33895.4055,40436.8677,37837.4676,217053.8868,9119.3988,20009.8538,25018.5566,47750.6682,14031.3001,11901.3202,3650.6416,28101.5018,7367.9454,87774.9836,31255.8864,17592.5885,15006.763,9031.9044,145.7654,155325.6349,17636.7846,19407.2321,24285.2909,12945.0281,12061.5899,93113.0496,44950.2055,23367.0974,22485.0297,72431.1229,29592.3486,9004.9214,333470.3909,15893.9138,14011.6684,13099.6179,46926.2832,80796.0009,118620.8318,31161.7112,65939.4336,54823.004,11444.643,23806.0725,11027.9317,83960.1884,714.8095,33062.4794,133312.5029,9754.2891,53953.0323,28318.6065,8931.3429,95076.4005,3242.9093,8270.1768,12110.5956,3497.6831,13027.218,12189.2631,43996.5686,17733.1837,25417.9471,156976.7173,21184.7768,1319595.154,75792.3261,28058.0912,4146657.244,29758.0278,11398.7775,19650.242,8312.0856,28426.3635,7936.8377,52971.7241,8806.5727,13377.3335,2139.9787,4055.7508,24759.3241,44319.193,6860.1281,82396.2598,3868.7351,218224.4889
"K0124",30700.097,57673.313,9103.974,8581.959,24222.061,68578.042,12770.854,1661322.091,8147.513,793044.965,33082.354,3066477.659,831097.528,100306.829,36159.992,57757.077,109388.657,319199.511,47084.264,189461.438,34469.766,10955.31,3399.557,764992.906,5794.452,13729.115,105729.288,11664.067,24540.19,270081.062,26335.108,14034.639,12828.792,38576.463,25722.469,10803.467,61086.2,33692.062,120096.197,29442.32,7225.006,20156.628,12754.239,33949.77,15803.027,73653.451,19382.911,11531.015,13233.826,13944.077,13626.545,236612.018,56960.718,13354.337,15764.663,46654.076,19626.815,8000.015,304195.153,26924.108,12985.877,11594.834,17923.471,56362.103,893907.15,33516.782,31700.187,37438.652,15921.978,13448.408,8021.8,111645.241,39717.58,30355.132,124588.009,14314.462,28468.98,15340,7980.023,81966.948,5999.144,5537.624,11785.382,6649.158,186513.824,14087.828,58137.12,13884.034,37960.841,806036.579,15559.518,256179.857,39087.381,18880.233,2483954.068,14637.305,26715.131,29702.452,7341.289,11053.608,6585.72,33320.759,25757.479,17987.281,4538.823,4810.565,8918.06,62684.939,34429.135,58847.621,23572.996,193375.753
"C0125",29089.185,31366.849,10596.534,10083.566,19359.179,29963.089,7274.495,1299571.894,9388.273,785139.382,33638.474,3779783.759,483830.427,82576.216,36754.388,61968.578,50055.868,259154.482,31648.901,289195.783,24979.191,14192.927,3207.021,577003.376,6241.36,17497.6,54631.141,13774.66,32140.435,176858.424,29438.401,7859.393,8350.343,67862.676,28829.283,12126.38,64292.731,6463.346,130677.5,34165.14,9256.146,18542.235,13363.585,9102,16130.888,119550.717,18168.521,6537.006,13904.527,13733.904,12376.727,258399.39,53049.402,19947.502,11821.751,22215.845,24016.044,11952.888,433242.437,19121.288,10095.8,10283.373,15908.33,67713.395,838653.66,28776.886,26078.876,35263.372,18725.979,10198.707,4649.561,98280.169,32503.807,35177.988,84794.386,9657.672,12248.964,15559.271,9309.497,68854.042,5326.112,4703.516,12485.29,8073.129,271030.637,14716.227,43615.431,11048.216,4082.244,164629.434,11610.761,251906.732,21908.017,9815.961,2049050.371,16783.255,26962.148,28845.181,10151.072,8367.583,7416.549,23026.863,22839.566,15814.126,4636.198,2265.391,10747.022,49171.729,12305.206,60093.642,42512.547,208997.475
"K0126",13682.007,33238.527,12949.158,2689.523,28975.691,18225.573,6855.371,979127.65,9993.527,646924.142,23972.172,3973044.705,398347.592,77738.632,5589.269,47032.375,55835.247,222343.619,54497.834,296732.719,45229.659,13330.793,5865.842,359659.645,3875.339,17427.544,95588.984,21073.962,31841.318,124548.958,6635.294,8982.682,21056.246,11918.163,27691.56,10969.573,69882.436,2874.614,143252.618,44226.626,15319.103,19275.311,3642.973,27868.885,18905.111,180239.352,21222.903,2714.312,13495.537,14609.96,10183.425,274206.634,41774.242,20491.673,13204.259,15529.54,22287.749,7965.833,475110.006,23754.895,12792.162,11467.972,31690.896,50316.872,545008.613,32700.493,24894.153,51382.529,13167.201,9817.242,9734.215,108454.821,32722.122,33391.273,76048.617,13714.825,30256.705,23980.693,12325.279,134966.283,8736.418,8624.863,13252.976,6375.036,270441.078,13548.228,100841.32,13407.859,30354.452,430560.138,19607.371,250712.582,24813.762,11139.729,2007339.887,13804.526,39765.375,28477.916,7186.317,22265.911,9295.696,26157.394,5240.911,11500.808,4966.783,2969.31,16706.971,21296.875,31723.898,93611.752,7926.796,224288.283
"K0130",3619.3416,5346.1888,8723.801,2475.1271,3967.8269,10602.9943,5305.47,233816.9005,4138.7482,749937.416,13934.1686,2126682.483,54272.8584,17821.1619,7014.386,9110.8757,131179.145,66573.8712,31287.9446,254738.4375,23088.7187,12090.8099,644.3655,151679.866,4360.6629,10960.8295,95216.0706,5727.2239,34262.1291,142967.4427,4910.2183,3069.9981,22230.7902,23856.8298,4476.2799,2175.4622,38019.7502,10359.0563,75894.705,12615.7508,2901.4893,15969.2558,8872.9751,0,10302.0535,60920.5319,18637.3873,4734.815,5805.7524,13515.154,17499.128,127106.7716,10260.8763,18511.9387,16033.2341,22931.9307,26309.1213,13736.3391,191037.2952,22485.7116,24783.4204,12101.8491,14488.3084,57363.2162,614838.4048,32336.6646,8791.7038,48348.3855,3329.0908,3078.9448,8439.185,11764.5048,19585.3425,7394.8342,68011.9023,2056.3613,21710.4247,22496.0364,9565.858,83788.2459,540.3481,8026.0924,10083.5094,9972.174,121237.2351,11248.9794,7138.2555,13565.3479,69945.9216,1403821.416,8844.1855,187116.9012,5326.9139,2602.1127,331110.5857,14188.8739,14183.7049,2855.6465,6452.3582,5528.0514,8079.8881,29351.9879,1660.6493,3691.5778,4951.4272,5399.5007,5658.5079,34488.6234,59143.488,65453.1802,33266.6055,167738.0028
"K0131",24133.0727,31981.8139,10968.7404,12545.0306,15318.6512,65535.9707,17291.6276,788823.6778,10629.975,746002.4781,29509.0689,2231532.989,85145.3943,88134.6155,8764.8388,38830.1764,93160.6109,314144.5371,38033.8233,239689.0484,27743.2133,12328.6656,5614.8145,741168.4976,6134.2257,9410.0396,37386.4252,15176.9868,27569.9349,99663.9276,22682.0595,8816.9457,11957.5025,99276.3386,17990.9336,9765.8058,34500.6104,53802.7798,72056.9288,30122.4424,8391.4096,17762.9638,23703.575,564.0324,12065.9884,78109.1746,18424.7376,8343.9177,8967.4065,14124.9161,45389.4531,114837.6737,56777.3264,14973.8073,17181.1812,63515.6244,23544.2104,5432.0897,137364.5246,35677.9328,11091.8055,12560.8032,18630.1748,89187.9841,679842.2403,31262.7493,22840.8473,55628.2003,14213.0777,8573.3048,9419.928,102920.045,11113.1731,34804.8816,148718.166,6146.0966,134995.6706,25846.5867,10818.318,101189.1141,6701.4897,6892.749,11517.5732,4365.7082,173955.2129,11191.7255,23833.3464,14912.0006,90645.5676,990155.6121,10425.7448,209921.3545,13679.4052,7965.3826,1275723.939,30816.7673,11684.4646,24011.4344,10446.6982,7351.6678,7710.9267,30633.6373,26698.8264,17657.556,5672.5248,3648.6006,11373.5587,50040.9132,19805.0217,73549.2448,19830.2827,146303.8594
"C0133",9819.168,18126.462,8832.829,2379.902,9735.986,29857.144,11362.082,567380.91,9228.944,619010.726,22098.754,2304723.632,524725.394,70277.147,2241.684,20714.052,143427.706,214026.698,32356.903,200214.929,34232.929,9578.225,2774.375,293569.391,7028.302,10984.559,56920.465,20596.668,26365.063,368145.347,5904.243,6890.9,9927.022,9101.266,15350.239,13217.163,29964.833,10294.766,90497.027,50209.136,9782.899,17074.997,7695.239,13723.214,12331.296,314154.721,19120.74,9227.725,13370.292,12748.498,12465.397,170864.744,39506.979,13652.401,13436.981,43545.558,23773.083,4549.755,375780.435,38995.033,12415.759,10434.936,24724.85,75621.88,844373.117,30648.203,25074.685,42518.524,7920.601,9750.462,6155.4,83885.03,20804.986,39690.816,93647.866,8146.497,4464.101,21434.19,9427.684,92843.761,3850.59,5069.931,9427.564,9904.729,160470.271,13470.09,51573,13258.941,12215.393,32584.115,13913.97,253061.963,13524.98,8456.372,1142111.222,21390.63,21041.255,17242.593,9930.676,20362.01,7424.207,31247.663,2607.784,11978.235,6672.396,4807.259,14485.523,34887.641,10132.988,72494.616,33091.54,179423.404
"C0135",33643.995,79499.723,7419.806,2085.207,18841.295,18458.115,7177.626,2768406.706,8912.744,772995.632,21109.266,3023927.69,660062.317,53722.572,3040.961,32827.356,70747.23,177246.302,40496.919,205586.421,27605.653,9971.373,2182.111,227739.703,8951.323,14602.194,27648.388,19608.748,23741.16,72599.839,6232.431,12952.137,8472.025,14147.747,15454.868,8702.323,53921.758,8416.052,107280.582,40065.273,12797.501,17392.114,6709.491,20951.241,13492.942,153708.17,20146.116,10117.932,11215.346,13634.453,12333.238,270221.642,36139.602,12864.695,14019.58,36166.206,17941.335,6060.26,220897.744,37441.166,17822.86,9011.297,23849.435,45360.899,1169426.545,30808.181,36591.905,38316.935,6874.427,14938.965,6502.062,35768.587,34279.387,22035.089,67211.612,14009.493,4147.131,16432.27,8505.564,79308.038,6670.374,4914.56,8063.541,12306.118,183855.734,13549.278,59883.599,13226.911,29384.971,417505.447,11508.15,157993.398,40377.601,21512.501,3693091.796,12108.862,32677.27,11759.819,7722.098,30241.23,6683.517,26147.496,4988.955,8040.693,7255.261,2780.097,15742.366,32654.119,13021.332,47246.179,22310.838,107190.008
"K0138",20235.3528,24581.1155,11005.0061,3267.1781,14313.0822,25292.9198,8844.1639,836232.2648,5024.3967,720041.0914,15690.1015,164635.1726,248636.1321,73999.0013,6685.2466,25119.1491,91298.607,241722.6768,41398.0776,252735.6127,35372.1799,12646.8707,2696.2444,358269.5985,4330.4572,257.4894,25565.2476,20619.993,32039.2331,283027.1702,8424.0681,7688.2904,10190.6028,30495.7939,13985.0985,10432.4986,2790.6961,18196.4961,8621.3247,38997.5754,9573.1819,17860.3973,9053.4829,10748.2604,279.4823,190361.9902,17301.5608,11202.5894,15221.7775,12103.1056,14659.3885,107370.292,41858.8776,18246.9611,16818.02,24590.7846,18166.7483,22791.5204,483290.632,22481.0197,11759.8895,12251.4895,23211.0256,45547.6226,557519.4128,34195.2073,27108.9247,56629.0218,8980.4815,11228.622,8668.421,79979.0579,2186.8337,21207.3812,81481.4109,7604.5004,3682.3913,26656.8996,13579.5243,82644.2476,7006.7399,7335.1408,14225.5045,7861.061,8080.2972,11407.4237,35449.7053,14458.214,13124.7147,174284.9377,13794.4724,1455311.259,16407.3058,9692.9016,1410297.812,10339.9629,11782.4773,13820.8281,5457.9714,17732.482,8052.9404,29254.6005,11995.0428,14194.9472,4071.3441,4729.1142,14909.7657,33446.3434,8464.9289,59999.5493,16566.4114,172867.8045
"K0139",21905.382,61864.595,14183.96,1873.27,5371.558,52110.268,5589.479,1068552.863,12233.584,819206.994,19607.103,2536809.87,252547.155,40376.274,2939.134,11861.872,43525.887,135404.788,61432.877,283037.899,24476.028,11245.556,4925.585,342477.869,4728.883,11373.419,60309.765,15408.069,33588.435,291678.833,4051.479,12612.626,16325.55,28158.255,7624.946,6558.585,40031.948,26293.569,85871.149,30336.497,15227.148,18019.462,4972.178,1728.241,12876.741,219938.208,19554.181,8902.948,7414.549,13419.272,10175.428,53586.999,21448.706,21897.212,18629.343,29233.541,22476.028,9911.564,305601.338,33583.002,10254.729,13728.817,36479.715,67417.314,195226.016,30526.529,36231.145,56022.047,4094.023,13136.348,9836.551,25316.477,12406.363,20982.1,95504.613,7037.546,2557.18,31105.134,19821.166,119035.468,4966.937,7819.594,20373.955,5295.67,205416.016,13266.095,25973.224,17044.059,5684.851,29151.764,15153.912,221476.763,23788.029,9578.342,2096370.105,19249.857,6576.676,6298.777,11538.313,11816.262,9126.101,42438.129,1545.422,7469.141,4073.024,5260.192,14645.817,28927.712,4029.29,80903.785,5071.535,288512.541
"C0140",12704.348,14920.2292,8558.3673,3547.7051,7478.2984,17027.9646,3809.5571,415585.2395,7398.8463,738640.5673,17236.4001,182736.4751,278330.8567,54432.0815,7763.8054,19673.732,232927.98,183266.5123,22839.4946,212269.8285,28367.9677,12001.3258,3148.4347,199592.6403,4851.488,301.0999,27208.105,5497.4452,25726.1467,219809.8649,7617.2809,5853.0259,7437.8062,31962.0583,11187.4025,6743.2546,3830.8537,25122.562,8928.7629,8960.2511,3407.2469,18405.8445,8988.4629,8269.4847,715.7823,75209.818,18517.0626,9594.8548,4181.8299,12733.8565,14383.857,137671.6128,30971.8714,14469.0717,16509.0712,19354.1448,25620.7738,14642.072,285707.9695,31570.7605,11921.8386,12580.4231,8333.8727,47655.5869,791613.1689,31028.0042,18173.9934,53432.5903,6904.9147,7829.2691,7722.5355,51176.9526,2138.9934,14779.3414,57697.2392,6847.2849,2413.7949,19475.8033,9134.2838,116912.6662,6634.818,6766.8814,11209.4875,3508.3111,10690.069,12134.8019,30279.8743,13769.3947,11437.2813,93844.868,8918.1715,1515098.37,11840.1783,5475.157,821520.4252,10004.8288,13679.5169,10634.9413,8298.8487,3800.3202,7697.1054,20030.9698,7071.6291,9329.8309,4464.1853,4439.9464,4803.4404,29152.9488,8787.5198,81290.2757,34364.4605,113382.3655
"C0142",5925.7143,8395.943,10965.3303,817.7627,6122.5539,6521.9299,8838.2886,385407.5335,9549.5751,614122.4802,9062.4554,596137.3094,78351.1545,19496.7774,5726.3992,10562.3121,47549.2392,63893.1818,46132.4346,248461.9368,46076.91,9519.2673,1846.2995,84553.5056,3017.4177,2597.8951,65590.2019,14954.9497,26739.5272,53620.8685,992.7749,11226.7519,14765.547,35442.7589,12865.6467,12329.8094,9185.9576,2581.092,24688.7517,30807.2171,9780.0912,17097.8449,25744.8579,6740.8299,4106.4928,180330.7534,19845.3151,10874.0091,4415.1274,14471.3064,4044.4919,283732.6659,9920.3494,16114.9832,18677.9173,58993.805,20864.4974,8705.9805,335102.9279,10284.2662,8460.4502,10470.8576,19941.0654,48571.9926,490306.1599,32099.3228,27785.5536,52558.4244,1669.241,11587.1591,7577.4425,115468.8798,2076.208,31044.2489,77686.0476,3582.0568,33878.1058,23171.6857,10814.0715,80533.3908,11756.2121,5652.6125,13071.7631,5188.6501,45528.1712,12997.3347,26510.716,12362.6964,25391.699,380160.7784,14608.2832,41402.541,6929.2351,4153.054,548368.059,13996.0831,39104.0153,10992.8985,8718.6868,13322.7805,9106.8798,37189.6574,125.8253,2308.6552,4820.0952,2130.5869,13410.0793,8368.8997,16398.6502,62486.3254,5099.8998,178028.7662
"C0143",18944.2965,18405.4291,13377.8409,8034.5339,10024.9626,46967.6101,3743.3479,1177790.395,12820.6047,835840.7448,17295.7327,252186.2025,375329.7786,66740.394,14892.029,26534.3176,127331.7062,221257.5588,72289.3914,339315.7673,27468.6893,15947.1099,6801.4031,508842.7785,2649.1659,1047.1377,67122.342,16924.8902,39149.3274,84202.0873,11305.5139,9938.4184,12963.7864,44093.4501,14357.7689,7833.6682,4521.6011,5876.293,10022.4384,34004.4697,9771.6716,20359.6304,19403.4301,18268.5383,1420.8683,201761.1426,20484.5184,3198.4212,77154.8659,14722.3764,9847.0264,52822.796,40736.2618,23741.2633,12056.2269,15290.0719,20991.78,17844.4584,529281.4932,29022.1154,10563.6892,14451.6802,25976.988,59071.0259,201770.8312,32157.6828,26928.2477,58603.8398,10460.8228,11185.8363,11766.5197,75445.5925,372.0837,24916.6284,115009.7544,9437.7203,7470.0795,26980.2444,21510.5961,110656.5255,14979.458,7680.0731,20944.125,2610.3487,18280.4663,13324.8633,38801.0118,14589.1585,24706.3293,261143.5501,14381.2643,1802990.909,14519.8441,7061.9291,1478306.849,19169.1774,6216.1112,17489.098,13601.2696,22709.7434,9429.8526,17423.4774,14004.016,11690.6863,3039.6427,4204.7482,13569.0667,39277.9252,16025.1622,83753.9565,8629.449,174465.3655
"C0144",4291.0869,7336.4774,6450.9414,3046.0628,5546.8925,20625.2877,4470.7631,286802.2603,8204.6604,840735.0508,19538.7321,187046.6104,134491.5168,31930.6421,5408.9961,13792.5393,106520.841,105323.6658,32631.0001,222501.7522,19620.2212,11218.7629,2121.1448,233052.7546,2461.2212,969.6136,73524.1069,5949.971,29724.7289,147531.0775,5389.29,4726.3188,7852.5253,28530.2881,8916.9108,6363.8362,2792.0396,14984.3726,8376.3115,11255.9677,2411.5493,17570.6651,9804.3542,585.1712,789.2496,42459.1186,19765.6097,8117.4281,8038.2574,13405.1637,8095.0557,78870.0102,18780.6251,15882.2594,13840.7158,43984.0238,23070.0711,11355.585,154626.7982,33854.0166,10415.2427,11553.5346,9493.8078,72247.9016,318352.2775,32743.7886,14314.0255,44020.3944,5059.322,5223.5699,6957.2603,31317.3082,1389.5044,17977.207,67357.2325,3962.0757,30146.8136,21967.9378,12277.093,77387.9146,10793.6699,6633.9677,14197.8527,4053.3993,13015.9615,13249.9499,19776.3351,15000.8295,14697.4701,202453.0748,8914.6579,1268152.986,6429.0688,3856.089,518653.6169,16234.6318,7716.5111,7571.0786,11174.7895,4606.3269,6722.192,24499.9783,4436.4075,5888.0138,4777.6309,2387.4679,6133.7915,32611.731,18084.7033,65315.9213,12950.9572,168534.7773
"K0147",39994.8724,56008.3011,9987.8078,7778.2548,10476.2054,36354.6366,7204.225,1479242.738,10363.7285,708920.8552,22714.63,182217.5085,138648.8026,66635.1126,5750.7752,20902.2236,135732.3172,210445.0326,32960.7472,226041.1291,20317.1488,12690.1173,8045.2036,342868.7243,9803.2128,252.4255,59840.8904,16742.9784,26221.4592,132171.631,9490.8053,14514.0535,16702.9153,82629.4079,14581.7694,10706.2225,3038.9303,25668.6173,5218.5964,36244.1542,12428.0239,16051.9847,25164.0656,9951.2762,1070.4527,60895.9503,15914.8421,5049.493,11280.3888,12766.8896,9574.4079,146915.473,36447.3866,16375.4755,17889.9417,17132.305,23813.6314,9034.8682,148158.0309,23132.9087,8887.0765,14645.4636,21149.071,78152.4344,830871.5335,30317.4898,41043.9984,75035.4392,9632.0209,16080.2802,8091.1884,85989.7508,NA,32556.5713,77801.621,6797.8139,33055.5596,28735.8204,15819.579,95081.1231,16479.988,7630.321,16731.6844,11636.5812,9753.0397,10778.1576,34599.515,16989.2622,71237.2162,20011.1562,11970.7441,1271377.334,18728.1197,13710.317,2448083.839,22494.9276,15707.3287,21667.1859,10203.4431,6194.768,8874.0354,27556.0078,12357.5579,10684.7735,7497.1852,3217.6957,11220.5265,39515.281,7280.4219,84311.373,30883.8257,254238.1429
"K0148",6199.361,10951.348,5460.046,3191.188,6422.516,11958.596,3195.749,348925.514,7948.273,713084.53,12932.462,1334.076,83222.911,49654.221,8998.214,18526.336,149492.261,162292.15,22232.91,159432.688,29927.318,8370.172,3343.938,253824.096,5337.119,0,43061.142,7497.695,19630.218,94631.496,8050.954,5682.224,4791.014,4436.2,10735.489,5771.792,0,20599.388,0,12307.744,3907.181,16829.108,1959.209,1284.696,0,35219.133,16657.415,2588.702,11823.232,13471.819,12194.64,137569.805,29068.714,11285.731,12168,9168.988,25589.997,12213.454,232629.994,29765.606,13218.931,11055.11,12130.854,53335.557,691625.325,31102.334,17131.241,44685.818,6386.136,6906.406,7506.212,42580.087,NA,14915.304,51429.838,4501.528,5485.639,16617.259,5739.034,75158.229,4456.093,6070.695,8805.815,4284.13,0,12100.965,20135.299,12490.307,34936.152,740285.413,8127.624,40209.754,8719.152,5440.906,708719.852,12243.509,14333.676,10280.643,8045.495,8092.135,7502.564,15968.89,6173.475,8953.868,4799.004,4162.593,6187.001,33465.9,21048.36,82548.087,39843.972,123401.197
"K0150",15530.1618,15359.0793,6554.8605,4225.6677,13332.0187,34713.3626,13537.2077,539487.4068,6524.2289,589628.0705,16550.687,179149.4352,264818.7194,50688.9355,5655.5473,20340.8671,72869.4942,174279.8245,19569.6919,194495.2697,51089.0831,7698.7782,2108.2898,412775.8018,2874.7835,110.2301,53666.7424,19577.2204,26412.7007,86526.4649,8089.2012,6629.3061,9165.4713,30659.6645,13376.0177,7296.9118,1168.8762,12648.1555,4228.8437,39881.7841,8037.91,18377.41,12481.2728,9690.9754,161.0676,187336.129,20835.4466,14609.1635,9716.8751,11717.423,11273.3015,31839.3033,31301.315,13488.0553,9960.688,48862.5508,21131.2359,4723.6174,406139.2764,29290.3847,13265.4507,10692.9303,25608.8401,44112.5623,53032.6333,35236.0176,19251.0979,39370.8996,7762.8534,7709.372,11756.7085,61349.6592,812.1705,20124.4542,107122.1285,7094.9006,7551.5725,16478.0678,6167.3117,72934.2288,4246.9813,4170.0064,6625.6297,3500.6923,6258.4998,13318.4912,29892.9899,170497.2658,7407.9324,82559.4634,12799.8464,1465631.04,12030.9274,6255.6944,906537.5209,14620.1241,4638.0628,13376.6324,7084.7537,28017.3735,7587.2369,22727.3852,12675.8174,10118.5305,1818.3804,5873.8492,12082.3846,28257.0245,7287.1171,57404.3344,1182.7784,165706.9187
"C0151",57501.595,33240.102,9381.081,7811.263,15085.124,36525.669,2302.928,1992245.293,3309.717,743322.61,16521.37,1653215.055,300350.781,75524.878,23458.849,31118.236,34571.217,253631.703,29023.952,257211.81,31546.761,9961.571,3356.702,713226.435,2865.334,5238.314,24072.387,42181.893,31746.396,76283.821,19843.242,14486.924,10815.295,92652.519,16200.738,12764.151,22081.187,33895.585,70584.436,94262.397,16158.255,18338.342,20367.701,14375.96,9526.924,87447.244,18389.165,40832.099,20482.138,12670.946,10214.652,122260.769,46997.217,19022.796,14703.684,23390.129,19118.118,14414.485,177977.882,11648.968,9378.396,11575.326,49018.491,57454.797,411988.138,32109.129,35643.946,49984.181,11907.919,12970.766,8266.71,98940.282,22837.477,33585.316,111594.671,8938.132,2652.228,23416.001,8921.746,63139.059,7533.067,4980.742,9247.29,2463.575,88523.133,12698.126,35504.759,13097.051,9069.403,59382.119,19024.77,210836.495,15153.706,10194.188,2482872.082,16061.61,12793.112,17812.406,5721.844,91981.111,5937.698,15706.155,16446.543,14643.72,3726.877,5551.589,27947.514,57486.299,8829.195,50784.208,22551.384,135890.707
"C0152",48342.8698,107934.9917,6233.698,5232.9802,28097.4322,30411.8198,7016.3901,2675005.766,9384.6956,774690.8097,26791.3613,2972705.129,293827.0894,120248.1738,9116.7461,72871.5593,54880.9612,374483.6954,27573.4859,179264.5394,33829.8806,7830.2568,13912.6869,488689.644,7021.5484,13009.7621,69948.8087,16747.7973,23196.7555,35268.0847,14996.5809,12464.469,8296.4657,18582.0382,27135.0053,14690.8541,46977.6874,23550.9597,101424.0923,31694.0028,7837.6992,19396.9433,7340.2725,28831.5736,14607.952,76675.6273,20180.591,10492.831,16048.2596,15279.5475,10992.5928,274135.8424,69046.0626,12575.2889,10393.9734,25873.4254,19209.5067,9551.7762,353801.6785,17331.8128,12842.6213,8801.9091,20966.8347,50847.5317,981231.6848,30481.0802,27451.2601,46789.3109,19835.5157,11660.011,5453.0452,127445.3017,21384.3398,48357.7399,84548.5192,12783.6975,14375.6718,18583.4668,7742.7072,73632.8378,890.0983,4544.7437,8704.4142,7380.8826,230213.7979,12752.8692,92275.8785,13831.5374,17141.7582,333451.6315,17415.4448,222999.6129,19656.7983,18666.9611,3155815.92,13475.4443,31483.8299,40258.1978,6807.312,21789.2697,5637.5809,16546.9112,15889.935,19194.6814,5904.5282,5901.5817,12068.1866,28433.4803,22664.3951,47553.7771,39476.5246,112073.7058
"C0153",22629.479,42709.521,9230.717,4910.7,14734.841,23415.936,24988.577,1546480.409,7197.194,818174.035,28742.701,2284277.055,368593.278,79343.958,14942.011,51279.443,91534.765,236455.14,34852.233,177829.152,28794.751,8482.945,4373.343,397338.058,3349,11072.608,67833.426,7470.192,22225.381,27678.847,16479.823,10066.062,16067.942,39076.438,25996.022,11403.991,44268.405,11451.511,90914.984,12493.013,4465.389,18480.151,16234.594,24067.437,12927.056,95719.743,20332.564,8326.148,45127.835,14691.245,10646.014,230560.263,42867.43,13734.794,15680.717,32649.922,19887.939,6272.924,166282.633,25536.704,11225.518,12526.097,7473.961,48757.433,498943.914,29764.89,29620.554,54456.338,14836.73,10620.603,6248.277,95625.097,32073.63,29471.306,71885.858,11133.822,135698.052,25090.933,10719.97,69747.462,4093.531,5736.665,13956.83,3807.208,147679.028,14427.484,74965.27,13175.59,45252.791,682238.85,11625.323,231419.885,24326.616,12407.548,2315529.594,10489.224,24630.568,27606.269,6703.051,4119.118,6416.439,20660.498,11759.187,12758.316,4188.343,3520.291,5253.846,44402.709,28163.093,60102.333,27595.267,133831.656
"K0154",36001.3227,50462.4048,14586.1802,11319.8058,17578.761,180806.7011,8777.3392,2233531.634,13304.4958,800191.6157,26675.7826,228700.4423,220815.2124,153398.3649,20670.2233,48276.6552,100575.8175,539247.3495,78180.2905,268980.2215,30642.6549,11441.8592,14894.8916,733914.7675,6509.974,321.992,162075.3718,17638.5621,33628.13,57532.9244,24499.1126,15518.3708,14747.8058,22691.0767,18141.1777,12815.9546,1834.6064,18990.0234,4628.3522,37370.8767,15056.8773,19028.8551,7604.3719,28972.2384,1402.732,238621.067,20185.1613,4240.1284,18000.6438,13819.4721,14083.2393,82651.8256,93949.2385,17898.4819,13431.9455,22784.8886,19700.0185,9018.9037,420950.6375,21681.7549,9464.0074,13535.7618,21879.4817,63767.6545,508782.1498,31260.9493,50080.3652,46687.8649,18245.6924,18216.1071,9288.0085,170241.9256,359.4272,41692.5068,144267.7947,9409.9809,20732.6049,25023.1374,16138.0782,97562.3429,9802.9335,6622.0584,14491.2649,6923.4253,8474.5492,13095.1752,53942.2438,11593.9402,51289.5778,483603.2546,17908.4743,2154022.808,45475.537,17972.0552,3544517.775,21551.7381,8872.3033,41943.6683,13539.7607,12045.781,7297.3896,23813.8664,33207.9231,27903.4843,5202.0765,3808.5407,11006.0656,76061.8574,9734.522,80613.4188,19161.6449,264672.4619
"C0156",31145.448,43400.246,5276.445,4176.211,19498.095,22882.998,2206.227,616355.855,9205.213,766531.358,25270.899,3422699.358,344776.474,86577.366,18456.285,55137.368,88311.934,274952.483,23655.605,154014.481,37143.195,8578.35,6392.383,429489.318,3578.329,16225.715,22482.322,11209.184,21659.365,27266.922,14683.587,7440.614,7706.576,91333.508,22143.435,9040.073,61950.969,15568.219,120292.128,23998.509,5253.593,18529.345,43187.037,11436.3,14226.885,22109.743,18976.839,6238.872,10992.354,15347.896,11062.793,267155.763,49606.933,9801.91,11108.128,20594.535,21909.6,8763.571,98538.507,18033.082,12128.689,12635.348,18803.574,53188.623,549216.684,31106.346,20192.149,68171.786,14595.825,6842.916,8394.192,81637.772,32161.156,26373.283,69361.181,10249.305,56782.494,23597.547,9134.996,74636.057,3489.288,6122.573,9859.743,3705.493,237145.661,14356.775,44039.173,15563.702,28547.234,284991.743,14410.772,246123.993,18191.008,9704.734,1326340.145,11685.3,33074.927,25144.686,8936.68,17151.19,8645.192,20632.671,9481.457,13309.445,4925.905,4378.372,10358.721,39669.614,12159.147,66180.101,19515.275,126256.432
"C0157",2858.567,11665.964,5284.322,3230.112,12383.252,24283.479,4550.601,164666.088,9643.412,641202.266,26154.31,1230426.856,299867.161,46428.936,6059.994,30989.815,159509.248,147029.485,24705.327,108940.279,44171.929,5834.638,6576.264,356733.644,5718.185,4692.52,47202.048,2717.859,16868.847,204716.854,11351.523,3806.121,6278.071,23045.583,21285.827,8403.062,24376.629,13755.075,52205.45,4141.377,1236.222,19435.392,6617.122,1074.089,7099.46,14576.054,20572.471,1724.431,3145.53,13453.792,7210.826,281721.909,26149.352,7283.942,4602.645,10636.967,20759.598,4829.538,40957.452,33032.236,9177.665,14444.036,6328.544,50488.947,685826.344,30485.702,10863.576,58652.365,8788.494,4673.209,8199.763,61192.382,13204.89,21759.421,71205.406,8722.417,2340.03,19771.849,10895.738,120390.397,6086.889,6844.76,13639.903,5731.286,76131.559,13318.569,38651.124,11668.369,13265.71,248540.666,12505.416,98527.251,8859.189,3046.305,556073.974,11322.6,40504.175,21329.657,5625.116,2360.024,8802.226,15828.407,6349.946,6701.765,4510.381,5627.634,1889.928,17472.769,10639.901,144772.077,28055.218,156413.462
"K0158",20198.3622,32713.1391,5617.5624,4017.6422,14240.7374,33423.3369,1987.0976,1081656.265,5746.3786,497288.4851,21852.7466,2830730.748,200922.3722,41945.72,13180.6918,27803.4015,65288.9805,130537.3206,20245.2022,160109.7802,63498.3861,7120.1853,4083.28,389254.9609,3278.1689,13867.5311,89627.9112,14457.6768,19572.4815,415546.619,11807.3667,8717.1935,8067.0464,28444.2708,14551.0873,4731.3991,52873.9636,9785.6849,105382.171,27568.2069,6088.1537,17740.6954,10475.9387,13208.5889,13505.2594,28675.9547,20564.0059,17330.8221,16808.698,13579.1663,7555.4225,356125.1561,22862.1917,9883.5231,7461.2325,25913.7097,20767.6249,20033.9219,138268.0165,26255.1836,9601.722,11880.0359,20475.0259,45542.9515,372425.7291,33040.8935,25776.5483,53961.9236,7805.2516,10019.7555,7765.3887,35195.6119,34035.9287,12512.7608,72555.8515,6011.5058,5582.2702,20588.2554,7831.8644,89240.9083,6874.3638,6597.3241,9619.8642,789.5191,163121.616,13309.9086,30946.7107,14585.7722,26666.3364,592394.2289,10064.2866,179340.3627,15543.0739,12774.3644,1947053.046,10123.8685,58830.4715,11280.4947,4462.9343,10401.5196,6971.8941,15012.3566,8195.3507,6530.5659,4729.624,5207.799,11724.9333,38399.1242,47456.8855,63135.6781,28226.4147,94026.6262
"K0159",17148.856,6087.1031,8074.0133,1615.8545,10725.5971,22322.7582,5905.5243,304261.4233,7773.7923,168872.8502,5137.6601,119149.7808,170021.1141,68119.1216,6748.8617,9273.923,157014.8073,229131.8806,28401.5581,203781.346,17072.4535,20441.347,1834.8774,138543.6171,3144.1229,259.0656,74580.7281,15924.9828,25746.4543,141678.3438,4590.3255,5978.739,7279.0576,27624.7615,0,5343.2907,2475.1886,13287.1134,4475.4221,32793.7523,5352.2326,3739.2405,12969.6142,4452.01,188.4153,181123.9765,3044.9456,4081.0661,10881.7044,2722.6988,29149.3777,116745.0644,39523.7874,16526.9623,13374.0117,38048.6159,19183.4248,5145.0199,499790.6089,27765.7506,11959.0575,12074.9918,23656.3787,45896.4387,1404337.409,32833.8603,19972.4666,52630.0261,3494.3727,8363.956,10473.9498,54185.5501,488.2129,17737.2832,77773.1214,2054.1956,7054.1245,17459.5038,8765.7202,120143.1232,4919.6205,5190.6209,8914.3295,2516.9563,7362.9674,2068.81,8084.0215,13845.8198,42860.9315,840819.4514,12204.3871,1949200.839,3626.9151,3416.9694,468704.2394,12177.8281,16813.7053,3502.9695,9526.1054,16240.048,6898.9025,33634.7434,9780.0815,12366.0043,2992.7961,5583.7524,13049.7939,29808.3159,11646.5471,56445.6737,52400.5236,122689.6979
"K0160",61515.367,71255.141,7049.483,4143.676,18945.686,39289.615,9850.898,2743801.47,8262.686,794322.804,25122.544,3375171.796,143080.06,50323.899,13655.817,36003.855,50020.451,154086.362,26756.15,215052.972,34532.353,10482.616,3840.039,409147.873,5506.852,15636.895,63566.298,18902.819,25818.717,94366.781,10842.557,10922.204,16062.788,155766.81,19921.116,7746.786,57055.84,11249.742,118229.775,33892.73,7723.904,17977.387,41725.063,12791.685,14588.59,76475.676,18480.598,3770.055,16733.173,13911.973,7465.502,245002.774,28520.614,15429.522,12400.645,17490.607,21510.459,14420.446,264732.123,24678.846,18715.56,11973.735,22365.949,48629.707,955265.144,29830.721,27063.126,52984.72,9113.175,10864.183,6357.934,64877.757,31698.786,20892.047,67227.108,6620.657,46593.3,22849.66,10196.786,67966.194,7413.119,5966.031,11275.968,5588.187,245224.474,14010.097,43373.36,11724.073,55903.727,552085.517,13415.85,215335.068,26896.69,15766.387,2772844.388,8735.859,28998.999,18125.9,7144.3,12488.801,7193.782,19085.628,8428.677,8001.753,5021.599,4757.571,12085.789,37378.139,19089.646,60401.668,21244.633,159063.305
"C0162",13030.272,39766.729,14191.202,3835.002,9169.636,33639.232,15200.593,1073838.204,12309.18,714567.505,26684.333,2632056.055,811932.62,69823.441,2836.106,19688.293,139247.567,206078.636,66044.899,285699.727,21737.719,14338.159,5306.831,305438.222,7831.123,11921.935,65176.203,20509.439,34926.077,427246.32,4972.411,10766.099,12174.205,6406.321,15712.083,18898.581,36860.81,14842.438,84891.517,44949.87,17172.264,17642.026,3745.323,14927.64,12090.298,76530.453,16584.992,26656.324,38611.817,11414.278,11710.268,140673.388,38423.634,20635.535,17045.282,29830.034,22102.246,10667.695,353722.604,47923.636,10750.945,15193.074,24137.706,82602.2,952219.922,30845.279,34354.578,66264.053,7817.156,12152.59,5708.777,77496.187,9187.509,58056.226,106241.925,13127.46,5038.037,27235.947,14292.136,115863.309,7377.704,7949.89,17706.205,12628.722,250650.705,11807.529,68299.894,11450.009,16091.12,216269.895,17102.805,363036.146,25325.081,14583.699,2144432.726,22700.344,14772.466,20582.142,11134.462,17790.724,9065.855,25435.313,2493.998,10965.416,7193.827,4672.126,18281.011,40667.902,15523.621,93413.667,26350.481,154730.475
"K0163",11656.139,14863.953,7097.351,4640.329,22931.992,23318.486,4089.81,418463.318,11243.514,722874.246,22517.998,2597943.596,261553.304,115937.304,10761.306,67602.15,86567.373,358904.653,20610.963,146582.2,40023.699,7254.214,5385.013,416531.947,3680.046,11984.33,66603.75,6565.575,20170.642,180354.755,16572.903,6488.12,8835.84,72783.437,27716.266,7561.169,50890.208,20976.916,99260.847,14228.387,5450.751,20584.977,19528.127,18776.907,13106.44,39707.323,19380.984,4557.939,10021.067,13425.931,9642.239,248579.022,62303.83,9183.757,7687.048,20565.478,23357.308,6743.879,126237.843,35303.782,12285.22,12480.563,14531.675,41074.487,755571.762,31531.357,14760.543,68363.601,19078.708,5328.317,8776.172,120203.629,25233.854,23033.992,67702.442,11040.855,1914.86,18748.263,11988.656,117675.655,9637.648,6803.02,13881.008,7000.493,188165.729,14021.17,71010.34,12412.871,4181.183,49938.213,15158.574,178996.693,7178.857,4688.748,847800.887,10190.05,36300.799,33299.726,6790.994,6190.061,9474.348,16979.396,11578.796,17327.647,4165.004,3515.597,5702.913,22131.199,7234.055,111834.777,17571.749,151817.343
"C0164",18147.435,39716.846,12598.283,2147.464,30869.469,17748.585,15049.417,1390652.11,9143.869,504542.143,25176.608,3014750.011,141285.684,77593.014,5436.622,46481.294,99823.445,228095.316,44366.754,224684.294,58730.044,10535.735,5522.594,306723.164,4293.322,14768.757,16009.546,18953.955,26408.636,120403.84,5967.41,11856.259,12755.937,14762.94,29283.126,14312.969,52057.601,12779.758,105303.976,38573.439,9545.317,16992.47,14009.804,30411.967,15184.905,95501.39,18596.874,6753.414,35775.028,13463.869,12082.655,436278.968,42025.11,15089.337,18467.947,34176.231,20867.801,7341.357,173205.919,19210.546,12371.398,11525.469,20966.667,52637.621,610236.727,29197.461,25148.275,55641.882,12433.479,10099.522,7403.403,128219.611,27638.264,41314.708,63435.206,11183.72,7120.764,21440.122,10533.631,91767.228,9802.886,7157.465,13249.828,1816.61,188325.22,13059.829,110071.927,12800.548,15886.116,25869.014,18441.158,176952.931,8655.346,7133.949,2113514.355,12519.59,68516.42,36551.467,7714.564,13050.111,5828.516,26083.487,4053.453,11263.534,4130.959,2091.666,14005.393,23854.186,5578.491,59240.263,25681.548,212931.927
"K0173",25535.0423,18016.5965,7020.305,7664.7958,10803.061,30987.3151,4700.8661,732980.3651,11494.0431,821032.924,20072.0813,237377.0407,194842.254,62273.4083,9470.7266,24768.7912,78495.6119,200511.7286,34658.2603,181700.3813,20059.5618,9662.958,5115.595,394246.2353,3821.0012,898.2106,30843.137,17582.1555,24305.6363,114309.7902,11489.133,8434.5221,12886.8745,136883.6069,17143.9329,10499.175,4434.7157,15204.0583,10302.7891,36659.2973,7934.6393,19721.0762,34832.6436,9601.3476,1070.8139,44132.6239,18775.4,6062.6203,11129.6559,12382.547,8933.1479,88197.5584,37727.6896,12954.7804,12985.3869,35555.2474,21678.92,10927.159,140115.4283,40175.9349,12073.929,13182.6858,25358.1629,57674.7291,319008.5522,30297.1561,28254.6982,61020.3461,11236.6395,12378.6059,11193.2044,96587.1109,1466.6125,30063.4278,96625.7637,6347.5,11803.6395,25896.7222,13447.2254,80886.8274,7199.511,7185.5141,14701.0208,2345.2431,17871.5796,13340.2907,37655.4403,14702.5626,6816.773,67724.3043,16459.6711,1644734.058,29011.6191,14633.2904,1447240.14,18441.1926,7615.9524,21169.7179,11716.7652,12743.2482,8278.4959,24033.8831,12361.2638,11426.6853,3724.1961,4437.0132,10375.6709,32974.4238,5261.8285,74367.546,17100.458,166227.685
"K0174",36179.483,46213.944,14898.084,3425.901,20909.752,34370.492,2244.373,1948268.75,7219.542,804554.131,27586.804,1253110.716,607738.414,56077.358,9626.06,41332.27,70684.267,176130.262,63167.398,387437.982,27117.596,15339.252,8040.26,408856.386,9037.338,6400.035,44207.136,29327.643,41572.853,123378.776,9089.55,15634.964,16386.341,8181.399,21751.016,9181.588,25789.125,8533.371,49151.732,61813.588,30195.398,17477.851,3723.788,29578.563,6499.747,337780.818,21296.321,3393.809,76585.995,15279.083,18792.457,238355.623,33254.955,23940.365,15327.037,16766.115,24656.909,12904.221,570958.074,35704.981,9369.914,10176.339,34982.23,53833.739,1027381.49,29355.671,41056.233,45435.537,13032.679,16392.73,6778.386,74521.819,13218.698,27800.318,103866.881,10972.762,5064.507,21350.524,12450.333,85667.803,6769.694,5514.816,12501.1,7100.234,81730.992,15089.924,72063.838,13122.74,18741.065,241295.32,15943.931,108112.097,19904.639,15970.732,3800118.146,13890.867,24605.767,20903.341,7161.092,43056.489,7076.773,25702.921,6745.622,8924.706,5986.216,2286.04,19401.835,39424.253,22260.091,69050.483,24594.376,169212.47
"K0176",10865.9844,10429.9269,15391.9452,3024.5269,6677.2044,35992.5808,12210.0127,717900.173,11758.1071,827614.8496,15557.8568,201036.5974,571338.2437,34966.7174,7210.2903,15734.4314,140989.2117,119499.6452,51436.9027,324284.9712,26008.6691,12806.7758,2805.4682,257994.3579,3790.4028,477.7719,142527.9916,12422.8661,34686.6389,666900.3275,6187.9409,7570.3119,17036.7218,47856.0526,8920.278,4976.334,3998.5409,615.1735,8768.9295,19821.6113,6110.664,17646.592,11787.4736,3169.4692,578.8473,130370.4847,21324.7425,4707.2029,12472.3082,13589.187,7788.6123,61234.3634,19558.5883,21972.5115,8482.3493,14583.0045,21983.7534,19395.8423,355930.5106,27096.2609,18173.4037,13091.9951,19332.8147,53332.2385,180055.0694,32608.7497,19482.14,56096.0565,5970.9935,7774.5571,10213.4968,30835.9562,1456.8857,11351.2441,91462.3408,5762.1454,33946.393,33175.6722,18672.9483,97158.9276,14103.5097,10004.4568,19730.8759,3007.1667,13628.7018,12241.4543,20259.1237,13713.2661,12817.8451,117118.1521,10774.6678,1380202.149,12268.9641,6059.236,929902.1111,13737.618,7078.0684,8665.3853,11314.4153,10663.0179,7158.1596,31197.2364,3461.902,5777.8343,2705.272,4524.8589,8041.718,44408.6906,36678.7496,75799.5501,7054.6918,304224.1675
"K0181",25048.743,38630.439,7030.103,4824.755,17334.439,35650.261,11180.215,1448816.833,9645.474,816417.089,25917.844,3256154.357,178934.31,55754.662,10405.858,36690.901,70688.332,179379.744,24860.091,183063.024,25690.767,8843.315,4119.533,375413.059,8077.709,16007.121,134183.945,8268.938,23374.05,30401.612,13142.603,8942.66,11934.696,31742.103,20373.778,6530.734,58303.346,6703.018,116265.64,14541.763,5272.368,18030.765,15165.108,9872.986,15840.046,34968.394,19159.149,1336.33,4553.105,13035.401,7645.802,241875.641,32297.351,13860.404,9358.377,15149.054,21180.009,13809.856,67008.613,24287.994,10925.213,11159.309,10700.711,50112.464,1441215.746,31172.495,25649.974,51538.244,9598.407,10405.542,6066.862,63451.354,31240.331,18896.969,73860.923,6415.287,1496.736,20600.429,7352.557,75268.706,5554.573,4527.277,9858.703,12226.321,222248.392,13902.217,41157.628,11479.815,6765.172,68507.254,9672.991,193026.723,19261.341,9329.18,1834071.984,11352.489,27764.952,18058.325,6782.107,5393.765,6502.438,13898.42,8921.831,9458.587,7446.082,2272.796,5648.613,43200.848,25216.948,58647.026,27236.671,115910.43
"K0182",34595.155,53318.601,11194.891,1986.674,12343.324,28713.645,9970.267,1202537.023,10491.597,691379.1,19454.016,1289593.272,179091.574,76249.464,3579.766,17231.197,70598.859,243094.452,46793.297,286300.85,24770.744,12758.235,6488.224,251176.261,11525.184,2658.74,64908.172,23878.001,33003.238,86483.739,4737.709,12353.185,13579.858,45241.364,11759.325,10551.809,10591.887,17901.676,52723.159,56519.485,21040.446,17535.456,17216.542,15830.771,13898.342,42670.051,16905.484,9004.16,11433.218,10856.394,12417.98,158932.566,43550.348,20351.859,20774.492,37507.307,24190.362,13069.494,232584.258,44744.404,10842.202,13303.211,33175.921,61624.334,1140676.275,30661.919,43243.822,55316.245,5887.936,15746.755,5420.054,52445.515,12164.044,35598.995,88163.908,7764.968,8545.703,23370.249,9633.784,96615.489,7289.152,7014.126,11854.266,16406.654,89905.502,10885.763,46404.415,10334.207,20399.333,219452.463,15336.049,305367.157,31955.41,18456.81,2534281.509,16163.886,15483.225,11622.816,10115.051,24122.636,7284.253,29544.413,2413.395,12875.455,7235.609,3901.651,19399.995,29813.304,10491.016,77523.516,27439.274,211659.67
"K0185",17436.3731,10788.8078,6022.5367,6677.4198,6996.9194,20839.7367,2208.2791,698652.9983,5164.9745,742526.5603,13943.1616,2086632.992,118610.2899,40542.953,29356.6821,22596.0579,39310.8387,145685.7493,24551.3037,168427.2274,27140.6344,8123.7339,814.5353,438900.946,2625.0119,9244.7186,103363.1582,11317.8665,20613.8419,27917.2711,16041.7027,7635.1093,9531.5583,30880.9514,12897.0778,6907.7151,34180.6825,5360.4157,79053.3443,19140.7127,8752.3877,18361.8124,13348.1403,1217.8548,10466.4707,21497.673,20152.8434,4456.4082,10208.1393,13104.5843,11479.7915,89396.7457,26809.422,10942.8198,13410.5186,34326.3307,20738.9393,5030.1595,196192.0951,27088.6251,11782.1095,11046.2143,17138.2178,58090.9111,271491.3383,32819.5571,19281.3587,32468.7246,10263.5742,9297.9436,8592.9517,64399.8349,20665.8807,16749.2711,78448.6398,4286.2847,35786.9145,17575.6277,6345.3996,67580.6263,3870.406,4856.5534,7089.6396,2898.6017,128668.9206,11855.5056,18032.9951,13421.65,17145.1971,241670.4861,9296.1451,224877.3681,10019.5215,5054.5056,1044919.453,14337.3631,9635.276,11791.8962,6841.773,12861.4022,5196.6033,37293.2489,10337.6597,8771.0867,4021.189,5293.2874,9046.6429,50340.9804,24567.4104,46559.8415,11268.1895,140223.5761
"K0187",72499.107,94274.402,7073.606,20755.366,35543.863,109819.542,3309.755,3097536.128,14611.719,753179.931,55041.869,2651274.184,399932.522,164824.491,27340.86,96979.192,104416.566,542432.209,25181.825,190520.82,32467.013,11303.804,5384.022,1569345.831,9791.569,11738.389,39490.465,27382.694,24058.092,84239.24,49888.536,18797.275,16626.686,60289.862,38318.052,14721.852,44875.925,26540.321,98069.997,77184.266,11963.99,16965.765,23214.148,30689.53,15957.864,26532.292,20131.557,14468.6,31581.084,15266.092,14902.987,306979.591,101064.465,12706.837,9859.213,18127.617,19030.888,13767.531,53265.782,23643.439,7965.055,12010.392,24326.394,75906.494,1717611.989,29203.382,39534.527,56629.536,26208.008,15482.912,5290.816,171075.307,25254.078,49048.008,228642.872,16042.149,17390.073,20026.244,8933.593,84813.241,10414.229,4878.453,11787.974,17403.96,176722.738,14676.089,80736.427,10590.841,20376.306,163158.573,13930.512,202104.236,25530.737,18737.412,4227055.986,24735.872,35256.885,58065.557,11170.416,17856.908,8456.405,21637.376,40372.237,26555.789,6929.606,1743.101,14917.842,68281.555,16374.733,70700.284,24621.643,146877.83
"K0188",15472.215,42644.689,14201.373,2590.364,7003.069,40108.435,3402.843,1001299.708,8182.665,810417.896,24098.35,2155265.31,216633.1,46674.344,2652.043,13332.942,110068.76,149096.788,98427.786,249498.451,24733.163,14032.043,5885.182,360180.862,4159.796,9943.694,39761.962,13516.142,34022.893,514080.4,4211.515,9381.78,12260.053,9219.768,11039.123,10409.604,33399.654,7884.454,77697.601,31324.395,6723.888,18327.835,3916.223,8397.071,9883.103,172935.122,17720.428,12972.968,6574.538,12847.829,16968.723,107110.287,25833.249,20451.295,18149.938,33133.699,19272.671,6017.996,526206.773,39478.787,10509.388,9650.336,20467.107,79630.869,566264.907,29563.724,23797.899,47616.593,5288.248,9637.389,7698.749,48235.947,14541.899,36269.535,141519.331,5502.031,2358.403,20426.493,11366.116,104521.105,6626.483,5318.937,11458.181,7100.763,167697.365,12814.062,37033.851,15266.396,3756.736,35803.737,14728.994,213677.034,22622.9,12743.972,1562626.778,26769.76,10969.077,11696.452,7979.963,14378.163,8154.838,33258.906,3062.936,9207.349,4467.042,4798.219,11459.154,48564.816,5694.123,59216.925,20681.905,190175.603
"K0190",49515.039,56760.161,5222.795,3784.155,18355.358,26249.87,9093.148,2854732.603,7683.64,528713.726,24268.363,3228624.009,134280.142,61691.776,9500.448,38827.421,61652.984,201801.619,17035.102,133735.188,53969.737,7721.776,4500.24,373184.537,3765.076,13435.847,36597.951,22448.06,18375.26,157372.27,9861.152,13908.181,12716.853,30942.145,16948.811,6108.734,54527.14,7043.99,119260.316,41977.998,9230.002,17571.822,12948.037,18007.974,16171.027,141755.727,18640.366,6666.316,10928.246,13595.052,7766.366,394028.159,36798.782,11181.773,9715.032,15124.696,21920.333,24071.239,241603.253,29055.022,51584.783,12931.261,21870.771,42410.661,525345.178,33819.603,33364.946,70539.885,9486.661,12347.463,6429.785,43406.766,35198.432,13863.84,58268.901,7379.461,12699.702,23012.745,8232.953,91440.636,6968.046,6685.58,10575.525,2171.382,215587.97,13945.067,46580.789,14382.274,4055.203,110926.256,9771.634,227872.488,24323.627,11840.736,3122532.867,9713.79,57369.302,14518.377,7996.921,30158.696,7847.101,17183.128,6952.616,10743.441,4471.112,3553.243,14516.356,36516.121,6910.022,72361.85,28146.028,83221.115
"K0192",52423.88,105324.878,8253.317,1618.742,15271.335,12736.281,18294.361,1990648.471,6884.275,756053.981,21860.945,2835767.276,153474.09,42668.641,3644.771,25013.22,76898.263,124974.019,27894.074,139763.89,28264.306,9156.531,5309.962,232090.739,8977.523,13249.182,40689.891,15963.516,17695.4,84237.097,5480.431,9557.018,8741.239,102181.954,16579.822,7412.125,52395.407,11483.483,105822.621,28891.828,12873.998,18564.712,26152.454,11210.311,15132.668,87328.492,18267.974,17218.657,21507.302,11956.734,8699.179,292038.581,23969.385,9028.322,14896.906,35648.831,18061.311,5462.964,150866.704,35527.532,12039.087,10472.896,17149.848,47032.144,987730.649,32632.935,30322.451,53661.348,6806.898,10817.29,5479.987,39302.851,30620.751,17540.531,49046.975,5047.646,5133.04,20026.781,9702.324,79794.749,7241.381,4870.499,9629.223,9123.601,189989.801,13528.396,43773.955,13203.162,22048.14,387707.552,9303.588,165129.711,24362.884,17443.866,2759341.875,9173.161,29124.896,12561.633,6611.691,15190.071,7203.134,31249.643,4342.27,7639.373,7068.07,2686.554,10963.088,19323.501,10989.936,51930.494,31518.24,121615.59
"K0193",31735.853,34701.328,17719.617,15125.027,22618.186,93342.516,58628.458,2114923.251,8470.604,833562.789,27492.553,2466871.585,243114.805,135111.531,38552.156,45014.948,77394.272,500187.425,65669.844,336054.465,26328.79,19967.5,5472.549,1435882.088,3023.773,11524.674,87766.049,44071.894,38212.034,161774.501,31287.814,15097.778,14677.422,44951.696,20427.92,13901.046,38041.128,22863.478,80193.179,114161.355,26141.644,18443.16,19312.474,1327.969,11583.296,45352.132,20063.19,3763.721,107693.477,14124.066,12328.395,71395.752,91393.142,25885.801,22859.222,77358.482,21838.462,13478.704,370229.035,43715.329,18199.229,13816.871,44619.554,82051.579,262110.67,31991.202,40770.362,66391.722,15485.675,16763.729,10003.064,142376.997,12290.976,44801.807,206444.75,8066.033,12543.631,31121.44,19119.327,144179.509,15760.754,7829.442,23456.401,3220.743,196065.629,13908.217,29733.366,13508.92,59019.435,735744.769,19472.797,258281.015,19731.635,11048.813,2669736.044,26095.511,7116.8,31163.793,8903.172,30058.103,9460.613,48803.848,31415.959,25929.69,3144.029,3698.175,21251.438,87054.931,33959.296,82441.051,12452.278,212930.258
"K0194",8375.9502,14302.8762,8332.6924,6013.8272,9781.7406,31222.6671,13409.6577,488103.9483,12536.9498,836173.4828,20479.4393,168652.3264,227391.1135,59774.4681,6971.6676,22992.8578,156328.3623,199727.7359,32376.767,179780.472,26990.2507,8814.837,4331.0177,340915.0667,3829.454,143.8427,60233.8707,5897.7987,20871.7932,37363.6664,9756.3766,5684.4932,14469.4059,15976.1776,16987.5622,6784.6291,2834.9105,13996.2723,7591.9036,11781.2346,3985.1165,20115.2554,8059.132,11205.0954,775.1987,103064.7835,19802.6463,7498.4318,7087.888,13323.6996,11880.944,52171.8642,35262.3435,12490.1869,12706.9501,18026.2793,24710.008,6835.1129,286400.5576,45276.5594,12651.7714,11292.0265,12666.5022,56565.3429,162101.7398,31846.0363,18851.8539,49292.245,9640.8373,7151.7792,11781.8258,86628.3242,277.9137,22216.826,102415.561,7222.4233,5525.9749,17719.7875,8297.4842,93896.2337,6008.2628,6555.9378,10368.6606,1733.3853,11548.482,12472.9497,42469.6393,156093.5529,9695.6676,44301.0838,11578.1762,1284134.973,11172.6491,5644.1568,890594.618,16620.3539,7313.4603,19879.7553,11001.5344,4037.5375,9366.3409,21300.3409,10443.6467,10256.3417,2890.0003,3634.9248,3603.5064,28488.0181,13092.141,88823.2075,7244.7976,201991.8346
"K0197",44918.857,66918.159,8162.945,1834.112,27403.965,25207.851,2411.435,2430669.228,7076.564,805304.455,20381.68,5030959.836,669920.818,82595.784,7406.351,45942.685,58174.758,253002.092,25855.777,232186.206,30192.765,10351.391,6089.475,318450.56,5389.13,25035.985,49949.608,22091.723,26533.205,166264.639,5839.397,16581.913,10710.045,31820.928,26377.983,14456.403,86965.914,13763.765,168829.65,43100.395,17983.908,19183.304,14862.408,41551.121,21062.653,59121.116,19891.902,4135.478,15105.47,15067.202,12376.193,240764.941,47579.886,15297.655,20200.81,33357.309,22451.693,4565.946,164960.391,15761.622,11080.945,11207.343,28035.451,42069.308,414447.298,29520.136,42509.358,49096.076,13935.575,15005.433,5369.237,121350.772,48130.832,32445.124,41727.821,16174.109,9922.919,29228.844,7147.544,72947.673,9225.286,5644.166,11178.127,4388.298,328413.167,13690.367,113938.613,9812.378,27761.87,501844.523,17489.68,322073.821,41240.383,16710.952,4309809.474,9730.902,25880.363,36338.245,6869.278,27331.504,7220.014,33146.423,6236.652,13111.22,5001.821,1509.778,20205.775,27096.256,8736.63,57392.607,14350.324,156257.905
"K0198",5094.537,3766.893,15804.887,4674.94,7397.478,15059.111,31180.256,213472.986,6820.54,779963.356,14181.441,2321818.352,60970.17,36315.146,17395.625,20034.785,125087.628,122744.71,62014.749,336960.855,26001.416,14326.078,2112.379,303044.5,4567.246,11694.231,37050.115,10963.933,39307.754,319706.277,10189.719,5364.307,17900.241,21362.207,7823.012,4770.442,36092.604,0,81698.198,21742.837,5516.474,19596.387,8503.037,0,10203.631,20460.505,20716.1,19182.321,17814.538,12209.509,3988.238,116400.845,22097.409,24128.99,11142.907,49915.843,22984.142,12350.221,90426.052,18731.693,22960.112,10824.471,21923.654,52885.833,343030.436,26629.394,12518.206,43634.646,7922.152,5144.718,8298.146,40398.158,17384.302,10507.985,73291.475,3706.607,25121.437,19939.517,9835.899,80253.245,6113.111,6229.822,9954.886,5695.981,161499.646,12056.677,8041.106,14495.66,6398.427,124569.084,10096.146,197203.146,7151.862,3713.325,521486.105,12727.584,10915.109,7987.037,9479.598,18395.211,8007.996,21721.566,7670.142,6631.309,3510.121,3856.398,11699.082,44205.027,20295.399,57722.593,25677.807,194593.377
"K0200",44927.1935,39583.0661,11154.5992,8484.8631,14246.8592,60825.9849,11773.5931,1378461.987,19552.1406,718899.5381,22081.9251,129005.3591,238638.6329,91068.268,5410.0658,25468.6296,50749.9197,304993.1634,40215.9736,268059.1485,30117.2408,11937.7871,11014.1822,419720.3927,3104.7369,295.6871,57151.8109,23757.7824,33722.7001,284115.2881,10095.4258,13976.7598,21535.6848,54957.8217,20007.7268,12526.9061,1090.6323,38153.9711,2537.5705,51018.9718,15400.9905,17195.4113,16841.7644,21649.1618,199.1648,227669.2514,20522.3926,12206.7238,11633.2419,13818.5028,10837.2684,90686.3983,53514.4376,20539.622,9407.2595,25668.8978,23268.6215,7349.5408,353163.0033,35718.6932,10557.435,13727.5284,28228.5653,66588.065,121747.6876,31957.5813,49220.9435,68019.514,10017.5255,17753.2844,9522.927,127427.8529,164.3336,35588.3747,85015.082,7227.9643,29249.5912,29686.2466,16764.8227,111930.3958,6503.3934,7299.5513,19086.6444,1434.3149,5572.2998,12319.5492,57124.4942,14128.9194,30155.2394,294334.0797,16066.5913,1348714.294,38244.1938,19260.6626,3177001.698,17806.0705,10554.3572,31698.5724,17584.3851,16133.3036,7368.9461,18830.64,13343.9235,16322.1696,4701.8417,3710.4742,17003.8988,34179.6342,13113.4666,93965.9528,8837.28,207075.6038
"K0201",13943.687,33199.628,8299.15,3744.376,22288.712,28720.332,12120.341,1256803.076,4628.807,649441.619,21482.127,2918103.358,163413.087,75828.63,13011.749,49184.671,87761.062,240104.029,32850.18,187956.254,45086.269,12445.379,3154.872,492761.112,4752.128,15015.526,55913.983,20914.009,26188.721,310692.844,13405.093,9623.642,6297.269,8372.299,22578.43,8710.867,56609.243,23796.654,112666.987,42534.168,5846.671,17744.171,6969.935,30105.428,13389.22,22229.467,20267.756,15777.899,25667.514,14759.117,12673.116,296513.414,43975.955,12899.537,10459.353,20764.149,21029.21,4753.452,137513.164,19923.67,15835.266,10402.567,29564.598,47145.017,647803.799,33236.539,20617.648,53858.472,11189.223,8020.226,8551.997,85386.843,45476.156,26351.953,90915.408,9239.409,2773.453,20837.347,8657.589,70884.196,6831.894,5123.671,11240.94,4465.447,149723.897,13451.719,60884.018,11686.588,41470.557,855188.399,17185.227,381594.023,8422.279,7770.715,1480775.424,11963.634,37994.42,20348.495,3429.292,32086.9,6930.052,21495.758,7282.262,11225.432,3734.793,4093.005,13014.354,38686.788,26340.15,55853.364,26523.392,109169.122
"K0206",32747.892,61089.228,10158.31,7592.835,24554.062,45394.304,10801.274,1602812.367,6108.04,517408.192,34437.273,2346240.891,742950.663,91676.788,32421.259,61762.838,87051.674,278406.458,29593.95,182002.238,60911.772,9742.348,7299.254,710129.047,4924.077,12306.052,57090.871,24837.5,25331.057,17066.358,22111.207,11985.708,8473.12,17670.5,26732.94,10484.734,45369.865,26390.989,96609.094,57375.811,17567.149,18255.045,11127.477,36223.909,14153.521,113975.605,18844.332,2684.278,23398.269,14448.253,23245.613,385371.684,50512.455,13073.343,14521.47,23755.746,20548.054,10888.5,197622.995,25914.121,13573.777,12234.831,28441.99,61057.916,452233.828,30064.465,31589.758,48825.734,15273.744,12718.165,7523.72,107516.4,64042.738,30738.323,106496.094,17572.637,2205.301,23882.317,8441.75,86246.082,12704.934,5068.827,9651.722,1936.188,135764.027,13417.194,69407.579,12805.785,28870.519,457088.976,16375.779,246288.806,29526.32,13999.971,2710667.868,13695.085,56450.569,32086.402,5540.473,25216.836,6696.41,26498.55,21721.094,14257.97,5342.668,3245.787,16234.464,60521.081,20291.518,60671.297,28390.417,125193.713
"K0211",4814.7222,9367.044,6713.1754,4338.3229,8557.9712,16217.0073,11092.6258,261626.4711,8306.1994,612326.1739,20046.9535,180534.2403,117735.8604,47080.2951,3759.5862,17724.7259,112876.3759,157390.5307,18324.1136,93918.1019,29922.4699,6791.7917,3341.716,286829.6017,2530.0242,820.5526,67546.8844,10562.0287,13374.0737,175650.6699,7122.9632,4771.999,5782.7828,16308.7475,13065.7849,9395.745,2413.4544,35149.1808,7798.0934,19546.498,3649.0549,16406.5799,7355.9247,649.187,177.1333,106614.044,17427.2831,12027.427,9783.5601,10402.6955,10013.5179,174097.2472,28250.6571,6154.7699,13801.8577,37970.7882,26020.2935,6314.52,210837.5324,26922.131,11770.8876,11079.1604,18214.2446,67661.1912,297777.6617,31747.4374,15652.7597,57091.6465,7529.7142,6614.6169,10960.9167,70500.3839,154.9086,27305.0954,86276.3677,4747.3535,2896.4315,21086.5431,8417.8523,89493.7109,4451.6084,5647.796,9505.0887,6773.9469,14236.8323,13359.12,25902.4706,14811.0047,22675.3288,426613.0226,15062.1718,1161876.404,5386.2093,3566.7625,532679.6631,20013.0956,24189.0676,17546.2714,7644.911,7915.8166,9020.1085,28420.0726,8390.8522,8467.0154,3513.9392,3107.6999,7702.2116,23269.905,14623.4011,84098.6117,17983.7695,122645.2333
"K0215",5105.927,7567.361,9428.486,2898.302,10154.262,25514.024,14833.544,449651.148,10577.325,929917.666,39417.541,3574205.862,320013.204,38007.39,3555.007,27328.093,68843.855,121136.756,22109.019,192714.239,28923.32,9270.655,5400.732,348523.672,5431.118,17252.195,193083.484,9366.93,26992.328,112516.547,5838.852,4639.875,15771.382,26534.523,20310.288,12399.643,59398.415,6835.783,114692.412,21905.609,6009.791,20306.024,13052.246,7858.236,16376.048,60986.544,22989.983,6481.358,5609.057,15530.884,6325.913,219642.07,22019.976,14660.833,14069.655,19196.079,19512.375,13755.429,281441.1,47135.8,10132.386,10607.805,20400.464,81571.164,724928.992,30069.637,19018.487,53564.332,8419.173,7734.081,9323.798,60609.918,25112.365,41478.354,131526.731,9141.904,18106.14,21086.706,16708.345,81475.624,7997.127,6184.598,17869.599,5103.311,269004.436,15901.237,57778.688,14500.8,53365.523,1061965.99,14881.644,179368.075,7544.404,5066.063,1164408.205,24483.772,22222.77,19102.219,7463.943,7681.624,6493.963,34873.124,2285.359,5791.159,5478.947,5552.133,8406.212,40686.441,31786.564,59135.611,29424.324,217820.944
"K0216",6673.3349,11996.7327,18059.9253,4300.8384,4487.0997,14889.7098,21674.0223,249834.2962,15230.9481,739164.6581,9167.341,58264.8168,115342.2717,25624.9162,4176.9493,8083.7759,77029.6929,89440.8437,85140.3785,267210.1292,18922.8384,10965.9844,3098.5877,103864.807,8950.2964,137.5588,28138.2622,18631.6185,33835.4137,43910.2821,2571.5611,12504.9152,16126.1776,31785.4497,8464.5299,11785.8659,561.1231,6786.5435,2295.11,38837.2047,18307.3524,17495.0885,16325.2927,2209.034,0,69054.7815,16679.3246,12268.5498,9129.9791,12588.8325,5601.0854,151834.2457,16311.8392,17796.8726,15651.385,20505.7037,23393.9502,15549.7667,211279.0313,10838.6169,9363.3425,13736.121,25175.0793,72443.0686,912697.1813,30145.7207,36127.6489,78519.6611,3307.8069,15765.8665,8577.3398,108467.6517,NA,32427.4192,112414.4227,3663.1313,1201.6826,32312.0345,21027.673,91593.592,14262.1697,9597.3071,19805.6344,22897.6253,6807.0041,13116.65,15433.8545,16655.5197,15871.2486,222892.1883,18006.1422,326682.628,4086.7758,3023.8834,553245.087,23568.7122,15053.495,10288.7672,16424.0894,10805.3595,9797.8488,24071.7827,7030.5433,4768.405,5867.4369,6576.5233,11566.8358,9324.1624,7005.6593,90981.1004,9085.0536,192284.9225
"K0219",12554.4555,19760.6489,9001.337,5897.1581,11412.6608,29357.7293,21394.425,724626.1039,11900.6166,732046.7225,18470.2927,196723.3462,480678.9637,54482.1886,4514.9218,21392.6313,165107.086,177324.9783,29416.1766,208107.597,31426.5724,12137.3709,4116.3581,462046.0876,4340.5652,104.013,86692.064,26343.6335,26237.2099,41217.4966,8476.4904,11604.3892,9036.2333,29017.7671,13425.1277,8077.2011,1945.677,18677.6013,4336.2725,55227.1354,11965.8222,18449.2219,15686.0219,14061.8672,1248.9369,203919.0845,19367.0425,38935.6767,14634.1579,13064.0455,11324.9652,58738.4338,33290.7564,14023.0734,15790.9548,27895.1353,22747.9804,10411.3296,665266.5477,29956.546,11819.8892,14080.8942,37090.9393,50927.6507,248054.5518,32556.8675,25989.7442,55387.1748,8906.7285,10641.5412,12506.2537,85492.5742,486.2069,22688.1751,102408.0928,8636.9573,16107.4987,25011.7809,11620.8547,95542.1312,6636.5321,7986.7365,13170.2401,8214.1077,8173.5576,12652.0864,43839.1462,179254.4815,36942.6079,787669.3077,17762.7343,1413532.382,8977.1195,6635.4317,1161124.946,16598.548,6965.1724,20104.2359,13227.7372,35973.1882,8927.6061,19101.9419,10344.926,9501.5566,2303.4924,6084.4869,14467.6168,30577.6858,35268.635,72182.1437,2620.609,124482.8471
"K0220",34331.4791,61875.3656,9339.891,9750.3705,23404.8459,108047.9103,9287.3651,2070267.696,8792.5911,896008.226,36609.2436,246675.8475,175835.7754,73214.6805,18179.4002,48615.3094,56940.9932,243680.2749,44208.2944,221927.2116,36230.8121,10797.9201,12705.4121,820956.439,7841.1785,1287.5357,76835.2756,15022.7514,27311.4189,370448.8537,22134.8159,13601.2339,14909.2916,25188.885,25931.1722,10759.0627,5734.1746,20921.8629,10702.9422,35869.2831,14631.9961,21088.5481,9827.7236,20728.3622,744.7574,130644.4329,19996.8822,22509.1205,47330.3272,14673.9515,12083.6706,217732.7994,47340.9564,17948.0049,16361.4558,34305.7518,20805.6553,7078.8793,234137.4277,29106.5585,9722.9055,13004.7872,22127.8755,59918.4318,1033164.889,30885.5907,38133.0096,51668.6842,13823.179,15640.2758,8270.9195,102942.6594,2275.2587,31295.8032,118445.358,9349.0751,6383.6951,28115.8678,12708.1547,90059.5612,2953.5315,7067.7856,13492.9646,11020.548,15463.3957,14600.9904,59401.5332,9800.6373,19784.5533,349961.8217,15623.6481,1498883.418,34403.9131,16623.2726,3438928.534,15241.3886,25732.9967,31549.0451,8653.9771,13171.0723,7871.5638,26700.2363,18137.0745,13747.7837,5576.548,5355.679,11489.54,80980.5438,16941.6477,63052.8344,35520.281,218027.1643
"K0221",25689.438,42928.7,15535.942,3409.95,16032.922,28856.083,25004.066,1558530.684,4847.102,726245.16,20199.273,3070237.31,309816.706,71333.741,12557.378,48243.194,160823.248,209584.123,31160.929,213516.396,33447.552,10262.666,5903.647,406608.98,6770.577,15178.832,68215.554,19632.926,27262.421,213618.119,13987.791,9867.525,14196.667,24540.127,22467.696,11207.981,60791.143,16413.086,123481.905,40178.072,8140.105,18400.829,10065.657,19702.384,13130.967,58511.787,20092.356,5043.158,11112.69,13730.954,19610.772,265424.231,39764.539,15929.047,11064.009,20853.641,22913.921,17752.029,385558.135,19651.084,10996.099,10518.443,25112.369,53868.014,1043656.322,32360.28,25401.195,34664.066,13818.616,9685.69,6465.522,84524.452,45976.024,29492.026,72475.912,10804.27,6626.774,16791.437,8483.677,72299.91,3576.697,5737.086,9678.578,11634.17,167926.583,12345.061,57825.978,12661.791,3245.584,64315.143,15805.53,328350.219,23480.915,11307.823,2120411.975,9424.441,30537.339,21248.829,4522.422,29154.314,7034.198,15798.205,8483.317,10506.219,4907.319,4221.024,14876.549,37755.467,8493.301,49795.497,25434.852,176492.768
"K0226",16261.134,33008.52,11667.6,3961.637,19721.613,33790.279,14856.708,1216255.318,7407.68,658329.951,21975.603,2803370.151,351633.079,77600.662,12500.957,49447.084,159184.449,233844.805,56167.347,307899.547,49336.802,19041.094,5687.703,409204.178,3693.967,14440.687,49341.157,4223.506,33294.576,369537.375,12819.251,10400.586,20775.128,32657.256,24216.388,7179.707,54503.954,13384.77,104652.711,8994.909,4786.196,18946.107,13348.304,24011.139,13835.918,184310.511,20598.26,13062.273,11262.807,14764.712,9665.758,263914.244,40145.824,25202.049,18967.816,41511.445,19456.206,14123.337,202645.54,15458.985,12228.704,10247.497,8720.947,47194.454,545852.995,32647.204,28394.269,51592.41,13300.807,11145.621,8571.591,94817.411,39172.417,25057.198,93921.642,11817.103,3372.15,24516.365,11570.306,102965.693,5401.547,5683.054,12585.052,4045.63,166057.965,14614.476,66003.072,12825.351,40333.996,789682.623,10766.82,214334.316,26845.768,10861.331,1991920.136,11533.334,35532.863,21051.059,5484.885,4486.527,6967.373,32916.515,8469.514,11337.116,3003.53,3709.234,4052.755,37458.999,10146.466,52244.635,23616.384,197270.996
"K0229",37103.7254,20327.05,10604.9519,8543.3844,8986.9988,44901.2102,11911.6675,1181627.873,6048.0297,595344.8712,19845.7498,2101626.272,92829.4192,50873.7035,27840.3677,28875.0095,151341.6573,177668.6193,55092.2553,164644.2397,37912.4131,8321.8508,2463.9245,369664.5406,9524.8581,9525.8904,28785.9132,23617.8935,22782.7357,80266.1832,16250.2938,9192.9906,12802.9108,31504.2073,14303.0482,8530.881,34600.1861,22927.9103,75030.7713,46258.3955,9775.0697,15686.9691,12597.9909,472.4191,9233.7299,16746.6899,17764.5976,4546.053,43789.7231,12677.2996,27065.3501,160168.174,34898.1777,12254.5427,16248.6511,46153.166,24122.8922,5288.8877,87469.1538,119391.9483,12616.8304,10606.8937,24379.7032,65124.4261,732849.3509,28652.4771,29346.2757,50835.7957,10640.1072,11058.2202,8369.6782,67142.5725,16330.4578,25628.1564,110156.4534,3899.9223,6830.2662,27358.0186,9075.6565,75659.7564,8641.53,6047.3094,10728.3713,11795.3316,149173.8973,11299.4177,19080.1344,12417.6274,20685.3183,380956.866,12651.5245,245084.16,42043.7778,8536.9643,1619010.517,22094.5035,22896.0445,13326.8666,6752.6862,18334.8136,7590.2108,23952.2782,16875.7377,9861.8656,6092.5281,4587.3533,13867.0518,95740.3711,9498.0424,55645.0807,4266.5871,168129.6183
"K0241",19986.0882,21754.582,7598.3633,7608.9767,10676.3565,15955.4693,14813.4898,906200.7887,9734.279,723521.2129,19608.1802,162594.9154,144022.1532,56330.1547,5533.4679,21807.086,291242.1218,181269.6267,22283.1936,192916.6436,17382.7476,8125.5037,3473.7398,280306.2618,3116.1576,0,41524.0691,13732.0094,25571.8103,135603.7279,10744.7286,10198.9438,8728.1371,44618.7886,14323.5654,10574.1666,3134.4497,26121.3018,7505.4956,33063.4487,6639.6478,16676.3537,16382.3417,1985.5773,394.5256,95885.6436,16304.8903,24601.4131,13535.9553,12203.2783,9835.1531,137886.4372,33036.5075,12583.8271,11283.4761,9680.2147,23366.2377,8132.428,384948.0416,16178.9567,18720.1146,11065.5934,22258.2896,65771.7257,712495.9228,33084.8375,24296.4463,62124.8391,9456.3181,10324.0581,8089.5436,73834.7914,793.3394,30638.4321,77625.133,5342.2877,1939.0768,28976.7801,11339.5351,70896.1074,16536.7854,8429.184,11312.7591,1244.0458,11704.807,10848.0079,24370.4171,15181.6868,4588.7399,42589.5578,14436.4773,1413536.512,10163.9171,6500.0486,1159608.064,21063.5184,12479.4565,16907.176,9510.838,15135.908,8166.2944,18503.3229,8899.9083,9775.2894,4124.9098,5037.8491,11682.3342,32427.5301,7395.9111,67989.4559,28163.0783,137772.4138
"K0248",31347.2489,41180.7536,12786.4538,5201.5187,7913.4884,33374.3749,7368.933,797586.2506,7213.3018,701651.0234,18701.8839,2487934.901,458194.1621,42310.5341,9995.6709,17376.8593,193121.3051,153307.659,33684.7754,320106.9166,37893.8886,15997.1789,2034.6684,324687.8847,2405.5724,12073.8282,73937.6972,12959.1577,37390.0934,133804.1947,10603.39,6706.8024,10362.6181,76119.2937,10051.3139,5602.3017,38871.8523,18305.2557,82324.4846,24242.4474,9196.2156,17438.9196,23941.9239,976.8964,11649.4242,269487.4202,19108.4918,20737.787,14038.0928,12782.861,42285.1174,82156.3747,27497.7483,21680.7049,13760.0894,46624.1975,19521.883,8150.9863,326619.711,22180.7449,19701.8694,10945.4714,22599.0653,56871.3889,336734.7853,34263.9542,18897.8085,57378.0129,6640.7355,8136.0988,11004.1594,35210.4608,15676.5171,15231.4611,105286.7255,8343.4781,12208.8461,27184.1924,17034.2307,79232.7676,3041.2275,7536.6494,16443.4857,10399.2597,175526.7459,11780.373,24523.702,12857.2156,27349.5754,557126.0281,13679.7723,228503.6859,8477.543,5959.1551,1293967.121,17768.8498,12109.9479,7623.6183,7590.5098,8062.1161,7327.0685,37819.704,9530.9585,7469.6535,1891.2806,5151.1304,9888.8951,43822.8407,17636.3332,62278.4895,2938.4452,205539.2405
"K0252",16670.383,35051.373,12985.915,4869.341,18912.851,48128.193,20570.339,1089959.634,7010.4,540243.223,25288.427,1913257.274,361266.3,82802.866,9628.378,53215.12,150061.433,247492.192,40432.002,265056.862,59941.753,12411.631,3441.66,597420.442,2098.565,9291.868,13987.932,12466,30983.568,75599.058,17319.197,12274.876,12006.215,66990.631,22379.273,11570.106,38382.279,24432.809,81634.756,25377.163,17518.065,19617.881,15097.816,16076.806,11653.866,176578.088,20516.417,9818.723,7929.767,12719.267,12589.993,249603.965,46628.563,19533.78,16175.547,36194.995,16941.587,5522.041,345612.825,19338.02,13993.906,12307.61,15100.044,37882.385,474696.149,30966.524,34264.276,42233.084,12539.222,12152.209,10625.376,94475.306,36428.636,21361.341,94956.517,11248.274,2155.642,20072.797,11782.898,82250.752,3980.653,7298.837,11228.212,4456.208,103388.732,14676.418,59090.725,12670.585,10721.143,21608.896,15414.178,171499.217,39637.667,14713.946,2667351.654,8743.838,38286.113,23538.105,6170.783,17076.4,7037.867,36695.759,17238.037,13362.643,2935.258,3571.442,11120.982,38358.582,4230.651,49718.081,6325.689,153867.357
"K0254",21248.242,41961.904,10845.547,1282.66,12416.722,28191.67,10067.31,1685375.008,8926.451,668769.669,23973.896,2437413.591,450397.253,46080.265,4876.113,24402.462,91369.591,142886.331,41549.198,243458.603,38267.203,10496.822,5179.874,266403.076,6863.991,11757.221,50743.068,19497.679,28192.213,136947.147,3528.831,9849.806,16317.065,24772.968,15649.017,5825.841,48086.197,7794.396,92913.481,42069.119,9495.437,17332.926,6023.609,22593.057,13981.675,110589.168,19103.341,6440.85,22801.65,14470.845,7974.718,332107.163,26158.972,16038.595,13196.536,26096.309,18128.514,5688.496,328050.433,26753.444,12608.519,11638.396,25271.84,53335.853,943538.407,32304.164,28265.739,58241.518,5690.809,10323.065,7129.068,38145.602,24324.386,20768.426,71719.771,9993.181,8773.235,20633.55,12086.683,97715.706,6683.801,5615.014,11920.547,6457.678,161383.06,13668.205,56901.992,10985.813,27635.361,385717.285,12308.43,199929.257,17469.352,10655.587,2306314.632,12927.277,40621.861,12242.013,7807.146,11913.891,8107.582,31494.981,3063.05,6198.062,4969.549,5101.844,14731.084,31592.763,27313.387,66332.387,36094.606,188992.311
"K0257",52843.9046,35790.4784,14651.6321,5151.6941,8969.6822,28370.5052,5651.9443,1331183.238,4771.9152,764907.8843,16747.7826,2341333.008,343661.7579,52989.6792,13797.1649,15684.8477,214525.8319,165248.4129,26819.0192,206014.9148,25339.1586,9998.8616,3389.275,280969.3077,7202.8202,10355.1793,33180.5714,13588.306,25594.7326,54875.2478,10690.4318,8465.333,8123.4853,54559.2614,9016.3841,7624.3837,37412.7632,28056.9569,78594.2942,29312.7392,6782.4125,17937.9105,33665.0905,0,10752.3305,27931.5033,17999.4699,4937.01,7631.5155,13664.9631,35154.7063,115510.8754,28241.0011,14537.7098,13990.5026,22663.6325,28326.8006,21228.0559,194232.1976,18219.3973,19326.3365,12723.3118,24729.3937,61571.1441,486434.5341,33954.4094,21065.9719,65860.1588,7701.2757,8066.242,9080.0438,36205.0466,15738.4285,18674.0121,75023.3606,7931.3806,13589.2854,27073.299,9155.9727,75502.6374,641.3709,6562.1216,10376.0774,5345.4708,167837.3345,12151.3342,7866.6288,14193.7866,10065.6216,84131.5069,13186.8285,229940.5048,10937.7044,7265.9694,1346417.689,16365.0207,12236.1337,7671.3554,7181.4685,12677.6002,9116.6143,20458.4398,8272.371,8556.447,5959.1652,4912.7566,11826.5349,40261.5736,5245.3217,69410.2459,27838.2299,137847.1432
"K0258",16428.402,49558.747,10947.903,7232.932,24638.169,80983.647,6678.724,1104751.061,8892.027,603994.775,34145.27,1898712.481,446303.211,108963.056,19371.374,58765.992,146954.975,353325.086,46646.641,242349.791,56332.93,10746.976,5069.693,728286.789,4872.77,9298.905,40691.098,11261.663,34308.137,179064.937,19639.171,12766.443,20817.343,19060.432,29573.83,12590.404,37962.873,25553.868,80446.961,23951.27,10776.337,21738.133,7432.011,39497.577,13295.39,58914.53,20021.654,2034.025,6076.418,14162.062,16489.177,272109.881,65978.648,20210.66,12182.287,28028.938,18966.478,8078.423,215218.511,17369.574,10524.683,11262.346,18614.155,52827.635,623826.045,32550.951,31979.632,49617.758,13526.599,12194.005,8992.427,120669.436,25042.545,33750.807,116052.08,14772.595,1096.017,19538.075,13397.826,104642.787,10753.307,4842.912,15079.927,6654.567,113334.005,14892.015,74925.246,13438.201,16211.132,279943.419,15553.388,181911.191,36724.744,13214.457,2355811.753,12584.858,39576.235,35398.831,9423.727,12409.619,7938.355,23541.104,21232.725,16997.34,4278.475,3210.986,8321.033,51280.146,15588.555,77101.605,7888.116,216045.874
"K0262",23532.385,55995.229,5750.645,3623.331,22862.283,29919.13,3981.432,1379765.739,13439.591,904384.08,39483.722,2154581.083,902920.934,59006.277,4110.516,42701.27,116955.786,179938.838,27911.784,208925.442,23291.517,10530.702,43399.533,400896.524,6630.53,9963.892,74340.08,16846.379,25350.991,102339.869,7492.051,11073.019,10840.923,50082.881,28445.602,15823.286,39348.969,11138.785,81655.608,37926.706,10293.341,19892.976,12548.856,31597.396,14510.652,72034.073,20285.59,3439.074,12069.515,15112.286,8292.658,240313.228,33837.38,15362.938,16022.364,33159.52,23106.248,9265.951,290677.267,43317.206,10164.951,11624.453,19023.319,84545.58,1059304.502,31584.643,40873.193,32595.768,11511.716,14270.608,6434.104,107717.524,16252.91,50468.773,105322.651,20330.154,1913.114,15563.915,7231.734,81182.632,3853.787,4522.093,10416.483,5823.984,162276.264,14529.848,116950.129,12275.336,11692.811,161362.532,17083.131,253105.401,56275.371,15493.393,3482255.48,20840.051,23276.891,32918.008,9511.241,8899.375,6442.181,29862.221,3586.954,8847,5466.938,3228.688,12060.717,33815.317,16594.791,74316.272,37200.578,128226.246
"K0266",11772.9999,13214.1694,6698.991,5599.5948,11537.3122,28494.6002,7384.9462,413185.861,9454.0121,791004.0473,20682.469,180294.4729,392286.8288,63536.2575,8330.4449,22777.9261,134585.6742,223430.1162,45720.2993,130717.0793,26589.1959,6778.8339,4690.4618,372431.9083,3242.6217,141.4484,58368.3246,10067.2684,16193.9082,114901.2569,11650.1452,6297.4977,8016.2925,14727.4297,14268.2614,8140.1978,3421.9802,13704.8561,8218.5828,20545.1185,7750.1155,17725.976,9846.2088,1738.078,572.054,116004.2415,20343.2667,9782.0098,8437.9927,13726.719,10438.3544,56855.7305,39431.0479,9392.1804,14055.6119,28706.2952,22447.0421,5427.591,190599.4162,21659.7656,12501.9648,10660.4398,15175.4505,50549.0589,244353.5674,30274.6825,13418.3408,41402.8436,10245.1122,6520.8949,10454.2094,61659.6389,1118.1359,12314.2643,90238.7887,7546.6824,3474.8065,20123.6949,6731.9486,90111.7473,3463.6242,4433.6702,9716.9816,6129.9024,10812.232,13248.6381,25296.2126,13035.8483,6469.5929,42616.0659,9567.2123,1387770.056,11137.8116,4867.395,672388.3689,14171.9373,5955.4561,15857.4256,8313.1254,9423.8308,7020.3071,29041.7754,12391.2677,12619.6815,3613.206,5094.7513,9072.3689,37218.9229,5754.6382,75142.7791,5834.2532,148350.403
"K0268",11183.5413,13240.1813,17270.3569,6553.4944,9705.3335,30089.991,8177.0257,593991.903,11251.7018,872628.2653,20618.6325,211097.2076,480401.3232,57297.0726,8554.8417,23614.5306,156128.3402,195582.0423,51904.166,298681.0513,19742.281,13122.0733,1961.7132,377733.5421,7258.1609,543.6714,89202.6467,8407.7964,38910.5595,161852.9466,9704.3285,0,13554.7285,36306.0842,14792.5284,8860.1407,4218.5857,8904.9447,9280.6361,16620.3952,8683.5765,17325.9417,11847.8783,2883.1766,1124.4309,187302.993,17560.3313,5258.3157,7586.4891,12558.1678,7967.7897,110165.9408,34854.7819,20387.175,12529.4738,11204.6064,18028.8777,20240.3989,474260.8436,42831.6813,11703.9775,13193.8019,14375.5803,62965.068,598077.8641,31348.022,22901.6179,65720.1668,10544.7851,9462.0974,7008.2702,71551.9593,763.2219,21651.7166,86689.3454,7490.5024,11119.1039,30759.3434,21653.3717,100627.9507,9550.4673,8991.1068,18861.6145,8838.4477,15620.1234,13695.7264,24898.5013,14407.0465,7541.3505,100244.4444,11092.2082,1539393.723,15103.2468,6714.8305,1032669.37,17177.4138,9794.9036,14883.6787,15640.6206,7271.3677,7739.5624,19094.6474,13352.4445,9786.6138,5841.7252,6839.1024,7700.9042,37196.7435,12856.4232,65001.7931,29839.3531,182860.5041
"K0269",23596.7657,16801.5433,12744.9973,4540.4854,8277.154,25769.6138,18555.9248,820266.8303,4103.3089,636677.7814,18181.2373,2985845.309,216243.6436,42341.9179,6705.6376,16594.3861,200697.4224,142433.1384,32219.1774,239557.7535,38923.5262,7493.559,3495.3692,419751.5256,2286.3135,14068.6364,80021.5038,22172.1575,27881.9775,67073.9602,8659.3569,8971.8545,10154.7296,52368.1816,9743.5344,7022.4382,45388.4057,2371.835,96883.2908,41613.2526,9282.5539,17796.772,25231.5679,241.7911,12537.4817,19198.4399,18787.7751,9143.3724,12978.2168,12414.5873,21227.4985,80097.7241,24350.7117,17545.1819,13415.5295,22192.652,25564.4336,28814.5928,152640.3868,20157.7396,16354.9264,10503.3516,32571.4198,62730.6862,227733.2883,32090.1927,26755.5785,62548.1792,6039.4193,9753.618,11635.6529,38404.9053,19535.7898,21769.224,113153.4554,5351.6947,25862.7362,27795.1091,7841.1115,67314.4926,7981.2886,7099.8962,9919.8857,6624.253,208526.7147,12949.0817,17097.0553,15465.6436,29516.5497,566822.2283,13438.2402,270743.1133,10256.1412,10150.9721,1331181.752,18427.2769,12212.9945,8384.1929,6145.2527,31887.9338,7182.8206,19727.9849,6366.0588,7609.8264,2769.3632,3679.5345,16067.0243,41132.1155,43124.5714,65838.4705,3214.7355,222957.3003
"K0271",23440.341,35368.031,14408.012,2043.7,11938.373,18879.258,7370.08,1269341.404,8754.335,740510.493,25862.258,2738779.994,449506.955,47187.466,5295.908,25779.716,104936.815,147316.923,38889.678,291823.776,33837.177,13865.257,6538.752,232435.421,5329.457,13411.029,79844.591,12453.021,33732.318,33129.781,5134.162,8554.179,12144.423,45670.169,14604.732,7297.218,54731.644,14203.273,104179.106,23646.59,8568.628,18641.362,17268.901,19067.384,15736.961,34226.723,20651.924,7367.448,8315.664,13928.356,8603.484,290954.758,27032.263,20913.865,12899.322,8595.056,22214.852,8238.442,156890.541,22065.101,11574.167,10061.029,18531.345,56102.777,915152.434,31506.161,21410.437,54489.266,5703.309,9097.73,6852.27,36755.069,28370.906,21449.026,87110.306,10212.455,26486.046,28299.48,11078.144,84964.753,8821.399,6508.996,13647.856,6677.403,197714.133,13674.693,52316.394,13955.016,18399.55,142917.702,10294.284,208174.468,22578.284,12236.73,1771544.582,13045.207,31019.171,11925.22,7213.565,13665.745,7459.816,21472.286,3015.904,6976.549,5924.811,4569.8,9484.079,28980.241,14792.226,67990.28,37035.647,164232.329
"K0273",14870.6507,11012.7611,18932.5376,3914.3031,7925.2228,25138.5374,1634.3781,615279.5249,12627.4555,859879.2296,15408.2443,189548.9452,164035.8838,43070.2644,8635.4431,16918.6071,135690.9088,141338.4684,85126.811,294484.621,20273.4518,11805.3604,4883.3664,264296.7016,2349.4314,297.4478,26495.7082,6040.8567,32857.9673,127011.0946,6002.8511,7829.7622,21374.0094,50695.1003,12570.2205,5296.5892,3809.3262,8153.5994,8337.5296,9670.3207,6335.5077,19978.8901,27619.4161,5579.8233,1293.5783,50207.8305,18829.8197,4239.2328,8553.486,13108.6175,9264.8095,84632.8819,24183.6103,19099.5595,17539.721,16946.2352,22960.1203,28480.087,388997.6801,37676.5258,12692.7858,11592.5916,7440.4032,53818.0988,378510.6204,31214.8732,21439.9152,58098.7257,6551.0319,9721.497,7981.0424,52469.2794,1087.2909,17835.5197,52399.5609,3085.343,2526.2591,32595.2489,16065.2597,88837.2557,14186.6209,8920.8525,16755.1658,3816.2416,13880.8923,13217.8344,23253.4867,11365.8493,17249.8172,25687.0814,8417.6537,1429514.343,15122.7212,5780.2329,1025691.295,12152.5547,8791.5017,11625.2293,13965.6411,6248.7149,7907.067,20089.5511,5400.2072,8152.8199,4506.9486,3175.4634,5319.2165,42484.7039,15127.8601,69078.1214,16168.5963,222891.7295
