"sample_id","(-)-Stercobilin","()12,13-DiHOME","(+/-)-Tryptophan","(<U+00B1>)-Myristoylcarnitine","(2S)-2-hydroxypentanedioic acid","(N(1) + N(8))-acetylspermidine","(R)-3-hydroxybutyrylcarnitine","(R)-Butyrylcarnitine","(S)-(+)-2-Hydroxy-3-methylbutyric acid","[3-[2-Aminoethoxy(hydroxy)phosphoryl]oxy-2-hydroxypropyl] hexadecanoate","1-(1-enyl-palmitoyl)-2-docosahexaenoyl-GPC (P-16:0/22:6)","1-(9Z,12Z-Octadecadienoyl-2-hydroxy-sn-glycero-3-phosphocholine","1-linolenoyl-GPC (18:3)","1-linoleoyl-GPE (18:2)","1-methyl-4-imidazoleacetate","1-Methyl-L-histidine","1-Methyl-xanthine","1-methylguanidine","1-methylguanine","1-methylguanosine","1-methylhistamine","1-methylurate","1-myristoyl-2-palmitoyl-GPC (14:0/16:0)","1-myristoyl-GPC (14:0)","1-Oleoyl-sn-glycero-3-phosphocholine","1-palmitoleoylglycerol (16:1)*","1-palmitoyl-2-linoleoyl-GPC (16:0/18:2)","1-palmitoyl-2-oleoyl-GPC (16:0/18:1)","1-palmitoyl-2-palmitoleoyl-GPC (16:0/16:1)","1-palmitoyl-2-stearoyl-GPC (16:0/18:0)","1-stearoyl-2-arachidonoyl-GPC (18:0/20:4)","1-stearoyl-2-oleoyl-GPC (18:0/18:1)","1,5-Diaminopentane","10-heptadecenoate","10-nonadecenoate","11-HDoHE","11-HETE","11(Z),14(Z)-Eicosadienoic acid","11Z-Eicosenoic acid","12-Hete","13-docosenoate","13-HODE","15-HETE","15.14_methyl butanoate","16.89_propanoic acid","17-methylstearate","1H-Indole-3-propanoic acid","2-(1H-indol-3-yl)acetic acid","2-AMINO-2-METHYLPROPANOIC ACID","2-aminoadipate","2-aminobutyrate","2-aminoheptanoate","2-Furanpropanoic acid, 3-carboxy-4-methyl-5-propyl-","2-hydroxy-3-methylpentanoate","2-hydroxybutyrate/2-hydroxyisobutyrate","2-hydroxyhexadecanoate","2-hydroxyhippurate (salicylurate)","2-isopropylmalate","2-Lysophosphatidylcholine","2-Oxoglutarate","2-Oxoisopentanoate","2,3-Pyridinedicarboxylate","2,5-Dihydroxybenzoate","2'-deoxyadenosine","20.13_butanoic acid","3-(2-(methylamino)ethyl)-1H-indol-5-ol","3-(3-hydroxyphenyl)propanoic acid","3-hydroxyhexanoate","3-hydroxykynurenate","3-indoxyl sulfate","3-Methyl-2-oxopentanoic acid","3-Methyl-L-histidine","3-methyladipate","3-methylxanthine","3-Phenyllactate","3-Phenylpropionate","3-phosphoglycerate","3-ureidopropionate","30.08_Heptanoic acid","4-(beta-Acetylaminoethyl)imidazole","4-acetamidobutanoate","4-acetamidophenol","4-Aminobutyrate","4-guanidinobutanoate","4-hydroxybenzaldehyde","4-hydroxybenzeneacetonitrile","4-hydroxyphenylacetic acid","4-hydroxystyrene","4-imidazoleacetate","4-Imidazoleacrylic acid","4-Oxopentanoate","4-pyridoxate","5-acetylamino-6-amino-3-methyluracil","5-alpha-cholestanol","5-Aminolevulinate","5-dodecenoate","5-HETE","5-Hydroxy-L-tryptophan","5-methylcytosine","5-Methyluridine","5-Thymidylic acid","6","7-dehydro-desmosterol","7-methylguanine","7-methylxanthine","8-hydroxy-2'-deoxy Guanosine","8,11,14-eicosatrienoic acid","9-cis-retinoic acid","9-HETE","9-Tetradecenoic acid","9,10-DHOME","9Z,12Z-Linoleic acid","AA","ACar 18:0","ACar 18:1","ACar 20:0","acesulfame","ACETYL-CARNITINE","acetyl-galactosamine","acetylalanine","acetyltyrosine","acisoga","aconitate","Acylcarnitine 5:0","adenine","adenosine","adipate","ADMA","ADMA/SDMA","adonitol/arabitol","adrenate","agmatine","Ala","ala-ala","alloisolithocholic_acid","alpha-D-Glucose","alpha-glycerophosphate","alpha-glycerophosphocholine","alpha-linolenate","alpha-muricholate","Alpha-n-phenylacetyl-l-glutamine","anhydroDglucose","anhydroretinol","anserine","arachidate","Arg","Asp","atenolol","azelaic acid","b-D-Glucopyranosiduronic acid, (3a,5b)-24-[(carboxymethyl)amino]-24-oxocholan-3-yl","behenoyl sphingomyelin (d18:1/22:0)","beta-Ala","beta-D-Glucopyranuronic acid","beta-guanidinopropanoate","beta-Pseudouridine","beta-sitosterol","betaine","bilirubin","biliverdin","biotin","C14:0 CE","C14:0 SM","C16:0 CE","C16:0 ceramide (d18:1)","C16:0 LPC","C16:0 SM","C16:1 CE","C16:1 LPC","C16:1 LPC plasmalogen","C16:1 SM","C18:0 CE","C18:0 LPE","C18:0 MAG","C18:0 SM","C18:1 CE","C18:1 LPC plasmalogen","C18:1 LPE","C18:1 SM","C18:2 carnitine","C18:2 CE","C18:3 CE","C18:3 LPE","C20:0 LPE","C20:0 SM","C20:1 LPC","C20:3 CE","C20:4 CE","C20:5 CE","C22:0 Ceramide (d18:1)","C22:0 LPE","C22:1 SM","C22:4 CE","C22:5 CE","C22:6 CE","C24:0 Ceramide (d18:1)","C24:0 SM","C24:1 ceramide (d18:1)","C24:1 SM","C3 carnitine","C3-DC-CH3 carnitine","C30:0 DAG","C32:0 DAG","C32:0 PC","C32:0 PE","C32:1 DAG","C32:2 DAG","C34:0 DAG","C34:0 PE","C34:1 DAG","C34:1 PC plasmalogen-A","C34:2 DAG","C34:2 DAG Na adduct","C34:2 PC plasmalogen","C34:2 PE","C34:2 PE plasmalogen","C34:3 DAG","C34:3 PC","C34:3 PC plasmalogen","C34:3 PE plasmalogen","C36:0 DAG","C36:0 PC","C36:0 PE","C36:1 DAG","C36:1 PC plasmalogen","C36:1 PE","C36:2 DAG","C36:2 PC","C36:2 PC plasmalogen","C36:2 PE plasmalogen","C36:3 DAG","C36:3 PC plasmalogen","C36:3 PE plasmalogen","C36:4 DAG","C36:4 PC plasmalogen","C36:4 PC-A","C36:4 PC-B","C36:5 PC plasmalogen","C38:2 PC","C38:2 PE","C38:3 PC","C38:4 DAG","C38:4 PC plasmalogen","C38:5 DAG","C38:6 PC","C42:0 TAG","C43:0 TAG","C44:0 TAG","C44:1 TAG","C44:2 TAG","C45:0 TAG","C45:1 TAG","C46:0 TAG","C46:1 TAG","C46:2 TAG","C46:3 TAG","C46:4 TAG","C47:0 TAG","C47:1 TAG","C47:2 TAG","C48:0 TAG","C48:1 TAG","C48:2 TAG","C48:3 TAG","C48:4 TAG","C49:0 TAG","C49:1 TAG","C49:2 TAG","C49:3 TAG","C5-DC carnitine","C50:0 TAG","C50:1 TAG","C50:2 TAG","C50:3 TAG","C50:6 TAG","C51:0 TAG","C51:1 TAG","C51:2 TAG","C51:3 TAG","C52:0 TAG","C52:1 TAG","C52:2 TAG","C52:3 TAG","C52:4 TAG","C52:6 TAG","C53:2 TAG","C53:3 TAG","C54:1 TAG","C54:2 TAG","C54:3 TAG","C54:4 TAG","C54:5 TAG","C54:6 TAG","C54:7 TAG","C54:8 TAG","C54:9 TAG","C55:3 TAG","C56:1 TAG","C56:2 TAG","C56:3 TAG","C56:4 TAG","C56:5 TAG","C56:6 TAG","C56:7 TAG","C56:8 TAG","C58:10 TAG","C58:6 TAG","C58:9 TAG","C60:12 TAG","CA","caffeine","caprate","carboxyibuprofen","carnitine","carnosine","carnosol","chenodeoxycholate/deoxycholate","cholesterol","choline","choline phosphate","cis-5,8,11,14,17-Eicosapentaenoic acid","cis-9-Hexadecenoic acid.1","citrate","citrulline","CNs_TF_02_2-hydroxyoctanoate","CNs_TF_03_3-hydroxydecanoate","CNs_TF_04_16-hydroxypalmitate","CNs_TF_05_chenodeoxycholate","CNs_TF_06_2-hydroxyibuprofen","CNs_TF_07_alpha-CEHC","CNs_TF_08_dehydroepiandrosterone sulfate","coenzyme Q10_Na","coenzyme Q9_Na","creatine","creatinine","cystathionine","cytidine","cytosin","D-(-)-Quinic acid","D-erythro-Dihydrosphingosine","D-Fructose-6-phosphate","D-Ribose 5-phosphate","D-sorbitol","D-Sphingosine","D-threitol","D-Urobilinogen","D-xylose","Decanedioic acid","Deoxycholic acid glycine conjugate","DHA","diacetylspermine","dimethylglycine","dimethyllysine","DL-Leucine","DL-Lysine","DL-METHIONINE","DL-methionine-sulfoxide","DL-Ornithine","Dl-Proline","docosapentaenoate","dodecanedioate","dodecanoate","ectoine","eicosanedioate","erythronate","FA 18:1","FFA C14:0","FFA C18:0","FFA C19:0","fumarate","GCA","Gln","Glu","Gly","glycerate","glycochenodeoxycholate","glycoursodeoxycholate","Guanidineacetic Acid","guanine","guanosine","HDCA","heptadecanoate","hexadecanedioate","hippurate","His","histamine","histidinol","homovanillate","hydroxymyristate","hydroxyproline","hypoxanthine","I(-)","imidazole propionate","indole-3-lactate","inosine","inositol","isoLCA","ketodeoxycholate","kynurenate","L-(-)-Phenylalanine.1","L-lactic acid","L-malic acid","L-serine","L-Targinine","L-threonine","L-tyrosine","L-valine","lactose/sucrose/trehalose","LCA","leu-gly","linoleoyl ethanolamide","Lithocholic acid taurine conjugate","malonate","masilinate","mesaconate","myristoleic acid","N-.alpha.-Acetyl-L-ornithine","N-Acetyl-DL-glutamic acid","N-Acetyl-L-leucine","N-acetylputrescine","N-acetylspermidine","N-alpha-acetylarginine","N-epsilon-acetyl-L-lysine","N-ethylglycinexylidide","N-lauroylglycine","N-Methyl-L-proline","N-Methyllysine","N-Oleoyl Glycine","N1-methyl-2-pyridone-5-carboxamide","N6","nervonate (24:1n9)*","niacin","nicotinurate","nor-psi-tropine","o-Hydroxybenzoate","Octanedioic acid","oleanate","orotate","oxalate","oxypurinol","palmitate","palmitoyl ethanolamide","pantothenate","pentadecanoate","Phenyl acetate","phenylalanocholate","phytanate","phytosphingosine","pipecolic acid","Piperin","porphobilinogen","proline-betaine","pterin","putrescine","pyridoxine","S-methyl-L-cysteine-S-oxide","saccharin","salsolinol","serotonin","solanidine","succinate","tartarate","taurine","taurochenodeoxycholate","taurocholate","taurodeoxycholate","tetradecanedioate","tetrahydro-1-methyl-beta-carboline-3-carboxylate","thiamin (Vitamin B1)","thymine","trigonelline","tryptamine","tyramine","tyrosocholate","undecanedioate (C11-DC)","uracil","urate","uridine","xanthine","xanthurenate"
"STL40001",NA,172177,59314364,678,291422728,2568,NA,2148,857393,55333,12575,14829,16707,8379,8845,NA,20369851,465968,1493575,63,227097,17793373,5928,52,61737,61328,51591,48685,3603,13378,698,16909,74414,290533,215982,NA,430,364370,513781,278,117304,61984,173,59453946,21740392,23166,49198,46051,NA,419990,14363,468347,1913018,826610,40563307,112512,NA,88576771,19420,14330495,10637123,439250,1102639,1545,215025,80,47330449,509,1498427,NA,62409384,3574,27586,101817,1132092,19376,NA,20758799,9,171705,8889,2659,24088844,9856,72022328,NA,327389,101398,2936,1899586,85559,74635,3203,NA,8425661,196,519,1152,10989,7690,NA,NA,17215,198667,6014,2193,5467103,2458,NA,21210,186678,23443487,557450,24209,10434,9225,NA,54713,342381,1684,10036,9151,NA,766,3289034,6760,2589724,NA,9417382,19478,693193,1382,28171,5649,4869,645871,NA,12689,3405094,4438795,533,88238415,8135,1902,448921,38210,11885,63679,134663,3133,4202,3312856,29485000,167,42652,7634,310625,740312,134160,13160,18559,3517,312605,143578,44841,64340,77173,21196,460,1158,941641,1496,638441,6149,877612,NA,1091,7608,4314,733126,63166,4457,3967,1501,NA,329052,81280,3434,22486,219,NA,37994,33757,5180,35644,16366,23985,96511,3786,10347,56796,73318,77107,NA,134606,97407,137397,5965,6345,4056,1497770,24878,NA,4720,NA,159765,32503,12989,2719,289492,NA,18288,821133,1774,NA,6368899,7357014,668,NA,4823895,NA,2193,2585190,78,31663,17699,7693,189,114,NA,4021,NA,NA,3820,30774,9416,41630,35366,31191,29527,13177,65829,50800,42762,7880,545,37286,25501,19333,144123,138507,313319,353263,3711,25475,24686,42044,36318,970,321494,825372,1826278,1224656,NA,22205,21905,74477,68957,1431040,724627,3673895,4932212,6284643,143245,77822,98077,462804,1703983,6552716,7032870,6301919,6202356,7893259,126865,7795,12395,189133,391618,754105,331736,166412,804,201,NA,NA,3416,NA,NA,1697712,438,3891,763,268265,NA,6087,303468139,431771,355086,NA,22049,2107187,6613836,208788,81181,51686,3506567,9452529,NA,117646,NA,1892081,82331,20641,90852,125497,NA,106217,10643116,656302,NA,NA,161527,78038,320730,157007,13866959,32528,58802,51168,194718,1683,NA,126528619,179754,132831,16079,5712,573434,1260035,8295,42528,175,2586,24902028,23578463,889172,5500764,33708,649859,5067,109718,353988743,2821,21116,95761,7229,1536,4665868,NA,323099,2106349,27165,1127728,15043,42013,1785,83288,5253,25559,269816,93524943,598413656,8003982,1649,NA,807576,1230245,34186,127796812,209783,2611397,8494,1685,49643,36666393,158599203,92736513,1286457,7029,1456920,10287,32204491,16347,75764550,3226,2984,14469716,9218,728,1666770,23866,20724,494678,1139,2521,2760,24226,23549,NA,77092,15505382,50555,161782,19966,3891503,44600,22453,923321,349961,14814623,216934,1974474,630930,2529623,75374,60273,193012,108061,4708,6080,79469,1652,80690,40733,71285,203354,955746,253,2694588,247818405,2892292,284151,5226,3326,20027,13171,693076,157594,702683,9078,17972,85487,49203,13548,381030912,4921,67871,242209,2673668
"STL50160",1735,247345,79521941,869,80833722,43166,NA,110,266904,7648,44630,19478,5342,638,110972,NA,18273600,411509,1312761,5971,17882,68173506,5599,86,12981,10601,152856,174612,6070,24222,1088,42866,2702,172413,149739,NA,605,725148,771730,652,157467,62191,428,294249428,42554868,17344,12959,719,460131,1531741,24712,799978,2644693,376702,9178309,222969,NA,266838328,32647,6751377,5515557,215962,3365753,957,657101,32,129853726,434,639136,NA,37489196,4334,27765,109780,2073357,5820,NA,296498,18,117417,29656,10198,871520,52378,172504023,NA,44129,202201,6639,4382001,35425,205328,2429,NA,971625,329,1146,308,146,13959,NA,68473,20685,208572,5933,25518,8413879,7168,47,8839,340602,17707596,1353921,14693,4670,1113,6592,390,232653,4301,9068,10943,NA,NA,9228055,5419,15221284,NA,19383604,26705,1040636,2822,93037,20920,16109,790289,NA,268,2193278,326539,166,64087599,4873,884,881745,622405,36324,26585,187601,72448,545,1694565,29969279,1737,205691,20303,211682,425431,151635,45817,142,NA,39790,144706,71142,1365,21650,47170,NA,190,474470,4561,389491,1321,268712,NA,955,428,1187,303753,15276,160,396,7904,NA,203611,28521,289,16455,533,8418,14637,10468,7091,27990,15801,39612,57982,63,NA,41290,88873,56673,78,95014,88810,172027,4494,2300,11309,2015193,16816,272,163,NA,195748,684,NA,NA,520320,NA,3804,252243,1129,38304,1715071,177785,11041,2083,2063201,NA,733,3196463,NA,363341,49395,14892,641,585,NA,4766,NA,586,34585,63113,10434,22016,35716,28421,15857,7443,14617,29983,44628,9805,4416,9562,11923,11898,156652,42248,169972,296555,19612,10556,24638,72608,55520,3938,1548928,1879671,5950357,1238138,14560,60901,26348,165432,182138,6128579,1107145,7345834,13661606,23248582,653261,167590,303966,618054,2807391,15455526,17467415,19788753,27790229,56052185,1111271,60906,76810,302228,862007,1974234,1543037,1627148,19396,NA,NA,NA,27132,NA,159,330141,24,4597,16053,164604,338,667,262002401,754516,642531,NA,76086,1834286,2669017,550315,55212,46075,3359696,4741712,177716,385408,223711,1081560,140138,2267,4090,177402,NA,5798,10953644,693891,NA,NA,89207,37245,294276,515112,45246283,33562,180651,340068,11734,1744,87084,402252213,1417579,391193,68072,26224,1818713,3042088,9516,32390,715,1823,48592638,17668785,632140,6094242,42902,311441,24159,112031,676504680,9247,85582,150868,14953,687,11240340,549407,538671,1460855,43195,1734169,35954,14915,420,16830,8182,2817,370015,344908356,161652785,120724,11760,NA,1864762,86666,12241,400165133,160942,1239214,25168,12984,136334,106104183,242357197,74525795,4946734,20743,67054,5857,24982443,12777,19033126,4128,12015,31576712,21220,341,805803,62657,98425,44703,891,1346293,4796,3716,47595,NA,168499,14111755,37539,66696,13566,3336103,19165,128315,632760,1224806,13423585,54646,3487416,1073478,8310588,9273,73896,154374,134833,10494,6084,12834,49553,16426,33364,88002,1187,1675329,287,201745,240088406,608964,6299,14838,12252,1197,12787,279789,344477,1394282,8609,3978,5528,5131,27030,643402825,62978,991563,990629,215304
"STL20014",330,282030,49930326,1111,159293247,16232,NA,31,147512,128346,20187,6164,4614,146,349772,NA,13172191,333844,464329,1032,72353,42689149,10892,107,1733,44801,128083,248228,4937,49359,12940,93474,4845,122203,151587,NA,338,989242,476777,1889,79340,82171,486,143231031,33230769,20442,33115,13038,NA,405647,9420,NA,3046112,159027,7586851,114230,NA,174209500,61982,6040807,6479313,549746,846669,2573,391215,333,55055099,522,615241,NA,39812153,12702,36252,89906,1047182,4020,NA,7133772,NA,178747,12945,2340,8350103,9006,55933286,NA,136203,95778,4226,3098088,41016,122484,3582,NA,2079214,313,2237,1053,695,10863,NA,263249,31767,153401,40822,17397,9534915,16394,156,7248,252740,10903437,2287009,54350,23502,2077,14167,752,242721,1279,321,8488,NA,NA,5579726,5995,4215870,NA,11087295,9589,2818544,3433,46631,16643,5101,709962,NA,718,712135,155823,111,68505303,54769,6768,460717,330584,40845,21149,202845,13522,14295,7497960,92553782,1351,46267,11280,176533,634630,191592,40776,15011,112,309011,279251,76963,12828,68497,37308,198,6592,681098,5719,250068,21282,1186285,275,2694,6457,4791,1752676,170688,11364,343,9948,NA,457256,462048,8260,117180,505,15779,122012,221833,219238,117794,30403,101033,100162,67,1675,39956,75142,122670,1351,50584,34864,128150,54577,699,11278,355258,22285,340,7647,787,56509,253,NA,1118,354339,NA,15040,117895,1900,2985,265944,189096,10560,4347,169523,NA,4380,219347,573,77441,82586,37285,337,1398,304,22983,NA,140,43236,54892,13027,66180,45973,34246,35653,15243,277007,65669,43022,8854,2445,61643,27887,14872,4954302,135735,194848,184468,7080,53819,24215,29636,22239,2090,1444492,816017,943192,886088,NA,35170,21552,39987,53187,2905702,958656,1373124,1777688,3443067,170226,32472,23293,1072595,517174,603154,674450,977161,1379821,2455768,38154,1805,1725,148170,88175,369809,54906,27726,792,643,126,NA,6811,NA,461,252637,21,3827,1799,204483,46,91735,119232070,1547386,358184,NA,70556,1387100,7646683,446663,73271,85844,2883944,5173575,NA,770305,37810,2283673,162220,6095,3648,250168,NA,11840,11586536,838634,NA,NA,97737,76947,961894,408873,18254204,72415,46223,944093,34830,887,NA,212540408,845040,231859,30918,11637,836841,5397487,12076,26470,737,1852,21617344,12325295,375466,4975842,30957,397468,5716,144723,400295312,5108,52385,110241,10963,290,19166664,288084,696480,837711,31113,943404,23097,13629,289,19253,6058,6445,410173,165560450,382608269,448064,10299,NA,1539623,37143,74715,209107155,76581,1598727,20073,6768,87821,58308914,142423953,123744935,3313303,13342,3118786,6346,8892236,16339,13573269,2572,6722,15858481,12925,301,803969,19916,54745,137036,524,56231,2506,30806,12059,19892,78043,19421851,25448,112069,6726,5724381,369100,27863,661950,498359,11443826,279334,3484622,697793,4121624,6973,133982,192391,90541,37855,8741,12772,44711,40502,21356,83835,347,746899,704,3848677,145281549,2269456,23793,11094,9039,5821,13708,1001175,220618,1073024,4159,3283,5307,7965,35760,365322362,2559,471062,407979,4783576
"STL10240",NA,84274,155836622,32184,181722504,8260,26236,32370,396251,226228,57534,112377,585485,4807,1144,146744,3386556,123033,NA,6443,1180907,416792,495010,28565,1004758,16830,4173975,16443602,771359,2680435,2369332,6687025,56700,811713,467974,983195,44772,4626646,1893006,58763,804582,111045,64512,12203987,13115463,28637,1688,17423,1133468,78249,37950,127883,NA,1459057,60991025,144283,NA,2791531,7860379,15751910,8545096,168888,437343,122167,46793,NA,12470513,249,NA,NA,45859099,26305,6503,3790,595012,86071,290581,16923147,NA,11905,6581,1523,3146916,14054,10813274,NA,77102,33273,7379,1893514,128386,9530,NA,NA,2791831,1561,217838,20379,1532,10943,2433464,137321,12026,51714,146,16000,19167622,25269,32501,31098,48307,46466780,49735384,103479,50305,9024,147,861298,658157,21454,7860,21111,1249165,3987,10374780,9324,2598887,99134749,11060275,99771,15624816,11407,197166,50277,NA,432131,682155,20286,1998480,40804,16729,6961209,94880,277,796548,943620,45083,473,33276,NA,837674,4995267,5790268,500,373111,NA,2000751,NA,NA,69831,27245,59481,784438,311332,7758866,1235669,233781,46066,280929,378489,206865,1454705,1841500,683565,2216095,297630,54316,249147,12196,8599544,428882,33311,146699,229865,167807,254776,2789848,102278,78788,20204,313415,102943,74646,340201,160054,1168466,224495,3293578,13206,4537,127341,476709,8525419,5515,307012,114397,433134,243036,63613,6687246,1682135,5655,802680,14748,247439,133803,372306,74242,29646,279100,1723471,271807,1402659,2658309,378070,1963920,20503626,3269862,383043,992712,211533,91752,457032,446316,375621,5970871,603087,579570,111690,477058,588670,521304,171706,353179,52797,26795,141236,71244,23656,72775,41408,311992,240803,114345,16280,301,111037,100329,50415,705533,801882,570996,181410,32457,92352,159958,133586,35026,NA,771871,3092848,3155701,1086820,1960,58460,241341,309410,156037,431152,2565480,7496237,7048860,3650501,110073,236735,191276,1040549,2244247,3245064,2961535,1882239,1011247,253671,11762,NA,14334,211987,301689,784564,578342,778838,617522,568393,327953,101445,250727,122272,11342,4269970,167,10135,1440,3721104,148308,NA,1361732,371365,10564602,1128905,1372147,3616594,29599355,1532361,294026,324572,4388805,12228126,NA,NA,NA,767830,2999,1045194,516128,NA,NA,1901,1114093,233181,1132783,NA,1077352,20395,183192,17,25249432,9848,3029,13019587,1525247,11573,2161409,623339997,3420951,270208,437147,13167,3601021,10988325,11536,61578,12,2313,77533981,45454877,746348,11002824,85985,770414,8019,369347,498554438,18522,1056078,205772,906,1315,186332389,183557,19859,1966177,33852,NA,1245072,20288,355,101653,6895,8586,1249715,261084582,81006741,1636716,13223,34074883,484,1261771,1408,565125376,6464220,3097003,87042,87501,263359,138434441,393913092,14265338,NA,589891,62068,1695,2400332,NA,83451633,1177,7765,7641723,8486,1079,683030,324,157968,12231,3896,3249,71135,9338,1200,28021,586164,5175593,NA,32917,3226,1498847,5017,172322,1203032,3989612,19765386,34625,322961,684769,NA,329,38860,7994,7164,16100,14235,12232,7656,47652,814,27795,1276,NA,NA,11315,697412847,4191368,3072512,50284,158594,1084,21259,NA,15756,3864745,3337,28,9813,545,9543,793418465,NA,131891,2786818,NA
"STL10562",2886545,60398,50227128,72,527846552,5892,NA,NA,2700835,4469,NA,1762,13522,NA,123477,NA,19938098,584780,508706,26995,5428256,27288290,4903,53,4982,7424,23697,44662,1818,93376,148,16656,554939,582682,576822,174290,7385,2840566,1732452,15081,1293602,60640,11581,140678258,25808515,139163,6928,2188,11729973,1083551,567274,282583,NA,6146744,193466746,3957454,2434404,2288378,423514,68560361,51637341,292940,827962,604,426290,54,1337372,623,NA,NA,173446526,6323,26474,33905,1816807,17564,NA,3605664,6659,71732,1525,2023,1145178,2461,925852434,1734221,8525,116603,7954,908824,487946,39187,2029,21847,1390234,1602,60255,1141,9,8732,NA,775598,19556,80899,16236,8388,6852032,791,7528,74662,33090,19850177,9681574,56629,5510,21148,1286392,1347,1056334,9153,18665,22781,299092,NA,2456865,3770,128557998,20864206,3600242,38566,5501665,8651,250425,3048,166666,186715,100712,421,990107,33075,1348,8736772,22063,985,1452466,159813,5726,29,46401,53063,76753,4756501,11322514,443,663879,167,628849,80353,347782,22954,50950,3708,1054261,287609,163768,125491,306187,6833,6460,50142,312396,59771,537024,114009,3243602,7148,404,72692,NA,9192844,417269,284,2988,19584,186,1011046,4345490,172952,57756,1581,20440,320642,288606,655206,62094,77171,135196,318271,NA,NA,30065,101404,248988,4922,17931,1459,188055,42682,360,33160,36857,427,NA,NA,NA,2187,6152,NA,NA,258882,55359,9875,48881,7616,233,71195,74337,2581,87,31048,NA,NA,26620,902,16889,16528,18305,NA,71,NA,8736,NA,3216,1209,28440,9408,63931,34019,64989,35556,15574,117679,45191,33779,5733,10017,62111,33703,15676,427446,89063,65467,18165,473,52583,24466,13979,923,341,760612,676311,173914,45632,NA,29278,28471,19920,7006,1610060,422507,481168,355565,938667,NA,22132,101,306758,177922,206891,181583,106238,71302,55586,NA,NA,1232,116582,58181,386083,46357,22921,26264,17331,3144,146,7748,147,1694,186844,154,20170,36841,468057,130,3670,60380706,913357,2811977,NA,173563,4509905,5499078,723882,68249,101152,2246056,1995631,115007,NA,NA,2080867,32061,123184,48767,NA,NA,497,2187981,512836,55775,485863,221476,57981,NA,694,33078625,30004,249544,1696101,58804,1563,884678,481804757,1792195,133399,262934,55507,3170129,3967851,15893,296373,211,1685,51924051,28741312,5537927,16681550,260010,640449,12680,98836,781419954,14679,260061,270306,17212,NA,6150200,30511,391346,4774929,29929,1391969,18939,420219,1565,1044901,43288,4022,75013,278246417,72836878,8623776,6931,18687220,847450,14878,42909,361768336,956797,2569081,15663,27923,62591,81420371,239625776,37928168,3035499,12726,7418,10784,2260714,9757,247992275,11765,8955,21988836,154479,12238,991252,4477,71089,1532,2086,24716,13918,2517,21117,17378,2319881,10563005,12,1959,558460,2699308,41318,263462,1322302,2687605,31105965,26797,1262145,2689350,2973725,172,529862,8912,8278,8853,2809,135153,4812,3518,5958,54711,881535,1097071,17,105125,495864821,115091,692884,3810,332,8243,16263,145847,236295,3007462,1679,33,2402,193,10032,1026093417,145027,338993,1966134,NA
"STL50315",1751679,123905,129901234,268,340980123,45971,54,85,1513853,56204,2526,11112,72104,1769,107365,NA,1972770,678463,3515,4900,312944,896582,62495,993,79958,9559,525777,1622943,66490,354789,238644,662757,347,216215,144627,48110,3845,1121412,865658,15259,572684,51670,11105,244914107,27847336,53322,9577,6841,3459482,742358,130176,1332099,123594,3413054,44367909,2516981,NA,1159525,1251905,25485736,30034451,21779,493396,4303,663053,72,998925,459,67589,NA,104768574,4152,16195,3875,1204988,82876,NA,940236,732,4686,2871,2227,3265236,5470,65436593,54054,17825,72966,1502,4972418,396336,55050,6008,2899,2166566,549,14163,8426,234,23743,474033,132134,16840,45436,15,49385,2938255,7929,2907,15966,122336,19070521,12258706,77442,15569,21891,11014,5429,773948,9222,30151,20968,796055,NA,1816830,2818,11786046,18002956,4031548,34795,2878520,3752,189008,11118,107238,299723,153927,29986,701579,10043,3938,22872525,26003,464,2301383,830258,72645,80,92315,20698,320300,3807427,18330460,1324,416297,2009,638506,NA,212597,39184,26397,13284,433568,131936,851655,248737,144580,12321,24901,152897,238200,123317,233773,215500,1218288,36969,7645,102435,211,5162617,249014,9626,16578,81539,6509,128070,1565625,105715,35595,3196,132026,21881,27998,147618,56633,415691,87162,847907,NA,NA,119975,195008,1054527,13828,136144,54341,247715,40495,17403,694027,1058321,8593,71779,3563,19039,67024,64638,2287,3197,417375,217101,34141,678235,283885,25651,2682806,1638983,283877,28663,2155252,13368,16583,844303,43228,174900,685049,75721,43803,9716,32175,171391,41975,78531,80012,76052,17585,186338,82076,36404,48968,23917,285562,189689,98788,19043,1090,66248,49035,26716,1519124,478608,392006,186453,28956,58240,76040,63846,20711,987,960587,3659094,2519780,701174,2295,59317,99803,145475,92251,2259246,2828774,8033183,7731842,3841349,65871,173506,161419,1677842,3761116,11245796,10067780,6271143,1537892,579727,6130,NA,23092,570941,1554312,2030111,1142002,667415,301920,256414,135156,36618,105767,42022,13666,171325,801,10522,976,832898,40112,32132,65247280,553984,4039373,2127214,340370,1078425,16362250,1250041,147334,170604,3196088,3116935,NA,NA,NA,1734234,62503,290302,83228,NA,NA,1951,4300381,112597,320287,265014,71901,19955,519719,NA,26274135,29844,58978,1875864,110457,1593,607320,610360214,2706057,409651,80007,32066,2711939,1794989,16169,148186,500,3833,26861526,25571080,1562676,15758021,131971,907468,904,245232,578346064,12351,369835,111771,3796,193,45561266,748196,487341,3288819,51482,303693,122270,58666,20,498840,31494,6513,505017,239923757,28208234,3064136,43370,11462867,1118449,12240,14523,623977131,1581548,3626410,30917,34749,168878,133139912,286858625,17891768,3193788,111001,22062,22044,2346165,27875,155687439,2632,10719,29123678,30203,338,218126,3199,110163,10495,2766,112047,17156,1189,16588,284634,731519,13991776,NA,7370,2281,2683290,113382,354087,1588382,2343531,23913883,27576,1064171,1632275,5397430,936,185108,9380,106375,124700,6456,99585,14952,18574,10783,63559,364,1220468,72,1027700,329451039,124941,982484,2495,637,35287,20710,210770,111193,1404992,2621,144,6134,NA,19410,606030960,2294,898539,1172880,NA
"STL20316",3340777,354249,65431927,3722,76333766,9894,NA,120,214089,20863,5259,4544,NA,92,475283,NA,42420125,905829,302715,8837,1176784,19617599,10169,71,664,15110,33571,57349,2192,27358,775,40243,20951,328271,233077,NA,933,995253,659820,2916,712639,142877,6511,169300149,36459947,38578,25381,18629,NA,949670,45156,290648,370259,441964,9406730,1294769,NA,3760801,57136,8863518,16324150,397138,10122657,2891,1338638,296,186134769,316,NA,NA,68874447,13097,26896,122960,2230756,10029,NA,405658,74,224221,5669,1275,21360757,3792,28550039,266747,134585,210621,3012,4189363,86789,155248,3153,21828,6898781,652,1100,3391,193,16868,21276,662614,25586,288525,25407,27379,1361260,3911,761,30627,336011,14940172,1876257,109786,39974,27365,125593,1100,649838,2978,15531,9961,NA,NA,6943488,14349,18578394,5779838,5076309,50481,735561,843,95285,32129,83964,408536,26014,1558,1250565,210204,1182,53558210,61556,6626,391003,252421,15594,11756,118515,32547,42578,2656892,98081133,751,363874,3700,237380,45476,340925,30845,40856,NA,402855,188670,33851,13112,145160,16730,84,10474,943163,6761,225561,91760,1213354,84,982,12036,3785,2038626,205148,1059,286,9170,NA,261077,349281,21006,103965,685,5677,72594,75224,32820,97008,51671,78967,54690,436,36624,58138,135567,89373,6559,52000,14495,173113,21840,1216,8782,269325,10775,961,NA,NA,11818,156,NA,NA,223856,NA,21993,130739,4323,5640,377978,78840,2326,NA,362309,NA,NA,375207,504,69426,11290,28070,969,NA,NA,510,NA,340,2542,47155,7777,140307,21521,12655,34640,11094,289647,41174,11981,1876,189,84064,24508,10096,1928081,130861,49084,24602,36,124875,35644,12640,2247,1247,1329143,1058724,448922,94304,NA,159578,62381,18577,11974,1999425,1116403,961045,786721,1834350,2744,24926,3253,686823,323866,564367,683702,724531,629950,640235,5543,NA,1813,104743,62431,327948,51161,21288,162,523,111,NA,4137,8,22055,1675291,268,4556,49534,924922,2133,1108290,588158146,441918,934750,6282,112657,2663465,4246494,284363,23317,79194,2572627,17439836,210401,472865,NA,2943336,131262,36086,90196,NA,657283,22566,32981240,362897,NA,NA,141050,95829,301030,6631,67781479,59301,134844,317377,163103,631,NA,311756862,1224667,354352,21205,55617,1514616,582596,15528,49054,380,4959,10407225,15652105,1089441,4716474,64939,663366,4557,96498,665253357,7307,470340,75486,7817,330,45143598,439590,1523388,2157889,26056,279916,56947,66682,1729,125485,23549,20330,544734,230117753,350346355,1201466,15297,NA,1912602,270328,18199,309278959,185089,2630831,12996,14246,106574,89019639,225333272,43750183,8749073,38604,578403,10284,11581351,84659,18240288,3780,11884,27928086,19996,596,937695,24948,73280,889,1244,102315,3589,11920,16394,85521,214108,30157294,1508,5008,4115,5474272,1026302,897074,960259,2164278,12816834,138983,1546563,844318,5609755,45304,154405,68771,158531,229491,7753,375388,28132,14240,20021,68738,9032,1996158,323,602005,410420523,1243034,176509,3513,3810,48051,17628,810305,288251,1365456,3712,678,6719,22422,19486,731270013,3087,681938,1573041,717421
"STL11021",NA,32088,84965369,352,56976446,8564,11115,53867,88589,11668,NA,25880,111398,455,1678,NA,7129495,44002,39212,1885,5664969,556547,1235,381,49891,5301,50087,75415,1610,851,1093,10605,211426,24793,40955,149133,11351,673,252477,53576,NA,56846,344132,10036850,5325095,11003,1328,140,1100415,NA,30004,NA,NA,353520,38423345,131241,NA,710088,393339,5029853,5654057,195286,46063,10788,40787,NA,248398,40,NA,NA,22525784,8290,10104,9928,127198,185,NA,1235245,45,127905,1671,1889,2007930,2609,14511321,222731,30810,6134,3908,806843,93172,13155,159,NA,1022309,248,65266,10199,45,9643,350899,105819,8859,90940,NA,48735,1804908,62027,10678,6843,54917,13654888,6909104,1909,1152,NA,10334,150503,135592,9969,NA,59741,NA,6146,693372,4323,40408272,42184761,5924205,42006,1351930,10519,82024,1966,NA,247956,43269,3608,362191,7534,3265,4618575,4259,80,11297,222317,48029,NA,5546,NA,12386,3293568,NA,62,464935,NA,1643769,NA,NA,3787,NA,NA,1706,18955,656699,14453,2594,6311,23678,1114,NA,64227,155296,4312,15011,3423,2657,73,263,75612,NA,4365,12644,582,6406,336,11800,NA,5268,839,139,NA,NA,NA,3688,13537,5798,38895,13703,896,31036,14512,47767,NA,5086,1114,95011,NA,NA,10742,21106,NA,NA,1386,NA,1151,1137,NA,NA,256356,NA,NA,10680,998,1731,30535,177254,NA,12,805,NA,NA,5060,NA,NA,38705,15002,NA,NA,NA,14713,NA,NA,1004,14034,15154,37377,11093,1142,42646,16418,74534,36049,13380,NA,NA,55673,35134,17012,78543,44075,32974,4171,NA,22499,23269,20166,2689,850,27185,32356,33927,6365,NA,1322,1571,3351,476,50761,6210,45124,29115,16038,NA,24135,66,103320,13186,40226,20779,12479,7777,NA,NA,NA,2429,135416,58536,482480,53396,1373,305,NA,NA,NA,6474,NA,NA,2068,314,17557,722,687289,15578,546,213140,20495,4014894,NA,194113,601335,2009031,473052,152620,252188,10466484,5297148,NA,NA,NA,26247,NA,1165790,707164,NA,NA,329,510677,8401,NA,NA,93632,3272,571123,NA,7340862,18799,478,469,182459,1805,386940,349521236,826896,145166,194853,2926,1334410,589753,8076,74349,1382,NA,21707542,11099989,432335,20520706,39541,296145,3798,236820,325579397,11719,65120,4137,216,8226,36816728,485968,311,614339,20855,NA,246747,840514,21,11211,17516,3107,99944,154775206,15995903,95952,48135,12461175,3094,1224,2470,264642777,1994110,1195795,33837,50390,128081,51258867,368221219,664239,NA,38956,158,849,1386374,NA,18669549,1397,2494,7966923,1914,3562,467834,NA,44205,19450,6322,3557,7822,387,28552,79492,7353,2018612,NA,17783,4458,1507572,NA,3635,949144,1175536,22360342,11703,158740,478942,1034510,NA,6134,1208,4358,10451,2344,57977,124,63875,29,10660,334,NA,NA,5168,1147483944,32182,1115280,NA,97323,NA,14499,NA,8078,275764,4083,78,9610,NA,8921,175541531,87,30091,318629,NA
"STL50425",NA,77376,46932563,588,40481445,6199,1364,187,187973,8251,604,3129,113241,NA,3807,NA,15812614,77783,40714,4974,359465,2112858,32996,257,1607,9148,47138,125430,6474,50271,1458,16716,7924,109014,112435,14669,5401,1463393,774969,11761,974427,77116,9070,28269718,5127826,38197,588,1240,2507351,NA,45201,342654,199568,733667,42467397,230956,NA,2266510,323900,4484003,5251961,240363,485277,51,252779,NA,507382,1684,NA,NA,18871989,2721,6695,34108,163683,2312,NA,6034137,NA,161370,18993,14151,7132823,697,77070291,NA,94915,8952,655,2608360,80727,22727,1247,NA,2246099,481,20061,711,216,9562,NA,40575,14208,50935,1956,35896,9394185,174785,4165,9126,99264,14799698,4311993,8583,158,2591,4690,9504,721376,5608,18488,5677,369704,4306,NA,2055,1985962,7866414,4086289,33650,1607552,30,71800,11176,NA,487635,NA,1211,540055,324510,67,12635679,8535,1426,1756644,170349,104319,7240,46567,12,80454,1631269,NA,NA,29813,155,1182329,NA,434720,3053,3725,232,319078,322484,379181,69422,116792,8543,3567,21957,279418,28507,517946,45360,861356,3004,896,9735,NA,2632205,151839,641,1748,11840,NA,266792,467611,42865,55999,1371,14454,58143,38806,22676,64486,111804,104338,298835,NA,5841,39505,141141,745035,NA,41933,6134,173829,7339,1926,40469,134699,1228,NA,NA,NA,9587,24363,NA,NA,331653,NA,7374,118572,6452,NA,126918,123189,1226,NA,44302,NA,NA,70529,729,NA,57952,20288,526,NA,NA,13888,NA,1388,339,16167,14526,43829,13176,2875,55996,22837,86187,44550,17153,NA,NA,63203,39211,18870,183816,60335,54386,5955,NA,31561,28558,16128,1983,2035,164836,216350,187880,65537,NA,6112,3970,8562,2106,249732,109762,317193,355940,603309,5218,33864,510,185355,91551,209012,248777,301085,425654,508774,1583,NA,3667,182439,90214,663159,84059,34197,38998,31858,37491,11850,12108,9078,NA,5054708,240,9282,1575,1111752,NA,NA,5575885,242313,3020187,342886,240091,1322731,7009977,322222,124507,1137938,6036689,10367375,NA,NA,NA,809653,12436,40427,58653,NA,NA,516,3873649,130516,NA,NA,48901,88576,NA,NA,16301494,14802,4936,379811,32351,1470,NA,270500475,657096,113801,80076,27441,1247223,1520982,12255,41103,167,1924,8042279,18405893,353657,15139693,232707,915661,5114,24940,235602775,7733,45016,233905,NA,1900,9497233,262492,23340,1406167,55686,168893,21197,62016,37,18639,10077,6784,242556,121129961,86620629,633038,18633,NA,47372,1473367,17074,270044280,1250211,3709362,43401,8192,126862,38274075,235604768,37531468,43881,3635,299532,2640,3971020,NA,10004196,2105,12559,5263148,5991,999,293985,11906,20939,255,4695,2789,2357,9823,29915,122480,1636123,2733277,NA,16180,5076,1704080,NA,14128,3254972,1294298,22798303,142516,262847,321788,924804,11017,20495,58295,4954,11017,15616,75788,2275,27627,1561,27212,5413,241876,NA,119705,323051437,10867343,442895,8005,149975,3462,30707,NA,35069,495072,1276,934,189956,1645,9489,292889638,3901,105103,383029,126578
"STL40635",NA,405508,73734596,2989,40137195,90191,1871,39268,272063,34586,31828,43624,129892,4204,33999,186965,9247283,376045,168184,8444,802757,7671616,24747,1327,55952,8854,88329,351537,14171,192377,33204,145429,323,84644,92480,NA,961,983596,472530,2085,276285,64555,2636,23881041,10268493,22815,488,5009,1752614,106710,46270,273985,215785,592225,20553226,316583,4359277,1452393,659750,2409273,874346,622233,3347186,202,306493,9,6628999,478,764988,996720,4788009,92238,10849,38000,436201,931,NA,5534238,106,40406,13948,1424,3843727,4060,8898640,528846,60481,28598,1401,1156909,12534,64752,359,NA,4826663,494,6086,1966,2744,8173,NA,15298,14323,137488,1946,54651,4865059,140221,1011,6906,376097,22848985,6259558,14863,5299,NA,NA,231477,1023928,3729,6050,66409,468887,16966,1087432,8394,4052778,25864787,13596601,96526,1642484,387,62283,14694,NA,914583,25597,30534,1074306,957403,318730,18536138,10596,10711,1375581,549358,91601,20048,77467,98,81998,3392667,27219165,549,303784,1375,624405,1880389,417532,5676,5739,2224,228710,176973,741584,94712,73931,12490,21255,53226,242713,92072,335149,90088,601759,12916,3310,13126,3039,2024740,108256,3237,5234,14544,3532,336219,353947,20276,35029,2181,19970,153124,51250,16550,74245,127465,90346,351600,14062,7961,17255,63159,815671,NA,29041,28429,523001,8716,373,206060,1295256,28581,2809,NA,231,71728,21058,NA,NA,1762847,121046,13591,182706,44858,730,923782,273927,50862,NA,2288215,NA,NA,3528902,8108,35818,157688,26605,7797,NA,1607,668,1156,478,7069,18882,13344,44280,16817,6179,50223,18779,73822,38065,19120,NA,NA,61169,38101,20872,168049,50165,63532,52420,62,32500,26172,15040,1899,5390,985766,337506,755447,172545,NA,34518,2971,10782,3637,4531180,343245,1316987,3045210,3985612,10445,32979,10658,897938,1044360,1414182,3269302,5438911,5367960,2453261,14508,NA,3014,199192,153159,713791,194864,86101,184,NA,NA,NA,11703,24,NA,17583116,NA,6101,720,1176261,6720,1645,21390744,136676,3085329,711611,204036,822444,3873768,357661,145668,133327,5367996,54110032,NA,47964,NA,916709,226965,1048691,3374376,NA,NA,1943,8424582,73724,NA,NA,357054,30748,1141867,95198,24128745,17221,5053,428642,41670,1629,201104,290190540,796532,208965,24028,18066,1420091,1065660,8889,35258,11008,2201,32544542,16013012,467789,11639667,113392,206651,17698,253353,222836853,8330,22148,143446,8301,9924,13912124,677030,819656,1470031,35312,253703,100033,18936,344,37152,7183,14465,119670,140893999,603521383,872280,55577,26121978,18505,5192801,10248,261767136,1570658,806751,26017,17930,104260,65485848,244608724,75987523,31570,41036,308880,2056,6601941,1663,7116868,1948,12908,9879339,5206,338,161144,17945,22292,15817,3539,16682,6011,9897,18334,152480,487169,5714210,69522,9468,23141,2353897,5819,13472,6991050,2048620,17846684,45695,471988,448234,619536,43502,9041,60471,16962,74086,4886,101682,12241,27806,11851,43057,11660,536656,20,17987,787619144,74402,861866,18944,138175,4658,18481,132414,51075,820818,25536,2045,78299,26097,10471,311763755,62945,463138,1147717,919365
"STL10896",5733382,167496,73490905,501,255761929,1284,NA,67,1554558,16067,16011,1632,4364,1055,1222017,356666,11715649,809886,1641442,3580,357133,23059385,18528,18,7863,6245,44491,197061,12364,144742,22380,110445,95915,532727,379795,49201,1970,813838,1170205,5019,226735,142883,5191,257313587,32887819,23826,16605,20021,2592894,1409744,140606,495641,3963143,3813579,19221128,2078653,NA,3153505,242900,4646671,3279772,365278,674749,6208,810000,2918,1866404,351,NA,NA,17802551,11597,31929,31998,982494,89278,NA,268477,35,102942,2231,1509,1328145,7244,18225478,1354043,26204,59828,10087,1543660,38651,116946,2387,25639,739480,808,4816,6508,3798,28819,117391,446602,14137,336426,18001,15726,3571146,536,1761,89801,154300,38258773,7009667,22895,7746,7578,4,1159,446903,5870,19410,8069,NA,NA,2507294,15691,49068195,7020741,2908084,201580,1479132,231033,128350,6316,77513,808021,468493,1151,17011085,197369,534,46303946,7601,1640,667540,226821,5903,554,176248,47576,108304,3594025,15328947,385,535702,4182,263469,12954,332072,89985,21466,7537,244560,71513,87500,100957,83232,12206,4451,43760,281106,42344,206878,71436,916057,13204,835,37859,392,2853237,179104,531,1294,24292,262,1434096,515141,54784,15948,1475,42861,42904,28994,61454,40677,196028,55219,552593,NA,NA,57105,119472,475077,16215,41846,12403,163981,55587,878,188035,304397,6953,8889,121,NA,160374,11312,120,NA,206419,91319,27198,156593,55719,1430,382818,178434,34926,990,391686,NA,NA,758741,4825,39757,73826,28920,2355,NA,NA,34654,204,15206,6542,65769,8316,50239,31419,21473,54327,14047,108119,52853,21322,6966,1160,46338,29107,13279,452201,137187,91883,36956,NA,38468,37437,20507,3268,881,1053485,898063,735244,275321,NA,47742,37949,43474,21664,2351324,1084775,1527120,1565712,2942120,1082927,42195,22529,395352,485912,1325271,1460493,2064507,2658936,15008120,1686518,2070432,2809,116329,100963,451749,159995,200336,101461,74249,32865,7226,45426,15563,435,237516,618,11043,746,263879,18640,34457,305258885,37575,1996964,NA,354127,3273980,2492036,651875,43664,113820,2649870,2756626,NA,26589,189556,2673534,95048,44109,19114,NA,98557,982,7215934,259740,125101,527375,283326,14549,902190,140,31350423,70150,76117,1487725,91159,1916,936107,457631042,1187804,278608,25073,29079,1748462,1625138,22231,156714,2151,1964,22271818,42127732,2547416,5731555,52960,404970,11143,41668,1009903043,9274,440937,91299,8239,70,12338545,386464,661667,2557159,30430,453287,101550,26605,226,470693,37683,2200,17995,212123750,548726469,4790037,7345,25820748,2578923,11081,13099,348533719,254662,1633585,6043,27835,56792,80604999,226961956,64407414,9996722,78611,9594,52513,1492502,13288,108013343,10754,26476,68665285,36444,1880,635767,31381,206907,2118,1345,88149,9147,4358,3701,63841,256119,23043334,NA,3619,1176,10607536,53031,313970,591410,825461,23849311,7454,819304,874869,10192499,2094,167962,12596,135770,11186,3219,480330,19258,6956,17523,83232,698,3403152,299,3942060,605780623,21513,682168,7462,1575,28127,13102,883902,609546,3105558,44884,360,5064,777,48534,938672758,175361,906738,546133,NA
"STL40673",15560526,180753,49187051,NA,67367444,2717,NA,99,156120,10508,21726,105926,7457,18990,677123,NA,9972172,1063111,1938603,6306,101780,106167469,1770,40,51660,4834,120852,126277,6777,15963,10088,63503,13807,344121,146464,58458,867,479988,800753,1418,139663,241460,768,194527861,18863147,7505,3113,10012,NA,1066686,14374,NA,4135839,204768,14586995,736527,NA,2180389,55302,2603614,3030605,376194,1371777,1518,514815,28089,513312,282,1303666,NA,17970582,2302,42918,84116,28994,29339,NA,2598971,9,130366,30976,2823,1423491,3088,155905212,1416018,33454,1692,10606,5282084,15243,477447,3188,47573,1247773,571,705,1385,3702,11178,NA,931227,14015,374083,4282,24397,1033262,1499,NA,57226,165939,43186107,1718644,16646,2859,3015,NA,674,200292,1291,5845,8805,NA,NA,5155895,10438,43996691,354891,771142,146309,387895,10657,80083,5086,28730,226394,84872,773,2609718,1156011,346,43139828,117,567,148523,70024,16161,3227,179519,68821,10,1797734,22875076,2233,462736,3991,219223,720451,418753,85840,1796,NA,34431,26581,111485,1007,37290,251540,NA,1638,244855,4606,207513,4000,172249,NA,3388,2295,NA,303729,34816,415,NA,6851,NA,104085,4048,168,3829,365,5568,935,671,4614,11669,3168,1910,2224,240,NA,61364,98969,42893,3406,84436,75288,181165,40917,8326,15384,2946975,22709,1264,3477,NA,129604,NA,NA,NA,220690,NA,136095,1568487,444,603,6317893,478824,6029,175,8143953,NA,NA,7451157,38,857637,39632,13282,1449,207,181,684,NA,1273,67686,200873,12277,114655,116113,56268,21387,14460,46078,110697,57215,13030,5130,6354,12432,13946,106000,54689,156186,303166,11917,2844,4688,5443,16392,1458,583857,2281167,3257944,697732,8456,3630,11427,21992,15076,1551877,4792680,14292719,18534660,16421194,184939,168293,189877,3650936,14069478,27986502,33521391,34103045,25279339,7792355,171888,244934,36409,813806,2808277,3278964,2151370,416859,NA,18,900,NA,1172,17,NA,885595,1505,28762,1169,97908,179,107779,361031341,34366,359049,NA,141692,4894337,1854114,533269,37360,111207,2542385,8081712,NA,1626265,716576,1473065,78479,2733,4708,NA,624540,9065,3715477,97191,NA,NA,237600,24264,NA,47272,54819986,45711,222945,898475,5764,807,NA,332375151,1070259,307772,64735,11143,1524686,383701,11262,644620,1053,1126,60635373,27422119,2108369,2775244,7091,283375,25269,96097,781418128,7829,109415,145209,19393,NA,29229538,622744,568549,677405,19832,2305345,12310,11850,158,1763,32409,3689,790828,277214246,114990508,NA,32819,10636482,1282663,91734,44911,311625799,119535,1132038,20375,23953,93425,78296862,204638274,18875785,6928449,19818,18208,7905,2334679,18656,18213414,6123,11574,45196546,70827,366,272235,44744,87560,NA,1362,496418,3341,1615,13900,491473,76807,13552720,19845,1275,9231,8921668,88957,215581,625627,1498851,12267418,8957,1343984,1420720,6314856,4359,181881,15990,135905,5315,1122,44700,19573,2423,26978,133940,6168,5156310,1605,2150748,30298854,122109,15308,31590,26999,11177,9904,1441654,854587,2214949,46881,105,5054,1957,29991,1253933545,113208,1046795,1451583,3818639
"STL20497",8608947,124358,71564677,52,100289955,3639,NA,82,136553,3881,5846,5063,164,78,775066,NA,6594350,1746492,1415001,2936,250587,30641640,1985,23,1803,8858,56962,109259,7012,31659,868,82567,3979,172734,109456,27147,534,348036,639201,780,194297,138562,745,51776794,28196540,19614,7997,1643,4590170,478449,183366,1547683,2121663,102917,12531683,1470005,NA,26902885,5786,2150140,4716007,389468,1694111,4758,505101,5718,12661792,807,829051,NA,13498563,70838,32701,51740,364275,117098,NA,2069283,NA,223446,12397,3348,14777811,11974,106316532,383552,289512,30736,5151,6547571,18590,308150,1216,42216,2632104,332,536,715,2781,21623,NA,359410,17901,411443,1699,4675,1275734,14903,124,27800,127948,32271154,1538867,21651,8882,1636,NA,1300,219895,2923,7133,10936,NA,NA,41406339,13061,20450193,1305284,19786779,91943,465576,1325,110379,48367,7583,414303,NA,NA,1105113,3720610,169,65499701,3943,15038,808727,136143,55077,7558,125842,45241,167,3391793,65547627,7292,454154,1157,233086,670472,468470,57625,5828,NA,93687,38466,14116,500,23290,128594,NA,1811,285416,659,219903,17412,255442,NA,416,8793,196,287606,21695,NA,NA,14730,NA,114845,19736,537,16287,279,16054,4983,5590,16637,14606,15175,11769,5435,322,4331,64893,141037,74684,26030,74738,46053,232477,44362,16538,6218,1988838,13348,15375,NA,NA,81199,NA,NA,NA,301041,NA,7026,830053,2494,3978,4606386,125893,6768,NA,5506320,NA,NA,4285084,408,97230,31126,16729,10651,119,159,7763,NA,147,10520,32684,14445,57290,26123,12092,39218,18166,110555,59049,29064,1714,170,36898,29282,19261,688719,107015,164538,154961,541,28240,23933,25330,16091,3297,830112,1897530,2800843,523156,NA,18075,25684,36328,27910,1431660,1599248,9109043,11524609,10042464,84768,75571,60489,839192,3983919,15622123,18607014,17242313,12359157,6826538,161534,25262,11039,243215,606166,1417604,773030,347114,NA,NA,19,NA,3801,NA,346,8535573,160,6993,1015,157710,490,4114,254384426,129757,660681,NA,129259,1808311,4270982,797199,60700,103665,3391257,70940562,NA,37836,32412,1004061,49124,5195,11762,NA,1128774,30841,4333118,122708,NA,NA,152673,10775,NA,46240,71022614,24310,245476,928002,366082,1229,205582,504673203,1430557,388307,131025,19997,1973362,573031,11497,49395,1245,1727,102020721,22275748,925815,5398174,52161,539327,10848,248779,697962542,13123,162761,213330,38176,444,66160684,19758,1761610,1161986,27076,2012948,13522,13169,601,7254,27776,8050,1279240,427635052,308135669,NA,946,12219438,370986,4545276,38501,450542008,95554,2152344,28363,32666,81620,118881658,456575062,32770193,3300793,27035,35100,11591,4569459,28514,30101104,3205,17961,47548051,77677,249,968310,22440,88838,8059,650,93009,6570,1070,13191,63026,330618,30911232,47173,47591,14132,5393673,71298,65730,875327,2200140,14769218,22171,2801409,1098236,2879122,64402,154091,15414,82905,10054,2705,515803,27213,18713,53959,113471,18662,3592372,737,2198162,40337849,320785,75229,14628,3752,2791,14407,719298,471567,1454178,35922,26,4380,132942,18873,1168034685,28046,958180,2133939,2033959
"STL20112",553758,88200,39991148,1760,67819547,18047,NA,2428,344392,230220,27807,27028,423,5645,1120162,171881,13713753,641850,993564,1740,1855468,25961705,7029,40,4052,31744,88810,89236,1980,33883,413,49464,90714,377551,135154,17422,344,890046,876084,87,150266,23388,131,44711070,50810645,17589,9345,784,NA,566175,19183,NA,2042101,443741,31534295,152968,NA,168032075,104078,2400358,3214854,445814,1932318,20564,649964,469,69059087,405,862977,NA,10261406,182157,41700,108126,1510274,13314,NA,2003668,NA,322617,11863,2680,8969450,12832,7631454,NA,37550,140454,8670,1650429,15450,180440,3092,NA,1277285,298,609,4039,2410,6610,381910,211756,16952,373910,23477,38313,1517128,4455,NA,2932,110019,6956843,976457,14537,8344,925,NA,5638,390375,1537,8972,24748,969439,NA,5750562,32820,21007418,4584948,3739609,19787,1244258,1053,46947,27216,2901,439929,129086,1990,524112,1030334,2214,29603314,11031,387530,480345,117574,87433,34904,177893,97,37416,5871497,89628825,5589,272145,3716,245292,439341,94163,4377,1727,NA,217613,712302,184749,23741,19703,17689,646,3172,330348,17590,284819,127018,537715,NA,11163,38826,1828,597933,45832,19841,142,11538,NA,325532,117475,1386,224901,591,8625,78019,26711,27126,209236,62272,501583,173051,298,8865,188736,98069,116580,2430,49957,21603,115197,7452,3420,10333,841769,31078,NA,719,NA,70453,1008,NA,NA,222000,NA,13210,205685,2329,699,970926,106150,1390,150,1054333,NA,NA,1378127,NA,517919,28196,15339,356,285,NA,6196,NA,NA,19833,19082,14533,41930,15562,11144,43270,14975,113670,33991,14490,676,NA,52816,25531,14952,1313220,55002,76296,48467,20,31679,19654,19030,5212,2088,368632,742104,1202704,274662,NA,4987,9620,32111,21540,262600,356387,2082705,4014370,6273323,65369,38209,45635,209455,727063,3487202,5099602,6477925,7543592,6111345,82515,15491,4772,132851,162132,612239,255893,128714,2130,1027,NA,NA,6913,NA,NA,3293371,NA,3152,930,125557,3412,418266,29431720,303512,424823,NA,28338,683829,9479368,549742,49704,70543,2266069,18971055,NA,259212,52745,1206112,152081,59381,479788,NA,NA,13987,32816819,380151,310699,38508,142990,76708,NA,231154,48220471,62269,1293,704778,280162,942,882218,223781432,1421941,285554,17593,14701,677662,589554,12443,15917,4352,1370,18296418,10162765,205192,3710704,27615,798376,255,92824,435450562,5118,47096,63811,4551,1814,47796526,851433,380600,1074493,17619,917518,97435,261660,3003,44224,4293,3634,436468,170840307,9520694,NA,21959,21140955,61103,787564,66292,212886188,219120,3199588,11743,39455,58348,60977395,315690038,25756620,244090,95413,241749,10334,8677295,15048,17153174,2370,7513,21549806,29014,456,1474631,15175,125682,1145,1104,240341,14061,2227,18938,24162,299328,28448515,21645,5046,30385,5115395,215251,129642,3152683,942504,8991531,46485,2124743,750673,1674040,21600,26291,97043,104666,471360,5495,161245,13900,7789,65556,74851,1846687,1413770,861,253017,527668209,2728090,34918,6423,2391,2991,11420,479337,197299,819661,47952,11,10084,13223,39092,661985452,5453,413012,857385,2960494
"STL40455",NA,446979,45123364,20246,48644251,2180,47957,419296,505335,325430,38107,622041,59222,92522,51999,212613,11375043,474975,933803,8305,4279093,33610385,56688,11388,732132,50533,584504,2095711,78466,381052,214177,836799,31206,639518,282215,NA,1033,690220,538183,1272,463392,182698,5775,52466136,83278702,38655,54558,858,4236637,224656,178369,161234,641706,1200632,47819651,60063,NA,36294665,1325391,1399562,NA,938330,2166402,7218,704424,303,25606018,275,783243,NA,2322096,19823,9618,48479,187529,31431,NA,4919233,10,202845,8605,1506,14733962,5019,12756051,227272,58905,11650,2898,379579,7406,65853,626,NA,3567511,1629,1803,6074,3583,6509,387999,189069,11351,174716,27953,83124,2685836,10480,764,111739,170357,25382749,6886425,48078,40446,4031,132628,1558209,280862,1733,12735,13749,1516139,45634,1849460,23811,3795879,28301466,13359456,63981,1386920,41942,29387,34826,NA,505887,478366,42060,900116,709001,8184,19447721,66253,16753,903325,171069,46137,33943,63291,580,176643,3443654,NA,1074,212601,1371,305216,949417,139171,7733,9262,6874,166260,316569,2136862,152581,36674,38679,67289,66165,221419,234240,843040,156493,314474,36992,66995,49557,9867,866040,69859,27749,22231,32368,27567,8228,82206,11762,73140,4272,48367,5974,4223,20798,89203,283412,251857,933389,96643,62351,1106509,753734,1337733,303,1345458,756307,695895,32054,63888,1188978,7328339,128558,146710,141,31954,904402,35609,7063,1674,321030,185790,54078,5872172,323445,37249,28362926,1961522,509600,47162,26382565,35074,9562,11038559,114896,615655,678616,117634,90194,17448,70998,51965,90461,101584,112331,1188497,154924,902919,1733047,833678,119772,188442,412184,1668822,960726,330005,99926,36573,196653,113641,247059,791176,1129080,557380,117089,31077,136328,144211,67275,3020,308545,5551951,3938663,2125303,6123,47124,65777,153713,214389,827436,8729555,22301049,25726314,12753508,59606,418632,987402,5206223,19958319,62265005,52521308,45521665,16403744,2543259,36002,NA,107248,609946,1846068,2443011,596526,227460,51113,56667,61073,36320,9654,32565,2377,13858569,444,28743,487,3766185,7707,347234,41443002,167350,2282263,4053970,187463,2193218,28169070,251228,68929,153653,2714901,93845878,NA,527146,NA,409126,15084,980271,3524880,NA,NA,1796,11827411,121509,2190029,117086,219500,32152,234442,458357,24589085,12237,238,748758,228643,905,801067,202522864,1120191,139799,11029,27244,150288,881209,7112,168865,1876,4148,17252209,38079358,2243230,7698277,57895,400545,10830,39259,143394451,2572,15152,183395,30242,962,37941443,1600603,746731,2430177,18426,273229,107756,126610,16273,9079,3808,10200,273762,67351477,70666405,1441730,146395,18291914,642,1349874,29915,275365944,539601,1610980,6362,43541,24120,71853425,466160600,77807681,NA,102257,420206,3813,7058421,15319,7543727,3312,11407,18726577,16247,461,922470,55050,75665,12144,1795,61892,11985,15798,12759,34541,139047,10134933,17042,82442,31128,2686961,6800,22630,7013981,455632,18808816,35319,708564,1084062,1341366,85058,17169,98741,29442,314551,12902,87441,7851,81340,17173,60964,722738,1206057,949,316767,875104735,18223887,803067,22823,68064,806,11151,11475115,62933,234649,12327,2004,23298,79146,7792,201383302,38,732023,220496,1880645
"STL10793",NA,124647,174652726,16790,44881658,35461,13740,70553,916905,334515,18727,194223,233284,8755,2647,220122,10267899,148031,NA,8746,14540105,3914830,206052,23097,1117697,15409,296485,2956581,146874,1954693,407050,1122123,108226,605651,405522,146666,12005,4305257,1635236,20377,534174,85249,19578,55858362,48379641,31978,14460,1879,10706826,112056,477427,NA,181820,2965034,65076044,90047,NA,5233611,9544343,3667540,5194536,304913,952628,1574,827669,2773,8323212,1623,NA,NA,23371117,29569,9532,21312,373524,81397,NA,7135642,NA,440683,5177,1091,8439941,6717,5346642,81302,155331,21677,4771,3229009,59383,17593,54,NA,586124,1344,59351,11869,308,11671,10818,36433,16273,109069,7387,17000,12205017,3427,8972,19228,64564,26382061,28235292,56873,51432,10846,29,472043,831658,7126,43827,13729,813246,5825,5789434,4402,1567776,76902960,10319762,3201584,7864515,771,150897,92594,194,534908,557269,35343,1254484,1710224,5866,28382123,71951,10861,758778,668707,69410,93301,54788,495,506886,10514077,117445937,138,219495,1216,531626,43432,248373,33238,19238,25519,493478,1087393,10175586,540126,194223,49965,232759,254085,111373,1425927,1103203,315247,1632309,157926,82171,107395,12482,6954388,347281,25554,139203,107174,173632,192942,1439711,72466,140821,30959,171372,65272,51085,171079,240675,762584,1008602,2930793,25163,2839,121911,555444,5997057,676,106112,25570,454622,142437,13337,3089246,558307,21457,106421,NA,5099,50136,213575,222,NA,305677,1172492,193337,599657,793620,11840,753864,828498,554444,15162,573634,17445,1196,460473,88689,NA,1247507,96508,131040,4863,24230,114823,56882,244177,28510,14045,12214,50546,11213,1776,46909,15156,158505,45161,18721,NA,NA,75962,32272,15123,610147,188899,86248,17226,NA,73174,49240,30488,2691,179,675255,1098159,669272,103967,NA,37235,80326,57070,8718,826110,1195181,1427538,683896,576915,1438,51372,10971,561854,678170,922389,682005,402345,184753,87444,116,NA,2480,156479,164013,515532,159331,128219,126247,115778,61917,35887,37340,24953,4763,15431273,455,6050,685,801845,160506,4394,19013488,492378,7123341,416190,835027,2727879,26281692,1188743,86991,199521,2860796,72758335,NA,NA,NA,846014,3647,1172313,409801,NA,NA,3360,16991798,131669,621049,NA,356189,75765,NA,717,26979742,16022,724,7462571,610496,1758,2768006,867604082,3357010,646846,120068,169044,964314,5534924,7597,36416,1067,3228,33014227,33908577,679521,7504131,73078,608652,2928,233525,449318486,8905,289470,105656,569,1558,28558800,202475,144459,2029189,25364,103333,502549,807915,6723,86852,4241,1590,588089,360586529,193863325,951866,11574,30207061,414,965411,10712,1005655284,990904,2494971,30649,75217,135993,223291434,686840978,17466885,NA,708250,101523,3005,12661331,270,15500143,3468,26120,13212391,29047,1469,831954,6997,151832,6880,2021,9153,37113,4423,290,290831,746757,16107023,NA,26482,8577,2096922,1761,72105,2628266,1055837,19084806,33868,751448,631864,1124722,127239,8187,12887,15866,6471,6212,217715,11357,73867,5309,24653,5309,227138,NA,1191943,2168877653,1026424,1810295,88978,612296,115,15370,117699,89715,319429,6444,4225,8275,100932,10790,240242358,24,70092,470933,235593
"STL10956",9001586,32032,44104331,225,145626076,13484,NA,204,845518,4497,17381,1913,952,110,683832,NA,726528,1339385,503050,693,85297,2185509,44367,867,1821,5730,226692,221527,17486,54521,16616,77301,2744,146864,145883,NA,701,421325,908917,1723,476155,22435,1038,180907851,9904904,96344,1579,1539,4104202,589464,259587,NA,NA,1984601,12292109,939790,NA,NA,49895,22739520,52905802,NA,355517,1282,217077,4418,2717568,64,NA,NA,163959763,297,482027,367,683697,46929,NA,75742,104,285,2525,2224,686410,3574,78118400,585528,4495,41005,3646,867800,477546,4140,40664,59601,552477,212,2777,1153,6,23937,NA,61330,18796,10169,NA,1235,820206,23218,643,12532,30966,9189801,2634112,5249,959,12202,10818,632,112903,4254,37410,7119,NA,270,4899530,1712,58393516,595184,322431,31399,564485,349,97717,589,1122199,127740,155581,105,619945,31436,143,19595877,3539,217,1851026,65042,2145,1245,2519953,20138,47112,2041609,NA,NA,431484,3563,264972,1127,121594,119827,9634,400,272571,153301,41967,31797,102080,18865,NA,67571,515808,6094,99423,56770,698567,NA,394,12964,NA,3127262,134302,98,144,9969,NA,320802,566601,12300,9538,313,19662,27033,50142,85271,25720,84982,43580,164936,NA,NA,93594,115465,182655,17547,39656,11978,146597,14106,1939,78391,304069,3413,633,529,732,16194,3359,NA,NA,239265,NA,11142,134375,17058,2537,239046,351083,29618,2858,207293,287,114,289646,5718,142258,87128,33127,3434,1714,2619,35733,1584,1281,16953,30385,6326,29885,15601,12245,32413,9552,63705,24558,11129,741,144,40369,18645,7438,337705,51019,54668,39412,164,22162,14360,10184,3136,506,387762,746783,359685,169770,NA,15590,5370,20760,21836,1159495,339462,576078,820896,2589074,14709,19190,8284,263443,214415,362734,591841,754991,798440,1222737,18735,126,1359,89496,56325,301553,53568,35691,14998,11172,3918,NA,4872,NA,29301,255110,535,10170,417097,272593,1078,34616,20726640,18717,960505,NA,42168,878539,1598526,242064,44812,122804,2521494,4366271,330317,11761,NA,3638763,217420,5968,5109,NA,NA,248,10886752,109989,140446,253726,76324,14915,NA,NA,14831830,450432,11809,504819,290,1219,NA,296445198,455769,204953,26937,2024,1672344,284884,224816,111596,1117,27984,12715340,15021713,3006499,26297398,208914,60752,1158,39405,553158329,5075,102022,86794,109,28,1212971,NA,336815,4527944,34837,324456,16610,2932,33,252199,12837,1681,9630,149421969,86976801,1487914,140,5924086,1525617,160961,2363,278677636,93233,193491,3637,2814,47165,61485920,153961971,51358099,2576971,11643,1408,27359,3724027,44145,57400951,1964,2302,11003207,44000,249,67590,2382,30141,1023,1045,7624,1101,60,1358,1102159,1147914,6337716,12,737,1825,25038023,391947,515346,358111,585422,32363290,3447,373708,4777813,8065764,4842,507150,4551,9303,144965,6544,58446,1422,1633,34901,57779,1535,2900621,13,275241,159569230,32014,69711,7984,2517,2694,13880,446067,89635,1197014,397,NA,1741,479,98431,439931051,49633,109405,170389,NA
"STL20672",2234939,52971,38659465,NA,51275511,3791,NA,NA,184191,28820,5147,10505,977,1652,728025,NA,NA,1125491,727737,3571,490596,3177677,26582,1595,8520,11302,69563,80298,3743,11263,1723,32994,3899,279849,195249,NA,205,526195,1898148,4807,1939026,143144,340,59338351,9470775,21933,244,8601,528663,454443,22926,287379,NA,409877,6994809,1856039,NA,3214604,19282,3444960,10339450,371226,430839,3750,145109,278,NA,193,889307,NA,34874127,1693,114893,3836,82087,18476,NA,228188,357,265,21969,6242,1207736,1241,15776680,NA,53688,4308,9,2587762,56874,139301,24380,77203,855635,436,1618,158,NA,7467,21296,98685,14487,36811,NA,5163,458752,5559,538,8511,72396,38542658,771572,32012,2670,30924,81998,921,202644,746,NA,21620,NA,NA,1934833,5996,16443916,405931,754493,97876,327812,235,49556,7217,702369,101865,381366,706,1523704,13973,44,13861926,233,1083,1054339,56175,24529,NA,172434,13133,3682,1466995,28827265,4678,228880,826,277565,496275,312942,8361,2550,NA,54885,108520,64951,3871,7418,83332,68,42,244290,4671,299635,12122,267129,169,2207,7181,207,182043,32690,3492,69,5066,NA,58378,15189,1113,34561,148,5503,8173,5194,20191,43949,34491,45082,21687,NA,NA,93437,135941,37065,4019,91068,69401,173262,15569,41461,12463,5861023,35776,3657,250,2193,190466,NA,129,1460,197351,NA,10404,1961399,5623,463,11906008,167908,3594,6866,14389308,767,2470,6518925,1265,97417,19171,36177,NA,429,NA,13116,63,986,9477,32997,4275,29480,30551,48187,16205,8121,16447,38720,32704,8732,1791,3182,12441,7478,55769,39477,179728,74469,9256,NA,2140,13938,10732,825,231758,3482060,6474767,743921,NA,2150,18085,76519,53155,760981,3638758,19467325,24116787,15966519,172366,269915,335087,3233012,13516517,36686722,34085368,27379188,11808868,12026639,824638,213518,79647,5369711,12315195,11385667,7048454,2584437,1565,1041,210,25,209039,134,30099,253040,2699,16330,2387,123670,NA,229000,43894213,58025,725596,NA,37443,918138,2857647,358409,39672,72132,3944690,7252233,NA,NA,NA,983325,171851,26544,15696,NA,215318,5096,986191,1069136,632597,94121,68607,38629,NA,144500,28248268,28111,8544,123920,14327,921,NA,199186233,584871,207232,18951,5169,818614,91103,10102,171543,842,6770,2999920,52681210,1384078,6542205,62331,362660,2437,76585,314983204,4717,16003,97792,976,56,6934366,44262,337262,1997001,36656,992300,16815,1294,1662,1631,27187,2495,132105,151502145,135121619,NA,6556,NA,2220966,23637,45699,185501130,117788,1455849,7994,14455,54039,53529152,114425778,31641914,5257552,13276,4945,6476,1418906,23771,16637395,4223,6158,19559315,92338,301,74969,2604,19225,75,1752,1035814,1918,155,1591,268127,597412,9327940,10633,569,43665,5290523,363331,101807,499080,1191540,18959111,9139,645475,1292269,2260963,452,151034,25018,85478,221602,637,60405,10208,1713,4409,80219,9086,2554043,637,61682,138264507,138535,12309,49405,39352,7721,13086,1409609,563971,967330,9467,24,4286,311,14229,444537590,129987,353571,673560,3446218
"STL40720",561721,51259,12887698,1999,35979574,1061,NA,629,51314,108354,29912,15267,761,3133,381765,NA,2539606,1641213,245186,1455,6084865,5011352,39619,62,24589,24116,576460,1467496,65785,88856,175325,525957,18900,132622,117477,NA,179,324961,569331,393,310189,61767,1250,41080188,17876377,28508,6449,8979,NA,506271,27877,1807376,NA,67666,6121863,1162832,NA,3219824,130174,2048929,2102223,603513,718363,962,483498,30414,30652726,259,1627779,NA,5289046,8869,61388,18045,824206,11227,NA,3311619,285,83775,17140,6841,7732948,11351,5205470,NA,39327,74253,598,362542,11860,95665,12865,26898,1263783,309,498,2059,12728,5359,NA,383831,11977,16311,14753,5649,1046415,13239,NA,5944,62098,13666446,3001079,53897,18536,25471,16152,10515,133641,438,NA,18353,NA,65,2396470,4274,11160770,2339595,2474208,16778,620071,190,18779,18421,332932,406202,391838,2235,1674751,27480,32,28426473,26792,2159,977601,29292,33365,1290,166558,1415,49076,1615879,17714445,3179,102211,3116,237576,591201,92243,2187,11028,644,244620,190006,209108,56467,40828,73018,4799,15494,405196,42017,284022,50592,582824,3748,10445,14254,3871,556679,27157,9589,3509,3419,392,188629,74369,4173,51044,531,11580,13804,10218,12756,69338,107004,57522,233046,870,154002,81449,156710,416965,3267,92704,51701,350130,21725,6526,414540,1437147,22252,117920,10422,72768,149257,7823,14120,34001,558086,36740,30334,632433,150936,73116,1835783,1492555,310356,123396,1655757,52623,67420,1954674,57156,340363,577996,125610,43596,26311,54456,366173,44687,43966,107421,20991,11827,39775,30227,36356,30037,14449,69193,52654,40637,4892,241,36713,25544,17194,282825,129983,183416,164969,5741,36554,40246,33152,22766,3651,380204,1302939,2791726,813671,NA,42253,55418,91975,67118,608640,794437,4690178,8148438,10877990,201646,115804,112463,431322,1512619,7771788,10587647,11913756,11838706,12453047,190789,9857,18985,182553,442504,1107921,803962,634648,101932,70430,37957,15679,48708,20513,20219,579597,5386,4756,966,131698,234,253413,83330336,78435,529780,1862675,93131,564109,10208356,156596,46771,56162,2862455,6482821,NA,NA,NA,1501122,224061,20824,28656,NA,NA,29666,1471556,170231,1792019,163567,1361040,38477,896147,66554,25784899,27535,10988,359425,42326,1210,NA,68584400,191664,65485,6616,5694,130581,295178,6966,38022,1162,3458,7834173,16069981,1059209,6061313,69395,401169,2588,48279,230469408,1628,36467,143800,5534,NA,8162730,18328,622457,2846943,21501,1239849,24076,31486,686,6470,13888,3682,224750,43233702,80906554,49375,4983,NA,632782,98490,30003,54104887,484302,1595438,3892,7285,19537,17036489,128142052,51532593,3423478,18125,4998,28978,1404959,7722,9691913,1600,12480,17322099,48705,392,159291,497,15068,3090,1712,392075,2698,NA,1625,17249,495294,17374200,31428,3652,6351,4675305,77862,69998,2282491,538418,15223208,8536,1001232,1433014,1758033,7257,60640,47896,119987,68455,1901,57575,15511,6831,6434,60301,1185,2897088,533,607852,98787905,81422,1110213,43818,37229,39076,11122,389429,251247,377668,36869,67,46992,5815,12314,491328644,1411,208581,357499,2834843
"STL50520",229080,38389,62901592,85,30723570,4157,NA,27,53066,12057,8769,2408,84,NA,315845,NA,1582346,763699,1711853,7511,1615633,5584658,4774,82,86,12367,37103,30345,2254,23151,NA,27705,226,70657,61948,NA,NA,235068,433897,254,319530,43497,204,39125840,9656433,13900,291,959,NA,290455,3677,NA,NA,70319,2703618,2783710,NA,1963884,4884,1366492,2636505,NA,222254,1386,73565,831,1096257,19,1359449,NA,15261070,53192,34520,7331,121415,19535,NA,835181,NA,175547,21429,4647,1042559,4259,28435630,NA,31350,7023,1143,2160815,28087,120582,30916,44542,2181684,19,349,348,92,10443,NA,51096,16962,72978,NA,10055,351417,74567,136,2870,57848,10383530,529185,57398,5185,62099,NA,2372,480196,1013,2595,21611,NA,NA,3856977,2770,15618506,943913,391254,12161,356284,297,74915,14735,274601,121251,430968,527,573151,7451,NA,22598325,165,5938,1177002,75154,131194,3842,37943,866,42429,1716185,20088195,2862,269429,1685,213932,519800,84370,4289,4956,NA,172369,239432,12106,22427,33558,22520,NA,521,638374,992,122734,120041,593399,NA,428,21739,440,725525,61874,505,NA,13987,NA,340432,66877,971,100787,926,5358,17477,19108,17004,129794,56606,133762,55683,129,20390,64410,102063,34264,1855,48644,38343,119272,16472,1356,6655,870989,24787,218,334,NA,74152,NA,NA,NA,208656,NA,9552,170490,236,4021,1682219,69674,959,435,1938854,526,NA,1540264,2280,113665,3691,78309,13,17,316,10021,NA,48,2661,35581,8186,24631,28425,48648,26383,8177,32450,25733,20668,6027,2895,21781,15895,8668,80797,39668,77795,70277,292,7156,11439,8761,10475,2549,133265,589791,1629973,368819,NA,9653,9486,31256,71208,389861,316366,3995018,9033952,9488320,79502,38564,77028,198686,1086650,13509378,27290449,14500184,11161051,11023495,174306,1865,10521,128687,209037,896275,645421,232446,NA,1781,7119,NA,5148,NA,3314,69069,692,5012,829,191955,NA,540991,4433943,180349,300431,NA,29128,565933,8865507,430880,NA,NA,3292044,550153,22731,37485,18010,2671418,480187,4418,8324,NA,65575,6074,12439376,782035,222907,70958,95737,129526,NA,57317,50987002,8515,2536,116033,20767,778,195581,355628777,1161038,378755,104327,44401,1207213,134831,6419,28103,1036,5219,29553792,11211415,461649,6970365,53594,901905,174,94178,526674123,9295,46065,84280,427,NA,4088886,150867,138774,1395632,23877,2100887,114921,19783,249,2107,24064,6559,543787,296339624,88338661,NA,14816,14623326,521534,6905,83703,343057340,85841,3609362,18953,17978,104137,95043629,218963867,57358434,668723,10733,7042,6359,1725776,15553,6716899,1366,16038,13062505,43959,231,57989,20263,29862,NA,1675,163637,4521,56,9522,21749,702565,11118079,19679,905,25292,3082325,333405,706764,1283370,1424936,15276906,6349,1260838,1550356,1152492,2079,68310,23806,98081,44791,2670,124264,22735,1348,21056,46158,5451,2837634,677,630632,141684003,361258,32921,38238,24578,5287,12763,1060148,405130,1093354,10189,18,3575,417,5821,754194290,53419,142656,1612410,3453126
"STL10191",NA,192065,10572618,NA,86826359,2491,NA,1323,110950,NA,558,51593,5077,NA,3445,NA,14809936,256659,837970,4299,114319,25217658,79,NA,NA,2682,1059,404,NA,12,NA,49,4600,20769,14022,NA,NA,18504,189652,125,134487,27770,96,2404501,12152664,7922,882,3858,1656074,47646,22891,118205,119863,108871,10475459,85460,1084752,8332916,7658,1533254,1527701,267398,8995043,6545,252836,NA,24897561,259,NA,753092,5534764,5636,19118,80603,560200,480,NA,4941502,48,16074,7672,1102,3862321,9026,4961359,NA,35867,50258,1316,1002857,43765,48036,3041,NA,690248,NA,NA,1124,833,10853,NA,138938,5677,126389,16110,73699,67183,43811,NA,2573,149272,1404609,92977,NA,184,NA,1255,9272,308025,6610,3513,48420,688767,1164,3060729,30555,1952321,13048016,7191738,101407,436024,689,33383,9326,NA,4701713,NA,9953,43426,252264,33411,197991430,95,NA,1190093,98526,41252,33098,104336,NA,107,1351240,4844773,99,80439,NA,694238,111812,20936,29611,NA,NA,241,811,9915,204,1259,2495,NA,30,698,NA,58079,NA,21932,NA,244,NA,NA,24466,NA,NA,NA,45,NA,509,1054,NA,NA,29,206,NA,NA,NA,NA,NA,NA,1540,99,63,6106,7851,690,NA,2485,380,60153,38,NA,122,2451,NA,NA,214,NA,633,NA,NA,NA,171265,NA,NA,231,47,NA,5146,123559,44,NA,99,NA,NA,894,NA,NA,214,9164,NA,NA,NA,NA,NA,NA,NA,7901,9255,23103,5144,521,27866,9569,53625,21916,6809,NA,NA,38008,21858,9756,178134,28898,18838,2493,NA,14070,13076,11005,1532,1736,40719,34123,24836,5185,NA,345,401,2878,387,66224,8379,26018,19721,8345,NA,15972,52,73961,8796,36389,33427,17002,8797,NA,NA,NA,1898,88298,43908,329098,32634,1873,78,NA,NA,NA,3845,NA,NA,43784141,972,11874,1688,180297,1485,814,26240660,489,2947492,NA,6696,145445,19064287,97532,272291,230890,6094103,84109209,NA,NA,292061,8033,NA,569567,2014801,NA,73017,2337,8198932,8894,125247,NA,107428,290,628562,85280,50951832,27337,52767,15188,377183,1483,NA,51992077,261472,28563,42929,12094,368085,12366,6837,48131,1212,980,38832127,4063368,284689,11055213,26424,260851,24411,73853,54754233,9161,69552,308545,7372,5135,38523431,608520,3332930,411818,46761,508529,57429,6870,1750,17430,10405,1930,75437,29976847,101850485,1123270,44717,39698902,2314,1373645,2144,68200239,1056021,1047485,9762,15128,25609,14766983,200199429,13399711,345,43076,1995,5768,3272743,NA,9092952,1671,16039,16766218,7891,497,1155979,17682,6312,138,1109,1943624,2536,951,27053,34349,33769,9973199,NA,61899,16216,1367745,NA,51328,2898099,786390,14815684,7382,565960,302223,NA,19196,5838,2037,9452,10079,7198,11489,3590,27294,109125,68732,334790,1102805,54,9824,121213026,1208310,468799,39832,1434379,68765,32489,42045,42465,112911,18247,2991,4033,30742,18781,90073718,418,276016,155596,NA
"STL20117",NA,161085,69075588,NA,159339308,43545,NA,NA,127130,27898,219291,304868,22373,23870,18231,NA,6293668,403358,1080416,14308,133631,13107067,7762,259,308269,15459,604382,1188962,13377,2863,28353,140795,1801,1013666,437465,NA,1112,629737,1388850,1722,146329,365714,72,53038555,20893645,3578,8710,2435,NA,288940,6076,164109,213793,160976,8902555,63981,NA,2856293,200295,3439932,3843757,248720,606437,8302,290387,36,50149729,368,2328476,NA,13334372,1049,51249,52996,1268705,1579,NA,5119849,NA,50015,18710,3275,43189034,33418,41166666,NA,216722,119950,4858,4757629,25264,130951,367,NA,1411675,97,103,379,168,25834,NA,30217,8858,288086,2304,99523,1184747,2264,NA,6083,89749,132077749,752876,792,NA,NA,26985,454,405662,5084,765,18108,1283757,NA,9502133,36404,11626143,NA,8770952,15156,189788,5134,79180,8859,5349,965353,348222,327,41005091,249288,NA,31570514,19,NA,931686,347452,70815,188060,145944,7350,38804,1516608,217105422,2067,331338,1936,246873,459753,95118,96369,NA,112,2247,57823,353273,10430,NA,32075,NA,213,39857,6143,890474,2998,35483,NA,12397,1249,NA,36746,11504,4380,623,NA,127,23048,1836,NA,1923,784,NA,NA,NA,NA,7617,22807,15788,46260,54,NA,1632597,180811,137080,NA,438051,366490,132137,11,23528,270,4363382,375177,NA,2629,NA,3538261,2625,NA,NA,87078,NA,1442,3155366,1599,3828,13197389,2648245,4729,201519,47315396,NA,NA,53600429,1360,2307282,191830,288,3454,637,NA,6654,NA,NA,265465,14357131,34166,5572582,10506231,6250966,1414,15543,623065,6604694,4305457,1036784,464908,NA,2582,6806,208635,1133285,1962772,2432537,1595177,NA,NA,4565,24129,1368,135511,3643699,7165583,2618505,42463,16635,4411,62343,166225,303762,5809944,33136988,40844584,43201461,4152535,682516,1309973,6853367,33724294,82768621,72228329,69786102,73638201,226523728,13128420,6810480,252987,1732130,7418477,10342109,3757803,1935350,NA,NA,1324,NA,2810,NA,NA,191944,520,577648,642,47335,NA,47941,83874054,192324,1295423,1940378,46758,3843050,23113624,383611,76554,154581,2469946,4379240,NA,280284,483894,214076,58087,2652,6022,NA,196193,9118,45016693,599953,569261,82644,180230,44625,NA,180423,88677718,28104,138799,130477,219371,583,NA,373045117,1034574,373046,78083,78539,1436676,254082,47754,22214949,683,2091,86200834,71860571,17535051,6224450,44797,1129731,4019,154804,591627505,7729,172074,124681,23860,NA,47422141,1437052,380254,1260057,19408,1307069,75999,3243,422,15340,4842,4127,575355,307225303,262173950,NA,142040,21700731,1219897,53981,6694,383106390,90781,4516104,27837,20940,126332,95808290,277551405,32273641,2119651,18087,38948,1962,3306733,50920,59948065,9112,41228,62624132,10823,343,894781,29856,37284,3015,678,1044945,2514,4401,14134,30956,71049,14206006,27910,304448,19322,3527306,4784976,662931,2261095,1724874,22198199,8855,1283034,180111,2534367,7159,5724,93105,42113,85712,9267,111806,59720,70772,9827,103579,3674,5707997,6796,785980,110445212,3097221,5835,2189,1559,3981,11405,1255892,223819,1190717,109596,57,1739,5719,25323,694031721,20423,911610,2100524,NA
"STL10877",27375,424269,34682522,2217,68226145,15558,729,909,157336,53771,8708,42930,106583,8622,153224,256177,14377197,413800,318861,2191,3327219,2304073,22390,893,143816,11504,87979,724728,21958,335208,100290,344482,27634,114854,151063,21657,4695,1391637,649120,13599,341779,84199,15140,21925076,20509072,59060,1426,338,2392719,154697,65880,108489,414328,317616,19964063,2129045,NA,2460930,1067894,1910151,3419290,210304,2961254,1917,900149,106,91030287,1225,NA,51438,10758847,147652,17369,34508,2645109,4933,NA,448933,NA,442587,4406,1962,4593283,2805,5160369,115067,12236,255079,1449,663137,42015,41972,99,NA,1078821,174,26323,4366,219,6063,NA,200579,8929,170206,4807,47928,3287705,8923,4395,4956,240676,19066869,10573375,13206,13335,491,6,79248,335586,6133,16000,28421,NA,116,4822722,20340,4444230,10622568,12909652,20961,2791915,8768,59001,72407,2580,616548,333003,17596,7784499,169614,3048,21850132,14346,23223,1531488,575315,33124,4548,98499,632,141759,1993966,25787284,3699,75839,478,380174,NA,278884,15519,2451,3242,195341,453999,1029114,184430,27995,19933,54677,54299,134906,200761,226954,322869,612444,31221,15337,16216,5386,2320688,150340,9822,17603,45120,24805,583567,796305,15857,113103,3770,30560,44672,15478,40392,115890,191616,212557,716334,1114,247,25435,112985,1118859,1321,16487,7141,160809,33287,1664,642970,298501,7278,31474,NA,1944,25462,42636,NA,NA,248656,328611,30676,110900,196025,1280,262424,345735,154665,239,422783,3508,161,537455,34544,34204,248556,39041,23635,231,3381,29291,29236,53279,13339,23382,9358,31694,13347,6027,34035,12403,91251,34417,13134,7553,1880,47993,27982,13707,711086,48650,37508,7385,NA,27220,17748,13887,2588,1090,196000,232371,247359,46619,NA,3301,5441,8577,2682,75097,113681,393653,667786,1196207,3275,23571,322,135938,118990,652703,922262,1150100,1227744,1359646,18526,NA,2271,126875,70322,469063,84431,70839,36886,30539,10267,3418,9908,276,245,5504693,281,6574,704,236339,44127,8168,93734545,193982,2221391,1845703,153310,597262,8740252,357241,255090,203630,3793321,71225314,NA,NA,155480,936840,53089,302310,196480,NA,NA,1339,16290566,382983,2010657,NA,80215,181065,NA,66,25813361,20312,23753,1032375,237964,1388,188599,261244512,864398,97174,91155,12872,208589,1106924,11374,42884,2398,3056,29438305,20291852,395109,8458650,58961,550842,3734,78325,251629120,1707,124764,130990,87,740,16760169,671835,248067,1164974,34114,202108,194524,212981,1814,77173,19206,3022,225081,66805703,115755821,909624,44177,9253822,338279,110650,11884,305031515,983495,2203516,16737,20051,56065,57748417,517261392,11038630,909667,167357,56337,29206,31203599,97934,14285642,1979,8110,14308303,9722,946,1300702,9846,35611,88,2398,11092,8049,880,29390,155917,946734,15650356,NA,9233,4456,2673587,222956,74928,1321004,777789,19014116,22398,821020,273033,509117,14576,37122,624517,20133,463551,7007,124461,10392,22299,10368,48574,1195,734228,44,1281538,270646295,6483561,1415667,31189,30199,95485,19271,882709,6,85309,13169,231,2140,10798,16098,161331922,41,588614,188719,486871
"STL40535",49614,129627,40949266,2535,42117227,4251,NA,NA,68685,69989,60517,14889,561,5836,269421,39942,8135094,1266761,2505155,442,1393812,15770500,9728,30,13632,17123,69671,250817,8274,111775,24507,129643,24155,173479,190609,NA,376,1943880,1173224,1667,1077754,66968,2578,233584616,41144142,30047,3430,3723,NA,466249,12235,NA,2965547,52334,14254988,1893140,NA,1595300,160647,NA,NA,791313,2794214,23757,1182800,53,80647724,749,2472704,NA,2697653,56728,25155,63789,1735133,40580,NA,366759,NA,569008,17485,4783,5163159,2845,8033376,1570830,26598,166525,5181,1778505,6910,120022,4923,25952,230327,120,1351,8764,12,4254,26831,30167,13205,250115,16590,23548,4396757,2064,NA,7460,286214,19161794,3458419,75700,33181,28746,17164,1450,190330,1680,14874,25052,NA,NA,14389974,49364,47717460,NA,18714011,35533,3737920,107,35967,20999,38625,1271827,556070,1673,3142013,128782,69,32461194,39756,2973,492923,131759,11110,949,140875,2649,243167,1361514,6521544,2423,118005,4184,177562,424793,150802,5862,17442,19990,284395,1437917,133185,381017,53090,172522,12747,69392,648564,25192,724808,136967,867297,9040,13931,32171,10100,1555034,105410,9352,2074,37012,NA,569511,615379,30370,244674,978,52441,128264,89852,69624,380910,427713,1167004,1332787,NA,NA,46835,183171,361770,4258,64147,52992,241183,21074,6599,353940,1357099,16411,34837,1218,1423,139717,6275,371,NA,255988,94950,17874,306452,98263,6338,1232111,220329,101855,28520,1834735,1366,410,2407315,23565,78546,85855,35265,2822,803,2108,253929,17900,168334,38761,24238,6118,36316,60907,59240,26080,11002,48086,52448,46875,8030,6053,27724,19455,11760,120228,81570,130276,121549,5994,14676,20082,30081,17121,1257,245040,992738,2035535,407433,1628,10283,17860,57191,47925,638503,531233,3431445,5529604,7086150,105464,52008,61060,220490,843323,3565745,6377317,6934919,7048430,9096787,224007,18048,10250,123214,201561,693990,568486,783709,370085,327653,191728,137782,186009,117970,39997,107804,323,4895,4450,38699,1064,532061,99822205,159022,201591,NA,87849,836731,3113790,315735,50431,60362,3907797,932561,NA,40113,NA,1374196,79159,2443,4088,96413,NA,7315,2439618,1652985,235752,173376,75813,293807,105376,130586,25310937,25776,11273,657126,713487,859,1138996,162291507,421429,199237,9478,7609,206235,1235047,11794,45195,807,6494,3051806,17653344,1379623,5685277,51995,494078,1933,95858,318844006,1970,28863,72059,535,NA,13287215,400929,225999,1557760,24696,552368,26138,262155,1361,14428,107790,571,149333,110403784,389118331,NA,16345,9485143,1338134,6009,39150,195135906,89117,1967725,9889,3982,45308,69734793,479584738,25192937,3615382,40304,16751,78003,23861360,202701,8881887,6182,6568,17840332,34995,405,2252497,24910,81855,75973,1726,104882,4008,956,13259,14845,683737,17199235,17943,59431,26024,3941266,1726932,110346,2648533,605150,13935461,37109,1125388,553403,11258707,1288,156000,71298,125811,134266,1091,107240,21872,58774,25678,77304,1305,1479948,369,838940,115373815,69940,2435094,4016,5022,106838,14357,720106,89,285837,30802,84,5718,212,18874,300416883,20173,559154,356515,782937
"STL20481",108382,120838,31642512,2076,37436077,7765,NA,NA,87738,103723,148467,27704,7730,6984,336557,NA,10844569,709889,1008025,1365,940559,10289335,13303,68,54278,20397,63946,363453,11880,166296,34770,167824,1243,357309,355649,NA,793,1564860,1173327,2551,395215,229692,3070,145319790,36479474,21915,12201,4232,NA,478816,8635,NA,974445,68017,16000205,346124,NA,1507710,446771,1872135,NA,658588,1847701,20454,811205,46,254164375,771,1580700,NA,3065109,35007,49198,67952,6672652,23020,NA,512855,NA,327364,8560,2827,4376639,6920,9171172,660098,28086,697880,3694,2301721,7069,173883,1634,NA,599665,244,1421,5187,123,3590,45701,57304,10634,233775,25057,45365,2836424,2489,341,4941,189057,55820064,4415327,23498,17905,4830,NA,4878,243138,1363,15304,23304,NA,NA,9677939,71803,18218819,2453383,12379143,54195,2314241,120,33656,20680,25672,444051,431959,7383,19039031,87432,74,17491373,14336,1949,814871,219197,15541,4938,209426,1442,152736,1106898,13698304,3624,127560,10988,191524,43589,143264,56342,796,9070,60754,658124,352052,187448,823,46937,21811,91780,241134,70872,637809,149320,314598,16607,17755,20475,4821,283588,55355,11470,3085,30934,2516,220022,46486,4605,146766,1721,32374,20750,4195,9998,213010,292213,358784,1024859,NA,NA,36115,103557,527205,9278,36435,26302,186493,30925,9855,421767,4766596,47138,22586,NA,387,867603,10705,NA,NA,216327,82995,19046,1634699,106521,1721,8812644,234806,111116,2602,13647464,1351,NA,13200469,27369,123990,96527,32492,6304,198,4545,156942,22199,105931,25354,60586,5577,9737,13273,31580,13142,3677,19145,21022,13214,6674,2676,2328,5116,5781,177378,11852,26856,30732,11440,492,1199,885,6659,953,133394,2192230,3522616,806277,28432,1309,10330,32849,30342,159011,3635847,14666047,20635141,21871159,6889581,271404,333320,2404389,12566573,31948874,39301703,41872015,38655366,95729692,9196693,14765244,100549,545363,2769233,4517347,3356034,1190782,85455,69995,62989,60386,66163,38178,11736,175838,613,4227,663,51227,1515,65833,93809392,299489,392906,NA,92515,1016838,4856000,319288,54301,67430,4100982,3707474,NA,37548,56901,938444,84018,6477,5782,31638,NA,5396,1907749,402114,199573,169550,61570,71745,NA,23054,33069524,76438,10971,433774,380290,653,950951,156348009,462502,196730,11552,11354,276955,798657,18439,36858,1514,7119,1888048,43692005,764841,6272130,36523,578634,6053,87265,312678590,2366,25467,73943,416,NA,17455867,724202,250410,1394268,48996,426057,21381,127767,445,31305,5587,1798,155038,96222517,397954453,NA,33432,6121164,1295262,3217,19168,298626334,62389,2327969,9408,5202,43721,137483070,461160298,8166438,3061288,62423,11278,51922,34217343,9174,7708987,4740,7870,19658559,22068,235,1940307,19714,51168,18436,1640,557983,4096,587,20766,40976,264797,22177889,14900,34517,31243,3863272,10766,88746,2741178,750173,14422141,23770,2012977,266954,6505437,3488,55254,144612,51920,29052,911,454275,19665,46444,7858,77326,184,1954384,119,126773,228795423,118582,2178727,30176,28286,142103,17171,1654616,NA,258075,51229,111,18074,661,57712,353737602,7480,667388,545901,1998110
"STL40511",15,225298,64409575,115585,113152539,1541,147787,1102036,282260,33157,40868,4850,13026,7,9232,5420,8949511,721471,0,484,4320031,11637288,6489,211,8024,23507,214695,112029,5099,6849,22490,48836,264563,232656,164421,12360,694,719784,893540,1480,271665,14296,1014,8286713,5443954,34224,1850,536,13764063,200881,233932,957059,NA,854516,46822193,299715,NA,11866646,123269,2921988,1779317,584215,1930364,5047,119893,11134,NA,719,570357,NA,4497544,12541,10565,63826,528219,823,NA,5291795,22,387433,5265,120644,282545453,7875,9318859,NA,19730,33302,799,1891443,17091,58057,7211,2470,10675769,572,1159,4131,4604,5558,87179,92586,21049,216626,23359,11309,5893074,6313,174,13338,136616,13022997,2027670,157745,162518,33475,66423,556245,496373,7788,16357,26819,537518,112889,9810311,6659,3221586,31465614,8353950,236115,755536,1610,101943,52139,1955,768161,21411,11693,2920677,7833553,77476,34362233,159725,5219,1331965,346623,20971,1346,38980,622,32072,5518046,37980090,461,33223,12942,460678,8360213,3556182,35709,15353,NA,557154,176945,223480,14335,209010,29852,20097,665,912886,8964,1980564,39480,3495603,6625,4757,903,51550,3465581,458997,977,2794,NA,541,1505131,864434,37815,25381,406,338,234940,307818,105729,43802,53562,41144,105273,48510,408952,72079,392583,109381,NA,277185,75554,568318,1824,85679,18186,1103741,126,1242,NA,0,133336,NA,NA,NA,754009,NA,2957,703945,1387,NA,2975255,29673,206,NA,1938087,NA,NA,1422462,169,13769,569959,NA,NA,NA,846,22370,NA,17991,413447,49563,17843,52427,46387,13450,136733,31420,287022,245991,81800,4658,497,510255,147225,57098,831225,1157936,642001,169626,282,410869,611707,326130,20774,20742,1640288,2328284,2549754,632504,NA,241072,417724,652420,136765,2807727,2551527,6425888,4825814,4987893,80257,525851,190661,1141946,3003785,8950725,6635079,6162885,4877054,5912889,74596,907,26252,34669,156931,484675,665066,2097214,171696,71714,12468,NA,10702,4342,NA,25633394,873,1769,247,1950150,623,253655,399211232,428858,3208109,734865,108669,1513478,3745259,239382,137208,62177,3478836,209243591,NA,NA,377077,3498564,79548,1302597,2795487,NA,NA,15318,6298436,196770,89087,NA,218330,102862,4075192,225779,8261642,7875,168,345898,467458,3209,NA,445415207,289349,179940,19002,32915,418611,1818085,9672,4934,181,2172,13082024,20804647,167077,7923817,65593,288657,10630,87117,184110413,3376,19234,206383,4129,3226,22110340,NA,308168,1129190,14127,NA,14493,98832,11593,89174,3383,33434,55015,233892365,172253666,4154786,6736,102963779,16777,5529396,21027,531636021,1306652,1158251,5282,21325,42535,89056506,488086167,34507254,27364,28347,1705899,4863,13148457,36122,NA,4554,43320,45925355,16587,4056,1102287,57657,12838,641,4448,2741,6076,21775,26629,11625,1542876,5466631,19435,44712,11884,1995642,32204,29050,4283878,239068,11954978,155243,473333,233938,NA,795515,28440,111170,55255,45987,15992,94326,9528,69944,19541,87520,767,396580,101,85262,696501637,847701,1605723,232240,964475,8266,11688,824139,42330,94104,3642,41313,388414,241628,6468,64916456,2992,73888,114809,1262884
"STL11080",230,73887,174516001,11016,55429494,59170,13707,64748,429499,266040,18285,178082,718692,8291,5352,NA,6408288,41720,219492,11867,1990513,1177574,234153,38784,647308,27639,607173,2089325,103520,2260922,20818,893927,35407,195561,150221,138450,14854,3013216,917754,36326,605815,42045,35548,14717782,6164546,23609,3466,1578,3923717,90373,204736,269019,NA,1370539,32433505,125028,NA,1933023,10532782,3584099,3741822,245054,736445,314,340753,0,NA,435,NA,NA,16242054,10656,5703,22258,312339,9217,NA,2533475,12,146943,2307,171231,4538877,6569,6317162,NA,42838,18896,11408,159974,37520,17429,0,2441,1276999,886,31736,15176,196,18258,64175,40525,NA,103928,2928,72381,10083845,6600,7922,17281,75745,27658156,22272047,35033,34143,6901,27085,552813,519033,4637,6999,28893,247362,8483,1192794,7700,2996159,48640309,4842397,50776,6557011,285,145867,100609,5877,569760,98743,17642,1170915,1598337,8879,19744995,42212,160,827577,461925,59122,2403,26755,1600,992582,6654775,30930699,2101,387767,1225,850223,12684,955109,53041,41537,11566,1222402,619195,13126737,413950,510615,65978,197427,419564,265080,1384535,2109305,492701,4083056,82405,87400,237521,14983,13134128,483659,20174,75213,184175,57348,614450,3676046,123602,99802,17818,323610,276317,170397,389676,222848,1488183,373306,3692684,19357,4479,81447,913760,7271196,269,215065,84359,762665,107044,11226,2934795,2380249,3630,65394,NA,4184,177077,134219,NA,643,598770,1307857,234718,794680,843662,11466,2587185,408212,573221,33605,2950779,4192,1151,2992469,260974,36617,763286,47766,84406,NA,29200,666537,79698,648103,598115,7168,24492,36313,7562,1809,72000,14010,145743,65835,38547,NA,NA,232530,54862,35154,558414,220620,174137,58866,1828,112602,36189,139005,2556,3012,634037,1210108,1649123,309672,2980,19471,48704,109971,50539,413205,809771,3030994,3861342,6293228,76681,73240,64087,269384,1059377,4236850,7699331,8359388,7519073,6606512,44755,NA,12664,17167,110326,423575,682469,958967,1140289,1515721,1416000,770670,669120,387391,149650,16944987,631,2500,480,1067376,144844,342,171112092,322830,5712620,553466,697726,1989761,410842,1282531,186239,146973,2251592,133114424,NA,NA,345744,1184668,47007,902111,630011,NA,NA,1088,293509,124038,157024,NA,76083,95521,307378,43668,28247083,11055,12405,4253259,426304,1989,2960129,638386925,2739043,360414,204897,80561,1602191,5236454,11555,10452,76,2129,25931065,26459508,352215,8904007,65376,555548,6302,557845,27594242,12853,246018,247201,11006,1942,14751361,725665,719542,1488458,16078,NA,1037232,303701,14,30795,2098,3784,819105,212136667,144031793,1196019,104050,27826333,40128,1624266,3433,730720070,4520708,2241282,40875,40614,188212,165907141,384163913,21289217,240106,622798,107889,12532,1871392,703,NA,2724,7585,7495552,9209,0,415072,1279,105538,17,8024,3166,35001,1858,4334,13387,1218321,6384194,0,11373,1842,2040828,911,37461,3504196,1203836,13853871,30629,368520,268241,289297,164127,6954,62713,7568,2275,775,13795,6698,49768,762,26043,1038,81356,6,224499,1464548634,40473,1887178,198275,672685,112421,17031,NA,44286,358070,1816,6270,7812,69771,7244,380338401,29,585528,440131,NA
"STL40626",17,103842,46546096,82,143471877,5970,16,57,155176,61216,111220,4719,NA,NA,123267,86515,8944851,1049858,559211,1913,600113,10575007,7827,68,381,35509,131251,90887,14,11058,14095,82583,205646,77493,64483,6675,277,357420,579812,929,197078,31023,740,49568787,28978490,22784,35436,13813,436258,347580,14667,NA,NA,218450,70735163,67567,NA,62213917,127334,6414646,5382633,682888,2963186,3893,634919,124390,121373307,5612,734331,NA,21151034,38170,18733,65072,2891467,13078,NA,4809219,NA,105753,10597,1048,29885576,13498,15790270,NA,195403,290710,8695,3686973,34350,193924,1069,2318,10214169,155,689,1954,3128,7485,121592,48395,20467,222351,29069,13828,2824451,6611,88,6385,83821,12126996,1879426,21205,5513,2687,69029,5328,513365,2647,5554,22439,450491,289,5780828,9296,10668810,5357210,14195247,42651,673431,959,45083,18690,17357,949120,131166,1241,579493,475829,840,9450273,14056,248241,961211,342280,58068,731777,72612,377,85429,5916062,30383573,550,75756,11790,412327,1685758,128802,34706,21983,442,282924,208788,107662,37792,163537,7266,2094,5086,808554,12428,1066945,153399,1313508,0,2259,7372,175,2255124,154481,5000,0,18842,60,726318,490095,27627,40793,456,40240,82973,68420,49051,53379,93935,48427,150081,196,0,58446,252140,103266,NA,144120,84112,381647,14643,6974,15675,1637855,14502,NA,NA,0,132806,187,NA,NA,472486,NA,4104,413397,1127,NA,5609666,54335,4673,NA,4135554,NA,NA,2298146,163,14076,330218,NA,602,NA,1501,1351,NA,1655,226283,46803,32205,45623,75699,35065,109083,52999,84283,142606,89253,5587,NA,227340,107875,98361,155366,246282,356117,310643,NA,59199,131672,271022,45073,8360,227089,1415071,2412573,917471,NA,9714,46862,172671,138083,654027,948408,6364200,8483431,7825182,171544,73681,84383,621146,2721640,34316600,18082517,11198902,7074838,8156409,114299,2799,17231,213663,743817,1235231,546053,288037,2924,1547,113,28,2189,NA,NA,3024481,1223,1824,109,394342,1057,325609,266890843,431201,708688,218903,92490,684429,19557538,279867,152135,74459,3305419,8222783,NA,85525,63149,2304271,90696,90645,778248,NA,NA,23784,7088235,219067,114371,NA,100705,40421,73860,238127,41421763,18764,13876,336751,576665,1706,NA,215243578,602998,217340,47425,22807,936817,876728,7803,6649,1800,2457,21711442,11594515,278292,6395116,52021,1117582,1578,147834,367007483,5475,35197,201854,11502,1096,27992075,130018,648213,1459855,21007,NA,68992,49894,2958,17988,2393,31354,288845,150753624,946061162,1450558,9806,NA,7242,1835585,14531,205230158,379420,4481103,17862,15436,81409,57233063,934327550,61200763,269478,22318,549024,3893,9468103,47914,NA,2902,17174,12453322,23326,2080,1574504,54420,95330,7409,4372,456495,5771,23384,62005,451441,257514,17543530,30795,95866,12740,2743834,276524,246067,3737305,572860,10503457,105640,1971873,636214,1856455,14596,37374,152164,63792,47977,13501,322285,20846,60240,35371,76542,242293,1444068,412,2286544,80390909,7083533,212400,9099,8605,10238,10045,3208299,142036,569658,23260,2247,5726,19699,15024,312264409,982,109850,485220,864919
"STL20539",7143,1081290,35802825,15,152208584,88,0,460,580995,15088,103614,32607,472,1647,188129,7325,3529239,610181,967443,1787,924470,34485995,9169,NA,65483,27210,207132,273038,3858,28654,9157,83708,72063,1768520,362322,24840,1429,224017,795027,3238,122303,2114307,8512,135570566,66104538,31535,11024,2896,954322,341910,40413,320079,NA,1146360,57817066,429271,NA,22383341,96445,7237414,7101527,910251,3899164,4822,651609,10335,504642981,2085,NA,NA,22942012,7178,20189,26402,9237626,22702,NA,5397035,12,275219,39733,964,29670045,22535,35198198,NA,2956,979547,4152,1852942,58570,130895,5952,0,1354254,1464,3448,749,4160,24898,36310,90756,15640,335401,9746,49532,1075440,933,754,103382,529833,99496766,1592086,13317,2805,1631,233,15202,122278,2810,10359,20832,884896,287,13199974,14588,13131913,2296644,8954135,85921,276327,1730,88900,25607,214644,644018,82601,4462,2912452,104352,1752,47749057,5676,9160,1241952,418712,23582,4176,124413,3352,8072,6475308,28492617,1410,195377,11854,487542,121900,320326,50436,10240,52,69583,64167,108758,15521,2168,206,45,485,117550,5846,824933,4051,111126,0,1098,NA,17,209485,32497,1396,0,NA,390,31725,9015,2570,12738,677,3336,NA,NA,5893,19063,44640,23645,92928,357,1844,252776,164077,153652,822,436973,645595,364356,5327,75669,43080,12430486,596878,NA,2047,41,1912995,15907,NA,NA,320577,NA,1524,4590157,4293,NA,32011668,931943,367,NA,36992576,NA,NA,24005805,276,322120,237558,NA,NA,NA,441,275,NA,4334,86559,199652,90666,218464,377474,206087,75761,28044,105811,378916,328305,131503,199979,12753,43245,41480,11962,79980,351471,328084,42120,NA,15114,40254,67471,7562,10322,1121374,3289625,2634118,7888,3042,750,78160,254010,179754,1674700,20042201,27436927,23889781,123507,514039,1501838,1368653,24743008,69759314,52819927,46980231,30346774,13295822,97829,4704,426818,167836,2667015,6111300,824678,184792,NA,NA,16654,413,NA,40,NA,214133,1861,18984,344,516369,101,7659,659544199,181797,1066098,944134,132763,5446587,6555451,244604,131340,770906,3106569,2015822,NA,54121,166309,593241,79682,1223,4449,NA,NA,41805,223489448,273887,272692,NA,103652,47370,71322,64717,56023416,39058,28320,323448,964757,1731,NA,224180983,616710,189441,43746,30253,422200,466071,21222,86595,1144,2021,15939075,93787168,2417053,7265449,104039,604966,2036,86489,715832046,3052,49688,100430,6960,0,74037643,487729,251836,3618514,32894,NA,39318,70025,8839,23001,6571,3410,454320,143139973,650537450,368589,17531,15950126,137991,192150,13550,236781938,686334,2439970,13311,13451,68843,59822796,950612095,35412044,4372777,12897,31220,3711,3345107,324788,NA,6990,43876,22088738,62302,1604,2551930,28609,85108,20884,7496,139545,4749,3559,4463,159258,281980,23492800,0,315610,3252,4732037,87579,68074,5515487,870204,23666080,8991,1552119,2093594,18603308,20208,143697,214094,53514,53128,35546,617134,11059,110171,58934,116229,714,211050,457,1132039,108478716,3891216,11153,7381,11084,6996,13475,2941762,245418,784231,96819,824,13401,20496,22571,607554932,6366,267037,925583,1201025
"STL40521",470,49723,77052967,3215,364170208,30800,0,479,669957,112413,635,5118,1009,69,17271,NA,9405607,940554,1939659,11870,256121,27563156,4734,NA,1224,71310,170044,143234,2021,7503,9394,87133,2365,129484,111464,NA,165,196674,240261,479,166853,9272,505,138633224,36477911,28595,11334,2478,380938,465428,28819,NA,NA,526452,22522632,46915,NA,75711499,39808,6347477,6014027,1143243,3016792,2501,330087,7788,106031187,887,528062,NA,31597442,4631,33623,101918,2600558,4453,NA,7464146,7,129533,30797,2078,24100261,12509,37608011,NA,143507,251048,10112,4623189,48822,223427,2207,8196,1665798,451,680,695,2351,15789,123172,58198,21336,417196,677,280365,2056162,5751,137,28837,51858,6023838,2531260,40034,20927,2749,NA,1817,340410,2413,2699,42877,196385,1681,13798936,13899,17723469,5122026,4402496,38742,425080,7541,105358,24905,43701,1092896,NA,1862,362558,4022470,138384,49566025,76946,854,552313,667674,56098,87347,115586,16024,8042,14236791,57278176,1899,422116,3579,356932,1508687,282650,69743,24046,12,133409,240218,89029,5071,41903,25067,2669,1698,233196,8198,1012269,5570,457748,981,2803,132,2510,921320,19598,9802,0,NA,0,119537,150243,4393,37074,287,26567,11835,21877,23488,42377,51994,53923,63795,1212,6362,239536,625682,69161,14592,142218,34920,440993,2016,8954,27619,742375,1549,1856,2587,2899,34155,NA,NA,12055,453093,NA,4830,273988,3259,3438,985423,56141,18238,33883,540561,NA,12059,480060,217,48510,277259,NA,197,NA,421,74056,NA,3686,133272,114513,22974,353868,58881,13125,82598,19521,1032928,219648,66236,NA,NA,370521,67509,34654,8295610,481764,201696,38756,230,195555,136183,152752,1999,23984,2407187,4307421,1843977,178575,NA,23424,64769,76674,23724,884844,979845,3141077,2339161,2418437,15488,71679,30208,225886,793612,3278676,2377442,2606169,2298344,2830444,30158,NA,7664,7721,35095,91250,71297,94182,22259,11615,706,NA,9158,NA,NA,7589170,839,8087,507,624185,480,NA,21293865,720904,311430,2532,154019,766811,12038784,678332,93105,82595,2212908,31812158,NA,64593,17983,1264948,57138,190763,1269424,NA,NA,19071,13464110,776844,NA,NA,494094,67616,450475,652776,57383072,20075,106907,399046,52109,1142,NA,419577838,2115590,470662,13843,46761,1778757,789009,9989,135118,713,1595,23772485,7887064,1891334,5652903,53616,111149,14104,102363,675556364,10142,121979,125922,968,3793,53796557,3993476,89188,1977203,30203,NA,90093,5317,218,22094,2889,5105,475035,323635265,716023617,274903,148837,NA,16228,8447654,21029,427113646,423920,439386,22994,12088,162502,115343506,431285191,80260301,822203,11756,763566,8864,8376726,31690,NA,2461,17417,44804434,26838,262,980568,34946,108483,3732,4393,117488,3592,17373,33414,84665,78695,43207019,38774,5704,4761,3727647,8507,20607,2169209,1590899,12997746,77549,8609055,1429585,2288539,41536,129585,103495,279650,2626,1533,150669,50573,7257,37347,86943,517,98236,237,4822290,228235756,615444,860830,21188,40382,26912,11888,234583,278801,1077723,42700,513,8988,106518,16224,810512879,18046,2632088,2349928,587693
"STL10860",10036413,61443,87689078,107,181206281,16230,0,123,603692,68322,17879,3049,NA,418,452784,41617,9284775,852065,2126977,10079,987108,4852760,23937,NA,3442,30325,193552,424055,6830,94757,15380,223131,6363,411934,103554,54585,2015,1097635,1598864,12512,907584,60251,4357,337502952,70438014,96343,25774,3605,2623897,540913,122935,8018410,7058418,1642072,130844515,4037646,NA,107404421,155913,4731351,5221146,1601723,1153511,5373,1494540,71,11474200,1479,NA,NA,19780727,22568,56643,64231,683221,337704,NA,654272,8522,252911,8698,1336,12015655,3682,24340985,113028,4761,49228,8532,1308827,41123,98192,155,73945,1778525,449,7487,4840,126,11611,14944,481634,30821,25763,12633,30788,2151621,1864,2219,9017,36327,14530132,4189973,36569,8292,12187,2,3730,162802,3250,29740,145577,149628,183,8917690,13688,19131833,4984646,16427202,98250,1687735,1608,111365,27838,45599,304551,98304,1362,1533700,46922,185,1909889,9626,1285,1055016,453738,106809,1665,256498,349,65020,3428222,70323847,2041,610192,959,413852,249688,149495,42208,10304,2021,189468,874371,102703,130867,168272,17070,3713,31793,203655,32311,792731,63990,1011638,2973,3390,33291,261,1494494,94190,9235,0,NA,1296,575905,448281,206348,185979,695,27613,57416,70951,223246,269990,91277,608758,422007,32,0,239542,333603,691608,15672,134770,39810,466850,240428,10674,308209,1628469,10014,19557,26583,12566,96952,16295,NA,4387,503939,68490,32348,502401,73902,7276,2947928,270271,61514,37038,3316508,1303,10094,2393337,17589,86950,1410369,9124,5916,NA,6874,185653,673,165379,366110,22578,10351,17234,9908,27940,56634,10202,44195,42300,23936,757,3867,105524,35038,22702,138302,146176,170296,62140,1372,39945,70279,90444,5421,3374,369548,1408551,2162206,374668,858,12031,39894,107135,54591,732367,809363,6043311,8560899,7392357,77000,85639,93623,255819,1887378,12469586,13848810,11244290,8185294,3970913,43531,1759,18346,27890,209537,802089,636520,545740,334052,228154,100336,32036,262047,38764,9806,697398,479,1869,93,284827,50,1113,67325421,137898,1968751,638831,1048458,2223758,1755510,314710,162105,102075,2818415,7555218,NA,NA,4607,1581932,23567,1866,2962,NA,NA,9035,1793770,1288976,388023,201901,207992,287879,355231,121021,50521808,93705,1188,2998625,197497,2193,1183595,371338699,1729707,378853,67777,69858,1726419,1776199,15907,6794,2039,2802,11645681,22796223,469824,7193223,78320,527439,18442,115179,NA,9684,120163,344562,2533,0,33967937,349554,135797,2352803,32121,NA,61191,172890,2348,62451,25757,5348,548179,264796681,1083157584,1290207,27678,13883920,809293,37284,89184,375974659,741655,2160969,13850,14474,94083,101664463,305150065,21786788,848540,27004,61823,6051,14303121,225935,NA,4247,65235,86779710,99800,696,1905078,65830,113775,15433,4015,571509,9071,484,26282,19416,1471706,50142481,0,10753,2516,16185982,418274,255101,4912416,2691613,11906748,16977,4644580,1461629,18301219,3821,45276,30276,183214,3229,3148,256915,21313,22767,13524,74111,5421,9204008,3018,2578854,1210346284,222598,63728,74780,42489,9755,11377,7386958,344404,1766218,24091,6,7098,3207,52728,995134295,2424,890455,2771179,2556112
"STL40555",2289707,42576,90046590,0,211993428,13051,0,167,642181,49948,131504,473886,27647,707,563771,182074,12072746,2041514,1657718,8452,2231536,806602,108338,17106,47779,14826,17672983,4847351,292011,226849,1454848,1571105,19946,299997,76562,24042,2027,718899,606350,4621,310774,12929,4452,134167774,25492567,23764,8134,1341,4402180,855089,162873,94428,NA,1639665,38068940,3632083,NA,10837305,1021587,27351827,27545521,1092709,2927622,15936,410640,11,44278969,412,NA,NA,102888049,147042,43707,60122,1507655,1889,NA,359151,NA,321548,69586,485,7477815,31016,74228107,507125,11991,131253,19214,1984791,260450,109331,12,46526,2636930,280,7674,1282,110,16501,100356,231610,16933,318122,7052,194840,1568287,21874,978,12886,45199,6140006,5888105,12437,846,38136,3,2640,269407,4362,6100,233855,174487,125,11595551,78326,11531300,32589367,12616448,74403,1089095,20791,152052,18594,95530,389249,209220,2819,364054,9465,288567,10711585,4478,4230,822001,935227,92103,345,145569,13793,612062,3618652,49169756,23089,520344,4330,558864,73871,208087,71448,141300,2599,1183501,285035,1838399,175469,724090,35349,69756,270302,259887,89460,1375768,304790,4042853,33941,7099,120873,0,11283290,853830,7748,8737,146514,7440,698124,4018777,544256,65699,2654,295050,30723,49925,655133,107466,526423,124154,1488397,601,0,154895,471517,1112980,5177,195256,85064,692185,40249,7638,687283,942910,3162,93044,NA,1008,121436,41275,104,NA,682776,142004,59377,462128,140902,9893,2038213,352308,235208,9454,1550660,36962,NA,1281542,64779,4869744,40821657,298354,125617,46494,1369666,437181,124382,214711,43076820,58460,15254,55628,65224,29954,66791,19509,168646,336988,178147,29377,27239,166856,76658,38958,362942,716794,797939,362396,56404,89248,97491,158585,22372,3475,596006,1874463,2100450,1094850,14657,52298,112243,300813,137926,940584,1230134,5769672,5883924,4922148,216690,209244,154016,421956,2243724,8584008,8997827,4931908,4184059,3910427,14690,NA,20866,123409,354550,686040,456149,399752,574182,536694,386856,105788,126321,85371,16110,236089,524,1701,1777,838763,24996,743,89996740,295625,1720910,3178133,266364,2200083,2812775,781894,119136,97778,1989145,735047,10497,NA,1667,3102300,22639,71635,552315,NA,NA,1764,1817167,943720,67681,271194,162116,70928,338564,42532,47433122,249918,49292,1286432,4128,3114,1187868,436470859,1947663,375231,54025,55200,1651766,992556,19830,7768,7447,3524,17371414,13101244,464586,4902212,65889,411429,2030,240641,2116872,9645,158447,70682,5671,3217,54383876,3032218,177079,3044568,35347,NA,93012,188351,170,27953,22594,8248,355199,208646564,589393890,437770,127996,16842680,1308196,23217,17799,419673683,575797,1676456,19668,29408,106758,81185986,270235892,16759424,2831193,136494,51423,65259,3204328,6506,NA,78,21319,31159538,50930,2275,282364,19848,132885,8011,11367,254466,13256,2647,48291,56279,609775,29774077,0,10544,2935,6455815,41840,148587,6091828,1781474,11485645,10551,1500220,5643037,12438866,2320,12696,27811,89110,3740,4163,58613,58485,6317,12090,86119,17432,845310,35,7258067,482103181,305616,1846062,38795,67009,149320,16600,1164113,294325,1139794,164136,23,86093,1631,21255,676303849,5837,1584498,1444156,NA
"STL20522",116,85701,43693105,515,435147410,1830,0,887,204890,36254,16657,10341,573,358,93499,NA,27625948,593139,3034550,8802,84127,188157390,3307,NA,4170,28496,449342,310195,3563,1807,17237,110150,3102,164993,95304,NA,233,248196,319462,257,106794,14629,211,38284625,9387394,18799,2696,785,242920,718314,23121,NA,5608334,334305,17565795,51825,NA,21054836,47697,8952335,13082754,1052096,1702557,6682,105859,799,36686690,158,757545,NA,61557757,2115,35854,224065,832243,769,NA,3492258,8,25948,40261,1626,2189773,3070,66814761,NA,15001,76083,7867,2821946,82539,193149,15671,7331,936491,202,728,2665,288,11354,46958,394838,14752,306878,59145,12604,4234919,4678,133,22612,45630,10193076,1940626,70435,10634,8713,NA,9235,342760,1389,3394,16579,445417,797,10434293,18565,45434267,1659167,1286216,43702,444933,2067,75677,4114,94481,459569,35242,14400,852215,194702,15808,10201670,17209,99,273697,217109,18983,617,135379,23330,25484,2307760,52227719,1796,322957,17331,339475,785000,333809,77231,3021,25,122559,561080,109818,5336,23395,67090,2831,4789,361225,10415,617401,63845,439072,1424,3413,42357,3274,574384,17395,2124,344,NA,0,95055,71396,1983,140710,286,61204,6719,16790,13231,148869,141809,114357,100109,1262,2388,131582,458892,51117,935,55244,19245,549763,47661,3762,62747,1544849,21985,15976,9444,10622,107829,12562,664,32271,1229634,NA,8335,330654,1605,8957,1072652,349523,117110,67630,1567060,2278,24787,2832980,119,375251,773930,NA,516,1326,8048,52159,NA,2770,419065,42153,6663,73227,12316,7946,65499,10313,1752825,44371,16208,69,NA,637676,33721,20967,15731887,171285,99532,29144,225,596368,72260,75742,8276,4602,9076440,3964843,3338786,344567,NA,161342,66474,22329,63069,13075847,2196917,3423780,5536292,10760241,185061,45551,54695,1435505,1380241,3952658,4708598,11496035,14384937,24790063,479428,23106,10054,93640,146294,253155,226116,321399,10656,34590,73817,19019,4223,7555,NA,235545,1475,4119,545,253391,17,2758,34364226,1085149,420755,27056,88149,1066623,53769727,328145,98931,56637,1881826,2226450,NA,211724,32253,4306548,158950,18635,4975,NA,NA,9048,11565614,1116643,NA,NA,57329,47292,545435,388321,72411841,50055,48053,259436,2945,1155,NA,285995360,1062672,276190,32712,31189,1138603,1401002,9627,64740,495,2260,19407089,8558887,1102427,4713740,28639,311370,12893,80971,3109445274,6328,69248,139933,1717,911,19129664,133894,72877,2193084,25757,NA,36936,42616,621,10125,3844,2803,651118,211854163,369933772,76066,12261,NA,162830,39145,31008,264357078,312131,1255174,14794,11526,100737,69474686,203269331,16594010,1468937,6999,404492,5019,1845820,54149,NA,2957,7953,29855823,15199,32,255463,19515,40534,337,9157,128976,1491,4494,40046,55317,17242,12399282,23032,559,11190,8470872,29903,65916,1493792,1717945,11275154,140910,1151656,1769729,NA,2143,33229,54603,126188,2346,3744,49370,109067,1566,59955,84874,296,3393154,394,689705,217855319,156711,7920,96951,39027,41652,9721,774467,508151,2444514,32937,968,7850,2004,17308,968628216,21300,317987,2259639,3760177
"STL40014",603,74103,314418021,15687,295126638,423995,93312,2958753,1392880,35474,NA,6549,52534,20,1239,7027,NA,418123,882229,34487,1884042,25490039,50416,5684,27280,32134,195924,270728,9000,373482,10455,94018,46161,240971,229622,216728,32335,1460987,746330,78070,400063,63296,71345,7630526,5000699,84265,231,5532,7008195,213072,203531,NA,NA,5677561,150520652,52899,NA,5414633,2053371,35026225,32693514,1699776,2316355,11189,261153,0,NA,1610,NA,NA,135868936,33785,7623,6078,982683,670,NA,668570,16,334822,9897,1546,110476979,20677,21451720,NA,47071,60369,8021,932792,404578,240195,0,1284,2926673,1628,92488,12031,426,274590,263858,281483,NA,436330,9430,395085,5391754,12934,20789,46554,80011,20747373,15190636,27088,20931,3335,5,10995252,2234349,20130,21844,37584,2522378,990967,499060,7086,4473117,82225718,18692314,382653,2994482,162248,330999,25618,10,1460729,3168,12959,642075,256822,143429,561922,47409,0,1369260,2237447,177436,0,30510,236,338834,10433921,127615975,2124,1440301,20,1021348,0,481438,397899,30651,8748,558661,207690,2039025,194312,297130,4242,49944,96798,65108,256896,2833720,136987,2251399,21180,6035,52202,6842,9481709,265694,719,15332,78758,9373,249252,2403593,84021,60604,5408,125208,27946,33182,124507,95064,368027,76247,1000209,431977,18728,73781,565793,1285211,NA,48258,9508,781306,26024,2090,395132,161178,9,3645,NA,0,5489,25991,NA,NA,687023,151269,68665,152546,116629,NA,279026,121317,65240,6505,125245,NA,NA,91770,24765,22991,380468,NA,2847,NA,NA,69297,997,13132,171871,7965,21111,33553,7768,NA,101294,23853,150515,56783,18602,NA,NA,301336,74520,52116,377840,135919,90194,6379,NA,120362,68247,162255,2510,1673,330344,321640,218064,60493,NA,12645,22523,47096,8028,223512,226804,606909,615456,359447,NA,49263,13882,85939,163489,713857,601405,289364,125103,3999,NA,NA,8728,5475,10164,49756,31095,18863,38235,26529,2694,NA,13374,607,NA,2776812,815,20809,377,9333062,77138,NA,1504499852,104224,10427473,376439,636933,1454448,3005682,1948431,266149,324027,3128177,6871382,NA,NA,174918,471687,2597,2387656,2280275,NA,NA,4911,2148421,32432,NA,NA,574723,13874,1886957,6850,44117786,9995,13,1829179,263753,3361,8544989,1541137872,5759909,1114114,290438,251068,5471732,3157190,10034,146149,334,2360,44751511,19722623,3583864,15364212,265229,1558871,1153,1026840,868852062,27434,225326,131854,10016,2822,286057797,2917925,211916,5927776,28162,NA,2182915,682223,1882,24039,3225,8876,NA,730942173,101176084,762675,211245,130461475,NA,278402,63376,1662070327,8268374,6240384,93663,146951,430603,353269566,1020207652,34377663,NA,148179,8291,7316,2220222,452,NA,3508,53993,46674615,16245,0,586096,19277,225533,0,10667,6666,51780,1028,14070,117716,316666,6340041,2,1809,8717,2255286,NA,2045020,2692453,5791,24011719,10878,1154823,2021532,NA,10973,138472,18229,40637,2794,35105,29016,0,69779,115248,46155,774,6517197,0,250,1348791611,NA,3272408,35650,57544,10381,17519,67947,54045,1793742,3947,78878,395544,1601,7815,781161331,133752,802977,6159,763760
"STL40593",4592528,199172,44180452,709,179580644,4209,0,566,744905,56944,78050,1894,NA,15,922800,8208,6398614,712242,14441063,9464,162542,90078122,14062,34,292,52211,127006,130267,2621,3916,6694,95506,3418,262732,100114,NA,109,480731,1080983,2133,679926,51107,116,343025736,43734533,35743,47407,18680,1807226,510856,121013,6777756,24157317,1702438,43961533,1884115,NA,79545813,32274,8322923,7825264,608413,5219310,14367,1250482,152,6660435,1683,NA,NA,29611737,3205,39410,36559,476896,297432,NA,922514,10956,501750,5405,387,2784520,3661,35495428,187834,6048,32532,15971,2367757,59309,157324,15793,89407,1060618,99,842,2843,205,19349,11414,16586,18876,322130,66516,23924,631122,9636,36,7491,154866,32452279,705487,14614,1147,2880,11703,4964,554720,3202,24745,25298,105416,316,7114153,38330,39227403,1729850,1054001,147014,325582,2664,93431,27096,170282,466284,109798,1677,2890210,10634,806,4067398,7356,1487,1706875,192802,16224,4006,435040,14751,71998,3083611,79666320,5234,842981,3296,306561,193324,39448,61632,32454,605,139424,163690,38226,40239,116741,2526,746,1394,689731,6634,413590,269945,891710,41,1852,44672,0,1085386,55538,3572,0,13545,0,521660,157054,4833,55906,600,16863,56292,35690,43097,59195,82850,73748,117987,234,0,231462,292862,98118,30769,362011,159419,242301,39775,3390,18746,1129620,6148,11169,1937,1088,71110,2244,NA,NA,506598,NA,4867,202574,10417,NA,1143208,163108,30495,4280,1776341,NA,378,2357541,80,72242,369440,NA,2543,NA,NA,27760,NA,1396,76884,265232,135954,187140,413176,145813,351485,324018,259380,712794,379397,9477,1455,722477,716309,663103,366637,685645,681546,218247,1771,235054,630080,1440028,59421,2292,198577,928846,1373245,300052,NA,15798,78451,199435,41921,509939,545591,1682361,3352190,5267910,33022,47339,53280,356312,398124,2516466,4534561,6675754,6316542,6347959,72834,11,5750,54699,80108,187292,163874,150297,887,9338,NA,NA,2345,NA,30162,168290,1618,12513,389,198389,174,62766,49210191,95540,291500,75167,44801,966638,6951362,123888,166434,174402,2601755,5186712,NA,192679,491,2671636,215510,3759,2873,NA,NA,8164,702362,123233,NA,142738,209405,24601,604607,433388,67374537,94157,8767,123185,140599,1159,710373,270346278,824735,291763,23708,9880,1252245,191029,12562,483738,940,3268,29311668,20472948,1811180,6857379,80476,778906,3244,66904,1091937813,6369,305301,143257,11280,0,77665820,432012,109703,1996733,26237,NA,28276,110795,707,46219,46763,2985,219773,208800969,371681213,698162,19783,23611807,2396549,18007,97804,250463031,947507,3181072,7385,11027,73883,65605888,192758849,22874084,5670854,12149,70674,5834,10991571,110686,NA,3282,17992,97351773,41481,729,720942,41249,132392,4518,6493,73218,3212,1266,20378,22183,2140550,53110820,23,5981,2386,16806237,36290,632855,2501580,834584,12038939,13195,2916389,890887,25124101,3951,206084,13079,192993,2587,5665,22355,71433,23728,16353,88876,14748,1636592,267,217606,601422917,110934,7528,17736,10218,6129,9088,4907411,468219,2512862,10076,285,12687,2682,84678,1076991766,233977,1152572,745521,9415157
"STL20185",4052,115047,137557177,690,73959697,31833,53792,238238,203867,40883,NA,1496,114227,1,8219,NA,2455019,205316,431848,2601,1326278,13924124,9345,653,23781,26720,60618,103336,1003,67156,4390,20695,869306,43450,25665,NA,92,181937,227336,545,142484,10919,1008,2440656,3162626,5676,1039,1223,1421024,68598,28077,NA,NA,777714,42496190,50779,NA,4350452,233889,1450871,NA,1551435,337679,5063,18962,0,NA,765,NA,NA,790530,11522,66987,109063,1213996,394,NA,437871,NA,2633,8891,28714,102807194,19813,5417789,NA,5891,72330,9234,1395545,11655,51634,0,29,14277597,738,1067,508,1671,464464,175353,105221,NA,254857,0,4953,720575,28453,164,5809,52522,4619281,1717860,9202,4156,909,NA,11292,21804,17314,17594,100518,352398,246030,2546835,5765,2854279,99722580,16162968,281289,376022,4200016,199688,30477,31,2915096,291939,17321,193478,NA,29547,NA,15180,9592,645196,2303123,67135,36,512146,NA,13922,6207788,39649348,1102,40198,NA,1834160,259148,63104,1625876,NA,191,6734,32270,351618,58436,7890,427,23749,4117,4824,34429,630584,6793,77179,3508,6945,144,385,96672,451,8610,926,NA,8298,4203,27750,NA,4287,557,NA,280,NA,641,9656,21683,10803,107678,5177,7713,13071,104639,283113,NA,12161,574,228478,1889,72,119058,27691,0,NA,NA,1044,183,10745,NA,NA,476776,NA,1470,9641,20950,NA,52222,35383,4340,NA,19927,NA,NA,9259,3694,20663,126199,NA,NA,NA,NA,NA,181,NA,22368,6168,24605,25483,10435,711,108132,26251,88794,59107,20639,NA,NA,299224,86413,63407,144231,112684,77189,5635,NA,71738,99204,209177,2568,20981,81238,101531,115839,30199,NA,5161,14627,34909,1055,77536,60586,226483,188901,59524,NA,54796,8065,18580,64629,414363,237685,97757,28266,NA,NA,NA,5410,2314,15392,56690,26870,8276,866,1724,NA,628,5752,NA,NA,786084,1467,4519,529,350254,40961,NA,190021179,12313,5953942,2659128,55297,472662,2542235,783422,265700,341356,2675174,170726,NA,NA,614,9350,NA,3397147,2886607,NA,NA,6645,2103294,16428,670535,19430,361031,10619,949173,1646,4303589,41038,109977,240236,625319,4605,2653000,1122857926,517858,768663,178071,69297,6061077,363511,20727,12450,628,3161,9168825,9362800,296926,14331903,21108,98837,21770576,1340336,121698887,28957,76816,91156449,24555,8460,58390930,NA,NA,598163,20976,NA,611512,44412,299,32853,3984,46022,173435,593212657,1380566,1003950,10147,125583061,NA,31366,2656,1138165584,3877928,389836,22987,75000,226744,274118436,567253404,94628519,NA,315587,15909,12598,11601917,NA,NA,3865,1035,3175783,10014,8859,505149,46451,105012,0,8724,5348,46820,269,19861,365307,252305,2151657,5683,226,47229,4811941,NA,731257,1385682,1387500,15715389,5367,499877,292968,NA,998,1249,7730,10120,5997,38393,20167,9290,62014,15473,64165,2353,642132,32,85,1363481437,32324,2084149,4191361,34201797,18357,27886,NA,18641,1769665,6983,0,9324,116,20645,249200949,16,89200,739507,137787
"STL10458",239,184996,86110779,15968,255817312,39614,54,204,359202,490932,983,2391922,1480684,465653,6334,NA,9921466,438920,449279,9710,452096,13378869,36018,84421,1305615,31507,103141,188425,3970,123750,4228,107010,15354,231576,156492,11179,1963,575193,666025,2936,157652,75677,4434,44207154,70006772,21553,5640,1011,2372865,300387,90418,3274205,NA,546312,31319954,47493,NA,34529193,1861702,3653714,2806379,585456,2040220,13229,1579841,0,27254342,1009,NA,NA,8240948,5114,16093,76482,917363,24659,NA,5782817,14,49523,16832,1662,29631771,8026,3503279,28214,21189,79956,2613,336777,33980,58512,1077,2217,1002620,1222,7348,8289,1081,18767,135145,88247,18725,405529,101388,68909,5483952,4221,833,96192,207621,47344570,3722272,39039,38886,1153,NA,4893,1431043,6281,15766,37260,692597,450,2268586,28376,10302840,5191649,6125427,53919,1170792,17040,131763,120401,205,1668435,88937,37615,11975960,3591206,665,28572378,87086,0,540977,967100,35310,2120,73465,629,90093,5744065,34901163,722,180787,1504,483082,728151,633087,45673,25015,2739,271083,240156,6422681,74012,148186,3718,19830,13061,124949,142311,2403021,30025,1179129,8397,75727,5492,8537,3412064,155290,89081,30687,7117,10247,838871,701180,22835,53263,2670,16225,62851,78515,50993,79481,194290,105141,367412,371,67,118657,366081,683349,NA,97255,65003,867308,15076,4883,133003,802979,4929,587,NA,0,114376,12198,NA,NA,2308255,86875,36931,261241,34709,NA,749283,85787,17215,NA,1580124,NA,NA,1682165,4363,60673,137395,NA,23,NA,133,11124,NA,5747,7386,5026,13343,23834,9657,224,72830,16014,89986,39639,15419,138,NA,228595,56657,35309,394712,100608,83230,11071,NA,92103,74053,146095,854,6120,1578771,474717,356073,98664,NA,53215,15001,32191,5349,7091215,607138,779276,766832,988258,13703,42974,8488,791049,895024,854548,823080,985449,938162,1643949,22899,NA,6374,23732,41237,62130,45894,33978,4028,979,NA,NA,1380,NA,NA,16314132,1243,11785,397,388473,1480,1209,58123036,258211,2932018,2831746,156128,1321378,4850191,354539,206020,296172,3067359,189436266,NA,115907,27610,753359,46181,41844,141283,NA,NA,11710,13140465,408064,65742,NA,1320360,29333,962914,197746,NA,18571,3972,437640,208648,1458,294554,532456604,1718166,376165,68931,126638,1303118,1406934,16900,101557,483,1824,26113932,19089833,2218734,8022393,36202,871844,11362,131027,868815205,9373,95267,121095,NA,2290,64485586,522913,78298,1515223,37740,NA,449650,31855,666,17254,8373,2678,468627,294669302,247053409,340698,81247,46322763,457,3572004,3910,535781842,561583,3439062,41420,22931,219777,122360833,670201998,41233027,1882,28851,949012,5150,34709492,2727,NA,4802,36944,8333876,31572,0,3544728,11968,79438,0,10523,8036,5282,19372,4385,36230,55844,22422171,0,16149,2097,2801311,440,138394,1283329,1912939,16964003,76960,3303511,1391043,2006896,75440,44135,75872,111559,6855,53369,234680,29153,38079,6263,78788,1571,85357,0,1324,168532682,19436177,599694,38321,42073,9048,24536,296627,185193,1163193,20160,5559,8382,47930,12014,505012449,837,552129,1589705,NA
"STL11073",159267,65352,155703167,30857,146457621,107894,17552,10521,377493,292285,176188,884317,995207,119309,19623,6194,3227455,72285,0,10442,122180,172222,450924,34020,1653926,21888,10300026,26342316,896995,3436994,4350593,9847540,1433,229987,214100,204699,11834,2527493,1155991,33166,1443151,54522,48572,32760568,8595195,32670,1048,1385,3067080,56864,112066,931063,NA,1172492,51773958,584006,NA,2022534,6560105,10715418,3056291,202110,350534,2142,208796,0,3271359,954,NA,NA,10815165,11807,7367,15895,377957,8088,NA,6487045,274,8358,2849,2025,1675075,6020,11409359,NA,42988,25766,4953,1034988,62555,5778,0,9047,2899511,1183,103550,11224,239,77517,98484,153156,NA,113368,5061,169101,8089058,11364,7146,9384,62804,38831617,26158901,195644,97297,39024,224005,1030556,249133,15129,10815,29966,305536,4127,5612232,61047,4187237,55920775,6303092,25844,8592871,15455,150459,33361,19092,542593,237354,54489,1786277,72286,6081,3101922,185576,95,3330572,1624547,133202,5,25245,8589,1070755,2979372,28821401,512,146131,295,1022873,0,247389,20799,12207,36073,844722,463477,11065483,1128927,154952,100234,192248,579667,350931,1173730,1695410,735868,2099034,85952,195722,364441,21225,5191361,285969,50148,118108,236166,105776,677152,1404579,114797,121083,14824,515878,36357,18607,394764,215582,1444340,329802,4833700,12216,1619,96225,469263,11658354,2999,269782,186782,658083,243406,21751,7329145,6658611,25768,581853,142801,446319,390912,650999,20122,350685,733967,2243838,544271,1528778,2741289,1325694,7243192,19158034,4641523,974133,9659277,221996,346293,7330990,702692,4135503,11610132,1142206,954968,191907,749400,3204718,552375,313469,5571455,66152,22714,142204,231468,216814,47501,50043,125073,506898,638896,223059,55551,NA,89372,110089,464803,592558,1794582,1044798,265063,34122,59364,152722,120974,2900,2323901,11552217,16445905,4212098,116853,81079,234135,362108,255676,7522677,8022160,31844760,40643016,38108182,790889,826899,753063,3336905,16229165,50559815,51008316,49325518,41993216,45167404,605632,33192,171630,399387,2857585,6997506,6965890,3648404,1561082,1410371,1853090,774925,1629968,622648,97583,1503631,872,4005,341,1411037,99603,NA,227038856,387411,6566882,2862505,813311,1189420,327803,1421411,246152,467862,2733986,40744240,NA,NA,124012,283841,32529,909556,441352,NA,NA,1503,318926,163717,79023,42158,209495,26574,91471,1996,16110788,16361,34020,5952615,460507,5253,3560578,767662164,4094326,421289,136145,66887,2183500,4813353,16359,10264,583,3152,15670636,31887434,249104,14270464,107891,726112,873,779669,82303332,11155,219995,450731,12286,869,33957875,1193688,315975,1295147,30164,NA,749738,6449,0,21338,5547,8734,571894,252460241,56196817,226753,140572,25727872,41890,175281,5421,770852146,4460195,2878552,55376,60756,184050,175599345,442963779,19687047,221150,322377,16784,34223,3366186,1263,NA,3308,9513,11846144,11123,0,249170,3042,164221,1089,6040,25949,52966,330,5670,422407,12641259,5811078,0,26569,2605,2357924,339,20820,5067618,1924558,15851026,28544,680692,633337,831392,3935,18968,101302,7350,6276,3352,250419,8310,53524,4170,41749,9107,139537,3,1940,660642873,64295,2792813,482830,111468,65438,26008,NA,41546,39403,4489,0,8899,1913,9557,169895432,12,684188,526273,NA
"STL20276",197966,253873,42326542,42,72241805,2460,214,1341,86895,67998,58518,3337,NA,231,921803,5026,12843350,523922,1428760,2430,400352,53849864,3235,NA,73,33841,116331,185347,1090,3927,77863,72385,6138,208478,61948,8410,176,216163,242239,462,167888,40283,351,107560062,19823679,8974,4532,1480,103829,1693528,21871,NA,NA,240309,7440232,3404779,NA,2419860,28524,4515140,6931415,940955,1957930,5110,257749,47,NA,63,1563344,NA,31151143,2756,54043,93319,126867,31936,NA,1083124,NA,70630,93145,14806,3206165,77191,42911045,NA,15997,7691,6957,3700803,72311,64639,16435,3269,1740064,402,582,700,131,10061,51606,46637,18223,183321,41882,17830,766692,15699,18,16254,162337,6425634,1289796,3004,665,3339,2072,9025,99307,3035,4380,13649,249757,304,12204101,4245,20384422,1221574,598062,39460,252510,3469,62398,6533,102715,893554,95965,2363,1167038,533685,1677,20491736,2701,4256,641489,48118,77449,478,475750,13361,17868,2161108,41917673,2276,217301,23373,220452,126117,43261,73379,5041,NA,157773,101898,54418,3878,49379,56937,0,242,413036,31376,343830,35740,451275,0,4036,882,10,456356,25410,5948,0,NA,0,919944,142641,521,36608,327,10286,31461,6975,12727,46759,211921,39198,45248,3312,257,128374,181949,77058,79239,57143,21802,225620,72819,2336,41029,924864,8718,5916,2746,1210,126881,NA,NA,660,390283,NA,6383,173073,19959,11395,888038,90530,25156,21174,896107,281,1958,1349787,195,103246,267190,NA,NA,NA,10251,23228,NA,NA,82814,888566,NA,174299,13121,5904,58209,23027,242920,49106,15289,266,NA,151431,57519,45692,2529163,117434,88313,15556,NA,61116,66558,109450,7350,9736,1787584,1671901,1586766,221463,NA,24729,14935,49078,32880,1654225,808001,1924974,3420625,5111311,233621,36802,30781,440186,581664,3720075,4345250,5632003,5045287,9704231,633932,182817,6831,18327,98594,237681,212803,212817,3050,83,156,530,2649,NA,14,574315,524,1600,1263,90968,531,310997,50482114,702926,180067,32293,56101,1980929,15775119,567474,52234,53195,3554875,5255383,NA,NA,149,2858796,184790,4822,11287,NA,NA,16635,NA,104581,NA,18606,203917,31179,2161486,27857,50557317,84898,108641,301182,13480,968,112327,266242479,758953,289087,73349,21143,786162,279462,16762,15728,1241,5414,28469775,7639267,482858,4791053,47213,675051,13424,78748,4924997,6057,53243,235571,47555,0,28634386,487828,461410,2078401,32228,NA,26864,25897,710,7285,42967,4845,379251,208686469,26543274,137159,6404,30911713,732922,28795,44807,259396919,290511,2693404,16563,42661,82370,70155781,151380876,55309441,1292178,22966,10696,4306,2775024,203021,NA,1591,10002,15329922,40126,0,108512,124736,38822,279,5944,188965,3758,413,14062,322956,450676,10411139,27978,1251,6407,5881986,4948130,310701,1812481,935245,9616961,14713,768201,2656263,NA,3549,25115,78776,241729,9817,4752,43619,66387,6446,70450,70832,2209,10493868,245,114227,167863122,4945508,6858,18306,12431,8515,12198,28389057,495386,1145430,12046,12,4540,2145,46798,619518414,26476,211193,619676,2941715
"STL10575",26187,57867,37590775,1157,24358468,1439,33,279,30803,79749,32704,1461,NA,14,330789,NA,178430,1361732,48609,4585,406298,2320471,1266,NA,1529,26844,35346,52202,19,47697,30113,16791,516931,490969,374813,10745,382,3941695,1314469,553,595235,6626,245,112521836,13460654,17393,3272,2537,121972,183470,11618,NA,NA,52349,11733559,494303,NA,1053740,85848,7477311,5247137,589886,394154,2307,154733,753,21862778,65,4836221,NA,23382749,1464,29818,6288,279263,367715,NA,58704,941,36131,76083,16914,3025241,1815,15758016,76323,32287,20631,5673,2252822,51531,65005,10545,5040,472930,309,5706,959,41,17835,24026,148313,25310,23581,2009,31417,11430140,2895,177,11054,44980,3283970,3351852,187118,27824,61434,2595,2433,270144,1072,4229,16553,312461,33,740282,6727,54526408,744748,574075,12115,7002303,958,50181,2692,153019,257477,214217,1405,216271,32282,5320,3890067,64334,757,299987,25604,22778,545,188619,516,548603,240138,25367926,2072,115128,4517,312405,1087714,227652,26227,31339,20844,711199,1634398,62923,580088,339442,61562,3151,416470,883460,10218,261414,319387,2558333,0,1548,111606,2787,4971576,188243,12434,331,95309,30,1032201,1425639,38822,239992,429,201322,491760,393735,294679,492188,899847,1171479,3305050,648,0,28508,192289,175058,2259,40237,18994,245421,5224,3148,94322,355232,6996,174,NA,0,20283,NA,NA,NA,465013,44791,5247,118056,26271,NA,339155,36939,9707,NA,376513,NA,NA,509409,3292,61251,84532,NA,19,NA,519,37219,NA,26439,187164,38155,NA,51993,11167,11543,36840,8764,430918,26410,16827,1731,1327,116554,28778,22593,5776101,128124,253790,297549,247,72057,25183,110185,27889,4698,2557588,1592690,1294390,852229,NA,38783,28697,72839,88553,3820987,1458616,2085728,2531018,4028271,19450,45321,28065,1026659,844716,3039856,3104059,3509469,3487226,1883655,20505,NA,3624,27121,61947,134499,125374,97905,15390,15244,2506,1372,7414,1192,NA,226016,376,1769,1110,201422,141,22015,189000809,1093033,242131,90865,40140,3771420,5840947,274503,107061,84178,2144282,321277,NA,NA,151,3888050,124191,19143,215686,NA,NA,852,NA,1067521,244890,1247513,47508,136868,425017,345526,22257971,13582,876,1748228,208564,1237,10835954,194319484,539895,147432,14536,12730,521224,7824475,7390,5258,1175,2176,11216878,14677913,383181,4117889,14222,549632,0,29418,2532891,4232,14713,11366,1671,188,12876882,542837,52300,2555095,19293,NA,80645,91510,1542,10286,9491,1304,231738,92526739,19428401,47679,74115,NA,308807,25589,7637,173208851,124888,2161011,5637,7603,74424,43134616,93679323,27680074,1883269,6585,15184,6099,1863383,1756,NA,5539,10001,22601944,67372,12853,475953,4327,14902,330,1723,142752,10762,6422,9569,225599,631055,3879705,14445,1174,32237,3684101,98085,89441,1588223,829798,10936203,110064,467117,1806200,NA,5234,12890,77005,263757,17138,6210,48898,9153,6281,18298,76091,752,1244644,247,551272,86221227,293173,44384,11678,8624,7770,10958,2578718,381588,613281,13211,380,7424,3172,8127,344166610,189,825954,371223,NA
"STL11057",128,28590,124691834,312,57365421,33693,1253,0,1931246,214822,11393,25987,1121304,8860,5902,NA,3151242,73924,53170,2712,271752,NA,190073,6549,442365,32471,828803,4972188,222816,1774660,494284,1609995,36574,455503,234779,362583,29891,2254688,1048530,73520,830993,31835,85538,109936419,60039542,29176,2840,88040,3945296,69660,106814,94825,NA,4193382,299969908,85549,NA,1852651,3763334,8490662,12553878,512681,356178,60671,890164,0,120819295,2368,NA,NA,52830328,4983,9938,15321,694846,25768,NA,3736419,53,34275,3566,541901,5643463,3223,23642810,388615,354943,42939,3004,1800627,203155,9158,0,4522,963640,611,62043,14467,547,54540,53174,409606,NA,106918,0,23774,6955749,12665,18662,9514,25971,17412112,23997787,47470,29703,10040,7,13080,688609,12999,27015,66064,204477,119,7588491,16258,3922549,69162021,12468692,16595,7769098,58498,192461,57154,4040,256989,376009,5313,325889,665596,2837,3153531,34976,195,835383,778619,95435,4501,29433,244,748568,9957965,23612941,1124,153658,NA,566038,0,124235,38041,21644,22690,1337864,238164,4567782,843237,813644,26763,166122,378258,123174,657267,804366,798943,3700967,95844,36393,304612,2957,10250142,306873,39635,82429,186381,44159,407876,6992723,281505,48486,8762,324173,96498,87013,736595,112652,909134,230363,4366731,0,1903,97769,980273,6856224,3519,391110,76159,1187053,116798,24319,3411773,2046430,6408,165018,1017,61056,173220,288153,1256,3625,662622,1098315,284154,1272530,1237953,152753,3389395,1491509,845434,102687,2324828,28078,13426,1198167,324175,73848,1380066,144225,127494,8392,60608,1418038,131026,514553,868094,41123,26900,85691,68405,37202,133997,46968,253856,203996,112191,18479,NA,377823,135353,82686,1243451,1093041,875025,229379,19940,210263,453244,279339,50497,2141,1803952,6523877,6114927,2231450,7190,87629,432352,854000,605531,830505,4665704,14977253,15441271,9295910,195630,562436,438403,1161245,5472633,13746053,14084788,8904143,4287200,3274735,2655,NA,80824,46244,419006,1583468,3183403,4416442,4230144,4019096,2276705,751461,2873037,1166880,71634,5193571,510,2943,269,901259,154998,NA,113016175,280865,6360756,2049689,439211,1641712,291493,837296,234774,323143,1978479,24228754,NA,NA,304774,316733,5623,363095,29530,NA,NA,9111,393331,526982,834139,51554,42747,29317,NA,1245,21090890,20914,3745,4367310,321479,2884,5378019,756027061,2467390,430003,62242,28465,2485306,5024792,20601,7099,211,2003,6604148,25575463,298144,10595387,47256,902223,384,309684,NA,9318,534841,75028,2949,1749,88088124,171112,248902,1208384,22352,NA,277519,64951,459,47441,2814,2653,519025,289400087,393272101,1223127,11277,25558992,1538,806177,18035,494384385,4334602,3535096,54664,56215,190825,108824641,647288020,15396541,66301,771986,6778,6186,2312089,NA,NA,2996,6778,2726094,32816,964,435141,1862,107478,53475,20853,2564,36848,42,6558,26697,1315338,5698958,0,76258,3015,2252957,354,37930,3449860,2792805,14091388,14749,841346,1109814,8879396,582,15614,16865,28985,12214,5145,99542,314,139809,4565,36097,1827,35577,0,757289,392204603,NA,1388778,9694,13509,8247,27709,NA,43185,1463289,3206,28123,46282,1202,13166,511783771,0,440209,1061565,NA
"STL11122",41872,130612,62740843,0,41713342,52965,393,53,434487,97464,1868,3829,704359,2524,3933,13635,5011123,167288,52234,4095,307388,447174,86297,5884,148241,28870,76439,386471,18826,868365,NA,164459,391014,246188,274611,413643,26358,3815452,1524447,59655,953470,82344,81560,60285354,33268241,36292,785,2076,583759,NA,16084,668332,NA,645918,3991329,54142,NA,2459581,2912186,2244260,3769315,758170,458683,40206,265149,0,8864725,393,NA,NA,15472663,23022,8543,31091,205245,92611,NA,260153,22,12683,1867,1416,2731472,3048,17892867,30117,977844,11849,1878,3995046,82525,9891,57,2266,877375,954,79640,7286,547,27935,34112,122165,NA,112043,190,100232,8749590,12796,16833,17272,110491,28374266,18451169,57574,8433,26187,3080,51873,1449871,6687,3588,59187,127712,948,3906289,52980,2841256,51831642,7757930,3943,5877444,24835,77876,28434,13315,420232,108921,2112,723121,421859,427,4186007,21171,1002,1087903,527008,91086,6439,39025,142,314109,2679011,11953307,2828,93591,1714,943021,0,134132,36833,29386,20192,619614,322246,2628318,542261,371956,3654,147837,147989,161541,445536,736259,142333,2405733,65935,7922,47266,76,8945244,227987,31499,79203,50734,27401,628008,2029224,71378,73651,8871,89973,76775,51594,201494,126468,461876,190733,1828700,0,549,23804,134337,2784565,3232,11355,683,250014,64650,1275,831682,131327,219,4324,NA,0,2386,128633,NA,NA,505711,571358,131996,53863,254033,NA,148552,140609,133234,556,182941,NA,NA,291051,70315,126,96639,NA,5962,NA,NA,17401,576,6985,31835,9735,15285,39404,5890,317,96631,21471,178393,39553,13724,NA,NA,207582,65570,44882,748565,121960,70334,3173,NA,87271,62722,164991,1014,5080,428995,325424,163140,31505,NA,14649,17394,26685,2623,244099,210038,324417,290603,274769,NA,64861,8974,72037,116052,451559,321781,262328,157685,9386,NA,228,10872,2060,17889,53731,19852,11088,14446,4996,592,85,NA,1494,252,809818,1232,3699,590,765755,52313,NA,47304199,194173,6078721,588447,450639,1972274,249543,601395,136067,82295,2627915,1082183,NA,NA,132642,536357,121822,556908,1742576,NA,NA,5458,753954,459041,274797,25587,13331,35385,NA,1685,21905772,17424,8814,3511206,215969,3148,1228663,381397971,1850837,199570,145681,48086,1910510,3395537,16403,12610,2954,4347,5810494,28838315,461973,14610799,89482,707641,151,425832,18092446,7623,40601,31232,NA,1715,58622904,699625,75601,2162073,30491,NA,173985,25601,1309,16352,3565,2427,666375,160533569,157918993,95684,45985,12441196,3784,505139,10003,410605409,608475,2808168,45932,48220,153806,103330365,486260879,5719883,137329,426932,6980,11157,1790906,1427,NA,5824,3961,2605631,5637,4484,353882,45,63210,1298,21821,5284,19446,735,25706,27898,1733339,7215370,0,30540,4122,1748516,3308,40084,5770353,4816874,18630767,8676,932105,1185782,3951427,3729,12952,25034,7570,21099,3676,97038,8644,135901,12313,41438,4260,84529,69,1218305,582210201,38962,1568728,10642,16628,30634,23036,NA,73593,1681854,8268,6,13919,3795,13325,492837431,8,317985,2163082,NA
"STL20136",4893,279192,99717534,11339,69628891,55706,0,0,202102,208224,78499,97246,5651,10421,355216,162320,5127813,497796,412062,6389,1179488,9630163,7355,441,118890,255667,93775,173823,1001,10858,52138,101719,177630,263730,151933,53878,1086,184077,552778,1188,185912,136087,830,51580051,51371084,16789,6952,2012,3518119,435183,157497,1496471,NA,321729,16262224,69925,NA,5121130,122543,3295208,3232442,1455030,2258128,2862,336404,0,13374414,224,1350780,NA,12983378,70535,25775,35790,103005,9966,NA,4879758,NA,212952,6279,474242,13041938,11222,18367965,328633,94901,7960,2545,4467622,24139,252297,21,678,1449344,244,1406,1803,2765,10625,101203,444998,19049,317485,3952,308494,1386151,950,208,8412,258469,28051492,1296499,22886,39717,656,NA,1538,300161,1965,4040,19471,255210,157,2350219,30001,9228338,6579368,8834999,19586,253370,1095,58806,21865,26803,617079,57859,3975,1856234,2812273,691,103434937,57230,6095,1053435,197474,31902,68768,102883,12092,11253,2454098,31459519,275,299253,9880,314355,1237840,1102354,21694,568,NA,39853,89189,289736,4529,916,128320,1965,769,114490,9463,908067,22222,188850,469,9941,5461,14739,183164,76374,23988,558,NA,1533,34475,13873,6348,21276,335,6099,NA,1046,32800,28225,26340,21594,62327,55,1058,218503,373363,119185,NA,137753,95621,493361,3438,28749,20493,7308727,86875,405,NA,0,508081,822,NA,NA,611319,NA,12285,4969548,951,NA,20237092,76323,187,NA,20170885,NA,NA,9881541,28,221869,104023,NA,NA,NA,NA,12880,NA,1649,40054,108254,16467,81866,100353,342518,28028,7460,37625,107945,97422,38172,15229,NA,20492,9366,74302,146356,403964,153120,27320,NA,12068,51748,49653,5666,144591,5371634,7774533,2766432,6824,395,25892,73057,132763,1240213,11602954,24262312,28856962,26289752,500625,745142,786700,13981406,29802505,56934218,46127979,41009174,31828059,24102771,544388,413299,145254,3385363,9245272,9561737,1993876,529056,NA,99,12094,325,NA,NA,NA,15533829,91,608,271,162028,124,18294,86917950,306705,879555,635461,243370,1321454,2115189,442851,85847,72152,3157176,84083274,NA,368321,230341,637089,63202,15051,193035,NA,NA,13489,10482639,278118,21189,19258,39430,41567,107656,50309,83156202,17363,106602,605441,147547,893,NA,271601210,782090,256593,38730,27198,906993,682570,10836,7247,3085,2015,20060871,33034945,404049,4821186,45061,704595,53818,116854,187082227,5388,67743,685086,49358,1138,58331218,4936716,2829398,1849512,10530,NA,28943,39264,1003,5978,1810,4056,622161,195063398,781184440,108153,192243,NA,41342,6757074,17696,329733045,242424,2757378,20129,14178,98130,99956784,333366062,18288770,1811196,27525,182483,11583,3964441,124681,NA,5067,8430,11893957,7751,1798,662263,19361,20456,11617,0,46050,3659,6342,41294,162628,119058,15262592,62364,112178,20166,3279102,1435703,25418,2042155,1170193,8552424,45889,794232,997575,703271,127638,66908,128590,32153,209116,17257,198555,31790,62680,26780,94669,42310,680473,501,5922,149292760,1383729,1772831,37354,759074,431608,9429,779147,176187,829145,10357,1022,5423,180454,14691,793058662,0,1208573,985622,990803
"STL40229",378,567361,49469543,31029,164835458,10548,309310,137242,716527,44316,22069,14335,31729,947,13060,15627,8730354,385921,114459,50,13717560,43022661,45494,2531,78631,12840,70565,236432,13219,109967,NA,83943,321294,197077,197524,NA,994,592100,630267,3085,252101,30924,3208,1072730,8815561,108565,10344,686,3824897,241554,88294,296562,NA,1665532,85547082,71397,NA,7724510,457784,2659662,NA,401198,1286914,7204,25958,14,2261228,220,249157,NA,3137722,14463,15938,67639,411925,24519,NA,677298,66,3971579,6929,34666,10321994,4402,11859521,NA,9245,25510,2802,80052,15844,165115,2232,295,48844032,742,11765,1207,12643,8287,107951,132699,18305,232277,293,0,2943299,6219,650,37481,912541,11256326,3798041,107149,23913,48849,NA,66473,127346,10282,6749,16399,593418,200724,4522145,2689,3163727,26889476,12060851,14644,838750,797,93411,3623,NA,618984,122572,22439,838188,89899,33524,2417276,83742,11239,1710266,93935,49949,8912,81739,NA,145857,2601802,34023213,1102,18372,14866,731304,1241863,837940,51237,11283,1806,183517,136248,633754,72813,170606,4696,73316,20785,374821,60225,446720,148661,791299,24301,1422,7539,8112,1888428,111691,935,15525,24391,5043,327042,250335,13683,39934,1734,18211,47918,20788,8557,64448,212361,39299,376061,17870,791659,34346,135050,433080,NA,109357,51090,233612,14567,3755,148695,901471,7708,6984,NA,276,90543,15434,NA,NA,450867,53363,39910,316271,32057,NA,1468102,170526,23173,264,1237991,318,NA,1718937,7005,41381,53845,14144,1052,NA,NA,21696,771,26716,4473,33746,10804,51913,14615,8944,88575,15245,337500,72186,21223,255,NA,322232,68941,37608,1111910,435343,223063,108537,1732,330419,235483,121508,11957,77606,2426186,1859099,1530348,490208,3912,247184,228779,173274,59156,3127179,2180424,3556169,4840507,5359731,64778,136816,61196,1095480,1531996,6116758,6172868,7885152,7439995,4607253,31218,NA,10024,25694,130027,232823,281588,223174,55473,24515,5093,407,10049,NA,NA,17228493,563,3926,263,1154562,803,240,453447850,190260,1294077,726850,241946,2014167,4782731,139414,171041,107160,3436730,51234522,NA,22803,44919,1609168,48486,1538786,2886650,NA,NA,8139,2703909,73466,181880,NA,489790,41570,898439,0,4648682,13868,NA,388516,385944,1863,NA,408177588,132526,155992,13152,5916,694379,680416,11033,17044,415,2011,6040705,15116580,1086574,11531583,221421,363649,48615,249459,444673755,28274,38753,178274,628,1584,22614165,NA,8144,7126503,17727,NA,7803,3195224,3085,34237,3029,154362,71945,248524887,312689436,4424081,12954,NA,NA,645684,31158,453192017,1430852,1442332,11754,14211,49010,34589444,837815167,37800597,NA,30977,404680,6867,4553904,1534,NA,2014,21063,46175797,1901,3204,747202,33667,58245,5129,30181,1520,6190,31031,19059,104453,662029,3678689,20814,3555,17488,2525273,17654,90467,1042971,488193,19428135,99599,434887,1297582,NA,161574,108459,124186,66786,415251,55930,12291,4473,70179,66398,59895,13614,286785,147,0,162408111,560866,569543,20336,84339,6405,16152,732298,18120,205338,13205,915,679865,6344,8491,74284940,431,105515,150442,1838344
"STL20378",106,67677,50983144,270,66860192,41707,0,61,91069,13090,38970,1890,NA,41,990039,28794,23238430,2165132,138125,3011,165751,26049555,2318,NA,NA,15035,48251,38420,804,4457,NA,19160,467,237203,327765,NA,440,1223358,1141671,793,317671,76305,620,164647306,12910267,49203,3609,19208,194842,335652,27693,NA,6656793,164062,12369245,79338,NA,2555713,66486,14037240,19676655,436086,1080557,5282,344535,17512,43884268,214,NA,NA,69207510,6744,52657,87795,1033401,904,NA,257574,15,278929,172119,501,3961296,1934,285487222,91370,19048,98560,16302,1238053,140919,97941,4927,14135,2203368,696,2882,796,4140,10488,24847,95373,56578,105069,1953,6942,8143824,1501,394,56799,61552,19665622,1004865,93756,5937,19470,41,20299,253265,6220,14826,9554,456986,56,15723327,5008,37270532,4839275,16988884,72992,2429082,755,87347,39464,144874,430940,NA,1306,3070489,811596,23035,19751262,10883,10990,1721049,37819,22979,188098,194883,24619,101572,15585226,60378883,2931,129609,27947,287398,202805,88566,38878,21420,350,386289,1282542,38793,39060,157386,1177,347,6719,658225,5313,240691,169102,1291376,0,140,13265,334,1801570,182240,374,0,26472,0,924751,472822,20180,266697,447,1423,116515,163532,70360,274500,177695,243250,228477,72,0,81813,273548,37026,972,112246,51774,225553,16492,5104,35938,614761,4280,118,NA,0,30351,NA,NA,NA,250846,NA,8998,294018,15667,NA,1273316,51886,3347,NA,709992,NA,NA,448514,179,47752,99372,8059,NA,NA,NA,5135,NA,2285,NA,220960,27009,177042,123539,42006,151585,33650,249215,193192,56520,8966,539,129235,65397,26414,987108,677926,374499,219806,NA,46454,167317,113614,17091,2076,1753993,6751590,2326674,632364,NA,69418,107083,123375,65031,4833280,3857655,3814929,2638155,3109430,16053,57215,22718,1492877,1472803,8038954,3392101,2861300,2258123,1993501,23404,NA,2665,105586,131127,153028,101519,49844,2195,1072,205,NA,NA,NA,28,611581,477,10307,359,317404,179,42354,220990620,1853437,585429,1942,52321,1934744,2677113,144039,57513,137557,1961076,4920639,NA,419830,610,4751774,127228,10306,61589,NA,NA,23704,6365188,933576,NA,NA,201983,137902,517242,126231,45245753,96969,45056,91300,255697,1055,NA,312207128,828281,293409,69056,27621,1365723,2618230,15515,52963,948,2312,10983500,24437586,1785327,11214826,97444,569709,10991,97181,1894218321,7353,82541,97637,38212,76,9805402,90164,288891,3834134,18648,NA,26224,58572,286,5383,3255,6272,326499,252623393,617335888,134317,1929,NA,71224,194296,1920,299337133,462992,2250954,14643,14504,89034,83796162,197642505,52754867,3346172,8580,211513,75177,25740733,44023,NA,5323,11055,26034797,45480,4629,888812,10156,43963,298895,2938,391795,1766,6011,13678,46094,416981,12000154,0,131915,3263,6083680,198180,974996,3059490,1049443,22791857,331994,3086044,981039,17230575,5741,211423,76507,228092,53384,6814,130458,18441,40232,16592,74850,12901,2036302,408,2531680,314151832,1678102,1490752,18164,19834,121221,9767,2471955,293040,826626,22950,3575,17250,2531,24587,564193470,5744,89626,706181,NA
"STL40017",51922,159199,89159508,1547,96224656,47133,0,180,325081,4861,18780,3084,367,54,108144,NA,34923484,711928,2998862,166,34933,85366490,533,NA,NA,27290,36921,37488,132,NA,12649,17933,35733,338207,183376,NA,211,334098,680239,315,302246,44979,80,157658390,23182633,30788,14041,1896,363321,921834,30963,204441,NA,734873,11044609,4235036,NA,10750462,1346,5028449,14861658,NA,1276000,42499,453393,1830,NA,113,NA,NA,54570011,458,53087,164831,245850,28643,NA,72273,12,78441,16648,6387,1486970,22045,130301331,854543,7231,14425,11175,1544886,135913,159058,14031,3537,463374,558,896,3636,1808,16845,29168,36844,19030,255240,69116,71360,2776479,6725,87,33991,158144,31420828,629580,33887,18394,3349,4104,6304,189980,5662,16573,6179,133702,50,17342662,76448,57600960,1431027,11708072,20641,348920,1377,87470,3320,198475,1188327,5480,599,1133094,325681,2056,60340977,31587,0,1880703,106592,56595,840,267298,64788,NA,1543516,53800174,5451,338243,30663,302948,386118,48121,53212,3340,NA,103469,87557,5500,NA,45608,1367,0,NA,494313,236,324021,1188,448909,0,374,NA,3389,479364,26453,53,0,NA,0,258041,45524,5484,42630,98,3645,13719,12098,1944,33289,12814,12629,5832,99,0,269750,229548,6433,217,166467,58544,261838,595,12322,13114,4163684,23867,NA,NA,0,133736,NA,NA,NA,350761,NA,3165,1121642,316,NA,5853556,73576,4621,NA,6939757,NA,NA,7353567,78,64499,44112,NA,NA,NA,NA,3436,NA,3327,NA,253331,47633,188080,160533,70497,77273,31684,89353,191474,72074,13641,830,62289,52881,28293,138132,222355,149869,62569,2086,14508,99448,31455,10962,9496,353917,5768616,5769235,412518,NA,6351,116026,175293,61094,987739,7388651,14134207,21453049,22228954,75454,214294,274310,4869773,6860160,24026670,28945171,32552821,28522154,17136801,109513,72,34029,1279072,3537140,3661043,2367670,873609,NA,NA,328,NA,NA,345,289,413084,2218,9122,222,138074,164,NA,24906571,509966,56007,768,61807,2897739,1367919,563505,87887,84333,2075747,962314,NA,25269,45790,1621874,183408,3248,3180,NA,NA,4517,850770,406357,NA,NA,36203,23106,160137,551407,46313421,234762,187422,67903,7467,1198,NA,351549365,975626,339775,78095,15588,1468637,659067,27902,46410,950,2576,42678789,25005395,1544485,6674377,143993,950642,3410,151688,1513983266,9524,60335,54702,8429,0,43330545,1169146,286859,5426074,44206,NA,31488,7347,7,38053,54968,1331,265946,274679444,21989548,329094,51119,39325223,272793,74046,2050,360141040,501977,3804620,16824,14136,89390,96683343,233836241,64029719,5320103,13564,20635,6097,9804834,34242,NA,3904,4532,24526819,170595,3225,70105,38756,54486,1021,2354,410932,2951,2283,20887,301606,459207,8984743,21,971,1658,7756457,14149,73416,6848012,1933552,18693927,11891,825107,4004561,20548974,3908,66457,32356,121601,16807,5146,47877,89263,2658,19207,93849,4808,2149286,194,4966649,269065444,216167,1739,7426,8909,8480,17614,1976011,589647,735105,826,636,6519,1410,38199,429503859,23104,670626,829243,NA
"STL20644",280803,58651,34347798,142,35468864,11177,0,875,56143,29514,226710,4187,784,245,1015069,15545,3725931,1632125,890850,3548,216205,38813264,3137,NA,5371,28117,148859,294877,1996,7855,NA,130731,4159,182368,93928,16396,83,294746,363266,703,729603,37858,856,32280844,6855786,22361,1120,2541,264007,237666,16788,NA,NA,107056,9515615,2281512,NA,83613525,52976,2213062,2031833,420423,649126,8256,107339,3395,28615062,219,1276769,NA,10946581,21164,25309,59684,988528,2583,NA,972197,NA,138552,20005,12964,805444,20967,21040733,NA,63667,85862,3563,4192431,35485,138846,1635,40439,1084638,80,819,582,289,13247,57377,176568,18086,303704,7247,26813,806863,11545,144,6024,42281,20966268,2895183,7012,1484,1496,36957,6461,184023,1887,5399,37869,202363,947,10817820,29509,18022069,8702821,23544863,16762,449613,6038,46556,9890,16051,169621,14944,1712,815997,482353,92262,2033667,3441,8460,1529527,625541,53847,7141,162971,2246,5539,1007929,26973154,8315,146077,512,601269,340501,69008,14098,2162,508,139339,71932,88927,31654,41453,21558,4592,855,625532,12881,254674,1291,639629,2733,3179,NA,0,807813,37226,4283,410,NA,129,377584,215359,30525,5163,429,7803,26769,24456,170178,17130,18794,18625,80756,332,0,49956,90740,83910,12069,36451,8003,158041,24228,3848,98391,1247994,6784,24330,NA,17986,45006,712,406,8380,378568,NA,6306,196651,22564,10971,1424724,241146,46405,34982,2534909,3372,12900,3466472,2871,220173,498900,18625,536,NA,34255,33963,NA,4280,533299,29688,10743,42058,13003,4198,90586,19069,80185,47812,15988,NA,NA,140942,56351,47853,192558,102987,81634,14706,NA,34015,73427,108596,1627,14304,237255,1118092,1769390,174451,NA,10983,28570,69127,26907,314704,814907,3146698,6842038,8514424,24105,66782,52696,502211,898902,4915658,9428753,13499271,11299833,6135487,59811,14,10588,18862,107994,279048,381742,333109,73412,44625,5409,1552,25910,2120,NA,205894,361,2846,777,161204,39,15270,47711137,29720,417164,437125,565107,1201216,1537075,304768,105867,69716,2939079,693846,NA,NA,30672,1206555,181342,229984,2589418,NA,NA,3599,4146324,101823,NA,23072,99478,10940,131159,10248,25815110,103094,40342,2089687,16798,1986,NA,210404702,654422,214841,42512,8696,757420,572417,14757,10602,2861,3142,4592796,14480072,499755,9399724,98854,644385,596,141282,516638720,5184,70086,44497,NA,1735,16173581,206700,17846,3493811,23904,NA,23399,18695,406,7105,24274,3135,190426,158331238,57478472,49585,12478,5530984,65257,26914,227468,193247313,476899,2564796,16274,14968,73648,56338977,158075567,15685117,329374,12691,7151,8288,2073582,5190,NA,3233,13232,22343882,21061,27,201429,15815,20095,1227,0,151185,6026,0,69181,45990,3039754,11008874,27602,42649,11701,5723324,21043,19143,3331432,2059678,16663465,2655,3684161,3484258,534354,2888,56017,18111,113730,14306,11712,36713,19652,13464,13583,90328,22496,1128129,489,996134,127858993,278345,16920,18169,9127,16936,16818,367237,330344,539822,38096,169,10219,846,24298,456222820,71180,541498,794220,2968490
"STL20654",0,278994,82014642,6643,99239663,15999,278,2198,829022,150584,9908,452420,279699,85347,19180,44696,7042900,601785,85690,4989,855254,13094380,82341,7442,1033500,19466,356149,2448505,75579,625589,105775,823601,281753,594618,691776,6273,1130,1158157,2708982,2498,753674,181211,3442,53395948,39350516,17128,4556,931,4778608,541986,177141,1719620,2689936,1710927,95028228,28502,NA,38749710,2002202,2325556,NA,549573,686960,16853,994720,0,29986258,1118,1887447,NA,1888977,38584,11983,51196,477756,11233,NA,5394382,15,50330,5833,895,20375387,7172,13262945,NA,298538,31175,1657,334861,7599,80368,717,1135,19518040,339,3286,4127,698,6819,40075,200706,17723,221513,37447,15273,5111520,47373,627,15141,191322,54746788,8030053,59577,30517,11638,96830,7420,398245,4708,22589,23821,344047,532,1363162,8640,4143525,18591443,10713419,71364,3313581,371,79399,32071,13431,458588,340426,19656,560141,296681,111295,11151907,73823,16772,1818984,320493,44641,33042,59511,NA,224159,3474508,22010904,517,140215,1868,381284,186123,162725,45084,7670,10948,80631,382624,2630810,328660,15800,37912,63811,112224,82511,288812,1186181,1e+05,272158,44500,77998,28005,5202,352580,54749,21219,48018,32558,20337,10077,78995,19422,85869,5124,58878,26782,19802,27742,155295,360855,214672,1290611,33,1376,57693,189933,1730888,13715,203237,448700,496354,42148,136206,1572573,19522684,164211,76041,NA,2432,929981,56861,339,NA,745283,262402,88654,6821960,508973,NA,34774516,1433109,562929,10288,43154837,15832,337,30612752,87226,214253,223006,95912,83557,3541,29065,288116,133015,183784,38182,57465,8805,31903,16817,45038,56665,30422,41238,78633,69728,22153,5195,3745,51102,62557,52377,57809,338116,174928,37814,2003,21232,53800,16974,3406,205416,3950251,7198448,1279658,NA,2314,58907,186730,292978,1221173,6183293,28966659,35560936,28584474,55817,943305,1436697,5513055,23060320,64613339,61144102,57507999,27001505,3787843,20524,23,539606,6191189,17120753,22618931,13663005,3946872,138192,246405,299105,110804,138538,105703,1716,3539962,2109,4034,243,83634,10212,1163,178992542,238369,2882997,2506076,254950,1158894,5073896,487472,143297,246646,2029171,22848098,NA,NA,60385,557429,14028,146759,2226122,NA,NA,9374,3632442,175803,614793,12889,48359,22085,214321,162320,29492622,14059,2117,875140,458589,2728,1367245,297583953,823982,276633,14818,36822,657349,2080718,12160,15964,6139,1846,13765403,63579827,549739,5734385,41738,298373,4202,110808,424256219,6198,29709,167507,7614,698,28208635,93460,683735,2433706,13079,NA,102746,39670,3678,93821,1599,61254,336322,137241850,280256485,2003285,33016,12739109,NA,1511685,14584,349859918,2282266,1187516,18632,27841,70629,100212846,345054387,69978349,272324,131610,61357,3477,15367785,36987,NA,3424,37847,24106879,34169,3074,866833,4774,143260,71183,8937,4213,19199,3849,6445,21746,212613,11718109,28403,24632,33611,2498043,40558,121848,3645347,771524,17593883,11101,929541,358676,1158186,7965,56068,42617,101447,827884,10180,10435,14097,56592,17604,67483,1648,52969,251,121,636645827,319150,806024,8963,11598,6880,12294,435257,81732,765492,5573,5216,71028,3950,12730,411009760,0,201425,425653,922897
"STL20630",123,119859,77754265,1412,20104853,63293,11210,52183,394090,40954,NA,5126,264751,578,4209,7324,2555890,194822,0,39547,621468,1224202,28764,333,79428,36701,165428,811619,34210,137007,51279,241953,411982,58603,44819,NA,948,354027,331062,1896,333704,13730,4221,3333210,10756799,16516,2400,1191,622530,49118,19022,NA,NA,1817551,14460112,42520,NA,5203171,414101,625840,1366907,2703322,664127,223383,371630,0,NA,950,3009459,NA,1413399,19577,15346,96989,39564,11593,NA,2258616,97,14033,3338,1794,4846338,4512,2985200,NA,23408,1993,1392,1300663,12127,68779,0,114,1306751,414,2690,2355,679,1932,35810,161830,NA,189310,0,355619,619013,6828,553,8269,49712,6103096,2046072,8958,7219,2608,5213,564821,598580,1762,5590,37729,168214,8972,1301004,58042,65684848,79060118,13321246,14058,627256,822,157911,42930,NA,617507,542610,6619,269431,297622,43,2058373,12787,37908,1161655,799697,70154,3655,85412,NA,35383,7835531,7169230,3145,82336,NA,965029,487297,102683,11879,NA,1988,145438,49189,627541,111761,97286,3441,23523,16866,8352,79729,390464,37357,567219,5948,7402,5423,2058,2559814,32915,6767,8342,7253,6542,65087,624727,6868,7843,1171,2801,13276,2507,35974,13092,47309,28052,262836,16517,4192,35753,132136,747076,NA,64091,25147,199568,10348,3560,451891,319249,222,17879,NA,1929,30954,34194,NA,NA,520828,NA,12812,126610,141403,NA,622050,323271,145976,NA,595257,653,NA,340459,24657,16188,69500,27435,16386,NA,NA,110282,16790,79731,NA,9733,21905,46734,8400,NA,118320,21777,162055,48351,14998,NA,NA,248533,99725,67654,277494,149901,105100,7229,NA,67918,119590,193459,509,3127,215721,366615,291751,80828,NA,15904,22393,62992,6667,231997,234912,688455,765507,298382,22,90508,16381,72124,240641,1322649,1299595,786794,166092,12330,NA,NA,14628,4496,27162,77913,63332,76292,88718,61739,5568,975,25041,1058,1032,7626142,1014,4143,891,729752,29474,NA,80841064,20874,8789640,4473679,45482,599777,1314404,837235,187021,173142,2291787,59706194,NA,NA,61832,23573,NA,2183590,2293567,NA,NA,2360,1047024,38697,842389,47808,54757,14685,48083,42552,19504729,24369,NA,283930,323320,2883,1718844,719117483,1523553,228885,172322,48190,549834,293993,23001,9758,2357,3836,8527127,10382065,272907,15651879,47465,105621,0,458435,NA,5848,16381,8386,NA,7768,113963327,2255968,17637,769680,23196,NA,449611,53400,14611,2882,3602,3887,231970,317650162,151269855,54204,443184,4237991,NA,47963,6214,744409765,937355,425810,36517,54805,123014,190673289,732123650,7068127,NA,284591,32912,7460,2506822,NA,NA,5150,9423,2307140,9142,3944,584642,1896,92141,4931,19048,3813,24366,348,15023,44182,821026,7495442,43469,6813,27008,2081442,NA,11170,2977472,1153015,14145626,5980,927209,319166,NA,1703,NA,12850,29457,134841,NA,111311,14907,138060,3701,77857,3931,356046,107,0,2066988608,55194,1116125,15373,50497,10411,27773,NA,81381,246689,24579,16,10884,2039,22426,204479585,0,1221666,334656,NA
"STL40716",60,258540,82070480,6828,262006762,9173,2784,14405,453952,37,15458,3729,NA,59,28089,29279,11719701,1305464,520464,11175,1051267,28590612,1488,NA,NA,19703,29166,20237,NA,395,NA,3333,402912,434647,141210,NA,781,1224841,506637,1656,68877,22182,1736,47574782,37439623,13912,485,7777,898892,273638,39142,NA,NA,858229,28482928,97875,NA,14559425,3115,5928649,3461500,679656,7918062,233,110100,1305,14425288,582,966915,NA,12534888,11634,25465,71013,512253,229,NA,11674640,NA,67207,9339,59085,19205501,12340,17194978,NA,560288,33556,22416,732071,33788,90419,2243,1002,21225442,268,1512,382,1848,19440,476296,117448,20214,233339,11315,17101,5950715,20458,410,7027,254530,14093962,2673849,16686,2321,2234,3,21539,523505,5573,18991,29074,664203,8090,3153273,3293,4302708,7710972,6427194,266152,1843640,548,72728,7555,444,1259994,14126,1890,870637,1644660,263107,2609417,35805,84563,445959,113638,85688,114222,99676,NA,8018,3805988,58474584,1354,305748,14333,315176,913915,46722,55556,25074,NA,860453,613371,6094,6666,143183,8399,0,NA,1097617,374,317926,4910,1762713,0,866,NA,1362,1810939,71299,0,0,NA,0,774752,299499,8250,91838,223,NA,159916,98598,12437,136862,21395,240203,60880,14394,4791,42610,193772,22454,NA,68407,38327,261907,1324,147,12320,491541,13820,NA,NA,0,37156,NA,NA,NA,460740,NA,39059,392462,606,NA,719495,2496,243,NA,489698,NA,NA,355657,420,25987,10620,NA,NA,NA,NA,16512,NA,88,NA,96216,9300,50687,27898,12286,82651,18136,122942,51263,25690,493,NA,173599,46122,30902,470610,156903,243006,155609,NA,48098,72738,77190,10341,5480,725175,455672,780920,586496,NA,26993,12732,60766,46898,1117951,342952,1121075,1567529,1766120,17432,40652,11245,190251,385197,3678731,2603727,1653696,950167,679145,4170,NA,4435,15788,73661,100842,58710,27843,3362,417,NA,15,5863,NA,NA,17913830,925,2369,175,894515,0,74409,234727972,370432,1861938,13706,127334,1662453,6350471,62673,92356,255260,6221339,40643502,NA,164445,115205,2945498,348631,741476,2662674,NA,NA,2411,11041254,580763,NA,NA,167299,45886,1516084,51114,NA,28737,77,247695,180127,2088,291087,304152556,160979,277680,24109,23171,3733958,1442338,10570,6374,2166,3733,24959988,14731862,518195,4723912,29737,696392,13231,90520,760342249,8326,224250,97579,1085,1268,4303522,140448,40094,3373008,18663,NA,56166,47302,4334,44871,3973,67628,569491,214374109,929744894,2196424,26128,81684922,NA,15989716,29703,297162793,717943,2801531,23864,12174,129255,74060942,252974528,336565604,NA,4799,337504,7466,14348927,60439,NA,1245,9446,26479621,21640,7412,839929,14683,15489,116810,2217,5099,5605,13079,14729,236298,59559,17376001,65651,37678,9612,2542425,96927,19980,3330659,1460734,15883618,199311,4527894,3572724,2687131,159877,15100,83360,38563,532413,54095,47288,5382,68286,63558,60560,580,1085037,65,20871,302639314,2629971,449783,12611,109380,5179,15167,278488,93075,1096781,14479,3711,150502,59594,11983,784494935,52,433206,1318223,3863823
"STL40691",158777,148619,29767083,4803,29653915,16164,20,1192,36236,101727,50205,47932,58638,5120,300378,335557,12012228,1105096,23942,718,1074006,20590297,39001,5124,108233,43692,306991,1068024,40950,94296,67279,325431,14390,118541,104330,10701,1474,579690,389686,3856,587083,32532,4988,87251682,30424654,20769,5448,2107,2347096,209118,102875,2344204,NA,34552,9883500,243299,NA,7560442,455485,1912632,NA,1145127,731455,14353,587640,9711,43900078,236,1333337,NA,2173137,185537,27639,86012,1052731,5853,NA,1787936,200,125077,9034,801,11503358,5293,14271788,NA,161203,95966,12378,1414333,7319,106482,1646,818,1621576,464,2582,2016,1298,4295,33299,39932,10442,234879,19906,22891,1751748,9979,902,11127,96942,13203766,4294614,29686,16769,6919,2011,13454,259140,2517,13808,10024,325532,1239,2968488,9318,7230645,13478684,8691274,26392,1156168,4453,36080,56839,25962,643688,47695,3111,1082621,1166770,756,31350990,24503,79796,773240,193642,45321,10321,80054,175,102234,3833741,14841004,2081,52883,6884,431505,1102422,345132,3352,19395,1264,274845,211418,955125,60238,84189,30975,37082,16615,403889,53019,718577,200025,992444,12894,13161,2102,5222,1856079,131200,15426,14309,26366,3523,629877,391549,39893,51025,1632,4484,117623,64871,47755,68456,142971,68077,310464,936,14117,1997217,484497,616181,NA,1435694,243757,301052,27205,1527,287446,398047,8633,38906,NA,3111,88673,5196,206,NA,211263,NA,33947,789599,90768,NA,722682,434773,127599,47279,2036647,5745,231,2007518,11205,99583,214519,49720,14649,3398,4397,148506,27030,95134,6866,16706957,97856,8413402,11045669,4858453,78880,74688,3226355,8303036,3750602,350831,31731,127150,88942,31821,1513707,6303725,6362377,1791338,154727,86100,87088,116761,7319,5857,2446403,4758936,7213532,1917346,NA,123468,54646,132759,64281,5802590,2723520,8667421,10598453,10257453,101046,89599,100177,733488,2442125,13001491,13083957,12221526,11597533,7613270,75346,1081,14480,70096,292911,588599,587459,571160,325152,262275,177362,61875,130975,63094,556,9762850,501,145830,239,597059,8361,265537,87233731,280674,1032136,1589429,333059,739016,2344707,316945,91118,80551,4570339,68304244,NA,NA,63718,2267700,79599,120494,1853624,NA,NA,3773,3564740,155281,NA,NA,356512,53711,370729,92279,24214000,53033,5477,605994,408448,1665,409257,165039926,324202,131425,13739,8745,330625,760177,13330,3254337,3016,1857,16164459,12473235,5792098,7672768,45206,398473,7955,114877,237568247,2221,46930,174050,6251,110,34048832,172113,683943,2497965,24924,NA,67566,39987,542,4484,3792,5154,217832,73927717,578103187,35977,18408,NA,30548,1421534,13857,202098258,309372,1610474,10987,19054,44666,62464646,461633752,24404125,987207,124697,173913,19262,7356157,6431,NA,2525,9699,16396122,15872,397,774738,13735,32888,8668,51378,152628,4537,6835,26901,435743,561580,17196018,101718,37312,15890,3663693,22544,123101,4397280,678298,14413510,29829,1296377,509306,5248484,42452,44447,125408,43816,575345,3693,288631,19089,63859,5276,78863,27545,1243262,229,69,666082953,579697,1208854,22139,91877,52816,14338,2001793,142131,428138,19530,414,47436,34758,25830,277674810,0,257389,242469,2643579
"STL20653",3269834,169895,69615693,9041,171502124,8312,0,55,461624,27415,4385,9930,5417,1571,138767,65072,35748489,1312215,1091420,11761,1749154,26433278,4892,33,10051,14892,79689,154473,192,67334,40892,123164,214905,171865,158955,8944,1828,1944783,1190210,4630,357629,26266,8161,213461536,52421860,20018,8551,5160,641002,614376,35910,863984,7413681,1363801,32806244,2399016,NA,18994112,336084,10869521,9265974,1357941,1499249,17371,1669720,0,51346010,449,682981,NA,41034226,30587,24764,191285,1241066,216992,NA,3605600,1528,322017,14026,2729,9691674,9508,14476499,115480,34223,112344,5024,1612011,54122,81964,20367,38791,2793785,337,4998,6964,1869,18162,14337,60090,32733,257627,136350,60436,2952004,3429,947,14371,125980,16171681,5292269,62404,39648,16021,156569,17382,671211,1451,9778,24736,454696,107,4458353,36424,12745323,4351305,1990469,80801,3699675,1745,81047,43343,127634,1852073,400806,2074,1626844,165516,688,14498687,46762,6942,591406,116974,24871,8558,91472,2046,179282,2565226,42161867,1858,900722,6556,284479,973134,149871,55983,23970,5369,599360,926064,181947,148280,194964,6073,9738,82166,876459,66562,357225,248824,1739100,10936,1198,43146,9887,3379484,202093,2203,1557,23428,1180,666072,824991,26351,262473,1912,49030,261639,131911,104166,303664,225339,647055,805342,114,14882,29740,96052,300909,2856,39115,26614,134810,28789,530,166311,828143,1331,38118,1292,0,60756,2822,NA,NA,193277,44626,17733,148521,32588,NA,856839,115787,35403,NA,1903682,NA,NA,2482054,6785,118731,201861,NA,32,NA,311,37766,1519,34777,13004,48118,NA,15962,11245,24798,25339,6022,36987,16479,5737,1112,933,54246,20186,11388,186357,36380,50967,40861,NA,6402,13330,30389,1749,4393,59323,566122,772824,162193,NA,1104,2096,33885,23402,121121,417802,942935,2757846,5347293,16913,22712,13291,314847,286705,1015049,3431865,7308920,6823888,4602180,50045,NA,1482,15712,50449,102076,125855,124803,28346,27810,9627,10229,875,1407,2815,192424,4398,4373,195,419267,60,763626,206965928,362261,1607941,187452,141725,1656868,4490117,396358,46126,79896,2181598,5239721,NA,309277,321808,3504929,269198,8325,158853,NA,NA,11596,95342177,813882,518516,92333,365817,202568,432585,397234,73248821,58044,13861,752843,738018,1316,1086550,286852140,622934,295564,38901,27125,695543,1432502,12193,21421,952,1909,33839109,14078634,655611,4845981,44742,706990,5312,91601,1968853684,6009,66166,96032,1823,0,35079906,914485,135157,1939095,21652,NA,80867,57425,6578,49999,30204,8001,421667,191471844,341305248,1310288,76533,NA,228234,9660,23143,267383550,1080005,2873868,18895,16128,123524,77283625,212562842,28757944,3160609,68942,101866,11807,3416810,94943,NA,3158,30327,29128012,36412,3038,2796469,30787,70019,6095,6493,78313,5228,3405,8929,481588,1277320,33383332,19778,92924,13603,4133787,158324,157504,3649996,2146118,10287238,45972,3595455,881701,8194976,3355,78281,64384,67396,60765,15473,172453,24934,68686,49484,82543,4825,130257,197,2029123,787280567,1040027,1237142,15311,8393,12842,12346,574373,270688,1735919,43535,384,8113,1803,16986,996221800,4606,1036112,2541894,2193332
"STL40701",2678,76505,52049496,2054,85454784,20611,0,3,55272,46422,320751,860029,140801,75877,32725,34298,10269971,1147253,786090,2096,164747,68661644,134,646,1052066,14775,106826,145589,173,564,NA,19489,1343,236376,207267,130851,8670,521677,778396,26385,1044482,257864,4677,91549673,32751507,34116,1826,16497,652425,315299,32304,1577699,NA,189668,13430621,2479708,NA,16454741,568828,1913009,1142922,941193,1144120,2064,295186,172,18263795,166,1231170,NA,3625012,14566,16015,111115,270861,1363,NA,21008680,37,51887,8685,6022,4995972,2327,17985896,73262,110935,21328,1308,3314399,6882,144002,3008,30994,1419010,399,85786,3380,1220,6220,66803,921374,32062,61432,104655,54942,1792343,5352,7424,22163,62678,24925044,1368261,40700,16747,3454,14,179,188097,1416,2815,13275,383953,263,3368803,5270,5479720,470615,1928584,108102,571659,1732,55477,12340,27277,486559,30335,16455,958922,57612,1300,14589982,43137,1886,2642152,116671,29936,9087,38594,2654,4899,7220103,26765689,369,139624,7544,302924,2480650,183131,10294,NA,24,39917,223327,1731747,8946,NA,137905,134,NA,125603,9802,807757,4404,83805,0,44151,677,4605,68983,2157,5929,5850,NA,5963,17512,3170,770,83454,2695,1336,NA,NA,NA,71737,26371,101576,21202,38,1676,80657,150890,46500,333,137301,163908,375276,3140,28869,4809,13728519,157134,NA,NA,0,903540,351,NA,NA,441131,NA,867,3918452,NA,NA,27043106,240819,NA,NA,28408925,NA,NA,26111128,28,284655,41331,NA,255,NA,NA,852,NA,334,18934,323493,11740,59393,135372,573947,4080,10752,2196,96401,176453,69594,40485,13151,NA,15617,25045,2915,110653,142769,60445,NA,NA,NA,32312,1558,8492,2382153,5107383,869801,84626,79824,9725,37323,42214,934669,5727898,22609916,31143430,34147246,1535406,900369,1495953,6216811,28012245,75046230,54639038,49713355,60235192,163795293,16053220,7741319,619543,1253082,8806578,15358632,4341183,1707776,NA,NA,3316,978,NA,NA,263,161392,389,5587,259,129281,0,101362,165730790,124587,1798440,1621491,43509,1181962,10735603,362477,138363,84039,3794206,3514185,NA,NA,308545,20039,102468,9607,2132630,NA,NA,14781,2695190,452592,NA,NA,70942,47394,505501,477308,NA,13125,12675,178637,375284,741,NA,228049062,687169,235745,23279,93477,514210,487302,14922,39788,291,3840,22123873,37148642,1421440,13787895,117593,295873,24209,204915,1712246350,4404,57709,96130,11477,975,13758028,789234,191994,5368935,27678,NA,30220,15363,757,29374,25440,4418,288881,166501190,482119820,1762301,32025,NA,7950,39773,14031,212064494,336119,1230757,18488,12792,99933,61074732,234340325,121362258,2882205,22256,74839,7024,7283631,25384,NA,3179,28213,15671201,9833,96,1120148,15647,35723,1991,0,39812,1871,3737,12887,933189,2692766,7325410,75474,88291,15317,2843909,40640,17950,824712,1710254,23900448,34435,936234,2129358,3200934,4324,36957,95759,39618,170783,4020,49966,12299,50971,9259,101487,1066,1306365,239,1056700,1666802301,208901,42690,14620,10207,9970,21042,857082,18871187,672712,20796,3542,20412,1414,10951,471763243,413,179748,436304,2184865
"STL20648",5700,427221,48768252,15276,110374367,8709,1441,3521,667890,85629,101225,343451,159922,59220,3778,7415,7480579,566130,283357,7382,711650,2736829,85850,6833,228557,28047,75444,276875,13538,111808,NA,98938,155746,217284,252493,16841,2037,565565,753962,4804,371199,74301,4330,13526825,21204012,66411,5065,3732,1803560,143179,73069,788103,NA,1012538,53858205,675136,NA,21825574,883576,2208416,NA,797801,669464,20729,2083993,0,24949018,561,447994,NA,1743279,6230,21983,53037,806062,8587,NA,2195011,NA,81731,12111,2777,27545794,9293,6780465,179672,43083,67191,2310,201237,5749,483818,132,12383,8952778,1061,3688,7230,2690,7169,146349,101988,18552,230278,30947,32761,2653006,2245,1121,59653,373041,17805491,4947233,47761,28569,7389,206840,55691,919623,2340,21014,18382,607528,528,2588449,20066,7630194,8993451,9498566,148926,1313820,1890,49781,35122,22932,1903761,739780,9048,1199692,499569,342,39326794,75965,3557,969129,559242,24662,135717,72592,29,164061,3555415,14790086,435,751617,3003,372968,1567079,323584,50723,28152,4479,353865,435691,1482234,108162,118386,9766,38215,49210,445648,93869,1397847,127563,998518,16964,35796,46074,6107,2014901,185543,7930,22426,21642,7553,327746,408329,57424,211788,3151,35279,36101,25400,43921,226488,210450,368310,605775,5577,529,169466,580344,705251,223,281585,189395,698767,37242,19116,226029,4560593,39048,4180,NA,0,213031,10402,NA,NA,552480,79800,60151,641015,79936,NA,6762867,82203,35462,NA,8614204,NA,NA,7091257,9587,326722,42793,NA,1228,NA,NA,22685,725,70965,NA,121735,29369,189588,66987,35644,99603,20499,337183,158536,56915,10120,1230,236872,64575,19760,690036,389116,352107,93366,26855,273389,136039,63454,23856,2612,2120306,4376398,6419115,878059,NA,329002,184894,98467,56066,4517995,2495172,16550310,23346665,19621430,93068,204270,144054,1231280,3872937,26691809,33642201,29684697,23468806,11390042,95332,2550,27050,67965,459531,2512468,1987029,1096040,13093,11220,3788,28,5351,358,379,9881419,446,10542,35,324460,9084,29181,448294061,258200,2674030,2793959,374179,1297834,26360142,332761,99263,118821,2791843,77389821,NA,41532,67613,480335,64574,874656,1793632,NA,NA,3889,3968087,289577,13373487,55926,6364256,136419,21287107,798814,29946314,21235,10761,821616,1019659,1504,510337,238539562,302832,173284,52149,7460,732398,1171968,8044,120711,549,1874,37360192,14961237,2642096,6648069,125322,698391,490,89890,168642167,3082,33327,69366,489,1129,62301921,291360,238239,3694103,24218,NA,119244,47213,13821,51239,9091,27765,296809,102337952,351437258,2220311,37172,35480705,11752,1787785,15235,248618813,1251986,2840764,16738,14431,85048,59194109,558411594,62871868,1242836,113898,246480,5869,4199505,14169,NA,4085,15449,11266808,43373,1784,1746842,47026,57773,4502,0,7479,5630,3313,79582,121702,1509119,13474956,41617,31661,31094,3310075,18722,318607,2680175,383355,16143667,88711,1082707,856242,759089,15011,117080,105145,25885,42107,9917,110597,21750,45469,214931,71398,1140570,1033236,486,2547974,439410277,189960,803579,13768,20654,11831,15125,1578958,245804,481134,42423,596,102317,12703,8306,330922453,82,252700,369615,1042070
"STL10603",55,121641,126180990,3720,46278848,141478,6800,2,371181,70811,3376,3138,95872,NA,57222,13023,4015352,408886,0,3223,857855,208397,21006,681,37904,35110,35565,174222,2398,209601,NA,63140,679756,94893,88376,43860,3918,969658,548560,9583,313592,22806,8602,60488970,29120679,10095,2447,641,5677225,207707,164565,126011,NA,722370,17609292,44104,NA,NA,876510,2470803,5958283,891329,309787,3848,688879,0,6664991,413,NA,NA,15592807,17783,19680,21896,537213,25863,NA,945156,24,191942,6698,1885,8772300,10823,27490739,65358,146676,36049,26251,647353,108602,9677,0,260,1118620,649,8943,15352,588,7203,71166,182024,NA,98973,3373,101840,2618263,18046,2787,9113,100875,8336858,3975535,24594,31840,2319,456,5698,368863,5795,35698,41312,149554,3327,3140346,22104,3954942,57845054,9947090,12754,1886277,565,300148,53917,23908,365808,120527,5638,340403,2340716,130,11816522,30278,46685,879572,748085,165942,9757,111910,915,119288,15375323,29022424,2107,56083,442,647236,0,20495,16628,3513,3738,319925,162167,874794,151745,187436,485,37362,57298,150414,131301,965691,108860,1428395,12564,3548,16360,15678,4235117,70949,11508,10750,21536,8406,310014,1009269,12150,39752,1940,24544,122733,74901,90097,60458,166523,82894,531425,0,7053,22637,198498,840056,NA,26136,8413,357965,9988,22,179733,80323,2653,NA,NA,0,1626,23976,NA,NA,476517,79514,17778,55230,50813,NA,136864,35616,13560,NA,62794,NA,NA,41471,8176,51289,25700,NA,NA,NA,NA,NA,NA,NA,NA,10694,14976,37184,8651,205,79211,23677,127839,41199,11274,NA,NA,219343,81634,39584,382545,129946,122498,59557,NA,53209,74651,134862,NA,20055,244236,419374,323899,147736,NA,11716,18452,41816,3738,155373,327736,577182,563603,422838,NA,61834,7348,117265,211482,1270603,886325,643749,382675,39805,NA,NA,11724,3406,27579,44736,21440,8151,1823,NA,NA,189,4928,513,98,11802730,1178,2987,213,718641,134679,NA,61792221,87737,2281214,1543717,65409,1164711,1471855,1160000,137913,185847,2472330,46299227,NA,NA,7651,716877,13114,77280,17214,NA,NA,1029,1293620,116624,217290,53761,54468,45335,33537,17205,24685661,38472,7886,636532,683888,3355,1882788,1332062098,2140650,639760,168401,42432,1562903,1397246,20594,7260,2648,2417,8055305,14009525,177931,10629086,32525,876873,0,704245,159646838,13859,51154,132842,1738,5087,45070582,1011552,587878,928101,18504,NA,1753571,88513,1328,20868,2927,2925,170423,450046246,477212205,NA,23258,NA,924,1155673,4475,1364194465,578526,3567584,57120,81490,197968,230871355,1073112598,40321039,476168,597088,107489,43411,6481130,NA,NA,5153,15138,18377192,42228,11006,751476,727,142672,50244,42228,4378,20542,1648,13185,27958,1103899,14189761,0,60701,3885,2683040,1372,188232,3674001,1285177,13482235,16976,1477609,310521,4108636,51368,458,22020,31279,210381,562,47669,1847,152142,9405,41502,1949,213916,61,64,1304492235,413317,2632471,63101,406180,174319,22290,333880,107793,116629,11564,1984,20132,34480,25876,269561155,40,671844,411629,NA
"STL20292",552217,159200,75061430,31179,53381408,46679,0,262,145825,175127,33617,24690,2862,1248,3086808,72312,11246847,1589195,287037,2627,1027558,23641983,2564,54,11282,105830,95733,76456,1043,3687,55066,68078,122482,378443,313712,13508,520,1320552,1094194,1258,1109012,36885,773,203450460,38425256,19005,4757,13874,4584892,832900,186968,3039433,NA,236241,8087231,642905,NA,2569966,52716,3416053,3071555,1938285,931113,13364,755095,0,63730018,238,819611,NA,16513951,34759,27827,73450,1065555,10414,NA,66054,25,246137,11135,2391,7761483,16159,28854410,916970,21768,102441,6130,3262229,32476,95279,6029,57603,2648268,947,3662,2186,3782,6413,30796,11132,27744,262149,4262,79297,6008603,1816,424,80727,90800,15097547,4369921,91087,86600,6466,422879,981,116795,1913,3319,33338,245018,95,9508492,11426,17063167,2413752,674176,18862,2759682,984,97265,58264,128509,111952,44543,789,1803393,204180,82,33503799,66143,14629,206385,133015,28245,1491,128525,22519,11012,794878,47966527,5172,87076,3826,317885,926616,281964,30386,19102,NA,233946,412654,139438,8072,147246,183288,1320,29,342075,4397,1043531,73918,1545278,0,2896,NA,16132,1054008,55132,23892,0,1634,18,421024,275356,3960,143498,217,9494,133392,79372,49838,126531,31843,192496,36762,63,3824,84682,381295,45769,1137,182442,71971,476438,35730,10303,20965,2335241,11925,128,NA,0,217886,NA,NA,NA,412603,NA,4407,356374,196,NA,2539687,74604,1676,NA,2365902,NA,NA,2654060,270,325296,197785,NA,2800,NA,NA,50762,NA,30908,90201,37480,5072,35717,13317,7863,41976,12538,151173,58316,23263,1020,NA,111246,44500,30247,2074288,401911,237118,160751,3580,80982,93880,88996,23971,8767,1224811,2822385,4085460,829861,NA,73556,68565,132870,119038,1481465,1722391,5406272,8416271,12310680,154381,84477,76347,453794,1329461,6740139,9503267,11362362,12943423,15809207,222238,2269,16927,39259,205282,632235,505279,563786,26726,12575,400,284,8884,28,NA,2096401,140,9855,276,211390,1045,98305,27615250,478088,166391,77602,123589,6228622,9963011,658604,73709,111544,2776118,12225413,NA,82111,27463,2871866,72328,1302,6605,NA,NA,6040,1116025,680550,17887,NA,63696,88278,90504,587078,50898012,32881,183734,1563957,72427,775,NA,438803221,1296023,412216,26513,11606,1366300,2380164,14711,225161,8824,1561,7509345,21559392,2302325,4209393,6988,255673,68460,206691,498250444,7525,50376,677462,60002,279,119598347,1319693,313233,1535563,17017,NA,83960,32098,388,5484,14120,7946,221207,301117185,4804353,NA,14737,5123126,25702,133446,22804,346245212,246822,1023106,21446,23151,141161,95678361,426558639,9634092,3165048,85738,142415,26708,2046663,3599,NA,5485,2463,42192249,31779,2394,599904,45036,33064,13645,0,130588,8056,794,980056,216410,257160,16792762,33178,5884,16843,3296515,55648,30621,3285847,1244816,12867569,41080,1852340,1246272,7018547,12683,295677,41373,151420,46189,2795,206825,18035,17156,12795,114373,1420,4270877,315,150185,221234755,501886,1585954,177409,1735071,404613,13152,8035479,259466,778374,37207,4044,22031,8438,26939,455115866,12263,644985,763719,1566431
"STL40244",75,148765,50802634,16774,101129082,19976,37,355,246491,209875,40432,52809,55410,3495,221713,86974,7006327,1841955,529907,1129,596644,27732671,31927,1590,109105,32449,361791,1041243,42001,124706,66031,382763,17862,174120,171753,NA,546,629782,406459,827,122046,13529,935,144085722,24900255,9277,5550,2173,182165,921565,15977,408132,5552428,390208,13609300,62210,NA,3243425,645809,5880771,4907512,838780,367054,2570,485232,217,53763665,124,1020347,NA,12945148,33469,24686,38052,842507,13060,NA,8166003,7,325652,8833,2220,9136453,4814,14690754,760624,26965,77267,10104,979567,19774,98833,2399,4167,808597,373,1773,4042,1526,7638,58264,168300,16867,139303,51483,11401,5184700,6376,395,17637,108493,9237859,5054309,101928,36400,13629,54960,3045,209973,1494,2089,13314,411737,373,6451932,9616,15542291,2443361,534505,12959,2191716,262,47962,16803,85744,369986,114771,1180,452924,174968,665,41265962,52785,11248,637799,62048,21730,587,109846,1562,122231,10653833,36123498,9575,109661,9878,277937,48088,108817,42342,19464,1448,353589,778282,1307768,96523,177296,137594,54380,46167,356456,74273,1117684,141988,1320998,36013,14951,14575,6268,2457303,178907,22638,25229,17106,4815,423126,538371,64107,207779,1905,25012,99503,54378,35026,246809,226781,234143,479674,40,14864,78989,180784,568290,2727,170685,66188,365818,29002,8559,337373,1726913,7409,48222,2295,9021,136476,8132,1747,1430,652005,78861,38173,660396,115843,12613,2700670,607163,118929,28026,2447730,13966,4636,2469649,27029,173846,208310,54201,13580,6580,9468,363165,20998,88511,4265,30440,5019,58193,29275,24243,32376,7659,116020,102463,62645,11610,NA,59906,35554,19938,500491,366540,349837,216310,17820,47492,92191,79051,26672,9015,1853550,3071413,3655685,971116,3447,61371,115060,228084,145230,4860905,4536511,9153658,11389740,12724700,142466,191219,215256,3955020,5820350,15990558,15803705,16529491,16156629,15660444,180141,5353,34308,175134,409290,853048,963747,1118419,617498,472835,331034,136070,273061,121948,3453,393719,179,2059,146,116264,1428,164665,123373708,691420,561296,577325,239583,1817988,10399460,445310,71247,56713,3744684,1392448,NA,446099,3420,3283788,137172,13274,16688,NA,NA,1006,1361465,514891,46288,41501,85952,79199,122935,301317,32376849,28693,11453,542092,70624,1107,560068,233234100,516049,240065,19816,7298,696743,1444822,13761,82292,5717,1952,20898447,11286977,1448449,6370440,19428,781625,506,138700,1575942387,4205,42925,19438,644,49,8535628,159866,69240,3020146,26970,NA,56271,4649,183,12959,2815,2494,103005,158371290,26503261,139807,4427,NA,11943,29713,11854,207803844,382036,3238634,14480,8580,76018,60495878,230456391,64920862,3010380,19418,36321,14951,1579118,13244,NA,3797,8962,25759194,20746,295,249280,12816,31097,1231,12801,260387,2852,962,14147,616657,209017,15749049,50301,1780,15561,4518478,8359,142569,4903842,622250,13434265,20656,3290426,822990,6519904,5120,2332,147847,143075,155362,3864,65555,9238,6560,19354,100873,918,82857,314,4580,243926958,801966,1451311,6645,15317,60201,15667,136663,516305,556175,22576,20,4107,1928,19988,690170266,11076,331287,463958,1225704
"STL10762",408846,779636,102767113,396,220525125,20049,0,118,775013,101504,7792,6806,7031,2344,376136,NA,216847,832955,548016,4231,160038,8540746,12265,88,15287,34399,313546,559997,15824,84522,138452,266342,89676,287573,111969,9993,1204,1276526,823999,2485,1199374,21358,2642,197999227,30643309,13828,19024,2536,11779083,880980,520911,NA,NA,1936993,55821509,1280880,NA,2993217,159920,17044519,27933521,453455,1475355,5227,422489,573,22295886,295,NA,NA,105686577,1455,19756,1880,844979,225639,NA,100841,43,121583,6653,945,18200731,2302,211865747,69136,8472,62248,10564,2066653,264648,44602,4736,9664,660337,362,8980,3077,129,28353,19754,97093,24040,39611,7959,63417,3009158,5891,731,14117,472467,7557993,3523059,77111,9776,39042,4,14536,502667,5977,11160,7755,166716,51,9867969,44895,34707556,6599423,2994411,69683,1834383,13942,140889,8039,550913,719806,42086,2321,1273991,21374,1003,167798489,7421,201,458426,746424,21950,1879,145309,307019,141237,826119,79446864,2288,624307,7872,304220,880106,641594,50355,25436,3774,306647,690190,250348,98619,131942,3160,10271,52583,461937,43220,624060,107636,1157742,8178,6191,12857,142,2616989,141652,17103,1556,9506,569,387150,727078,45473,95752,775,69698,56572,61541,121362,216310,223028,306380,718023,0,0,91174,386285,324352,3700,73303,15321,2122867,74763,6414,323200,410656,6432,47775,32495,9636,90571,26830,1671,3232,10480660,56158,24760,360990,112023,12271,638218,487329,164185,32081,346268,18787,7010,310331,22373,308657,398832,54589,10677,4983,1469,271001,22293,63057,271539,34892,7234,40208,23026,15577,44166,10615,132641,75961,33311,4977,NA,127782,30247,15267,725487,253379,155972,48165,3650,127570,53973,41652,4812,3726,2753996,1425363,909900,236848,NA,106369,60861,98708,44532,7535302,2559738,2522865,1987102,2771231,125483,62866,60346,1331429,1619774,2492173,2616179,1989254,1433921,2671128,192587,372637,6542,84140,146276,309496,416405,624492,541540,400992,214157,77685,318884,89886,22643,412141,1527,3454,558,116973,4162,55813,39985500,1377659,624291,91197,138229,1323269,2749087,805269,50571,92905,4617307,6272042,NA,15652,4675,5006516,158601,19446,1393,NA,NA,908,1401977,2070831,NA,17673,62957,329956,352938,2830736,46024525,68803,591456,595297,19710,1362,646475,481044915,1582187,454170,52067,11101,1994753,1428879,19002,13342,794,3350,35399433,10852946,664889,4023454,31352,353262,38756,158473,3747373,9109,118972,352502,13669,976,34627975,1394321,2350973,1985218,56608,NA,41298,5367,148,111882,27251,2047,145143,315388892,233093847,1407495,48781,22475143,2532342,38073,30157,477729194,564137,1476147,17016,14518,86283,118514654,299799632,23755013,18041729,39987,24933,17748,3041525,147719,NA,2708,7296,60201311,86148,6302,393605,13414,122225,51828,2903,123603,4470,3535,7447,43423,134540,21632975,0,12868,1286,5468208,2871179,205325,1871953,1066602,10941562,30942,888614,1525992,23702691,4265,84744,1074974,134182,22735,10741,26824,20725,4829,15936,75129,1624,2028958,166,195535,476966945,285440,102573,45978,24627,40101,30495,10673281,453054,2102314,1467,1341,7565,1281,29390,912571908,154167,1446367,407497,5152317
"STL20184",23,101100,43189065,14620,117488887,60033,5103,81957,1065240,237295,89994,41659,76122,5931,106355,79191,2907586,1841296,173343,25527,2398926,84756885,97251,3245,73624,50191,68753,339034,25781,278887,NA,179120,309703,435500,495123,67178,1748,1920780,2055204,2409,1010245,114219,8625,30832580,29225257,173566,2928,5076,1337508,844435,54045,485667,NA,3045936,54879973,181183,NA,19342664,888890,7134050,5518934,3561448,501414,2225,494425,0,5150360,1217,194244,NA,14237861,49978,76141,209344,203315,431716,NA,1388628,15,55101,119403,1609,16103800,28051,82272909,153516,63317,11645,9612,1603089,95389,66879,6582,1519,5451749,518,25084,164,3933,3818,751455,286334,12115,527998,6272,1229780,11902177,2006,610,37152,64931,35998605,5940687,73293,42969,35094,3148,105236,213018,4807,15164,1570057,1197695,54297,23365999,103441,8018696,57799806,35391084,257471,3151805,15327,70071,41130,637,489500,NA,1801,5105316,2026951,1530385,3999886,79573,27354,2139812,1678458,88863,19473,371472,NA,463697,5458108,14774914,1395,1940665,891,702308,55824,85380,87149,27522,15288,251371,653858,985366,401827,112707,50141,30229,118600,365340,101057,846877,262116,1266877,21670,7696,47695,5676,1579636,71495,45336,15927,60364,7098,873020,403782,21033,153636,5788,61484,130950,93504,72241,282022,699427,289679,1899977,7975,149990,107363,195916,1294515,2033,101461,26747,218312,49852,8283,509883,1180920,6794,3194,9058,1762,87214,10515,NA,NA,383318,199708,99748,173447,115718,NA,756618,27946,64667,823,1032974,NA,NA,1711736,39202,153327,59503,NA,2829,NA,NA,51531,1555,28055,280799,5789,16281,16359,10715,1117,61697,22373,58676,52525,17713,NA,NA,175927,73897,52295,125949,97499,82694,26941,NA,75538,66242,119698,1988,114631,311206,379389,790955,129069,NA,10074,17352,44009,17353,1293702,192481,758982,1838275,3291748,20711,47194,18781,88572,181640,1101461,2512663,3759535,4126129,4556838,41642,17,8001,2286,22120,76135,124168,209880,74867,45759,1672,1218,49905,7689,NA,12188921,258,5010,1772,1329929,5707,NA,307301386,379288,3343082,2096801,175632,2626430,7152465,152086,620278,329693,5682144,56195656,NA,NA,7335,704687,32608,800015,12249501,NA,NA,19421,3240734,420095,NA,NA,432791,73270,11276087,29516,16969481,25203,17,3034132,665258,9462,4651510,692662395,686227,261182,55517,16806,484722,4886572,8410,38472,8706,2594,6412713,23939815,2001827,17159032,466049,91376,5346,298482,109786001,8172,170383,94197,1628,17301,136880210,17239689,114901,8430839,16693,NA,32524,19566,1396,10603,3521,16630,40337,331991151,30729285,142617,315844,NA,1100,2920575,36673,404413317,322721,382331,19852,29034,58173,80450762,670904783,19701224,NA,384181,246654,4726,17572017,90426,NA,4297,14871,22901300,47235,9145,970223,70112,110793,156855,9795,20323,17839,11324,66029,37351,1878705,17581600,21993,129320,72565,5308109,2695999,6734,12677589,723936,31220491,68702,1430346,1345969,837824,113408,249321,43659,23178,136884,684,5859696,7208,127131,17927,39083,18127,772884,110,177310,2113337575,2569811,1124905,54822,1049161,4792,15264,301484,316085,109888,503090,670,31308,9808,13459,431385728,343123,4188662,366506,2475892
"STL11041",428,108976,215522386,16187,23763628,402962,48806,243771,39938,39397,61283,166805,472451,8771,2705,3983,253883,284821,0,170741,820590,4468979,162809,19000,601980,23736,1300577,4491441,189965,859730,725606,1751189,6735,604236,624357,52824,10769,1773930,2260532,21495,4257341,29111,19340,652358,NA,833387,138,704,160744,126070,17568,NA,NA,45334,21065087,226416,NA,NA,2364755,2812011,2778511,527323,5981503,1034,27289,0,NA,382,NA,NA,5936998,13965,19448,2448,16961,488,NA,71463,27,412,3144,1205,2895243,18534,12335612,966056,4565,797,6044,168950,35836,25787,74,3009,43779704,289,47557,5911,15,993336,164262,97340,18819,162168,0,165077,5359652,22202,6259,35237,58902,28679334,16032625,69452,48739,13049,48,2620642,194321,20203,2027,21470,1391144,46298,2391310,3430,9327056,87150939,17773575,153321,5979863,1506,140497,6567,42,1487256,NA,85358,2309080,36867,37520,1216250,121161,8355,10960124,4374304,226382,1746,170868,322,224124,4777155,45248416,1540,271271,3892,1040958,78816,432507,57531,8499,7026,213389,277985,4164845,332091,129377,67325,194919,124135,126704,346619,976686,212021,994449,47620,39945,43679,13578,2869813,114606,3048,50204,53056,65796,164811,615791,16073,63836,7030,42709,43315,14465,29750,107106,280538,125066,1492480,83216,62418,54956,482285,2868019,1467,148339,61776,432761,48762,8474,1980813,854078,3661,139174,1311,51479,99679,70473,1909,13075,542823,459194,170401,414455,610489,172599,1230049,2581458,840672,101616,916590,32844,8624,912023,188813,380268,1174057,196509,194039,27869,39165,293124,134977,450087,296092,21842,16373,52180,23149,4733,86143,20071,234747,126362,55821,1989,NA,337350,68809,29856,1125422,463364,288132,121820,10470,455587,161510,109290,6261,9223,1819262,1987550,1496793,448231,3326,178052,205769,190438,76608,2531318,1726614,3367893,3067174,2588718,161698,125354,106701,696655,1674920,5315988,5468030,4877872,2741553,4075297,56896,5617,20166,33295,714514,2198939,1493909,1802026,1616993,1832890,1122811,601708,941432,318142,32401,5485054,617,5131,156,3225280,40306,212,1225078521,408280,5665172,2293250,378075,2595324,3036458,217876,263556,154956,4740433,36994753,NA,NA,60449,1380637,62215,1934325,1452360,NA,NA,1736,277462692,147919,NA,NA,14120963,45303,743933,2299,5911166,26517,164753,2248712,369864,3369,1687521,853586913,2585605,463378,181622,90709,4753302,2675995,16277,149434,336,3238,31772344,39033604,2976217,46057403,1432867,500567,1068672,1487450,112618837,23243,122117,27668550,133742,4537,283575032,1413512,1502,18459638,29138,NA,410525,11962,523,5585,4179,141181,358107,445708159,582493,162446,166122,90140874,NA,54809,18072,865617339,5379547,2024650,79530,68903,282743,189976674,501125627,194265762,NA,54665,495659,7916,7993071,4295,NA,3059,419,3873967,2294,89,233567,20450,86038,726,30463,2721,43922,9067,5295,52244,6221444,276720,0,502,3026,2494523,25206,48337,7856273,923541,60800030,134995,107664,2118798,NA,30924,126571,56081,6608,86092,70681,6115,7204,6249,1256,59441,1491,1105098,0,0,76077247,116407964,1582288,4725970,5090195,94707,20449,186456,16654,1180900,10245,0,4978,2452,14309,285496724,12758,1414232,796912,748250
"STL40554",0,119781,19997154,8,54935827,10687,0,0,29668,62301,46207,6133,NA,11491,713561,41094,8584792,113570,194070,2495,640377,26013569,320,NA,886,7634,16431,24255,92,1074,NA,14475,14304,469422,69183,NA,528,242629,629348,166,233565,180639,311,62376068,23167904,13530,5114,4454,36909,320998,8726,NA,NA,23332,13726720,2748787,NA,3615160,16287,2881925,NA,469740,2060512,2583,208915,28886,74831560,45,4190737,NA,3029787,31213,47004,109758,2070372,5487,NA,142148,45,68234,27827,2290,56824,1911,21175629,341841,12076,195662,4183,1759783,9839,95987,3736,18875,638584,NA,2736,951,4,13414,25194,100710,14290,337334,65916,18461,229316,8962,50,4286,105617,25561878,440854,6082,700,1558,56,1453,67478,1541,1882,84006,475577,6,2721879,5835,9666276,2579414,3274764,32241,227005,1460,24025,8744,87829,319825,964031,3436,2272215,8037,17973,10481740,545,2999,788698,485004,39032,729,155174,1422,9360,621050,22167734,1876,179310,6595,360185,148246,27620,22752,NA,NA,35872,81611,24366,13110,5494,29270,0,NA,136442,297,191484,32218,106618,0,NA,206,0,65362,9583,3125,0,3079,0,44417,12701,13817,18889,204,2849,609,2100,24760,23784,8870,29433,18258,0,0,89622,410091,8747,2250,191666,131894,271269,6333,35924,4429,5414161,127075,NA,NA,0,783182,NA,NA,NA,178345,NA,667,1483975,253,NA,13756595,460973,NA,NA,12764322,NA,NA,7934136,36,281659,259327,23038,2969,NA,14671,7355,NA,18927,246362,18681,3112,21863,31858,106366,13449,1999,142459,42608,36874,11102,14271,3989,4291,8446,627429,92108,162306,77055,8168,2622,899,10729,31398,378,264401,2241729,2700195,1279666,24883,830,2695,21442,83720,494446,2118209,11705928,15252916,14415457,183897,266296,612060,1270534,11915591,36535447,27828152,26203233,19577837,16310170,167330,643,136453,164707,1288140,2636869,780017,199044,NA,NA,1614,NA,NA,NA,611,259106,40,1956,878330,99318,920,159931,374538518,126959,140234,336514,66189,14967157,832318,346302,145824,52003,5646910,918590,2919714,18729,591,123054,50146,22714,1085499,NA,NA,12785,2134531,299463,3542543,698740,83290,11491,238142,2091,NA,75104,14290,150552,394798,1205,NA,88780135,644244,120289,32302,9025,284747,89460,7546,8539,5369,5141,12284979,51262600,309101,6677298,21775,508418,269,78257,NA,1990,23273,21098,768,0,7356484,141165,205164,1866828,33800,NA,34342,14914,5270,6194,17996,1458,142801,68607749,185532377,16512,26882,10478152,451293,11995,47767,121647952,153303,2075189,8852,11200,33722,35207109,69463999,34317395,1564965,22683,28288,32997,2599711,63045,NA,0,8574,19179181,13926,0,217897,7088,23226,33,0,241338,7339,1391,29261,609824,401689,20953568,37551,2,38755,6242815,149283,97329,2489647,882957,18167430,11588,1578534,4790623,1231232,5399,17724,43042,88360,147269,4375,184393,24523,1761,36058,130873,15788,6983618,715,587,132428620,1120134,1240227,35581,90927,74669,15249,934303,180269,199226,13758,0,9013,1589,28980,339090202,6357,455901,464624,2363299
"STL40595",1305993,66620,44565699,390,73177362,1375,0,184,143281,106299,35155,10250,7311,3141,1317310,14749,510371,785870,6639299,5579,590246,6632460,112668,614,56193,33349,216945,1158880,44432,553541,121819,607619,262046,301537,190647,24277,1897,1748509,1375574,3578,628849,40486,5057,372871073,64039178,60122,44589,1229,731639,1316003,47409,5042303,6941022,208490,9726804,2494113,NA,2447642,526379,3454192,2027179,1001667,552559,16833,1245629,131,11559472,399,8053037,NA,4839863,5874,47424,10848,246701,1063305,NA,1867523,6660,138849,34441,83982,12909141,2574,11653636,190544,7734,19607,6144,2439541,9471,266461,4027,45339,634261,121,6381,3661,63,11420,24088,235846,13445,195958,27096,44205,4088053,6061,862,6009,94727,13473133,4657688,44143,13681,23650,179,5844,280970,1618,NA,21165,437135,8,3712598,11864,27487317,2821446,14231614,55167,2703973,889,65424,25668,362999,266740,1036253,7007,991113,10385,NA,27734205,15975,13003,1156514,77353,26373,2106,137347,5569,262174,5163276,44648012,3047,300371,1386,237104,185577,43875,28820,11128,10827,217009,480566,431959,241926,70045,330398,39473,120237,344819,102836,405397,138497,709355,35865,7929,53683,897,1928558,81501,16032,7923,47872,7536,191036,363672,85703,78825,2547,97513,34787,34694,193489,158550,419191,388377,1856795,287,69,110787,267128,1729666,16568,130310,72879,287288,93282,10783,1508143,2978168,41438,79308,16401,9167,164950,29653,1612,1685,307762,454682,93146,1012154,437546,26635,4793645,711876,429656,31271,4832712,15280,753,4388298,129000,125913,401373,65872,59729,2404,12341,1322839,76438,203363,203914,42405,4866,47588,76733,49728,21610,10580,32399,208187,156029,26855,14156,8899,18185,18439,128733,176128,370557,240642,43098,16784,16903,33758,36044,1235,454792,2630638,5523725,851676,21540,26288,33732,119163,81444,1617145,1589661,10378630,15267864,16682676,353620,185750,245631,805432,5171196,21895930,24726823,20267766,19824134,20908222,323080,160215,76741,387578,1549698,3834629,2437878,1788035,677898,450634,345440,221447,464266,191078,38995,165006,1938,650,212,180366,45,76741,232431346,170192,856971,2730626,339175,1043826,4005593,464193,450529,49212,2951992,8367565,NA,152757,1216,630538,45117,6812,4022,NA,NA,2465,1959458,199319,1914837,444559,99727,43683,340547,28651,38757128,27829,9789,1291475,578608,956,7072163,234895871,446675,251343,27412,7890,506437,1531154,7214,8430,847,10024,10046749,20716407,522622,6821374,73605,674380,608,92760,334209369,3671,29709,64904,461,0,52933671,693454,359135,3457602,13396,NA,30009,145947,791,8429,38493,1818,561611,158357287,133628488,204647,35930,7399729,2282251,6219,76051,204231632,170465,2708794,13292,8178,78482,58329283,214008044,4888749,9270806,18196,12729,6420,3613108,7738,NA,2669,17102,36778971,76089,2110,1053737,9894,50150,12949,0,2499996,13518,45,11249,657117,939195,11184538,13593,6259,49510,4835554,305758,216737,2155487,1324291,12743841,13256,1745802,2618054,10310508,3039,89476,33710,236229,8276,8187,68889,25332,6306,13646,116782,10181,4164034,407,33394,173407047,311155,170620,47848,21038,11327,8995,10561538,361113,1592552,20830,174,8078,2012,16909,779185278,39,1054277,989799,7292450
"STL40066",1177674,87829,98613490,463,28870067,133410,0,19,87065,147162,225339,6642,17874,412,36623,16779,4936497,734696,97865,9506,50986,17356015,63804,794,5840,70688,78226,190638,8046,82994,NA,163054,68136,157772,121464,NA,684,1536092,1708199,1224,705063,173469,1467,167603527,31267187,38770,13093,50256,311157,938047,19162,NA,NA,152472,9571451,53066,NA,3804545,169890,5078746,8445916,766962,1770255,1931,515847,39,69529327,335,1855055,NA,28997063,7917,22742,48432,1811644,7415,NA,4218,27,57665,36947,1887,1480898,22222,93782243,95698,28344,169729,8334,7265590,77217,164419,521,4860,847774,300,1406,1074,92,25184,42954,1148239,30326,289136,5991,622396,2059379,24042,427,12401,97437,16865892,2533435,30418,5005,10766,3,419,300181,4822,8548,10362,140687,44,6592619,50843,33525352,1729465,741195,14918,1249704,83,99183,20534,211728,314137,NA,19,1085830,28119,435,61384556,9040,76,920462,40789,23627,15,83798,91803,174666,477690,48475225,1004,275305,6621,340683,592859,844110,31610,69411,4441,623602,970398,242249,91379,546496,109116,7285,37875,275177,17459,374964,110802,2025051,5191,2147,21228,601,6712131,582701,22707,4891,21372,236,420825,1834025,193400,196956,1160,114682,56732,44934,83499,298063,185370,362118,520083,237,1797,72903,209073,519717,7721,49419,13345,240976,43311,4618,120006,770925,19166,NA,NA,0,39104,8302,NA,NA,360901,NA,59364,224577,20172,NA,1439894,56850,28794,NA,1400436,NA,NA,1011852,2589,34794,167506,NA,721,NA,128,14601,NA,4452,NA,69710,36435,70804,51617,9044,75719,14228,117206,98237,23895,NA,NA,156603,42007,19755,543988,193695,135853,33336,227,103803,26757,53297,4792,2009,2748172,1608199,1929631,223779,NA,113956,43532,62634,26581,7483187,2009821,3870332,4840628,6740420,46093,37747,23397,1159368,1366723,9608137,9144656,6056383,6119388,5391986,57249,199,5231,76050,221729,394283,266168,222246,28297,9868,45,394,1053,373,NA,420922,84,3642,100,228221,192,4188,18357229,885843,722761,8747,170594,719143,10253031,646712,47879,127389,3644530,824084,NA,47392,197205,2250742,82138,6163,3984,NA,NA,4772,1255407,613584,NA,NA,118067,72676,63247,49892,52715408,23163,209603,220184,120042,1223,NA,449134932,1328724,466051,24801,17669,1678840,628705,11012,22045,1912,3597,15238761,13567651,868032,6087131,54701,349960,4502,173993,234458760,8755,49523,24203,5179,0,92993974,10462314,475650,1916977,26697,NA,80457,2326,160,7401,3283,2506,441024,309107545,3595123,83774,210983,11523906,844092,21755,9994,446480800,348015,1385466,25103,7663,161845,111567453,288867923,16826522,4383068,12319,65835,2933,1497446,11493,NA,2648,13852,30537915,32347,1235,636685,16517,55428,2976,11607,34842,1658,286,14294,20314,238887,16079002,60952,1184,9711,2461131,410199,133606,644856,3465798,11876677,45609,1632943,1224679,7712967,1621,199022,124612,101810,18273,1076,10868,33391,3960,14942,96715,7355,851613,253,928668,148514408,412686,18357,3198,4721,4370,15798,1259416,269348,1151247,16159,1816,10305,1339,24383,917459596,16602,1825399,1682916,428844
"STL40180",2019,96531,58500494,1451,32820598,43244,0,2,57233,72880,60744,1035,NA,12,1670159,391188,12483837,1397117,67847,6455,697057,35584564,366,NA,819,48432,23639,17652,NA,330,NA,9238,120322,3308572,302855,25893,952,353946,1710632,864,160175,133203,990,87620014,23868036,7575,8206,701,178540,530117,16186,NA,NA,158507,7089042,156940,NA,1666175,45215,4535314,4055329,566791,1031332,4970,276168,1443,9711399,231,5418388,NA,12471860,104749,46240,95953,80134,3811,NA,2243678,NA,143720,10683,1446,5141372,10141,47376094,NA,77735,5568,2584,4957460,47953,240853,6987,0,704920,544,1592,643,1387,14634,124374,429844,18838,199749,8590,44546,3599997,258,281,11391,164307,54295877,900468,19548,17829,3868,759,1307,158163,2138,2342,12934,352901,7,10532216,46970,16762682,10075848,7377892,13678,489924,1373,49848,13575,116564,595921,97333,1064,10357100,546035,1460,80849536,14226,7612,1538220,102053,17349,1756,233362,12475,22677,2015643,36956370,2039,201027,6227,244029,98470,60886,39958,461,NA,55140,190484,68629,6896,12298,49948,2542,755,231162,3914,2182067,37692,175046,0,49,9382,5232,221014,38673,8531,0,NA,0,32062,14732,2567,78675,237,1625,999,990,7822,73984,30186,57155,110344,18,19373,12453,340429,23199,NA,719977,183871,373900,5045,246751,18709,9673067,70133,NA,NA,391,2077558,NA,NA,415,307110,NA,35851,8589554,221,NA,25912793,20785,1183,NA,18087393,NA,2,11450280,NA,64030,16925,NA,NA,NA,NA,8411,NA,59385,11548,16758,NA,5041,15085,21790,6501,1498,7596,22594,37596,7368,1612,NA,6383,10394,178528,311574,316061,300320,4685,NA,45804,191941,74966,778,91606,6697429,8880223,2355741,2261,1692,5630,225022,272992,1203503,6968808,17580588,19027899,20405303,890240,312032,433285,4843548,17118399,38895236,22745176,20531429,25067409,70829421,930296,32392,92737,2045031,7483827,6957135,1214007,440784,36874,56080,7453,53,NA,18,NA,412470,0,379,125,67172,0,293610,91135845,405716,369022,80232,109831,12993040,3905640,331867,83671,60177,4988035,1309348,NA,253657,24965,1306787,78998,4967,13040,NA,NA,6991,60038009,792087,NA,45394,150512,75307,1535585,4662,58343934,33709,107802,217942,197491,556,NA,286025711,512693,296834,47988,10396,751243,1153904,9882,9881,2186,2916,28960497,82768067,329576,4643544,17172,911772,133,108059,920066748,4124,34339,16575,4914,25,13699040,635598,171481,2364167,17693,NA,11206,38990,243,6386,3819,1661,590602,211985118,592183121,21126,34174,NA,42961,29652,11672,287425655,368210,3556728,15265,19367,69015,77777306,199638416,20817684,2868990,8816,50046,22144,2304078,7474096,NA,21964,2131,14180353,18402,1700,880851,12532,10288,16532,3281,1294540,779,16695,24172,92940,27748,8594531,35906,144078,6836,4408639,1600456,201057,2824913,1064416,25046899,21673,814484,540169,2773227,32153,38013,70830,77985,144859,44503,138954,22115,40974,13797,82235,15802,1294415,203,5124537,129437671,614780,1227805,4707,29456,312148,9349,NA,1500121,960066,13728,481,52732,5958,28266,672694834,9679,434779,878941,NA
"STL40437",294,66979,171941907,6058,172304497,34230,3444,36388,603004,135756,25114,163840,484908,28529,8409,23491,5930868,465414,8082,12836,792151,2474898,238020,19914,629932,21946,797952,4143320,204880,917509,230609,1282862,7614,168001,142735,74533,6871,1584643,778565,13216,276244,82616,13803,102932082,26634224,10054,5976,37466,16846675,231141,599394,59145,1922882,1061601,95616274,271590,NA,5274483,3254440,8192329,5001228,434265,457073,2847,702619,39452,17707251,23466,8224,NA,12624838,25482,11664,27279,298605,28199,NA,100981,23,49077,6357,924,27990438,9707,13435345,182271,471074,16727,6119,468245,59384,20869,1913,946,5117681,501,17258,15406,1089,17324,215320,140971,NA,227165,21229,85476,8498614,10007,3574,9266,49147,24523715,14302901,39764,24592,6341,1695,262017,516272,7712,26837,23338,985588,2873,1331812,15429,3855312,46712190,11549964,42240,3806228,1445,160247,54964,365,790060,134730,5829,1197900,254362,2304,606044,43517,83139,938897,246838,60122,566092,63181,NA,515703,5971657,79938782,1239,216450,5331,684361,3848,230156,47900,52242,12916,703703,241709,5066819,288696,361271,39309,106450,199528,250944,535667,587139,367000,2693186,53605,79248,88940,4211,7732412,415038,34833,62885,123044,42265,706145,1828070,140456,71615,10369,172405,66149,52623,145453,133828,658904,149281,1884774,6652,7454,77279,567972,3851429,1626,196514,117153,407887,81822,21439,2297453,5247292,23519,101176,26431,14905,223303,92893,535,3116,392475,562804,188251,823476,674528,29902,4854654,1002520,620467,24975,5518898,17659,1714,3982749,210611,67188,561112,136089,113571,11325,33033,307520,125057,340688,206099,18745,24524,35670,23520,6014,79258,20094,128056,127627,86205,9646,NA,164546,61394,42762,897831,485320,606634,156866,15558,132269,55050,128064,28854,637,975469,5606335,9755439,1020491,2352,39848,137696,201705,98272,600998,2438091,12336680,19012306,16590843,104305,173631,147363,964051,3548519,15528639,20647209,18636220,8887678,4542027,4788,72,31606,142555,719376,1522323,1656308,1432489,978389,873532,652119,254310,562169,235621,10262,2675033,431,3050,205,536445,78102,NA,673679220,255862,6204784,3652159,745111,1277060,3646018,987153,165585,150382,2308233,6071946,NA,NA,1129,1118094,17335,1351856,1958317,NA,NA,12781,1858071,119119,652362,35957,158781,28356,164383,21327,19176517,20317,18,2239493,606240,2490,2464017,593830187,3464859,403405,148084,35578,2048516,3553507,10785,10746,3475,2405,14337456,23670149,310922,9039661,44911,687599,4708,673012,160858596,10731,114556,36032,7218,1692,19021881,820437,143800,1775938,16681,NA,950615,49792,181,29679,3131,16170,325303,185022305,243337725,954331,94886,458247847,NA,938194,10480,750737409,900053,2733547,34641,50349,135735,151890875,490115258,31201465,NA,338603,153518,6267,47866742,3349,NA,3648,8041,17511124,18773,0,1161116,1460,89802,39337,24649,79454,24648,5609,6274,150386,523040,12703393,8,35570,5690,1628985,870,44030,3125039,602017,18207474,47950,1058541,278231,4091762,20475,8084,49842,9835,352298,12193,863427,14895,94464,9263,46517,9677,47237,13,154591,1228894272,51943,1795245,13092,40723,6046,16726,942809,79954,830594,4571,14286,20131,7896,14300,295457260,0,663370,284314,703911
"STL40280",297,243102,104179236,20030,162892380,7255,24478,21391,224448,264817,150700,3316,35518,1134,154895,18390,5512038,1538558,743348,1178,2234063,6312307,13368,1345,10088,24837,29585,65090,NA,50459,43690,19373,556170,450170,202449,73062,3292,1365322,1108938,5323,244986,37951,5389,163495879,83557382,99407,7440,27683,5173876,372838,178274,NA,NA,570208,36828396,167361,NA,5991757,726139,3973200,4163104,751181,2724797,14724,1043893,0,10817810,479,10736,NA,11838216,10078,19386,29457,161287,19667,NA,1604948,15,282814,40494,1233,86616002,5512,8221318,347159,587080,10133,18856,1946540,33318,64017,52,5206,10621189,253,10025,5455,14467,6399,110779,42421,34838,375439,8884,20865,6648302,4172,1529,21476,1071689,11833943,2515094,33800,18397,6843,73,33437,381629,5660,16364,43885,1009017,17901,15211935,39236,4333204,16072220,27739026,192850,1839309,16625,68900,18035,654,875538,178207,6648,2545877,2101147,532992,23630221,47914,12345,1363192,64040,77162,76553,86466,466,264377,6061145,17821008,707,288174,9482,702409,364136,399761,28580,74070,4187,1035984,1193877,613236,169505,348157,1120,38057,45079,661891,70233,229743,259018,3053936,13524,15431,38783,4349,7768276,701647,31518,7962,80199,2131,1426507,1836731,194494,481877,4279,42183,378573,512934,440173,548523,304371,1004743,930949,3668,17987,32927,79989,313003,NA,45064,7645,93964,14387,282,46216,137520,2110,118,1206,1132,7429,1540,NA,3482,228503,17393,18014,67106,3899,NA,202488,5607,2963,NA,122848,NA,NA,199034,1353,12939,197354,NA,NA,NA,NA,NA,NA,NA,NA,10920,NA,14511,7463,4151,105622,15498,46586,39344,14244,83,NA,143993,53033,26437,79422,73146,49641,4603,NA,37649,31679,79222,NA,21684,51810,131998,102242,34920,NA,5939,4569,25687,843,53159,99618,235558,224050,803766,NA,40246,5884,46502,86582,541401,330988,262982,387340,16829,12,NA,5778,1604,8697,49667,13109,5598,1367,NA,NA,88,4720,426,NA,13178740,186,4100,128,833000,62,299,990175727,793745,1337893,3218,172119,1797939,6496619,438862,20338,158246,4419789,80755944,NA,NA,135150,2327957,42757,1276561,7282531,NA,NA,131842,8420039,80562,197166,NA,308078,84410,3736152,165879,40959306,39292,22,577188,588770,2822,632930,297021436,375343,240539,35948,12696,863937,3237267,10760,25651,2077,1912,22426798,12038670,1407418,12841926,198920,761634,5179,229721,92933609,5857,40164,682679,15431,3015,122470634,117637,3615474,4899219,19732,NA,118105,152005,6661,7522,4135,31436,324278,160603476,1200897482,1261563,14408,104655238,19273,6749757,31690,326270788,879152,3055786,24532,13861,103856,29608826,628540210,30709359,5595,16896,343839,3990,21750179,6571,NA,4623,76157,12610016,47939,10995,1998964,49954,54011,47881,8621,7029,3104,11000,269076,19648,779220,33126041,0,123764,22582,3049029,5641,47233,4918562,674759,21380129,102597,1248855,747030,20329901,132035,72347,128328,68550,2852014,13593,30682,11960,140706,549159,72684,1528,86167,704,84797,193036506,275826,1492766,38816,96312,4074,13038,382812,101754,572068,45479,65997,976618,20709,15749,491164326,7153,48282,697474,2213832
"STL20461",3116989,247684,62521423,245,109425279,5649,0,7,459529,27847,21473,21015,358,2333,241120,71283,5108481,1095515,672640,6193,424654,73574158,9653,122,5468,14006,74430,95646,760,10109,NA,98853,3425,253245,142591,NA,154,399326,602922,718,222075,121567,800,127251512,17862925,14097,10742,2663,476287,537373,21287,253025,NA,1107904,7814523,31130,NA,3912192,18290,3732535,6068378,705683,3740909,2438,371475,6043,18360455,402,559413,NA,21595925,54365,27326,64524,842661,192931,NA,4548104,104,217158,14083,938,23474662,18352,36729203,NA,53740,66213,3070,6746611,48733,240416,2224,799,6410410,255,329,858,3254,8374,94769,71470,17405,316532,18449,11127,509647,30973,46,12212,134340,25490319,850956,6923,39,1341,NA,7489,354605,2532,4988,9827,663042,72,5717797,10671,15360791,4406231,10134111,116614,237419,4814,104572,76323,210299,619404,168889,545,5455121,48665,324,30923514,3373,18256,837036,419902,68645,1259,123758,28891,40901,3159000,51910360,4408,372951,9321,382641,876112,155488,36771,2111,NA,87567,50772,68307,11658,38984,114503,0,NA,388608,8212,359337,59773,512469,0,48,2630,0,497568,33672,3380,0,3224,13,368662,69569,2669,10073,197,40261,8586,5069,19799,15852,41676,10718,45014,119,0,78322,238720,94266,NA,102264,45211,358897,28533,8783,14868,2390793,24894,157,477,0,217613,4290,NA,NA,607723,NA,2710,368343,493,NA,2227673,108409,6989,NA,3269377,NA,NA,5077133,345,328437,395979,NA,251,NA,NA,18047,NA,6188,9259,51757,14119,35416,28052,5543,35028,5514,68864,49755,19030,1287,4843,97536,26805,15330,456389,129359,82844,30874,7947,81282,46775,70433,11519,2670,1633026,1216217,2770808,342283,14068,70285,41661,94714,89099,5300142,1108115,3091979,7080404,12005499,196146,53736,77826,735037,1116479,4130682,8736912,13518117,14800687,19943085,262388,4417,18142,36324,107157,327043,445383,584454,8811,16172,16,293,2842,74,19196,549726,364,19059,187,78950,177,362386,297013624,370029,536330,100192,83696,2773151,2064435,442224,60740,71714,5054652,6691606,NA,29461,3037,1778321,104198,8729,11543,NA,NA,12116,2011088,190376,335881,NA,96486,16052,470253,262578,63489161,19343,49785,227098,199232,1042,NA,340493386,1191310,365069,44042,36644,1680714,150889,8666,62869,1905,2366,31499524,16488916,519426,5605860,79394,320831,13803,116704,4147576,9703,247157,103696,19537,1578,7627134,83262,859069,1952535,29285,NA,48321,33468,507,30013,2271,19941,51780,267762067,148934564,403340,5423,NA,1404536,29984,50822,329405108,255347,1283812,10665,15778,115330,88285330,499574484,54652915,3649760,19978,42680,64981,4675166,61631,NA,1521,16850,22300570,57566,264,515858,35639,72293,6480,2210,68183,5497,1423,62752,655039,247929,14865718,54908,19490,40831,4245638,229707,363464,1558963,1026312,13389275,12977,2947074,309968,1628116,4617,33305,74717,113698,6973925,17241,179292,28048,16488,24173,106599,1792,2258194,497,90370,438360164,922831,1263241,54388,81834,95755,13087,1508167,544901,1096957,23315,121,6838,4303,14062,747368890,443573,220547,806245,2443420
"STL40571",2757,379776,92614307,66440,96175484,2897,107298,151882,371619,4914,53231,1053,697,77,35281,10590,23217713,1048074,451267,4078,1004785,60636343,3030,NA,1608,18931,46813,75367,1927,19801,NA,32483,23943,3235409,973167,NA,1663,509181,1829165,4310,146104,52507,6009,52392459,7194052,25005,4363,2753,3839355,318897,91930,402736,NA,720738,71282739,52018,NA,26296449,94809,5866218,5368593,795560,1562708,11319,440654,0,19730431,422,597236,NA,13259598,8002,14254,262054,738395,5604,NA,27538625,NA,118074,16876,6616,170159625,9781,62984585,NA,146692,61268,2965,2910875,44370,166267,20089,2743,3971446,793,2340,9881,3023,15955,138813,157864,18991,248018,158511,23936,3256432,774,724,35417,259933,27981248,2031254,75393,65618,11644,99764,66261,864583,6041,20733,24830,449296,108206,1831663,10166,3278733,16652477,9797217,83314,584930,532,70296,13912,157,800628,55822,7371,10878440,7080886,66825,19908617,162394,19293,2122878,254062,43715,787,124006,1189,62946,5853068,44645551,1413,107600,17672,404453,852441,470064,31510,34371,1203,193311,247500,74644,35743,173436,22366,2619,4015,383812,23964,1372696,58523,873162,1313,258,2916,20609,1793267,164515,175,0,5536,113,249696,231743,25390,92670,597,4892,33260,32843,988,122461,78457,79367,176688,2728,188552,72466,414182,138701,NA,509131,101003,328359,1324,128517,22578,3309817,19092,NA,NA,0,429893,NA,NA,NA,404735,NA,4370,4179790,19058,NA,25457591,90250,NA,NA,8124615,NA,NA,3843763,377,46416,33252,NA,NA,NA,NA,7111,NA,52047,NA,15861,11405,21161,18562,9210,49980,10515,92880,67370,42964,4841,460,122159,46794,31563,430174,202089,326217,146381,1242,23540,64578,163030,13421,11053,565225,3928779,1842591,547651,NA,13835,55455,358229,86073,1057338,3186148,15723004,7314870,3657684,47536,447448,685473,1645778,8709767,38472440,13044745,6635853,1714251,1694715,10561,NA,88281,266158,1618000,1344674,230233,197209,74422,21686,71,508,15363,523,NA,20915625,2227,10727,234,631651,88,122753,355999506,491085,2149659,585248,128179,8198984,6614742,144482,183854,175806,6367166,112407723,NA,44749,8905,2027278,76107,2739004,5244925,NA,NA,1440,13112230,105239,110890,NA,302761,43645,1542588,59802,NA,13801,103,96164,178484,2738,385714,350393132,514978,242760,63299,35197,848013,679467,9745,131866,1152,1945,21626781,104056497,1858419,9805091,133531,698337,127071,116813,1722377192,4537,23464,563927,68814,1582,44757576,195711,1809116,5596229,29823,NA,140004,36358,5111,11203,2871,12086,316886,172328573,1973372,524318,28762,NA,468,6693279,54706,414569112,1438020,2786562,26752,26885,116285,84922855,395555418,66771335,NA,22122,1178165,3367,14680342,6598206,NA,9029,27329,20584592,12725,249,1100344,21392,31386,1326,7585,5213,6765,53027,49655,1118657,113465,9107625,12388,3969,9316,1762110,1499971,274014,1925598,463771,31015239,254367,1651669,1215854,1322122,138682,84504,105785,41544,773677,82587,65244,7323,55300,39702,85424,41780,2934837,211,280481,99020305,860934,845403,30333,252110,2983,14240,317447,87711,678037,52262,85067,167789,181478,8402,276682077,755,256254,390389,2852622
"STL10915",0,227715,59294999,72490,37088041,825,22058,38656,83360,32704,360079,2980,12714,7,33035,32512,15631765,693966,52658,6643,1373293,4464920,1130,NA,4915,23921,33267,43897,255,12544,NA,11711,319621,284799,373349,2083,1107,1067178,1663504,1281,402702,51648,1539,38605962,7994728,155607,905,1208,5065343,345472,143331,40992,NA,152916,15792207,138645,NA,1908535,210462,4300451,5229448,456221,991131,14227,386259,0,1489609,361,NA,NA,17362702,26451,15018,114821,47385,3054,NA,7480359,NA,1875876,19199,8282,11776614,14796,6382788,NA,170217,2594,7618,4125513,79851,94093,10018,2694,5692284,570,4057,6234,4086,9664,69791,54929,20031,291690,34544,31611,8357587,17388,469,44798,188733,28101626,2401256,106937,107931,5035,11,15972,555087,8967,11881,31361,414887,79699,2463809,12698,3955979,47230218,20014738,52393,1999100,4691,149763,22940,35,2560273,NA,8196,2666994,4224312,4077,7029121,178291,48997,4838243,774537,55740,10003,213963,671,101060,18457933,20241746,6364,83487,2951,1755444,1167367,189127,179517,80043,2487,280328,719220,165551,104661,125935,94,13084,9373,707321,37481,304898,84917,1346035,6043,2235,1506,29469,2673401,175653,4489,956,20646,1013,742461,314430,4511,221509,911,430,106721,100545,20915,228793,90717,230075,265232,398,9627,59040,102163,97309,NA,61986,15564,221902,12,115,7789,426872,3680,NA,NA,175,23783,NA,NA,NA,913902,NA,1579,110194,7133,NA,429999,59657,NA,68,450842,NA,NA,558749,497,95251,28864,NA,NA,NA,NA,NA,NA,NA,NA,9217,NA,20776,12303,1723,63051,19123,61459,41794,13033,105,NA,170304,51280,32953,158090,92661,82436,21162,NA,55119,55935,101979,1006,10725,355376,321860,469192,115240,NA,14159,10244,32875,8867,1984553,379157,615967,1060868,1945756,7301,52635,12885,341239,242206,1021920,1331523,1686243,1910523,1874027,16904,NA,6656,5231,29112,68941,37980,36040,2160,1127,NA,31,7570,311,NA,19713574,2002,12370,143,699016,1047,1462,173920988,362841,1407414,327305,54381,1978039,5123423,169901,98041,190787,4546161,95906234,NA,112957,2881,1138158,69708,3629581,5690981,NA,NA,3096,7756938,146620,277361,NA,223574,68972,897202,3154803,10226669,27637,13,266776,244777,3874,930235,422010222,379602,230281,31528,39094,1184970,2195373,13604,838522,21376,2642,13069378,25604162,7412962,35252026,482977,131692,34556,203851,607168244,18549,34711,146715,NA,3861,18942698,75590,28168,9832373,20991,NA,43790,122413,2904,14297,4622,16803,95215,234241949,3125024,91132,36306,NA,1718,3974557,68829,353861928,762900,510505,17182,43933,148914,74588882,983402637,46817446,89,23824,1159836,5409,2878795,15681,NA,12860,70169,2561693,18063,5677,1135376,62432,47439,3105,59038,9897,16240,30752,202725,98480,1088545,8231166,0,20402,5756,2748838,46383,33926,2826559,426943,51290957,386714,1493378,2391909,6142079,40517,403374,190025,22240,138901,90441,264831,3031,116188,157885,80819,15238,2602964,88,1911,487784222,341885,776895,26728,117904,4762,17993,241058,174589,408150,63506,82907,98576,19701,17403,201260257,475,63828,220632,2581993
"STL40539",37227,186288,88039194,474,29794530,13814,1839,17002,639030,141710,12432,58545,395958,5979,66369,17764,13402045,217358,156921,2621,263235,907310,136822,6106,349712,22629,729650,2876839,114956,919833,208402,1010496,96833,101136,150387,37941,3836,2711603,896510,9247,252743,21585,11066,35380064,28998232,18361,11796,729,13686217,104625,523933,166422,NA,2052604,94458364,2116531,NA,1496132,2753796,3332813,NA,57377,389400,10465,995466,0,24546285,1677,6126446,NA,2730367,16627,23824,57430,869709,29025,NA,4477183,NA,29244,6238,197,22739398,20795,5961505,53773,66073,69506,4664,317215,12664,32966,1394,3960,712699,287,13484,8352,882,7707,34403,6306,16716,104214,2325,7993,5173739,2243,2057,4958,256219,15960339,11983529,19235,34759,2789,10167,156069,201864,7732,21505,30614,301083,1080,10736500,21703,3786331,39858420,7703707,32901,4406324,2311,208441,44047,6792,663019,694606,11593,1444526,945475,344,8346491,16067,5387,986052,935440,41116,100784,125138,NA,460924,13708675,17279829,2728,86019,4260,571193,581267,299247,6533,20359,12585,636715,351695,2712468,472396,269465,13445,101959,271393,332754,520919,821685,302141,2342743,37104,34301,142005,7541,8428053,245752,22774,43734,98434,49524,299156,1813956,67002,135570,10375,155704,113491,55519,102999,192429,598594,360431,2661409,7172,0,3629351,2121889,3698028,24690,130267,73173,1565028,81623,2773,2323847,1261669,7572,88349,1484,14297,79859,86710,1225,665,1523767,932421,136015,843422,458787,38588,2657652,1164319,663527,53184,1471529,17797,984,1513969,215084,58616,410675,145042,224590,7380,32147,922139,78340,462579,136290,15411250,785641,10904508,126804,26407,363365,18679,10349151,144431,54889,837,1048,488682,46179,9889,9055073,234714,222036,66409,NA,196353,42326,30319,10428,1909,4968604,900044,1373558,346332,NA,60133,53946,97805,70054,4588544,902404,2768658,2944793,2525300,52395,79641,98850,428891,1652125,6643016,4976577,4982198,4059754,2685976,19411,NA,22036,39279,235817,770772,918457,1362783,1045949,1042301,872695,469691,899728,209088,13904,4854833,1173,2985,175,320879,34282,NA,141769448,326507,2360393,9114533,269635,1289641,5137999,1639567,173203,100688,2014481,32966091,NA,NA,9141,737344,224912,526132,204634,NA,NA,6224,3276314,478312,741086,69615,42312,226987,180774,140699,16020014,31557,1758,1753283,645989,2401,3341692,927104984,3257315,609429,51918,25116,985132,2780873,8124,318670,1046,2225,16495392,14468562,547021,6164373,65986,160205,8067,303027,2061669,15299,67027,154374,4615,6735,9093787,NA,812113,2088334,20899,NA,319118,13552,5948,61110,15283,2026,611590,350776028,233590053,316837,8386,14290672,18233,1095602,7435,1027274140,3615236,629509,28437,53809,120321,264589528,970917064,35476292,190015,222239,469698,7886,4100219,216,NA,3377,17919,9653832,24682,1559,1060366,11804,200041,1662,4915,20933,31353,17759,5061,479458,1149975,12568129,34750,24973,14041,3196663,2970,156817,3302095,1355134,10237991,71819,717532,456125,1305728,30303,14215,107682,38945,14793,4302,39583,5789,79573,72852,52216,8481,9366123,51,6342939,148787292,221719,1540333,8868,14746,7969,13505,NA,68974,314920,12981,111,6840,12236,20019,223287029,43,395738,530043,NA
"STL10884",22422,53864,176565900,3356,63124945,97797,8923,0,1600805,197473,37296,60580,477111,18151,1683,NA,8747426,82943,74567,15527,967548,99837,248391,12468,429050,22651,633386,4440120,189965,2303366,212821,1416700,191813,168830,257553,350539,29762,4691195,1748697,60508,767247,63702,97145,30970946,37407981,22774,11026,739,5395612,124411,264217,1258021,NA,2974433,252839843,114885,NA,NA,5794639,8444747,13859430,999958,675535,8801,534232,0,155832454,2085,NA,NA,43371031,3306,9134,31053,1019363,1455097,NA,3068726,NA,33840,6220,1133,8961064,14745,30939774,NA,87412,64383,8652,277983,145583,11497,439,2775,1525262,1002,69507,33442,448,113645,93788,67043,12873,175759,696,65830,8634128,4611,15205,11074,77779,21246753,20388314,39089,47329,4929,1530447,54804,845574,13123,6256,75199,409480,3,5411779,17391,3601104,91906212,12647517,21819,8669872,3789,175701,68742,15424,356508,1184814,12580,885058,388441,4632,3106160,58706,0,898476,1560500,163277,6068,44163,2524,641656,7011996,42564521,2318,584585,205,653068,626,1168,79044,16559,10464,865564,465606,7303305,611921,250214,27274,143127,358537,162734,1287944,819636,431341,2832978,51150,57636,204215,7818,8856204,214239,21323,53122,142313,96916,298517,3421161,69949,111617,14751,195097,146397,92031,321370,204559,742747,377861,3963865,0,2456,93324,612748,8629757,26512,305842,157680,541625,119675,19016,5315321,2545600,11837,88547,7658,26651,235650,198442,24,1863,570136,1692780,270586,1649026,1168831,67374,4735051,1077507,930397,55085,3193876,14003,2776,2085594,525134,46886,502160,156552,259454,6019,19616,2294297,109568,699530,263112,32363,24756,49559,54289,29429,65483,24327,139466,176091,156450,44417,11112,227521,69143,49077,631151,504762,516567,226974,35096,145912,107809,128487,13850,865,1038802,2788878,2689938,749861,4436,36566,142286,276567,140542,2161487,2586531,6757372,7099722,4646461,100320,188192,204771,976214,3987100,10484466,11119204,6342305,2675593,1628823,362,NA,47745,76698,401507,1597928,2331917,2980161,2267057,1836486,1046699,323442,2205223,422837,18485,401589,247,3807,301,1347755,300853,NA,300869865,488304,6790838,7164932,314789,1834828,647847,1860190,164880,257844,1810308,2468107,NA,NA,107004,656951,6594,499981,219940,NA,NA,2800,976293,356700,821496,138385,40702,46518,38804,2005,35167793,26625,5011,3729346,1202616,3012,8592987,898017521,4322056,578895,277928,18983,2735965,5333980,9886,11459,37,2019,25373355,26960909,306308,10153432,88999,907267,1332,968210,NA,14502,438046,33782,1542,2315,36912120,821898,176959,2104252,23967,NA,680429,28901,2888,99992,1751,4424,995553,378252788,168247521,2876746,71159,34977149,12412,234182,11300,786132438,5966075,3599900,58370,90399,191217,195481482,729953580,1464255,250845,844976,118662,13689,5004982,NA,NA,2498,8332,15614378,11781,4032,906567,4419,250940,8656,19151,4225,54014,2097,7865,839108,1546987,8364079,0,102523,3691,2541398,NA,172215,4356701,1941685,15572039,27754,1318307,504612,NA,2125,21133,20999,90727,9271,6499,63125,11119,113752,25199,29528,448804,286052,0,374840,582137199,234906,1966584,4788,3633,13621,19534,NA,61577,373302,21839,1566,37364,607,9412,406955592,5,906020,819111,NA
"STL11089",759,291338,58892274,2638,23668095,52548,825,747,306282,190106,38486,87602,1195670,16819,11528,8386,30080459,333640,0,3180,996780,11809540,343899,23083,617143,35482,460731,3729470,233908,1539268,NA,1231647,486854,166312,212188,122121,6007,2657879,954455,8362,384538,41648,12168,21160289,12888202,42001,10712,764,4213493,116549,123989,400661,NA,2661107,15860261,62093,NA,6277960,6814590,1167735,NA,2880247,640563,16564,1079414,24,34766296,430,NA,NA,1525755,8629,14546,160795,202630,44447,NA,2265389,37,27161,5109,953,14561737,8392,3237283,134972,28234,14537,2631,1710231,8401,43475,17750,7621,829993,718,15635,6619,615,9271,29407,53201,23837,184707,76744,110515,7819075,4923,2557,11644,149179,19974792,15008293,83087,40518,23842,115042,67840,810887,2523,35322,12819,318721,30,5526160,54755,3946608,54215358,8625287,14523,4484825,846,131948,42816,212,1823753,530363,76242,1690965,2285520,236,13142156,72423,2568,553431,239073,48292,14873,44576,965,370577,11538434,10578659,6564,153442,1753,606570,1501222,418339,29995,32757,18496,509549,446208,7293313,659682,341554,33975,194274,170080,341096,726888,1356174,283242,1959405,113082,45987,89718,3257,4952263,279753,33435,124159,84722,63034,895835,1774461,77553,83925,29398,81364,299300,186730,223706,154824,570794,171717,2184215,20,0,47390,448734,5858481,4779,43489,19462,486750,127150,6421,3064550,1566530,8288,137716,NA,3460,128909,198804,661,NA,601527,841809,277520,220865,894463,NA,981282,1009393,847583,10244,1831781,23314,72,2853614,275747,46741,203371,180609,170966,6709,28538,151541,160694,175140,337604,13412,18755,27538,8424,1163,66008,12982,78512,33856,10157,174,NA,195595,42697,24512,347921,72901,65484,10518,NA,117167,36280,97433,7529,248,550192,448087,1330722,164422,NA,33948,19706,57694,40366,925718,320564,1293201,3797554,8658225,88309,48182,25533,116801,286729,1943583,5670645,8732290,11224746,15788249,205232,849,10872,5937,45539,217696,320308,459655,108737,118093,58305,17043,7622,13974,NA,17128670,9496,3278,386,372653,1920,15206,171147474,864630,9707057,19408489,494407,1961539,3801338,689264,149392,102868,2491824,118598364,NA,198917,297690,1115585,55432,1549096,1083318,NA,NA,7090,113130202,230767,2604337,48252,92032,73872,NA,1286055,36952573,11942,95,3619664,726142,2594,3122113,802236136,737281,371360,167112,10932,432060,2588086,9049,10623,1923,2379,15283951,17912035,358315,10260487,106477,132408,1760,269106,37089756,5320,21578,124645,3373,3543,35805336,860251,578451,3149822,16867,NA,129861,39122,14874,5440,1993,2221,277207,425589023,60216759,75688,59270,18035646,NA,414471,35238,844360718,682064,520833,27803,44152,141736,211190620,803956781,13504821,4027,119591,221530,5411,7643746,1537,NA,5084,23398,6309362,35528,6472,1373298,9634,101233,2651,23496,5774,11404,16622,12406,172585,403333,15005022,0,19454,2917,2022784,10545,39499,2981779,684143,18056359,36471,807959,332100,1204491,114487,17953,95862,34004,109964,4947,209201,25060,159158,22851,82976,13020,4645313,90,8044,2240346389,89285,1435850,11327,56506,4306,13890,253729,108180,225870,77442,89,13730,102365,8651,251178958,96,467232,347053,3443933
"STL40487",4331711,263296,46121413,104,70058153,7822,0,214,85744,113866,16001,10802,1647,2211,1905655,20868,1089734,1859228,457667,6526,168209,25989501,2335,135,7831,61353,108791,178546,1517,9003,117611,171525,6467,178793,106899,NA,287,271178,432083,464,263541,16540,614,79272689,17315016,23475,8548,2789,76311,752503,11601,NA,NA,188745,11934496,32361,NA,2675905,42705,2097699,3528890,1060980,1176302,21951,201629,1128,4638467,205,3485865,NA,13913624,11334,70490,20264,141055,70208,NA,1350420,1116,158532,43578,8659,4586475,2550,32970893,81508,27709,10736,7914,4074998,32999,165923,10607,5159,1337230,73,435,1955,1380,14304,56031,45189,29536,55810,57980,21808,498654,10539,115,10304,231063,8821138,1330334,30019,7131,6689,NA,4180,379305,702,1422,11382,295442,85,7675195,35896,26163908,1237239,871915,43475,249059,1543,58731,15945,144213,918005,382743,727,854018,19431,330,16182046,4619,15794,472533,344537,35686,969,269122,12198,114189,1732978,46302166,6019,572372,16468,373226,797233,247797,42201,9022,205,194896,254513,73161,24412,76263,149862,1279,3473,805608,21064,253733,110336,859122,1220,3223,7367,538,1137404,72490,16273,0,17960,4,270525,208325,6485,66732,432,105194,23438,15023,36764,86760,113301,76296,184188,166,509,111544,371076,68804,NA,117438,57565,261134,86124,4677,57441,1216598,21993,3297,435,0,131482,476,NA,NA,304444,NA,11865,417362,1626,NA,1290093,195470,21264,1898,1124651,NA,NA,1641700,247,542510,924847,NA,1208,NA,642,89257,NA,12208,103934,53517,NA,43923,32798,24137,40952,13498,687954,68032,33704,2233,739,297879,29929,12354,10265694,216890,190605,125269,1752,312483,49042,49757,17124,2761,3654959,3245087,2445489,539503,NA,18193,45468,35275,82550,937437,1847773,2853208,4291740,8769217,154406,43296,50606,1143403,954922,3881253,4313901,8506277,10094756,14004831,216383,8501,10806,86993,153084,309875,253206,285810,5754,13028,1627,82,3146,NA,3952,240217,136,2906,677,102994,1129,968506,68362374,1239841,403143,256757,56615,1649473,6177847,300054,106130,48704,6591485,661940,NA,NA,3709,4771749,181386,5498,6731,NA,NA,14166,2537772,976590,495405,172384,118990,35495,506123,222315,40518898,93054,27919,184206,67656,1619,NA,244766389,736246,257748,42231,8432,872573,152783,17903,20234,6334,6180,42089670,11262694,1029202,5814455,35350,696651,9650,115489,12312590,5047,48959,44615,1827,0,22189164,308009,414299,2621282,96746,NA,29336,11204,948,7693,3226,3953,365411,185307171,67953279,127773,32469,28831126,1871936,10886,56125,219453013,313485,2771012,14644,7700,87298,61572974,172582848,46351737,2370594,9862,11823,8335,1779092,64794,NA,2846,9409,32114472,150900,431,305775,13087,32868,1227,0,423028,2375,765,53597,220116,69226,16907454,100150,1865,15276,7304396,407525,263905,1363743,1294918,14646439,8393,2243710,1503438,1132680,3851,117786,134855,248792,7070,14911,48938,220417,4653,18264,140279,3363,3441910,796,9865840,168898534,202466,94900,25855,41961,23183,23722,1166587,615743,1815365,34047,176,5513,1640,47919,839698986,91877,595173,1301440,8253863
"STL40040",677886,183547,83911718,16566,29871713,60338,1273,5288,198931,57320,8282,16345,56630,3611,189630,19316,6409659,364211,743241,2328,776124,3262936,20101,1312,80596,22385,23450,139419,5323,82399,NA,122965,266626,2529223,559663,52787,2091,565708,1565588,5341,208154,89533,11269,87977800,19797888,19001,7661,2241,1978052,254278,75963,435953,NA,335871,26363355,64589,NA,16701272,540151,2336341,4326534,494132,1138498,20982,862716,47634,44662440,2676,371647,NA,9786514,17444,13253,74118,1270410,76049,NA,812778,32,304878,12782,1636,12939981,12378,26953684,92550,199372,117558,11314,4334880,41305,54675,880,785,1154015,620,4158,4467,1286,3355,44696,707358,18410,289098,1300,37325,2476489,191,1135,25542,95752,39022448,3681290,34596,61919,2228,4,89194,704534,1591,12543,30698,254287,1879,4543103,31193,5396743,32211008,16507078,21752,1323764,6616,100890,47515,73245,407926,21635,24464,9768707,260706,321,27747740,54351,3678,2852931,1391456,31927,326740,79905,2696,80854,7891545,22899513,1299,74286,4013,733825,588424,513543,23435,NA,4420,15522,188945,604908,137892,843,22610,30401,27613,137519,80043,1104372,36825,40947,16501,7710,6169,7745,249465,35837,14421,16410,NA,4503,NA,102133,18735,30504,2338,7671,NA,NA,41940,68071,154814,99333,522066,3938,1315,51618,694500,432381,3397,1361208,214165,465360,13108,587285,169814,15965645,82533,246,NA,0,3031087,11889,NA,NA,456875,NA,16844,8752910,34126,NA,42222850,265640,21097,NA,30341069,NA,NA,13085888,5189,28748,5082,NA,NA,NA,NA,15643,NA,58877,NA,39257,27196,46340,102756,120310,41593,18610,39171,145144,130965,25756,7893,NA,51531,51938,190763,1990597,925825,134501,3849,NA,154789,635296,106303,6083,81355,15229314,19972608,7287858,NA,NA,63648,850373,748548,337779,13943743,34013058,39961832,33391793,803195,1596493,1458998,8734029,33164131,76832481,39701399,37900398,12843717,10475874,56970,NA,400773,3362716,15005468,15469483,1460243,126702,21361,100109,122921,67039,NA,31094,5335,2336772,672,6511,72,621283,44612,89,95258923,211377,1934043,1967536,131310,9456330,975612,607720,96214,159458,4189580,53260233,NA,NA,174922,627335,39670,377728,408688,NA,NA,4930,1736154,228890,NA,14455,57325,25485,29997,26402,30543709,15468,22317,840112,576861,2465,1576278,480707021,1317200,315988,31629,52050,934990,1249819,10820,31598,549,1799,13584081,91733011,840945,7988036,81445,632484,11087,295586,6995616,7400,77002,176121,3703,1706,23440274,271581,580797,3707840,23824,NA,233513,183413,10057,10627,2296,3170,230293,170973145,421646756,94612,17135,7460964,9865,248733,21987,479324157,521265,2550140,29100,52953,116801,105852428,1217321226,11827711,2359723,255411,215402,54926,6441615,2534949,NA,16225,31448,8253952,24234,2630,1448769,17054,72717,5962,27621,159507,16696,7306,35166,659520,219901,19322836,18391,41188,5381,2445682,719983,42271,4158734,1055115,29416229,50446,2182911,390801,6706333,6960,44900,161991,38669,151321,660,1324040,18394,111898,28974,81228,2043,93025,109,1214,1762301569,611272,2574225,123104,68920,101682,13348,932195,196459,369086,31089,534,9219,7500,12060,307210572,1311,386769,712353,2165032
"STL10705",0,628405,256601888,11288,37968685,512948,16203,98797,267415,66700,4546,62117,1935280,3487,1118,NA,2907578,81292,0,22075,126608,26304302,49664,27444,451894,27809,33930,180312,3561,589776,NA,54558,2078,255813,290826,176262,22339,2899258,1237024,30584,408215,57121,35267,8146058,2432940,23529,295,1073,4594538,NA,133750,NA,NA,1046773,65434750,66497,NA,NA,4602653,2201234,2511057,1185435,2658519,1792,40094,0,NA,383,NA,NA,4993788,4475,10416,25262,558885,445,NA,56061,89,369,2585,2448,7633741,10029,5419686,NA,5696,33433,6094,974592,31397,40602,313,2178,6860225,1004,85748,6453,351,108882,102532,105504,NA,244272,0,114626,10696612,29492,8778,14119,278451,32837784,20670778,50390,45297,5420,423640,1045238,69309,22578,4435,53872,667493,13501,1047230,6636,2847754,56718572,9932522,89993,6480427,21269,278441,34994,NA,1875387,24615,3871,1399719,23069,48575,3669945,61390,78,634251,8704383,170480,0,54633,NA,419000,7451820,43880431,2527,305558,1828,1410225,0,1046982,34800,41680,15704,842151,187549,6442321,480259,470170,29025,211020,161394,139118,610632,2168998,233646,3354648,64879,14318,78324,14321,11363653,527892,13078,142024,102373,58363,388981,2607607,145354,45094,15196,146645,49154,52595,236045,83817,464635,156886,1965423,36758,8070,50124,389217,1555433,NA,169828,46931,381128,22569,16954,346131,1194142,6199,280,NA,0,76358,51684,NA,NA,706748,412003,69894,792032,83858,NA,2233183,62047,29180,NA,1358239,NA,NA,1011754,19554,79208,14911,NA,NA,NA,NA,490660,NA,192956,142844,24426,32726,57424,24254,1215,91269,18014,155717,131877,39540,NA,NA,244977,69449,39647,550593,380896,245760,42250,NA,174524,71710,134742,4623,2884,1324411,2147108,2185805,391218,NA,85312,97947,204634,69893,6504846,1466569,6487206,6171559,5578179,21720,128672,117359,672689,1842248,10607100,10384676,7886293,5952075,3578186,28667,NA,19943,63577,193534,489928,443251,507548,327403,286355,157440,51624,156299,38201,NA,12440794,820,5007,448,1888188,165985,18,545815248,207839,8623006,193910,802714,1700723,794793,604168,210641,225663,3016292,94423660,NA,NA,4818,809993,18357,2774911,1044951,NA,NA,1094,6464225,49889,53143,NA,966642,16821,476537,2031,15314885,18979,321,3714295,220603,3914,2419022,1357998250,6896360,667875,417319,188522,5627125,4363481,16391,15038,728,3141,29533427,32102388,357025,12895359,55095,502764,48177,2332223,171466219,23238,112381,596359,30680,15170,78552007,703759,72477,1600042,19307,NA,1770134,8875,48,36389,3077,21149,283833,499432318,1159037,469419,85642,71632832,1107,549197,7824,1446195161,4652406,1983862,100060,73700,437962,292545240,615570568,66080927,NA,540441,93037,6735,1334407,3412,NA,4958,915,15633734,5794,0,292432,40653,101396,0,45770,7149,60897,2172,8991,27994,471324,2100383,0,813,3182,1992041,790,11056,2429241,2487451,19355414,68552,262297,362080,NA,32836,8112,23228,6216,36761,29090,10416,7319,18942,1840,42224,362179,66898,3,1789,539208128,1809918,1789643,166714,454863,6985,22660,NA,17606,205804,8277,0,10050,16869,13737,267717773,68304,466519,770444,NA
"STL10836",3999,44025,1699955329,0,11707390,0,0,0,NA,1632,NA,411,NA,NA,1398,NA,NA,624906,70040894,0,210287,453749,8752,382,NA,35694,40756,204577,2695,11629,NA,6260,0,67335,42696,82413,4133,215151,210084,7403,612731,9708,6055,1153582,797789,21927,349,1743,8019492,NA,41929,NA,NA,NA,42960941,70934,NA,NA,288380,705309,2365533,NA,8299366,5,28681,0,NA,976,NA,NA,5131137,0,18556,4667,5044,151,NA,22596,61,87198,675,133600,1959796,227,11876974,NA,1960,65,0,234989,78128,50851,373,0,57749907,1266,11138,251,0,353445,60615,60418,NA,3517,0,187,1304249,15337,2161,9995,23232,6416275,4816296,0,0,2975,50,18607,236,13388,1859,0,656213,233,3207102,179,2497906,325973391,80340457,78678,571285,0,5061,26976,19,143829,NA,0,197330,NA,68916,NA,0,0,2937204,1184405,0,0,57549,NA,53455,14545965,45255460,0,570441,NA,1685898,237,5399356,43265,1930,NA,475957,78101,959957,NA,198024,1112,0,7568,9916,14487,596830,45324,1494608,0,1554,6044,0,5409274,67085,0,0,17317,0,169408,2802442,93462,14118,548,11055,NA,9683,307224,13947,47124,56142,151317,0,60468,12367,61179,337992,NA,12133,472,139756,1008,0,8642,55808,0,NA,NA,488,120,NA,NA,NA,426935,NA,3745,19973,NA,NA,175244,107391,NA,NA,48552,NA,NA,28004,821,68325,3763,NA,NA,NA,NA,11314,NA,NA,NA,8032,29251,26433,10981,NA,126203,21872,99792,69217,20509,NA,NA,319109,95780,49686,174559,153404,109990,12285,NA,105427,80898,147141,598,0,121622,497097,498180,130571,NA,11047,20184,69544,21232,110009,194489,1963982,2169027,828140,NA,68284,29494,44879,258902,1738854,1358582,722418,254788,42416,NA,NA,12780,4696,41003,63377,32138,80429,191694,199155,75106,3838,7087,7795,NA,247740,472,6903,406,18465,0,821,388497329,39966,14377,2433712,196118,514855,5582048,0,412862,920260,9883723,288263,NA,NA,2711429,32520,NA,572,4063,NA,NA,33676,111214,0,NA,NA,8518723,17606,358925,0,1566895,33309,25428831,1384776,0,1171,NA,11510505405,10152,18508,0,0,25498,641341,35351,14496,3590,3963,2341167,11198251,245846,31359844,55752,24809,149127,389236,NA,0,3537,86841110,1613685,0,2209335571,1167430,NA,784345,42200,NA,170382,0,921,NA,5807,7,168,3039519864,3200568,38336,8151,2628774,NA,329,0,12738100071,2183168,90822,0,0,2327,2484222145,5178183934,NA,NA,0,290,100311,1045071,NA,NA,0,0,1089290,47584,331,0,0,96120,0,96715,54754,0,59769,126,360417,6188974,NA,1049,3529,7976,1492891,NA,926,356720,413606,24213484,4958,1031045,279457,NA,368,2855,0,8415,NA,13935,18236,0,3668,0,0,3614,483079,0,379,47268474,NA,0,38731964,108250163,11392525,44811,NA,13069,315419,492,0,299,1983,26398,40884747,2474,266560,70,432058
"STL10590",91340,27124,89203976,0,150285035,1402,0,0,1589988,24672,2588,9324,43187,158,658617,13144,4158085,801138,148874,5204,668225,1939902,40811,NA,49133,16256,81276,866903,36485,869636,NA,334265,6135,129794,182167,12365,2740,5004365,2640321,5026,1250434,7874,5885,303215654,44590752,111078,2605,7171,3048483,342991,112482,6834751,NA,3265303,20594151,119775,NA,NA,674397,6267189,12156688,1656784,618368,5493,851153,58,40616293,1672,6799915,NA,36699741,20306,19591,52442,835499,227681,NA,1355274,30,149713,31586,29945,5482044,12971,22894770,359012,152690,54364,5715,3096688,137627,74070,0,6861,747834,186,12055,4183,177,41460,17785,509673,11682,290192,3797,25064,5625405,13686,1254,5354,16524,7968157,13703613,53971,3103,24562,18017,1310,496956,7356,15540,39094,336492,66,1026551,4652,4186625,28197803,7485922,7677,5202824,60,195341,5259,36805,126153,556898,3774,276473,419,1272,951707,13532,2200,1343481,253825,40856,160,96506,7854,410512,3743987,38515553,1825,568224,345,497145,264283,103292,7635,18500,14753,789497,327689,483697,718180,387033,26737,68580,244174,261001,159511,523774,493423,2446134,67528,1322,174852,0,7288599,195910,4148,10584,127144,5516,265465,3309026,520050,56645,3223,176759,71567,69354,655471,94472,443136,174586,2830869,0,0,48316,404087,2970184,1550,147956,24214,417474,43757,18887,1346594,845131,92,50423,NA,1778,54527,107729,NA,NA,324799,850095,128025,1016407,381969,NA,2138283,277157,201264,1665,946311,5952,NA,612146,129126,6226,54972,24070,32199,NA,1273,1535355,11167,325780,343222,8213,10979,19355,30528,15056,47365,15226,79448,94362,58329,9973,NA,194693,66185,26730,498841,360305,265800,81411,7037,206356,122503,101969,9386,294,979807,2285230,1966542,490185,2728,89149,201630,291676,102647,892755,2454623,5977856,4891000,3676121,95436,252540,172514,1016725,3214403,8649245,7821852,4107781,2398836,2137395,9426,333,40442,53795,357623,1317872,1719493,2314404,2618288,1929155,1415001,549611,1528985,546168,89626,146949,264,2937,1130,164010,102,11692,323080422,677066,3606024,128620,825012,912494,3364788,622866,99428,117838,2699029,230439,NA,NA,NA,999920,19466,11981,83640,NA,NA,2385,419736,135119,1530386,616902,108447,20355,NA,33557,5209364,44876,8303,2761292,155524,2191,5455790,462183574,1950078,316556,39938,344791,1917891,4005492,3669,6958,4258,5271,4119137,19204620,238011,11402146,105098,118600,135,49640,NA,12545,54281,10984,NA,973,12584892,167316,29686,2432056,17582,NA,77457,81476,445,71287,2843,1797,389833,240635560,1445359524,443204,73605,9637776,275518,7597,29858,396278022,326186,492654,11127,61029,148072,102001180,430155802,1081917,581365,3364,7417,58392,1093384,4802,NA,2486,46400,10086638,44625,43,548500,1002,230535,23627,0,160663,23777,502,35156,335072,1936584,5320432,16069,135101,37204,2079379,31977,26577,1693221,2077958,16050081,6997,653667,933288,11007371,1490,189240,15582,167994,11839,3014,21682,17794,42064,1777,101022,9457,92044,232,252,452566489,322466,3804488,13485,18000,59613,17090,1659812,147933,3146845,21672,9,25754,231,10780,754386655,269,710884,1436012,NA
"STL10279",132417,598374,67416523,29,33577807,62980,0,9,201640,115816,88426,51443,329449,7759,12755,NA,10087579,109146,22434,6846,415913,12456759,90811,5082,241718,32908,126079,842240,32177,527966,NA,307643,1498,343785,189558,54238,9146,931955,783686,17339,242502,99284,36886,29658824,37662151,63485,28024,3044,1877861,216184,78550,817248,NA,347150,21890829,50350,NA,16485983,2164111,2129062,3008800,518686,1650483,14519,1242380,0,25590635,488,NA,NA,4482800,2935,8602,63323,713714,32034,NA,1269537,NA,25291,7027,709,14146710,10787,8276965,NA,34179,57581,3528,2476620,18415,62553,2263,1134,1429115,486,125738,5068,457,13181,73466,1543512,14705,231641,116550,146333,2497457,15560,5030,29084,280421,29120824,7572341,33017,12699,2695,58,9103,1075587,3355,21548,11392,532767,26,5665754,34662,6234398,14091710,8146150,30114,2167981,7359,77162,74619,12625,1022485,507058,3201,1560172,613484,1097,10476797,27822,0,1824054,935945,71434,28635,96899,87,225316,2643341,20719474,1121,243246,7092,449762,14803,238381,67731,14466,7011,321446,200372,2276165,142029,93689,5175,52510,89520,179627,321825,950034,110820,1206080,24141,29386,32270,44,3994042,158142,14464,45860,43146,18008,304693,514443,30224,41205,7666,77202,19062,15655,52854,71686,270310,75890,883756,0,0,575637,533655,1911235,NA,645183,618437,503496,50124,9020,900920,3911525,36865,6841,NA,0,315288,27233,NA,NA,704089,338728,112140,890423,243062,NA,4102092,192220,145793,20666,11785716,NA,61,12496146,67869,205482,116729,16333,17760,NA,NA,65872,18877,134059,56596,6608606,101976,2825915,4166902,1118550,86789,42862,721688,2947165,1285876,157562,224042,185405,78379,36895,755472,1019629,1096866,1167312,465479,448798,181925,51728,17083,3721,1434092,4327323,6318625,779086,3199,270595,348361,240893,55918,2452995,3347381,14264652,27250915,31589086,205982,348449,340266,1610341,5224548,26771571,42180108,48784476,47415384,30425977,166135,4208,47418,176395,1063925,2520515,2478306,1294058,105143,57612,50799,15219,62589,11733,1815,4247979,495,201200,202,323262,69413,14174,879996767,223955,3424970,818044,216131,1311434,3213904,561155,114004,218384,2329197,25123227,NA,54562,123205,613031,131415,1106635,329262,NA,NA,2922,2930984,96483,3724953,30251,55957,19381,60708,13298,NA,22880,11369,903190,586302,1580,328108,423573532,1131573,232998,157235,107641,550069,1302757,9939,3836930,648,1955,31471841,22733135,5529007,11730076,132708,558385,1251,269599,846954901,4059,67516,59022,986,3364,61962595,1442409,196369,3271335,21632,NA,304113,15596,684,11158,2320,3816,471170,138284607,200618893,420984,112517,35917482,1627,143796,15302,471706550,1008393,2347853,27350,31521,109649,100284194,348977776,21402324,429082,504034,84462,6128,26425391,15682,NA,3373,39475,12076634,28975,0,1691544,4754,51763,646,20997,1291887,10196,6088,8308,73,453548,19807218,0,10037,3935,3404791,7157,138075,4394996,1001969,20280570,36074,1889105,563796,2121759,8197,25490,37802,39315,74556,7485,143581,17852,12603,21918,74213,1021,2813929,186,4663,1019587967,216863,1117504,12128,27750,21394,15056,326755,127490,361630,54866,245,4223,7632,13258,455721161,72,612364,710071,990713
"STL10263",448,137350,162316180,4215,52175420,120898,14075,326281,493321,71695,62399,6335,684013,301,3151,NA,2439392,144834,42274,43072,323635,309014,121779,4566,84875,33437,99243,871396,59995,740032,NA,261640,152991,164409,147411,138070,14191,1026875,594009,28983,499450,32761,43137,9392878,38075067,55104,892,6567,1830118,NA,65216,NA,NA,1488221,22780663,56369,NA,4893064,2115733,5604188,6203912,421909,9759072,61391,459921,7982,3358478,1014,NA,NA,15860869,4609,15133,14225,495445,1846,NA,935215,NA,67574,11531,250941,17743371,6278,7451983,NA,171493,29321,1387,484801,63886,51789,0,609,1281471,395,19336,10667,707,31292,648501,83690,NA,252981,0,331141,5073018,18383,7485,9367,54001,15537158,11207490,10478,8631,830,77,804630,543034,8710,10341,19431,1176199,119415,260238,31378,3217315,42691283,5174903,1335718,4018532,656120,171532,35107,18,3237900,591689,142475,1388971,825107,37153,2688722,22456,1485,1413968,2275936,76074,8204,67286,187,322289,4185998,24826217,0,538108,353,725140,0,834116,60936,23314,6678,473880,111718,2399417,189011,487071,6393,56206,96540,130197,327509,501304,245526,2060937,6713,9603,85873,2683,6290138,455097,6603,47520,86818,7962,315973,1984162,122641,26889,8617,94102,107043,67060,103371,49406,365001,88482,1229537,46005,542,34568,226861,2446225,NA,24438,3500,277419,54752,836,1041656,122971,0,10281,NA,0,5080,64031,NA,NA,395602,415998,149189,73633,295517,NA,173610,122073,169741,446,112715,NA,NA,120599,94945,30697,16134,16309,14542,NA,NA,43871,27114,3562,100396,8550,23141,22244,13079,NA,80298,19738,94153,51839,17552,NA,NA,255619,75853,50852,359957,114287,72481,4564,NA,147290,57393,126968,2393,7972,374288,251256,201334,33521,NA,19239,16943,30080,2437,304813,181658,367395,345667,381641,NA,52540,11026,70258,114112,549061,473452,426391,373838,160908,NA,NA,15619,3128,30695,50243,29551,14621,3134,751,26,NA,5158,460,NA,11700443,549,3548,135,1508978,176764,57,1767358530,81859,5291717,251722,518651,949154,1249238,856455,189089,194480,2811737,47667764,NA,NA,357826,199987,2281,1207853,1493325,NA,NA,1908,6921009,99816,NA,NA,49129022,22355,1986968,15524,41603214,12704,21,1538972,253169,680,1608011,805174125,2165449,306998,265779,37513,1546250,2856099,9469,15928,725,3060,56010261,14347827,373836,12555105,82812,986535,6465,491661,26519990,11589,196293,109204,2197,1765,665519829,1738983,315537,1434670,28475,NA,856367,53892,1264,30458,2460,3364,170822,233044136,59460438,655766,183049,114714896,NA,554176,14654,812362625,3692066,4144392,72918,57226,272569,164775096,348915830,184600903,NA,714660,43882,4445,13416741,49,NA,3134,3319,14171934,6898,3296,487010,651,62147,0,20894,8035,21608,1112,2772,146571,959242,5008870,0,4764,3279,2291979,67,148136,1562812,948374,15060065,8277,890286,908173,445792,7121,20988,25705,56447,32714,28703,305494,3383,26744,11779,55438,2984,253212,5,0,512672016,1525943,1544949,27217,233676,4235,17362,267084,32920,494869,2527,36852,34590,7076,10941,403541173,12811,771884,812462,218485
"STL20631",1238435,336054,28096035,6835,31563653,11544,0,413,62762,66313,46700,27323,21492,5322,769139,34912,6241336,682126,507927,1811,38029,22240928,7446,44,27499,43631,29759,63107,110,3042,NA,70353,1080,216622,263689,NA,101,581062,827278,654,251131,68676,354,51838964,35376568,35192,9068,750,164192,201242,7114,116025,NA,91736,47669580,292730,NA,22865804,74013,2170204,NA,631657,3076924,23067,843779,125064,128923398,571,729499,NA,1903942,24956,24782,62564,3495780,6983,NA,1400386,25,56633,13354,1063,6830152,3083,4802726,83324,13478,351685,4480,661860,7663,117177,134,1593,743983,370,624,2662,591,4865,21484,245152,20030,257736,23835,18756,1271293,12201,76,27372,206381,31942348,1578753,36297,30983,6029,109,4764,318504,1442,3942,9830,446399,120,1913887,33938,5963364,1632266,2825504,22150,546773,1884,29477,17851,134538,1177187,104036,5554,7413362,257463,35,30152331,40708,13388,760117,384658,17902,2464,108938,250,15228,901741,15374484,782,63084,6542,354878,984378,498636,16873,20527,20,104762,128707,207777,5663,62086,27187,94,NA,226805,7460,638094,32763,664012,0,5693,19628,7147,869131,84788,9383,787,NA,81,1060006,239717,1223,74892,1413,10374,39412,23124,22448,65970,39422,48577,20966,70,14625,50940,172916,78617,33879,92401,42990,306389,15267,4505,3967,1461726,31659,400,NA,0,165420,NA,NA,NA,781947,NA,4061,165857,1492,NA,1604160,20220,17137,NA,2940869,NA,NA,3695413,359,177907,53246,NA,NA,NA,NA,2358,NA,2132,NA,49251,29776,55154,34786,6054,85140,41814,137331,88317,42411,307,NA,247802,105155,81893,687028,173321,139205,51716,NA,190343,109688,186661,17269,2004,2600801,1055701,1981806,318944,NA,137395,51298,120942,99535,8539811,1941303,2302052,5140582,9263880,164748,58150,77724,645429,635787,2981991,6985407,10454576,12056266,17217413,272870,19778,11986,19873,86880,213267,267599,357514,1953,NA,NA,88,4809,180,NA,673483,350,5939,230,126811,1225,493575,473174596,406470,541361,39611,79391,1482424,1655645,212261,78929,167735,3049828,31508980,NA,66282,100068,1247433,82275,42498,109559,NA,NA,16939,42911020,464462,NA,NA,67703,41441,179185,326396,32592760,26342,9623,385100,150347,842,NA,122000695,463073,144943,10465,12245,309666,470073,10792,76385,593,1928,33166013,20788052,1289623,7966965,62910,381515,5664,44727,85712596,2341,34497,177400,7200,212,60479379,125632,971227,1891383,21058,NA,63327,6576,2807,8757,6859,2125,51841,83181505,17125918,60758,15689,14432498,122981,74123,35161,133072322,412709,1633111,11578,17504,55800,36465928,73958927,35640449,2966301,44251,185269,8896,25778697,11330,NA,3976,10644,17417229,12925,30,849946,13445,16537,350,21148,1064788,809,3695,3371,92304,314106,24638920,38112,1480,9465,3250654,175621,50862,2688846,1090870,13074700,28927,2504159,670582,551607,6767,118046,197093,33989,63974,481,748465,77270,3038,27166,116802,33043,138787,1992,4058333,1248733309,274253,721821,14309,4418,12254,15567,1107131,111031,515767,101293,56,6437,1425,22026,270501553,25023,222207,579958,3248727
"STL10811",28571,442717,64548500,267,185936463,13,32,524,387757,61338,82984,98289,9879,21602,567562,6102,12017523,920724,2560343,9802,137642,24780165,18060,23,39229,14171,396280,413454,6852,106885,NA,138893,249345,370120,304996,28503,2183,662393,706399,4519,142179,129454,2977,188760398,44377004,18112,11991,1620,1763746,1057356,103148,865543,NA,973084,28415792,1787801,NA,11021315,241166,8699551,18109846,852688,1089174,5085,486647,1742,82733905,343,NA,NA,51674147,1853,25381,68219,1413301,59502,NA,845695,NA,92581,37446,4234,14619783,22991,233965366,59962,19287,124806,5285,1904903,129503,85800,13232,4535,225902,1203,6589,1734,1702,19344,24805,321373,36785,329350,12062,25807,7321316,5465,1333,90571,251585,53398297,3333635,46775,5311,5444,27,76292,172641,2805,14770,15064,544016,0,13920553,17299,27706232,2722411,12961416,37539,2309649,5400,111208,14333,285166,1201246,75297,570,2830795,478587,2302,49814882,15133,7722,307214,331640,20615,1178,254066,59274,55767,21559044,57815268,2141,474443,20341,247118,391070,389910,77783,26250,543,430239,703593,463498,25294,51366,13428,5015,22029,791342,32370,296289,31998,1230468,604,2975,20074,0,812450,43186,7521,1918,NA,490,408560,91050,9771,100014,695,6058,100237,67553,35099,134988,132220,327802,494183,540,0,44827,140724,326869,1162,24653,32855,191712,40441,8770,338697,5153736,9079,8403,39723,856,184216,5765,12,NA,184802,NA,6625,406726,106972,2008,3577749,359194,70421,583,8033914,NA,NA,13176694,19112,2397235,212649,NA,2397,2717,NA,10740,5520,8762,83438,85240,4341,45051,22407,9071,29215,8213,15319,59093,22377,1298,533,15208,2715,12842,66363,12675,28035,18757,13134,17210,1061,3630,4757,1531,159992,754183,1695056,194264,NA,2821,8447,41923,42583,135500,571666,4822881,16131459,22149241,197317,69180,225303,309708,1312878,12291432,25695206,30104497,33546677,27524566,182191,6101,15939,15284,132562,464194,947962,483938,28353,58418,325,NA,191256,NA,NA,525430,6556,8122,519,71926,0,9486,671563672,810754,1043433,151157,123504,2164713,18139468,379405,64063,109057,6190884,4108277,NA,20354,642367,1420193,149091,2195,3097,NA,NA,66657,357251692,1458875,NA,NA,233556,694186,910625,683944,56729937,42765,72414,435973,838164,1066,3043885,371849192,867079,306674,71417,17065,1211055,4262821,17539,288913,630,4599,61183253,25338763,2296934,4504426,37816,913391,12803,70273,674005609,8149,62936,113780,8230,0,45140401,479923,335144,2053205,95144,NA,38293,44836,312,28324,36886,235,524088,262745735,328722193,660221,16490,NA,421217,161805,8753,352425443,365255,3679180,14192,17141,103985,89074622,339440629,124772349,12401636,5756,31741,6331,3181779,836642,NA,6598,23425,28512656,196788,11186,2235350,36834,101895,73039,3247,111116,4907,2108,4747,118360,127280,10201083,0,540850,4434,7409052,1158983,163631,1649055,878808,16277769,63247,2322363,911378,29243022,3013,1232905,1608361,140900,118034,45164,26035,62464,117207,77515,87975,1039,31905666,147,101821,372986548,NA,124548,5909,17062,9139,14667,2270130,289105,1587706,64769,501,4904,2201,23925,857078188,20381,115534,1188579,NA
"STL11040",721999,129763,49223914,35,102577601,12667,0,64,517396,5141,554,1109,NA,68,786324,161763,2192169,1413001,1458773,11828,439606,48287424,4478,NA,1124,19603,34582,99963,722,9652,NA,57174,118681,237573,161197,NA,1105,895358,1303872,3786,362742,36950,2800,116318428,24868437,66799,11024,6010,5248229,374462,161339,NA,855382,1118522,15882897,1764605,NA,6954848,19042,3262620,5371123,729143,3436323,5088,712725,68,513740,327,NA,NA,21985778,108739,21203,19347,355049,155551,NA,951365,57,150865,10865,484,3230803,3636,128556015,55357,6467,21224,3308,2154452,96656,79345,10846,55884,1715364,810,2902,634,1863,33534,18850,137629,26445,206032,12628,173206,1077065,28985,781,19953,154677,25549292,1416615,72748,9229,39183,1651,9541,581595,4605,44752,7838,286266,26,3149565,63907,11736609,4322014,992074,55307,875821,4910,123058,6437,79591,784318,336302,172,2512642,25011,685,10336312,12693,12122,1148939,250125,10094,1564,71806,9189,19816,360622,40369547,4072,286909,661,424226,85733,122478,38499,48371,538,426822,474755,20733,35521,319625,NA,182,1669,587587,4108,356324,16402,1301706,0,NA,808,651,3827389,244697,87,0,NA,0,443221,1214265,51554,113926,367,4045,114086,40582,45215,112069,26985,238373,90987,0,897,68797,162405,73713,568,84037,38438,209167,5194,390,34344,269908,2058,18508,NA,0,24836,652,NA,NA,319269,NA,4359,122878,3933,NA,201831,117420,9670,NA,143609,NA,NA,211541,350,57642,75374,NA,356,NA,NA,23449,11,5203,NA,11599,10404,29317,12731,17934,68876,15612,96378,38203,14241,NA,NA,168364,38603,26351,171037,107987,157318,131018,NA,69375,41690,114891,9417,1748,211162,329770,354465,326302,NA,13704,3039,42552,30879,738539,284576,455968,594718,891662,12602,32753,11084,204941,179074,300946,406913,503650,564171,350736,997,NA,3483,3176,14598,32826,18259,17143,12798,10029,NA,NA,4037,NA,490,355977,1863,7068,118,172541,0,28359,194987590,40491,534462,5108,45481,1272904,1066984,331235,76060,86263,2386367,1112412,NA,NA,42680,1166935,64420,6382,7163,NA,NA,5153,8608915,1685465,NA,249451,48345,180235,372861,2249,43005490,36046,14905,158578,29704,1235,NA,339420623,1181933,124893,183782,37040,1404923,307695,14531,45510,1378,2365,13789797,13457971,1705997,12482392,180432,571902,24456,54940,570837396,8500,164920,26679,624,0,64243051,1598330,160002,5150586,24256,NA,20790,13471,336,37046,25023,5043,92194,255849741,87917167,488631,56761,5673266,259473,13552,9140,323347430,468141,2333737,15405,12340,98398,76950818,234226132,15014363,1565524,9222,45463,4072,2318189,12198,NA,4371,9999,18546868,60588,5293,594193,15195,51493,6749,5148,74357,3235,1841,8724,49467,1584936,25987929,0,16457,3322,2925667,37348,252261,3105399,1345573,24793864,11908,2504858,2068027,10093944,667,100379,29759,78011,56441,15844,24785,2364,17259,31415,112950,1657,3522806,315,2376322,409128522,238425,41129,3864,2702,3871,20096,544853,299835,1353652,43139,484,10376,682,23720,845127925,356222,1000701,566366,NA
"STL10126",0,49636,138649449,54623,94354894,15545,30132,2310,963830,508419,27828,72797,734024,8093,2088,1900,4049587,721198,1931899,13284,1283866,1449330,556358,36260,574570,35347,769430,6520006,287118,2933532,293130,3189538,859899,448641,542247,326008,23072,4408219,1508273,43389,343641,30211,51095,123465639,63924795,37691,5171,778,6739513,240757,190200,NA,NA,4910988,44094017,81839,NA,3611007,11578584,8819508,16542491,1626187,2415249,6234,385311,0,6644429,432,13484,NA,37526327,2737,41117,21312,631133,50766,NA,4222020,30,74553,13831,1141,8972260,12055,51430089,NA,673550,39110,4981,1108564,153198,12891,61,7411,31718619,1587,92365,10355,1318,46152,229639,63355,26927,192225,11130,118785,19424999,3810,15224,21152,51296,35575615,33398773,249072,174789,37948,2,1386,444977,27418,30706,15466,397207,66721,6590299,34695,29475889,118490817,13826749,738331,12191058,209649,304834,118293,NA,927469,2757964,31415,1644158,3630,149574,191580,279028,241,697045,1446026,146269,5229,143849,NA,1048565,14300119,41721348,1465,229835,870,1478189,79785,125121,68500,49725,31029,505761,986983,13792495,938195,300082,49401,605019,476267,374309,1562767,2911418,490038,2240330,325528,52884,150159,41392,4409039,255608,55479,170974,148149,67353,509639,1560844,110851,210594,22951,232742,189584,146502,245868,398945,1327414,450038,5792906,0,24724,182785,1028189,10340260,3409,492590,206674,795295,275832,37590,5536850,3301002,5572,300478,6177,25082,236660,245310,2983,6431,409928,1675327,472150,2328426,2074283,82587,4989046,1602406,1056668,150372,2919896,40026,3327,1897215,537721,51253,673503,170123,160105,21044,38375,3061542,190098,852099,1009066,39239,28208,135853,97782,38517,79442,34755,367039,386299,222580,31627,776,303105,94080,62718,1369621,1090971,1025341,397229,22400,302080,311206,331430,35153,2618,1777137,4131859,4307770,1149731,6131,92801,287239,497756,228238,1192634,4029503,8900274,8145277,5320725,153514,429171,324598,2129964,5848274,12521110,10965582,7721232,3692931,3100014,2761,NA,64927,144496,539122,1589283,2730840,3830320,4120955,4284705,2679048,1477723,2941297,1080070,170415,6584129,388,3733,453,1115910,21522,NA,642996251,637149,5948049,318290,2261006,3559573,4181589,1538664,121215,228648,1979193,4443993,NA,NA,429,1401194,27345,2501869,1259643,NA,NA,2996,4008552,244761,582726,265802,816237,69678,2781677,667,18750135,17170,NA,9656476,2123059,2023,13331663,1152968656,2567970,1215814,100082,206662,7982520,11898988,13638,15541,128,2126,8304006,41301411,546406,12332663,88345,1014422,16063,830182,199733453,22792,185801,25731,NA,4418,36372293,1231565,2269,4859867,36659,NA,164155,25200,2054,93869,1982,103250,645948,564611654,389010485,1366719,98132,37227224,NA,6102100,40214,1246677746,1021259,4134845,50085,215016,176262,337217945,679395245,64326156,NA,203604,165610,3801,16270287,464,NA,4216,171699,20536145,31873,22704,866135,6416,413564,689626,3501,17598,40487,13133,94566,44152,226569,14123033,15,204187,2636,4420893,567,44724,4072604,710677,27984450,52489,2046966,926020,6423039,33730,13886,29430,32665,9302,29848,467899,4499,139941,6259,38558,2325,105282,0,2094,1242221176,31072121,2895556,92494,522220,4280,19804,NA,53613,2020500,3535,0,5961,20351,10223,638434391,236,431377,491591,836865
"STL10405",1054,47544,65838122,271,20489674,217510,21163,759112,42995,6722,2164,15645,943068,66,66859,5974,308578,1332376,0,231180,2963290,760176,16292,9819,184169,33944,20381,93701,635,126876,NA,26287,8347,68961,51106,NA,1026,913455,236717,4117,135987,15116,4252,613888,NA,9215,162,4996,394994,418225,10016,NA,NA,5748,15526701,58332,NA,NA,622921,1370448,NA,4687095,2300427,3070,9415,0,NA,340,NA,NA,2186923,23391,34526,5160,18022,365,NA,1208607,100,3253,133273,1870,1293902,10974,3628603,NA,15848,828,7760,378478,45529,123685,0,307,2636133,NA,4508,882,2151,38102,403991,86534,NA,693101,0,80719,2481354,39077,904,4681,23978,11574630,4459395,2103,0,30,12,7260767,63232,8205,4727,459361,13604116,539171,NA,7063,4378399,166998339,66474473,386482,1209830,1342,79247,1047,NA,767474,70185,66950,528847,NA,988360,51953,4495,97,519043,4699548,114846,0,45841,424,59898,568068,7799497,6685,758563,NA,1511620,0,5205,106223,NA,523,49775,36828,1418685,69050,17713,20204,28378,3066,1249,70277,1209245,15922,139840,6550,1861,214,0,389849,11504,1089,31873,8408,11511,18293,66917,185,5165,1102,646,2084,NA,NA,7148,66756,21864,175386,707106,12259,16343,191050,492163,NA,13648,341,392868,2309,539,54437,71193,95,NA,NA,0,117,1562,NA,NA,469482,NA,6636,41242,9427,NA,112721,NA,2684,NA,38788,NA,NA,45665,1640,29524,NA,NA,NA,NA,NA,7814,NA,NA,NA,14403,38178,45762,10877,682,115421,23918,130482,61558,19927,NA,NA,294928,70241,52220,259328,128857,80935,3439,NA,126518,95372,161059,1714,168998,219899,203259,185102,32507,NA,18698,14120,41890,5052,150983,164539,379588,270485,142246,NA,64544,9839,69584,140651,557818,378410,248473,139664,26864,NA,NA,13069,1824,23220,56436,49667,47631,67686,109502,68186,66685,28633,30888,NA,1532543,831,7356,2073,23358927,24986,193,4512144653,26697,3528349,1008463,208196,466389,231768,26365,441190,219775,5106246,3278047,NA,NA,15915,12609,NA,1112007,25011612,NA,NA,6264,4406912,18559,NA,NA,72026843,9821,3692292,4242,NA,13879,121048,497631,101907,4830,192603,362911522,1943168,113944,180961,33820,1937402,634329,37858,14342,2227,6220,2875912,12558663,258218,22220605,26556,40136,16393313,796934,NA,11236,21136,86364648,89410,116307,145661053,425128,NA,818202,40566,NA,532841,1273,29,4535,5324,8545,50523,133121601,8031512,165869,245037,9093784,NA,773,112738,368108300,1639282,128733,53180,24048,227910,84654825,184617050,4707980,NA,61480,1433,13618,1001779,NA,NA,5948,0,1839819,10381,1400,372901,236322,46166,0,14936,5935,9740,40,293192,24264,213163,NA,0,924,4664,1943565,NA,10174,3271243,505138,25906516,3932,670172,286427,NA,252,3629,9014,7918,24424,19583,26722,5103,9374,8291,28056,21239959,91438,65,242,36838338,389583,611523,7869776,39305282,28074,44440,NA,75763,62050,29210,1106,23187,NA,19831,20484994,52627,438961,139610,2158131
"STL10177",6086,665450,49000447,38201,156662910,6963,2611,23427,321416,33869,40084,41934,291376,5439,11473,1749,5972238,267687,414892,29064,289492,13789304,66084,10758,51832,35097,39176,197123,7765,118802,NA,94388,56292,101097,86969,NA,698,417995,417595,2175,98639,33845,5953,7499829,18024084,19230,5497,751,1344939,NA,45576,864720,NA,353341,14869423,86512,NA,36849194,660821,2845410,4918783,498657,2564264,43493,932069,31000,15562921,1995,98936,NA,12451042,2597,17258,55807,466502,5566,NA,1412301,16,49251,10908,1220,3608211,10694,10344898,32174,8390,38129,1012,590994,51938,99333,1676,1108,2439770,393,1282,6913,893,41276,65025,24339,27745,308650,3258,160153,1046865,23868,437,5120,448316,10871823,2863767,30492,88475,1449,44,117615,1556134,5194,7609,38742,643443,11821,3854823,40361,3871642,19965684,9910014,38795,717686,11707,56170,18864,3809,1558635,109675,27014,1562358,221042,4334,9300791,68376,2589,986840,1644637,35374,361046,79595,58751,76381,1188794,10482913,320,94338,17811,751803,1779910,654493,61613,3682,1010,105133,67501,1229869,49181,70053,63799,16529,19069,257378,102984,1273146,21454,674630,7381,6222,2795,40982,1660919,110340,4052,23376,5063,2462,379312,304567,6039,10287,2938,5050,31011,3834,21574,22940,112235,25204,328928,12217,4200,67308,271649,638666,11155,156358,101053,346019,43056,1864,100852,503374,23755,251,NA,0,53845,9057,NA,NA,378907,58351,43035,211933,18952,NA,638633,18978,7598,NA,284970,NA,NA,289588,3556,72873,24022,NA,NA,NA,NA,45552,NA,7075,NA,78922,44005,57239,25790,10716,194066,34996,158953,88416,35224,NA,NA,368824,84106,68378,235751,161966,277916,304214,NA,142371,122412,179079,25599,4550,205543,284339,581884,640877,NA,15823,21239,96053,65866,143558,187588,874372,1154154,1116117,90778,60970,22523,85378,278885,1248367,841517,734538,616771,1696011,124557,305426,11602,2538,29214,51022,47289,33453,21838,9271,1314,113,11511,NA,NA,5997235,811,3682,299,856887,4397,175908,766089392,283347,3786820,640806,89128,1350399,2105836,97545,169959,178199,2646234,71325391,NA,70857,416963,2363600,49903,1932953,1393654,NA,NA,6681,12796536,42760,912807,NA,101203,13287,730776,562463,NA,15106,115586,538321,276178,1476,NA,216815206,681538,107851,63421,8562,973669,402368,11657,13505,631,1570,44284956,11767766,342227,8472860,70552,486407,55826,157097,69996357,4950,124128,1170376,56486,6023,135326636,759448,279982,2168524,15728,NA,177317,24116,47552,31895,2941,7280,180729,101725400,75323422,1016774,54005,77357454,NA,664644,82698,208347251,1322260,1973968,18965,32347,86846,52203460,394925300,40392885,460741,27408,378376,40901,22189914,22674,NA,3674,8581,12448021,5471,640,1515992,8611,33349,3579,0,30281,6244,10789,53389,438535,215105,11594599,153823,5732,32511,2505330,115655,44711,863761,821401,13074442,24190,1060942,348711,NA,3246,16215,84311,14717,157012,8373,800383,23297,15803,190291,79446,17447,557910,348,2380942,1062534726,664074,833605,635879,373034,68648,17811,550987,65671,261578,45407,1921,7074,1442,11000,243471658,67027,290114,338946,994035
"STL10022",93,255379,114687165,17583,41598091,39853,1084,5087,248674,156976,10928,33275,150048,1937,21834,8846,25036432,398000,1103765,1917,1126345,1020269,68278,6079,102650,92152,53653,464687,24475,394286,NA,239906,298136,533868,453477,90801,9624,2117896,1397371,20503,126550,181065,17181,345717517,62024123,37102,15057,4616,6590460,198363,287560,612971,NA,395904,23275127,98050,NA,9394991,1939507,1891859,NA,808980,1444585,8789,2018497,1787,41032387,1103,48938,NA,3954356,2328,24852,105911,670317,122982,NA,633712,66,98289,18640,608,47479963,7566,24042431,739396,86037,60395,10269,4245477,15005,22644,4410,5340,600009,2331,25782,7894,3009,8884,36475,127740,39005,136119,53351,40014,10065633,2349,6183,100967,239867,31852600,11251600,81409,68381,9597,389179,43405,760090,4586,36252,20690,400445,1471,12314709,28975,10607960,9061739,8079942,13485,4232751,8674,129552,28391,61782,666829,420458,8497,2934424,1390460,39875,46849458,94108,613,575750,105089,67332,37314,150044,1307,666470,3410689,26245230,1902,208835,5522,470833,5271,226141,35373,58018,15941,605475,895981,2143003,475154,653582,4458,63655,269110,439892,248823,1988765,306061,2396424,28852,11605,89561,17936,7448376,862298,20504,21889,112752,7844,421086,1995712,199008,181919,6664,173240,77157,90546,174544,288228,781711,380634,2207502,2182,1094,347954,837120,1450724,NA,578752,253083,1209387,29696,20793,564346,2181405,30439,14987,NA,202,226269,38121,NA,NA,1891398,255770,61290,2441230,176033,NA,8600585,174662,121558,765,7838715,185,NA,2846424,42904,16494,6880,11769,10387,NA,NA,108986,16500,405241,202562,489598,174481,551496,459511,139927,208056,70631,590940,562966,217019,55303,10906,358192,97550,35792,550062,759581,372727,112560,11949,161585,172229,110969,9714,4655,1753120,9041159,2537151,302740,NA,85289,338867,160118,59779,7571765,13451659,7852341,4232491,2599705,4211,141202,50641,13400244,5485059,15855728,10450212,6568815,1511127,964952,11277,NA,1860,1752487,1648401,1623913,640819,185717,141246,148351,36107,1669,51152,16898,55,9172809,2286,47054,204,585349,6904,NA,574055695,599319,1850988,439559,531115,3250693,2602956,817944,124161,502297,2721713,73244561,NA,NA,27728,1722961,52857,359465,1274004,NA,NA,1594,11423067,350310,88554,NA,97150,198937,97943,16811,29045405,55568,8485,1956529,670256,2072,4524434,632164330,1166453,350726,107835,14886,1252296,4237970,13221,153722,886,1935,41494637,41836491,1959098,8838475,54381,1020778,3087,292944,584018910,6963,64425,185042,4560,613,34623693,465073,956407,5093296,18642,NA,266263,170088,1951,5103,2248,1644,492922,234551737,284699652,119101,29108,30821017,9527,2873166,9104,773057100,662590,4038633,35807,24888,155661,134196262,513440780,43973840,2240535,71968,295437,14307,10621843,23832,NA,6595,20590,16054447,67059,8139,1486328,18051,93556,32543,1332,770197,8846,12153,17472,265837,83124,17401930,1,43260,2828,5374133,5427,107223,6023417,674071,25030572,88978,1116223,1211781,31457419,121025,34852,46756,35583,351910,2135,315072,35500,93086,14024,64214,5000119,43092,0,8434164,489693158,635202,1014781,9639,31230,25274,13847,440707,170682,344959,22367,3507,377460,69372,23895,422893366,3,347478,400462,NA
"STL10180",47266,98580,63973174,546,63210025,3635,0,263,61007,72920,89847,23107,4958,4714,74256,NA,7671377,419154,701740,9833,172144,29824916,12423,NA,23668,45884,62748,264792,8010,51338,NA,108395,16076,145447,101796,NA,349,490759,1086230,2196,324106,55345,9607,69802020,26428497,22655,2744,1867,432230,468555,12610,NA,NA,115538,8388849,79518,NA,2847342,100870,3994109,4968871,604536,1758646,2239,281837,2794,61442991,353,457245,NA,13349325,331,35610,72861,1517849,9432,NA,1747058,NA,97138,15631,5584,21381701,2025,32204577,489121,19438,147769,6507,2852503,28152,311733,904,2498,1234476,104,693,626,101,9698,231529,15621,21156,300305,24634,47185,1004386,12266,205,2711,145508,25745724,2131577,55940,14423,5640,5615,17169,224594,2414,2484,16434,285731,100,6542348,17901,98640086,1469559,584880,49420,1046972,519,74259,2067,133906,1081643,183130,4101,871855,22734,489,26182145,13511,0,650825,166258,80373,2785,136476,15288,52708,308710,48020930,5008,361233,10903,313639,221581,140740,31122,8287,980,163054,728108,188911,60883,6410,197452,6463,5765,640952,16477,940624,25525,426183,3467,2671,5361,860,208706,25214,9618,0,2085,303,253791,45203,7257,91518,394,48245,20969,6668,23517,140293,97347,427373,263989,40,0,92227,358930,203946,30668,75876,68496,352735,48789,13139,198730,5811609,58664,7189,1732,1401,211881,778,NA,120,393649,NA,10479,887298,71517,NA,7789959,158969,57975,6532,9849829,NA,27,7600656,7449,119434,39053,NA,334,NA,172,330914,13830,27532,27153,52539,8049,81093,33211,93255,18181,6412,149004,44663,76440,20663,5850,5948,8632,10440,1925492,69815,444159,139398,24378,11427,3874,14802,33279,2650,1278906,3554492,9255984,1227368,3354,10445,27125,98120,87069,1947013,2305516,16223856,23253058,26072266,422264,279789,402816,2043788,9376287,33782749,30793344,31779500,30865378,40278324,577305,9318,128484,1998870,8366567,9526389,8352193,4510588,8426,1390,3873,10289,29932,1270,533,357757,1823,1087,385,90168,18,1085,104660976,441975,558022,471730,67288,725135,5493617,731838,90550,63522,4356484,4359055,NA,80453,1248,488088,121535,5411,4423,NA,NA,5792,4516525,696250,NA,71432,74174,78214,389693,68110,79363661,35920,18549,256447,121057,1144,1646854,349315297,1356646,326692,92341,36549,1199936,413308,13156,14830,801,7041,25901412,19581642,797010,7162068,54050,652405,4792,89379,76744090,8641,115294,28508,198,0,15419948,664977,299676,3074020,29183,NA,90171,74193,2077,3404,3245,3642,540307,272707821,291894973,NA,49337,16573883,998163,10636,17060,354336795,218603,2567030,23190,8710,103242,89742526,292961451,29425392,3253926,5130,35401,3973,1481302,83615,NA,3228,8587,21090358,27499,161,599962,24940,48577,185,0,288063,5938,533,25092,315065,60956,19871863,81870,1328,8109,3570859,340109,336218,1463054,2027723,15987971,18759,1459581,658221,4864821,6147,106313,93425,122170,8850,7520,44974,18887,4985,63227,87992,9098,2857208,440,1137791,141212885,819225,124990,4119,3016,3792,17021,1609654,390494,1301860,25051,196,8639,4220,22804,932069992,39638,374202,2059724,NA
"STL40177",412502,124044,87848846,206,77866243,6064,0,418,105314,13742,107607,69056,4614,8206,196943,NA,2539106,760882,906821,9705,318426,59674035,3295,282,66366,19977,103014,120321,1336,3685,NA,35206,7357,386760,203338,NA,251,529184,1162568,799,168848,313783,375,136009172,24142512,20504,3703,1530,118950,754043,14013,NA,NA,209284,13884991,2130257,NA,2175734,25191,2776340,2912312,747007,1219814,2331,352738,3666,2000488,89,1926994,NA,7506357,449,25266,38332,59784,53781,NA,2747146,NA,72556,20399,4111,2305296,2646,30087644,735785,35513,4162,4245,3541449,15900,279504,3078,0,983298,499,486,1818,98,10227,181823,470746,18429,319343,74335,75173,676271,13760,159,21272,119594,48606963,995234,90944,6927,27926,25769,14820,105042,1766,1899,16531,352297,94,2637208,13521,19159904,911072,500159,43067,817741,928,90989,7867,147836,968341,459568,11100,2606015,20786,611,26993077,4717,112,337955,219974,50118,2061,134198,20095,10013,3457128,54377901,4085,199801,14906,298956,345710,214564,33792,14828,17,86929,358730,152483,19490,6090,221781,300,NA,341753,2255,675434,14620,383386,248,2352,4886,58,432904,28650,1140,0,NA,1444,208072,28513,494,126572,65,11019,16612,4322,7043,128463,31799,213736,37445,56,0,56684,238918,39306,20907,115590,113355,231653,31700,31155,16084,6619947,110795,477,2248,99,302560,915,NA,NA,200525,NA,1465,1462766,4570,NA,17162216,325489,10895,11040,15325723,NA,NA,11556372,371,1188285,118623,NA,NA,NA,NA,13474,337,1359,110696,36336,4269,28309,20926,24284,20528,8416,22323,55304,42769,4438,1067,5027,10968,17330,130525,102542,268597,97145,21073,4578,10494,27272,23383,1400,190918,3282991,6067001,736985,514,16428,20620,100209,63260,542188,1850485,14613350,19510888,19864612,122138,182286,221714,1668264,7117353,34965743,29618728,24778233,22879592,16367472,133285,643,60550,941795,2623258,5839908,1884422,812605,NA,366,1920,85,NA,NA,NA,288913,997,8005,494,97421,27,1911,182885213,474482,503685,1386511,37297,1693778,10563222,782238,88683,60868,3367849,1707314,NA,27928,NA,1465807,226479,1355,4437,NA,NA,6315,2140895,720410,255807,126899,57338,111431,118890,127873,48158341,33090,35754,117573,679169,684,NA,436592156,1535154,437339,95714,35304,1204123,238308,16343,168834,760,4161,19736038,43196910,2817708,6286900,55399,494033,10577,109859,459879858,10069,108092,50201,587,0,20098954,1066051,260872,4181130,27873,NA,100901,85484,652,3238,32116,2831,572413,335308735,10630037,33597,66153,13721422,897599,13029,36209,454096038,253127,1936202,24684,9695,110765,118827137,299602952,16772212,3968647,7621,147790,3481,1372718,37822,NA,1164,7422,29531186,32161,223,663922,5479,42833,190,0,491794,2257,1368,34725,225272,63425,20067065,66008,656,12637,4141291,92235,251435,1245461,1570856,21784652,33445,1589278,1312754,5223426,3331,241235,481796,151755,16951,5887,70763,57491,3507,23818,111181,10393,2156068,743,38200,143173709,1332429,21181,6317,7058,4606,13310,2535114,343410,1119952,31018,154,4959,1366,26331,717572345,82654,526191,1814576,3825755
"STL10037",7350,64237,305000473,42154,29224250,1295378,8715,46779,195757,11520,NA,15133,3307278,122,9458,NA,656224,356853,0,62919,436489,167387,2578,32865,157968,63689,4125,7570,NA,84692,NA,95,83466,818071,901090,158637,8221,2530158,2617204,21082,361582,85973,22700,3312319,1798269,82020,16,744,701582,NA,44584,NA,NA,353442,8423643,143892,NA,3099346,2080279,2244913,4969791,986823,7442825,887,71176,11,280200,583,15452,NA,6751331,13152,7791,2756,38985,980,NA,563025,NA,14381,4291,1867,1416051,5074,14420211,NA,7348,2693,2446,2348773,52567,15739,0,5460,12426055,2141,37558,4854,488,381463,225531,538409,23326,152004,24,331171,8559832,12649,4519,127202,44765,76838978,18443774,44255,100727,3047,19455,285143,436646,16397,2231,31285,3996914,18699,456032,1880,2930417,87950807,11426659,56475,4666312,65644,321783,9707,2011,1439631,44241,9422,28124330,72510,88549,81149233,123806,561,1374351,4525488,504727,1257,25181,27242,46735,7784865,57093067,940,393497,1618,883495,80206,1922756,20882,2761,NA,265589,1107130,3885731,38012,49994,21024,117402,NA,91144,39643,4705969,31401,1044737,16763,415,5105,42066,1390422,239334,1904,80279,6123,11909,232392,359171,7090,141846,7791,NA,64019,56705,85899,214402,55558,389411,66812,3777,3665,48291,243815,298970,NA,73619,41701,374100,2426,3561,61741,497198,12753,NA,NA,0,141572,26024,NA,NA,527083,49460,3878,214444,21617,NA,2665745,901,3237,NA,3449933,NA,NA,2508335,2553,37537,NA,NA,NA,NA,NA,10577,NA,117830,NA,101426,59354,284148,25152,244,167387,16534,736227,104960,14283,177,NA,520021,49608,32195,1304021,298947,70768,3137,NA,382085,119934,98288,738,2187,1663393,1208018,394641,54031,NA,84986,63393,34325,NA,3354622,1856369,2445655,654848,452707,1697,53534,9313,1491516,3020265,4063618,1978488,1557752,705199,1057505,15226,NA,6260,126790,194253,165933,84058,57046,6837,10539,491,511,6650,1319,NA,40892087,839,32482,559,984048,4829,147,4508201567,461958,10678412,6884770,1238109,5954181,1431030,2495043,194813,541772,2525327,398178980,NA,NA,270523,410543,1734,1460493,1659680,NA,NA,151,186167437,235018,NA,NA,5557762,193922,315520,1346,10439146,7615,10857621,6611446,205238,1972,2084194,1510760975,5715511,774282,332817,82691,5883260,4132083,13349,124415,422,2013,36725868,82443913,3343349,16358164,188153,261257,9310191,2772434,440730,52348,82131,34856513,2527910,9998,822786674,3989199,1498704,8136714,21805,NA,3049350,38174,1111,5327,4576,38359,287083,562345600,41125204,438394,337642,81475873,604,1139429,7292,1746019290,2468320,1011384,163525,87364,817864,352515964,779590477,221999840,37704,86934,118942,130432,4342503,72,NA,2505,2003,6122021,4555,1985,274518,11513,113396,26764,1737,5200,71582,493,8859,37960,1023068,1446092,0,22700,2618,1822058,131,399971,1973394,1740224,41941882,37073,82035,1503521,NA,1125959,31315,33583,6550,56664,35960,34029,791,16888,3809,49400,3629,1326018,6,2855,570388138,505212,1915316,40435182,286309651,12092060,16144,NA,22661,1136253,3858,4694,9454,1084314,8618,338325656,62075,1255950,802786,NA
"STL10323",2433,35217,94218313,25608,12980522,95631,35135,64975,351221,194859,14023,81054,1846325,11799,7829,2902,755357,52672,0,8412,114797,78958,252571,21027,2205061,29860,1422477,7529980,460202,808486,782941,2166272,129744,421922,305412,490003,24769,1369287,1078151,58963,940390,31415,48597,6835082,6654786,43711,1019,1029,807478,NA,18086,91583,NA,1241564,28317311,96529,NA,3033412,4051061,1360918,1137038,70585,402181,758930,101664,0,1958048,685,NA,NA,3783938,38701,6646,5278,143937,186923,NA,203102,74,9894,6436,1703,4532891,3191,40182085,NA,75113,8136,2539,29948,19218,3452,0,3363,3040442,1034,41370,6792,477,3009,18501,141749,NA,121151,0,590865,16567321,34753,19493,20999,22580,29486507,23012565,138723,103787,22284,NA,818725,510854,1964,1428,130185,1078645,23143,485606729,6109632,2158296,33600902,11814411,4026,4535771,1355,74322,157896,45,55254,17689020,126606,1189591,159227,687,314654,136562,1335,1508701,3144878,56571,15,30050,10,510813,2375059,2218974,863,30149,NA,1282734,0,248660,21292,45564,19458,624949,369680,7424650,499605,497623,66483,247975,128821,149285,591868,1521440,185937,3106736,45428,58766,63265,17220,7325114,313993,43955,357878,84322,73696,727517,2383796,154383,67813,12000,123633,50091,71736,201315,136748,682058,145292,1655876,13123,11756,111414,503609,3486857,477,479326,205878,509844,138969,38147,1978070,2040403,5141,208711,NA,31474,315631,225549,9101,1752,428852,425017,260258,1337947,653575,97433,3861330,4487285,756470,76878,2628927,35695,2976,1135413,179741,106928,1810257,240998,116971,41107,133228,956982,148256,692007,1748778,10143,25502,45653,30727,4393,85523,25987,169616,172283,86958,6996,NA,232205,82216,57650,401503,492597,442762,141885,4722,134079,149734,211581,10878,12660,447423,1432699,1604722,606990,NA,23937,109114,275136,134213,257001,1092470,4465052,4605291,2308976,48114,189040,172505,459938,1688208,5509561,5229601,2845038,966069,796100,NA,NA,29765,21125,118172,469348,934303,1535334,1427410,1183603,465578,169324,991523,239771,5204,2001397,782,5398,706,1443534,558003,NA,3143295319,195033,7375077,32721823,1468778,2369889,NA,643979,284609,346985,2656757,3741291,NA,NA,10695,742177,NA,2153108,374363,NA,NA,4673,482039,242175,1779102,6150972,18730,151758,89760,1976,1202634,10994,930,4862346,173941,6928,384543,440481143,389636,255638,139441,3147,594309,4841112,23007,17152,860,3039,3423505,33984041,427390,19815730,95771,79661,1344,818086,NA,5119,9797,12660,4969,34550,179753545,3262176,38072,2491473,27904,NA,310902,3584,1215,1361,4385,9318,74593,142726080,18665284,79656,83206,11363560,NA,258123,3488,349194139,1981587,322123,31960,18157,113373,80797466,530071007,28815829,1418,903961,1218,6518,2149750,138,NA,4406,19972,1716811,4503,3346,310422,7761,100118,33301,9342,10335,17967,15,14513,20984,1573055,3427405,0,9250,4940,1564132,NA,7348,261126,99291,22173110,29784,170978,791009,358489,303,10970,25508,10683,15457,2050,184903,2015,36727,639,29948,2699141,37147,0,1,1068243698,NA,708726,7395,7088,6233,37408,NA,15738,86064,3221,14,7005,NA,16075,102664698,316,630877,251658,NA
"STL10504",0,78403,242506679,44538,233923076,171833,42908,163358,581558,125549,22072,8975,465040,724,3273,NA,2286714,478336,43557,12631,2304042,60371,33698,12111,214152,32336,20075,183713,1220,452605,NA,56304,505465,1973973,769129,266879,20547,3295359,3607305,44700,1928574,58489,36033,1418164,105532818,522822,270,1461,3199160,141178,80461,NA,NA,1872865,140492033,75366,NA,3373922,2931581,9515987,9555874,710169,2036122,14566,62456,0,NA,434,NA,NA,30214925,15723,5724,13444,733296,958,NA,162240,54,51841,6631,2214,51496946,10640,12545501,NA,14586,44198,5983,4722581,116571,25504,0,2063,17889972,981,52280,27481,3485,17602,141303,38838,NA,173953,59,67289,6319497,2537,12747,35110,60411,29925604,16335504,38210,56512,2821,25,186094,196102,20325,8019,24848,444644,168762,4083555,29904,2314428,80339730,17178261,174680,5434864,108685,284369,70752,NA,1505067,1415703,32293,2604025,21848,23081,7399972,83401,6940,3858847,1221508,200243,60,57661,164,362505,8816468,72768979,1185,252809,1779,1255033,0,351136,262950,44133,7871,818665,197836,3178682,509176,344772,4626,323624,159146,202214,540741,1274839,446542,3371620,53219,13802,93888,20612,8272457,248340,8629,54473,108135,89837,455256,2291316,104309,50540,7411,105777,388992,198777,390432,77252,446498,142252,2532919,9109,5549,21204,224237,1583982,NA,10625,231,358665,15835,123,604875,33480,0,1122,NA,0,371,44527,NA,NA,390162,180286,44525,16320,200930,NA,59861,5607,87356,NA,21601,NA,NA,14668,44229,13047,263,NA,847,NA,NA,NA,237,NA,101333,7910,22098,29583,8447,26,87383,24488,92201,58611,15665,NA,NA,204739,59557,46118,145885,87890,67729,5519,NA,69608,54614,125329,1584,16283,100847,121219,88801,19204,NA,6549,7908,22721,750,91162,114671,209318,138071,217881,NA,62079,8597,56172,78099,437488,217813,98845,32971,NA,NA,NA,10194,2769,24128,39665,26258,10872,1591,118,592,107,6189,NA,NA,13591439,581,10836,221,2625436,265878,86,499663241,195784,7687071,510730,1269901,2791060,2238897,1844322,140582,178945,3010613,136393684,NA,NA,78084,796577,55946,2073937,4078213,NA,NA,5422,2867045,96259,203565,56423,10156070,39502,1081815,729,9127508,18515,NA,4124084,586285,2430,3609395,1366521717,3418580,847353,85248,103933,3731188,3930014,13130,115799,4233,2342,9270469,29544244,3427560,21620353,513972,714147,12164,1680244,185019891,29902,87800,69961,489,10939,107519137,317992,19248,8537155,17966,NA,1687408,475562,999,25195,4803,57728,480309,554201677,38261433,465299,27420,57613280,NA,1320349,18150,1434418144,1737862,2818885,77665,90669,404206,65948738,885178932,26025822,NA,421102,46480,4500,18618491,220,NA,6049,28972,10523424,11675,11731,331425,7372,177415,35952,5512,4346,50086,1265,4631,202712,3175990,4045973,0,17987,4273,1949730,NA,374060,1682714,1467019,35617608,28123,313073,2685188,NA,435657,77862,23154,15446,13560,39191,9339,3020,97027,56762,83241,1782,0,0,30,511844219,NA,2504165,138736,789144,3437,20374,51675,12835,1349106,9622,984,1447402,2383,11352,352538005,0,511091,606637,NA
