"","sample_id","Acidaminococcus_intestini","Actinobaculum_sp_oral_taxon_183","Actinomyces_graevenitzii","Actinomyces_meyeri","Actinomyces_odontolyticus","Actinomyces_oris","Actinomyces_sp_HMSC035G02","Actinomyces_sp_HPA0247","Actinomyces_sp_ICM47","Actinomyces_sp_oral_taxon_180","Actinomyces_sp_oral_taxon_181","Actinomyces_sp_oral_taxon_448","Actinomyces_sp_S6_Spd3","Actinomyces_turicensis","Aeromonas_media","Agathobaculum_butyriciproducens","Aggregatibacter_aphrophilus","Aggregatibacter_segnis","Akkermansia_muciniphila","Alistipes_finegoldii","Alistipes_indistinctus","Alistipes_inops","Alistipes_obesi","Alistipes_onderdonkii","Alistipes_putredinis","Alistipes_shahii","Alistipes_sp_CAG_435","Alistipes_sp_CAG_514","Alistipes_timonensis","Allisonella_histaminiformans","Alloprevotella_tannerae","Alloscardovia_omnicolens","Anaerofilum_sp_An201","Anaerofustis_stercorihominis","Anaeroglobus_geminatus","Anaeromassilibacillus_sp_An250","Anaerosporobacter_mobilis","Anaerostipes_caccae","Anaerostipes_hadrus","Anaerotruncus_colihominis","Anaerotruncus_sp_CAG_528","Asaccharobacter_celatus","Atlantibacter_hermannii","Atopobium_minutum","Atopobium_parvulum","Atopobium_rimae","Atopobium_vaginae","Azospirillum_sp_47_25","Azospirillum_sp_CAG_260","Bacteroides_caccae","Bacteroides_cellulosilyticus","Bacteroides_coprophilus","Bacteroides_dorei","Bacteroides_eggerthii","Bacteroides_faecis","Bacteroides_finegoldii","Bacteroides_fragilis","Bacteroides_galacturonicus","Bacteroides_intestinalis","Bacteroides_massiliensis","Bacteroides_nordii","Bacteroides_ovatus","Bacteroides_plebeius","Bacteroides_salyersiae","Bacteroides_sp_CAG_1076","Bacteroides_sp_CAG_144","Bacteroides_sp_CAG_443","Bacteroides_sp_CAG_530","Bacteroides_sp_CAG_545","Bacteroides_sp_CAG_709","Bacteroides_sp_CAG_754","Bacteroides_sp_CAG_770","Bacteroides_stercoris","Bacteroides_thetaiotaomicron","Bacteroides_uniformis","Bacteroides_vulgatus","Bacteroides_xylanisolvens","Bacteroides_xylanolyticus","Bacteroidetes_oral_taxon_274","Barnesiella_intestinihominis","Bifidobacterium_adolescentis","Bifidobacterium_animalis","Bifidobacterium_bifidum","Bifidobacterium_breve","Bifidobacterium_catenulatum","Bifidobacterium_dentium","Bifidobacterium_longum","Bifidobacterium_pseudocatenulatum","Bilophila_wadsworthia","Blastocystis_sp_subtype_1","Blautia_coccoides","Blautia_hansenii","Blautia_hydrogenotrophica","Blautia_producta","Blautia_sp","Blautia_sp_AF19_10LB","Blautia_sp_CAG_257","Blautia_sp_CAG_52","Blautia_sp_N6H1_15","Blautia_wexlerae","Brachyspira_sp_CAG_700","Brevundimonas_diminuta","Bulleidia_extructa","Butyricicoccus_pullicaecorum","Butyricimonas_sp","Butyricimonas_synergistica","Butyricimonas_virosa","Butyrivibrio_crossotus","Butyrivibrio_sp_CAG_318","Campylobacter_concisus","Campylobacter_curvus","Campylobacter_gracilis","Candida_albicans","Candidatus_Gastranaerophilales_bacterium_HUM_10","Candidatus_Gastranaerophilales_bacterium_HUM_11","Candidatus_Gastranaerophilales_bacterium_HUM_18","Candidatus_Gastranaerophilales_bacterium_HUM_21","Candidatus_Saccharibacteria_oral_taxon_TM7x","Candidatus_Stoquefichus_sp_KLE1796","Catabacter_hongkongensis","Catenibacterium_mitsuokai","Cellulosilyticum_lentocellum","Christensenella_minuta","Citrobacter_braakii","Citrobacter_freundii","Citrobacter_koseri","Clostridiales_bacterium_1_7_47FAA","Clostridiales_bacterium_CHKCI006","Clostridiales_bacterium_KLE1615","Clostridiales_Family_XIII_bacterium","Clostridium_aldenense","Clostridium_aminovalericum","Clostridium_asparagiforme","Clostridium_baratii","Clostridium_bifermentans","Clostridium_bolteae","Clostridium_botulinum","Clostridium_butyricum","Clostridium_cadaveris","Clostridium_celatum","Clostridium_celerecrescens","Clostridium_citroniae","Clostridium_clostridioforme","Clostridium_cocleatum","Clostridium_disporicum","Clostridium_hathewayi","Clostridium_innocuum","Clostridium_lactatifermentans","Clostridium_lavalense","Clostridium_leptum","Clostridium_methylpentosum","Clostridium_neonatale","Clostridium_paraputrificum","Clostridium_perfringens","Clostridium_saccharolyticum","Clostridium_sartagoforme","Clostridium_scindens","Clostridium_sordellii","Clostridium_sp_44_14","Clostridium_sp_7_2_43FAA","Clostridium_sp_AF36_4","Clostridium_sp_AM22_11AC","Clostridium_sp_CAG_1193","Clostridium_sp_CAG_122","Clostridium_sp_CAG_12237_41","Clostridium_sp_CAG_138","Clostridium_sp_CAG_167","Clostridium_sp_CAG_169","Clostridium_sp_CAG_217","Clostridium_sp_CAG_221","Clostridium_sp_CAG_226","Clostridium_sp_CAG_230","Clostridium_sp_CAG_242","Clostridium_sp_CAG_245","Clostridium_sp_CAG_253","Clostridium_sp_CAG_265","Clostridium_sp_CAG_269","Clostridium_sp_CAG_273","Clostridium_sp_CAG_277","Clostridium_sp_CAG_288","Clostridium_sp_CAG_299","Clostridium_sp_CAG_302","Clostridium_sp_CAG_306","Clostridium_sp_CAG_307","Clostridium_sp_CAG_354","Clostridium_sp_CAG_356","Clostridium_sp_CAG_413","Clostridium_sp_CAG_417","Clostridium_sp_CAG_440","Clostridium_sp_CAG_452","Clostridium_sp_CAG_465","Clostridium_sp_CAG_470","Clostridium_sp_CAG_505","Clostridium_sp_CAG_508","Clostridium_sp_CAG_567","Clostridium_sp_CAG_568","Clostridium_sp_CAG_571","Clostridium_sp_CAG_58","Clostridium_sp_CAG_710","Clostridium_sp_CAG_75","Clostridium_sp_CAG_768","Clostridium_sp_CAG_793","Clostridium_sp_PI_S10_A1B","Clostridium_spiroforme","Clostridium_sporogenes","Clostridium_symbiosum","Collinsella_aerofaciens","Collinsella_sp_CAG_289","Collinsella_stercoris","Coprobacillus_cateniformis","Coprobacter_fastidiosus","Coprobacter_secundus","Coprobacter_sp","Coprococcus_catus","Coprococcus_comes","Coprococcus_eutactus","Cronobacter_sakazakii","Desulfovibrio_piger","Desulfovibrionaceae_bacterium","Dialister_invisus","Dialister_micraerophilus","Dialister_pneumosintes","Dialister_sp_CAG_357","Dialister_sp_CAG_486","Dielma_fastidiosa","Dorea_formicigenerans","Dorea_longicatena","Dorea_sp_CAG_317","Dorea_sp_D27","Dorea_sp_OM02_2LB","Eggerthella_lenta","Eggerthella_sp_CAG_209","Eggerthella_sp_CAG_298","Eikenella_corrodens","Eisenbergiella_massiliensis","Eisenbergiella_tayi","Enterobacter_aerogenes","Enterobacter_bugandensis","Enterobacter_cloacae_complex","Enterococcus_casseliflavus","Enterococcus_durans","Enterococcus_faecalis","Enterococcus_faecium","Enterococcus_gallinarum","Enterococcus_mundtii","Erysipelatoclostridium_ramosum","Erysipelotrichaceae_bacterium_3_1_53","Escherichia_albertii","Escherichia_coli","Eubacterium_biforme","Eubacterium_brachy","Eubacterium_dolichum","Eubacterium_eligens","Eubacterium_hallii","Eubacterium_nodatum","Eubacterium_ramulus","Eubacterium_rectale","Eubacterium_siraeum","Eubacterium_sp_36_13","Eubacterium_sp_AF17_7","Eubacterium_sp_AM18_10LB_B","Eubacterium_sp_CAG_115","Eubacterium_sp_CAG_161","Eubacterium_sp_CAG_180","Eubacterium_sp_CAG_192","Eubacterium_sp_CAG_251","Eubacterium_sp_CAG_252","Eubacterium_sp_CAG_274","Eubacterium_sp_CAG_38","Eubacterium_sp_CAG_581","Eubacterium_sp_OM08_24","Eubacterium_sulci","Eubacterium_ventriosum","Faecalibacterium_prausnitzii","Faecalibacterium_sp_CAG_74","Faecalibacterium_sp_CAG_74_58_120","Firmicutes_bacterium_AF16_15","Firmicutes_bacterium_AM10_47","Firmicutes_bacterium_CAG_102","Firmicutes_bacterium_CAG_103","Firmicutes_bacterium_CAG_110","Firmicutes_bacterium_CAG_114","Firmicutes_bacterium_CAG_124","Firmicutes_bacterium_CAG_129","Firmicutes_bacterium_CAG_137","Firmicutes_bacterium_CAG_145","Firmicutes_bacterium_CAG_170","Firmicutes_bacterium_CAG_176","Firmicutes_bacterium_CAG_194","Firmicutes_bacterium_CAG_240","Firmicutes_bacterium_CAG_24053_14","Firmicutes_bacterium_CAG_313","Firmicutes_bacterium_CAG_321","Firmicutes_bacterium_CAG_345","Firmicutes_bacterium_CAG_41","Firmicutes_bacterium_CAG_424","Firmicutes_bacterium_CAG_460","Firmicutes_bacterium_CAG_466","Firmicutes_bacterium_CAG_555","Firmicutes_bacterium_CAG_56","Firmicutes_bacterium_CAG_646","Firmicutes_bacterium_CAG_65_45_313","Firmicutes_bacterium_CAG_83","Firmicutes_bacterium_CAG_94","Firmicutes_bacterium_CAG_95","Flavonifractor_plautii","Fusicatenibacter_saccharivorans","Fusobacterium_equinum","Fusobacterium_gonidiaformans","Fusobacterium_hwasookii","Fusobacterium_mortiferum","Fusobacterium_necrophorum","Fusobacterium_nucleatum","Fusobacterium_periodonticum","Fusobacterium_sp_oral_taxon_370","Fusobacterium_varium","Gardnerella_vaginalis","Gemella_haemolysans","Gemella_morbillorum","Gemmiger_formicilis","Gordonibacter_pamelaeae","Gordonibacter_urolithinfaciens","Granulicatella_adiacens","Haemophilus_haemolyticus","Haemophilus_parainfluenzae","Haemophilus_paraphrohaemolyticus","Haemophilus_pittmaniae","Haemophilus_sp_HMSC71H05","Haemophilus_sputorum","Hafnia_alvei","Hafnia_paralvei","Harryflintia_acetispora","Helicobacter_cinaedi","Holdemania_filiformis","Intestinibacter_bartlettii","Intestinimonas_butyriciproducens","Klebsiella_michiganensis","Klebsiella_oxytoca","Klebsiella_pneumoniae","Klebsiella_quasipneumoniae","Klebsiella_variicola","Kluyvera_ascorbata","Kluyvera_cryocrescens","Kluyvera_intermedia","Kluyvera_intestini","Kosakonia_cowanii","Kosakonia_oryzae","Kosakonia_sp_S29","Lachnoclostridium_phytofermentans","Lachnoclostridium_sp_An118","Lachnoclostridium_sp_An138","Lachnoclostridium_sp_An14","Lachnospira_pectinoschiza","Lachnospiraceae_bacterium_OF09_33XD","Lachnospiraceae_bacterium_OF09_6","Lactobacillus_acidophilus","Lactobacillus_animalis","Lactobacillus_casei_group","Lactobacillus_crispatus","Lactobacillus_curvatus","Lactobacillus_delbrueckii","Lactobacillus_fermentum","Lactobacillus_pantheris","Lactobacillus_plantarum","Lactobacillus_reuteri","Lactobacillus_rhamnosus","Lactobacillus_rogosae","Lactobacillus_salivarius","Lactobacillus_sanfranciscensis","Lactobacillus_saniviri","Lactobacillus_vaccinostercus","Lactobacillus_vaginalis","Lactococcus_lactis","Lactonifactor_longoviformis","Lautropia_mirabilis","Lawsonibacter_asaccharolyticus","Leclercia_adecarboxylata","Lentisphaerae_bacterium","Leptotrichia_sp_oral_taxon_215","Leptotrichia_wadei","Leuconostoc_garlicum","Leuconostoc_lactis","Massiliomicrobiota_timonensis","Mediterraneibacter_sp_KCTC_15684","Megasphaera_elsdenii","Megasphaera_micronuciformis","Megasphaera_sp_DISK_18","Megasphaera_sp_MJR8396C","Mesosutterella_multiformis","Methanobrevibacter_smithii","Methanosphaera_stadtmanae","Methylobacterium_phyllosphaerae","Mitsuokella_jalaludinii","Mogibacterium_diversum","Mogibacterium_timidum","Monoglobus_pectinilyticus","Moraxella_osloensis","Morganella_morganii","Neisseria_flavescens","Neisseria_macacae","Neisseria_subflava","Odoribacter_splanchnicus","Oscillibacter_sp_57_20","Oscillibacter_sp_CAG_241","Oxalobacter_formigenes","Pantoea_dispersa","Parabacteroides_distasonis","Parabacteroides_goldsteinii","Parabacteroides_johnsonii","Parabacteroides_merdae","Parabacteroides_sp_CAG_409","Paraeggerthella_hongkongensis","Paraprevotella_clara","Paraprevotella_xylaniphila","Parasutterella_excrementihominis","Parvimonas_micra","Pedobacter_himalayensis","Peptoclostridium_difficile","Peptostreptococcaceae_bacterium_oral_taxon_929","Phascolarctobacterium_faecium","Phascolarctobacterium_succinatutens","Phytobacter_ursingii","Pluralibacter_gergoviae","Porphyromonas_gingivalis","Porphyromonas_sp_31_2","Prevotella_bivia","Prevotella_buccae","Prevotella_buccalis","Prevotella_copri","Prevotella_denticola","Prevotella_disiens","Prevotella_histicola","Prevotella_intermedia","Prevotella_melaninogenica","Prevotella_nigrescens","Prevotella_oris","Prevotella_sp_885","Prevotella_sp_AM42_24","Prevotella_sp_CAG_1031","Prevotella_sp_CAG_1092","Prevotella_sp_CAG_279","Prevotella_sp_CAG_386","Prevotella_sp_CAG_520","Prevotella_sp_CAG_5226","Prevotella_sp_CAG_604","Prevotella_sp_CAG_732","Prevotella_sp_oral_taxon_306","Prevotella_stercorea","Prevotella_timonensis","Propionibacterium_acnes","Proteobacteria_bacterium_CAG_139","Proteus_mirabilis","Providencia_rettgeri","Pseudoflavonifractor_capillosus","Pseudomonas_aeruginosa_group","Pseudomonas_helleri","Pseudomonas_simiae","Raoultella_ornithinolytica","Raoultella_planticola","Robinsoniella_sp_RHS","Romboutsia_ilealis","Roseburia_faecis","Roseburia_hominis","Roseburia_intestinalis","Roseburia_inulinivorans","Roseburia_sp_CAG_100","Roseburia_sp_CAG_10041_57","Roseburia_sp_CAG_182","Roseburia_sp_CAG_197","Roseburia_sp_CAG_303","Roseburia_sp_CAG_309","Roseburia_sp_CAG_471","Rothia_dentocariosa","Rothia_mucilaginosa","Ruminococcaceae_bacterium_D16","Ruminococcaceae_bacterium_D5","Ruminococcaceae_bacterium_KLE1738","Ruminococcus_bicirculans","Ruminococcus_bromii","Ruminococcus_callidus","Ruminococcus_gnavus","Ruminococcus_lactaris","Ruminococcus_obeum","Ruminococcus_sp_37_24","Ruminococcus_sp_CAG_177","Ruminococcus_sp_CAG_254","Ruminococcus_sp_CAG_330","Ruminococcus_sp_CAG_382","Ruminococcus_sp_CAG_403","Ruminococcus_sp_CAG_488","Ruminococcus_sp_CAG_563","Ruminococcus_sp_CAG_624","Ruminococcus_sp_CAG_724","Ruminococcus_torques","Ruthenibacterium_lactatiformans","Saccharomyces_cerevisiae","Sanguibacteroides_justesenii","Selenomonas_flueggei","Sellimonas_intestinalis","Senegalimassilia_anaerobia","Serratia_fonticola","Serratia_liquefaciens","Serratia_marcescens","Slackia_isoflavoniconvertens","Slackia_piriformis","Solobacterium_moorei","Staphylococcus_aureus","Staphylococcus_epidermidis","Staphylococcus_haemolyticus","Staphylococcus_hominis","Stenotrophomonas_maltophilia","Streptococcus_agalactiae","Streptococcus_anginosus_group","Streptococcus_australis","Streptococcus_gordonii","Streptococcus_infantis","Streptococcus_lutetiensis","Streptococcus_milleri","Streptococcus_mitis","Streptococcus_mutans","Streptococcus_oralis","Streptococcus_parasanguinis","Streptococcus_salivarius","Streptococcus_sanguinis","Streptococcus_sp_A12","Streptococcus_sp_HMSC071D03","Streptococcus_sp_M334","Streptococcus_sp_oral_taxon_056","Streptococcus_thermophilus","Streptococcus_vestibularis","Subdoligranulum_sp","Subdoligranulum_sp_APC924_74","Succinatimonas_sp_CAG_777","Sutterella_sp_CAG_351","Sutterella_sp_CAG_397","Sutterella_sp_CAG_521","Sutterella_wadsworthensis","Terrisporobacter_othiniensis","Turicibacter_sanguinis","Turicimonas_muris","Tyzzerella_nexilis","Tyzzerella_sp","Veillonella_atypica","Veillonella_dispar","Veillonella_infantium","Veillonella_parvula","Veillonella_rodentium","Veillonella_rogosae","Veillonella_seminalis","Veillonella_sp_DORA_A_3_16_22","Veillonella_sp_T11011_6","Veillonella_tobetsuensis","Vibrio_campbellii","Victivallales_bacterium_CCUG_44730","Victivallis_vadensis","Weissella_confusa"
"1","9016-B_S",0,0,0,0,0,0,0,0,0,0,0,0,0,0,0,0,0.1473233,0,0,0,0,0,0,0,0,0,0,0,0,0,0,0,0,0,0,0,0,0,0,0,0,0,0,0,0,0,0,0,0,0,0,0,0,0,0,0,0,0,0,0,0,0,0,0,0,0,0,0,0,0,0,0,0,0,0,0,0,0,0,0,0,0,0,0,0,0,0,0,0,0,0,0,0,0,0,0,0,0,0,0,0,0,0,0,0,0,0,0,0,0,0,0,0,0,0,0,0,0,0,0,0,0,0,0,0,0,0,0,0,0,0,0,0,0,0,0,0,0,0,0,0,0,0,0,0,0,0,0,0,0,0,0,0,0,0,0,0,0,0,0,0,0,0,0,0,0,0,0,0,0,0,0,0,0,0,0,0,0,0,0,0,0,0,0,0,0,0,0,0,0,0,0,0,0,0,0,0,0,0,0,0,0,0,0,0,0,0,0,0,0,0,0,0,0,0,0,0,0,0,0,0,0,0,0,0,0,0,0,0,0,0,0,0,0,0,0,0,0,0,0,0,0.0013942,0,0,0,0,0,0,0.0197711,0,0,0,0,0,0,0,0,0,0,0,0,0,0,0,0,0,0,0,0,0,0,0,0,0,0,0,0,0,0,0,0,0,0,0,0,0,0,0,0,0,0,0,0,0,0,0,0,0,0,0,0,0,0,0,0,0,0,0,0,0,0,0,0,7.64e-05,0,0,0,0,0,0,0,0,0,0,0.3132598,0,0,0,0,0,0,0,0,0,0,0,0,0,0.2774321,0.0144632,0.0756372,0,0,0,0,0,0,0,0,0,0,0,0,0,0,0,0,0,0,0,0,0,0,0,0,0,0,0,0,0,0,0,0,0,0,0,0,0,0,0,0,0,0,0,0,0,0,0,0,0,0,0,0,0,0,0,0,0,0,0,0,0,0,0,0,0.0104289,0,0,0,0,0,0,0,0,0,0,0,0,0,0,0,0,0,0,0,0.0001524,0,0,0.0003491,0,0,0,0,0,0,0,0,0,0,0,0,0,0,0,0,0,0,0,0,0,0,0,0,0,0,0,0,0,0,0,0,0,0,0,0,0,0,0,0,0,0,0,0,0,0,0,0,0,0,0,0,0,0,0,0,0,0,0,0,0,0,0,0,0,0,0,0,0,0,0,0,0,0,0,0,0,0,0,0,0,0,0,0,0,0,0,0,0,7.81e-05,0,0,0,0,0,0,0,0,0,0,0,0,0,0,0,0,0,0,0,0,0,0,0,0.0001063,0.0548018,0,0.0844995,0,0,0,0,0.0002266,0,0,0,0,0
"2","9016-C_S",0,0,0,0,0,0,0,0,0,0,0,0,0,0,0,0,0,0,0,0,0,0,0,0,0,0,0,0,0,0,0,0,0,0,0,0,0,0,0,0,0,0,0,0,0,0,0,0,0,0,0,0,0,0,0,0,0,0,0,0,0,0,0,0,0,0,0,0,0,0,0,0,0,0,0,0,0,0,0,0,0,0,0,0,0,0,0,0,0,0,0,0,0,0,0,0,0,0,0,0,0,0,0,0,0,0,0,0,0,0,0,0,0,0,0,0,0,0,0,0,0,0,0,0,0,0,0,0,0,0,0,0,0,0,0,0,0,0,0,0,0,0,0,0,0,0,0,0,0,0,0,0,0,0,0,0,0,0,0,0,0,0,0,0,0,0,0,0,0,0,0,0,0,0,0,0,0,0,0,0,0,0,0,0,0,0,0,0,0,0,0,0,0,0,0,0,0,0,0,0,0,0,0,0,0,0,0,0,0,0,0,0,0,0,0,0,0,0,0,0,0,0,0,0,0,0,0,0,0,0,0,0,0,0,0,0,0,0,0,0,0,0,0,0,0,0,0,0,0,0,0,0,0,0,0,0,0,0,0,0,0,0,0,0,0,0,0,0,0,0,0,0,0,0,0,0,0,0,0,0,0,0,0,0,0,0,0,0,0,0,0,0,0,0,0,0,0,0,0,0,0,0,0,0,0,0,0,0,0,0,0,0,0,0,0,0,0,0,0,0,0,0,0,0,0,0,0,0,0,0,0,0,0,0,0,0,0,0,0,0,0,0,0,0,0,0,0,0,0,0,0,0,0,0,0,0,0,0,0,0,0,0,0,0,0,0,0,0,0,0,0,0,0,0,0,0,0,0,0,0,0,0,0,0,0,0,0,0,0,0,0,0,0,0,0,0,0,0,0,0,0,0,0,0,0,0,0,0,0,0,0,0,0,0,0,0,0,0,0,0,0,0,0,0,0,0,0,0,0,0,0,0,0,0,0,0,0,0,0,0,0,0,0,0,0,0,0,0,0,0,0,0,0,0,0,0,0,0,0,0,0,0,0,0,0,0,0,0,0,0,0,0,0,0,0,0,0,0,0,0,0,0,0,0,0,0,0,0,0,0,0,0,0,0,0,0,0,0,0,0,0,0,0,0,0,0,0,0,0,0,0,0,0,0,0,0,0,0,0,0,0,0,0,0,0,0,0,0,0,0,0,0,0,0,0,0,0,0,0,0,0,0,1,0,0,0,0,0,0,0,0,0,0,0,0,0
"3","9016-D_S",0,0,0,0,0,0,0,0,4.88999951100005e-05,0,0,0,0,0,0,0,0,0,0,0,0,0,0.000578899942110006,0,0,0,0,0,0,0,0,0,0,0,0,0,0,0,0.000736899926310007,0.00870889912911009,0,0,0,0,6.13999938600006e-05,0,0,0,0,0.00440949955905004,0,0,0,0,0,0,0,0,0,0.161970983802902,0,0,0,0,0,0,0,0,0,0,0,0,0,0.000663899933610007,0.00568489943151006,0.335339366466063,0.00366779963322004,0,0,0.0248415975158402,0,0,0,0,0,0,7.92999920700008e-05,0,0.00512659948734005,0,0,0,0,0,0,0,0,0.00384009961599004,0,0.00162499983750002,0,0,0,0,0,0,0,0,0,0,0,0,0,0,0,0,0,0,0.000275299972470003,0.000141599985840001,0,0,0,0,0,0,0,0,0,0,0.000102899989710001,0,0.000618799938120006,0,0,0.000814599918540008,0,0,0,0,0,0.000119399988060001,0,0,0,0.000159099984090002,0.00170019982998002,0.00784129921587008,6.59999934000007e-05,0,0,0,0,0,0.00170329982967002,0,3.35999966400003e-05,0,0,0,0,0,0,0,0,0,0,0,0,0,0,0,0.0119220988077901,0,0,0,0,0.00598119940188006,0,0,0,0,0,0,0,0,0,0,0,0,0,0,0,0,0,0,0,0.00316299968370003,0,0,0,0,0,0.00187269981273002,0,0.00662289933771007,0.00374959962504004,0,0,0,0,5.12999948700005e-05,0,0.000135899986410001,0,0,0,0,0,0,0,0,0,0,0,0.00742339925766007,0.0124624987537501,0.000791599920840008,0,0,0.00133159986684001,0,0,0,0.000212799978720002,0,0,0,0,0,0,0,0,0,0,0,0,0,0.000377999962200004,0,0,0,0,0.00410039958996004,0,0,1.70999982900002e-05,0,0,0,0,0,0,0,0,0,0,0,0,0,0,0,0,0.0094532990546701,0,0,0,0,0,0,0,0.00111439988856001,0,0,0,0,0,0,0,0,0,0,0,0,0,0.000809199919080008,0,0,0,2.40999975900002e-05,0,0,0,0,0,0.00198089980191002,0.00097479990252001,0,0,0,0,0,0,0,0,0,0,0,0,0.00256389974361003,0,0,0,0,0,0,0,0,0,0,0,0,0,0.000193699980630002,2.72999972700003e-05,0.0233034976696502,0,0,0,0,0,0,0,0,0,0,0,0,0,0,0,0,0,0,0,0,0,0,0,0,0,0,0,0,0,0,0,0,0,0,0,0,0,0,0,0,0,0.000215299978470002,0,0,0,0,0,0,0,0,0,0,0,0,0,0,0,0,0,0,0,0,0,0,0,0.0449291955070804,0,0,0,0,0.200225079977492,0,0,0.0151949984805002,0,0,0,0,0.000499199950080005,0,0,0,0,0,0,0,0,0,0,0,0.000231099976890002,0,0,0,0,0,0,0,0,0,0,0,0,0,0,0,0,0,0,0,0,0,0,0,0.0270000972999903,0,0,0,0,0,0,0,0,0,0,0,0,0,0,0,0,0,0,0,0,4.69999953000005e-06,0,0,0,0,0.00305309969469003,0,0,0,0.00153959984604002,0,0.00096189990381001,0,0,0,0,0,0,0,0,0,0,0.0104895989510401,0.0179309982069002,0,0,0,0,0,0,0,0,0,0,0,0,0,0,0,0,0,0,0,0,0,0,0,0.000213499978650002,0,0,0,0,0,0,0,0,0,0,0,0.00511569948843005,0,0,0,0,0,0,0,0,0,0,0,0,0,0,0,0,0,0,0,0,0,0,0,0.000774599922540008,0
"4","9016-E_S",0,0,0,0,0,0,0,0,2.75e-05,0,0,0,0,0,0,0,0,0,0.0071251,0,0,0,0.0052101,0,0,0,0,0,0.0005984,0,0,0,0,0,0,0,0,0,0.0067946,0,0,0,0,0,0,0,0,0,0,0.0458729,0.0025267,0,0,0,0,0,0,0,0,0.0275509,0,0.0049825,0,0,0,0.0016839,0,0,0,0,0,0,0,0.0305149,0.2185445,0.3307038,0.0133731,0,0,0.0392559,0,0,0,0,0,0,0.0013295,0.000947,0.0004555,0,0,0,0,0,1.9e-05,0,0,0.0003907,0,0.0010834,0,0,0,0,0,0,0,0,0,0,0,0,0,0,0,0,0,0,0,0,0,0,0,0,0,0,0,0,0.0001372,0,0,0,0,0,0,0,0,0,0,0,0,3.22e-05,0,0,0.0001073,0,0,0,0,0.0003919,0,0,0,0,0.0001171,0,0,0,0,0,0.00085,0,0,0,0,0,0,0,0,0.0001679,0,0,0.0002316,0,0,0,0,0.0002875,0,0,0,0,0,0,0,0,0,0,0,0,0,0,0,0,0,0,0,0.0007303,0,0,0,0,0,0,0,0.0001422,0.0007834,0,0,0,0,0.0001457,0,0.0002198,0.0090002,0,0,0,0,0,0,0,0.0066566,0,0,0.0005222,0.0023364,0,0,0,0,0,0,0,0,0,0,0,0,0,3.48e-05,0,0,0,0,0,0,0,0.0013926,0,0,0,0.0059944,0.0023068,0,0,0.025961,0,0,0,0,0,0,0,0.0036161,0,0,0,0.0030043,0.0019545,0,0,0.0003272,0.0151325,0,0,0,0,0,0,0,8.07e-05,0,0,0,0,0,0,0,0,0,0,0,0,0.0013982,0,0,0,0,0.0042598,0,0,0,0,0,0.0008626,0.0038194,0,0,0,0,0,0,0,0,0,0,0,0,0.0008225,0,0,0,0,0.0007813,0,0,0,0,0,0,0,0,0,0.0027564,0.0020544,0,0,0,0,0,0,0,0,0,0,0,0,0,0,0,0,0,0,0,0,0,0,0,0,0,0,0,0,0,0,0,0,0,0,0,0,0,0,0,0,0,0,0,0,0,0,0,0,0,0,0,0,0,0,0,0,0,0,0,0,0,0,0,0,0,0.0176889,0,0,0,0,0.0371916,0,0,0.0402248,0,0,0,0,0.0002053,0,0,0,0,0,0,0,0,0,0,0,0,0,0,0,0,0,0,0,0,0,0,0,0,0,0,0,0,0,0,0,0,0,0,0,0.0122052,0,0,0,0,0,0,0,0,0,7.97e-05,0,0.0015345,0.0384749,0.0008223,0,0,0,0,0,0,0,0,0,0,0,0.0002555,0.0016325,0,0,0.0046852,0,0.0005329,0,0,0.0017173,0,0,0,0,0,0,0,0.0019764,0.0002861,0,0,0,0,0,0,0,0,0,0,0,0,0,0,0,0,0,0,0,0,0,0,0,0,0,0,0,0.0001484,0,0,0,0,0,0,0,0.0018945,0,0,0,0,0,0,0,0,0,0,0,0,0,0,3.51e-05,0,0,0,0,0,0,0,0,0,0
"5","9015-A_S",0,0,0,0,0,0,0,0,0,0,0,0,0,0,0,0,0,0,0,0,0,0,0,0,0,0,0,0,0,0,0,0,0,0,0,0,0.0071676,0,0,0,0,0,0,0,0,0,0,0,0,0,0,0,0,0,0,0,0,0,0,0,0,0,0,0,0,0,0,0,0,0,0,0,0,0,0,0,0,0,0,0,0,0.0028644,0,0,0,0.007477,0,0,0,0,0,0,0,0,0,0,0,0,0,0,0,0,0,0,0,0,0,0,0,0,0,0,0,0,0,0,0,0,0,0,0,0.0933829,0,0,0,0,0,0,0,0,0,0,0,0,0,0,0,0.0333111,0.0229954,0,0,0,0,0,0,0,0,0,0,0,0,0.0001099,0.0107003,0.0060629,0,0,0,0,0,0,0,0,0,0,0,0,0,0,0,0,0,0,0,0,0,0,0,0,0,0,0,0,0,0,0,0,0,0,0,0,0,0,0,0,0,0,0,0,0,0,0,0,0,0.0009322,0,0,0,0,0,0,0,0,0,0,0,0,0,0,0,0,0,0,0,0,0,0,0,0,0,0,0,0,0,0,0,0,0,0,0.0029673,0,0,0,0,0,0,0,0,0,0.2288884,0,0,0,0,0,0,0,0,0,0,0,0,0,0,0,0,0,0,0,0,0,0,0,0,0,0,0,0,0,0,0,0,0,0,0,0,0,0,0,0,0,0,0,0,0,0,0,0,0,0,0,0.051683,0,0,0,0,0,0,0,0,0,0,0,0.0143295,0,0,0,0,0,0,0,0,0,0,0,0.0008915,0,0,0,0,0,0,0,0,0,0.0046591,0,0.0002197,0,0.1349354,0.0165775,0.0559924,0,0,0,0,0,0,0,0,0,0,0,0,0,0,0,0,0,0,0,0,0,0,0,0,0,0,0,0,0,0,0,0,0,0,0,0,0,0,0,0,0,0,0,0,0.0020665,0,0,0,0,0,0,0,0,0,0,0,0,0,0,0,0,0,0,0,0,0,0,0,0,0,0,0,0,0,0,0,0,0,0,0,0,0,0,0,0,0.0037071,0,0,0,0,0,0,0,0,0,0,0,0,0,0,0,0,0,0,0,0,0,0,0,0,0,0,0,0,0,0,0.0008261,0,0,0.0001226,0,0.0217576,0,0,0,0,0,0,0,0,0,0,0,0,0,0,0,0,0,0,0,0,0,0,0,0,0,0,0,0,0,0,0,0,0,0,0,0,0,0,0,0,0,0,0,0,0,0,0,0,0,0,0,0,0,0,0,0,0,0,0,0,0,9.89e-05,0,0,0,0.0106933,0,0,0,0,0,0,0,0,0.0004249,0.0069406,0,0,0,0.0128894,0.000123,0,0.2441438,5.87e-05,0,0,0,0,0,0,0,0,0
"6","9015-B_S",0,0,0,0,0,0,0,0,0,0,0,0,0,0,0,0,0,0,0,0,0,0,0,0,0,0,0,0,0,0,0,0,0,0,0,0,0.00131499986850001,0,0,0,0,0,0,0,0,0,0,0,0,0,0,0,0,0,0,0,0,0,0,0,0,0,0,0,0,0,0,0,0,0,0,0,0,0,0,0,0,0,0,0,0,4.70999952900005e-05,0,0,0,0.00319249968075003,0,0,0,0,0,0,0,0,0,0,0,0,0,0,0,0,0,0,0,0,0,0,0,0,0,0,0,0,0,0,0,0,0,0,0,0.0446994955300504,0,0,0,0,0,0,0,0,0,0,0,0,0,0,0,0.0130835986916401,0.0293584970641503,0,0,0,0,0,0,0,0,0,0,0,0,0.00104099989590001,0.0243032975696702,0.0259507974049203,0,0,0,0.000392299960770004,0,0,0,0,0,0,0,0,0,0,0,0,0,0,0,0,0,0,0,0,0,0,0,0,0,0,0,0,0,0,0,0,0,0,0,0,0,0,0,0,0,0,0,0,0,0,0,0,0,0,0,0,0,0,0,0,0,0,0,0,0,0,0,0,0,0,0,0,0,0,0,0,0,0,0,0.000364799963520004,0,0,0,0,0.0122452987754701,0,0,0,0,0,0,0,0,0,0.208091379190862,0,0,0,0,0,0,0,0,0,0,0,0,0,0,0,0,0,0,0,0,0,0,0,0,0,0,0,0,0,0,0,0,0,0,0,0,0,0,0,0,0,0,0,0,0,0,0,0,0,0,0,0,0,0,0,0,0,0,0,0,0,0,0,0.0393002960699704,0,0,0,0,0,0,0,0,0,0,0,0.00291379970862003,0,0,0,0,0,0.000586699941330006,0,0,0,0.0128157987184201,0,0,0,0.199604680039532,0.0216775978322402,0.0561594943840506,0,0,0,0,0,0,0,0,0,0,0,0,0,0,0,0,0,0,0,0,0,0,0,3.70999962900004e-05,0,0,0,0,0,0,0,0,0,0,0,0,0,0,0,0,0,0,0,0,0.0367858963214104,0,0,0,0,0,0,0,0,0,0,0,0,0,0,0,0,0,0,0,0,0,0,0,0,0,0,0,0,0,0,2.77999972200003e-05,0,0,0,0,0,0,0,0,0.000262499973750003,0.0777954922204508,0,0,0,0,0,0,0,0,0,0,0,0,0,0,0,0,0,0,0,0,0,0,0,0,0,0,0,0,0,0,0.00127959987204001,0,0,0,0,0,0,0,0,0,0,0,0,0,0,0,0,0,0,0,0,0,0,0,0,0,0,0,0,0,0,0,0,0,0,0,0,0,0,0,0,0,0,0,0,0,0,0,0,0,0,0,0,0,0,0,0,0,0,0,0,0,0,0,0,0,0,0,0,0,0,0.00137339986266001,0,0,0,0,0,0,0,0,0,0.000304699969530003,0,0,0,0.00834049916595008,0.00595479940452006,3.27999967200003e-05,0.170453082954692,0.000135099986490001,0,0,0,7.37999926200007e-05,0,0,0,0,0
"7","9015-C_S",0,0,0,0,0,0,0,0,0,0,0,0,0,0,0,0,0,0,0,0,0,0,0,0,0,0,0,0,0,0,0,0,0,0,0,0,0,0,0,0,0,0,0,0,0,0,0,0,0,0,0,0,0,0,0,0,0,0,0,0,0,0,0,0,0,0,0,0,0,0,0,0,0,0,0,0.0075816,0,0,0,0,0,0,0,0,0,0,0,0,0,0,0,0,0,0,0,0,0,0,0,0,0,0,0,0,0,0,0,0,0,0,0,0,0,0,0,0,0,0,0,0,0,0,0,0,0,0,0,0,0,0,0,0,0,0,0,0,0,0,0,0,0,0,0,0,0,0,0,0,0,0,0,0,0,0,0,0,0,0,0,0,0,0,0,0,0,0,0,0,0,0,0,0,0,0,0,0,0,0,0,0,0,0,0,0,0,0,0,0,0,0,0,0,0,0,0,0,0,0,0,0,0,0,0,0,0,0,0,0,0,0,0,0,0,0,0,0,0,0,0,0,0,0,0,0,0,0,0,0,0,0,0,0,0,0,0,0,0,0,0,0,0,0,0,0,0,0,0,0,0,0,0,0,0,0,0,0,0,0,0,0,0,0,0,0,0,0,0,0,0,0,0,0,0,0,0,0,0,0,0,0,0,0,0,0,0,0,0,0,0,0,0,0,0,0,0,0,0,0,0,0,0,0,0,0,0,0,0,0,0,0,0,0,0,0,0,0,0,0,0,0,0,0,0,0,0,0,0,0,0,0,0,0,0,0,0,0,0,0,0,0,0,0,0,0,0,0,0,0,0,0,0,0,0,0,0,0,0,0,0,0,0,0,0,0,0,0,0,0,0,0,0,0,0,0,0,0,0,0,0,0,0,0,0,0,0,0,0,0,0,0,0,0,0,0,0,0,0,0,0,0,0,0,0,0,0,0,0,0,0,0,0,0,0,0,0,0,0,0,0,0,0,0,0,0,0,0,0,0,0,0,0,0,0,0,0,0,0,0,0,0,0,0,0,0,0,0,0,0,0,0,0,0,0,0,0,0,0,0,0,0,0,0,0,0,0,0,0,0,0,0,0,0,0,0,0,0,0,0,0,0,0,0,0,0,0,0,0,0,0,0,0,0,0,0,0,0,0,0,0,0,0,0,0,0,0,0,0,0,0,0,0,0,0,0,0,0,0,0,0,0,0,0,0,0,0,0,0,0,0.9924184,0,0,0,0,0,0,0,0,0,0,0,0,0,0,0,0,0,0,0,0,0,0,0,0,0,0,0
"8","9015-D_S",0.0096837990316201,0,0,0,0,0,0,0,0.000156599984340002,0,0,0,0,0,0,0.0118443988155601,0,0,0,0,0,0,0,0,0,0.00187779981222002,0,0,0,0,0,0,0,0,0,0,0,0,0.0496801950319805,1.51999984800002e-05,0,0,0,0,0,0,0,0,0,0,0,0,0.0384059961594004,0,0,0,0,0,0,0.0207704979229502,0,0.0491763950823605,0,0,0,0,0,0,0,0,0,0,0,0.00568949943105006,0.0739444926055507,0.371679862832014,0.00554939944506005,0,0,0,0,0,0.00637439936256006,0,0,0,0.0430511956948804,0,0,0,0,0,0,0,0.000229399977060002,0,5.70999942900006e-05,0.00792599920740008,0,0.000271299972870003,0,0,0,0,0,0,0,0,0,0,0,0,0,0,0,0,0,0,0,0,0,0,0,0,0,0,0,0,0.000666699933330007,0,0,0,0,0,0,0,0,0,0,0,0,1.48999985100001e-05,4.99999950000005e-05,0,0,0,0,0,0,0,0,0,0,0,0,0,0,0,0,0,0,5.50999944900006e-05,0,0,0,0,0,0,0,0,0,0,0,0,0,0.00122599987740001,0,0,0,0,0.000162999983700002,0,0,0,0,0,0,0,6.99999930000007e-05,0,0,0,0,0,0,0,0,0,0,0,0,0,0,0,0,0,0.0207281979271802,0,0,0,0,0,0,0.00400629959937004,0.00776699922330008,0,0,0,0,0.00922919907708009,0,0,0,0,0,0.00700809929919007,0.00918439908156009,0,0,9.5799990420001e-05,0.000390599960940004,0,0,0,0,0,0,0,0,0,0,0,0,0,0,0.000357199964280004,0,0,0.00273349972665003,1.87999981200002e-05,0,0,0,0.0127119987288001,0,0.00625989937401006,0.00288609971139003,0,0.00634039936596006,0,0,0,0,0,0,0,0.00410459958954004,0,0.0135832986416701,0,0,0,0,0.0296647970335203,0,0,0.000411899958810004,0,0,0,0,0.000118099988190001,0,0,0,0,0,0,0,0,0,0,0,0,0,7.19999928000007e-06,0,0,0,0.00861939913806009,0,0,0,0,0,0.00115679988432001,0.0173347982665202,0,0,0,0,0,0,0,0,0,0,0,0,0.00178029982197002,0,0,0,0,0.00158059984194002,0,0,0,0,0,0,0,0,0.000242199975780002,0,0,0,0,0.000131799986820001,0,0,0,0,0,0,0,0,0,0,0,0,0,0,0,0,0,0,0,0,0,0,0,0,0,0,0,0,0,0,0,0,0,0,0,0,0,0,0,0,0,0,0,0,0.000139899986010001,0,0,0,0,0,0,0,0,0,0,0,0,0,0,0,0,0,0,0,0,0,0,0,0,0,0.0206069979393002,0,0,0,0,0.000612699938730006,0,0,0,0,0,0,0,0,0,0,0,0,0,0,0,0,0,0,0,0,0,0,0,0,0,0,0,0,0,0,0,0,0,0,0,0.0502991949700805,0,0,0,0,0,0,0,0,0,0,0,0.000734299926570007,0,0.0193060980693902,0,0,0,0,0,0,0,0,2.39999976000002e-05,0,0,0.000506699949330005,0,0,0,0.00228019977198002,0,0.00649989935001006,0,0,0,0,0,0,0,0,0,0,0.0099609990039001,0.000535799946420005,0,0,0,0,0,0,0,0,0,0,0,0,0,0,0,0,0,0,0,0,0,0,0,3.22999967700003e-05,0,0,7.96999920300008e-05,0.00121479987852001,0,0,0,0,0,0.00748839925116007,0,0.00838779916122008,0,0,0,0,0,0,0,0.00371169962883004,0,0,0,1.51999984800002e-05,0,0,0.000480799951920005,0,0,0,0,0,0,0,0,0,0
"9","9002-B_S",0,0,0,0,0,0,0,0,0,0,0,0,0,0,0,0,5.30999946900005e-05,0,0,0,0,0,0,0,0,0,0,0,0,0,0,0,0,0,0,0,0,0,0,0,0,0,0,0,0,0,0,0,0,0,0,0,0,0,0,0,0,0,0,0,0,0,0,0,0,0,0,0,0,0,0,0,0,0,0,0,0,0,0,0,0,0,0,0,0,0,0,0,0,0,0,0,0,0,0,0,0,0,0,0,0,0,0,0,0,0,0,0,0,0,0,0,0,0,0,0,0,0,0,0,0,0,0,0,0,0,0,0,0,0,0,0,0,0,0,0,0.000138799986120001,0,0,0,0,0,0,0,0,0,0,0,0,0,0,0,0.00425919957408004,0,0,0,0,0.00142599985740001,0,0.0706678929332107,0,0,0,0,0,0,0,0,0,0,0,0,0,0,0,0,0,0,0,0,0,0,0,0,0,0,0,0,0,0,0,0,0,0,0,0,0,0,0,0,0,0,0,0,0.000580599941940006,0,0,0,0,0,0,0,0,0,0,0,0,0,0,0,0,0,0,0,0,0,0,0,0,0,0,0,0,0,0,0,0,6.94999930500007e-05,0.00275129972487003,0,0,0.00262759973724003,0,0,0,0,0,0,0,0,0,0,0,0,0,0,0,0,0,0,0,0,0,0,0,0,0,0,0,0,0,0,0,0,0,0,0,0,0,0,0,0,0,0,0,0,0,0,0,0,0,0,0,0,0,0,0,0,0,0,0,0,0,0,0,0,0,0,0,0.000475399952460005,0,0,0.0224866977513302,0,0.000124699987530001,0,0,0,0,0,0,0,0,0,0.000817299918270008,0,0,0,0,0,0,0,0,0,0,0,0,0,0.723474427652557,0.0237771976222802,0.0559201944079806,0,0,0,0,0,0,0,0,0,0,0,0,0,0,0,0,0.00238329976167002,0,0,0,0,0,0,0,0,0,0,0,0,0,0,0,0,0,0,0,0,0,0,0,0,0,0,0,0.0105669989433001,0,0,0,0,0,0,0,0,0,0,0,0,0,0,0,0,0,0,0,0,0,0,0,0,0,0,0,0,0,0,0,0,0,0,0,0,0,0,0,0,0,0,0,0,0,0,0,0,0,0,0,0,0,0,0,0,0,0,0,0,0,0,0,0,0,0,0,0,0,0,0,0,0,0,0,0,0,0,0,0,0,0,0,0,0,0,0,0,0,0,0,0,0,0,0,0,0,0,0,0,0,0,0,0,0,0,0,0,0,0,0,0,0,0,0,0,0,0,0,0,0,0,0,0,0,0,0,0,0,0,0,0,0,0,0,0,0,0,0,0,0,0,0,0,0,0,0,0,0,0,0.000652999934700007,0,0,0,0,0,0.0208352979164702,0.00210229978977002,0,0.0505020949497905,0,0,0,0,4.37999956200004e-05,0.00326329967367003,0,0,0,0
"10","9009-A_S",0,0,0,0,0,8.86000088600009e-05,0,0,0,0,0,0,0,0,0,0,0,0,0,0,0,0,0,0,0,0,0,0,0,0,0,0.00138200013820001,0,0,0,0,0,0,0,0,0,0,0,0,0,0,0,0,0,0,0,0,0.00198990019899002,0,0,0,0,0,0,0,0,0.00602390060239006,0,0,0,0,0,0,0,0,0,0,0,0.0164347016434702,0,0.0244466024446602,0.000904500090450009,0,0,0,0,0,0,0,0,0,0,0,0.000352100035210004,0,0,0,5.90000059000006e-06,0,0,0,0.0378966037896604,0,0,0,0,0,0,0,0,0,0,0,0,0,0,0,0,0,0,0,0,0,0,0,0,0,0,0,0,0,0,0,0,0,0,0,0,0,0,0,0,0,0,0,0,0,0,0,0,0,0.0679293067929307,0,0,0,0,0,0,0,0,0,0,0,0,0.00148750014875001,0,0,0,0,0,0,0,0,0,0,0,0,0,0,0,0,0,0,0,0,0.0324381032438103,0,0,0,0,0,0,0,0,0,0,0,0,0,0,0,0,0,0,0,0,0,0,0,0,0,0,0,0,0,0,0,0,0,0,0,0,0,0,0,0,0,0,0,0,0,0,0,0,0,0,0,0,0,0,0,0,0,0.093504409350441,0,0,0,0,0,0,0,0,0,0.0408411040841104,0,0,0,0,0,0,0,0,0,0,0,0,0,0,0,0,0,0,0,0,0,0,0,0,0,0,0,0,0,0,0,0,0,0,0,0,0,0,0,0,0,0,0,0,0,0,0,0,0,0,0,0,0,0,0,0,0,0,0,0,0,0,0,0,0,0,0,0,0,0,0,0,0,0,0,0,0,0,0,0,0,0,0,0,0,0,0,0,0,0.0463906046390605,0.00569780056978006,0.0117196011719601,0,0,0,0,0,0,0,0,0,0,0,0,0,0,0,0,0,0,0,0,0,0,0,0,0,0,0,0,0,0,0.000112700011270001,0,0,0,0,0,0,0,0,0,0,0,0,0,0,0,0,0,0,0,0,0,0,2.98000029800003e-05,0,0,0,0,0,0,0,0,0,0,0,0,0,0,0,0,0,0,0,0,0,0,0.00191490019149002,0,0,0,0,0,0,0,0,0,0,0,0,0,0,0,0,0,0,0,0,0,0,0,0,0,0,0,0,0,0,0,0,0,0,0,0,0,0,0,0,0,0,0,0,0,0,0,0,0,0,0,0,0,0,0,0,0,0,0,0,0,0,0.603017860301786,0,0,0,0,0,0,0,0,0,0,0,0,0,0,0,0,0,0,0,0,0,0,0,0,0,0,0,0,0,0,0.00098080009808001,0.000182400018240002,0,0,0,0,0,6.46000064600007e-05,0,0.000275600027560003,0,0.00350780035078003,0,0,0,0,0,0,0,0,0,0,0,0,0,0,0,0,0,0,0,0,0,0,0.000380300038030004,0,0,0,0,0,0,0,0,0,0
"11","9009-B_S",0,0,0,0,0,0,0,0,0,0,0,0,0,0,0,0,0,0,0,0,0,0,0,0,0,0,0,0,0,0,0,1.71000017100002e-05,0,0,0,0,0,0,0,0,0,0,0,0,0,0,0,0,0,0,0,0,0,0,0,0,0,0,0,0,0,0,0,0,0,0,0,0,0,0,0,0,0,0,0,0,0,0,0,0,0,0,0,0,0,0,0,0,0,0,0,0,0,0,0,0,0,0,0,0,0,0,0,0,0,0,0,0,0,0,0,0,0,0,0,0,0,0,0,0,0,0,0,0,0,0,0,0,0,0,0,0,0,0,0,0,0,0,0,0,0,0,0,0,0,0,0,0,0,0,0,0,0,0,0,0,0,0,0,0.0131897013189701,0,0,0,0,0,0,0,0,0,0,0,0,0,0,0,0,0,0,0,0,0,0,0,0,0,0,0,0,0,0,0,0,0,0,0,0,0,0,0,0,0,0,0,0,0,0,0,0,0,0,0,0,0,0,0,0,0,0,0,0,0,0,0,0,0,0,0,0,0,0,0,0,0,0,0,0,0,0,0.775196877519688,0,0,0,0,0,0,0,0,0,0,0,0,0,0,0,0,0,0,0,0,0,0,0,0,0,0,0,0,0,0,0,0,0,0,0,0,0,0,0,0,0,0,0,0,0,0,0,0,0,0,0,0,0,0,0,0,0,0,0,0,0,0,0,0,0,0,0,0,0,0,0,0,0,0,0,0,0,0,0,0,0,0,0,0,0,0,0,0,0,0,0,0,0,0,0,0,0,0,0,0.141979214197921,0.0208877020887702,0.0355301035530104,0,0,0,0,0,0,0,0,0,0,0,0,0,0,0,0,0,0,0,0,0,0,0,0,0,0,0,0,0,0,6.21000062100006e-05,0,0,0,0,0,0,0,0,0,0,0,0,0,0,0,0,0,0,0,0,0,0,0,0,0,0,0,0,0,0,0,0,0,0,0,0,0,0,0,0,0,0,0,0,0,0,0,0,0,0,0,0,0,0,0,0,0,0,0,0,0,0,0,0,0,0,0,0,0,0,0,0,0,0,0,0,0,0,0,0,0,0,0,0,0,0,0,0,0,0,0,0,0,0,0,0,0,0,0,0,0,0,0,0,0,0,0,0,0,0,0,0,0,0,0,0,0,0,0,0,0,0,0,0,0,0,0,0,0,0,0,0,0,0,0.000265300026530003,0.000339200033920003,2.12000021200002e-05,6.60000066000007e-06,0,0.000201900020190002,0.000100400010040001,0,0,0,0,0,3.56000035600004e-05,0,6.93000069300007e-05,0,0.000410700041070004,0,0,0,0,0,0,0,0,0,0,0,0,0,0,0,0,0,0,0,0,0,0,0.0116870011687001,0,0,0,0,0,0,0,0,0,0
"12","9009-C_S",0,0,0,0,0,0,0,0,0,0,0,0,0,0,0,0,0,0,0,0,0,0,0,0,0,0,0,0,0,0,0,0,0,0,0,0,0,0,0,0,0,0,0,0,0,0,0,0,0,0,0,0,0,0,0,0,0,0,0,0,0,0,0,0,0,0,0,0,0,0,0,0,0,0,0,0,0,0,0,0,0,0,0,0,0,0,0,0,0,0,0,0,0,0,0,0,0,0,0,0,0,0,0,0,0,0,0,0,0,0,0,0,0,0,0,0,0,0,0,0,0,0,0,0,0,0,0,0,0,0,0,0,0,0,0,0,0,0,0,0,0,0,0,0,0,0,0,0,0,0,0,0,0,0,0,0,0,0,0,0,0,0,0,0,0,0,0,0,0,0,0,0,0,0,0,0,0,0,0,0,0,0,0,0,0,0,0,0,0,0,0,0,0,0,0,0,0,0,0,0,0,0,0,0,0,0,0,0,0,0,0,0,0,0,0,0,0,0,0,0,0,0,0,0,0,0,0,0,0,0,0,0,0,0,0,0,0,0,0,0,0,0,0,0,0,0,0,0,0,0,0,0,0,0,0,0,0,0,0,0,0,0,0,0,0,0,0,0,0,0,0,0,0,0,0,0,0,0,0,0,0,0,0,0,0,0,0,0,0,0,0,0,0,0,0,0,0,0,0,0,0,0,0,0,0,0,0,0,0,0,0,0,0,0,0,0,0,0,0,0,0,0,0,0,0,0,0,0,0,0,0,0,0,0,0,0,0,0,0,0,0,0,0,0,0,0,0,0,0,0,0,0,0,0,0,0,0,0,0,0,0,0,0,0,0,0,0,0,0,0,0,0,0,0,0,0,0,0,0,0,0,0,0,0,0,0,0,0,0,0,0,0,0,0,0,0,0,0,0,0,0,0,0,0,0,0,0,0,0,0,0,0,0,0,0,0,0,0,0,0,0,0,0,0,0,0,0,0,0,0,0,0,0,0,0,0,0,0,0,0,0,0,0,0,0,0,0,0,0,0,0,0,0,0,0,0,0,0,0,0,0,0,0,0,0,0,0,0,0,0,0,0,0,0,0,0,0,0,0,0,0,0,0,0,0,0,0,0,0,0,0,0,0,0,0,0,0,0,0,0,0,0,0,0,0,0,0,0,0,0,0,0,0,0,0,0,0,0,0,0,0,0,0,0,0,0,0,0,0,0,0,0,0,0,0,0,0,0,0,0,0,0,1,0,0,0,0,0,0,0,0,0,0,0,0,0
"13","9009-D_S",0,0,0,0,0,0,0,0,0,0,0,0,0,0,0,0.000106800010680001,0,0,0,0,0,0,0,0,0,0,0,0,0,0,0,0.00096330009633001,0,0.000203600020360002,0,0,0,3.65000036500004e-05,0.00157240015724002,0.00517320051732005,0,0.000577600057760006,0,0,0,0,0,0,0,0.00501250050125005,0,0,0,0,0,0,0,0,0,0,0,0.00299320029932003,0,0,0,0,0,0,0,0,0,0,0.0192526019252602,0.00125650012565001,0.00268600026860003,0.0699979069997907,0,0,0,0.0295736029573603,0,0,0,0,0,0,0,0,0.000642400064240007,0,0,0,0.00354570035457004,0,0.000229400022940002,0,0.0144183014418301,0.00244320024432002,0,0.00175990017599002,0,0,0,0,0,0,0,0,0,0,0,0,0,0,0,0,0,0,0.000944400094440009,0,0,0,0,0,0,0,0,0,0,0,0,0,0.00117250011725001,0,0,0.000130000013000001,0,0,0,0,0,0.000443500044350004,0,0,0,0.00247030024703002,0.00242460024246002,0,0,0,0,0,0,0,0,0,0.000497900049790005,0,0,0,0,0.00455350045535005,0,0,0,0,0,0,0,0,0,0,0,0,0,0,0,0,0,0,0.0587597058759706,0,0,0,0,0,0,0,0,0,0,0,0,0,0,0,0,0.0126501012650101,0,0,0,0,0,0.00117330011733001,0,0.00669160066916007,0.0769021076902108,0,0,0,0,0,0,0,0,0,0,0,0,0,0,0,0,0,0.00364190036419004,0.0530164053016405,0.0804046080404608,0,0,0,0.00472780047278005,0,0,0,0,0,0,0,0,0,0,0,0,0,0,0,0,0,0,0,0,0.0177582017758202,0,0.0373866037386604,0,0.0244397024439702,0,0,0,0,0,0,0,0,0,0,0,0,0,0,0,0,0,0,0,0,0,0,0,0,0,0.00922450092245009,0,0,0,0,0,0,0,0,0,0,0,0,0,0,0,0,0,0,0,0,0.00578390057839006,0,0,0.0128373012837301,0.00284990028499003,0,0,0,0,0,0,0,0,0,0,0,0,0.000280000028000003,0,0,0,0,0,0,0,0,0,0,0,0,0,0.000714000071400007,0,0,0,0,0,0,0,0,0,0,0,0,0,0,0,0,0,0,0,0,0,0,0,0,0,0,0,0,0,0,0,0,0,0,0,0,0,0,0,0,0,0,0,0,0,0,0,0,0,0,0,0,0,0,0,0,0,0,0,0,0,0,0,0,0,0,0,0.00610050061005006,0,0,0,0,0.00419250041925004,0,0,0.00754860075486008,0,0,0,0,0.00239490023949002,0,0,0,0,0.0633945063394506,0,0,0,0,0,0,0,0,0,0,0,0,0,0,0,0,0,0,0,0,0,0,0,0,0,0,0,0,0,0,0.00408690040869004,0,0,0,0,0,0,0,0,0,0,0,0.000810500081050008,0,0.00118750011875001,0,0,0,0,0,0,0,0,0,0,0,0.0191706019170602,0,0,0,0.190234019023402,0,0.0130074013007401,0,0,0,0,0,0,0,0,0,0,0.0807565080756508,0.00541320054132005,0,0,0,0,0.00112470011247001,0,0,0,0,0,0,0,0,0,0,0,0,0,0,0,0,0,0,0.000154100015410002,0,0,0,0.00300040030004003,0,0,0,0,0,0,0.000108900010890001,0.00202990020299002,0,0,0,0,0,0,0,0,0,0,0.0109614010961401,0,0,0,0,0,0,0,0,0,0,0,0,0,0
"14","9009-E_S",0.00477270190908076,0,0,0,0,0,0,0,0,0,0,0,0,0,0,3.23000129200052e-05,0,0,0,0,0,0,0.000480500192200077,0,0,0,0,0,0,0,0,0,0,0,0,0,0,0,0.00260530104212042,0,0,0,0,0,0,0,0,0,0,0.0206642082656833,0,0,0.000442700177080071,0,0,0,0,0,0,0,0,0.0347190138876056,0,0,0,0,0,0,0,0,0,0,0.333311633324653,0.00778730311492125,0.24735119894048,0.225669890267956,0.000665300266120106,0,0,0.00779780311912125,0,0.000539000215600086,0,0,0,0,0.00134900053960022,0.000723800289520116,0.000204600081840033,0,0,0,0,0,0,0,0,0.000789100315640126,0,0.000101800040720016,0,0,0,0,0,0,0,0,0,0,0,0,0,0,0,0,0,0,0,0,0,0,0,0,0,0,0,0,0,0,0,0,0,0,0,0,0,0,0,0,0,0,0,0,0,0,0,0,0,0,0,0,0,0,0,0,0,0,0,0,0,0.00543710217484087,0,0,0,0,0,0,0,0,0,0,0,0,0,0,0,0,0,0,0.00525540210216084,0,0,0,0,0,0,0,0,0,0,0,0,0,0,0,0,0.0025036010014404,0,0,0,0,0,3.50000140000056e-06,0,0,0.00239370095748038,0,0,0,0,0,0,0,0.00244200097680039,0,0,0,0,0,0,0,0,0,0,0.000844000337600135,0.00409340163736065,0,0,0,0,0,0,0,0,0,0,0,0,0,0,0,0,0,0,0,0,0,0,0,0,0.000179300071720029,0.000302500121000048,0.00408520163408065,0,0.00195180078072031,0.000260200104080042,0,0,0,0,0,0,0,0,0,0,0,0.00576170230468092,0,0,0,0.00025330010132004,0.00880360352144141,0,0,0,0,0,0,0,2.79000111600045e-05,0,0,0,0,0,0,0,0,0,0,0,0,8.20000328000131e-06,0,0,0,0,0.00208690083476033,0,0,0,0,0,0.000267800107120043,0.00279040111616045,0,0,0,0,0,0,0,0,0,0,0,0,0.000346700138680055,0,0,0,0,0,0,0,0,0,0,0,0,0,0,8.07000322800129e-05,0,0,0,0,0,0,0,0,0,0,0,0,0,0,0,0,0,0,0,0,0,0,0,0,0,0,0,0,0,0,0,0,0,0,0,0,0,0,0,0,5.50000220000088e-06,0,0,0,0,0,0,0,0,0,0,0,0,0,0,0,0,0,0,0,0,0,0,0,0,0,0.00818910327564131,0,0,0,0,0.00730990292396117,0,0,0.0100916040366416,0,0,0,0,0.0025101010040404,0,0,0,0,0.00719820287928115,0,0,0,0,0,0,0,0,0,0,0,0,0,0,0,0,0,0,0,0,0,0,0,0,0,0,0,0,0,0,0.0135192054076822,0,0,0,0,0,0,0,0,0,0,0,0,0,0.000235300094120038,0,0,0,0,0,0,0,0,0,0,0,0.000140000056000022,0,0,0,0.00116300046520019,0,0.000608000243200097,0,0,0,0,0,0,0,0,0,0,0.00408400163360065,1.8800007520003e-05,0,0,0,0,7.60000304000122e-06,0,0,0,0,0,0,0,0,0,0,0,0,0,0,0,0,0,0,0,0,0,0,0,0,0,0,0,0,0.000316500126600051,0,0.00136110054444022,0,0,0,0,0,0,0,0,0,0,0.00305600122240049,0,0,0,0,0,0,0,0,0,0,0,0,0,0
"15","9008-A_S",0,0,0,0,0,0,0,0,0,0,0,0,0,0,0,0,0,0,0,0,0,0,0,0,0,0,0,0,0,0,0,0,0,0,0,0,0,0.00247209975279002,0,0,0,0,0,0.00148149985185001,0,0,0,0,0,0,0,0,0,0,0,0,0,0,0,0,0,0,0,0,0,0,0,0,0,0,0,0,0,0,0,0,0,0,0,0,0,0.00420349957965004,0,0,0,0.0401722959827704,0,0,0,0,0,0,0,0,0,0,0,0,0,0,0,0,0,0,0,0,0,0,0,0,0,0,0,0,0,0,0,0,0,0,0,0,0,0,0.0275140972485903,0,0,0,0,0,0.000832999916700008,0,0,0,0,0,0,0.00345459965454003,0,0,0.000945699905430009,0,0.0112895988710401,0,0,0,0.0213968978603102,0,0,0,0.000265999973400003,0.000507599949240005,0.00124369987563001,0,0,0,4.43999955600004e-05,0,0,0,0,0,0,0,0,0,0,0,0,0,0,0,0,0,0,0,0,0,0,0,0,0,0,0,0,0,0,0,0,0,0,0,0,0,0,0,0,0,0,0,0,0,0,0,0,0.000557899944210006,0,0,0,0,0,0,0,0,0,0,0,0,0,0,0,0.000584499941550006,0,0,0,0,0,0,0,0,0,0,0,0,0,0,0,0,0.0165886983411302,0,0,0,0.000106099989390001,0.000868699913130009,0,0,0,0,0.000187999981200002,0,0,0,0,0,0,0,0,0,0,0,0,0,0,0,0,0,0,0,0,0,0,0,0,0,0,0,0,0,0,0,0,0,0,0,0,0,0,0,0,0,0,0,0,0,0,0.0160742983925702,0,0,0,0,0,0,0,0,0,0,0,0,0,0,0,0,0.0372748962725104,0,0,0,0,0,0,0,0,0,0,0,4.04999959500004e-05,0,0,1.50999984900002e-05,0,0,0,0,0,0,0.00839139916086008,0,0.00300039969996003,0.000108299989170001,0.0241918975808102,0.00242709975729002,0.0300380969961903,0,0,0.000141799985820001,0,0,0.00131389986861001,8.36999916300008e-05,0,0,0,0,0,0,0,0,0.0167635983236402,0.000537399946260005,0,0,0,0,0,0,0,0.00133759986624001,0,0,0,0,0,0,0,0,0,0,0,0,0,0,0,0,0,0,0,0.0175432982456702,0,0,0,0,0,0,0,0,0,0,0,0,0,0,0,0,0,0,0,0,0,0,0,0,0,0,0,0,0,0,0.000476199952380005,0,0,0,0,0.000857599914240009,0,0,0,0,0.558225544177446,0,0,0,0,0,0,0,0,0,0,0,0,0,0,0,0,0,0,0,0,0,0,0,0,0,0,0,0,0,0,0,0,0,0,0,0,0,0,0,0,0,0,0,0,0,0,0,0,0,0,0,0,0,0,0,0,0,0,0,0,0,0,0,0,0,0,0,0,0,0,0,0,0,0,0,0,0,0,0,0,0,0,0,0,0,0,0,0,0,0,0,0,0,0,0,0,0,2.37999976200002e-05,0,0,0,0.00148119985188001,0,0,0,0,0,0,0,0,0,0,0,0,0,0.0462264953773505,0.0317024968297503,0.000117099988290001,0.0619329938067006,0,0,0,0,0,0.00495439950456005,0,0,0,0
"16","9015-E_S",0.020845,0,0,0,0,0,0,0,0.0001434,0,0,0,0,0,0,0.0011242,0,0,0,0,0,0,0,0,0,0.0029142,0,0,0,0,0,0,0,0,0,0,0,0,0.0297767,0,0,0,0,0,0,0,0,0,0,0,0,0,0.0157688,0,0,0,0,0,0,0.0227036,0,0.0485285,0,0,0,0,0,0,0,0,0,0,0,0.010061,0.3149343,0.3221659,0.0285306,0,0,0,0,0,0.0098758,0,0,0,0.0245521,0,0,0,0,0,0,0,0.0001103,0,0,0.0023843,0,7.93e-05,0,0,0,0,0,0,0,0,0,0,0,0,0,0,0,0,0,0,7.56e-05,0,0,0,0,0,0,0,0,0,0.0002432,0,0,0,0,0,0,0,0,0,0,0,0,0,0,0,0,0,0,0,0,0,0,0,0,0,0,0,0,0,0,0,0,0,0,0,0,0,0,0,0,0,0,0,0,0,0,0,0,0,0,0,2.14e-05,0,0,0,0,0,0,0,0,0,0,0,0,0,0,0,0,0,0,0,0,0,0,0,0,0,0.0097595,0,0,0,0,0,0,0.0011584,0.0026841,0,0,0,0,0.0024407,0,0,0,0,0,0.0014748,0.0061937,0,0,2.02e-05,0.0003666,0,0,0,0,0,0,0,0,0,0,0,0,0,0,0.0001768,0,0,0.0011636,0,0,0,0,0.0099411,0,0.0029103,0.0031225,0,0.002223,0,0,0,0,0,0,0,0,0,0.0211915,0,0,0,0,0.020113,0,0,8.56e-05,0,0,0,0,0,0,0,0,0,0,0,0,0,0,0,0,0,0,0,0,0,0,0.0013595,0,0,0,0,0,0.0006554,0.0116461,0,0,0,0,0,0,0,0,0,0,0,0,0.0003897,0,0,0,0,0.0004006,0,0,0,0,0,0,0,0,0.0001032,0,0,0,0,0,0,0,0,0,0,0,0,0,0,0,0,0,0,0,0,0,0,0,0,0,0,0,0,0,0,0,0,0,0,0,0,0,0,0,0,0,0.0002995,0,0,0,0,0,0,0,0,0,0,0,0,0,0,0,0,0,0,0,0,0,0,0,0,0,0,0,0,0,0,0,0,0,0.0145221,0,0,0,0,0.0001775,0,0,0,0,0,0,0,0,0,0,0,0,3.64e-05,0,0,0,0,0,0,0,0,0,0,0,0,0,0,0,0,0,0,0,0,0,0,0.0116654,0,0,0,0,0,0,0,0,0,0,0,0.0001409,4.5e-06,0.0069315,0,0,0,0,0,0,5.2e-06,0,0,0,0,2.18e-05,0,0,0,0.0004659,0,0.0015409,0,0,0,0,0,0,0,0,0,0,0.0044101,0.0002057,0,0,0,0,0,0,0,0,0,0,0,0,0,0,0,0,0,0,0,0,0,0,0,1.93e-05,0,0,0.0003496,0.0023886,0,0,0,0,0,0.0003286,0,0.001889,0,0,0,0,0,0,0,0,0,0,0,1.21e-05,0,0,0.0001673,0,0,0,0,0,0,0,0,0,0
"17","9014-A_S",0,0,0,0,0,0,0,0,0,0,0,0,0,0,0,0,0,0,0,0,0,0,0,0,0,0,0,0,0,0,0,0,0,0,0,0,0,0,0,0,0,0,0.0004303,0,0,0,0,0,0,0,0,0,0,0,0,0,0,0,0,0,0,0,0,0,0,0,0,0,0,0,0,0,0,0,0,0,0,0,0,0,0,1.33e-05,0,0,0,0,0,0,0,0,0,0,0,0.0025282,0,0,0.0518039,0,0,0,0,0,0,0,0,0,0,0,0,0,0,0,0,0,0,0,0,0,0,0,0,0.0275748,0,0,0,0,0,0,0,0,0.0038153,0,0,0,0,0,0,0.0047296,0,0,0,0,0,0,0,0.0010864,0.0128832,0,0,0,0,0.1932516,0.0002445,0,0,0,0,0,0,0,0,0,0,0,0,0,0,0,0,0,0,0,0,0,0,0,0,0,0,0,0,0,0,0,0,0,0,0,0,0,0,0,0,0,0,0,0,0,0,0,0,0,0,0,0,0,0,0,0,0,0,0,0,0,0,0,0,0,0,0,0,0.0028516,0,0,0,0,0,0,0,0,0,0,0,0,0,0,0,0,0.0123628,0,0,0,0,0.0001023,0,0.0659378,0,0,0.0665738,0,0,0,0,0,0,0,0,0,0,0,0,0,0,0,0,0,0,0,0,0,0,0,0,0,0,0,0,0,0,0,0,0,0,0,0,0,0,0,0,0,0,0,0,0,0,0.0581188,0,0,0,0,0,0,0,0,0,0.0014637,0,0,0,0,0,0,0.0002502,0.0001491,0,0,0,0,0,0,0,0,0,0,0.055994,0.0001529,0.0044936,0,0.0013094,0,0,0,0,0,0.0001684,0,0.0001594,0.0006286,0.0416142,0.0048501,0.0111869,0,0,0,0,0,0,0,0,0,0,0,0,0,0,0,0.0018514,0,0,0,0,0,0,0,0,0,0,0,0,0,0.0009385,0,5.81e-05,0,0,0,0,0,0,0,0,0,0,0,0,0.0205954,0,0,0,0,0,0,0,0,0,0,0,0,0,0,0,0,0,0,0,0,0,0,0,0,0,0,0,0,0,0,0.0001511,0.0120628,0,0,0,0,1.14e-05,0,0,0.0022527,0,0,0,0,0,0,0,0,0,0,0,0,0,0,0,0,0,0,0,0,0,0,0,0,0,0,0,0,0,0,0,0,0,0,0,0,0,0,0,0,0,0,0,0,0,0,0,0,0,0,0,0,0,0,0.0740949,0,0,0,0,0,0,0,0,0,0,0,0,0,0,0,0,0,0,0,0,0,0,0,0,0,0,0,0,0,0,0,0,0.0011252,0,0.0006026,0,0,0,0,0.0012411,0,8e-06,6.9e-05,0.0017092,0,0,0,0,5.47e-05,0,0,0,0,0,0,0,0,0.000159,0,0,0,0.1795333,0.0010301,0.0012791,0.0655751,0.0001438,0,0,0,0.0002401,0.0084847,0,0,0,0
"18","9003-E_S",0.00931259813748037,0,0,0,0,0,0,0,0,0,0,0,0,0,0,0,0,0,0,0.00815179836964033,0,0,0.00338399932320014,0,0.0836981832603634,4.30999913800017e-05,0,0,0,0,0,0,0,0,0,0,0,0,0.0102075979584804,0,0,0,0,0,0,0,0,0,0,0.100851179829764,0,0,0.221825955634809,0,0.00776759844648031,0,0.000951299809740038,0,0.0294003941199212,0,0,0.074372285125543,0,0.0191629961674008,0,0,0,0,0,0,0,0,0.0695200860959828,0,0.178683664263267,0,0.00140939971812006,0,0,0,0,0,0.000399399920120016,0,0,0,0.00151159969768006,0.00362919927416015,0,0,0,0,0,0,0,0,0,0,0,0.000475199904960019,0,0,0,0,0,0.000351399929720014,0,0,0,0,0,0,0,0,0,0,0,0,1.68999966200007e-05,0,0,0,0,0,0,0,0,0,0,0,0,0,0,0,0,0,0,0,0,0,0,0,0,0,0,0,0,0,0,0,0,0,0,0,0,0,0,0,0,0,0,0.000652599869480026,0,0,0,0,0,0,0,0,0,0,0,0,0,0,0,0,0,0,0,0,0,0,0,0,0,0,0,0,0,0,0,0,0,0,0,8.41999831600034e-05,0,0,0,0,0,0,0,0,2.99999940000012e-05,0,0,0,0.000159899968020006,0,0,0.000534899893020021,0.00110239977952004,0,0,0,0,0,0,0,0,0,0,4.49999910000018e-05,0.00457719908456018,0,0,0,0,0,0,0,0,0,0,0,0,0,0,0,0,0,0,0,0,0,0,0,0,0,0.00769819846036031,0,0,0.000318899936220013,0,0.0193512961297408,0.000286399942720011,0,0,0,0,0,0,0.00348579930284014,0,0,0.00368539926292015,0,0,0,0.000918099816380037,0.0327075934584813,0,0,0,0,0,0,0,0,0.000130899973820005,0,0,0,0,0,0,0,0,0,0,0,3.96999920600016e-05,0,0,0,0,0,0,0.000685899862820027,0.000532799893440021,0,0,0,0.00308809938238012,0,0,0,0,0,0,0,0,0,0,0,0,0.000419499916100017,0,0,0,0,0,0,0,0,0,0,0,0,0,0,0.0025321994935601,0,0,0,0,0,0,0,0,0,0,0,0,0,0,0,0,0,0,0,0,0,0,0,0,0,0,0,0,0,0,0,0,0,0,0,0,0,0,0,0,0,0,0,0,0,0,0,0,0,0,0,0,0,0,0,0,0,0,0,0,0,0,0,0,0,0,0.0105305978938804,0,0,0,0,0.023929095214181,0,0,0.0143094971381006,0,0,0.000449099910180018,1.58999968200006e-05,0,0,0,0,0,0.000297699940460012,0,0,0,0,0,0,0,0,0,0,0,0,0,0,0,0,0,0,0,0,0,0,0,0,0,0,0,0,0,0,0,0,0,0,0,0,0,0,0,0,0,0.00989979802004039,0,0.00353009929398014,0,0,0,0,0,0,0,0,0,0,0,0,6.40999871800026e-05,0,0.00958629808274038,0,0,0,0.0024369995126001,0,0,0,0,0,0,0,0,0,0,0.00786329842734031,6.29999874000025e-05,0,0,0,0,0,0,0,0,0,0,0,0,0,0,0,0,0,0,0,0,0,0,0,0,0,0,0,0,0,0,0,0,0,0,0,0.000557199888560022,0,0,0,0,0,0.00304789939042012,0,0.00468219906356019,0,0,0,0,0,0,0.000544399891120022,0,0,0,0,0,0,0,0,0,0
"19","9014-B_S",0,0,0,0,0,0,0,0,0,0,0,0,0,0,0,0,0,0,0,0,0,0,0,0,0,0,0,0,0,0,0,0,0,0,0,0,0.00799510079951008,0,0,0,0,0,0,0,0,0,0,0,0,0,0,0,0,0,0,0,0,0,0,0,0,0,0,0,0,0,0,0,0,0,0,0,0,0,0,0,0,0,0,0,0,0,0,0,0,0,0,0,0,0,0,0,0,0.00159410015941002,0,0,0.00134500013450001,0,0,0,0,0,0,0,0,0,0,0,0,0,0,0,0,0,0,0,0,0,0,0,0,0.0197256019725602,0,0,0,0,0,0,0,0,0,0,0,0,0,0,0,0,0,0,0,0,0,0,0,0,0,0,0,0,0,0.0131153013115301,0.0120269012026901,0.0097728009772801,0,0,0,0,0,0.000508400050840005,0,0,0,0,0,0,0,0,0,0,0,0,0,0,0,0,0,0,0,0,0,0,0,0,0,0,0,0,0,0,0,0,0,0,0,0,0,0,0,0,0,0,0,0,0,0,0,0,0,0,0,0,0,0,0,0,0,0,0,0,0,0.0173596017359602,0,0,0,0,0,0,0,0,0,0,0,0,0,0,0,0,0.0254695025469503,0,0,0,0.0143622014362201,2.27000022700002e-05,0,0.00928390092839009,0,0,0,0,0,0,0,0,0,0,0,0,0,0,0,0,0,0,0,0,0,0,0,0,0,0,0,0,0,0,0,0,0,0,0,0,0,0,0,0,0,0,0,0,0,0,0,0,0,0.0098748009874801,0,0,0,0,0,0,0,0,0,0,0,0,0,0,0,0,0.000625500062550006,5.11000051100005e-05,0,0,0,0,0,0,0,0,0,0,0.00745690074569007,0,0.000475900047590005,0,0,0,0,0,0,0,0.0108339010833901,0,0,0,0.0713223071322307,0.00486650048665005,0.0220667022066702,0,0,0,0,0,0,0,0,0,0,0,0,0,0,0,0,0,3.57000035700004e-05,0,0,0,0,0,0,0,0,0,0,0,0,0,0,0,0,0,0,0,0,0,0,0,0,0,0,0,0,0,0,0,0,0,0,0,0,0,0,0,0,0,0,0,0,0,0,0,0,0,0,0,0,0,0,0,0,0,0.00281160028116003,0,0,0,0,0,0,0,0,0.000754100075410008,0,0,0,0,0,0,0,0,0,0,0,0,0,0,0,0,0,0,0,0,0,0,0,0,0,0,0,0,0,0,0,0,0,0,0,0,0,0,0,0,0,0,0,0,0,0,0,0,0,0,0,0,0,0,0.231409023140902,0,0,0,0,0,0,0,0,0,0,0,0,0,0,0,0,0,0,0,0,0,0,0,0,0,0,0,0,0,0,0,0,0,0,0,0,0,0.00104310010431001,0,0.000248600024860002,0,0,0,0,0,0,0,0,0,0,0,0,0,0,0,0,0.000932400093240009,0,0,0,0,0.0773111077311108,0.0222476022247602,0.0374611037461104,0.339930433993043,0.00104490010449001,0,0,0,0.00279440027944003,0.0218212021821202,0,0,0,0
"20","9014-C_S",0,0,0,0,0,0,0,0,0,0,0,0,0,0,0,0,0,0,0.0352990035299004,0,0,0,0,0,0.101554310155431,0,0,0,0,0,0,0,0,0,0,0,0,0,0,0,0,0,0,0,0,0,0,0,0,0.096225009622501,0,0,0.238505123850512,0,0,0,0,0,0,0,0,0.0527255052725505,0,0,0,0,0,0,0,0,0,0,0,0,0.148332914833291,0,0,0,0,0.0197747019774702,0,0,0,0,0,0,0,0,0,0,0,0,0,0,0,0,0,0,0,0,0,0,0,0,0,0,0,0,0,0,0,0,0,0,0,0,0,0,0,0,0,0,0,0,0,0,0,0,0,0,0,0,0,0,0,0,0,0,0,0,0,0,0,0,0,0,0,0,0,0,0,0,0,0,0,0,0,0,0,0,0,0,0,0,0,0,0,0,0,0,0,0,0,0,0,0,0,0,0,0,0,0,0,0,0,0,0,0,0,0,0,0,0,0,0,0,0,0,0,0,0,0,0,0,0,0,0,0,0,0,0,0,0,0,0,0,0,0,0,0,0,0,0,0,0,0,0,0,0,0,0,0,0,0,0,0,0,0,0,0,0,0,0,0,0,0,0,0,0.139060113906011,0,0,0,0,0,0,0,0,0,0,0,0,0,0,0,0,0,0,0,0,0,0,0,0,0,0,0,0,0,0,0,0,0,0.0388033038803304,0,0,0,0,0,0,0,0,0,0,0,0,0,0,0,0,0,0,0,0,0,0,0,0,0,0,0,0,0,0,0,0,0,0,0,0,0,0,0,0,0,0,0,0,0,0,0,0,0,0,0,0,0,0,0,0,0,0,0,0,0,0,0,0,0,0,0,0,0,0,0,0,0,0,0,0,0,0,0,0,0,0,0,0,0,0,0,0,0,0,0,0,0,0,0,0,0,0,0,0,0,0,0,0,0,0,0,0,0,0,0,0,0,0,0,0,0,0,0,0,0,0,0,0.0139838013983801,0,0,0.0552611055261106,0,0,0,0,0,0,0,0,0,0,0,0,0,0,0,0,0,0,0,0,0,0,0,0,0.0604751060475106,0,0,0,0,0,0,0,0,0,0,0,0,0,0,0,0,0,0,0,0,0,0,0,0,0,0,0,0,0,0,0,0,0,0,0,0,0,0,0,0,0,0,0,0,0,0,0,0,0,0,0,0,0,0,0,0,0,0,0,0,0,0,0,0,0,0,0,0,0,0,0,0,0,0,0,0,0,0,0,0,0,0,0,0,0,0,0,0,0,0,0,0,0,0,0,0,0,0,0,0,0,0,0,0,0,0,0,0,0,0,0,0,0,0,0,0,0,0,0,0,0
"21","9014-D_S",0,0,0,0,0,0,0,0,0,0,0,0,0,0,0,0.0006912,0,0,0.0320833,0,0,0,0,0,0.0200097,0,0,0,0.0018869,0,0,0,0,0,0,0,0,0,0.0054268,0,0,0,0,0,0,0,0,0,0,0.0489166,0,0,0.1041815,0,0,0,0,0,0,0,0,0.070722,0,0,0,0,0,0,0,0,0,0,0,0,0.1014322,0,0.0245312,0,0,0.0254856,0,0,0,0,0,0,0,0,7.6e-06,0,0,0,0,0,0.0001063,0,0,0,0,8.61e-05,0,0,0,0,0,0,0,0,0,0,0,0,0,0,0,0,0,0,0,0,0,0,0,0,0,0,0,0,0,0,0,0,0,0,0,0,0,0,0,0,0,0,0,0,0,0,0,0,0,0,0,0,0,0,0,0,0,0,0,0,0.0003822,0.0001584,0,0,0,0,0,0,0,0,0,0.0004627,0,0,0,0,0,0,0,0.0001112,0,0,0,0,0,0,0,0,0.1455137,0,0,0,0,0,0,0,0,0,0,0.0036263,0,0,0,0,0,0,0.001246,0,0,0,0,0,0,0,0,0,0,0,0,0,0,0,0.0124547,0,0,0.0001441,0.0038775,0,0,0,0,0,7.2e-06,0,0,0,0,0,0,0,0,0,0,0,0,0,0,0.0002723,0.0003513,0,0,0,0.0068435,0.0025271,0,0,0.0164289,0.0003105,0.00043,0.0004109,0,0,0,0,0,0.0047518,0,0,0.0043702,0,1.23e-05,0,0,0.0168316,0,0,8.74e-05,0,0,0.0111051,0,2.33e-05,0.0012035,0,0,0,0,0,0,0,0,0,0,0,0.0001208,0,0,0,0,0,0,0.0001311,0.151265,0,0,0.0007149,0.0028982,0,0,0,0,0,0,0,0,0,0,0,0,0,0,0,0,0,0,0,0,0,0,0,0,0,0,4.51e-05,0.0007834,0.0020615,0,0,0,0,0,0,0,0,0,0,0,0,0,0.0001098,0,0,0,0,0,0,0,0,0,0,0,0,0,0,0,0,0,0,0,0,0,0,0,0,0,0.0012611,0,0,0,0,0,0,0,0,0,0,0,0,0,0,0,0,0,0,0,0.000527,0,0,0,0,0,0.0019856,0,0,0,0,0.0096111,0,0,0.0289291,0,0,0,0,0,0,0,0,0,0,0,0,0,0,0,0,0,0,0,0,0,0,0,0,0,0,0,0,0,0,0,0,0,0,0,0,0,0,0,0,0,0,0,0,0,0,0,0,0,0,0,0.0127041,0.0599044,0.0042396,0.0051259,0,0,0.0081058,0,0,2.8e-05,0,0,0,0.0001082,0,0.0003932,0.0226073,0,0,0.000345,0.0127751,0.0020695,0,0,0,0,0,0,0,0,0,0,0,0.0011415,0,0,0,0,0,0,0,0,0,0,0,0,0,0,0,0,0,0,0,0,0,0,0,0.0003952,0,0,0,0.0001028,0,0,0,0,0,0,0,0,0,0,0,0,0,0,0,0,0,0,0,0,0,0,0,0,0,0,0,0,0,0,0,0,0
"22","9002-A_S",0,0,0,0,0,0,0,0,0,0,0,0,0,0,0,0,0,0,0,0,0,0,0,0,0,0,0,0,0,0,0,0,0,0,0,0,0.0289798971020103,0,0,0,0,0,0,0,0,0,0,0,0,0,0,0,0,0,0,0,0,0,0,0,0,0,0,0,0,0,0,0,0,0,0,0,0,0,0,0,0,0.000931999906800009,0,0,0,0.0302638969736103,0,0,0,0,0,0,0,0,0,0,0,0,0,0,0.0108457989154201,0,0,0,0,0,0,0,0,0,0,0,0,0,0,0,0,0,0,0,0,0,0,0,0,0.0102916989708301,0,0,0,0,0,0,0,0,0,0,0,0,0,0,0,0.00227599977240002,0,0,0,0,0,0,0,0.0149147985085201,0,0,0,0,0,0.285323771467623,0.0516318948368105,0.0103022989697701,0,0,0,0,0,0.00138129986187001,0,0,0,0,0,0,0,0,0,0,0,0,0,0,0,0.00210279978972002,0,0,0,0,0,0,0,0,0,0,0,0,0,0,0,0,0,0,0,0,0,0,0,0,0,0,0,0,0,0,0,0,0,0,0,0,0,0,0,0,0,0,0,0,0,0,0,0,0,0,0,0,0,0,0,0,0,0,0,0,0,0,0.000572399942760006,0,0,0.0111377988862201,0,0,0,0.0177607982239202,0,0,0,0,0,0,0,0,0,0,0,0,0,0,0,0,0,0,0,0,0,0,0,0,0,0,0,0,0,0,0,0,0,0,0,0,0,0,0,0,0,0,0,0,0,0,0,0,0,0,0,0,0,0,0,0,0,0,0,0,0,0,0,0,0,0,0.0166481983351802,0,0,0,0,0,0,0,0,0,0,0,0.000705899929410007,0,0,0,0,0,0,0,0,0,0.0144540985545901,0,0,0,0.0619902938009706,0.00541899945810005,0.0145834985416501,0,0,0,0,0,0,0.00346189965381003,0,0,0,0,0,0,0,0,0,0.0249619975038002,0,0,0,0,0,0,0,0,0,0,0,0,0,0,0,0,0,0,0,0,0,0,0,0,0,0,0,2.76999972300003e-05,0,0,0,0,0,0,0,0,0,0,0,0,0,0,0,0.0925460907453909,0,0,0,0,0,0,0,0,0,0,0,0,0,0,0,0,0,0,0,0,0,0,0,0,0,0,0,0,0,0,0,0,0,0,0,0,0,0,0,0,0,0,0,0,0,0,0,0,0,0,0,0,0,0,0,0,0,0.00239589976041002,0,0,0,0,0,0,0,0,0,0,0,0,0,0,0,0,0,0,0,0,0,0,0,0,0,0,0,0,0,0,0,0,0,0,0,0,0,0,0,0,0,0,0,0,0,0,0,0,0,0,0,0,0,0,0,0,0,0,4.29999957000004e-05,0,0.000214699978530002,0,0.000132199986780001,0.000219099978090002,0.000167099983290002,0,0,0,0,0,0,0,0,0,0,0,0.128501087149891,0.000672399932760007,0,0,0,0,0.0703147929685207,0.000140799985920001,0,0.0695759930424007,0,0,0,0,0,0.0141070985892901,0,0,0,0
"23","9013-A_S",0,0,0,0,0,0,0,0,0,0,0,0,0,0,0,0,0,0,0,0,0,0,0,0,0,0,0,0,0,0,0,0,0,0,0,0,0,0,0,0,0,0,0,0,0,0,0,0,0,0,0,0,0,0,0,0,0,0,0,0,0,0,0,0,0,0,0,0,0,0,0,0,0,0,0,0,0,0,0,0,0,0,0,0,0,0,0,0,0,0,0,0,0,0,0,0,0,0,0,0,0,0,0,0,0,0,0,0,0,0,0,0,0.00399669960033004,0,0,0,0,0,0,0,0,0,0,0,0,0,0,0,0,0,0,0,0,0,0,0,0,0,0,0,0,0,0,0,0,0,0,0,0,0,0,0,0,0,0,0,0,0,0,0,0,0,0,0,0,0,0,0,0,0,0,0,0,0,0,0,0,0,0,0,0,0,0,0,0,0,0,0,0,0,0,0,0,0,0,0,0,0,0,0,0,0,0,0,0,0,0,0,0,0,0,0,0,0,0,0,0,0,0,0,0,0,0,0,0,0,0,0,0,0,0,0,0,0,0,0,0,0,0,0,0,0,0,0,0,0,0,0,0.000536599946340005,0,0,0,0,0,0,0,0,0,0,0,0,0,0,0,0,0,0,0,0,0,0,0,0,0,0,0,0,0,0,0,0,0,0,0,0,0,0,0,0,0,0,0,0,0,0,0,0,0,0,0,0,0,0,0,0,0,0,0,0,0,0,0,0,0,0,0,0,7.28999927100007e-05,0,0,0,0,0,0,0,0,0,0,0,0,0,0,0,0,0,0,0.469403853059615,0.00537419946258005,0.107932889206711,0.0180566981943302,0.143986585601341,0,0,0,0,0,0,0,0,0,0,0,0,0,0,0,0,0,0,0,0,0,0,0,0,0,0,0,0,0,0,0,0,0,0,0,0,0,0,0,0,0,0,0,0,0.00112139988786001,0,0,0,0,0,0,0,0,0,0,0,0,0,0,0,0,0,0,0,0,0,0,0,0,0,0,0,0,0,0,0,0,0,0,0,0,0,0,0,0,0,0,0,0,0,0,0,0,0,0,0,0,0,0,0,0,0,0,0,0,0,0,0,0,0,0,0,0,0,0,0,0,0,0,0,0,0,0,0,0,0,0,0,0,0,0,0.000232099976790002,0,0,0,0,0,0,0,0,0,0,0,0,0,0,0,0,0,0,0,0,0,0,0,0,0,0,0,0,0,0,0,0,0.000185899981410002,0,0,0,0,0.00142909985709001,0,0,0,0,0,0,0,0,0,0.00198039980196002,0.000582999941700006,0,0,0,0,0,0,0,0,0,0,0,0,0,0,0,0,0,0,0,0,0.107554989244501,0.000212099978790002,0,0.136821086317891,0,0,0,0.000519499948050005,0,0,0,0,0,0
"24","9013-B_S",0,0,0,0,0,0,0,0,0,0,0,0,0,0,0,0,0,0,0,0,0,0,0,0,0,0,0,0,0,0,0,0,0,0,0,0,0,0,0,0,0,0,0,0,0,0,0,0,0,0,0,0,0.00741350074135007,0,0,0,0,0,0,0,0,0.00234030023403002,0,0,0,0,0,0,0,0,0,0,0,0,0.00801170080117008,0,0,0,0,0,0,0,0,0,0,0,0,0,0,0,0,0,0,0,0,0,0,0,0,0,0,0.000355600035560004,0,0,0,0,0,0,0,0,0,0,0.097948209794821,0,0,0,0,0,0,0,0,0,0,0,0,0,0,0,0,0,0,0,0,0,0,0,0,0,0,0,0,0,0,0,0,0,0,0,0,0,0,0,0,0,0,0,0,0,0,0,0,0,0,0,0,0,0,0,0,0,0,0,0,0,0,0,0,0,0,0,0,0,0,0,0,0,0,0,0.00229600022960002,0,0,0,0,0,0,0,0,0,0,0,0,0,0,0,0,0,0,0,0,0,0,0,0,0,0,0,0,0,0,0,0.00527450052745005,0,0,0,0,0,0,0,0,0,0,0,0,0,0,0,0,0,0,0,0,0,0,0,0,0,0,0,0,0,0.000593000059300006,0,0,0,0,0,0,0,0,0,0,0,0,0,0,0,0,0,0,0,0,0,0,0,0,0,0,0,0,0,0,0,0,0,0,0,0,0,0,0,0,0,0,0,0,0,0,0,0,0,0,0,0,0,0,0,0,0,0,0,0,0,0,0,0,0,0,0.00153430015343002,0,0,0,0,0,0,0,0,0,0,0,0,0,0,0,0,0,0,0.0141951014195101,0,0.00769010076901008,0,0.0281927028192703,0,0,0,0,0,0,0,0,0,0,0,0,0,0,0,0,0,0,0,0,0,0,0,0,0,0,0,0,0,0,0,0,0,0,0,0,0,0,0,0,0,0,0,0,0.119174811917481,0,0,0,0,0,0,0,0,0,0,0,0,0,0,0,0,0,0,0,0,0,0,0,0,0,0,0,0,0,0.00374120037412004,0,0,0,0,0,0,0,0,0,0,0,0,0,0,0,0,0,0.00488140048814005,0,0,0,0,0,0,0,0,0,0,0,0,0,0,0,0,0,0,0,0,0,0,0,0,0,0,0,0,0,0,0,0,0,0,0,0,0,0,0.00848520084852009,0,0,0,0,0,0,0,0,0,0,0,0,0,0,0,0,0,0,0,0,0,0,0,0,0,0,0,0,0,0,0,0,0,0,0,0,0,0.00599380059938006,0,0.00256810025681003,0,0,0,0,0,0,0,0.111401511140151,0,0,0,0,0,0,0,0,0,0,0,0,0,0,0,0,0,0,0,0,0,0.449524744952474,0.0445508044550804,0,0.0510734051073405,0,0,0,0.00630740063074006,0,0.0164526016452602,0,0,0,0
"25","9008-B_S",0,0,0,0,0,0,0,0,0,0,0,0,0,0,0,0,0,0,0,0,0,0,0,0,0,0,0,0,0,0,0,0,0,0,0,0,0.000420200084040017,0,0,0,0,0,0,0,0,0,0,0,0,0,0,0,0,0,0,0,0,0,0,0,0,0,0,0,0,0,0,0,0,0,0,0,0,0,0,0,0,0,0,0,0,0.00049650009930002,0,0,0,0.000924200184840037,0,0,0,0,0,0,0,0,0,0,0,0,0,0,0,0,0,0,0,0,0,0,0,9.25000185000037e-05,0,0,0,0,0,0,0,0,0,0,0,4.9500009900002e-05,0,0,0,0,0,0,0,0,0,6.12000122400024e-05,0,0.000115400023080005,0,0,0,0.00681390136278027,0,0,0,0,0,0,0,0,0.050412210082442,0,0,0,0,0,0.0216099043219809,0,0,0.000473900094780019,0,0,0,0,0,0,0,0,0,0,0,0,0,0,0,0,0,0,0,0,0,0,0,0,0,0,0,0,0,0,0,0,0,0,0,0,0,0,0,0,0,0,0,0,0,0,0,0,0,0,0,0,0,0,0,0,0,0,0,0,0,0,0,0,0,0,0,0,0,0,0,0,0,0,0,0,0,0,0,0,0,0,0.0799348159869632,0,0,0,0,0.00278630055726011,0,0,0,0,0.000170200034040007,0,0,0,0,0,0,0,0,0,0,0,0,0,0,0,0,0,0,0,0,0,0,0,0,0,0,0,0,0,0,0,0,0,0,0,0,0,0,0,0,0,0,0,0,0,0,0.0100082020016404,0,0,0,0,0,0,0,0,0,0,0,0.000670200134040027,0.000307400061480012,0,0,0,0.00600400120080024,0.00714910142982029,0,0,0,0,0,0,0,0,0,0,0.00332320066464013,0,0,0,0,0,0,0,0,0,0.00074800014960003,0,0,0,0.0558285111657022,0.00792730158546032,0.0733575146715029,0,0,0,0,0,0.0145815029163006,0,0,0,0,0,0,0,0,0,0.00542150108430022,0.000284100056820011,0,0,0,0,0,0,0,0,0,0,0,0,0,0,0,0,0,0,0,0,0,0,0,0,0,0,0,0.00846500169300034,0,0,0,0,0,0,0,0,0,0,0,0,0,0,0,0,0,0,0,0,0,0,0,0,0,0,0,0,0,0,0.00135030027006005,0,0,0,0,0.000104400020880004,0,0,0,0,0.537300907460181,0,0,0,0,0,0,0,0,0,0,0,0,0,0,0,0,0,0,0,0,0,0,0,0,0,0,0,0,0,0,0,0,0,0,0,0,0,0,0,0,0,0,0,0,0,0,0,0,0,0,0,0,0,0,0,0,0,0,0,0,0,0,0,0,0,0,0,0,0,0,0,0,0,0,0,0.000726300145260029,0,0,0,0,0,0,0,0,0,0,0,0,0,0,0,0,0,0,0,0,0,0,0,0,0,0.000893200178640036,0,0,0,0,0,0,0,0,0,0,0,0,0,0.0457612091522418,0.0402426080485216,0.000173900034780007,0.00902090180418036,0,0,0,0,0,0.00599000119800024,0,0,0,0
"26","9008-C_S",0,0,0,0,0,0,0,0,0,0,0,0,0,0,0,0,0,0,0,0.0302298969770103,0,0,0,0,0,0,0,0,0,0,0,0,0,0,0,0,0,0,0,0,0,0,0,0,0,0,0,0,0,0,0,0,0,0,0,0,0,0,0,0,0,0,0,0,0,0,0,0,0,0,0,0,0,0,0,0,0,0,0,0,0,0,0,0,0,0,0,0,0,0,0,0,0,0,0,0,0,0,0,0,0,0,0,0,0,0,0,0,0,0,0,0,0.262008673799133,0,0,0,0,0,0,0,0,0,0,0,0,0,0,0,0,0,0,0,0,0,0,0,0,0,0,0,0,0,0,0,0,0,0,0,0,0,0,0,0,0,0,0,0,0,0,0,0,0,0,0,0,0,0,0,0,0,0,0,0,0,0,0,0,0,0,0,0,0,0,0,0,0,0,0,0,0,0,0,0,0,0,0,0,0,0,0,0,0,0,0,0,0,0,0,0,0,0,0,0,0,0,0,0,0,0,0,0,0.0437654956234504,0,0,0,0,0,0,0,0,0,0,0,0,0,0,0,0,0.220081377991862,0,0,0,0,0,0,0,0,0,0,0,0,0,0,0,0,0,0,0,0,0,0,0,0,0,0,0,0,0,0,0,0,0,0,0,0,0,0,0,0,0,0,0,0,0,0,0,0,0,0,0,0,0,0,0,0,0,0,0,0,0,0,0,0,0,0,0,0,0,0,0,0,0,0,0,0,0,0,0,0,0,0,0,0,0,0,0,0,0,0,0,0,0,0,0,0,0,0,0,0,0,0,0,0,0,0,0,0,0,0,0,0,0,0,0,0,0,0,0,0,0,0,0,0,0,0,0,0,0,0,0,0,0,0,0,0.00387309961269004,0,0,0,0,0,0,0,0,0,0,0,0,0,0,0,0,0,0,0,0,0,0,0,0,0,0,0,0,0,0,0,0,0,0,0,0,0,0,0,0,0,0,0,0,0,0,0,0,0,0,0,0,0,0,0,0,0,0,0,0.0429487957051204,0,0,0,0,0,0,0,0,0,0,0,0,0,0,0,0,0,0,0,0,0,0,0,0,0,0,0,0,0,0,0,0,0,0,0,0,0,0,0,0,0,0,0,0,0,0,0,0,0,0,0,0,0,0,0,0,0,0,0,0,0,0,0,0,0,0,0,0,0,0,0,0,0,0,0,0,0,0,0,0,0,0,0,0,0,0,0,0,0,0,0,0,0,0,0,0,0,0,0,0,0,0,0,0,0,0,0,0.336184666381533,0.0107002989299701,0,0.0502076949792305,0,0,0,0,0,0,0,0,0,0
"27","9008-D_S",0,0,0,0,0,0,0,0,0,0,0,0,0,0,0,0.000118099964570011,0,0,0.000989299703210089,0.00602459819262054,0.00103049969085009,0,0,0,0.0593695821891253,0.00363889890833033,0,0,0,0,0,0,0,0,0,0,0,0,0.00419429874171038,0,0,0,0,0,0,0,0,0,0,0.00584159824752053,0.000606999817900055,0.0184683944594817,0,0,0,0,0,0.000157799952660014,0.00149549955135013,0,0,0.00510309846907046,0,0,0.0245981926205422,0,0.000165999950200015,0,0,0,0,0,0,0.00157269952819014,0.0129807961057612,0.0389841883047435,0.0055021983493405,0,0,0,0.0044562986631104,0,0.000769299769210069,0,0,0,0.000248799925360022,0.00033489989953003,0,0,0,0,0,0,0.000318099904570029,0,0,1.61999951400015e-05,0,0,0,0,0,0,0,0,0,0,0,0,0,0,0,0,0,0,0,0,0,0,0,0,0,0,0,0,0,0,0,0,0,0,0,0,0,0,0,0,0,0,0,0,0,0,0,0,0,0,0,0,0,0,0,0,0,0,0,0,0,0,0,5.42999837100049e-05,0,0.0011592996522101,8.70999738700078e-05,0.00351099894670032,0,0,0,0,0,0.000123799962860011,0,0,0,0,0,0,0,0,0,0,0,0,0,0,0,0,0,0,0,0,0,0,0,0,0,0,0,0,0,0,0,0,0,0,0.000870599738820078,0,0,0,0,0,0,0,0.000393799881860035,0,0,0,0,0.000980399705880088,0,0,0,0,0,2.77999916600025e-05,0.00258139922558023,0,0,0,0,0,0,0,0,0,0,0,0,0,0,0,0,0,0,0,0,0,0,2.37999928600021e-05,0,0,0.0174821947553416,0.00238249928525021,0,0.000371499888550033,0.0252709924187023,0.00011079996676001,0,0,0,0,0,0,0,0,0,0,0,0,0,0,0.00129349961195012,0.0170272948918115,0.000617999814600056,0,0,0,0,0.00213349935995019,0,0,0.000586899823930053,0.000980199705940088,0,0,0,0.000750099774970067,0.000962199711340087,0,0,0,0,0,0.000139599958120013,0,0,0,0,0.0010695996791201,0,0.00010769996769001,0.000359399892180032,0,0,0,0.00320589903823029,0,0,0,0,0,0,0,0,0,0,0,0,0.000142699957190013,0,0,0,0,0,0,0,2.46999925900022e-05,0,0,0,0,0,0,0,0,0,0,0,0,0,0,0,0,0,0,0,0,0,0,0,0,0.00603799818860054,0,0,0,0,0,0,0,0,0,0,0,0,0,0,0,0,0,0,0,0,0,0,0,0,0,0,0,0,0,0,0,0,0,0,0,0,3.63999890800033e-05,0,0,0,0,0,0,0,0,0,0,0,0.0179794946061516,0.00273889917833025,0.000296799910960027,0.000146799955960013,0,0.00494849851545045,0,0,0,0,0,0,0,5.25999842200047e-05,0,0,0,0,0,0,0,0,0,0,0,0,0,0.658214702535589,0,0,0,0,0,0,0,0,0,0,0,0,0,0,0,0,0,0,0,0,0,0,0,0,0,0,0,0,0,0,0,0,0,0.00896429731071081,0.000288799913360026,0,0,0,0,0,0,0,0,0,0,0,0,0.000171899948430015,0.00533039840088048,0,0,0,0,0.000451299864610041,0,0,0,0,0,0,0,0,0,0,0.000523699842890047,0,0,0,0,0,0,0,0,0,0,0,0,0,0,0,0,0,0,0,0,0,0,0,0,0,0,0,1.03999968800009e-05,0,0,0,0,0,0,0,0,0.000973999707800088,0,0,0,0,0,0.011014096695771,0,0,0,0,0,0,0,0,0,0,0,0,0,0,0,0,0,0,0
"28","9006-A_S",0,0,0,0,0,0,0,0,0,0,0,0,0,0,0,0,0,0,0,0,0,0,0,0,0,0,0,0,0,0,0,0,0,0,0,0,0.00429949828020069,0,0.000176099929560028,0,0,0,0,0,0,0,0,0,0,0,0,0,0,0,0,0,0.222714710914116,0,0,0,0,0,0,0,0,0,0,0,0,0,0,0,0,0,0,0.668050632779747,0,0,0,0,0.000130599947760021,0,0.00232049907180037,0.000413299834680066,0,0,0.00398169840732064,0.00162209935116026,0.00113219954712018,0,0,0,0,0,0,0,0,0,0,0,0,0,0,0,0,0,0,0,0,0,0,0,0,0,0,0,0,0,0,0,0,0.000847399661040135,0,0,0,0,1.65999933600027e-05,0,0,0,0,0.000197999920800032,0.0288113884754446,0,0,4.96999801200079e-05,0,0.00216589913364035,0.00241049903580039,0,0,0,0,0,0,0,0,0,0,0,0,0,0.00508189796724081,0,0,0,0,0,0,0,0,0,0,0,0,0,0,0,0,0,0,0,0,0,0,0,0,0,0,0,0,0,0,0,0,0,0,0,0,0,0,0,0,0,0,0,0,0,0,0,0,0,0,0,0,0,0,0,0,0,0,0,0,0,0,0,0,0,0,0,0,0,0,0,0,0,0,0,0,0,0,0,0,0,0,0,0,0,0,0,0,0,0,0,0,0,0,0,0.00909589636164145,0,0,0,0,0,0,0,0,0,0,0,0,0,0,0,0,0,0,0,0,0,0,0,0,0,0,0,0,0,0,0,0,0,0,0,0,0,0,0,0,0,0,0,0,0,0,0,0,0,0,0,0,0,0,0,0,0,0.00044039982384007,0,0,0,0,0,0.00301839879264048,0,0,0,0,0,0,0,0,0,0,0,0.00110079955968018,0,0,0,0,0,0.000861099655560138,0,0,0,0.00132629946948021,0,0,0,0,0,0,0,0,0,0,0,0,0,0,0,0,0,0,0,0,0,0,0,0,0,0,0,0,0,0,0,0,0,0,0,0,0,0,0,0,0,0,0,0,0,0,0,0,0,0,0.000339999864000054,0.000738399704640118,4.89999804000078e-06,0.000226099909560036,0,0,0,0,0,0,0,0,0,0,0,0,0,0,0,0,0,0,0,0,0,0,0,0,0,0.00863299654680138,0,0,0,0,0,0,0,0,0,0,0,0.00161209935516026,0,0,0,0,0,0,0,0,0,0,0,0,0,0,0,0,0,0,0,0,0,0,0,0,0,0,0,0,0,0,0,0,0,0,0,0,0.00343909862436055,0,0,0,0,0,0,0,0,0,0,0,0,0,0,0,0,0.000732299707080117,0,0,0,0,0,0,0,0,0,0,0,0,0,0,0,0,0,0,0,0,0,0,0,0,0,0,0,0,0,0,0,0,0,0,0,0,0,0,0,0,0,0,0,0,0,0,0,0.00883959646416141,0,0,0,0,0.00168679932528027,0,0,0,0,0.000152199939120024,0,0,0,0.000113099954760018,0.00203789918484033,0,0.0111596955361218,1.91999923200031e-05,0,0,0,0,0,0,0,0,0
"29","9002-C_S",0,0,0,0,0,0,0,0,0,0,0,0,0,0,0,0,0,0,0,0,0,0,0,0,0,0,0,0,0,0,0,0,0,0,0,0,0,0,0,0,0,0,0,0,0,0,0,0,0,0,0,0,0,0,0,0,0,0,0,0,0,0,0,0,0,0,0,0,0,0,0,0,0,0,0.00316909968309003,0.00383079961692004,0,0,0,0,0.00193369980663002,0,0,0,0,0,0,0.000294599970540003,0,0,0,0,0,0,0,0,0,0,0,0,0.00382039961796004,0,0,0,0,0,0,0,0,0,0,0,0,0,0,0,0,0,0,0,0,0,0,0,0,0,0,0,0,0,0,0,0,0,0,0,0,0,0,0,0,0,0,0,0,0,0,0,0,0,0,0,0,0,0,0,0,0,0,0,0,0,0,0,0,0,0,0,0,0,0,0,0,0,0,0,0,0,0,0,0,0,0,0,0,0,0,0.00297749970225003,0,0,0,0,0,0,0,0,0,0,0,0,0,0,0,0,0,0,0,0,0,0,0,0,0,0,0,0,0,0,0,0,0,0,0,0,0,0,0,0,0,0,0,0,0,0,0,0,0,0,0,0,0,0,0,0,0,0,0,0,0,0,0,0,0,0,0,0,0.0258131974186803,0,0,0,0,0,0,0.00432259956774004,0,0,0,0,0,0,0,0,0,0.00830549916945008,0,0,0,0,0,0,0,0,0,0,0,0,0,0,0,0,0,0,0,0,0,0,0,0,0,0,0,0,0,0,0,0,0.00120729987927001,0,0,0,0,0,0,0.00224779977522002,0,0,0,0,0,0,0,0,0,0,0.000367499963250004,0,0,0,0,0,0,0,0,0,0,0,0,0,0,0,0,0,0,0,0,0,0,0,0,0,0,0,0,0,0,0,0,0,0,0,0,0,0,0,0,0,0,0,0,0,0,0,0,0,0,0,0,0,0,0,0,0,0,0,0,0,0,0,0,0,0,0,0,0,0,0,0,0,0.0227551977244802,0,0,0,0,0,0,0,0,0,0,0,0,0,0,0,0,0,0,0,0,0,0,0,0,0,0,0,0,0,0,0,0,0,0,0.0252081974791803,0,0,0,0,0,0,0,0,0,0,0,0,0,0,0,0,0,0,0,0,0,0,0,0,0,0,0,0.000497599950240005,0,0,0,0,0,0,0,0,0,0,0,0,0,0,0,0,0.0169656983034302,0,0,0,0,0,0,0,0,0,0.000489399951060005,0,0,0,0,0,0,0.816849718315028,0,0,0,0,0,0,0,0,0,0,0,0,0,0,0,0,0,0,0,0,0,0,0,0,0,0,0,0,0,0,0,0,0,0,0,0,0,0,0,0,0,0,0,0,0,0,0.0103182989681701,0.0216232978376702,0.00594089940591006,0.00217879978212002,0,0,0,0,0.00102889989711001,0.0178539982146002,0,0,0,0
"30","9006-B_S",0,0,0,0,0,0,0,0,0,0,0,0,0,0,0,0,0.000771,0,0,0,0,0,0,0,0,0,0,0,0,0,0,0,0,0,0,0,0,0,0,0,0,0,0,0,0,0,0,0,0,0,0,0,0,0,0,0,0,0,0,0,0,0,0,0,0,0,0,0,0,0,0,0,0,0,0,0,0,0,0,0,0,0,0,0,0,0,0,0,0.0074921,0,0,0,0,0,0,0,0,0,0,0,0,0,0,0,0,0,0,0,0,0,0,0,0,0,0,0,0,0,0,0,0,0,0,0,0,0,0,0,0,0,0,0,0,0,0,0,0,0,0,0,0,0,0,0,0.0001162,0,0,0,0,0,0,0,0,0,0,0,0,0,0,0,0,0,0,0,0,0,0,0,0,0,0,0,0,0,0,0,0,0,0,0,0,0,0,0,0,0,0,0,0,0,0,0,0,0,0,0,0,0,0,0,0,0,0,0,0,0,0,0,0,0,0,0,0,0,0,0,0,0,0,0,0,0,0,0,0,0,0,0,0,0,0,0,0,0,0,0,0,0,0,0,0,0,0,0,0,0,0,0,0.6402287,0,0,0,0,0,0,0,0,0,0,0,0,0,0,0,0,0,0,0,0,0,0,0,0,0,0,0,0,0,0,0,0,0,0,0,0,0,0,0,0,0,0,0,0,0,0,0,0,0,0,0,0,0,0,0,0,0,0,0,0,4.81e-05,0,0.0008139,0.0177102,0.002555,0.0054527,0,0,0,0,0,0,0,0,0,0.0047792,0,0,0,0,0,0.1065029,0,0,0,0.0002187,0,0,0,0,0,0,0,0,0,0,0,0,0,0,0,0,0,0,0,0,0,0,0,0,0,0,0,0,0,0,0,0,0,0,0,0,0,0,0,0,0,0,0,0,0,0,0,0,0,0,0.0005364,0,0,0,0,0,0,0,0,0,0,0,0,0,0,0,0,0,0,0,0,0,0,0,0,0,0,0,0,0,0,0,0,0,0,0,0,0,0,0,0,0,0,0,0,0,0,0,0,0,0,0,0,0,0,0,0,0,0,0,0,0,0,0,0,0,0,0,0,0,0,0,0,0,0,9.4e-06,0,0,0,0,0,0,0,0,0,0,0,0,0,0,0,0,0,0,0,0,0,0,0,0,0,0,0,0,0,0,0,0,0,0,0,0,0,0,0,0.0001434,5.3e-05,0,0,0,0,0,0,0,0,0,0,0,0,0,0,0,0,0,0,0,0,0,0,0,0,0,0,0.0099123,0,0,0,0,0,0,0,0,0,0.0008067,0,0,0,0.0397422,0.076038,0.002998,0.0825318,0.0002229,9.86e-05,0,0,0.0001541,6.45e-05,0,0,0,0
"31","9006-C_S",0,0,0,0,0,0,0,0,0,0,0,0,0,0,0,0,0,0,0,0,0,0,0,0,0,0,0,0,0,0,0,0,0,0,0,0,0,0,0,0,0,0,0,0,0,0,0,0,0,0,0,0,0,0,0,0,0,0,0,0,0,0,0,0,0,0,0,0,0,0,0,0,0,0,0,0.00446619955338004,0,0,0,0,0,0,0,0,0,0,0,0,0,0,0,0,0,0,0,0,0,0,0,0,0,0,0,0,0,0,0,0,0,0,0,0,0,0,0,0,0,0,0,0,0,0,0,0,0,0,0,0,0,0,0,0,0,0,0,0,0,0,0,0,0,0,0,0,0,0,0,0,0,0,0,0,0,0,0,0,0,0,0,0,0,0,0,0,0,0,0,0,0,0,0,0,0,0,0,0,0,0,0,0,0,0,0,0,0,0,0,0,0,0,0,0,0,0,0,0,0,0,0,0,0,0,0,0,0,0,0,0,0,0,0,0,0,0,0,0,0,0,0,0,0,0,0,0,0,0,0,0,0,0,0,0,0,0,0,0,0,0,0,0,0,0,0,0,0,0,0,0,0,0,0,0,0,0,0,0,0,0,0,0,0,0,0,0,0,0,0,0,0,0,0,0,0,0,0,0,0,0,0,0,0,0,0,0,0,0,0,0,0,0,0,0,0,0,0,0,0,0,0,0,0,0,0,0,0,0,0,0,0,0,0,0,0.000281899971810003,0,0,0,0,0,0,0,0,0,0,0,0,0,0,0,0,0,0,0,0,0,0,0,0,0,0,0,0,0,0,0,0,0,0,0,0,0,0,0,0,0,0,0,0,0,0,0,0,0,0,0,0,0,0,0,0,0,0,0,0,0,0,0,0,0,0,0,0,0,0,0,0,0,0,0,0,0,0,0,0,0,0,0,0,0,0,0,0,0,0,0,0,0,0,0,0,0,0,0,0,0,0,0,0,0,0,0,0,0,0,0,0,0,0,0,0.00664479933552007,0,0,0,0,0,0,0,0,0,0,0,0,0,0,0,0,0,0,0,0,0,0,0,0,0,0,0,0,0,0,0,0,0,0,0,0,0,0,0,0,0,0,0,0,0,0,0,0,0,0,0,0,0,0,0,0,0,0,0,0,0,0,0,0,0,0,0,0,0,0,0,0,0,0,0,0,0,0,0,0,0,0,0,0,0,0,0,0,0,0,0,0,0,0,0,0,0,0,0,0.98388970161103,0,0,0,0,0,0,0,0,0,0,0,0,0,0.00369879963012004,0.00101859989814001,0,0,0,0,0,0,0,0,0,0,0,0
"32","9013-C_S",0,0,0,0,0,0,0,0,0,0,0,0,0,0,0,0,0,0,0,0,0,0,0,0,0,0,0,0,0,0,0,0,0,0,0,0,0,0,0,0,0,0,0,0,0,0,0,0,0,0,0,0,0,0,0,0,0,0,0,0,0,0,0,0,0,0,0,0,0,0,0,0,0,0,0,0,0,0,0,0,0,0,0,0,0,0,0,0,0,0,0,0,0,0,0,0,0,0,0,0,0,0,0,0,0,0,0,0,0,0,0,0,0,0,0,0,0,0,0,0,0,0,0,0,0,0,0,0,0,0,0,0,0,0,0,0,0,0,0,0,0,0,0,0,0,0,0,0,0,0,0,0,0,0,0,0,0,0,0,0,0,0,0,0,0,0,0,0,0,0,0,0,0,0,0,0,0,0,0,0,0,0,0,0,0,0,0,0,0,0,0,0,0,0,0,0,0,0,0,0,0,0,0,0,0,0,0,0,0,0,0,0,0,0,0,0,0,0,0,0,0,0,0,0,0,0,0,0,0,0,0,0,0,0,0,0,0,0,0,0,0,0,0,0,0,0,0,0,0,0,0,0,0,0,0,0,0,0,0,0,0,0,0,0,0,0,0,0,0,0,0,0,0,0,0,0,0,0,0,0,0,0,0,0,0,0,0,0,0,0,0,0,0,0,0,0,0,0,0,0,0,0,0,0,0,0,0,0,0,0,0,0,0,0,0,0,0,0,0,0,0,0,0,0,0,0,0,0,0,0,0,0,0,0,0,0,0,0,0,0,0,0,0,0,0,0,0,0,0,0,0,0,0,0,0,0,0,0,0,0,0,0,0,0,0,0,0,0,0,0,0,0,0,0,0,0,0,0,0,0,0,0,0,0,0,0,0,0,0,0,0,0,0,0,0,0,0,0,0,0,0,0,0,0,0,0,0,0,0,0,0,0,0,0,0,0,0,0,0,0,0,0,0,0,0,0,0,0,0,0,0,0,0,1,0,0,0,0,0,0,0,0,0,0,0,0,0,0,0,0,0,0,0,0,0,0,0,0,0,0,0,0,0,0,0,0,0,0,0,0,0,0,0,0,0,0,0,0,0,0,0,0,0,0,0,0,0,0,0,0,0,0,0,0,0,0,0,0,0,0,0,0,0,0,0,0,0,0,0,0,0,0,0,0,0,0,0,0,0,0,0,0,0,0,0,0,0,0,0,0,0,0,0,0,0,0,0,0,0,0,0,0,0,0,0,0,0,0,0,0,0,0,0,0,0,0
"33","9013-D_S",0,0,0,0,0,0,3.30999966900003e-05,0,7.49999925000008e-06,0,0,0,0.000186499981350002,0,0,0,0,0,0,0.00246519975348002,0,0,0,0.000300399969960003,0,0,0,0,0,0,0,0,0,0,0,0,0,0,0.00262469973753003,0.00178419982158002,0,0.000822099917790008,0,0,0,0,0,0,0,0.0141626985837301,0,0,0.000328899967110003,0,0,0,0,0,0,0,0,0,0,0,0,0,0,0,0,0,0,0,0.000270499972950003,0.0109753989024601,0.0109393989060601,0.0321318967868103,8.16999918300008e-05,0,0,0,0.000607999939200006,0,0.000217999978200002,0,0,0,0.000632699936730006,0,0,0,0,0,0,0.00539819946018005,0,0,0.0269417973058203,0,0,0.00126839987316001,0,0,0,0,0,0.000728799927120007,0,0,0,0,0,0,0,0,0,0,0,0,0,0.000107499989250001,0,0,0,0,0,0,0,0,0,0,0.000614999938500006,0,0,0,0,0.000932799906720009,0,0,0,0,0,1.20999987900001e-05,0,0,0,0.000104699989530001,0.0114582988541701,0.00159869984013002,0.000138899986110001,0,0,0,0,0,0,0,0.000892099910790009,0,0,0,0,2.15999978400002e-05,0,0,0,0,0,0.00339319966068003,0,0,0,0,0,0,0,0,0,0.00144949985505001,0,0,0.00313129968687003,0,0,0,0,0,0,0,0,0,0,0,0.00103599989640001,0,0,0,0,0,0,0,0,0,0,0.127485187251481,0,0.000471599952840005,0,0,0,0,0,0,0,0.000144099985590001,0,0,0,0,0,0,0,0,0,0,0.00166599983340002,0.0288973971102603,0.0096401990359801,0,0.00155419984458002,0.000140599985940001,0.00572179942782006,0,0,0,0.000904099909590009,0.000274899972510003,0,0,0,0,0,0,0,0,0,0.00206749979325002,0,0,0.000236499976350002,0,0,0,0,0.0183673981632602,0,0,0,0,0,0,0,0,0,0,0,0,0,0,0,0,0,0.000124099987590001,0,0.0641139935886006,0,0,3.22999967700003e-05,0,0,0.000541199945880005,0,0,0,0,0,0,0,0,0,0,0,0,0,0,0,0,0,0,0,0,0,0,0.00266509973349003,0,0,0.00449529955047004,0,0,0,0,0,0,0,0,0,0,0,0,0,0,0,0,0,0,6.55999934400007e-05,0,0,0,0,0,0,0,0,0.00188419981158002,0.000358599964140004,0.000390499960950004,0,0,0,0,0,0,0,0,0,0,0,0,0,0,0,0,0,0,0,0,0,0,0,0,0,0,0,0,0,0,0,0,0,0,0,0,0,0,0,0,0,0,0,0,0,0,0,0.000136499986350001,0,0,0,0,0,0,0,0,0,5.40999945900005e-05,0,0,0,0,0,0,0,0.00368029963197004,0,0,0,0,0,0,0,0.0185357981464202,0,0,0,0,8.26999917300008e-05,0.000360299963970004,0,0,0,0,0,0,0,0,0,0,0,0,0,0,0,0,0,0,0,0,0,0,0,0,0,0,0,0,0,0,0,0,0,0,0,0,0,0,0,0,0,0,0,0,0,0,0,0,0,0,0,0,0,0,0,0,0,0,0,0,0,0,0,0,0.289494971050503,0,0,0,0,0,0,0,0,0,0,0,0,0.263766373623363,0.00630419936958006,0,0,0,0.00489789951021005,0,0,0,0,0,0,0,0,0,0,0,0,0,0,0,0,0,0,0,0.000419899958010004,0,0.000274199972580003,0.000443499955650004,0.000152999984700002,0,0,0,0,0,0,0,0,0.000338899966110003,0,0,0,0,0,0,0,0,0,0,0,0.00101319989868001,0,0,0,0,0,0,0,0,0,0,0,0
"34","9013-E_S",0.00121989975602005,0,0,0,0,0,0,0,0,0,0,0,0,0,0,0.000315199936960013,0,0,0,0.000840399831920034,0,0,0,7.3599985280003e-05,0,0,0,0,0,0,0,0,0,0,0,3.22999935400013e-05,0,0,0.0195794960841008,5.51999889600022e-05,0,0.000719999856000029,0,0,0,0,0,0,0,0.0165885966822807,0,0,0.0209448958110208,0,0,0,0,0,0,0,0,0,0,0,0,0,0,0,0,0,0,0,0.201933259613348,0.0396013920797216,0.127348374530325,0.329407734118453,0.00670649865870027,0,0,0,0.00338959932208014,0,0.00023789995242001,0,0,0,0.00452959909408018,0,0,0,0,0,0,7.19999856000029e-06,0,0,0.000948999810200038,0,0,0.00128209974358005,0,0,0,0,0,0.00199699960060008,0,0,0,0,0,0,0,0,0,0,0,0,0,0,0,0,0,0,0,0,0,0,0,0,0,0,0,0,0,0,0,0,0,0,0,0,0,0,0,0,7.3399985320003e-05,0.000704199859160028,0,0,0,0,0,0,0,0,0,0,0,0,0.000150999969800006,0.00190489961902008,0,0,0,0,0,0.00135359972928005,0,0,0,0,0,0,0,0,0,9.8299980340004e-05,0,0,2.92999941400012e-05,0,0,0,0,0,0,0,0,0,0,0,0.000124699975060005,0,0,0,0,0.000475399904920019,0,0,0,0,0,0.000106599978680004,0,0,0.00155839968832006,0,0,0,0,0,0,0.00126489974702005,0,0,0,0,0,0.00139949972010006,0,0,0,0,0,0.00373929925214015,0.00570349885930023,0,0,0,0.000140299971940006,0,0,0,0.000215999956800009,0,0,0,0,0,0,0,0,0,0,6.19999876000025e-06,0,0,0,0,0,0,0,0.00874549825090035,0,0,0.025436094912781,1.48999970200006e-05,0,0.000413099917380017,0,0,0,0,0.000624399875120025,0,0.00226289954742009,0,0,0,0,0,0,0.049723490055302,0,0,0.000184399963120007,0,0,0.000560699887860022,3.61999927600014e-05,0,0,0,0,0,0,0,0,0,0,0,0,0,0.000650199869960026,0,0,0,0,0.00611089877782024,0,0,0.00456029908794018,0,0,0.00182779963444007,0,0,0,0,0,0,0,0,0,0,0,0,0,0.00317729936454013,0,0,0,0,2.6099994780001e-05,0,0,0.000168999966200007,0,0,0,0,0,0.000325199934960013,0.00167259966548007,8.32999833400033e-05,0,0,0,0,0,0,0,0,0,0,0,0,0,0,0,0,0,0,0,0,0,0,0,0,0,0,0,0,0,0,0,0,0,0,0,0,0.000196699960660008,0,0,0.00122339975532005,0,0,0,0,0,0,8.59999828000034e-06,0,0,0,0,0,0.000524199895160021,0,0,0,0,0,0,0.00229009954198009,0,0,0,0,0,0.00336659932668014,0.00127669974466005,0,0,0,0,0,0,0.0371757925648415,0,0,0,0,0.00187959962408008,0,0,0,0,0,0,0,0,0,0,0,0,0,0,0,0,0,0,0,0,0,0,0,0,0,0,0,0,0,0,0,0,0,0,0,5.47999890400022e-05,0,0,0,0,0,0,0,0,0,4.65999906800019e-05,0.00845819830836034,0.0026230994753801,0.000213899957220009,0.0104248979150204,0,0,0,0,0.000409599918080016,0,0,0,0,4.32999913400017e-05,8.24999835000033e-05,0,9.35999812800038e-05,0,0,0.000142699971460006,0,0,0,0,0,0,0,0,0,0,0,0,0.0112447977510404,0.000592599881480024,0,0,0,0.000412299917540017,0,0,0,0,0,0,0,0,0,0,0,0,0,0,0,0,0,0,0,0,0,0,8.81999823600035e-05,0.000182999963400007,0,0,0,0,0,0.00049529990094002,0,0.00705019858996028,0.00116769976646005,0,0.00350929929814014,0,0,0,0,0.000702699859460028,0,0,0,0.000123099975380005,0,0,0.000473699905260019,0,0,0,9.09999818000036e-06,0,0,0,0,0,0
"35","9010-A_S",0,0,0,0,0,0,0,0,0,0,0,0,0,2.70000027000003e-05,0,0,0,0,0,0,0,0,0,0,0,0,0,0,0,0,0,0,0,0,0,0,0.000315600031560003,0,0,0,0,0,0,0,0.000419500041950004,0,0,0,0,0,0,0,0,0,0,0,0.289765628976563,0,0,0,0,0,0,0,0,0,0,0,0,0,0,0,0,0,0,0,0,0,0,0,0,0.00641540064154006,0,0.000384000038400004,0,0,0,0,0,0,3.15000031500003e-05,0,0,0.000575900057590006,0,0,0,0,0,0,0,0,0,0,0,0,0,0,0,0,0,0,0,0,0,0,0,0,0,0,0,0,0,0,0,0,0,0,0,0,0,0.000396200039620004,0,0,0,0,0,0.000218700021870002,0,0,0,0,0,0,0.00143330014333001,0,0.0114075011407501,0,8.38000083800008e-05,0,0,0,0.00237830023783002,0.00309730030973003,0,0,0,0,0,0,0,0,0,0,0,0,0,0,0,0.000179200017920002,0,0,0,0,0,0,0,0,0,0,0,0,0,0,0,0,0,0,0,0,0,0,0,0,0,0,0,0,0,0,0,0,0,0.00264120026412003,0,0,0,0,0,0,0,0,0,0,0,0,0,0,0,0,0,0,0,0,0,0,0,0,0,0,0,0,0,0,0,0,0.121154612115461,0,0,0,0,0.000267800026780003,0,0,0,0.00385910038591004,0,0,0.215277621527762,0,0,0,0,0,0,0,0,0,0,0,0,0,0,0,0,0,0,0,0,0,0,0,0,0,0,0,0,0,0,0,0,0,0,0,0,0,0,0,0,0,0,0,0,0,0,0,0,0,0,0,0,0,0,0,0,0.0128071012807101,0,0,0,0,0,0,0.0338104033810403,0,0,0,0,0,0,0,0,0,0,0,8.51000085100009e-05,0,0,0,0,0,0,0,0,0,0.00178320017832002,0,0,0,0.0214162021416202,0.00103700010370001,0.000463700046370005,0,0,0,0,0,0,0,0,0,0,0,0,0,0,0.00120130012013001,0,0.000834600083460008,0,0,0,0,0,0,0,0.00226780022678002,0,0,0,0,0,0,0,0,0,0,0,0,0,0,0,0,0,0,0,0.0524971052497105,0,0,0,0,0,0,0,0,0,0,0,0,0,0,0,0,0,0,0,0,0,0,0,0,0,0,0,0,0,0,0,0,0,0,0,0,0,0,0,0.000481300048130005,0.0433634043363404,0,0,0,0,0,0,0,0,0,0,0,0,0,0,0,0,0,0,0,0,0,0,0,0,0.00578330057833006,0,0,0,0,0,0,0,0,0,0,0,0,0,0,0,0,0,0,0,0,0,0,0,0,0,0,0,0,0,0,0,0,0,0,0,0,0,0,0,0,0,0,0,0,0,0.000259000025900003,0,0,0,0,0,0,0,0.000162300016230002,0,0,0,0,0,0,0,0,0,0,0,0,0,0,0.000211500021150002,2.14000021400002e-05,0,0,0,0,0,0,0.00750430075043008,0,0,0,0,0,0,0,0,6.61000066100007e-05,0.00111680011168001,0,0,0,0.101338010133801,0.0426495042649504,0.000192100019210002,0.00795970079597008,0,0.000226600022660002,0,0.000132000013200001,0,0,0,0,0,0
"36","9010-B_S",0,0,0,0,0,0,0,0,0,0,0,0,0,0,0,0,0,0,0,0,0,0,0,0,0,0,0,0,0,0,0,0,0,0,0,0,0,0,0,0,0,0,0,0,0,0,0,0,0,0,0,0,0,0,0,0,0,0,0,0,0,0,0,0,0,0,0,0,0,0,0,0,0,0,0,0,0,0,0,0,0,0.000127700012770001,0,0,0,0,0,0,0,0,0,0,0,0,0,0,0,0,0,0,0,0,0,0,0,0,0,0,0,0,0,0,0,0,0,0,0,0,0,0,0,0,0,0,0,0,0,0,0,0,0,0,0,0,0,0,0,0,0,0,0,0,0,0,0.000698000069800007,0,0.000579900057990006,0,0,0,0,0,0.000262500026250003,0.000459700045970005,0,0,0,0,0,0,0,0,0,0,0,0,0,0,0,0.000213500021350002,0,0,0,0,0,0,0,0,0,0,0,0,0,0,0,0,0,0,0,0,0,0,0,0,0,0,0,0,0,0,0,0,0,0,0,0,0,0,0,0,0,0,0,0,0,0,0,0,0,0,0,0,0,0,0,0,0,0,0,0,0,0,0,0,0,0,0.544227054422705,0,3.51000035100004e-05,0,0,0,0,0,0,0,0,0,0.00875820087582009,0,0,0,0,0,0,0,0,0,0,0,0,0,0,0,0,0,0,0,0,0,0,0,0,0,0,0,0,0,0,0,0,0,0,0,0,0,0,0,0,0,0,0,0,0,0,0,0,0,0,0,0,0,0,0,0,0,0,0,0,0,0,0,0.0338497033849703,0.00306630030663003,0,0,0,0,0,0,0,0,0,0,0.00443690044369004,0,0,0,0.000384700038470004,0,0,0,0,0,0.00190940019094002,0,0,0,0.0382112038211204,0.000222100022210002,0.000296700029670003,0,0,0,0,0,0,0,0,0,0,0,0,0,0,0,0,0,0.00270820027082003,0,0,0,0,0,0.000139800013980001,0,0,0,0,0,0,0,4.14000041400004e-05,0,0,0,0,0,0.000184300018430002,0.00129840012984001,0,0,0,0,0,0.0564891056489106,0,0,0,0,0,0,0,0,0,0,0,0,0,0,0,0,0,0,0,0,0,0,0,0,0,0,0,0,0,0,0,0,0,0,0,0,0,0,0,0.000127800012780001,0.000190100019010002,0,0,0,0,0,0,0,0,0,0,0,0,0,0,0,0,0,0,0,5.63000056300006e-05,0,0,0,0,0.00694170069417007,0,0,0,0,0,0,0,0,0,0,0,0,0,0,0,0,0,0,0,0,0,0,0,0,0,0,0,0,0,0,0,0,0,0,0,0,0,0,0,0,0,0,0,0,0,0,0,0,0,0,0,0,0,0,0,0,0,0,0,0,0,0,0,0,0,0,0,0,0.000649400064940006,0,0,0,0,0,0,0,0.00934960093496009,0,0,0,0,0,0,0,0,0,0.000746600074660007,0,0,0,0.169133316913332,0.110556111055611,0.000272800027280003,0.00321010032101003,0,5.26000052600005e-05,0,0.000113700011370001,0,0,0,0,0,0
"37","9010-C_S",0,0,0,0,0,0,0,0,0,0,0,0,0,0,0,0,0,0,0,0,0,0,0,0,0,0,0,0,0,0,0,0,0,0,0,0,0,0,0,0,0,0,0,0,0,0,0,0,0,0,0,0,0.000504899949510005,0,0,0,0,0,0,0,0,0,0,0,0,0,0,0,0,0,0,0,0,0,0.00231229976877002,0,0,0,0,0,0,0,0,0,0,0,0,0,0,0,0,0,0,0,0,0,0,0,0,0,0,0,0,0,0,0,0,0,0,0,0,0,0,0,0,0,0,0,0,0,0,0,0,0,0,0,0,0,0,0,0,0,0,0,0,0,0,0,0,0,0,0,0,0,0,0,0,0,0,0,0,0,0,0,0,0,0,0,0,0,0,0,0,0,0,0,0,0,0,0,0,0,0,0,0,0,0,0,0,0,0,0,0,0,0,0,0,0,0,0,0,0,0,0,0,0,0,0,0,0,0,0,0,0,0,0,0,0,0,0,0,0,0,0,0,0,0,0,0,0,0,0,0,0,0,0,0,0,0,0,0,0,0,0,0,0,0,0,0,0,0,0,0,0,0,0,0,0,0,0,0,0,0,0,0,0,0,0,0,0,0,0,0,0,0,0,0,0,0,0,0,0,0,0,0,0,0,0,0,0,0,0,0,0,0,0,0,0,0,0,0,0,0,0,0,0,0,0,0,0,0,0,0,0,0,0,0,0,0,0,0,0,0,0,0,0,0,0,0,0,0,0,0,0,0,0,0,0,0,0,0,0,0,0,0,0,0,0,0,0,0,0,0,0,0,0,0,0,0,0,0,0,0,0,0,0,0,0,0,0,0,0,0,0,0,0,0,0,0,0,0,0,0,0,0,0,0,0,0,0,0,0,0,0,0,0,0,0,0,0,0,0,0,0,0,0,0,0,0.00309789969021003,0,0.00364879963512004,0,0,0,0,0,0,0,0,0,0,0,0,0,0,0,0,0,0,0,0,0,0,0,0,0,0,0,0,0,0,0,0,0,0,0,0,0,0,0,0,0,0,0,0,0,0,0,0,0,0,0,0,0,0,0,0,0,0,0,0,0,0,0,0,0,0,0,0,0,0,0,0,0,0,0,0,0,0,0,0,0,0,0,0,0,0,0,0,0,0,0,0,0,0,0,0,0,0,0,0,0,0,0,0,0,0,0,0,0,0,0,0,0,0,0,0,0,0,0,0,0,0,0,0,0,0,0,0.690562630943737,0,0,0,0,0,0,0,0,0,0,0,0,0,0.256986874301313,0.0428865957113404,0,0,0,0,0,0,0,0,0,0,0,0
"38","9010-D_S",0,0,0,0,0,0,0,0,0,0,0,0,0,0,0,0,0,0,0.0248287975171202,0.0589703941029606,0,0,0,0,0,0.000208499979150002,0,0,0.00151399984860002,0,0,0,0,0,0,0,0,0,0.00235119976488002,0.00522959947704005,0,0,0,0,0,0,0.000330199966980003,0,0,0.0620839937916006,0,0,0.207965779203422,0,0,0,0.0404414959558504,0,0.0358924964107504,0,0,0.0157579984242002,0,0,0,0,0,0,0,0,0,0,0,0.00385319961468004,0.249421975057802,0,0.00829719917028008,0,0,0,0.00535419946458005,0,0,0,0,0,0.00604099939590006,0,0.00427799957220004,0,0,0,0,0,0,0,0,0,0,0,0,0,0,0,0,0,0,0,0,0,0,0,0,0,0,0,0,0,0,0,0,0,0,0,0,0,0,0,0,0,1.72999982700002e-05,0,0,0,0,0.00264409973559003,0,0,0,0,0,0.000512799948720005,0.000270699972930003,0,0,0.00200339979966002,0.000119199988080001,0,0.00129299987070001,0.000166699983330002,0,0,0,0,0,0,0,0,0,0,0,0,0,0,0,0,0,0,0,0,0,0,0,0,0,0,0,0,0,0,0,0,0,0,0,0,0,0,0,0,0,0,0,0,0,0,0,0,0,0,0,0,0,0,0,0.00264889973511003,0.00228139977186002,0,0,0,0,0,0,0.000463599953640005,0.00242169975783002,0,0,0,0,0,0,0,0.00676269932373007,0,0,0.000406899959310004,0,0,0,0,0.000520699947930005,0,0,0,0,0.000435499956450004,0,0,0,0,0,0,0,0,0,0,0,0,0.00635649936435006,0,0,0,0.000215399978460002,0.00165119983488002,0,0,0,0,0,0,0,0,0,0,7.93999920600008e-05,0,0,0,0,0,0,0,0.000274399972560003,0.000787599921240008,0,0,0,0,0,0.000243399975660002,0,5.45999945400005e-05,0,0,0,0,0,0,0,0,0,0,0,0,0.000402799959720004,0,0,0,0,0,0,0,0.0133087986691201,0,0,0.00921019907898009,0.00376919962308004,0,0,0,0,0,0,0,0,0,0.000697299930270007,0,0,0,0,0,0,0,0,0,0,0,0,0,0,0,0,0.000175499982450002,0.000916999908300009,0.000182599981740002,0,0,0,0,0,0,0,0,0,0,0,0,0,0,0,0,0.00686179931382007,0,0,0,0,0,0,0,0,0,0,0,0,0,0.000155799984420002,0,0,0,0,0,0,0,0,0,0,0,0,0,0,0,0,0,0,0,0,0,0,0,0,0,0,0,0,0.00240129975987002,0,0,0,0,0,0,0,0,0,0,0.0725173927482607,0,0,0.0729211927078807,0,0,0,0,0.0177393982260602,0,0,0,0.000798399920160008,0.00281329971867003,0,0,0,0,0,0,0,0,0,0,0,0,0,0,0,0,0,0,0,0,0,0,0,0,0,0,0,0,0.00193219980678002,0,0,0,0,0,0,0,0,0,0,0,0,0.000800099919990008,0,2.46999975300002e-05,0.000143299985670001,0,0,0,0,0,0,0,0,0,0,0,0.000397999960200004,0.000209199979080002,0,0,0.000583899941610006,0.000320799967920003,0.00112549988745001,0,0,0,0,0,0,0,0,0,0,0.0163742983625702,0.00483139951686005,0,0,0,0,0,0,0,0,0,0,0,0,0,0,0,0,0,0,0,0,0,0,5.87999941200006e-05,0,0,0,0.000145899985410001,0.000125699987430001,0,0,0,0,0,0.00231479976852002,0,0.000288299971170003,0,0,0,0,0,0,0,0,0,0,0,0,0,0,0,0,0,0,0,0,0,0,0,0,0
"39","9010-E_S",0,0,0,0,0,0,0,0,0,0,0,0,0,0,0,0,0,0,0.0156737047021114,0.0311924093577228,0,0,0,0,0,0.000346800104040031,0,0,0.000644700193410058,0,0,0,0,0,0,0,0,0,0.0132651039795312,0.00152890045867014,0,0.000130900039270012,0,0,0,0,2.75000082500025e-05,0,0,0.0588810176643053,0,0,0.343491003047301,0,0,0,0.0987341296202389,0,0.0376192112857634,0,0,0.00527540158262047,0,0,0,0,0,0,0,0,0,0,0,0.010688603206581,0.173253251975976,0,0.00655560196668059,0,0,0,0.00455980136794041,0,0,0,0,0,0.00590620177186053,0,0.00241300072390022,0,0,0,0,0,0,0,0,5.95000178500054e-05,0,0,0,0,0,0,0,0,0,0,0,0,0,0,0,0,0,0,0,0,0,0,0,0,0,0,0,0,0,0,0,0,0,0,0,0,0,0.000350600105180032,0,0,0,0,0,0.00118760035628011,0,0,0,0.00121330036399011,0.00122830036849011,0,0.000374500112350034,8.59000257700077e-05,0,0,0,0,0,0,0,0,0,0,0,0,0,0,0,0,0,0,0,6.08000182400055e-05,0,3.68000110400033e-05,0,0,0,0,0,0,0,0,0,0,0,0,0,0,0,0,0,0,0,0,0,0,0,0,0,0,0,0,0,0,0,8.69000260700078e-05,0,0.000678000203400061,0.00254570076371023,0,0,0.000421700126510038,0,0,0,0.000537700161310048,0.00191420057426017,0,0,0,0,0,0,0,0.00465160139548042,0,0.000105600031680009,0.000303400091020027,0,0,0,0,0.000729300218790066,0,0,0,0,0.000154100046230014,0,0,0,0,0,0,0,0,0,0,0,0,0.0287315086194526,0,0,0,0.00232730069819021,0.00327000098100029,0,0,0,0,0,0,0,0,0,0,0.000384400115320035,0,0,0,0.000192300057690017,0,0,0,0,0.0044402013320604,0,0,0,7.8100023430007e-05,0,0.000249400074820022,0,0.000163000048900015,0,0,0,0,0,0,0,0,0,0,0,0,6.30000189000057e-05,0,0,0,0,0,0,0,0.00865370259611078,0,0,0.00422900126870038,0.00360560108168032,0,0,0,0,0,0,0,0,0,0.000309100092730028,0,0,0.000137000041100012,0,0,0,0,0,0,0,0,0,0,0,0,0,0.00101720030516009,0.00130720039216012,0.000244600073380022,0,0,0,0,0,0,0,0,0,0,0,0,0,0,0,0,0.00655410196623059,0,0,0,0,7.38000221400066e-05,0,0,0,0,0,0,0,0,0.000183400055020016,0,0,0,0,0,0,0,0,0.000161200048360014,0,0,0,0,0,0,0,0,0,0,0,0,0,0,0,0,0,0,0,0.00629120188736057,0,0,0,0,0,0,0,0,0,0,0.0280718084215425,0,0,0.0455834136750241,0,0,0,0,0.00834500250350075,0,0,0,0.000132800039840012,0.00181640054492016,0,0,0,0,0,0,0,0,0,0,0.000102500030750009,0,0,0,0,0,0,0,0,0,0,0,0,0,0,0,0,0,0.000822700246810074,0,0,0,0,0,0,0,0,0,0,0,0,0.00233000069900021,0.000595200178560054,0,0,0,0,0,0,0,0,0,0,0,0,0,0.000377500113250034,1.60000048000014e-05,0,0,0.000141500042450013,0.00154120046236014,0.00253350076005023,0,0,0,0,0,0,0,0,0,0,0.00132860039858012,0.00302770090831027,0,0,0,0,0,0,0,0,0,0,0,0,0,0,0,0,0,0,0,0,0,0,0,0,0,0,0.000147300044190013,0.000175700052710016,0,0,0,0,0,0.000386700116010035,0,0.0021765006529502,0.000145200043560013,0,0,0,0,0,0,0,0,0.00021680006504002,0,0,0.000152500045750014,0,0,0,0,0,0.000254400076320023,0,0,0,0,0,0
"40","9006-D_S",0,0,0,0,0,0,0,0,0,0,0,0,0,0,0,0,0,0,0.000199300039860008,0.00420460084092017,1.81000036200007e-05,0,0.0026102005220401,0,0.0331853066370613,0.000907300181460036,0.0658088131617626,0.00394390078878016,0,0,0,0,0,0,0,0,0,0,0.00158380031676006,0,0,1.27000025400005e-05,0,0,0,0,0,0,0.000163500032700007,0.0105383021076604,0,0,0,0,0,0,0,0,0.0110583022116604,0.0372317074463415,3.88000077600016e-05,0.0172713034542607,0,6.19000123800025e-05,0,0,0,0,0,0,0,0,0.0112561022512204,0.0121839024367805,0.0904248180849636,0.158583731716746,0,0,0,0.0143953028790606,0.00109570021914004,0,0.00076080015216003,0,0,0,8.52000170400034e-05,0,0.000201800040360008,0,0,0,0,0,0,0,0,0,0,4.80000096000019e-06,0,0,0,0,0,1.15000023000005e-05,0.000283800056760011,0,0,0,0,0,0,0,0,0,0,0,0,0,7.93000158600032e-05,0,0,0,0,0,0,0,0.000213600042720009,0.000471100094220019,0,0,0,0,0,0,0,0,0,0,0,0,0,0,0,0,0,0,0,6.51000130200026e-05,0,0,0,0,0,0,0,0,0.00135170027034005,0,3.49000069800014e-05,0.000775900155180031,0,0,0,0.00844560168912034,0,0.000221200044240009,0,0,0.000825600165120033,0,0,0.00189120037824008,0.0024082004816401,0,0,0,0.0024599004919801,0,0,0,0,0,0,0,0,0,0,0,0,0.000198100039620008,0,0,0,0,0,0.000366000073200015,0,0.00609170121834024,0,0,0,0,0,0,0.00099070019814004,0,0,0,0,0,0,0.000430800086160017,0.00159480031896006,0.0124784024956805,0,0,0,0.00312090062418012,0,0,0,0,0,0.000212900042580009,0.00436050087210017,0,0,0,0,0,3.74000074800015e-05,0,0,0,0,0,0,0,0,0,0,0,0,0,0,0,0,0,0,0,0.0126233025246605,0.000344900068980014,0,0.000415300083060017,0.00169260033852007,0.000220800044160009,0.0050024010004802,0,0,0.00293480058696012,0,0,0.00024540004908001,0.0109173021834604,0,8.34000166800033e-05,0.00823130164626033,0,0,0,0.00025190005038001,0.0233368046673609,0.0112862022572404,0.00133610026722005,0,0,0,0.000137700027540005,0.00127750025550005,4.61000092200018e-05,0.00319510063902013,0.00268060053612011,0,0,0,0.00404560080912016,0,0,0.000107100021420004,0,0.00025610005122001,0,0.000210200042040008,0,0,0,0,0.00150340030068006,0,0,0.00026150005230001,0,0.000227200045440009,0,0.00378600075720015,0,0,0,0,0,0,0,0,0,0,0,0,2.83000056600011e-05,0,0,0,0,0,0,0,0,0,0,0,0,0,0,0.000230900046180009,0,0,0,0,0,0,0,0,0,0,0,0,0,0,0,0,0,0,0,0,0,0,0,0,0,0,0,0,0,0,0,0,0,0,0,0,0,0,0,0,0,0,0.000798100159620032,0,0,0,0,0,0,0,0,0,0,0,0.000861300172260034,0,0,0,0,0,0.000629400125880025,0,0,0,0,0,0.00713900142780028,0.000829700165940033,0.00179570035914007,0,0,0.0263872052774411,0,0,0.0290465058093012,0,0,0,6.00000120000024e-06,0.000666200133240027,0,0,0,0,0.000579500115900023,0,0,0,0,0,0,0,0,0,0,0,0,0,0,0,0,0,0,0,0,0,0,0,0,0,0,0,0,0,0,0,0,0,0,0,0,0,0,0,0,0,0,0,0.00690100138020028,0.000391700078340016,0,0,0,0,0,3.55000071000014e-05,0,0,0,0,0,0.000358800071760014,0.00397450079490016,0.0106028021205604,8.20000164000033e-05,0,0,0.00311760062352012,0,0.277141255428251,0,0.00225740045148009,0,0,0,0,0,0,0.000178900035780007,0,0,0,0,0,0,0,0,0,0,0,0,0,0,0,0,0,0,0,0,0,0,0,0,0,0,0,0,0,0,0,0,0,0,0,0,0,0.000670900134180027,0,0,0,0,0,0,0,0,0,0,0,0,0,0,0,0,0,0,0,0,0,0,0.00138240027648006,0
"41","9006-E_S",0,0,0,0,0,0,0,0,0,0,0,0,0,0,0,0,0,0,3.00000030000003e-05,0.00326660032666003,0.000108800010880001,0,0.00246850024685003,0,0.0525760052576005,0.000450500045050005,0.0553334055333406,0.00322530032253003,0,0,0,0,0,0,0,0,0,0,0.00513290051329005,0,0,0.000157200015720002,0,0,0,0,0,0,0.000124400012440001,0.0147916014791601,0,0,0,0,0,0,0,0,0.00794000079400008,0.0343546034354603,0,0.0134719013471901,0,0.000363700036370004,0,0,0,0,0,0,0,0,0.0223566022356602,0.0147741014774101,0.098486809848681,0.157003515700352,0,0,0,0.0143179014317901,0.00675920067592007,0,0.000771800077180008,0,0.000180300018030002,0,0.000673600067360007,0,0.000528300052830005,0,0,0,0,0,0,0,0,0.00153070015307002,0,7.60000076000008e-05,0,0,0,0,0,2.80000028000003e-06,0.000491600049160005,0,0,0,0,0,0,0,0,0,0,0,0,0,0,0,0,0,0,0,0,0,0.000185400018540002,0.000540300054030005,0,0,0,0,0,0,0,0,0,0,0,0,0,0,0.000377600037760004,0,0,0,0,0.000218400021840002,0,0,0,0,0,0,0,0,0.00685620068562007,0,1.74000017400002e-05,0.000606800060680006,0,0,0,0.00250000025000003,0,0.000514100051410005,0,0.000232600023260002,0.000282700028270003,0,0,0.000213500021350002,0.00391100039110004,0,0,0,0.0117955011795501,0,4.60000046000005e-05,0,0,0,0,0,0,0,0,0,0,0.00106750010675001,0,0,0,0,0,0.000355500035550004,0,0.00225130022513002,0,0,0,3.40000034000003e-06,0,0,0.00197730019773002,0,0,0,0,0,0,0.000644500064450006,0.00207820020782002,0.0173942017394202,0,0,0,0.000346100034610004,0,0,0,0,0,0.00115040011504001,0.00391440039144004,0,0,0,0,0,0.000127600012760001,0,0,0,0,0,0,0,0,0,0.000709400070940007,0,0,0,0,0,0,1.70000017000002e-06,0,0,0.00310180031018003,0.00550790055079006,0,0.000785800078580008,0.00328480032848003,0.000121300012130001,0.00228350022835002,0,0,0.00839160083916008,7.71000077100008e-05,0,0.000307000030700003,0.0124496012449601,0,0.000178300017830002,0.0113504011350401,0,0,0,0.00114910011491001,0.0493580049358005,0.00471030047103005,0.000460100046010005,0.000623500062350006,0,0,0.00256390025639003,0.00110000011000001,1.85000018500002e-05,0.00257690025769003,0.00464330046433005,0,0,0,0.00769590076959008,0.00171880017188002,0,8.21000082100008e-05,0,0.00544880054488006,0,0.000321700032170003,0,0,0,0,0.00337840033784003,0,0.000259000025900003,0.000569400056940006,0,0,0.000195200019520002,0.00574950057495006,0,0,0,0,0,0,0,0,0,0,0,0,0.000455500045550005,0,0,0,0,0.000226600022660002,0,0,0,0,0,0,0,0,0,0.000318600031860003,0,0,0,0,0,0,0,0,0,0,0,0,0,0,0,0,0,0,0,0,0,0,0,0,0,0,0,0,0.000122000012200001,0,0,0,0,0,0,0,0,0,0,0,0,0,0.000247900024790002,0,0,0,0,0,6.92000069200007e-05,0,0,0,0,0,0.00110640011064001,0,0,0,0,0,3.82000038200004e-05,0,0,0,0,0,0.00853230085323009,0.00550440055044006,0.00212820021282002,0,0,0.0130792013079201,0,0,0.0324317032431703,0,0,0,3.43000034300003e-05,0.000545900054590005,0,0,0,0,0.00127140012714001,0,0,0,0,0,0,0,0,0,0,0,0,0,0,0,0,0,0,0,0,0,0,0,0,0,0,0,0,0,0,0,0,0,0,0,0,0,0,0,0,0.000143300014330001,0.0161873016187302,0.00207910020791002,0.0099394009939401,0.00370000037000004,0,0,0,0,0,4.25000042500004e-05,1.74000017400002e-05,0,0,0,0,9.30000093000009e-05,0.00660020066002007,0.00797290079729008,0.000423000042300004,0,0.000721700072170007,0.00321820032182003,0,0.156615915661592,0,0.00646000064600006,0,0,0,0,0,0,0.00388790038879004,2.36000023600002e-05,0,0,0,0,0,0,0,0,0,0,0,0,0,0,0,0,0,0,0,0,0,0,0,0,0,0,3.28000032800003e-05,0.000308800030880003,0,0,0,0,0,1.92000019200002e-05,0,0.000179600017960002,0.00200740020074002,0,0,0,0,0,0,1.61000016100002e-05,0,0,0,0,1.74000017400002e-05,0,5.69000056900006e-05,0,0,0,5.00000050000005e-06,0,0,0,0,0.000590400059040006,0
"42","9005-A_S",0,0,0,0,0,0,0,0,0,0,0,0,0,0,0,0,0,0,0,0,0,0,0,0,0,0,0,0,0,0,0,0,0,0,0,0,0.000598900059890006,0,0,0,0,0,0,0,0,0,0,0,0,0,0,0,0,0,0,0,0.000439900043990004,0,0,0,0,0.000422800042280004,0,0,0,0,0,0,0,0,0,0,0,0,0,0.00933620093362009,0,0,0,0,0,0.00116750011675001,0,0,0,0,0,0,0,0,0,0,0,0,0,0,0,0,0,0,0,0,0,0,0,0,0,0,0,0,0,0,0,0,0,0,0,0,0,0,0,0.00149810014981001,0,0,0,0,0,0,0,0,0,0,0,0,0.000200500020050002,0,0,0.00197460019746002,0,0,0,0,0,0,0,0,0,0,0,0,0,0,0.0540667054066705,0,0,0,0,0,0,0.00251730025173003,0,0,0,0,0,0,0,0,0,0,0,0,0,0,0,0,0,0,0,0,0,0,0,0,0,0,0,0,0,0,0,0,0,0,0,0,0,0,0,0,0,0,0,0,0,0,0,0,0,0,0,0,0,0,0,0,0,0,0,0,0,0,0,0,0,0,0,0,0,0,0,0,0,0,0,0,0,0,0.00234390023439002,0,0,0,0,0,0.00101340010134001,0,0,0,0.674166367416637,0,0,0,0,0,0,0,0,0,0,0,0,0,0,0,0,0,0,0,0,0,0,0,0,0,0,0,0,0,0,0,0,0,0,0,0,0,0,0,0,0,0,0,0,0,0,0,0,0,0,0,0,0,0,0,0,0,0,0,0,0,0,0,0.0299541029954103,0,0,0,0,0,0,0,0,0,0,0,0,0,0,0,0,0,0,0,0,0,0,0,0.103707510370751,0,0.00115040011504001,0,0,0,0,0,0,0,0,0,0,0,0,0,0,0,0,0,0,0,0,0,0,0,0,0,0.000141600014160001,0,0,0,0,0,0,0,0,0,0,0,0,0,0,0,0,0,0,0,0,0.0234114023411402,0,0,0,0,0,0,0,0,0,0,0,0,0,0,0,0,0,0,0,0,0,0,0,0,0,0,0,0,0,0,0,0,0,0,0,0,0,0,0,0,0,0,0,0,0,0,0,0,0,0,0,0,0,0,0,0,0,0,0,0,0,0,0,0,0,0,0,0,0,0,0,0,0,0.0209978020997802,0,0,0,0,0,0,0,0,0,0,0,0,0,0.000115100011510001,0,0,0,0,0,0,0,0,0,0,0,0,0,0,0,0,0,0,0,0,0,0,0,0,0,0,0,0,0,0,0,0,0,0,0,0,0,0,0,0,0,0,0,0,0,0,0,0,0,0,0,0,0,0,0.0166404016640402,0,0,0,0,0,0,0,0,0,7.46000074600007e-05,0,0,0,0,0,0,0.0540609054060905,0,0,0,0,0,0,0,0,0,0
"43","9005-B_S",0,0,0,0,0,0,0,0,0,0,0,0,0,0,0,0,0,0,0,0,0,0,0,0,0,0,0,0,0,0,0,0,0,0,0,0,0,0,0,0,0,0,0,0,0,0,0,0,0,0,0,0,0,0,0,0,0,0,0,0,0,0,0,0,0,0,0,0,0,0,0,0,0,0,0,0,0,0,0,0,0,0,0,0,0,0,0,0,0,0,0,0,0,0,0,0,0,0,0,0,0,0,0,0,0,0,0,0,0,0,0,0,0,0,0,0,0,0,0,0,0,0,0,0,0,0,0,0,0,0,0,0,0,0,0,0,0,0,0,0,0,0,0,0,0,0,0,0,0,0,0,0,0,0,0,0,0,0,0,0,0,0,0,0,0,0,0,0,0,0,0,0,0,0,0,0,0,0,0,0,0,0,0,0,0,0,0,0,0,0,0,0,0,0,0,0,0,0,0,0,0,0,0,0,0,0,0,0,0,0,0,0,0,0,0,0,0,0,0,0,0,0,0,0,0,0,0,0,0,0,0,0,0,0,0,0,0,0,0.0024422,0,0,0,0,0,0,0,0,0,0.7774763,0,0,0,0,0,0,0,0,0,0,0,0,0,0,0,0,0,0,0,0,0,0,0,0,0,0,0,0,0,0,0,0,0,0,0,0,0,0,0,0,0,0,0,0,0,0,0,0,0,0,0,0,0,0,0,0,0,0,0,0,0,0,0,0.0002614,0,0,0,0,0,0,0,0,0,0,0,0,0,0,0,0,0,0,0,0,0,0,0,0.1333987,0,0.0010332,0,0,0,0,0,0,0,0,0,0,0,0,0,0,0,0,0,0,0,0,0,0,0,0,0,2.93e-05,0,0,0,0,0,0,0,0,0,0,0,0,0,0,0,0,0,0,0,0,0,0,0,0,0,0,0,0,0,0,0,0,0,0,0,0,0,0,0,0,0,0,0,0,0,0,0,0,0,0,0,0,0,0,0,0,0,0,0,0,0,0,0,0,0,0,0,0,0,0,0,0,0,0,0,0,0,0,0,0,0,0,0,0,0,0,0,0,0,0,0,0,0,0,0,0,0,0,0,0,0,0,0,0,0,0,0,0,0,0,0,0,0,0,0,0,0,0,0,0,0,0,0,0,0,0,0,0,0,0,0,0,0,0,0,0,0,0,0,0,0,0,0,0,0,0,0,0,0,0,0,0,0,0,0,0,0,0,0,0,0,0,0,0,0,0,0,0,0,0,0,0,0,4.3e-06,0,0,0,0.0001416,3.71e-05,4.02e-05,0.0851131,0,0,0,0,2.26e-05,0,0,0,0,0
"44","9005-C_S",0,0,0,0,0,0,0,0,0,0,0,0,0,0,0,0,0,0,0,0,0,0,0,0,0,0,0,0,0,0,0,0,0,0,0,0,0,0,0,0,0,0,0,0,0,0,0,0,0,0,0,0,0,0,0,0,0.0023247,0,0,0,0,0,0,0,0,0,0,0,0,0,0,0,0,0,0.0204784,0.0683294,0,0,0.0032723,0,0,0,0,0,0,0,0,0,0,0,0,0,0,0,0,0,0,0,0,0,0,0,0,0,0,0,0,0,0,0,0,0,0,0,0,0,0,0,0,0,0,0,0,0,0,0,0,0,0,0,0,0,0,0,0,0,0,0,0,0,0,0,0,0,0,0,0,0,0,0,0,0,0,0,0,0,0,0,0,0,0,0,0,0,0,0,0,0,0,0,0,0,0,0,0,0,0,0,0,0,0,0,0,0,0,0,0,0,0,0,0,0,0,0,0,0,0,0,0,0,0,0,0,0,0,0,0,0,0,0,0,0,0,0,0,0,0,0,0,0,0,0,0,0,0,0,0,0,0,0,0,0,0,0,0,0,0,0,0,0,0,0,0,0,0,0,0,0,0,0,0,0,0,0,0,0,0,0,0,0,0,0,0,0,0,0,0,0,0,0,0,0,0,0,0,0,0,0,0,0,0,0,0,0,0,0,0,0,0,0,0,0,0,0,0,0,0,0,0,0,0,0,0,0,0,0,0,0,0,0,0,0,0,0,0,0,0,0,0,0,0,0,0,0,0,0,0,0,0,0,0,0,0,0,0,0,0,0,0,0,0,0,0,0,0,0,0,0,0,0,0,0,0,0,0,0.0089741,0,0,0,0,0.0408566,0,0,0,0,0,0,0,0,0,0,0,0.0047682,0,0,0,0,0,0,0,0,0,0,0,0,0,0,0,0,0,0,0,0,0,0,0,0,0,0,0,0,0,0,0,0,0,0,0,0,0,0,0,0,0,0,0,0,0,0,0,0,0,0,0,0,0,0,0,0,0,0,0,0,0,0,0,0,0,0,0,0,0,0,0,0,0,0,0,0,0,0,0,0,0,0,0,0,0,0,0,0,0,0,0,0,0,0,0,0,0,0,0,0,0,0,0,0,0,0,0,0,0,0,0,0,0,0,0,0,0,0,0,0,0,0,0,0,0,0,0,0,0,0,0,0,0,0,0,0,0,0,0,0,0,0,0,0,0,0,0,0,0,0,0,0,0,0,0,0.8509963,0,0,0,0,0,0,0,0,0,0,0,0,0,0,0,0,0,0,0,0,0,0,0,0,0,0,0
"45","9040-E_S",0,0,0,0,0,0,0,0,3.76000037600004e-05,0,0,0,0,0,0,0,0,0,0,0.000554100055410006,0,0,0.00684550068455007,0,0.0279397027939703,0.00369490036949004,0,0,0,0,0,0,0,0,0,0,0,0,0.0182405018240502,0,0,0,0,0,0,0,0,0,0,0,0.000492700049270005,0,0.0512737051273705,0,0,0,0.0138068013806801,0,0.000164300016430002,0,0,0.0408540040854004,0,0,0,0,0,0,0,0,0,0,0,0.00745020074502007,0.0926667092666709,0.174078717407872,0,0,0,0.0194994019499402,0.0098595009859501,0,0.00145040014504001,0,0,0,0.00532690053269005,0,0.000212500021250002,0,0,0,0,0,0,0,0,0.00117720011772001,0,0,0,0,0,0,0,0,0,0,0,0,0,0,0,0,0,0,0,0,0,0,0,0,0,0,0,0,0,0,0,3.09000030900003e-05,0,0,0,0,0,0,0,0,0,0,0,0,0,0,0,0,0,0,0,6.22000062200006e-05,0,0,0,0,0,0,0,0,0,0,2.72000027200003e-05,0.000478100047810005,0,0,0,0,0,0.000296400029640003,0,0,0,0,0,0,0,8.04000080400008e-05,0,0,0,0,0,0,0,0,0,0,0,0,0,0,0,0,0,0,0,0,0,0.000470000047000005,0,0.00144820014482001,0,0,0,0,0,0,0.00304780030478003,0,0,0,0,0,0,0.000133800013380001,0.00189700018970002,0,0,0.00157930015793002,0,0.00122040012204001,0,0,0,0,0,0.000675400067540007,0.00640740064074006,0,0,0,0,0,0.000449900044990005,0,0,0,0,0,0,0,0,0,0,0,0,0,0,0,0.00561140056114006,0,0,0,0.000179400017940002,0.00580680058068006,0,0.000479000047900005,0.0368605036860504,0,0.00204450020445002,0,0,0,0,0.200740720074072,0,0,0,0,0.0240477024047702,0,0,0,0.000674300067430007,0.0294742029474203,0,0,0.000711100071110007,1.86000018600002e-05,0,0.00626100062610006,0.000105400010540001,0,7.70000077000008e-06,0.000289100028910003,0,0,0,0,0,0,0,0,0,0,0.00116810011681001,0,0,0,0,0.000342600034260003,0,0,0,0,0,0.000585900058590006,0.00671770067177007,0,0,0,0,0,0,0,0,0,0,0,0,0.000708700070870007,0,0,0,0,0.000434900043490004,0,0,0,0,0,0,0,0,0,7.57000075700008e-05,0,0,0,0,0,0,0,0,0,0,0,0,0,0,0,0,0,0,0,0,0,0,0,0,0,0,0,0,0,0,0,0,0,0,0,0,0,0,0,0,0,0,0,0,0,0,0,0,0,0,0,0,0,0,0,0,0,0,0,0,0.000603700060370006,0,0,0,0,0,0.000871700087170009,0.00265080026508003,0.00255700025570003,0,0,0.00913240091324009,0,0,0.0582470058247006,0,0,0,0,0.000728200072820007,0,0,0,0,0.000736700073670007,0,0,0,0,0,0,0,0,0,0,0,0,0,0,0,0,0,0,0,0,0,0,0,0,0,0,0,0,0,0,0.00681610068161007,0,0,0,0,0,0,0,0,0,0,0.0160880016088002,0.00288580028858003,0.0129972012997201,0.0146611014661101,0.000103200010320001,0,0,0,0,0,0,0,0,0,0,0,0.00255110025511003,0.0192406019240602,0,0,0,0.00239400023940002,0,0,0.00122290012229001,0,0,0,0,0,0,0,0.00271760027176003,0.000688100068810007,0,0,0,0,0,0,0,0,0,0,0,0,0,0,0,0,0,0,0,0,0,0,0,0,0,0,0.000800600080060008,0.00814550081455008,0,0,0,0,0,0.000138400013840001,0,0.00134510013451001,0.000670800067080007,0,0,0,0,0,0,0,0,0,0.000325500032550003,0.00693640069364007,0.00334210033421003,0,0.00300650030065003,0,0,0,0,0.000121100012110001,0,0,0,0,0
"46","9038-A_S",0,0,0,0,0.000572500114500023,0,0,0,0,0.000264200052840011,0.0325832065166413,0,0.000619800123960025,0,0,0,0,0,0,0,0,0,0,0,0,0,0,0,0,0,0,0,0,0,0,0,0,0,0,0,0,0,0,0,0.00273700054740011,0.00652320130464026,0,0,0,0,0,0,0,0,0,0,0,0,0,0,0,0,0,0,0,0,0,0,0,0,0,0,0,0,0,0,0,0,0,0,0,0,0,0,0,0,0,0,0,0,0,0,0,0,0,0,0,0,0,0,0,0,0,0,0,0,0,0,0,0,0,0,0,0,0,0,0,0,0,0,0,0,0,0,0,0,0,0,0,0,0,0,0,0,0,0,0,0,0,0,0,0,0,0,0,0,0,0,0,0,0,0,0,0,0,0,0,0,0,0,0,0,0,0,0,0,0,0,0,0,0,0,0,0,0,0,0,0,0,0,0,0,0,0,0,0,0,0,0,0,0,0,0,0,0,0,0,0,0,0,0,0,0,0,0,0,0,0,0,0,0,0,0,0,0,0,0,0,0,0,0,0,0,0,0,0,0,0,0,0,0,0,0,0,0,0,0.00899620179924036,0,0.0138723027744606,0,0,0,0,0,0,0,0,0,0,0,0,0,0,0,0,0,0,0,0,0,0,0,0,0,0,0,0,0,0,0,0,0,0,0,0,0,0,0,0,0,0,0,0,0,0,0,0,0,0,0,0,0,0,0,0,0,0,0,0,0,0,0,0,0,0,0,0,0,0,0,0,0,0,0,0,0,0,0,0.000376500075300015,0,0,0,0,0,0,0,0,0,0,0,0,0,0,0,0,0,0,0,0.619249023849805,0.0218393043678609,0.182132736426547,0,0,0,0,0,0,0,0,0,0,0,0,0,0,0,0,0,0,0,0,0,0,0,0,0,0,0,0,0,0,0,0,0,0,0,0,0,0,0,0,0,0,0,0,0.00361430072286014,0,0,0,0,0,0,0,0,0,0,0,0,0,0,0,0,0,0,0,0,0,0,0,0,0,0,0,0,0,0,0,0,0,0,0,0,0,0,0,0,0,0,0,0,0,0.000178300035660007,0,0,0,0,0,0,0,0,0,0,0,0,0,0,0,0,0,0.00168540033708007,0,0,0,0,0,0,0,0,0,0,0,0,0,0,0,0,0,0,0,0,0,0,0.00160560032112006,0,0,0,0,0,0,0,0,0,0,0,0,0,0,0,0,0,0,0,0,0,0,0,0,0,0,0,0,0,0,0,0,0.00170920034184007,0,0,0,0,0,0,0.00049830009966002,0,0,0,0,0.000146000029200006,0,0,0.0301477060295412,0.0124400024880005,0,0.0101822020364404,0,0,0,0.00050870010174002,0.000412200082440017,0,0,0,0,0,0,0,0,0,0,0,0,0,0.0230766046153209,0.0165286033057207,0,0.0075009015001803,0,0,0,0,0,0,0,0,0,0
"47","9038-E_S",0,0,0,0,0,0,0,0,0,0,0,0,0,0,0,0.00075910015182003,0,0,0.00122430024486005,0.00127170025434005,0,0,0,0.000316900063380013,0.0672359134471827,0,0,0,0,0,0,0,0,0,0,0,0,0,0.0391320078264016,0.000443000088600018,0,0.000387400077480015,0,0,0,0,0,0,0,0.0201909040381808,0.00455120091024018,0,0,0,0,0,0,0,0,0,0,0.0360794072158814,0,0,0,0,0,0,0,0,0,0,0.051291610258322,0.0223992044798409,0.0180289036057807,0.0880984176196835,0,0,0,0,0,0,0,0,0,0,0.00180120036024007,0,0,0,0,0,0,8.90000178000036e-06,0.00171360034272007,0,0.0561525112305022,0,0,0.000357300071460014,0,0,0,0,0,0,0,0,0,0,0,0,0,0,0,0,0,0,0.00076030015206003,0,0,0,0,0,0,0,0,0,0,0.00271150054230011,0,0,0.000266600053320011,0,0,0.000594800118960024,0,0,0,0,0,0.000277100055420011,0,0,0.000310600062120012,0.000148600029720006,0,0.0114007022801405,5.52000110400022e-05,0.00553010110602022,0,0,0,0,0,0,0,0,0,0,0,0.0109974021994804,0,0,0,0,0,0,0,0,0,0,0,0,0,0,0,0,0,0,0.0103480020696004,0,0,0,0,0,0,0,0,0,0,0,0.00938410187682038,0,0,0,0,0.0168693033738607,0,0,0,0,0,0.000596400119280024,0,0,0.0179650035930007,0,0.00116670023334005,0,0,0,0,0,0,0,0,0,0,0,0,0,0,0,0.000667900133580027,0.00537130107426022,0.0473411094682219,0.00164470032894007,0,0,0.000529100105820021,0,0.000162000032400006,0,0.00372760074552015,0,0,0,0,0,0,0,0,0,0,0,0,0,0.00188190037638008,0,0,0,0,1.72000034400007e-05,0,0,0.0147104029420806,0.000774800154960031,0,0,0,0,0,0,0,0,0,0,0,0,0,0,0.0025281005056201,0.0427573085514617,0,0,0.00147950029590006,0,0,0.000115000023000005,0,0.00106380021276004,0,0,0,0.000180200036040007,0,0,0,0,0,0,0,0,0.00212860042572009,0,0,0.00335800067160013,0,0,0.0154674030934806,0,0.00199310039862008,0,0,0.0297040059408012,0.0158381031676206,0,0,0,0,0,0,0,0,0,0,0,0,0.000868600173720035,0,0,0,0,0,0,0,0,0,0,0,0.00024870004974001,0,0.000343700068740014,0,0.00200470040094008,0,0,0,0,0,0,0,0,0,0,0,0,0,0,0,0,0,0,0,0,0,0,0,0,0,0,0,0,0,0,0,0,0,0,0,0,0,0,0,0.000324400064880013,0,0,0,0,0,0,0,0,0,0,0,0,0,0,0,0,0,0,0,0.0291013058202612,0,0,0,0,0,0.00184420036884007,0.000539900107980022,0.000337600067520014,0,0,0.00141560028312006,0,0,0.00959800191960038,0,0,0,0,0.00311300062260012,0,0,0,0,0,0.0424792084958417,0,0,0,0,0,0,0,0.164561832912367,0,0,0,0,0,0,0,0,0,0,0,0,0,0,0,0,0,0,0,0,0,0.00707750141550028,0,0,0,0,0,0,0,0,0,0,0,0,0,0,0.000467100093420019,1.30000026000005e-05,0,0,0,0,0,0,0,0.00120900024180005,0,0.00341240068248014,0,0,0.000188500037700008,0.0131332026266405,0,0,0,0,0,0,0,0,0,0,0,0,0,0.00862420172484035,0,0,0,0,0,0,0,0,0,0,0,0,0,0,0,0,0,0,0,0,0,0,0,0,0,0,7.03000140600028e-05,0,0,0,0,0,0,0.00642270128454026,0,0.0075105015021003,0.000823800164760033,0,0,0,0,0,0,0,0,0,0,0,0,0,0,0,0,0,0,0,0,0,0,0,0
"48","9037-C_S",0,0,0,0,0,0,0,0,0,0,0,0,0,0,0,0,0,0,0,0,0,0,0,0,0,0,0,0,0,0,0,0,0,0,0,0,0,0,0,0,0,0,0,0,0,0,0,0,0,0,0,0,0,0,0,0,0,0,0,0,0,0,0,0,0,0,0,0,0,0,0,0,0,0,0,0,0,0,0,0,0,0,0,0,0,0,0,0,0,0,0,0,0,0,0,0,0,0,0,0,0,0,0,0,0,0,0,0,0,0,0,0,0,0,0,0,0,0,0,0,0,0,0,0,0,0,0,0,0,0,0,0,0,0,0,0,0,0,0,0,0,0,0,0,0,0,0,0,0,0,0,0,0,0,0,0,0,0,0,0,0,0,0,0,0,0,0,0,0,0,0,0,0,0,0,0,0,0,0,0,0,0,0,0,0,0,0,0,0,0,0,0,0,0,0,0,0,0,0,0,0,0,0,0,0,0,0,0,0,0,0,0,0,0,0,0,0,0,0,0,0,0,0,0,0,0,0,0,0,0,0,0,0,0,0,0,0,0,0,0,0,0,0,0,0,0,0,0,0,0,0,0,0,0,0,0,0,0,0,0,0,0,0,0,0,0,0,0,0,0,0,0,0,0,0,0,0,0,0,0,0,0,0,0,0,0,0,0,0,0,0,0,0,0,0,0,0,0,0,0,0,0,0,0,0,0,0,0,0,0,0,0,0,0,0,0,0,0,0,0,0,0,0,0,0.6494377,0,0,0,0,0,0,0,0,0,0,0,0,0,0,0,0,0,0,0,0,0,0,0,0,0,0,0,0,0,0,0,0,0,0,0,0,0,0,0,0,0,0,0,0,0,0,0,0.004494,0,0,0,0,0,0,0,0,0,0,0,0,0,0,0,0,0,0,0,0,0,0,0,0,0,0.0138546,0,0,0,0,0,0,0,0,0,0,0,0,0,0,0,0,0,0,0,0,0,0,0,0,0,0,0,0,0,0,0,0,0,0,0,0,0,0,0,0,0,0,0,0,0,0,0,0,0,0,0,0,0,0,0,0,0,0,0,0,0,0,0,0,0,0,0,0,0,0,0,0,0,0,0,0,0,0,0,0,0,0,0,0,0,0,0,0,0,0,0,0,0,0,0,0,0,0,0,0,0,0,0,0,0,0,0,0,0,0,0,0,0,0,0,0,0,0,0,0,0,0,0,0,0,0,0,0,0,0.3010813,0,0,0,0,0,0,0,0,0,0,0,0,0,0.0171295,0.0065847,0.0041086,0,0,0.0012593,0,0,0.0007725,0.0012778,0,0,0,0
"49","9005-E_S",0.00781889843622031,0,0,0,0,0,0,0,0,0,0,0,0,0,0,0,0,0,0,0,0,0,0,0,0,0,0,0,0,0,0,0,0,0,0,0,0,0,0.00896029820794036,0,0,0,0,0,0,0,0,0,0,0,0,0,0,0,0,0,0.0593786881242624,0,0,0,0,0,0,0,0,0,0,0,0,0,0,0,0,0,0.157138468572306,0.722545655490869,0,0,0,0,0.00121169975766005,0,0,0,0,0,0.000770599845880031,0,0.000530499893900021,0,0,0,0,0,0,0,0.00138169972366005,0,0,0.000111299977740004,0,0,0,0,0,0,0,0,0,0,0,0,0,0,0,0,0,0,0,0,0,0,0,0,0,0,0,0,0,0,0,0,0,0,0,0.00023939995212001,0,0,0,0,0,0,0,0,0,0,0,0,0,0,0,0,0,0,0,0,0,0,0,0,0,2.99999940000012e-06,0,0,0,0,0,0,0,0,0,0,0,0,0,0,0,0,0,0,0,0,0,0,0,0,0,0,0,0,0,0,0,0,0,0,0,0.000590899881820024,0,0,0,0,0,0,0,0,0,0,0,0,0,0,0,0,0,0,0,0,0,0.0024087995182401,0,0,0,0,0,2.80999943800011e-05,0,0,0,0,0,0,0,0,0,0,0,0,0,0,0,0,0,0,0,4.20999915800017e-05,0,0,0,0,0,0,0,0.00140889971822006,0,0,0.00336989932602013,0,0,0,0,0,0,0,0,0,0,0.000429199914160017,0,0,0,0,0,0.000174499965100007,0,0,0,0,0,0,0,0,0,0,0,0,0,0,0,0,0,0,0,0,0,0,0,0,0,0,4.41999911600018e-05,0,0,0,0,0.000334899933020013,0.000440499911900018,0,0,0,0,0,0,0,0,0.00885919822816035,0,0,0,0,0,0,0,0,0,0,0,0,0,0,0,0,0,0,0,0,0,0,0,0,0,0,0,0,0,0,0,0,0,0,0,0,0.00598709880258024,0,0,0,0,0,0,0,0,0,0,0,0,0,0,0,0,0,0,0,0,0,0,0,0,0,0,0,0,0,0,0,0,0,0,0,0,0,0,0,0,0,0,0,0,0,0,0,0,0,0,0,0,0,0,0,0,0,0,0,0,0,0.000455099908980018,0,0,0,0,0,0,0,0,0,0,0,0,0,0,0,0,0,0,0,0,0,0,0,0,0,0,0,0,0,0,0,0,0,0,0,0.0113508977298205,0,0,0,0,0,0,0,0,0,0,0,0,7.73999845200031e-05,0.00116899976620005,0,0,0,0,0,0,0,0,0,0,0,0,0,0,0,0.00267309946538011,0,0,0,0,0,0,0,0,0,0,0,0,0,0,0,0,0,0,0,0,0,0,3.64999927000015e-05,0,0,0,0,0,0,0,0,0,0,0,0,0,0,0,0,0,0,0,0,0,0,0,0,2.94999941000012e-05,0,0,0,0,0,0,0,0,0,0,0,0,0,0,0,0,0,0,0,0,0,0,0,0,0,0,0
"50","9004-A_S",9.15999908400009e-05,0,0,0,0,0,0,0,0,0,0,0,0,0,0,0,0,0,0,0,0,0,0,0,0,0,0,0,0,0,0,0,0,0,0,0,0.0133416986658301,0.00611989938801006,8.60999913900009e-05,0,0,0,0,0,0,0,0,0,0,0,0,0,0,0,0,0,0.00199019980098002,0,0,0,0,0,0,0,0,0,0,0,0,0,0,0,0,0,0.00594459940554006,0.0264696973530303,0,0,0,0,0,0,0,0,0,0.0609199939080006,0,0,0,0,0,0,0,0,0,0,0.0444344955565504,0,0.118979288102071,0,0,0,0,0,0,0,0,0,0,0,0,0,0,0,0,0,0,0,0,0,0,0.0112350988764901,0,0,0,0,0,0,0,0,0,0.000759899924010008,0,0.000644999935500006,0,0.000270399972960003,0,0.00910909908909009,0,0.000460899953910005,0,0,0,0.000603299939670006,0,0,0.0697256930274307,0,0,0,0,0.146414285358571,0.0093626990637301,0.00516859948314005,0,0,0,0,0,0.00307859969214003,0,0,0,0,0,0,0,0,0,0,0,0,0,0,0,0,0,0,0,0,0,0,0,0,0,0,0,0,0,0,0,0,0,0,0,0,0,0,0,0,0,0,0.0116924988307501,0,0,0.0414661958533804,0,0,0,0,0,0,0,0,0,0,0.00253409974659003,0,0,0,0,0,0,0,0,0,0,0,0,0,0,0,0,0,0,0,0,0,0,0,0,0,0.00130209986979001,0,0,0.0487319951268005,0,0,0.0522032947796705,0,0,0,0,0,0,0,0.000107499989250001,0,0,0,0,0,0,0,0,0,0,0,0,0,0,0,0,0,0,0,0,0,0,0,0,0,0,0,0,0,0,0,0,0,0,0,0,0,0,0,0,0,0,0,0,0,0,0,0,0,0,0,0,0,0,0,2.75999972400003e-05,0,0,7.81999921800008e-05,0,0,0,0,0,0,0,0,0.000285899971410003,0,0,0,0,0,2.91999970800003e-05,0,0,0,0.0141019985898001,0,6.93999930600007e-05,0,0,0,0,0,0,0,0,0,0,0,0.000486299951370005,0,0,0,0.000237399976260002,0,0,0,0,0,0,0,0,0,0,0,0,0,0,0,0,0,0,0,0,0,0,0,0,0,0,0,0,0,0,0,0,0,0,0,0,0,0,0,0,0,0,0,0,0,0,0,0,0,0,0,0,0,0,0,0,0,0,0,0,0,0,0,0,0.000489799951020005,0,0,0,0,0,0,0,0,5.99999940000006e-06,0,0,0,0,0,0,0,0,0,0,0,0,0,0,0,0,0,0,0,0,0,0,0,8.63999913600009e-05,0,0,0,0,0,0,0,0,0.000127799987220001,0,0,0,0,0,0,0,0,0,0,0,0,0,0,0,0,0,0,0,0,0,0,0,0,0,0,0,0,0,0,0,0,0,0,0,0,0,0,0,0,0,0,0,0,0,0,0,0,0,0,0,0,0,0,0,0.000509999949000005,0,0,0,0,0,0,0,0,0,0,0,0,0,0,0,0,0,0,0,0,0,0.00424299957570004,0,0,0,0,0.157844884215512,0.0357484964251504,0.0224004977599502,0.0696060930393907,0,0,0,9.33999906600009e-05,0.000278799972120003,0,0,0,0,0
"51","9040-A_S",0,0,0,0,0,0,0,0,0,0,0,0,0,0,0,0,0,0,0,0,0,0,0,0,0,0,0,0,0,0,0,0,0,0,0,0,0,0,0,0,0,0,0,0,0,0,0,0,0,0,0,0,0,0,0,0,0.0124864987513501,0,0,0,0,0,0,0,0,0,0,0,0,0,0,0,0,0,0.493730350626965,0,0,0,0,0,0,0.00165159983484002,0,0,0,0.0157322984267702,0,0,0.0111482988851701,0,0,0,0,0,0,0,0,0,0,0,0,0,0,0,0,0,0,0,0,0,0,0,0,0,0,0,0,0,0,0,0,0,0,0,0,0,0,0,0,0,0,0,0,0,0,0,0,0.000141799985820001,0,0,0,0,0.00896069910393009,0,0.00158099984190002,0,0,0,0,0,0,0,0.00207989979201002,0.00211299978870002,0,0,0,0,0,0,0,0,0,0,0,0,0,0,0,0,0,0,0,0,0,0,0,0,0,0,0,0,0,0,0,0,0,0,0,0,0,0,0,0,0,0,0,0,0,0,0,0,0,0,0,0,0,0,0,0,0,0,0,0,0,0,0,0.0133428986657101,0,0,0,0,0,0,0,0,0,0,0,0,0,0,0,0,0,0,0,0,0,0,0,0,0,0,0,0.0111534988846501,0,0,0.0781001921899808,0,0,0,0,0,0,0,0,0,0,0,0,0,0,0,0,0,0,0,0,0,0,0,0,0.000120799987920001,0,0,0,0,0,0,0,0,0,0,0,0,0,0,0,0,0,0,0,0,0,0,0,0,0,0,0,0,0,0,0,0,0,0,0,0,0,0,0.0358788964121104,0,0,0,0,0,0,0,0,0,0,0,0,0,0,0,0,0,0.000455699954430005,0,0,0,0.00291199970880003,0,0,0,0,0,0,0,0,0,0,0,0,0,0,0,0,0,0,0,0,0,0,0,0,0,0,0,0,0,0,0.000298799970120003,0,0,0,0,0,0,0,0,0,0,0,0,0,0,0,0,0,0,0,0.00198479980152002,0,0,0,0,0,0,0,0,0,0,0,0,0,0,0,0,0,0,0,0,0,0,0,0,0,0,0,0,0,0,0,0,0,0,0,0,0,0,0,0,0,0,0,0,0,0,0,0,0,0,0,0,0,0,0,0,0,0,0,0,0,0,0,0,0,0,0,0,0,0,0,0,0,0,0,0,0,0,0,0,0,0,0,0,0,0,0,0,0,0,0,0,0,0,0,0,0,0,0,0,0,0,0,0,0,0,0,0,0,0,0,0,0.00551899944810005,0,0,0,0,0,0,0,0,0,0,0,0,0,0,0,0,0,0,0,0,0,0,0,0.00108339989166001,0,0,0,0,0,0.0212521978747802,0,0,0,0,0,0,0,0,0,0,0,0,0,0.0723623927637607,0,0.000123299987670001,0.205786679421332,0,0,0,0,0,0,0,0,0,0
"52","9040-B_S",0,0,0,0,0,0,0,0,0,0,0,0,0,0,0,0,0,0,0,0,0,0,0,0,0,0,0,0,0,0,0,0,0,0,0,0,0.00425830042583004,0,0,0,0,0,0,0,0,0,0,0,0,0,0,0,0,0,0,0,0,0,0,0,0,0,0,0,0,0,0,0,0,0,0,0,0,0,0,0,0,0,0,0,0,0,0,0,0,0.0096251009625101,0,0,0.0195925019592502,0,0,0,0,0,0,0,0,0,0,0,0,0,0,0,0,0,0,0,0,0,0,0,0,0,0,0,0,0,0,0,0,0.000397200039720004,0,0,0,0,0,0,0,0,0,0,0,0,0,0,0,0.0841450084145008,0,0,0,0,0,0,0.0137120013712001,0,0,0,0,0,0,0,0.00265010026501003,0.0120150012015001,0,0,0,0.000350400035040004,0,0,0,0,0,0,0,0,0,0,0,0.00469510046951005,0,0,0,0,0,0.000203900020390002,0,0,0,0,0,0,0,0,0,0,0,0,0,0,0,0,0,0,0,0,0,0,0,0,0,0,0,0,0,0,0,0,0,0,0,0,0,0,0,0,0,0.000360400036040004,0,0,0,0,0,0,0,0,0,0,0,0,0,0,0,0,0,0,0,0,0,0,0,0,0.000461800046180005,0.000302900030290003,0,0.0176760017676002,0,0,0.244457024445702,0,0,0,0,0,0,0,0,0,0,0,0,0,0,0,0,0,0,0,0,0,0,0,0,0,0,0,0,0,0,0,0,0,0,0,0,0,0,0,0,0,0,0,0,0,0,0,0,0,0,0,0,0,0,0,0,0,0,0,0,0,0,0,0.0137194013719401,0,0,0,0,0,0,0,0,0,0,0,0.00141980014198001,0,0,0,0,0.00317520031752003,0,0,0,0,0.00706470070647007,0,0,0,0,0,0,0,0,0,0,0,0,0,0,0,0,0,0,0,0,0,0,0.00170450017045002,0,0,0,0,0,0.000122900012290001,0.000430500043050004,0.00713940071394007,0,0,0,0,0,0,0,0,0,0,0,0,0,6.93000069300007e-05,0,0,0,0,0,0.0793935079393508,0,0,0,0,0,0,0,0,0,0,0,0,0,0,0,0,0,0,0,0,0,0,0,0,0,0,0,0,0,0,0,0,0,0,0,0,0,0,0,0,0,0,0,0,0,0,0,0,0,0,0,0,0,0,0,0,0,0,0,0,0,0,0,0,0,0,0,0,0,0,0,0,0,0,5.84000058400006e-05,0,0,0,0,0,0,0,0,0,0,0,0,0,0,0,0,0,0,0,0,0,0,0,0,0,0,0,0,0,0,0,0,0,0,0,0,0,0,0,0,0,0,0,0,0,0,0,0,0,0,0,0,0,0,0,0,0,0,0,0,0,0.00192610019261002,5.55000055500006e-05,0,0,0,0,0.000269900026990003,0,0,0,0,0,0,0,0,0,0.000335400033540003,0,0,0,0.213351421335142,0.0249130024913002,0.000878200087820009,0.227940022794002,0,0,0,0,0.00113010011301001,0,0,0,0,0
"53","9002-D_S",0,0,0,0,0,0,0,0,0,0,0,0,0,0,0,0.000383600038360004,0,0,0.0104216010421601,0.00233840023384002,0.00125850012585001,0,0.0136215013621501,0,0.0532688053268805,0,0,0,0,0,0,0,0,0,0,0,0,0,0.00134160013416001,0.000426900042690004,0,2.70000027000003e-05,0,0,0,0,0,0,0,0.0156318015631802,0.00561740056174006,0,0.0299529029952903,0,0.00163850016385002,0,0.00272350027235003,0,0,0,0,0,0,0.0133333013333301,0,0,0,0,0,0,0,0,0.101908310190831,0.00099580009958001,0.116289011628901,0.111266511126651,0.0145279014527901,0,0,0.0512808051280805,0.00321920032192003,0,0,0,0,0,0,0.00178230017823002,0,0,0,0,0,0,0,0.000131600013160001,0,0,0,4.23000042300004e-05,0.00825760082576008,0,0,0,0,0,0,0,0,0,0,0,0,0,0,0,0,0,0,0,0,0,0,0,0,0,0,0,7.48000074800008e-05,0,0,0,0,0,0,0,0,0,0,0,0,0,0,0,0,0,0,0,0,0,0,0,0,0,0,0,0,0,0,0,0.000293700029370003,0.00142950014295001,0,0,0,0.000730600073060007,0,0,0,0,0,0.00170540017054002,0,0,0,0,0,0,0,0,0,0,0,0,0,0,0,0.0232387023238702,0,0,0,0,0,0,0,0,0,0.000104600010460001,0,0,0,0,0,0,0,0,0.000251100025110003,0,0,0,0,0,0,0.000306300030630003,0.00117260011726001,0,0,0,0,0,0,0,0.00248240024824002,0,0,0,0.0176410017641002,0,0,0,0,0,0,0,0,0,0,0,0,0,0,0,0,0,0,0,0,0,0,0,0,0,0.00338630033863003,0.00155160015516002,0,3.63000036300004e-05,0.0301877030187703,0.00348020034802003,0,0,0,0,3.19000031900003e-05,0.122581412258141,0.000300700030070003,0,0,0.000575000057500006,0.00271960027196003,0,0,0,0,0.0149514014951401,0.0176815017681502,0.000408000040800004,5.63000056300006e-05,0,0,0.00313840031384003,0,0,0,0,0,0.000177300017730002,0,0,0,0,0,0,0.0608250060825006,0.00216880021688002,0.000832900083290008,0,0,0,0.000238700023870002,0.00263310026331003,0,8.14000081400008e-05,0,0,0,0.000224300022430002,0.00416760041676004,0,0,0,0,0,0,0,0,0,0,0,0,0,0,0,0,0,0,0,0,0,0,0,0,0,0,0,0,5.36000053600005e-05,0,0,0,0,0,0,0,0,0,0,0,0,0,0,0,0,0,0,0,0,0,0,0,0,0,0,0,0,0,0,0,0,0,0,0,0,0,0,0,0.000390400039040004,0,0,0,0,0,0,0,0,0,0,0,0,0,0,0,0,0,0,0,0.000676700067670007,0,0,0,0,0,0.0183295018329502,0.00469430046943005,8.07000080700008e-05,0.000757200075720008,0,0.0189840018984002,0,0,0,0,0,0,0,0.000782400078240008,0,0,0,0,0.000113400011340001,0,0,0,0,0,0,0,0,0,0,0,0,0,0,0,0,0,0,0,0,0,0,0,0,0,0,0,0,0,0,0,0,0,0,0,0,0,0,0,0,0,0.0137276013727601,0.00372780037278004,0.00714670071467007,0,0,0,0,0,0.00524760052476005,0,0,0,0,0,0,0.000190900019090002,0,0.0170606017060602,0,0,0.00101070010107001,0.000182100018210002,0,0.000607000060700006,0,0,0,0.00701830070183007,0,0,0,0,0.000566400056640006,0,0,0,0,2.35000023500002e-05,0,0,0,0,0,0,0,0,0,0,0,0,0,0,0,0,0,0,0,0,0,0,0,0,0,0,0,0,0,0,0,0,0.00375080037508004,0,0,0,0,0.0113250011325001,0,0,0,0,0,0,0,0,0,0,0,0,0,0,0,0,0,0,0
"54","9040-C_S",0,0.00679910067991007,0,0,0,0,0,0,0,0,0,0.00731670073167007,0,0,0,0,0,0,0,0,0,0,0,0,0,0,0,0,0,0,0,0,0,0,0,0,0,0,0,0,0,0,0,0,0,0,0,0,0,0,0,0,0,0,0,0,0,0,0,0,0,0,0,0,0,0,0,0,0,0,0,0,0,0,0,0,0,0,0,0,0,0,0,0,0,0,0,0,0,0,0,0,0,0,0,0,0,0,0,0,0,0,0,0,0,0,0,0,0,0,0,0,0.0865545086554509,0,0,0,0,0,0,0,0,0,0,0,0,0,0,0,0,0,0,0,0,0,0,0,0,0,0,0,0,0,0,0,0,0,0,0,0,0,0,0,0,0,0,0,0,0,0,0,0,0,0,0,0,0,0,0,0,0,0,0,0,0,0,0,0,0,0,0,0,0,0,0,0,0,0,0,0,0,0,0,0,0,0,0,0,0,0,0,0,0,0,0,0,0,0,0,0,0,0,0,0,0,0,0,0,0,0,0,0,0,0,0,0,0,0,0,0,0,0,0,0,0,0,0,0,0,0,0,0,0,0,0,0,0,0,0,0,0,0,0,0,0,0,0,0,0,0,0,0,0,0,0,0,0,0,0,0,0,0,0,0,0,0,0,0,0,0,0,0,0,0,0,0,0,0,0,0,0,0,0,0,0,0,0,0,0,0,0,0,0,0,0,0,0,0,0,0,0,0,0,0,0,0,0,0,0,0,0,0,0,0,0,0,0,0,0,0,0,0,0,0,0,0,0,0,0,0,0,0,0,0,0,0,0,0,0,0,0,0,0,0,0,0,0,0,0,0,0,0.0221457022145702,0,0,0,0,0,0,0,0,0,0,0,0.0791608079160808,0,0,0,0,0,0,0,0,0,0,0,0,0,0,0,0,0,0,0,0,0,0,0,0,0,0,0,0,0,0,0,0,0,0,0,0,0,0,0,0,0,0,0,0,0,0,0,0,0,0,0,0,0,0,0,0,0,0,0,0,0,0,0,0,0,0,0,0,0,0,0,0,0,0,0,0,0,0,0,0,0,0,0,0,0,0,0,0,0,0,0,0,0,0,0,0,0,0,0,0,0,0,0,0,0,0,0,0,0,0,0,0,0,0,0,0,0,0,0,0,0,0,0,0,0,0,0,0,0,0,0,0,0,0,0,0,0,0,0,0,0,0,0,0,0,0,0,0,0,0,0,0,0,0,0,0.794325179432518,0,0,0,0,0,0,0,0,0,0,0,0,0,0.00256640025664003,0,0,0,0,0,0,0.00113160011316001,0,0,0,0,0,0
"55","9040-D_S",0,0,0,0,0,0,0,0,0,0,0,0,0,0,0,0,0,0,1.31999947200021e-05,0.00147119941152024,0,0,0.0128425948629621,0,0.0325293869882452,0.0118497952600819,0,0,0,0,0,0,0,0,0,0,0,0,0.00619409752236099,0,0,0.000165899933640027,0,0,0,0,0,0,0,0,0.000212799914880034,0,0.0531397787440885,0,0,0,0.0165384933846026,0,0.00101309959476016,0,0,0.0358761856495257,0,0,0,0,0,0,0,0,0,0,0,0.025057589976964,0.196624521350191,0.0790869683652126,0,0,0,0.024705890117644,0.00218169912732035,0,0.00155409937836025,0,0,0,0.00129009948396021,0,0.000671499731400107,0,0,0,0,0,0,0,0,0.00112019955192018,0,0.000117099953160019,0,0,0,0,0,5.72999770800092e-05,0,0,0,0,0,0,0,0,0,0,0,0,0,0,0,0,1.48999940400024e-05,0,0,0,0,0,2.30999907600037e-05,0.00180699927720029,0,0,0,0,0,0,0,0,0,0,0,0,0,0,0.000133699946520021,0,0,0,0,0,0,0,0,0,0,0,0,0,0,0,0.000260999895600042,0.00128439948624021,0,0,0,0,0,9.75999609600156e-05,0,0,0,0.00245009901996039,0,0,0,0,0,0,0,0,0,0,0,0,0,0,0,0,0,0,0,0,0,0,0,0,0,0.000519599792160083,0,0.000102799958880016,0,0,0,3.25999869600052e-05,0,0,0.00218589912564035,0,0,0,0,0,0,0.000429699828120069,0.000921699631320148,0,0,0.00365709853716058,0,0,0,0,0,0,0,0.00087509964996014,0.00528989788404085,0,0,0,0,0,6.29999748000101e-05,0,0,0,0,0,0,0,0,0,0,0,0,0,0,0,0,0,0,0,0.000824099670360132,0.0043984982406007,0,0.000847999660800136,0.0202206919117232,0.00056319977472009,0.000584199766320094,0,0,0,0,0.129708148116741,0,0,0,0,0.0132740946903621,0,0,0,0.00333389866644053,0.018716792513283,0,0,0.000141399943440023,0,0,0.00144709942116023,0,0,4.41999823200071e-05,0.000330999867600053,0,0,0,0,0,0,0,0,0,0,0.000788199684720126,0,0,0,0,5.92999762800095e-05,0,0,0.000130399947840021,0,0,0.000291399883440047,0.00628939748424101,0,0,0,0,0,0,0,0,0,0,0,0,0.00031329987468005,0,0,0,0,0,0,0,6.219997512001e-05,0,0,0,0,0,0,0,0,0,0,0,0,0,0,0,0,0,0,0,0,0,0,0,0,0,0,0,0,0,0,0,0,0,0,0,0,0,0,0,0,0,0,0,0,0,0,0,0,0,0,0,0,0,0,0,0,0,0,0,0,0,0.0019019992392003,0,0,0,0,0,0.00101209959516016,0,0,0,0,0,0.0043623982550407,0.000575999769600092,0.00093819962472015,0,0,0.018827592468963,0,0,0.0730893707642517,0,0,0,0,0.000385999845600062,0,0,0,0,0.00272859890856044,0,0,0,0,0,0,0,0,0,0,0,0,0,0,0,0,0,0,0,0,0,0,0,0,0,0,0,0,0,0,0.00475949809620076,0,0,0,0,0,0,0,0,0,0,0.0205008917996433,0.00304959878016049,0.0133084946766021,0.0112381955047218,0.00182849926860029,0.000431999827200069,0,0,0,0,0,0,0,0,0,0,0.0707235717105713,0.0214944914022034,0,0.000171599931360027,0,0.00326849869260052,0,0,0.0129558948176421,0,0,0,0,0,0,0,0.00181949927220029,0.000508699796520081,0,0,0,0,0,0,0,0,0,0,0,0,0,0,0,0,0,0,0,0,0,0,0,0,0,0,0,9.23999630400148e-05,0,0,0,0,0,0.00102029959188016,0,0.000668199732720107,0.000100499959800016,0,0,0,0,0,0,0,0,0,0.00140469943812022,0,0,0,0,0,0,0,0,0,0,0,0,0,0
"56","9004-B_S",0,0,0,0,0,0,0,0,0,0,0,0,0,0,0,0,0,0,0,0,0,0,0,0,0,0,0,0,0,0,0,0,0,0,0,0,0.000403000080600016,0.00324450064890013,0.00174530034906007,0,0,0,0,0,0,0,0,0,0,0,0,0,0,0,0,0,0,0,0,0,0,0,0,0,0,0,0,0,0,0,0,0,0,0,0,0,0,0,0,0,0,0,0,0,0,0.0152960030592006,0,0,0,0,0,0,0,0,0,0,0,0,0,0,0,0,0,0,0,0,0,0,0,0,0,0,0,0,0,0,0,0,0,0,0,0.00317620063524013,0,0,0,0,0,0,0,0,0,0,0,0.000139900027980006,0,0,0,0.0290334058066812,0,0,0,0,0.000629700125940025,0,0,0,0.00048930009786002,0,0,0,0,0.262914652582931,0.0367143073428615,0.00313750062750013,0,0,0,0,0,0.00404730080946016,0,0,0,0,0,0,0,0,0,0,0,0,0,0,0,0,0,0,0,0,0,0,0,0,0,0,0,0,0,0,0,0,0,0,0,0,0,0,0,0,0,0,0,0,0,0.0124610024922005,0,0,0,0,0,0,0,0,0,0,0.160472032094406,0,0,0,0,0,0,0,0,0,0,0,0,0,0,0,0,0,0,0,0,0,0,0,0,0,0.000866100173220035,0,0,0.0150840030168006,0,0,0.00850680170136034,0,0,0,0,0,0,0,0,0,0,0,0,0,0,0,0,0,0,0,0,0,0,0,0,0,0,0,0,0,0,0,0,0,0,0,0,0,0,0,0,0,0,0,0,0,0,0,0,0,0,0,0,0,0,0,0,0,0,0,0,0,0,0,0.000168100033620007,8.23000164600033e-05,4.58000091600018e-05,0,0,0,0,0,0,0,0,0,0.0900740180148036,0,0,0,0,0,0,0,0,0,0.00368240073648015,0,0.0280867056173411,0.00123550024710005,0.000325700065140013,0,0,0,0,0,0,0,0,0,0.000783900156780031,0,0,0,0,0,0,0,0,0,0,0,0,0,0,0,0,0,0,0,0,0,0,0,0,0,0,0,0,0,0,0,0,0,0,0,0,0,0,0,0,0,0,0,0,0,0,0,0,0,0,0,0,0,0,0,0,0,0,0,0,0,0,0,0,0,0,0,0,0,0,0,0,0,0,0,0,0,0,0,0,0,0,0,0,0,0,0,0,0,0,0,0,0,0,0,0,0,0,0,0,0,0,0,0,0,0,0,0,0,0,0,0,0,0,0,0,0,0,0,0,0,0,0,0,0,0,0,0,0,0,0,0,0,0,0,0,0,0,0,0,0,0,0,0,0,0,0,0,0,0,0,0,0,0,0,0,0,0,0,0,0,0,0,0,0,0,0.000339100067820014,0,0,0,0,0,0,0,0.000364200072840015,0,0,0,0,0,0,0,0,0,0,0,0,0,0.00149510029902006,0,0,0,0,0.076055015211003,0.0378293075658615,0.00961490192298039,0.190856338171268,0,0,0,0,0.000531100106220021,6.95000139000028e-05,0,0,0,0
"57","9038-B_S",0,0,0.00139809986019001,0,0,0,0,0.000491599950840005,0,0,0,0,0,0,0,0,0,0,0,0,0,0,0,0,0,0,0,0,0,0,0,0,0,0,0,0,0,0,0,0,0,0,0,0,0,0,0,0,0,0,0,0,0,0,0,0,0,0,0,0,0,0,0,0,0,0,0,0,0,0,0,0,0,0,0,0,0,0,0,0,0,0,0,0,0,0,0,0,0,0,0,0,0,0,0,0,0,0,0,0,0,0,0,0,0,0,0,0,0,0,0,0,0,0,0,0,0,0,0,0,0,0,0,0,0,0,0,0,0,0,0,0,0,0,0,0,0,0,0,0,0,0,0,0,0,0,0,0,0,0,0,0,0,0,0,0,0,0,0,0,0,0,0,0,0,0,0,0,0,0,0,0,0,0,0,0,0,0,0,0,0,0,0,0,0,0,0,0,0,0,0,0,0,0,0,0,0,0,0,0,0,0,0,0,0,0,0,0,0,0,0,0,0,0,0,0,0,0,0,0,0,0,0,0,0,0,0,0,0,0,0,0,0,0,0,0,0,0,0,0,0,0,0,0,0,0,0,0,0,0,0,0,0,0,0,0,0,0,0,0,0,0,0,0,0,0,0,0,0,0,0,0,0,0,0,0,0,0,0,0,0,0,0,0,0,0,0,0,0,0,0,0,0,0,0,0,0,0,0,0,0,0,0,0,0,0,0,0,0,0,0,0,0,0,0,0,0,0,0.000829899917010008,0,0,0,0.000400899959910004,0,0,0,0,0,0,0,0,0,0,0,0,0,0,0,0,0,0,0,0,0,0,0,0,0,0,0,0,0,0,0,0,0,0,0,0,0,0,0,0,0,0,0,0,0,0,0,0,0,0,0,0,0,0,0,0,0,0,0,0,0,0,0.109450689054931,0,0,0,0,0,0,0,0,0,0,0,0,0,0,0,0,0,0,0,0,0,0,0,0,0,0,0,0,0,0,0,0,0,0,0,0,0,0,0,0,0,0,0,0,0,0.00880549911945009,0,0,0,0,0,0,0,0,0,0,0,0,0,0,0,0,0,0,0,0,0,0,0,0,0,0,0,0,0,0,0,0,0,0,0,0,0,0,0,0,0.000854999914500009,0,0,0,0,0,0,0,0,0,0,0,0,0,0,0,0,0,0,0,0,0,0,0,0,0,0,0,0,0,0,0,0,0,0,0,0,0,0,0,0,0,0,0,0,0,0,0,0.00809759919024008,0.000487599951240005,0,0.0431317956868204,0,0,0,0.000485499951450005,0,0,0,0,0,0,0,0,0,0,0,0,0,0,0.592699640730036,0.111421688857831,0,0.121444487855551,0,0,0,0,0,0,0,0,0,0
"58","9038-D_S",0,0,0,0,0,0,0,0,0,0,0,0,0,0,0,0,0,0,0,0.00261710026171003,0,0,0,0.000119500011950001,0.00660110066011007,0,0,0,0,0,0,0,0,0,0,0,0,0,0.000623500062350006,0.00209710020971002,0,0.000822500082250008,0,0,0,0,0,0,0,0.00102090010209001,0,0,0,0,0,0,0,0,0,0,0,8.21000082100008e-05,0,0,0,0,0,0,0,0,0,0,0.000657400065740007,0.000231600023160002,0.00142410014241001,0.00409720040972004,0,0,0,0,0,0,0,0,0,0,0,0,0,0,0,0,0,0.00191530019153002,3.43000034300003e-05,0,0.163552516355252,0,0,0,0,0,0,0,0,0,0,0,0,0,0,0,0,0,0,0,0,0,0.00239890023989002,0,0,0,0,0,0,0,0,0,0,2.97000029700003e-05,0,0,0.000856200085620009,0,0,0.00173970017397002,0,0,0,0,0,1.07000010700001e-05,0,0,0,3.39000033900003e-05,0.00117200011720001,0.0119950011995001,1.03000010300001e-05,0,0,0,0,0,0,0,0,0,0,0,0,0,0,0,0,0,0,0,0,0,0,0,0,0,0,0,0,0,0,0,0.00634840063484006,0,0,0,0,0,0,0,0,0,0,0,0.00095900009590001,0,0,0,0,0.00853630085363009,0,0,0,0,0,0.0110820011082001,0,0.000169700016970002,0.0129887012988701,0,0.00806550080655008,0,0,0,0,0,0,0,0,0,0,0,0,0,0,0,0.0121198012119801,0.0156452015645202,0.0452659045265904,0.00744080074408007,0,0,0.00384810038481004,0,0,0,0.00095260009526001,0.000130500013050001,0,0,0,0,0,0,0,0,0,0.0118711011871101,0,0,0.00181570018157002,0,0,0,0,0,0,0,0,0,0,0,0,0,0,0,0,0,0,0,0,0,0,0,0,0.000593400059340006,0,0,1.24000012400001e-05,0,0,0,0,0.00470320047032005,0,0,0,0.0539576053957605,0,0,0,0,0,0,0,0,0,0,0,0.000388600038860004,0,0,0.0221186022118602,0,0.00414630041463004,0,0,0.0582442058244206,0.000435800043580004,0,0,0,0,0,0,0,0,0,0,0,0,0,0,0,0,0,0,0,0,0,0,0,0,0,0,0,0,0.00458520045852005,0,0,0,0,0,0,0,0,0,0,0,0,0,0,0,0,0,0,0,0,0,0,0,0,0,0,0,0,0,0,0,0,0,0,0,0,0,0,0,0.000202600020260002,0,0,0,0,0,0,0,0,0,0,0,0,0,0.000172400017240002,0,0,0,0,0,0,0,0,0,0,0,0.000360700036070004,0,0.00784650078465008,0,0,0,0,0,0.000177700017770002,0,0,0,0,0.000659900065990007,0,0,0,0,0,0.000530800053080005,0,0,0,0,0,0,0,0,0,0,0,0,0,0,0,0,0,0,0,0,0,0,0,0,0,0,0,0,0,0.00264360026436003,0,0,0,0,0,0,0,0,0,0,0,0,0,0,0,0,0,0,0,0,0,0,0,9.8400009840001e-05,0,0.0095968009596801,0,0,0,0.305978230597823,0,0,0,0,0,0,0,0,0,0,0,0,0,0.170961417096142,0,0,0,0,0,0,0,0,0,0,0,0,0,0,0,0,0,0,0,0,0,0,0,0,0,0,0.000136100013610001,6.76000067600007e-05,0,0,0,0,0,0,0,0,0,0,0,0,0,0,0,0,0,0,0,0,0,0,0,0,0,0,0,0,0,0,0,0,0
"59","9037-A_S",0,0,0,0,0,0,0,0,0,0,0,0,0,0,0,0,0,0,0,0,0,0,0,0,0,0,0,0,0,0,0,0,0.000388500077700016,0,0,0,0,0,0,0,0,0,0,0,0,0,0,0,0,0,0,0,0,0,0,0,0,0,0,0,0,0,0,0,0,0,0,0,0,0,0,0,0,0,0,0,0,0,0,0,0,0,0,0,0,0.0231557046311409,0,0,0,0,2.18000043600009e-05,0,0,0,0,0,0,0,0,0,0,0,0,0,0,0,0,0,0,0,0,0,0,0,0,0,0,0,0,0,0,0,0,0,0,0,0,0.000322400064480013,0,0,0,0,0,0,0,0,0,0.0074133014826603,0,0,0,0,0,0,0,0,0.00135460027092005,0,0,0,0,0.0176225035245007,0.000307100061420012,1.31000026200005e-05,0,0,0,0,0,0,0,0,0,0,0,0,0,0,0,0.000185700037140007,0,0,0,0,0,0,0,0,0,0,0,0,0,0,0,0,0,0,0,0,0,0,0,0,0,0,0,0,0,0,0,0,0,0.00129750025950005,0,0,0,0,0,0,0,0,0,0,0,0,0,0,0,6.39000127800026e-05,0,0,0,0,0,0,0,0,0,0,0,0,0,0,0,0,0,0,0,0,0,0,0,5.20000104000021e-06,0,0,0,0,0.0142604028520806,0,0,0,0.00701140140228028,0,0,0,0,0,0,0,0,0,0,0,0,0,0,0,0,0,0,0,0,0,0,0,0,0,0,0,0,0,0,0,0,0,0,0,0,0,0,0,0,0,0,0,0,0,0,0,0,0,0,0,0,0,0,0,0,0,0,0,0.0161781032356206,7.16000143200029e-05,0,0,0,0,0,0,0,0,0,0,0.0074929014985803,0,0.00316930063386013,0,0.00275940055188011,0,0,0,0,0,0.000359200071840014,0,0,0,0,0,0,0,0,0,0,0,0,0,0,0,0,0,0,0,0,0,0,0,0,0,0,0,0,0,0,0,0,0,0,0,0,0,0,0,0,0,0,0,0,0,0,0,0.000546100109220022,0,0,0.00232280046456009,0.0051230010246002,0.00116790023358005,0,0,0,0,0,0,0,0,0,0,0,0,0,0,0,0,0,0,0,0,0,0,0,0,0,0,0,0,0,0,0,0,0,0,0,0,0,0,0.0611812122362425,0,0,0,0,0,0,0,0,0,0,0,0,0,0,0,0,0,0,0,0,0,0,0,0,0,0,0,0,0,0,0,0,0,0,0,0,0,0.00824590164918033,0,0,0,0,0,0,0,0,1.05000021000004e-05,0,0,0,0,0,0,0.773705254741051,0,0,0,0,0,0,0,0,0,0,0,0,0,0,0,0,0,0,0,0,0,0,0,0,0,0,0,0,0,0,0,0,0,0,5.71000114200023e-05,0,0,0,0,0,0,6.20000124000025e-06,0,0.00024080004816001,0,0,0,0.00464110092822019,0,0,0,0,0,0,0,0,0,0.000205500041100008,0,0,0,0.00188690037738008,0.000597600119520024,0.00026060005212001,0.0362518072503615,0,4.9000009800002e-05,0,0,2.93000058600012e-05,1.78000035600007e-05,0,0,0,0
"60","9037-B_S",0,0,0,0,0,0,0,0,0,0,0,0,0,0,0,0,0,0,0,0,0,0,0,0,0,0,0,0,0,0,0,0,0,0,0,0,0,0,0,0,0,0,0,0,0,0,0,0,0,0,0,0,0,0,0,0,0,0,0,0,0,0,0,0,0,0,0,0,0,0,0,0,0,0,0,0,0,0,0,0,0,0,0,0,0,0.0663076066307607,0,0,0,0,0,0,0,0,0,0,2.27000022700002e-05,0,0,0,0,0,0,0,0,0,0,0,0,0,0,0,0,0,0,0,0,0,0,0,0,0.00227150022715002,0,0,0,0,0,0,0,0,0,0,0,0,0,0,0,0.0892973089297309,0,0,0,0,0,0,0,0,0,0,0,0,0,0.128404612840461,0.0271108027110803,0.0141487014148701,0,0,0,0,0,0.000292300029230003,0,0,0,0,0,0,0,0,0,0,0,0,0,0,0,0,0,0,0,0,0,0,0,0,0,0,0,0,0,0,0,0,0,0,0,0,0,0,0,0,0,0,0,0.00206530020653002,0,0,0,0,0,0,0,0,0,0,0,0,0,0,0,0,0,0,0,0,0,0,0,0,0,0,0,0,0,0,0,0,0,0,0,0,0,0,0,0,0,0,0,0,0.344876334487633,0,0,0,0,0,0,0,0,0,0,0,0,0,0,0,0,0,0,0,0,0,0,0,0,0,0,0,0,0,0,0,0,0,0,0,0,0,0,0,0,0,0,0,0,0,0,0,0,0,0,0,0,0,0,0,0,0,0,0,0,0,0,0,0.000714200071420007,0.00138080013808001,0,0,0,0,0,0,0,0,0,0,0.0378453037845304,0,0.00780510078051008,0,0.0209514020951402,0.00628970062897006,0,0,0,0,0.00100170010017001,0,0,0,0,0,0,0,0,0,0,0,0,0,0,0,0,0,0,0,0,0,0,0,0,0,0,0,0,0,0.000822400082240008,0,0,0,0,0,0,0,0,0,0,0,0,0,0,0,0,0,0,0,0,0.0664859066485907,0.0110244011024401,0.00464660046466005,0,0,0,0,0,0,0,0,0,0,0,0,0,0,0,0,0,0,0,0,0,0,0,0,0,0,0,0,0,0,0,0,0,0,0,0,0,0,0,0,0,0,0,0,0,0,0,0,0,0,0,0,0,0,0,0,0,0,0,0,0,0,0,0,0,0,0,0,0,0,0,0,0,0,0,0,0,0,0,0,0,0,0,0,0,0,0,0,0,0,0,0,0.000369500036950004,0,0,0,0,0,0,0,0,0,0,0,0,0,0,0,0,0,0,0,0,0,0,0,0,0,0,0,0,0,0,0,0,0,0,0,0,0,0,0,0.00670930067093007,0,0,0,7.67000076700008e-05,0,0,0,0.00134870013487001,0,0,0,0,0,0,0,0,0.000270600027060003,0,0,0,0,0.0372767037276704,0.00536800053680005,0.00459450045945005,0.109815510981551,0,0.000236900023690002,0,0,0.000168900016890002,0,0,0,0,0
"61","9037-D_S",0,0,0,0,0,0,0,0,0,0,0,0,0,0,0,0.0005538,0,0,0,0,0,0,0,0,0,0.0004871,0,0,0,0,0,0,0,0,0,0,0,0,0.0004735,0,0,7.36e-05,0,0,0,0,0,0,0,0.0106384,0,0,0,0,0,0,0,0,0,0.0143929,0,0.0018489,0,0,0,0,0,0,0.0028377,3.77e-05,0,0.0620777,0.0063147,0.0050059,0.0044939,0.2510941,0.0007294,0,0,0,0.0017278,0,0,0,0,0,0,0,0.0001914,0,0,0,0,0,0,0,0,0.0012084,0,4.77e-05,0,0,0,0,0,0,0.0016778,0,0,0,0,0,0,0,0,0,0,0,0,0,0.0020606,0,0,0,0,0,0,0,4.03e-05,0,0,0,0,0,0,0,0,0,0,0,0,0,0,0,0,0,0,0,0,0,0,0,0,0,0,0,0,0,0,0,0,0.0030479,0,0,0,0,0,0,0.0289142,0,0,0,0,0,0,0,0,0,0,0,0,0,0,0,0,0,0,0,0,0,0,0,0,0,0,0,0,0,0,0.0011886,0,0,0,0,0,0,0.0081518,0.000184,0,0,0,0,0,0.0008225,0.0085329,0.0034631,0,0,0,0,0,0,0,0,0,0.0100356,0.0217046,0,0,0,0,0,0,0,0,0,0,0,0,0,0,0,0,0,0,0,0,0,0,0.0032472,0,0,0.0189647,0.0035462,0,0.0016877,0.0043026,0,0.0006607,0,0,0,0,6.1e-05,0,0.0150058,0,0,0,0,0,0,0,0.0649054,0,0,0.0003494,0.0007314,0.0055399,0,0,0.0003497,0,0.001162,0,0,0,0,0,0,6.22e-05,0,0.00119,0,0.0005024,0,0,0,0,0.0062911,0,0.0001135,6.83e-05,0,0.0002447,0,0.0051603,0,0,0,0,0,0,0,0,0,0,0,0,0.000464,0,0,0,0,0.0117123,0,0.0004062,0,0.0010896,0,0,0,0,0,0,0,0,0,0,0,0,0,0,0,0,0,0,0,0,0,0,0,0.0128592,0,5.77e-05,0,0,0,0,0,0,0,0,0,0,0,0,0,0,0,0,0,0,0,0,0,0,0,0,0,0,0,0,0,0,0,0,0,0,0,0,0,0,0,0,0,0,0,0,0,0,0.010839,0.0040457,0.0005529,0,0,0.0182012,0.000125,0,0.044672,0,0,0,0,0,0,0,0,0,0,0.0015195,0,0,0,0,0,0,0,0.077135,0,0,0,0,0,0,0,0,0.0302784,0,0,0.0055047,0.0107141,0,0,0.0201669,0,0,0.0157554,0,0,0,0,0,0,0,0,0,0,0,0,0.0001505,0.00396,0.0016866,0.0013533,0.0496324,0.0009399,0.0003993,0,0,0,0,0.0022873,0,0,0,0,0.0017167,0,0,0,0,0.0061835,0.0045574,0,0,0,0,0,0,0,0,0,0,0.0386795,0,0,0,0,0,0,0,0,0,2.63e-05,0,0,0,0,0,0,0,0,0,0,0,0.0001055,0,0,0,0,0,0.0003237,0.0008942,0,0,0,0,0,0.0079533,0,0.0018676,0,0,0,0,0,0.005077,0,0,0,0,0.0178779,0,2.46e-05,0,0,0,0,0,0,0,0,0,0,0,0
"62","9037-E_S",0,0,0,0,0,0,0,0,0,0,0,0,0,0,0,0,0,0,0,0,0,0.0001284,0,0,0.0002507,0.0004625,0,0,0,0.000714,0,0,0,0,0,0,0,0,0.0104993,0,0,0.0004001,0,0,0,0,0,0,0,0.0051545,0,0,0,0,0,0,0,0,0,0.0018792,0,0.0028967,0,0,0,0,0,0,0.0068307,1.48e-05,0,0.0597982,0.0019467,0.0012682,0.0022591,0.04422,0.0017364,0,0,0,0.0654374,0,0,0,0,0,0.0001484,0,0.0002012,0,0,0,0,0,0,0,0,0.0022919,0,9.21e-05,0,0,0,0,0,0,0.0010643,0,0,0,0,0,0,0,0,0,0,0,0,0,0.0084605,0,0,0,0,0,0,0,0,0,0,0,0,0,0,0,0,0,0,0,0,0,0,0,0,0,0,0,0,0.0005056,0,0,0,0,0,0,0,0,0,0,0,0.0003534,0,0,0,0,0,0,0.017358,0.0009705,0,0,0,0,0,0.0052723,0,0,0,0,0,0,0,0,0,0,0,0,0,0,0,0,0,0,0,0,0,0,0,0.0001611,0,0,0,0,0,0,0.0137498,0.0005112,0,0,0,0,0,0.000738,0.0071042,0.0101033,0,0,0,0,0,0,0,0,0,0.0057218,0.0243468,0,0,0,0,0,0,0,0,0,0,0,0,0,0,0,0,0,0,0,0,0,0,0.0013926,0,0,0.000839,0.0062997,0,0.0016711,0.0392182,0,0,0,0,0,0,0.0101768,0,0.0103201,0,0,0,0,0,0,0,0.0784036,0.0002107,0,0.0002221,0.0004908,0.0004499,0.0001143,0,0.0005887,0.0010307,0.0034125,0,0,0,0,0,0,0.0001065,0,0.0280334,0,0,0,0,0,0,0.0017098,0,0,0.0055458,0,2.93e-05,0,0.0061199,0,0,0,0,0,0,0,0,0,0,0,0,0.0006606,0,0,0,0,0.0082728,0,7e-05,0,0.0008156,0,0,0,0,0,0.0077748,0,0,0,0,0,0,0,0,0,0,0,0,0,0,0,0,0,0.0049338,0,8.41e-05,0,0,0,0,0,0,0,0,0,0,0,0,0,0,0,0,0,0,0,0,0,0,0,0,0,0,0,0,0,0,0,0,0,0,0,0,0,0,0,0,0,0,0,0,0,0,0.00287,0.0023773,0.0021334,0,0,0.0035428,0.0002326,0,0.0097251,0,0,0,0,0,0,0,0,0,0,0.0003602,0,0,0,0,0,0,1.05e-05,0.2426669,0,0,0,0,0,0,0,0,0.028005,0,0,0.0187142,0.0158952,0,0,0.0154458,0,0,0.001903,0,0,0,0,0,0,0,0,0,0,0,0,0.0003856,0.0128599,0.0012024,0.0002872,0.0555722,0,0,0.0105751,0,0,0,0.0033463,0,0,0,0,0.0019147,4.82e-05,0,0,0,0.0044752,0.0022383,0,0,0,0,0,0,0,0,0,0,0.0230386,0.0002828,0,0,0,0,7.48e-05,0,0,0,0.0001762,0,0,0,0,0,0,0,0,0,0.0001734,0,0,0,0,0,0,0,0.0009083,0.0036748,0,0,0,0,0,0.0006402,0,0.0022971,9.7e-06,0,0,0,0,0.005167,0,0.0015575,0,0,0.001164,0,0,0,0,0,0,0,0,0,0,0,0,0,0
"63","9036-A_S",0,0,0,0,0,0,0,0,0,0,0,0,0,0,0,0,0,0,0,0,0,0,0,0,0,0,0,0,0,0,0,0,0,0,0.00409909959009004,0,0,0,0,0,0,0,0,0,0,0,0,0,0,0,0,0,0,0,0,0,0,0,0,0,0,0.808318519168148,0,0,0,0,0,0,0,0,0,0,0,0,0,0,0,0,0,0,0,0,0,0,0,0,0,0,0.00193119980688002,0,0,0,0,0,0,0,0,0,0,0,0,0,0,0,0,0,0,0,0,0,0,0,0,0,0,0,0,0,0,0.0168824983117502,0,0,0,0,0,0,0,0,0,0,0,0,0,0,0,0,0,0,0,0,0,0,0,0,0,0,0.00199469980053002,0,0,0,0,0,0,0,0,0,0,0,0,0,0,0,0,0,0,0,0,0,0,0,0,0,0.00142819985718001,0,0,0,0,0,0,0,0,0,0,0,0,0,0,0,0,0,0,0,0,0,0,0,0,0,0,0,0,0,0,0,0,0,0,0,0,0,0,0,0,0,0,0,0,0,0,0,0,0,0,0,0,0,0,0,0,0,0,0,0,0,0,0,0,0,0,0,0,0,0,0,0,7.49999925000008e-06,0,0,0.00157009984299002,0,0,0,0,0,0,0,0,0,0,0,0,0,0,0,0,0,0,0,0,0,0,0,0,0,0,0,0,0,0,0,0,0,0,0,0,0,0,0,0,0,0,0,0,0,0,0,0,0,0,0,0,0,0,0,0,0,0,0,0,0,0,0,0.00128759987124001,0,0,0,0,0,0,0,0,0,0,0,0,0,0,0,0,0,0,0,0,0,0,0,0,0,0,0,0,0,0,0,0,0,0,0,0,0,0,0,0,0,0,0,0,0,0,0,0,0,0,0,0,0,0,0,0,0,0,0,0,0,0,0,0,0,0,0,0,0,0,0,0,0,0,0,0,0,0,0,0,0,0,0,0,0,0,0,0,0,0,0,0,0,0,0,0,0,0,0,0,0,0,0,0,0,0,0,0,0,0,0,0,0,0.00166049983395002,0,0,0,0,0,0,0,0,0,0,0,0,0,0,0,0,0,0,0,0,0,0,0,0,0,0,0,0,0,0,0,0,0,0,0,0,0,0,0,0,0,0,0,0,0,0,0,0,0,0.000128299987170001,0,0,0,0,0,0,0,0,0,0,0,0,0,0,0,0,0,0.096921390307861,0,0,0,0,0,0.0205810979418902,0,0,0,0,0,0,0,0,0,0,0,0,0,0,0,0,0,0,0,0,0,0,0,0,0,0,0,0,0,0,0,0,0,0,0,0.000552299944770006,0,0,0,0,0,0,0,0,0.0426369957363004,0,0,0,0,0,0,0,0,0,0
"64","9004-C_S",0.00552409944759005,0,0,0,0,0,0,0,0,0,0,0.00346779965322003,0,0,0,0,0,0,0,0,0,0,0,0,0,0,0,0,0,0,0,0,0,0,0,0,0,0,0.000502099949790005,0,0,0,0,0,0,0,0,0,0,0,0,0,0,0,0,0,0.0262551973744803,0,0,0,0,0,0,0,0,0,0,0,0,0,0,0,0,0,0.0689337931066207,0.216425278357472,0,0,0,0,0,0,0,0,0,0,0,0,0,0,0,0,0,0,0,0,0,0,0,0,0,0,0,0,0,0,0,0,0,0,0,0,0.449510555048944,0,0,0,0,0,0,0,0,0,0,0,0,0,0,0,0,0,0,0,0,0,0,0,0,0,0,0,0,0,0,0,0,0,0,0,0,0,0,0,0,0,0,0,0,0,0,0,0,0,0,0,0,0,0,0,0,0,0,0,0,0,0,0,0,0,0,0,0,0,0,0,0,0,0,0,0,0,0,0,0,0,0,0,0,0,0,0,0,0,0,0,0,0,0,0,0,0,0,0,0,0,0,0,0,0,0,0,0,0,0,0,0,0,0,0,0,0,0,0,0,0,0,0,0,0,0,0,0,0,0,0,0,0,0,0,0,0,0,0,0,0,0,0,0.00207279979272002,0,0,0,0,0,0,0,0,0,0,0,0,0,0,0,0,0,0,0,0,0,0,0,0,0,0,0,0,0,0,0,0,0,0,0,0,0,0,0,0,0,0,0,0,0,0,0,0,0,0,0,0,0,0,0,0.000871099912890009,0,0,0,0,0,0,0,0,0,0,0,0,0,0,0,0,0,0,0,0,0,0,0,0,0,0,0,0,0,0,0,0,0,0,0,0,0,0,0,0.0163370983662902,0,0,0,0,0,0,0.00761349923865008,0,0,0,0,0,0,0,0,0,0,0,0,0,0,0,0,0,0,0,0,0.00187889981211002,0,0,0,0,0,0,0,0,0,0,0,0,0,0,0,0,0,0,0,0,0,0,0,0,0,0,0,0,0,0,0,0,0,0,0,0,0,0,0,0,0,0,0,0,0,0,0,0,0.00672929932707007,0,0,0,0.00895279910472009,0.00392169960783004,0,0,0,0,0,0,0,0,0,0,0,0,0,0,0,0.00167989983201002,0,0,0,0,0,0,0,0,0,0,0,0,0,0.00452639954736004,0,0,0,0,0,0,0,0.000933199906680009,0,0,0,0,0,0,0,0,0,0,0,0,0,0,0,0,0,0,0,0,0,0,0.00745799925420007,0,0,0,0,0,0,0,0,0,0,0,0,0,0,0,0,0,0,0,0,0,0,0,0,0,0,0,0,0,0,0,0,0.000795099920490008,0,0,0,0,0,0,0,0,0,0,0,0,0,0.096924590307541,0.0172164982783502,0,0.0483211951678805,0,0,0,0,0.00259979974002003,0,0,0,0,0.000549299945070005
"65","9036-C_S",0,0,0,0,0,0,0,0,0,0,0,0,0,0,0,0,0,0,0,0,0,0,0,0,0,0,0,0,0,0,0,0,0,0,0,0,0,0,0,0,0,0,0,0,0,0,0,0,0,0,0,0,0,0,0,0,0,0,0,0,0,0,0,0,0,0,0,0,0,0,0,0,0,0,0,0,0,0,0,0,0,0,0,0,0,0,0,0,0,0,0,0,0,0,0,0,0,0,0,0,0,0,0,0,0,0,0,0,0,0,0,0,0,0,0,0,0,0,0,0,0,0,0,0,0,0,0,0,0,0,0,0,0,0,0,0,0,0,0,0,0,0,0,0,0,0,0,0,0,0,0,0,0,0,0,0,0,0,0,0,0,0,0,0,0,0,0,0,0,0,0,0,0,0,0,0,0,0,0,0,0,0,0,0,0,0,0,0,0,0,0,0,0,0,0,0,0,0,0,0,0,0,0,0,0,0,0,0,0,0,0,0,0,0,0,0,0,0,0,0,0,0,0,0,0,0,0,0,0,0,0,0,0,0,0,0,0,0,0,0,0,0,0,0,0,0,0,0,0,0,0,0,0,0,0,0,0,0,0,0,0,0,0,0,0,0,0,0,0,0,0,0,0,0,0,0,0,0,0,0,0,0,0,0,0,0,0,0,0,0,0,0,0,0,0,0,0,0,0,0,0,0,0,0,0,0,0,0,0,0,0,0,0,0,0,0,0,0,0,0,0,0,0,0,0,0,0,0,0,0,0,0,0,0,0,0,0,0,0,0,0,0,0,0,0,0,0,0,0,0,0,0,0,0,0,0,0,0,0,0,0,0,0,0,0,0,0,0,0,0,0,0,0.0343703965629603,0,0,0,0,0,0,0,0,0,0,0,0,0,0,0,0,0,0,0,0,0,0,0,0,0,0,0,0,0,0,0,0,0,0,0,0,0,0,0,0,0,0,0,0,0,0,0,0,0,0,0.00787229921277008,0,0,0,0,0,0,0,0,0,0,0,0,0,0,0,0,0,0,0,0,0,0,0,0,0,0,0,0,0,0,0,0,0,0,0,0,0,0,0,0,0,0,0,0,0,0,0,0,0,0,0,0,0,0,0,0,0,0,0,0,0,0,0,0,0,0,0,0,0,0,0,0.0119711988028801,0,0,0,0,0,0,0,0,0,0,0,0,0,0,0,0,0,0,0,0,0,0,0,0,0,0,0,0,0,0,0,0,0.945786105421389,0,0,0,0,0,0,0,0,0,0,0,0,0,0,0,0,0,0,0,0,0,0,0,0,0,0,0
"66","9036-E_S",0,0,0,0,0,0,0,0,0,0,0,0,0,0,0,0.000367599816200092,0,0,0.00272059863970068,0.0036013981993009,0.000297999851000075,0,0,0,0.0988078505960747,0.00096029951985024,0,0,0,0,0,0,0,0,0,0,0,0,0.00565859717070142,0,0,0.00028029985985007,0,0,0,0,0,0.000208799895600052,0.00256129871935064,0.0215798892100554,0,0,0,0,0,0.0193632903183548,0,0,0,0,9.89999505000248e-06,0.0148356925821537,0,0,0,0,0,0,0,0,0,0,0.174220812889594,0.00385649807175096,0.231934484032758,0.182831108584446,0,0,0,0,0.000525299737350131,0,0,0,0,0,0.000913699543150228,0,0.000285099857450071,0,0,0,5.31999734000133e-05,0,0,0.000274899862550069,0,0,0,8.71999564000218e-05,0,0,0,0,0,0.000979799510100245,0,0,0,0,0,0,0,0,0,0,0,0,0,0,0,0,0,0,0,0,0,0,0,0,0,0,0,0,0,0,0,0,0,0,0,0,0,0,0,0,0,0,0,3.67999816000092e-05,0,0,0,0,0,0,0,0,0,0,0,0.000602999698500151,0,0,0,0,0,0,0,0,0,0,0,0,0,0,0,0,0,0,0,0,0,0,0,0,0,0,0,0,0,0,0,0,0,0,0,0.00103139948430026,0,0,0,0,0,0.000272299863850068,0,0.000813199593400203,0.00124789937605031,0,0,0,0,0.000255999872000064,0.00396059801970099,0,0.00316669841665079,0,0,0,0,0,0,0,0,0,0,0.0024114987942506,0.00624799687600156,0,0,0,0,0,0.00032049983975008,0,0.000860499569750215,0,0,0,0,0,0,0,0,0,0,0,0,0,0,0.00365549817225091,0,0,0.0103516948241526,0.00835419582290209,0,0,0.0266664866667567,0.00786879606560197,0,0,0,0,0,0,0,0,0,1.9999990000005e-05,0,0,0,0,0,0.0206383896808052,0,0,0,0,0,0.00909499545250227,0,0.000128699935650032,0,0,0.000222499888750056,0.000246299876850062,0,0,0,0,0,0,0,0,0.000189099905450047,0,0,0,0,0.00260089869955065,0,0,0,0,0,0.00531849734075133,0.00172879913560043,0,0,0,0,0,0,0,0,0,0,0,0,0.000675999662000169,0,0,0,0,0,0,0,0,0,0,0,0,0,9.92999503500248e-05,0,0,0,0,0,0,0,0,0,0,0,0,0,0,0,0,0,0,0,0,0,0,0,0,0,0,0,0,0,0,0,0,0,0,0,0,0,0,0,0,0,0.000233099883450058,0,0,0,0,0,0,0,0,0,0,0,0,0,0,0,0,0,0,0,0.00169269915365042,0,0,0,0,0,0.0068155965922017,0.0125191937404031,0,0,0,0.0194066902966549,0,0,0.0368023815988092,0,0,0,0,0,0,0,0,0,0.00406359796820102,0,0,0,0,0,0,0,0,0,0,0,0,0,0,0,0,0,0,0,0,0,0,0,0,0,0,0,0,0,0,0,0,0,0,0,0,0,0,0,0,0,0.0076173961913019,0.00967499516250242,0,0,0,0,0,0,0,0,0,0,0,0,0,0.000788299605850197,0,0.0035828982085509,0,9.5899952050024e-05,0,0.00233259883370058,0,0,0,0,0,0,0,0,0,0,0.00146509926745037,0.000482099758950121,0,0,0,0,0,0,0,0,0,0.000171299914350043,0,0,0,0,0,0,0,0,0,0,0,0,0,0,0,0,0,8.85999557000221e-05,0,0,0,0,0,0.000128399935800032,0,0.00190679904660048,0.00110059944970028,0,0,0,0,0.00047989976005012,0,0,0,0,0.00224769887615056,0,0,0,0,0,0,0,0,0,0,0,0,0,0
"67","9035-A_S",0,0,0,0,0,0,0,0,0,0,0,0,0,0,0,0,1.12e-05,0,0,0,0,0,0,0,0,0,0,0,0,0,0,0,0,0,0,0,0,0,0,0,0,0,0.001076,0,0,0,0,0,0,0.0019513,0,0,0,0,0,0,0,0,0,0,0,0.0034468,0,0,0,0,0,0,0,0,0,0,0,0,0,0.0091074,0,0,0,0,0.0260651,0.001863,0.0011411,0,0,0.005403,0.0007739,0,0,0,0,0,0,0,0,0,0,0,0,0,0,0,0,0,0,0,0,0,0,0,0,0,0,0,0,0,0,0,0,0,0,0,0,0,0,0,0,0,0,0,0,0,0,0,0,0,0,0.0001429,0,0,0,0,0,0,0,0,0.009214,0,0,0,0,0,0,0.0005024,0,0,0,0,0,0,0,0,0,0,0,0,0,0,0,0,0,0,0,0,0,0,0,0,0,0,0,0,0,0,0,0,0,0,0,0,0,0,0,0,0,0,0,0,0,0,0,0,0,0,0,0,0.0005838,0,0,0,0,0,0,0,0,0,0,0,0,0,0,8.57e-05,0,0,0,0,0,0,0,0,0,0,0,0.0001238,0,0,0,0,0.0011502,0,0,0,0.0002217,0,0,0,0,0,0.0095776,0,0,0,0.0013095,0,0,0,0.0054709,0,0,0,0,0,0,0,0,0,0,0,0,0,0,0,0,0.0190234,0,0,0,0,0,0,0,0,0,0,0,0,0,0,0,0,0,0,0,0,0.001003,0,0,0,0,0,0,0,0,0,0,0.0006817,0,0,0.0053981,0,0,0,0.0034395,0,0,0,0,0,0,0,0,0,0,0,0.0003695,0,0,0,0,0,0,0,0,0,0.0004347,0,0.0008141,0,0,0,0,0,0,0,0,0,0,0,0,0,0,0,0,0,0,0,0,0.0129425,0,0,0.0005843,0,0,0.0020178,0,0.0044625,0,0,0,0,0,0,0,0,0,0,0,0,0,0,0,0,0,0,0,0.0165896,0,0,0,0,0,0,0,0,0,0,0,0,0,0,0,0,0,0,0,0,0,0,0,0,0,0,0,0,0.0550799,0,0,0.0001794,0,0,0,0,0,0,0,0,0.7452482,0,0.0010113,0,0,0,0,0,0,0,0,0,0,0,0,0.0024249,0,0,0,0,0,0,0,0,0,0,0,0,0,0,0,0,0,0,0,0,0,0,0.0087321,0,0,0,0,0,0,0,0,0,0,0,0,0,0,0,0,0,0,0,0,0,0,0,0,0,0,0,0,0,0,0,0,0,0,0,0,0,0,0,0,0,0,0,0,0,0,0,0,0,0,0,0,0,0,0,0,0,0,0,0.000105,0,0,0,0,0,0,9.8e-06,0,0,0,0,0,0,0,0,0,0,0.0221562,0.0006468,0,0.0170498,0,0,0,0,7.16e-05,0.000303,0,0,0,0
"68","9035-B_S",0,0,0,0,0,0,0,0,0,0,0,0,0,0,7.06999787900064e-05,0,0.00011599996520001,3.3699989890003e-05,0,0,0,0,0,0,0,0,0,0,0,0,0,0,0,0,0,0,0,0,0,0,0,0,0.00612419816274055,0,0,0,0,0,0,0,0,0,0,0,0,0,0,0,0,0,0,0,0,0,0,0,0,0,0,0,0,0,0,0,0,0,0,0,0,0,0,0,0,0,0,0,0,0,0,0,0,0,0,0,0,0,0,0,0,0,0,0,0,0,0,0,0,0,0,0,0,0,0,0,0,0,0,0,0,0,0,0.00011659996502001,0,0,0,0,0,0,0,0,0,0,0,0,0,0,0,0.0188832943350117,0,0,0,0,0,0,0.00496369851089045,0,0.00411789876463037,0,0,0,0,0,0,0.00723459782962065,0,0,0,0.000135399959380012,0,0.00011449996565001,0,0,0,0,0,0,0,0,0,0,0,0,0,0,0,0,0,0,0,0,0,0,0,0,0,0,0,0,0,0,0,0,0,0,0,0,0,0,0,0,0,0,0,0,0,0,0,0,0,0,0,0,0,0,0,0,0,0,0,0,0,0.000255899923230023,0,0,0,0,0,0,0,0,0,0,0,0,0,0,0,0,0.0351144894656532,0,0,0,0.00140239957928013,0,0,0,0,0,0.0211597936520619,0,0,0,0,0,0,0,0,0,0,0,0,0,0,0,0,0,0,0,0,0,0,0,0,0,0,0,0,0,0,0,0,0,0,0,0,0,0,0,0,0,0,0,0,0,0,0,0,0,0,0,0,0,0,0,0,0,0,0,0.0011311996606401,0,0,0,0.132618360214492,0,0,0,0,0,0,0,0,0,0,0,0.00186929943921017,0,0.00210499936850019,0,0.000369999889000033,0,0,0,0,0,0.00372369888289034,0,0.235283029415091,0.0277303916808825,0.0066420980073706,0.000156099953170014,0.00179569946129016,0,0,0.00409259877222037,0,0,0,0,0,0,0,0,0,0,0,0,0,0.0127262961821111,0,0,0,0,0,0.00124799962560011,0,0.00713029786091064,0,0,0,0,0,0,0,0,0,0,0,0,0,0,0,0,0,0,0,0.159939152018254,0,0,0,0,0,0,0,0,0,0,0,0,0,0,0,0,0,0,0,0,0,0,0,0,0,0,0,0,0.0987677703696689,0,0,0,0,0,0,0.000914399725680082,0,0,0,0,0.00251589924523023,0,0,0,0,0,0,0,0,0,0,0,0,0,0,0,0,0,0,0,0,0,0,0,0,0,0,0,0,0,0,0,0,0,0,0,0,0,0,0,0,0,0,0,0,0,0,0,0,0,0,0,0,0,0,0,0,0,0,0,0,0,0,0,0,0,0,0,0,0,0,0,0,0,0,0,0,0,0,0,0,0,0,0,0,0,0,0,0,0.000289599913120026,0,0,0,0,0.000231799930460021,0,0,0,0,0,0,0,0,0,0,0,0,0,0,0,0,0,0.00044369986689004,0,0,0,0.143767056869883,0.0161028951691315,0.00484699854590044,0.022279193316242,0,6.18999814300056e-05,0,0.000105199968440009,0.00313399905980028,0.00813519755944073,0,0,0,0
"69","9035-C_S",0,0,0,0,0,0,0,0,0,0,0,0,0,0,0,0,0,0,0,0,0,0,0,0,0,0,0,0,0,0,0,0,0,0,0,0,0,0,0,0,0,0,0,0,0,0,0,0,0,0,0,0,0,0,0,0,0,0,0,0,0,0,0,0,0,0,0,0,0,0,0,0,0,0,0,0,0,0,0,0,0,0,0,0,0,0,0,0,0,0.536622146337785,0,0,0,0,0,0,0,0,0,0,0,0,0,0,0,0,0,0,0,0,0,0,0,0,0,0,0,0,0,0,0,0,0,0,0,0,0,0,0,0,0,0,0,0,0,0,0,0,0,0,0,0,0,0,0,0,0,0,0,0,0,0,0,0,0,0,0,0,0,0,0,0,0,0,0,0,0,0,0,0,0,0,0,0,0,0,0,0,0,0,0,0,0,0,0,0,0,0,0,0,0,0,0,0,0,0,0,0,0,0,0,0,0,0,0,0,0,0,0,0,0,0,0,0,0,0,0,0,0,0,0,0,0,0,0,0,0,0,0,0,0,0,0,0,0,0,0,0,0,0,0,0,0,0,0,0,0,0,0,0,0,0,0,0,0,0,0,0,0,0,0,0,0,0,0,0,0,0,0,0,0,0,0,0,0,0,0,0,0,0,0,0,0,0,0,0,0,0,0,0,0,0,0,0,0,0,0,0,0,0,0,0,0,0,0,0,0,0,0,0,0,0,0,0,0,0,0,0,0,0,0,0,0,0,0,0,0,0,0,0,0,0,0,0,0,0,0,0,0,0,0,0,0,0,0,0,0,0,0,0,0,0,0,0,0,0,0,0,0,0,0,0,0,0.0110074988992501,0,0.0265356973464303,0,0,0,0,0,0,0,0,0,0,0,0,0,0,0,0,0,0,0,0,0,0,0,0.0155671984432802,0,0.00946709905329009,0,0,0,0,0,0,0,0,0,0,0,0,0,0,0,0,0,0,0,0,0,0,0.0462682953731705,0,0,0,0,0,0,0,0,0,0,0,0,0,0,0,0,0,0,0,0,0,0,0,0,0,0,0,0,0,0,0,0,0,0,0,0,0,0,0,0,0,0,0,0,0,0,0,0,0,0,0,0,0,0,0,0,0,0,0,0,0,0,0,0,0,0,0,0,0,0,0,0,0,0,0,0,0,0,0,0,0,0,0,0,0,0,0,0,0,0,0,0,0,0,0,0,0,0,0,0,0,0,0,0,0,0,0,0,0,0,0,0,0,0.354532064546794,0,0,0,0,0,0,0,0,0,0,0,0,0,0,0,0,0,0,0,0,0,0,0,0,0,0,0
"70","9035-D_S",0,0,0,0,0,0,0,0,0,0,0,0,0,0,0,4.04000080800016e-05,0,0,0,0,0,0,0,0,0,0,0.127040925408185,0.00542410108482022,0,0,0,0,0,0,0,0,0,0,0.000638400127680025,0,0,0,0,0,0,0,0,0,0,0,0,0,0.000943100188620038,0,0,0,0,0,0,0,0,0.00367640073528015,0,0.000695300139060028,0,0.00206650041330008,0,0.00383730076746015,0,0.0210701042140208,0,0,0,0,0.000571300114260023,0.00206200041240008,0,0,0,0.000431400086280017,0.0128215025643005,0,0,0,0,0,0.00074080014816003,0,0,0.00168590033718007,0,0,0,0,0.00138630027726006,0,0,0,0,0,0,0,0,0,0,0,0,0,0.00669450133890027,0,0,0,0,0,0,0,0,0,0,0,0.0113016022603205,0,0,0,0,0,0,0,0,0,0,0,0,0,0,0,0,0,0,0,0,0,0,0,0,0,0,0,0,0,0,0,0,0,0,0,0,0,0,0,1.71000034200007e-05,0,0,0,0,0,0.00024090004818001,0,0,0,0,0,0,0.000565000113000023,0.000358600071720014,0,0,0,0,0,0,0,0,0.000138200027640006,0,0,0,0,0,0,0,0,0,0.0169405033881007,0,0,0.0075663015132603,0,0,0.000205700041140008,0,0,0,0,0,0,0.000442000088400018,1.94000038800008e-05,0,0,0,0.00117010023402005,0,0.000152300030460006,0.00316350063270013,0,0,0,4.27000085400017e-05,0,0,0,0,0.00673790134758027,0,0.00149470029894006,0.0100730020146004,0,0,0,0,0,0,0,0,0,0,0,0,0,0,0,0,0,0,0,0,0,0,0.00143180028636006,0,0,0.00233710046742009,0.000863100172620034,0,0,0.00912470182494036,0.0127710025542005,0.00355190071038014,0,0,0,0,0,0,0,0,0,6.30000126000025e-05,0,0,0,0,0.0202557040511408,0,0,0,0,0.000176400035280007,0.0134620026924005,0.000403900080780016,0,0.00146360029272006,0.0147568029513606,0,0,0.00123170024634005,0.129270225854045,0.00797900159580032,0.000566300113260023,0.000280300056060011,0,0,0,0,0,0.00136230027246005,0,0,0,0,5.35000107000021e-05,0.00412840082568016,0,6.66000133200027e-05,0,0.00307910061582012,0,0,0,0,0,0,0,0,0,0,0,0,0,0,0,0,0,0,0,0,0,0,0,0,0,0,0,7.30000146000029e-05,0,0,0,0,0,0,0,0,0,0,0,0,0,0,0,0,0,0.00643450128690026,0,0,0,0,0,0,0,0,0,0,0,0,0,0,0,0,0,0,0,0,0,0,0,0,3.23000064600013e-05,0,0,0,0,0,0,0.00605130121026024,0,0,0,0,0.00124760024952005,0.000144000028800006,0.000654900130980026,0.00024910004982001,0,0,0,0,0,0,0,0,0.000114000022800005,0.00319060063812013,0.000226000045200009,0,0,0.00155860031172006,0,0,0.00157120031424006,0.000170900034180007,0,0,0,0.00108470021694004,0,0,0,0,0,0.000565400113080023,0,0,0,0,0,0,0,0.118421023684205,0,0,0,0,0,0,0,0.00785070157014031,0.0288202057640411,0,0,0.0140307028061406,0.103415920683184,0,0,0.0201329040265808,0.0533243106648621,0,0,0,0,0,0,0,0,0,0,0,0,0,0,0,0.00569120113824023,0.00140750028150006,0.000408400081680016,0.000166100033220007,0,0,0,0,0,0,0,0,0,0,0,0,0.00210000042000008,0,0,0,0,8.59000171800034e-05,0,0.101248020249604,0.00050800010160002,0,0.0106762021352404,0,0,0,0,0,0.000471300094260019,0,0,0,0,0,0,0,0,0,0,0,0,0,0,0,0,0,0,0,0,0,0,0,0,0,0,0,0,0.000473300094660019,0,0,0,0,0,0,0,6.32000126400025e-05,0,0.025553305110661,0,0,0,0.000452200090440018,0,0.000126900025380005,0,0,7.04000140800028e-05,0,0,0,0,0,0,0,0,0,0,0,0,0,0
"71","9034-A_S",0,0,0,0,0,0,0,0,0,0,0,0,0,0,0,0,0,0,0,0,0,0,0,0,0,0,0,0,0,0,0,0,0,0,0,0,0,0,0,0,0,0,0,0,0,0,0,0,0,0,0,0,0,0,0,0,0,0,0,0,0,0,0,0,0,0,0,0,0,0,0,0,0,0,0,0,0,0,0,0,0,0,0,0,0,0,0,0,0,0,0,0,0,0,0,0,0,0,0,0,0,0,0,0,0,0,0,0,0,0,0,0,0,0,0,0,0,0,0,0,0,0,0,0,0,0,0,0,0,0,0,0,0,0,0,0,0,0,0,0,0,0,0,0,0,0,0,0,0,0,0,0,0,0,0,0,0,0,0,0,0,0,0,0,0,0,0,0,0,0,0,0,0,0,0,0,0,0,0,0,0,0,0,0,0,0,0,0,0,0,0,0,0,0,0,0,0,0,0,0,0,0,0,0,0,0,0,0,0,0,0,0,0,0,0,0,0,0,0,0,0,0,0,0,0,0,0,0,0,0,0,0,0,0,0,0,0,0,0.0755697075569708,0,0,0,0,0,0,0,0,0,0,0,0,0,0,0,0,0,0,0,0,0,0,0,0,0,0,0,0,0,0,0,0,0,0,0,0,0,0,0,0,0,0,0,0,0,0,0,0,0,0,0,0,0,0,0,0,0,0,0,0,0,0,0,0,0,0,0,0,0,0,0,0,0,0,0,0,0,0,0,0,0,0,0,0,0,0,0,0,0,0,0,0,0,0,0,0,0,0,0,0.0489713048971305,0,0,0,0,0,0,0,0,0,0,0,0,0,0,0,0,0,0,0,0,0,0,0,0,0,0,0,0,0,0,0,0,0,0,0,0,0,0,0,0,0,0,0,0,0,0,0,0,0,0,0,0,0.579287857928786,0,0,0,0,0,0,0,0,0,0,0,0,0,0,0,0,0,0,0,0,0,0,0,0,0,0,0,0,0,0,0,0,0,0,0,0,0,0,0,0,0,0,0,0,0,0,0,0,0,0,0,0,0,0,0,0,0,0,0,0,0,0,0,0,0,0,0,0,0,0,0,0,0,0,0,0,0,0,0,0,0,0,0,0,0,0,0,0,0,0,0,0,0,0,0,0,0,0,0,0,0,0,0,0,0,0,0,0,0,0,0,0,0,0,0,0,0,0,0,0,0,0,0,0,0,0,0,0,0.296171129617113,0,0,0,0,0,0,0,0,0,0,0,0,0,0,0,0,0,0,0,0,0,0,0,0,0,0,0,0,0,0,0,0,0,0,0
"72","9034-B_S",0,0,0.000778000077800008,0,0,0.000315900031590003,0,0,0,0,0,0,0,0,0,0,0,0,0,0.00104970010497001,0,0,0,0,0.00826660082666008,0,0,0,0,0,0,0,0,0,0,0,0,0,0,0,0,0,0,0,0,0,0.0289314028931403,0,0,0.00396780039678004,0,0,0.00182520018252002,0,0,0.00228880022888002,0,0,0,0.00409080040908004,0,0.00824560082456008,0,0,0,0,0,0,0,0,0,0,0.0656362065636207,0.000654200065420007,0.0209290020929002,0.0531269053126905,0.00188560018856002,0,0,0.00275120027512003,0.000126100012610001,0,0,0,0,0,0,0,0,0,0,0,0,0,0,0,0,0,0,0,0,0,0,0,0,0,0,0,0,0,0,0,0,0,0,0,0,0,0,0,0,0,0,0,0,0,0,0,0,0,0,0,0,0,0,0,0,0,0,0,0,0,0,0,0,0,0,0,0,0,0,0,0,0,0,0,0,0,0,0,0,0,0,0,0,0,0,0,0,0,0,0,0,0,0,0,0,0,0,0,0,0,0,0,0,0,0,0,0,0,0,0,0,0,0,0,0,0,0,0,0,0,0,0,0,0,0,0,0,0,0.000118900011890001,0,0,0,0,0,0,0,0,0,0,0.00279110027911003,0,0,0,0,0.000533000053300005,0,0,0,0,0,0,0,0,0,0,0,0,0,0,0,0,0,0,0,0,0,0,0,0.00418320041832004,0,0,0,0,0,0,0,0,0,0,0,0,0,0,0,0,0,0,0,0,0,0,0.00113550011355001,0,0,0,0,0,0,0,0,0,0,0,0,0,0,0,0,0,0,0,0,0,0,0,0,0,0,0,0,0,0,0,0,0.000902500090250009,0,0,0,0,0,0,0,0,0,0.00374390037439004,0,0,0,0,0,0,0,0,0,0,0,0,0,0,0,0,0,0,0,0,0,0.00125250012525001,0,0,0,0,0,0,0,0,0,0,0,0,0,0.000183200018320002,0,0,0,0,0,0,0,0,0,0,0,0,0,0,0,0,0,0,0,0,0,0,0,0,0,0,0,0,0,0,0,0,0.0879637087963709,0,0,0,0,0,0.0150159015015902,0,0,0.000265600026560003,0,0,0,0,0,0,0.00183440018344002,0,0,0,0,0.00423260042326004,0,0,0.0100253010025301,0,0,0,0,0.000418900041890004,0.00347510034751003,0,0,0,0,0,0,0,0,0,0.131078313107831,0,0,0,0,0,0,0.00268470026847003,0,0,0,0,0,0,0,0,0,0,0,0,0,0.0132687013268701,0,0,0,0,0,0,0,0,0,0,0,0,0,0,0,0,0,0.00140490014049001,0,0,0,0,0,0,0,0.00177810017781002,0,0,0,0,0,0,0,0,0,0,0,0,0,0,0,0,0,0,0,0,0.000277500027750003,0,0,0,0,0,0,0,0,0,0,0,0,0,0.00155760015576002,0,0,0.00099830009983001,0,0.00827710082771008,0,0,0,0,0,0,0,0.215378021537802,0,0,0,0,0,0,0,0.00415090041509004,0,0,0,0,0,0,0,0,0,0,0,0,0,0.234082823408282,0.0199921019992102,0.00151570015157002,0.0199629019962902,0,0,0,0.000648000064800006,0,0,0,0,0,0
"73","9034-C_S",0,0,0,0,0,0,0,0,0,0,0,0,0,0,0,0,0,0,0,0,0,0,0,0,0,0,0,0,0,0,0,0,0,0,0,0,0,0,0,0,0,0,0,0,0,0,0,0,0,0,0,0,0,0,0,0,0,0,0,0,0,0,0,0,0,0,0,0,0,0,0,0,0,0,0,0,0,0,0,0,0,0,0,0,0,0,0,0,0,0,0,0,0,0,0,0,0,0,0,0,0,0,0,0,0,0,0,0,0,0,0,0,0,0,0,0,0,0,0,0,0,0,0,0,0,0,0,0,0,0,0,0,0,0,0,0,0,0,0,0,0,0,0,0,0,0,0,0,0,0,0,0,0,0,0,0,0,0,0,0,0,0,0,0,0,0,0,0,0,0,0,0,0,0,0,0,0,0,0,0,0,0,0,0,0,0,0,0,0,0,0,0,0,0,0,0,0,0,0,0,0,0,0,0,0,0,0,0,0,0,0,0,0,0,0,0,0,0,0,0,0,0,0,0,0,0,0,0,0,0,0,0,0,0,0,0,0,0,0,0,0,0,0,0,0,0,0,0,0,0,0,0,0,0,0,0,0,0,0,0,0,0,0,0,0,0,0,0,0,0,0,0,0,0,0,0,0,0,0,0,0,0,0,0,0,0,0,0,0,0,0,0,0,0,0,0,0,0,0,0,0,0,0,0,0,0,0,0,0,0,0,0,0,0,0,0,0,0,0,0,0,0,0,0,0,0,0,0,0,0,0,0,0,0,0,0,0,0,0,0,0,0,0,0,0,0,0,0,0,0,0,0,0,0,0,0,0,0,0,0,0,0,0,0,0,0,0,0,0,0,0,0,0,0,0,0,0,0,0,0,0,0,0,0,0,0,0,0,0,0,0,1,0,0,0,0,0,0,0,0,0,0,0,0,0,0,0,0,0,0,0,0,0,0,0,0,0,0,0,0,0,0,0,0,0,0,0,0,0,0,0,0,0,0,0,0,0,0,0,0,0,0,0,0,0,0,0,0,0,0,0,0,0,0,0,0,0,0,0,0,0,0,0,0,0,0,0,0,0,0,0,0,0,0,0,0,0,0,0,0,0,0,0,0,0,0,0,0,0,0,0,0,0,0,0,0,0,0,0,0,0,0,0,0,0,0,0,0,0,0,0,0,0,0,0,0,0,0,0,0,0,0,0,0,0,0,0,0,0,0,0,0,0,0,0,0,0,0,0,0,0,0,0,0,0,0,0,0,0,0,0,0,0,0,0,0
"74","9004-D_S",0,0,0,0,0,0,0,0,0,0,0,0,0,0,0,5.24999790000084e-05,0,0,0,0.00797399681040128,0.00112399955040018,0.00162749934900026,0.00093719962512015,0,0.0322393871042452,0.00215649913740035,0,0,0,0,0,0,0,0,0,0,0,0,0.0143335942665623,0,0,8.01999679200128e-05,0,0,0,0,0,0,0,0.0837637664944934,0.00982929606828157,0,0.182471027011589,0,0,0,0.0101111959555216,0,0,0,0,0.0171246931501227,0,0,0,0,0,0,0,0,0.00093909962436015,0,0,0.0275188889924444,0.135558045776782,0.168433132626747,0,0,0,0.0182532926986829,0.000824899670040132,0,0,0,0,0,0.0025228989908404,0.000307599876960049,0,0,0,0,0,0,0,0,0,0.000700999719600112,0,1.40999943600023e-05,0,0,0,0,0,0,0,0,0,0,0,0,0,0,0,0,0,0,0,0,0,0,0,0,0,0,0,0,0.000131899947240021,0,0,0,0,0,0,0,0,0,0,0,0,0,0,0,0,0,0,0.000109499956200018,0,0,0,0,0,0,0,0,0,0,0,0,0.000158499936600025,0.0012233995106402,0,0,0,0,0,0,0,0,0,0,0,0,0,0,0,0,0,0,0,0,0,0,0.000218499912600035,0,0,0,0,0,0,0,0.00128619948552021,0,0,0,0,0.000243799902480039,0,0.00679839728064109,0,0,0,1.18999952400019e-05,0,0,0,0,0,0,0,0,0,2.73999890400044e-05,0.00380099847960061,0,0,0,0,0,0,0,0,0,0,0.000266999893200043,0.00200749919700032,0,0,0,0,0,0,0,0,0,0,0,0,0,0,0,0,0,0,0,0,0,0.000327199869120052,0,0,0,0.087868464852614,0.00324719870112052,0,0,0.0193627922548831,0,0.0119250952299619,0,0,0,0,0,0,0,0,0,0.00973139610744156,0,0,0,0.00172119931152028,0.0416077833568867,0.00111889955244018,3.97999840800064e-05,0.000363199854720058,0,0,0,0,3.41999863200055e-05,0,0.00178009928796028,0,0,0,0,0,0,0,0,0,0,0.000481299807480077,0,0,0.000420199831920067,0,0.00303839878464049,0,0,0.00132229947108021,0,0,0.00100449959820016,0.00697609720956112,0,0,0,0,0,0,0,0,0,0,0,0,8.7499965000014e-05,0,0,0,0,0,0,0,0,0,0,0,0,0,0.000198299920680032,4.79999808000077e-05,9.66999613200155e-05,0,0,0,0,0,0,0,0,0,0,0,0,0,0,0,0,0,0,0,0,0,0,0,0,0,0,0,0,0,0,0,0,0,0,0,0,0,0,0,0.000512999794800082,0,0,0,0,0,0,0,0,0,0,0,0,0,0,0,0,0,0,0,0,0,0,0,0,0,0.0132961946815221,0.00133919946432021,0,0,0,0.0262992894802842,0,0,0,0,0,0,0,0.000110599955760018,0,0,0,0,0.000105199957920017,0,0,0,0,0,0,0,0,0,0,0,0,0,0,0,0,0,0,0,0,0,0,0,0,0,0,0,0,0,0,3.05999877600049e-05,0,0,0,0,0,0,0,0,0,0,0,0.000478999808400077,0.00737609704956118,0.000777199689120124,0,0,0,0,0,0,0,0,0,0,0,8.44999662000135e-05,0.000275599889760044,0,0,7.71999691200124e-05,0.00109579956168018,0.000387599844960062,0,0,0,0,0,0,0,0,0,0,0.00204579918168033,5.69999772000091e-05,0,0,0,0,0,0,0,0,0,0,0,0,0,0,0,0,0,0,0,0,0,0,0,0,0,0,0,0,0,0,0,0,0,0,0,0.0018666992533203,0.000434099826360069,0,0,0,0,0.0153658938536425,0,0,0,0,0,0,0,0,0,0,0,0,0,0,0,0,0,0,0
"75","9034-D_S",0,0,0,0,0,0,0,0,0,0,0,0,0,0,0,0,0,0,0.00538459946154005,0.164795083520492,0.0528257947174205,0,0,0.000110999988900001,0.0607999939200006,0,0,0,0.00197689980231002,0,0,0,0,0,0,0.000390799960920004,0,0,0.00457009954299005,0,0,0.000195799980420002,0,0,0,0,0,0,0.000289399971060003,0,0.0474715952528405,0,0.0100030989996901,0,0,0,0,0,0,0,0,0.00371009962899004,0,0,0,0,0,0,0,0,0,0,0.0132253986774601,0,0.0954627904537209,0.00836019916398008,2.79999972000003e-05,0,0,0,0,0,0.0133448986655101,0,0,0,0,0,0.00181499981850002,0,0,0,0,0,0,0,0,0,0,0,0,0,0,0,0,0,0,0,0,0,0,0,0,0,0,0.0160228983977102,0,0,0,0,0,0,0,0,0,0,0,0,0,0,0,0,0,0,0,0,0,0,0,0,0,0,0,0,0,0,0,0,0,0.000169399983060002,0,0,0,0,0,0,0,0,0,0,0,0,0,0,0,0,0,0.00534929946507005,0,0,0,0,0,0,0,0,0,0,0,0,0,0,0,0,0.0931353906864609,0,0,0,0,0,0,0,0,0,0,0,0,0.000357099964290004,0,0,0,0,0,0,0,0,0.0139451986054801,0,0,0,0,0,0,0,0,0,0,0,0,0,0,0,0,0,0,0.000420799957920004,0.00105429989457001,0,0,0,0.000577799942220006,0,0.00129619987038001,0,0.00188319981168002,0,0,0,0,0,0,0,0,0,0,0,0,0,0,0,0,0,0.000588099941190006,0,0,0,0,0.0220897977910202,0,0,0,0,0,0.134648186535181,0,0,0,0,0,0,0,0,0,0.00317219968278003,0,0,0,0,0,0,0,0.000571199942880006,0.0277007972299203,0.0250027974997203,0.0124677987532201,0.00399189960081004,0,0,0,0,0,0,0,0,0,0,0,0,0,0,0,0,0.000481799951820005,0,0.0106776989322301,8.09999919000008e-05,0,0,0,0,0,0,0,0,0,0,0,0,0,0,3.02999969700003e-05,0,0,0,0,0,0,0,0,0,0,0,0,0,0,0.000511199948880005,0,0,0,0,0,0,0,0,0,0,0,0,0,0,0,0,0,0,0,0,0,0,0,0,0,0,0,0,0,0,0,0,0,0,0,0,0,0,0,0.00294209970579003,0,0,0,0,0,0,0,0,0,0,0,0,0,0,0,0.000698099930190007,0,0,0,0.000371799962820004,0,0,0,0,0,0.0114098988590101,0,0,0.0115384988461501,0,0.0162351983764802,0,0.0185627981437202,0,0,0,0,0,0,0,0,0,0,0.00688909931109007,0,0,0,0,0,0,0,0,0.0155459984454002,0,0,0,0,0,0,0,0,0,0.0116273988372601,0,0,0,0,0,0,0,0,0,0,0,0.00130069986993001,0,0,0,0,0,0,0,0,0,0,0,0.000222699977730002,0,0,2.46999975300002e-05,0,0,0,0,0,0,0,0,0,0.00157499984250002,0.00160369983963002,0,0.0324360967563903,0,0.00333269966673003,0,0.000126599987340001,0,0,0,0,0,0,0,0,0,0,0,0.00256999974300003,0,0,0,0,0,0,0,0,0,0,0,0,0,0,0,0,0,0,0,0,0,0,0,0,0,0,0,0,0,0,0,0,0,0,0,0,0,0,0,0,0,0,0,0,0,0,0,0,0,0,0,0,0,0,0,0,0,0,0,0,0
"76","9034-E_S",0,0,0,0,0,0,0,0,0,0,0,0,0,0,0,0,0,0,0.00934170093417009,0.133434413343441,0.0567606056760606,0,0,0.000849400084940009,0.0210803021080302,0,0,0,0.00314640031464003,0,0,0,0,0,0,0.000433500043350004,0,0,0.00885650088565009,0,0,0.000826400082640008,0,0,0,0,0,0,8.14000081400008e-05,0,0.0269266026926603,0,0.0233891023389102,0,0,0,0,0,0,0,0,0.00380840038084004,0,0,0,0,0,0,0,0,0,0,0.0168863016886302,2.64000026400003e-05,0.165996016599602,0.00749130074913008,0.000147900014790001,0,0,0,0,0,0.0098514009851401,0,0,0,0,0,0.000654300065430007,0,0,0,0,0,0,0,0,0.000375100037510004,0,0,0,0,0,0,0,0,0,0,0,0,0,0,0,0,0,0.00206870020687002,0,0,0,0,0,0,0,0,0,0,0,0,0,0,0,0,0,0,0,0,0,0,0,0,0,0,0,0,0,0,8.28000082800008e-05,0,0,0.000622700062270006,0,0,0,0,0,0,0,0,0,0,0,0.000327500032750003,0,0,0,0,0,0.00097020009702001,0,0,0,0,0,0,0,0,0,0,0,0,0,0,0,0,0.00749800074980008,0,0,0,0,0,0,0,0,0,0,0,0,5.01000050100005e-05,0,0,0,0,0,0.000391300039130004,0,0,0.0198475019847502,0,0,0,0,0,0,0,0.000415700041570004,0,0,0,0,0,0,0,0,0,0,0.000669300066930007,0.00191160019116002,0,0,0,0.00230550023055002,0,0.00637130063713006,0,0.000321200032120003,0,0,0,0,0,0,0,0,0,0,0,0,0,0.000371700037170004,0,0,0,0.00168340016834002,0,0,0.000306200030620003,0.000403200040320004,0.114718211471821,0,0,0,0,0,0.0568278056827806,0,0,0,0,0,0,0,0,0,0.00285220028522003,0,0,0,0,0,0,0,0.000837800083780008,0.0116209011620901,0.0123295012329501,0.00677020067702007,0.00349560034956003,0,0,0,0,0,0,0,0,0,0,0,0,0,0,0,0,0,0,0.0106018010601801,0.000645100064510006,2.36000023600002e-05,0,0,0,0,0,0,0,0,0,0,0,0,0,0.000206300020630002,7.91000079100008e-05,0,0,0,0,0,0,0,0,0,0,0,0,0,0.00241010024101002,0,0,0,0,0,0,0,0,0,0,0,0,0,0,0,0,0.000458600045860005,0,0,0,0,0,0,0,0,0,0,0,0,0,0,0,0,0,0,0,0,0,0,0.00280280028028003,0,0,0,0,0,0,0,0,0,0,0,0,0,0,0,2.67000026700003e-05,0,0,0,5.79000057900006e-05,0,0,0,0,0,0.00680400068040007,0,0,0,0,0.0186394018639402,0,0.0332522033252203,0,0,0,0,0,0,0,0,0,0,0.00907520090752009,0,0,0,0,0,0,0,0,0.0813849081384908,0,0,0,0,0,0,0,0,0,0.0342800034280003,0,0,0,0,0,0,0,0,0,0,0,0.000406900040690004,0,0,0,0,0,0,0,0,0,0,0,0.00103720010372001,0,0.000415700041570004,0.000698800069880007,0,0,0,0,0,0,0,0,0,0.00124590012459001,0.00292450029245003,0,0.0423710042371004,0,0,0,0.00202900020290002,0,0,0,0,0,0,0,0,0,0,0,0.00168970016897002,0,0,0,0,0,0,0,0,0,0,0,0,0,0,0,0,0,0,0,0,0,0,0,0,0,0,0,0,0,0,0,0,0,0,0,0,0,0,0,0,0,0,0,0,0,0,0,0,0,0,0,0,0,0,0,0,0,0,0,0,0
"77","9033-A_S",0,0,0,0,0,0,0,0,0,0,0,0,0,0,0,0,0,0,0,0,0,0,0,0,0,0,0,0,0,0,0,0,0,0,0,0,0.00300369969963003,0,0,0,0,0,0,0,0,0,0,0,0,0,0,0,0,0,0,0,0,0,0,0,0,0,0,0,0,0,0,0,0,0,0,0,0,0,0,0,0,0,0,0,0,0.00785719921428008,0,0,0,0.0421205957879404,0,0,0,0,0,0,0,0.00245229975477002,0,0,0,0,0,0,0,0,0,0.000440599955940004,0,0,0,0,0,0,0.00217259978274002,0.0161490983850902,0,0,0,0,0,0,0,0,0,0.00577909942209006,0,0,0,0,0,0,0,0,0,0,0,0,0,0,0,0.00134659986534001,0.00599919940008006,0,0,0,0.104628989537101,0,0,0.00193139980686002,0,0.00833499916650008,0,0,0,0,0.00549189945081005,0.00125809987419001,0,0,0,0,0,0.00306859969314003,0,0,0,0,0,0,0,0,0,0,0,0,0,0,0,0,0,0,0,0,0,0,0,0,0,0,0,0,0,0,0,0,0.0140066985993301,0,0,0,0,0,0,0,0,0,0,0.000106699989330001,0,0,0,0,0,0,0,0,0,0,0,0,0,0,0,0,0,0,0,0,0,0,0,0,0,0,0,0,0,0,0,0,0.00106229989377001,0,0,0,0.00446879955312004,0.00725609927439007,0,0,0,0.0545062945493705,0,0,0.0103402989659701,0,0,0,0,0,0,0,0,0,0,0,0.0268728973127103,0,0,0,0,0,0,0,0,0,0,0,0,0,0,0,0,0,0,0,0,0,0,0,0,0,0,0,0,0,0,0,0,0,0,0,0,0.00151349984865002,0,0,0,0,0,0,0,0.0253412974658703,9.7199990280001e-05,0,0,0,0,0,0.129089387091061,0,0,0,0,0,0,0,0,0,0,0,0.000506099949390005,0,0,0,0,0,0.0207066979293302,0,0,0,0.0174432982556702,0,0.00447739955226004,0,0.0682170931782907,0.00340089965991003,0.0289672971032703,0,0,0,0,0,0,0,0,0,0,0,0,0,0,0,0,0,0,0,0,0,0,0,0,0,0,0,0,0,0,0,0,0,0,0,0,0,0,0,0,0,0,0,0,0.00144129985587001,0,0,0,0,0,0.000241499975850002,0,0,0,0,0,0,0,0,0,0,0.0100630989936901,0,0,0,0,0,0,0,0,0.000743899925610007,0,0,0,0,0,0.00182479981752002,0,0,0,0,0,0,0,0,0.00418159958184004,0,0,0,0,0,0,0,0,0,0,0,0,0,0,0,0,0,0,0,0,0,0,0,0,0.149576585042342,0,0,0,0,0,0,0,0,3.80999961900004e-05,0,0,0,0,0,0,0,0,0,0,0,0,0,0,0,0,0,0,0,0,0,0,0,0,0,0,0,0,0,0,0,0,0,0.0262384973761503,0,0,0,0,0,0,0,0,0,0,0,0,0,0,0,0,0,0,0,0,0,0,0,0,0,0.000164199983580002,0,0,0,0,0,0,0,0.0218806978119302,0,0,0,0,0,0,0,0,0.00265859973414003,0.000653099934690007,0,0,0,0.000158299984170002,0,0,0.149226485077352,0,0,0,0.000493999950600005,0,0,0,0,0,0
"78","9033-B_S",0,0,0,0,0,0,0,0,0,0,0,0,0,0,0,0,0,0,0,0,0,0,0,0,0,0,0,0,0,0,0,0,0,0,0,0,0,0,0,0,0,0,0,0,0,0,0,0,0,0,0,0,0,0,0,0,0,0,0,0,0,0,0,0,0,0,0,0,0,0,0,0,0,0,0,0,0,0,0,0,0,0,0,0,0,0,0,0,0,0,0,0,0,0,0,0,0,0,0,0,0,0,0,0,0,0,0,0,0,0,0,0,0,0,0,0,0,0,0,0,0,0,0,0,0,0,0,0,0,0,0,0,0,0,0,0,0,0,0,0,0,0,0,0,0,0,0,0.00839489748153076,0,0,0,0,0.000183699944890017,0,0,0,0,0,0,0.000309899907030028,0,0,0,0,0,0,0,0,0,0,0,0,0,0,0,0,0,0,0,0,0,0,0,0,0,0,0,0,0,0,0,0,0.0136512959046112,0,0,0,0,0,0,0,0,0,0,0,0,0,0,0,0,0,0,0,0,0,0,0,0,0,0,0,0,0,0,0,0,0,0,0,0,0,0,0,0,4.93999851800044e-05,0,0,0.11503496548951,0,0,0,0,0,0,0,0,0.0154488953653314,0,0,0.00101599969520009,0,0,0,0,0,0,0,0,0,0,0,0,0,0,0,0,0,0,0,0,0,0,0,0,0,0,0,0,0,0,0,0,0,0,0,0,0,0,0,0,0,0,0,0,0,0,0,0,0.00184589944623017,0,0,0,0,0,0,0,0,0,0,0,0,0,0,0.10852636744209,0,0,0,0,0,0,0,0,0,0,0,0.00259199922240023,0,0,0,0,0,0.0166306950107915,0,0,0,0,0,0.0303204909038527,0.000259799922060023,0.0139161958251413,0.000416099875170037,0.00201059939682018,0,0,0,0,0,0,0,0,0,0,0,0,0,0,0,0,0,0,0,0,0,0,0,0,0,0,0,0,0,0,0,0,0,0,0,0,0,0,0,0,0,0,0,0,0.010925596722321,0,0,0,0,0,8.50999744700077e-05,0,0,0,0,0,0,0,0,0,0,0,0,0,0,0,0,0,0,0,0,0,0,0,0,0,0,0,0,0,0,0,0,0,0,0,0,0,0,0,0,0,0,0,0,0,0,0,0,0,0,0,0,0,0,0,0,0,0,0,0.619534214139736,0,0,0,0,0,0,0,0,0,0,0,0,0,0,0,0,0,0,0,0,0,0,0,0,0,0,0,0,0,0,0,0,0,0,0,0,0,0,0,0,0,0,0,0,0,0,0,0,0,0,0,0,0,0,0,0,0,0,0,0,0,0,0,0,0,0,0,0,0,0,0,0,0,0,0,0,0.0011524996542501,0,0,0,0,0,0,0,0,0,1.0599996820001e-05,0,0,0,0.00296359911092027,0.00604339818698054,0,0.0286777913966626,0,0,0,0,0,0,0,0,0,0
"79","9033-C_S",0,0,0,0,0,0,0,0,0,0,0,0,0,0,0,0,0,0,0,0,0,0,0,0,0,0,0,0,0,0,0,0,0,0,0,0,0,0,0,0,0,0,0,0,0,0,0,0,0,0,0,0,0,0,0,0,0,0,0,0,0,0,0,0,0,0,0,0,0,0,0,0,0,0,0,0,0,0,0,0,0,0,0,0,0,0,0,0,0,0,0,0,0,0,0,0,0,0,0,0,0,0,0,0,0,0,0,0,0,0,0,0,0,0,0,0,0,0,0,0,0,0,0,0,0,0,0,0,0,0,0,0,0,0,0,0,0,0,0,0,0,0,0,0,0,0,0,0,0,0,0,0,0,0,0,0,0,0,0,0,0,0,0,0,0,0,0,0,0,0,0,0,0,0,0,0,0,0,0,0,0,0,0,0,0,0,0,0,0,0,0,0,0,0,0,0,0,0,0,0,0,0,0,0,0,0,0,0,0,0,0,0,0,0,0,0,0,0,0,0,0,0,0,0,0,0,0,0,0,0,0,0,0,0,0,0,0,0,0,0,0,0,0,0,0,0,0,0,0,0,0,0,0,0,0,0,0,0,0,0,0,0,0,0,0,0,0,0,0,0,0,0,0,0,0,0,0,0,0,0,0,0,0,0,0,0,0,0,0,0,0,0,0,0,0,0,0,0,0,0,0,0,0,0,0,0,0,0,0,0,0,0,0,0,0,0,0,0,0,0,0,0,0,0,0,0,0,0,0,0,0,0,0,0,0,0,0,0,0,0,0,0,0,0,0,0,0,0,0,0,0,0,0,0,0,0,0,0,0,0,0,0,0,0,0,0,0,0,0,0,0,0,0,0,0,0,0,0,0,0,0,0,0,0,0,0,0,0,0,0,0,0,0,0,0,0,0,0,0,0,0,0,0,0,0,0,0,0,0,0,0,0,0,0,0,0,0,0,0,0,0,0,0,0,0,0,0,0,0,0,0,0,0,0,0,0,0,0,0,0,0,0,0,0,0,0,0,0,0,0,0,0,0,0,0,0,0,0,0,0,0,0,0,0,0,0,0,0,0,0,0,0,0,0,0,0,0,0,0,0,0,0,0,0,0,0,0,0,0,0,0,0,0,0,0,0,0,0,0,0,0,0,0,0,0,0,0,0,0,0,0,0,0,0,0,0,0,0,0,0,0,0,0,0,0,0,0,0,1,0,0,0,0,0,0,0,0,0,0,0,0,0,0,0,0,0,0,0,0,0,0,0,0,0,0,0
"80","9033-D_S",0,0,0,0,0,0,0,0,0,0,0,0,0,0,0,0,0,0,0,0,0,0,0,0,0.00829690165938033,0.000117100023420005,0,0,0,0,0,0,0,0,0,0,0,0.000419700083940017,0.00112030022406004,0,0,0,0,0,0,0,0,0,0,0,0,0,0,0,0,0,0.0108704021740804,0,0,0,0,0,0,0,0,0,0,0,0,0,0,0,0.119690423938085,0.0170095034019007,0,0.668186733637347,0,0,0,0,0,0,0,0,0,0,0,0,0,0,0,0,0,0,0,0,0.00375910075182015,0,0,0,0,0,0,0,0,0,0,0,0,0,0,0,0,0,0,0,0,0,0.00212940042588009,0,0,0,0,0,0,0,0,0,0,0,0.000395000079000016,0,0,0,0,0.000640600128120026,0,0,0,0,0,0.000135800027160005,0.000884800176960036,0,0,0,0.000578300115660023,0,0.000890700178140036,0.00284560056912011,0,0,0,0,0.00124710024942005,0,4.66000093200019e-05,0,0,0,0,0,0,0,0,0,0,0,0,0,0,0,0,0,0,0,0,0,0,0,0,0,0,0,0,0,0,0,0,0,0,0,0,0,0,0,0,0,0,0,0,0,0,0,0,0.00332370066474013,0,0,0,0,0,0,0,0,0.0104069020813804,0,0,0,0,0,0,0,0,0,0.000359800071960014,0,0,0,0,0,0.00205190041038008,0,0,0,0.00105350021070004,0,0,0,0,0,0,0,0,0,0,0,0,0,0.00099860019972004,0,0,8.15000163000033e-05,0,0,0,0.00287490057498012,0,0,0,0,0,0,0,0,0,0,0,0,0,0,0,0,0,0,0,0,0,0,0,0,0,0.00051330010266002,0,0,0,0,0,0,0,0,0,0,0,0,0.00178840035768007,0,0,0,0,0,0,0,0,0,0,0.00269970053994011,0.00345790069158014,0,0,0,0,0,0,0,0,0,0,0,0,0,0,0,0,0,0,0,0,0,0,0,0,0,0,0,0.00175180035036007,0,0,0,0,0,0,0,0,0,0,0,0,0,0,0,0,0,0.0127622025524405,0,0,0,0,0,0,0,0,0,0,0,0,0,0,0,0,0,0,0,0,0,0,0,0,0,0,0,0,0,0,0,0,0,0,0,0,0,0,0.000929200185840037,0,0,0,0.0123287024657405,0,0,0,0,0,0,0,0,0,0,0,0,0,0,0,0,0,0,0.025796205159241,0,0,0,0,0.00138780027756006,0,0,0,0,0,0,0,0,0,0,0,0,0,0,0,0,0,0,0,0,0,0,0,0,0,0,0,0,0,0,0,0,0,0,0,0,0,0,0,0,0,0.00648990129798026,0,0.0304188060837612,0.00888900177780036,0,0,0,0,0,0,0,0,0,0,0,0.000423200084640017,0.00117060023412005,0,0,0.00860540172108035,0,0,0,0,0,0,0,0,0,0,0,0,0.00916180183236037,0.000525500105100021,0,0,0,0,0,0,0,0,0,0,0,0,0,0,0,0,0,0,0,0,0,0.000516100103220021,0,0,0,0,0,0,0,0,0,0,0,0.0099696019939204,0,0,0,0,0,0,0,0,0,0,0,0,0,0,0,0,0,0,0,0,0,0,0,0,0,0,0
"81","9033-E_S",0,0,0,0,0,0,0,0,0,0,0,0,0,0,0,0,0,0,0,0,0,0,0,0,0.0310652,0.0016663,0,0,0,0,0,0,0,0,0,0,0,0,0.0001764,0.0006981,0,0,0,0,0,0,0,0,0,0,0,0,0,0,0,0,0.0296284,0,0,0,0,0,0,0,0,0,0,0,0,0,0,0,0.354984,0.0430377,0,0.4344332,0,0,0,0,0,0,0,0.0009497,0,0,0,0,0,0,0,0,0,0,0,0,0.0012382,0,0,0,0,0,0,0,0,0,0,0,0,0,0,0,0,0,0,0,0,0,9.58e-05,0,0,0,0,0,0,0,0,0,0,0,0.0003607,0,0,0,0,0.0006799,0,0,0,0,0,0.0002698,0.0009569,0,0,0.0004439,0,0,0.0006341,0.002162,0,0,0,0,0.0002668,0,0,0,0,0,0,0,0,0,0,0,0,0,0,0,0,0,0,0,0,0,0,0,0,0,0,0,0,0,0,0,0,0,0,0,0,0,0,0,0,0,0,0,0,0,0,0,0,0,0,0.0008204,0,0,0,0,0,0,0,0,0.0137656,0,0,0,0,0,0,0,0,0,0.000194,0,0,0,0,0,0.0002709,0,0,0,0.0007152,0,0,0,0,0,0,0,0,0,0,0,0,0,9.97e-05,0,0,0,0,0,0,6.57e-05,0,0,0,0,0,0,0,0,0,0,0,0,0,0,6.7e-06,0,0,0,0,0,0,0,0,0,0,0.0001306,0,0,0,0,0,0,0,0,0,0,0,0,3.2e-05,0,0,0,0,0,0,0,0,0.000793,0,0.0052379,0.00164,0,0,0,0,0,0,0,0,0,0,0,0,0,0,0,0,0,0,0,0,0,0,0,0,0,0,0,0.0007457,0.0004189,0,0,0,0,0,0,0,0,0,0,0,0,0,0,0,0.0001077,0.0028865,0,0,0,0,0,0,0,0,0,0,0,0,0,0,0,0,0,0,0,0,0,0,0,0,0,0,0,0,0,0,0,0,0,0,0,0,0,0,0.0003712,0,0,0,0,0,0,0,0,0,0,0,0,0,0,0,0,0,0,0,0,0,0,0.0283435,0,0,0,0,0.0016045,0,0,0,0,0,0,0,0,0,0,0,0,0,0,0,0,0,0,0,0,0,0,0,0,0,0,0,0,0,0,0,0,0,0,0,0,0,0,0,0,0,0.0019189,0,0.0050222,0.004204,0,0,0,0,0,0,0,0,0,0,0,0.0002393,0.0069913,0,0,0.0008828,0,0,0.0008049,0,0,0,0,0,0,0,0,0,0.0064736,0.0112226,0,0,0,0.0001407,0,0,0,0,0,0,0,0,0,0,0,0,0,0,0,0,0,3.89e-05,0,0,0,0,0,6.4e-05,0,0,0,0,0,0,0,0,0,0,0,0,0,0,0,0,0,0,0,0,0,0,0,0,0,0,0,0,0,0,0,0,0
"82","9032-A_S",0,0,0,0,0,0,0,0,0,0,0,0,0,0,0,0,0,0,0,0,0,0,0,0,0,0,0,0,0,0,0,0,0,0,0,0,0,0,0,0,0,0,0,0,0,0,0,0,0,0,0,0,0,0,0,0,0,0,0,0,0,0,0,0,0,0,0,0,0,0,0,0,0,0,0,0,0,0,0,0,0,0,0,0,0,0,0,0,0,0,0,0,0,0,0,0,0,0,0,0,0,0,0,0,0,0,0,0,0,0,0,0,0,0,0,0,0,0,0,0,0,0,0,0,0,0.260413573958643,0,0,0,0,0,0,0,0,0,0,0,0,0,0,0,0,0,0,0,0,0,0,0,0,0,0,0,0,0,0,0,0,0,0,0,0,0,0,0,0,0,0,0,0,0,0,0,0,0,0,0,0,0,0,0,0,0,0,0,0,0,0,0,0,0,0,0,0,0,0,0,0,0,0,0,0,0,0,0,0,0,0,0,0,0,0,0,0,0,0,0,0,0,0,0,0,0,0,0,0,0,0,0,0,0,0,0,0,0,0,0,0,0.00944509905549009,0,0,0,0,0,0,0,0,0,0,0,0,0,0,0,0,0,0,0,0,0,0,0,0,0,0,0,0,0,0,0,0,0,0,0,0,0,0,0,0,0,0,0,0,0,0,0,0,0,0,0,0,0,0,0,0,0,0,0,0,0,0,0,0,0,0,0,0,0,0,0,0,0,0,0,0,0,0,0,0,0,0,0,0,0,0,0,0,0,0,0,0,0,0,0,0,0,0.0552633944736606,0.00110829988917001,0.520890547910945,0.0261632973836703,0.125417987458201,0,0,0,0,0,0,0,0,0,0,0,0,0,0,0,0,0,0,0,0,0,0,0,0,0,0,0,0,0,0,0,0,0,0,0,0,0,0,0,0,0,0,0,0,0,0,0,0,0,0,0.000613099938690006,0,0,0,0,0,0,0,0,0,0,0,0,0,0,0,0,0,0,0,0,0,0,0,0,0,0,0,0,0,0,0,0,0,0,0,0,0,0,0,0,0,0,0,0,0,0,0,0,0,0,0,0,0,0,0,0,0,0,0,0,0,0,0,0,0,0,0,0,0,0,0,0,0,0,0,0,0,0,0,0,0,0,0,0,0,0,0,0,0,0,0,0,0,0,0,0,0,0,0,0,0,0,0,0,0,0,0,0,0,0,0,0,0,0,0,0,0,0,0,0,0,0,0,0,0,0,0,0,7.28999927100007e-05,0,0,0,0,0,0,0,0,0,0,0,0,0,0,0,0,0,0,0,0,0,0,0.000611799938820006,0,0,0,0,0,0,0,0,0,0,0,0
"83","9032-B_S",0,0,0,0.00749539925046008,0,0,0,0,0,0,0,0,0,0,0,0,0,0,0,0,0,0,0,0,0,0,0,0,0,0,0,0,0,0,0,0,0,0,0,0,0,0,0,0,0,0,0,0,0,0,0,0,0,0,0,0,0,0,0,0,0,0,0,0,0,0,0,0,0,0,0,0,0,0,0,0,0,0,0,0,0,0,0,0,0,0,0,0,0,0,0,0,0,0,0,0,0,0,0,0,0,0,0,0,0,0,0,0,0,0,0,0,0.0100884989911501,0,0,0,0,0,0,0,0,0,0,0,0,0.00109059989094001,0,0,0,0,0,0,0,0,0,0,0,0,0,0,0,0,0,0,0,0,0,0,0,0,0,0,0,0,0,0,0,0,0,0,0,0,0,0,0,0,0,0,0,0,0,0,0,0,0,0,0,0,0,0,0,0,0,0,0,0,0,0,0,0,0,0,0,0,0,0,0,0,0,0,0,0,0,0,0,0,0,0,0,0,0,0,0,0,0,0,0,0,0,0,0,0,0,0,0,0,0,0,0,0,0,0,0,0,0,0,0,0,0.0101275989872401,0,0,0,0,0,0,0,0,0,0,0,0,0,0,0,0,0,0,0,0,0,0,0,0,0,0,0,0,0,0,0,0,0,0,0,0,0,0,0,0,0,0,0,0,0,0,0,0,0,0,0,0,0,0,0,0,0,0,0,0,0,0,0,0,0,0,0,0,0,0,0,0,0,0.000236699976330002,0,0,0,0,0,0,0,0,0,0,0,0,0,0,0,0,0,0,0,0,0,0,0,0,0,0.734474626552537,0.0382160961783904,0.184630681536932,0,0,0,0,0,0,0,0,0,0,0,0,0,0,0,0,0,0,0,0,0,0,0,0,0.000153499984650002,0,0,0,0,0,0,0,0,0,0,0.00234409976559002,0,0,0,0,0,0,0,0,0.000471299952870005,0,0,0,0,0,0,0,0,0,0,0,0,0,0,0,0,0,0,0,0,0,0,0,0,0,0,0,0,0,0.00134309986569001,0,0,0,0,0,0,0,0,0,0.00259859974014003,0,0,0,0.000121999987800001,0,0,0,0,0,0.000409899959010004,0,0,0,0,0,0,0,0,0,0,0.000230299976970002,0,0,0,0,0,0,0,0,0,0,0,0,0,0,0,0,0,0,0,0,0,0,0,0,0,6.52999934700007e-05,0,0,0,0,0,0,0,0,0,0,0,0,0,0,0,0,0,0,0,0,0,0,0,0,0,0,0,0,0,0,0,0,0,0,0,0,0,0,0,0.000885299911470009,0,0,0,0,0,0,0,0.00157709984229002,0,0,2.27999977200002e-05,0,0,0,0,0,0,0,0,0,0,0,0,0,0,0,0,0,0,0.00166889983311002,0.000125499987450001,0,0.00148859985114001,0,0,0,0.000133499986650001,0,0,0,0,0,0
"84","9032-D_S",0.0114615022923005,0,0,0,0,0,0,0,0,0,0,0,0,0,0,5.22000104400021e-05,0,0,0,0.0584716116943223,0.00380990076198015,0,0.00289180057836012,0,0,0.0102955020591004,0,0,0,0,0,0,0,0,0,0.000367000073400015,0,0,0.00213610042722009,0.00107030021406004,0,0.000275500055100011,0,0,0,0,0,0,0,0.051101510220302,0,0,0,0,0,0,0,0,0.0661933132386626,0,0,0.0155734031146806,0,0,0,0,0,0,0,0,0,0,0,0.00517950103590021,0.0800790160158032,0.123743024748605,0,0,0,0.0516182103236421,0,0,0.00426850085370017,0,0,0,0,0,0,0,0,0,6.01000120200024e-05,0,0.000131100026220005,0,0,0.000956700191340038,0,0,0,0,0,0,0,0,0,0,0,0,0,0,0,0,0,0,0,0,0,0,0,0,0,0,0,0.00182280036456007,0,0,0,0,0,0,0,0,0,0.000209500041900008,0,0,0,0,0,0,0,0,0,0.000227900045580009,0.000130800026160005,0,3.12000062400013e-05,0.00103840020768004,0,0,0,0,0,0,0,0,0,0,0,0.0115025023005005,0,0,0,0,0,0.00786220157244031,0,0,0,0,0,0,0,0,0,0,0,0,0,0,0,0,0,0,0,0,0,0,0,0,0,0,0,0,0,0.000574600114920023,0,0,0,0,0,0,0,0,0.00596960119392024,0,0,0,0,0,0,0,0.00287410057482012,0,0,0,0,0,0,0,0,0,0.00048930009786002,0.000210500042100008,0.00459450091890018,0,0,0,0.000166900033380007,0,0,0,0,0.000101500020300004,0,0,0,0,0,0,0,0,0,0,0,0,0.000642200128440026,0,0,0,0,0.00380640076128015,0,0.00714150142830029,0.000203700040740008,0,0,0,0,0,0,0.291606058321212,0.000277200055440011,0,0,9.9300019860004e-05,0,0,0,0,0.00026120005224001,0.00431800086360017,0,0,0,0,0,0.00901850180370036,0,0.000904100180820036,0,0,0,0.00224620044924009,0,0,0,0,1.54000030800006e-05,0,0,0,0,0,0,0,0,0.00626740125348025,0,0,0.00821910164382033,0,0,0.00114120022824005,0.00125610025122005,0,0,0,0,0,0,0,0,0,0,0,0,0.000459300091860018,0,0,0,0,0,0,0,0,0,0,0,0.000443400088680018,0,0,0,0.00222260044452009,0,0,0,0,0,0,0,0,0,0,0,0,0,0,0.000156300031260006,0,0.00163470032694007,0,0,0,0,0,0,0,0,0,0,0,0,0,0,0,0,0,0,0,0,0,0,0.00187810037562008,0,0,0,0,0,0,0.000139600027920006,0,0,0,0,0.000589200117840024,0,0.000315100063020013,0,0.000107700021540004,0,0,0,0.000152500030500006,0,0,0,0,0,0.0292512058502412,0.00777310155462031,0.00325840065168013,0,0,0,0,0,0.0218255043651009,0,0,0,0,0.00076210015242003,0,0,0,0,0.000213100042620009,0,0,0,0,0,0,0,0,0,0,0,0,0,0,0,0,0,0,0,0,0,0,0,0,0,0,0,0,0,0,0,0,0,0,0,0,0,0,0,0,0,0,0.000273200054640011,0.00230370046074009,0.0164320032864007,0,0,0,0,0,0,0,0,0,0,0,0.00127160025432005,8.39000167800034e-05,0,0,0.00104030020806004,0,0.00215170043034009,0,0,0,0,0,0,0,0,0,0,0.0115517023103405,0.00620000124000025,0,0,0,0,0,0,0,0,0,0,0,0,0,0,0,0,0,0,0,0,0,0,0,0,0,0,0,0,0,0,0,0,0,0,0,0.000801700160340032,0.000167900033580007,0,0,0,0.0215747043149409,0,0,0,0,0,0,0,0,0,0,0,0,0,0,0,0,0,0,0,0
"85","9032-E_S",0.0498889149666745,0,0,0,0,0,0,0,0,0,0,0,0,0,0,0.000175100052530016,0,0,0,0.0143054042916213,0.00011080003324001,0,0.00856900257070077,0,6.32000189600057e-05,0.00932870279861084,0,0,0,0,0,0,0,0,0,0,0,0,0.00413230123969037,0.000145500043650013,0,0.000129200038760012,0,0,0,0,0,0,3.70000111000033e-05,0.0264790079437024,0,0,0,0,0,0,0,0,0.0632104189631257,0,0,0.0395033118509936,0,0,0,0,0,0,0,0,0,0,0,0.00339620101886031,0.193046057913817,0.144168543250563,0,0,0,0.0348461104538331,0,0,0.00387880116364035,0,0,0,0,0,0,0,0,0,0,0,0.000920200276060083,0,0,0.00174740052422016,0,0,0,0,0,0,0,0,0,0,0,0,0,0,0,0,0,0,0,0,0,0,0,0,0,0,0,0,0,0,5.15000154500046e-05,0,0,0,0,0,0,0,0,0,0,0,0,0,0,0,0,0,0,0,0,0,0,0,0,0,0.00010570003171001,0,0,0,0,0,0,0.00958870287661086,0,0.00200850060255018,0.000375900112770034,0,0,0.000844100253230076,0,0,0,0,0,0,0,0,0,0,0,0,0,0,0,0,0,0,0,0,0,0,0,0,0,0,0,0,0,0.000277700083310025,0,0,0,0,0,0,0,9.60000288000086e-06,0.00278910083673025,0,0,0,0,0,0,0,0.00231810069543021,0,0,0,0,0.00353670106101032,0,0,0,0,0.000153400046020014,0.000383500115050034,0.00493580148074044,0,0,0,0,0.00010700003210001,0,0,0,0,0,0,0,0,0,0,0,0,0,0,0,0,0,0,0,0,0.000507700152310046,0.00592490177747053,0,0.00230260069078021,0.000674100202230061,0,0.000535300160590048,0,0,0,0,0.130326739098022,0.00119040035712011,0,0,0.0022036006610802,0.00646530193959058,0,0,0,0.00101770030531009,0.0249725074917522,0,0,0.000349100104730031,0,0,0.0101527030458109,0,0.000251800075540023,0,0,0,0,0,0,0,0,0,0,0,0,0.000197400059220018,0,0,0,0,0.00155370046611014,0,0,0.00925730277719083,0,0,0.000434000130200039,0.00846970254091076,0,0,0,0,0,0,0,0,0,0,0,0,0.000991200297360089,0,0,0,0,0,0,0,0,0,0,0,9.66000289800087e-05,0,0,0,0.000928200278460083,0,0,0,0,0,0,0,0,0,0,0,0,0,0,0,0,0.00571330171399051,0,0,0,0,0,0,0,0,0,0,0,0,0,0,0,0,0,0,0,0,0,0,0.00199070059721018,0,0,0,0,0,0,0,0,0,0,0,0.0373638112091434,0.000120300036090011,0,0,5.48000164400049e-05,0,0,0,0.000162000048600015,0,0,0,0,0,0.0143576043072813,0.00568840170652051,0.000257900077370023,0,0,0,0,0,0.0459664137899241,0,0,0,0,0.00177120053136016,0,0,0,0,0,0,0,0,0,0,0,0,0,0,0,0,0,0,0,0,0,0,0,0,0,0,0,0,0,0,0,0,0,0,0,0,0,0,0,0,0,0,0,0,0,0,0.00832950249885075,0.000342100102630031,0.0156850047055014,0.00285040085512026,0,0,0,8.69000260700078e-05,0,0,0,0,0,0,0,0.000371200111360033,0.000248400074520022,0,0,0,0,0.00135010040503012,0,0,0,0,0,0,0,0,0,0,0.00261000078300023,0.000597700179310054,0,0,0,0,0,0,0,0,0,0,0,0,0,0,0,0,0,0,0,0,0,0,0,0,0,0,0,6.75000202500061e-05,0,0,0,0,0,0.000229700068910021,0,0.00206460061938019,0.000500900150270045,0,0.00101060030318009,0,0.0158130047439014,0,0,0,0,0,0,0,0,0,0,0,0,0,0,0,0,0,2.69000080700024e-05,0,0
"86","9031-A_S",0,0,0,0,0,0,0,0,0,0,0,0,0,0,0,0,0,0,0,0.103581789641821,0,0,0,0,0,0,0,0,0,0,0,0,0,0,0.000389699961030004,0,0,0,0,0,0,0,0,0,0,0,0,0,0,0,0,0,0,0,0,0,0,0,0,0,0,0,0,0,0,0,0,0,0,0,0,0,0,0,0,0,0,0,0,0,0,0,0,0,0,0,0,0,0,0,0,0,0,0,0,0,0,0,0,0,0,0,0,0,0,0,0,0,0,0,0,0,0,0,0,0,0,0,0,0,0,0,0,0,0,0,0,0,0,0,0,0,0,0,0,0,0,0,0,0,0,0,0,0,0,0,0,0,0,0,0,0,0,0,0,0,0,0,0,0,0,0,0,0,0,0,0,0,0,0,0,0,0,0,0,0,0,0,0,0,0,0,0,0,0,0,0,0,0,0,0,0,0,0,0,0,0,0,0,0,0,0,0,0,0,0,0,0,0,0,0,0,0,0,0,0,0,0,0,0.00274799972520003,0,0,0,0,0,0,0,0,0,0,0,0,0,0,0,0,0,0,0.000458099954190005,0,0,0,0,0,0,0,0,0,0.742580725741927,0,0,0,0,0,0,0,0,0,0,0,0,0,0,0,0,0,0,0,0,0,0,0,0,0,0,0,0,0,0,0,0,0,0,0,0,0,0,0,0,0,0,0,0,0,0,0,0,0,0,0,0,0,0,0,0,0,0,0,0,0,0,0,0.00792869920713008,0,0,0,0,0,0,0,0,0,0,0,0,0,0,0,0,0.00672179932782007,0,0,0,0,0,0,0,0.0219193978080602,0.00391279960872004,0,0.00223159977684002,0,0,0,0,0,0,0,0,0,0,0,0,0,0,0,0,0.0221989977801002,0,0,0,0,0,0,0,0,0,0,0,0,0,0,0,0,0,0,0,0,0,0,0,0,0,0,0,0.00745849925415007,0,0,0,0,0,0.000286599971340003,0,0,0,0,0,0,0,0,0,0,0,0,0,0,0,0,0,0,0,0,0,0,0,0,0,0,0,0,0,0,0,0,0,0,0.0389043961095604,0,0,0,0,0,0,0,0,0,0,0,0,0,0,0,0,0,0,0,0,0,0,0,0,0,0,0,0,0,0,0,0,0,0,0,0,0,0,0,0,0,0,0,0,0,0,0,0,0,0,0,0,0,0,0,0,0,0,0,0,0,0,0,0,0,0,0,0,0,0,0,0,0,0,0,0,0,0,0,0,0,0,0,0,0,0,0,0,0,0,0,0,0,0,0,0,0,0,0,0,0,0,0,0,0,0,0,0,0,0.000932999906700009,0,0,0,0,0,0,0.000432999956700004,0.000128599987140001,0.0371842962815704,0,0,0,0,0,0,0,0,0,0
"87","9031-B_S",0,0,0,0,0,0,0,0,0,0,0,0,0,0,0,0,0,0,0,0,0,0,0,0,0,0,0,0,0,0,0,0,0,0,0,0,0,0,0,0,0,0,0,0,0,0,0,0,0,0,0,0,0,0,0,0,0,0,0,0,0,0,0,0,0,0,0,0,0,0,0,0,0,0,0,0,0,0,0,0,0,0,0,0,0,0,0,0,0,0,0,0,0,0,0,0,0,0,0,0,0,0,0,0,0,0,0,0,0,0,0,0,0,0,0,0,0,0,0,0,0,0,0,0,0,0,0,0,0,0,0,0,0,0,0,0,0,0,0,0,0,0,0,0,0,0,0,0,0,0,0,0,0,0,0,0,0,0,0,0,0,0,0,0,0,0,0,0,0,0,0,0,0,0,0,0,0,0,0,0,0,0,0,0,0,0,0,0,0,0,0,0,0,0,0,0,0,0,0,0,0,0,0,0,0,0,0,0,0,0,0,0,0,0,0,0,0,0,0,0,0,0,0,0,0,0,0,0,0,0,0,0,0,0,0,0,0,0,0,0,0,0,0,0,0,0,0,0,0.213156421315642,0,0,0,0,0,0,0,0,0,0,0,0,0,0,0,0,0,0,0,0,0,0,0,0,0,0,0,0,0,0,0,0,0,0,0,0,0,0,0,0,0,0,0,0,0,0,0,0,0,0,0,0,0,0,0,0,0,0,0,0,0,0,0,0,0,0,0,0,0,0,0,0,0,0,0,0.00654730065473007,0,0,0,0,0,0,0,0,0,0,0,0,0,0,0,0,0,0,0,0,0,0,0,0,0,0,0,0,0,0,0,0,0,0,0,0,0,0,0,0,0,0,0,0,0,0,0,0,0,0,0,0,0,0,0,0,0,0,0,0,0,0,0,0,0,0,3.40000034000003e-05,0,0,0,0,0,0,0,0,0,0,0,0,0,0,0,0,0,0,0,0,0,0,0,0,0,0,0,0,0,0,0,0,0,0,0,0,0,0,0,0,0,0,0,0,0,0,0,0,0,0,0,0,0,0,0,0,0,0,0,0,0,0,0,0,0,0,0,0,0,0,0,0,0,0,0,0,0,0,0,0,0,0,0,0,0,0,0,0,0,0,0,0,0,0,0,0,0,0,0,0,0,0,0,0,0,0,0,0,0,0,0,0,0,0,0,0,0,0,0,0,0,0,0,0,0,0,0,0,0,0,0,0,0,0,0,0,0,0,0,0,0,0,0,0,0,0,0,0,0,0,0.244323524432352,0.0918119091811909,0.0257791025779103,0.00468110046811005,0,0.000894400089440009,0,0.0112386011238601,0.00246620024662002,0.399067439906744,0,0,0,0
"88","9031-C_S",0,0,0,0,0,0,0,0,0,0,0,0,0,0,0,0,0,0,0,0,0,0,0,0,0,0,0,0,0,0,0,0,0,0,0,0,0,0,0,0,0,0,0,0,0,0,0,0,0,0,0,0,0,0,0,0,0,0,0,0,0,0,0,0,0,0,0,0,0,0,0,0,0,0,0,0,0,0,0,0,0,0,0,0,0,0,0,0,0,0,0,0,0,0,0,0,0,0,0,0,0,0,0,0,0,0,0,0,0,0,0,0,0,0,0,0,0,0,0,0,0,0,0,0,0,0,0,0,0,0,0,0,0,0,0,0,0,0,0,0,0,0,0,0,0,0,0,0,0,0,0,0,0,0,0,0,0,0,0,0,0,0,0,0,0,0,0,0,0,0,0,0,0,0,0,0,0,0,0,0,0,0,0,0,0,0,0,0,0,0,0,0,0,0,0,0,0,0,0,0,0,0,0,0,0,0,0,0,0,0,0,0,0,0,0,0,0,0,0,0,0,0,0,0,0,0,0,0,0,0,0,0,0,0,0,0,0,0,0,0,0,0,0,0,0,0,0,0,0,0,0,0,0,0,0,0,0,0,0,0,0,0,0,0,0,0,0,0,0,0,0,0,0,0,0,0,0,0,0,0,0,0,0,0,0,0,0,0,0,0,0,0,0,0,0,0,0,0,0,0,0,0,0,0,0,0,0,0,0,0,0,0,0,0,0,0,0,0,0,0,0,0,0,0,0.245794524579452,0,0,0,0,0,0,0,0,0,0,0,0,0,0,0,0,0,0,0,0,0,0,0,0,0,0,0,0,0,0,0,0,0,0,0,0,0,0,0,0,0,0,0,0,0,0,0,0,0,0,0,0,0,0,0,0,0,0,0,0,0,0,0,0,0,0,0.312981231298123,0,0,0,0,0,0,0,0,0,0,0,0,0,0,0,0,0,0,0,0,0,0,0,0,0,0,0,0,0,0,0,0,0,0,0,0,0,0,0,0,0,0,0,0,0,0,0,0,0,0,0,0,0,0,0,0,0,0.158990615899062,0,0,0,0,0,0,0,0,0,0,0,0,0,0,0,0,0,0,0,0,0,0,0,0,0,0,0,0,0,0,0,0,0,0,0,0,0,0,0,0,0,0,0,0,0,0.282233628223363,0,0,0,0,0,0,0,0,0,0,0,0,0,0,0,0,0,0,0,0,0,0,0,0,0,0,0,0,0,0,0,0,0,0,0,0,0,0,0,0,0,0,0,0,0,0,0,0,0,0,0,0,0,0,0,0,0,0,0,0
"89","9031-D_S",0.00337010235907165,0,0,0,0,0,0,0,0,0,0,0,0,0,0,0.000259900181930127,0,0,0.0108671076069753,0.0077454054217838,0.00243780170646119,0.00881580617106432,0.0146506102554272,0,0.0408444285911,0.00675640472948331,0,0,0,0,0,0,0,0,0,0,0,0,0.00279590195713137,0,0.134092993865096,0.000356900249830175,0,0,0,0,0,0,0,0.00745520521864365,0.00456660319662224,0,0,0,0,0,0.000107300075110053,0,0,0,1.09000076300053e-05,0.00085740060018042,0,0.00608370425859298,0,0,0,0,0,0,0,0,0.146372302460612,0.00114670080269056,0.135870495109347,0.0929266650486655,0.00170270119189083,0,0,0.0316975221882655,0.00954040667828467,0,0,0,0,0,0.00145480101836071,0,4.01000280700196e-05,0,0,0,0,0,0,0.00071380049966035,0,0.000593300415310291,0,0,0,0,0,0,0.00137570096299067,0,0,0,0,0,0,0,0,0,0,0,0,0,0,0,0,0,0,0,0,0,0,0,5.1000035700025e-06,0,0,0,0,0,0,0,0,0,0,0,0,0,0,0,0,0,0,0,0,0,0,0,0,0,0,0,0,0,0.000200100140070098,0,0.00272500190750134,0.000609900426930299,0,0,0,0.00363380254366178,0.00728840510188357,6.00000420000294e-06,0,0,0,0,0,0,0,0,0.00206900144830101,0.000464200324940227,0.000741000518700363,0,0,0,0,0,0,0,0,0.00231060161742113,0,0,0,0,0,0,0,0,0,0.000607300425110298,0,0.00725210507647355,0,0,0,0.000251300175910123,0,0,0.00126420088494062,0,0,0,0,0,0.000176400123480086,0.000526900368830258,0.000846300592410415,0,0,0,0,9.20000644000451e-06,0,0,0,0,0,0.000713000499100349,0.00253680177576124,0,0,0,0,0,0.000155800109060076,0,0,0,0,0,0,0,0,0,0,0,0,0,0,0,2.050001435001e-05,0.00303980212786149,0,0,0.00963710674597472,5.89000412300289e-05,0,9.88000691600484e-05,0.0119461083622759,3.82000267400187e-05,6.26000438200307e-05,0,0,0.00268700188090132,0.000446800312760219,0,0.0010189007132305,0,0,0.000812000568400398,0.0022491015743711,0,0,0,0,0.0156194109335877,0,0,0,6.80000476000333e-05,0,0.00605980424186297,0.00426460298522209,0.0002045001431501,0.0147665103365572,0.0311587218111053,0,0,0,0.0192507134754994,0.000692300484610339,0,3.71000259700182e-05,0,0,0,0.000230100161070113,0,0,0,0,0.000556700389690273,0,6.04000422800296e-05,0.000208400145880102,0,1.61000112700079e-05,0,0.0018466012926209,0,0,0,0,0,0,0,0,0,0,0,0,0.000506000354200248,0,0,0,0,0,0,0,0,0,0,0,0,0,5.66000396200277e-05,0,0,0,0,0,0,0,0,0,0,0,0,0,0,0,0,0,0,0,0,0,0,0,0,0,0,0,0,0,0,0,0,0,0,0,0,0,0,0,0,0,0.000391900274330192,0,0,0,0,0,0,0,0,0,0,0,0,0,0.0126948088863662,0,0.000115200080640056,0,0,0,0.00282780197946139,0,0,0,0,0,0.00763190534233374,0.00820560574392402,0.00539220377454264,0,0,0.0406118284282799,0,0,0.0454940318458223,0,0,0.000155100108570076,0,0,0,0,0,0,0.000371700260190182,0,0,0,0,0,0,0,0,0,0,0,0,0,0,0,0,0,0,0,0,0,0,0,0,0,0,0,0,0,0,5.27000368900258e-05,0,0,2.30000161000113e-05,0,0,0,0,0,0,0,0,0.00485960340172238,0.00197520138264097,0.000640000448000314,0,0,0,0,0,0,0,0,0,6.30000441000309e-06,3.41000238700167e-05,0.000728200509740357,1.25000087500061e-05,0.014291210003847,0.000499100349370245,0,0.00129820090874064,0.00606880424816297,0,0,0,0,0,0,0,0,0,0,0.000207900145530102,0.000434900304430213,0,0,0,0,0,0,0,0,0.000146400102480072,0,0,0,0,0,0,0,0,0,0,0,0,0,0,0,0,0,0,0.000276100193270135,0,0,0,0,0,0,0,0.00115320080724057,0.000340500238350167,0,0,0,0,0.00473210331247232,0,0,0,0,0.000708100495670347,0,0,0,0,0,0,0,0,0,0,0,0,0,0
"90","9030-A_S",0,0,0,0,0,0,0,0,0,0,0,0,0,0,0,0,0,0,0,0.237787471336241,0,0,0,0,0,0.00044990013497004,0,0,0.000941000282300085,0,0,0,0,0,0,0,0,0,0,0.00124780037434011,0,0,0,0,0,0,0,0,0,0,0,0,0,0,0,0,0,0,0,0,0,0,0,0,0,0,0,0,0,0,0,0,0,0.170272851081855,0.427997828399349,0,0,0,0,0,0,0,0,0,0,0,0,0,0.000866500259950078,0,0,0,0,0,0,0,0,0,0,0,0,0,0,0,0,0,0,0,0,0,0,0,0,0,0,0,0,0,0,0.000228400068520021,0,0,0,0,0,0,0,0,0,0,0,0,0.00010650003195001,0,0,0,0,0,0,0,0,0,0,0,0,0,0.0164233049269915,0.000434600130380039,0,0.000796500238950072,0,0,0,0,0,0,0,0,0,0,0,0,0,0,0,0,0,0,0,0,0,0,0,0,0,0,0,0,0,0,0,0,0,0,0,0,0,0,0,0,0,0,0.00055660016698005,0,0,0,0,0,0,0,0,0,0,0.000875100262530079,0,0.00618140185442056,0,0,0,0.000742400222720067,0,0,0,0,0,0,0,0,0,0,0,0,0,0,0,0,0,0,7.49000224700067e-05,0,0,0,0,0,0,0.00685370205611062,0,0,0,0,0,0,0,0.000407500122250037,0,0.00181930054579016,0,0,0.00464180139254042,0,0,0,0,0,0,0,0,0,0,0,0,0,0,0,0,0,0,0,0,0,0,0,0,0,0,0,0.000862300258690078,0,0,0,0,0,0,0,0,0,0,0,0,0,0,0,0,0,0,0,0,4.17000125100038e-05,0,0.00710990213297064,0,0,0,0,0,0.00636380190914057,0.0193100057930017,0,0,0,0,0,0.000202500060750018,0,0,0,0,0,0,0,0,0,0,0,0,0,0,0,0,0,0,0,0,0,0,0,0,0,0.000900100270030081,0,0.000104000031200009,0,0,0,0,0,0,0,0,0,0,0,0,0.000237100071130021,0,0,0,0,0,0,0,0,0,0,0,0,0,0,0,0,0,0,0,0,0,0,0,0,0,0,0,0,0,0,0,0,0,0,0,0,0,0.000142200042660013,0,0,0,0,0,0,0,0,0,0,0,0,0,0,0,0,0,0,0,0,0,0,0.00727640218292065,0,0,0,0,0,0,0,0,0,0,0,0,0,0,0,0,0,0,0,0,0,0,0,0,0,0,0,0,0,0,0,0,0,0,0,0,0,0,0,0,0,0,0,0,0,0,0,0,0,0.010645303193591,0,0,0,0,0,0,0,0,0,0,0,0,0,0,0,0.0143644043093213,0.000307600092280028,0,0,0,0,0,0,0,0,0,0,0,0,0.00464020139206042,0,0,0,0,0,0,0,0,0,0,0,0,0,0,0,0,0,0,0,0,0,0,0,0,0,0,0,0,0,0,0,0,0,0,0,0,0,0,0,0,0,0,0,0.000100800030240009,0,0,0,0,0,0,0.0476863143058943,0,0,0,0,0,0,0,0,0,0
"91","9030-B_S",0,0,0,0,0,0,0,0,0,0,0,0,0,0,0,0,0,0,0,0.2902528,0,0,0,0,0,7.79e-05,0,0,0.0003776,0,0,0,0,0,0,0,0,0,0,0,0,0,0,0,0,0,0,0,0,0,0,0,0,0,0,0,0,0,0,0,0,0,0,0,0,0,0,0,0,0,0,0,0,0.2916457,0.3126952,0,0,0,0,0,0,0,0,0,0,0,0,0,0.0001275,0,0,0,0,0,0,0,0,0,0,0,0,0,0,0,0,0,0,0,0,0,0,0,0,0,0,0,0,0,0,0,0,0,0,0,0,0,0,0,0,0,0,0,0,0,0,0,0,0.0036438,0,0,0,0,0,0,0,0,0.0081343,0.0002201,0,0,0,0,0.0018245,0,0,0,0,0,0,0,0,0,0,0,0,0,0,0,0,0,0,0,0,0,0,0,0,0,0,0,0,0,0,0,0,0,0,0,0,0,0,0,0.0004209,0,0,0,0,0,0,0,0,0,0,0.0005094,0,0,0,0,0,0.0001769,0,0,0,0,0,0,0,0,0,0,0,0,0,0,0,0,0,0,0,0,0,0,0,0.00016,0,0,0,0,0.0007535,0,0,0,0,0.0001116,0,0.0017965,0.0002199,0,0.0250553,0,0,0,0,0,0,0,0,0,0,0,0,0,0,0,0,0,0,0,0,0,0,0,0,0,0,0,0,0,0,0,0,0,0,0,0,0,0,0,0,0,0,0,0,0,0,0,0,9.2e-06,0,0,0,0,0,0,0,0.0035439,0,0,0,0,0,0,0.008145,0,0,0,0,0,0,0,0,0,0,0,0,0,0,0,0,0,0,0,0,0,0,0,0,0,0.0126673,0.0012837,0.0027679,0,0,0,0,0,0,0,0,0,0,0,0,0,0,0,0,0,0,0,0,0,0,0,0,0,0,0,0,0,0,0,0,0,0,0,0,0,0,0,0,0,0,0,0,0,0,0,0,0,0,6.6e-06,0,0,0,0,0,0,0,0,0,0,0,0,0,0,0,0,0,0,0,0,0,0,0.0026356,0,0,0,0,0,0,0,0,0,0,0,0,0,0,0,0,0,0,0,0,0,0,0,0,0,0,0,0,0,0,0,0,0,0,0,0,0,0,0,0,0,0,0,0,0,0,0,0,0,0,0,0,0,0,0,0,0,0,0,0,0,0,0,0,0,0.0008987,0,0,0,0,0,0,0,0,0,0,0,0,0,0.0010662,0,0,0,0,0,0,0,0,0,0,0,0,0,0,0,0,0,0,0,0,0,0,0,0,0,0,0,0,0,0,0,0,0,2.45e-05,0,0,0,0,0,0,0,0,0,0,0,0,0,0,0,0,0.028748,0,0,0,0,0,0,0,0,0,0
"92","9003-A_S",0,0,0,0,0,0,0,0,0,0,0,0,0,0,0,0,0.000424499957550004,0,0,0,0,0,0,0,0,0,0,0,0,0,0,0,0,0,0,0,0,0,0,0,0,0,0,0,0,0,0,0,0,0,0,0,0,0,0,0,0,0,0,0,0,0,0,0,0,0,0,0,0,0,0,0,0,0,0,0,0,0,0,0,0,0,0,0,0,0,0,0,0,0,0,0,0,0,0,0,0,0,0,0,0,0,0,0,0,0,0,0,0,0,0,0,0,0,0,0,0,0,0,0,0,0,0,0,0,0,0,0,0,0,0,0,0,0,0,0,0,0,0,0,0,0,0,0,0.000335399966460003,0,0.00114239988576001,0,0,0,0,0,0,0,0,0,0,0,0,0,0,0,0,0,0,0,0,0,0,0,0,0,0,0,0,0,0,0,0,0,0,0,0,0,0,0,0,0,0,0,0,0,0,0,0,0,0,0,0,0,0,0,0,0,0,0,0,0,0,0,0,0,0,0,0,0,0,0,0,0,0,0,0,0,0,0,0,0,0,0,0,0,0,0,0,0,0,0,0.324233867576613,0,0,0,0,0,0,0.00878679912132009,0,0,0,0,0,0.369318263068174,0,0,0,0,0,0,0,0,0,0,0,0,0,0,0,0,0,0,0,0,0,0,0,0,0,0,0,0,0,0,0,0,0,0,0,0,0,0,0,0,0,0,0,0,0,0,0,0,0,0,0,0,0,0,0,0,0,0,0,0,0.00449679955032005,0.00215639978436002,0,0,0,0,1.24999987500001e-05,0,0,0,0,0,0.000483499951650005,0,0,0.00116859988314001,0,0,0,0,0,0,0.000149299985070002,0,0,0,0,0,0,0,0,0,0,0,0,0,0,0,0,0,0,0,0,0,0,0,0,0,0,0,0,0,0,0,0,0,0,0,0,0,0,0,0,0,0,0,0,0,0,0,0,0,0,0.00115129988487001,0,0,0,0,0,0,0,0,0,0,0,0,0,0,0,0,0,0,0,0,0,0,0,0,0,0,0,0,0,7.34999926500007e-05,0,0,0,0,0,0,0,0,0,0,0,0,0,0,0,0,0,0,0,0,0,0,0,0,0,0,0,0,0,0,0,0,0,0,0,0,0,0,0,0,0,0,0,0,0,0,0,0,0,0,0,0,0,0,0,0,0,0,0,0,0,0,0,0,0,0,0,0,0,0,0,0,0,0,0,0,0,0,0,0,0,0,0,0,0,0,0,0,0,0,0,0,0,0,0,0,0,0,0.000177599982240002,0,0,0,0.00703159929684007,0,0.00184349981565002,0,0,0,0,0,0,0,0,0,0,0,0,0,0,0,0,0,0,0,0,0,0.00185569981443002,0.000300699969930003,0,0.274794872520513,0,0,0,0,0,6.28999937100006e-05,0,0,0,0
"93","9030-C_S",0,0,0,0,0,0,0,0,0,0,0,0,0,0,0,0,0,0,0,0.000870799912920009,0,0,0,0,0,0,0,0,0,0,0,0,0,0,0,0,0,0,0,0,0,0,0,0,0,0,0,0,0,0,0,0,0,0,0,0,0,0,0,0,0,0,0,0,0,0,0,0,0,0,0,0,0,0,0,0,0,0,0,0,0,0,0,0,0,0,0,0,0,0,0,0,0,0,0,0,0,0,0,0,0,0,0,0,0,0,0,0,0,0,0,0,0.203074379692562,0,0,0,0,0,0,0,0,0,0,0,0,0,0,0,0,0,0,0,0,0,0,0,0,0,0,0,0,0,0,0,0,0,0,0,0,0,0,0,0,0,0,0,0,0,0,0,0,0,0,0,0,0,0,0,0,0,0,0,0,0,0,0,0,0,0,0,0,0,0,0,0,0,0,0,0,0,0,0,0,0,0,0,0,0,0,0,0,0,0,0,0,0,0,0,0,0,0,0,0,0,0,0,0,0,0,0,0,0,0,0,0,0,0,0,0,0,0,0,0,0,0,0,0,0,0,0,0,0,0,0,0,0,0,0,0,0,0,0,0,0,0,0,0,0,0,0,0,0,0,0,0,0,0,0,0,0,0,0,0,0,0,0,0,0,0,0,0,0,0,0,0,0,0,0,0,0,0,0,0,0,0,0,0,0,0,0,0,0,0,0,0,0,0,0,0,0,0,0,0,0,0,0,0,0,0,0,0,0,0,0,0,0,0,0,0,0,0,0,0,0,0,0,0,0,0,0,0,0,0,0,0,0,0,0,0,0,0,0,0,0,0,0,0,0,0,0,0,0,0,0,0,0,0,0,0,0,0,0,0,0,0,0,0,0,0,0,0,0,0,0,0,0,0,0,0,0,0,0.115404588459541,0,0,0,0,0,0,0,0,0,0,0,0,0,0,0,0,0,0,0,0,0,0,0,0,0,0,0,0,0,0,0,0,0,0,0,0,0,0,0,0,0,0,0,0,0,0,0,0,0,0,0,0,0,0,0,0,0,0,0,0,0,0,0.0234812976518702,0,0,0,0,0,0,0,0,0,0,0,0,0,0,0,0,0,0,0,0,0,0,0,0,0,0,0,0,0,0,0,0,0,0,0,0,0,0,0,0,0,0,0,0,0,0,0,0,0,0,0,0,0,0,0,0,0,0,0,0,0,0,0,0,0,0,0,0,0,0,0,0,0,0.657168934283107,0,0,0,0,0,0,0,0,0,0,0,0,0,0,0,0,0,0,0,0,0,0,0,0,0,0,0
"94","9030-D_S",0,0,0,0,0,0,0,0,0,0,0,0,0,0,0,9.1999954000023e-05,0,0,0,0.00337819831090084,0,0,0.00197029901485049,0,0.0831111584444208,0.00183459908270046,0,0,0.000737899631050184,0,0,0,0,0,0,0,0,0,0.00212549893725053,0,0,0,0,0,0,0,0,0,0.00332179833910083,0.0911067544466228,0,0,0.000662799668600166,0,0,0.0155915922042039,0,0,0,0.00446549776725112,0,0.0611516694241653,0,0,0,0,0,0,0,0,0,0,0.228207485896257,0.00436689781655109,0.0036148981925509,0.0554198722900639,0.00765659617170191,0,0,0.0205923897038051,8.71999564000218e-05,0,0,0,0,0,0.000868199565900217,0,0.00131529934235033,0,0,0,0,0,2.09999895000052e-05,0,0,0.00150659924670038,0,0.000170299914850043,0,0,0,0,0,0.000891999554000223,0,0,0,0,0,0,0,0.00126429936785032,0.000705099647450176,0,0.000311999844000078,0,0,0,0,0,0,0,0,0,0,0,0.000895799552100224,0,0,0,0,0,0,0.000144499927750036,0,0,0,0,0,0,0,0,0,0,0,0,0,0,0,0,0,0,0,0,0,0,0,0,1.25999937000032e-05,0.00769419615290192,0,0.00297559851220074,0.000536699731650134,0,0.000797799601100199,0.000797699601150199,0,0,0,0,0,0,0,0,0,0,0,0,0,0,0.000540199729900135,0,0,0,0,0,0,0,0,0,0,0,0,0,0,0.00650249674875163,0,0.00131179934410033,0,0,0,0.000471799764100118,0,0,0.00581349709325145,0,0,0,0.0236171881914059,0,0,0.000625299687350156,0.00323819838090081,0,0,0,0,0.000624599687700156,0,0,0,0,0,0.0011989994005003,0.00843469578265211,0,0,0,0,0,1.95999902000049e-05,0,0,0,0,0,0,0,0,0,0,0,0,0,0,0,0.000227699886150057,0,0,0,0,0.00409399795300102,0,0.00220929889535055,0.00169949915025042,0,0.0063847968076016,0,0,0,0,0,0,0,0,0.000428899785550107,0.00138899930550035,0,0,0,3.49999825000087e-05,0.0285558857220571,0,0,0.000218199890900055,0,4.27999786000107e-05,0,0,0,0,0,0,0,0,0,0,0,0,0,0,0,0.00142889928555036,0,0,0,0,0.00224109887945056,0,0,4.12999793500103e-05,0,0,0.000375399812300094,0.0108124945937527,0,0,0,0,0,0,0,0,0,0,0,0,0.000787699606150197,0,0,0,0,0,0,0,0,0,0,0,0,0,4.47999776000112e-05,0,0,0,0,0.0246505876747062,0.00334099832950084,0.00907819546090227,0,0,0,0,0,0,0,0,0,0,0,0.0300369849815075,0,0,0,0,0,0,0,0,0,0,0,0,0,0,0,0,0,0,0,0,0,0,0,0,0,0,0,0,0,0,0,0,0,0,0.00134879932560034,7.49999625000188e-06,0,0,5.96999701500149e-05,0,0,0,0.00432469783765108,0,0,0,0,0,0.015932692033654,0.00196009901995049,0,0,0,0.0547444726277637,0,0,0.0620727689636155,0,0,0,0,0.0107422946288527,0,0,0,0,0.000551299724350138,0,0,0,0,0,0,0,0,0,0,0,0,0,0,0,0,0,0,0,0,0,0,0,0,0,0,0,0,0,0,0,0,0,0,0,0,0,0,0,0,0,0.00915839542080229,0.00059829970085015,0.000544599727700136,0.0142250928874536,0.000324999837500081,0.000230499884750058,0,0.00106499946750027,0,0,0,0,0,0,0,0,0.000101199949400025,0,0,0,0.00223709888145056,0.00787099606450197,0,0,0,0,0,0,0,0,0,0,0.00494459752770124,0.000830899584550208,0,0,0,0,0,0,0,0,0,0,0,0,0,0,0,0,0,0,0,0,0,0,0,0,0,0,0,0,0,0,0,0,0,0.000420199789900105,0,0.00166269916865042,0.000490699754650123,0,0.000684099657950171,0,0,0,0,0,0,0,0.011939594030203,0,0,0,0,0,0,0,0,0,0,0,0,0,0
"95","9030-E_S",0,0,0,0,0,0,0,0,0,0,0,0,0,0,0,0,0,0,0,0.00789439921056008,0,0,0.00182679981732002,0,0.0429206957079304,0.00174469982553002,0,0,0.000378299962170004,0,0,0,0,0,0,0,0,0,0.00098129990187001,0.000270699972930003,0,0,0,0,0,0,0,0,0.00207639979236002,0.0263890973610903,0,0,0.00836119916388008,0,0,0.0212466978753302,0,0,0.000931199906880009,0.0212622978737702,0,0.0435505956449404,0,0,0,0,0,0,0,0,0,0,0.305365269463473,0.0099611990038801,0.0570529942947006,0.237336476266352,0.0160263983973602,0,0,0.0176725982327402,0.00299589970041003,0,0,0,0,0,0.00171769982823002,0,0.000140499985950001,0,0,0,0,0,0,0,0,6.33999936600006e-05,0,6.09999939000006e-06,0,0,0,0,0,0.00162459983754002,0,0,0,0,0,0,0,4.23999957600004e-05,8.10999918900008e-05,0,0,0,0,0,0,0,0,0,0,0,0,0,5.52999944700006e-05,0,0,0,0,0,0,0,0,0,0,0,0,0,0,0,0,0,0,0,0,0.00150319984968002,0,0,0,0,0,0,0,0,0,0,0.000464499953550005,0.000599499940050006,0,0.000916599908340009,0.000103399989660001,0,0.000704199929580007,0.000281199971880003,0,0,0,0,0,0,0,0,0,0,0,0,0,0,0,0,0,0,0,0,0,0,0,0,0,0,0,0,0,0.000172199982780002,0,0.000629999937000006,0,0,0,0.000107699989230001,0,0,0.00136479986352001,0,0,0,0.00547199945280005,0,0,0.000483899951610005,0.00145469985453001,0,0,0,0,0.00103039989696001,0,0,0,0,0,0.000252599974740003,0.00253019974698003,0,0,0,0,0,0,0,0,0,0,0,0,0,0,0,0,0,0,0,0,0,0,0,0,0,0,0.00189879981012002,0,3.21999967800003e-05,0.000572399942760006,0,0.000352399964760004,0,0,0,0,0,0.000179499982050002,0,0,0,0,0,0,0,0,0.0103691989630801,0,0,0.000875299912470009,0,0,0,0,0,0,0,0,0,0,0,0,0,0,0,0,0,0.000277499972250003,0,0,0,0,0.00213179978682002,0,0,0.00144719985528001,0,0,0.000242399975760002,0.00303439969656003,0,0,0,0,0,0,0,0,0,0,0,0,0.000117299988270001,0,0,0,0,0,0,0,0,0,0,0,0,0,0,0,0,0,0,0.0105575989442401,0.00108059989194001,0.00226689977331002,0,0,0,0,0,0,0,0,0,0,0,0.00432719956728004,0,0,0,0,0,0,0,0,0,0,0,0,0,0,0,0,0,0,0,0,0,0,0,0,0,0,0,0,0,0,0,0,0,0,0.00147839985216001,0.000282999971700003,0,0,0,0,0,0,0.000157199984280002,0,0,0,0,0,0.0118575988142401,0.00271849972815003,0,0,0,0.0207512979248702,0,0,0.0434317956568204,0,0,0,0,0.00594869940513006,0,0,0,0,0,0,0,0,0,0,0,0,0,0,0,0,0,0,0,0,0,0,0,0,0,0,0,0,0,0,0,0,0,0,0,0,0,0,0,0,0,0,0,0,0,0,0.00329559967044003,0.000906999909300009,8.46999915300008e-05,0.0095959990404001,0,0,0,0,0,0,0,0,0,0,0,0,0,0,0,0,0.00135249986475001,0.00226789977321002,0,0,0,0,0,0,0,0,0,0,0.00367969963203004,0.000295599970440003,0,0,0,0,0,0,0,0,0,0,0,0,0,0,0,0,0,0,0,0,0,0,0,0,0,0,0,0,0,0,0,0,0,0,0,0.000415499958450004,0.000209599979040002,0,0.00285249971475003,0,0,0,0,0,0,0,0.000606799939320006,0,0,0,0,0,0,0,0,0,0,0,0,0,0
"96","9029-A_S",0,0,0,0,0,0,0,0,0,0,0,0,0,0,0,0,0,0,0,0,0,0,0,0,0,0,0,0,0,0,0,0,0,0,0,0,0,0,0,0,0,0,0,0,0,0,0,0,0,0,0,0,0,0,0,0,0.513322,0,0,0,0,0,0,0,0,0,0,0,0,0,0,0,0.0002684,0,0,6.31e-05,0,0,0,0,0,0,0,0,0,0,0,0,0,0,0,0,0,0,0,0,0,0,0,0,0,0,0,0,0,0,0,0,0,0,0,0,0,0,0,0,0,0,0,0,0,0,0,0,0,0,0,0,0,0,0,0,0,0,0,0,0,0,0,0,0,0,0,0,0,0,0,0,0,0,0,0,0,0,0,0,0,0,0,0,0,0,0,0,0,0,0,0,0,0,0,0,0,0,0,0,0,0,0,0,0,0,0,0,0,0,0,0,0,0,0,0,0,0,0,0,0,0,0,0,0,0,0,0,0,0,0,0,0,0,0,0,0,0,0,0,0,0,0,0,0,0,0,0,0,0,0,0,0,0,0,0,0,0,0,0,0,0,0.0624531,0,0,0,0,0,0,0,0,0,0,0,0,0,0,0,0,0,0,0,0,0,0,0,0,0,0,0,0,0,0,0,0,0,0,0,0,0,0,0,0,0,0,0,0,0,0,0,0,0,0,0,0,0,0,0,0,0,0,0,0,0,0,0,0,0,0,0,0,0,0,0,0,0,0,0,0,0,0,0,0,0,0,0,0,0,0,0,0,0,0,0,0,0,0,0,0,0,0,0,0.3253772,0.0154017,0.0821572,0,0,0,0,0,0,0,0,0,0,0,0,0,0,0,0,0,0,0,0,0,0,0,0,2.86e-05,0,0,0,0,0,0,0,0,0,0,0,0,0,0,0,0,0,0,0,0,0,0,0,0,0,0.0001896,0,0,0,0,0,0,0,0,0,0,0,0,0,0,0,0,0,0,0,0,0,0,0,0,0,0,0,0,0,0,0,0,0,0,0,0,0,0,0,0,0,0,0,0,0,0,0,0,0,0,0,0,0,0,0,0,0,0,0,0,0,0,0,0,0,0,0,0,0,0,0,0,0,0,0,0,0,0,0,0,0,0,0,0,0,0,0,0,0,0,0,0,0,0,0,0,0,0,0,0,0,0,0,0,0,0,0,0,0,0,0,0,0,0,0,0,0,0,0,0,0,0,0,0,0,0,0,0,0,0,0,0,0,0,0,0,0,0,0,0,0,0,0,0,0,0,0,0,0,0,0,0.0001387,0,0.0006004,0,0,0,0,0,0,0,0,0,0
"97","9029-B_S",0,0,0,0,0,0,0,0,0,0,0,0,0,0,0,0,0,0,0,0,0,0,0,0,0,0,0,0,0,0,0,0,0,0,0,0,0,0,0,0,0,0,0,0,0,0,0,0,0,0,0,0,0,0,0,0,0,0,0,0,0,0,0,0,0,0,0,0,0,0,0,0,0,0,0,0,0,0,0,0,0,0,0,0,0,0,0,0,0,0,0,0,0,0,0,0,0,0,0,0,0,0,0,0,0,0,0,0,0,0,0,0,0,0,0,0,0,0,0,0,0,0,0,0,0,0,0,0,0,0,0,0,0,0,0,0,0,0,0,0,0,0,0,0,0,0,0,0,0,0,0,0,0,0,0,0,0,0,0,0,0,0,0,0,0,0,0,0,0,0,0,0,0,0,0,0,0,0,0,0,0,0,0,0,0,0,0,0,0,0,0,0,0,0,0,0,0,0,0,0,0,0,0,0,0,0,0,0,0,0,0,0,0,0,0,0,0,0,0,0,0,0,0,0,0,0,0,0,0,0,0,0,0,0,0,0,0,0,0.0869631913036809,0,0,0,0,0,0,0,0,0,0,0,0,0,0,0,0,0,0,0,0,0,0,0,0,0,0,0,0,0,0,0,0,0,0,0,0,0,0,0,0,0,0,0,0,0,0,0,0,0,0,0,0,0,0,0,0,0,0,0,0,0,0,0,0,0,0,0,0,0,0,0,0,0,0,0,0,0,0,0,0,0,0,0,0,0,0,0,0,0,0,0,0,0,0,0,0,0,0,0,0.700682229931777,0.0340011965998803,0.177862682213732,0,0,0,0,0,0,0,0,0,0,0,0,0,0,0,0,0,0,0,0,0,0,0,0,0,0,0,0,0,0,0,0,0,0,0,0,0,0,0,0,0,0,0,0,0,0,0,0,0,0,0,0,0,0,0,0,0,0,0,0,0,0,0,0,0,0,0,0,0,0,0,0,0,0,0,0,0,0,0,0,0,0,0,0,0,0,0,0,0,0,0,0,0,0,0,0,0,0,0,0,0,0,0,0,0,0,0,0,0,0,0,0,0,0,0,0,0,0,0,0,0,0,0,0,0,0,0,0,0,0,0,0,0,0,0,0,0,0,0,0,0,0,0,0,0,0,0,0,0,0,0,0,0,0,0,0,0,0,0,0,0,0,0,0,0,0,0,0,0,0,0,0,0,0,0,0,0,0,0,0,0,0,0,0,0,0,0,0,0,0,0,0,0,0,0,0,0,0,0,0,0,0,0.000118599988140001,0,9.22999907700009e-05,0,0,0,0.000279799972020003,0,0,0,0,0,0
"98","9029-C_S",0,0,0,0,0,0,0,0,0,0,0,0,0,0,0,0,0,0,0,0,0,0,0,0,0,0,0,0,0,0,0,0,0,0,0,0,0,0,0,0,0,0,0,0,0,0,0,0,0,0,0,0,0,0,0,0,0,0,0,0,0,0,0,0,0,0,0,0,0,0,0,0,0,0,0,0,0,0,0,0,0,0,0,0,0,0,0,0,0,0,0,0,0,0,0,0,0,0,0,0,0,0,0,0,0,0,0,0,0,0,0,0,0,0,0,0,0,0,0,0,0,0,0,0,0,0,0,0,0,0,0,0,0,0,0,0,0,0,0,0,0,0,0,0,0,0,0,0,0,0,0,0,0,0,0,0,0,0,0,0,0,0,0,0,0,0,0,0,0,0,0,0,0,0,0,0,0,0,0,0,0,0,0,0,0,0,0,0,0,0,0,0,0,0,0,0,0,0,0,0,0,0,0,0,0,0,0,0,0,0,0,0,0,0,0,0,0,0,0,0,0,0,0,0,0,0,0,0,0,0,0,0,0,0,0,0,0,0,0,0,0,0,0,0,0,0,0,0,0,0,0,0,0,0,0,0,0,0,0,0,0,0,0,0,0,0,0,0,0,0,0,0,0,0,0,0,0,0,0,0,0,0,0,0,0,0,0,0,0,0,0,0,0,0,0,0,0,0,0,0,0,0,0,0,0,0,0,0,0,0,0,0,0,0,0,0,0,0,0,0,0,0,0,0,0,0,0,0,0,0,0,0,0,0,0,0,0,0,0,0,0,0,0,0,0,0,0,0,0,0,0,0,0,0,0,0,0,0,0,0,0,0,0,0,0,0,0,0,0,0,0,0,0,0,0,0,0,0,0,0,0,0,0,0,0,0,0,0,0,0,0,0.5677149,0,0,0,0,0,0,0,0,0,0,0,0,0,0,0,0,0,0,0,0,0,0,0,0,0,0,0,0,0,0,0,0,0,0,0,0,0,0,0,0,0,0,0,0,0,0,0,0,0,0,0,0,0,0,0,0,0,0,0,0,0,0,0,0,0,0,0,0,0,0,0,0,0,0,0,0,0,0,0,0,0,0,0,0,0,0,0,0,0,0,0,0,0,0,0,0,0,0,0,0,0,0,0,0,0,0,0,0,0,0,0,0,0,0,0,0,0,0,0,0,0,0,0,0,0,0,0,0,0,0,0,0,0,0,0,0,0,0,0,0,0,0,0,0,0,0,0,0,0,0,0.4322851,0,0,0,0,0,0,0,0,0,0,0,0,0
"99","9029-D_S",0.00186920112152067,0,0,0,0,0,0,0,0,0,0,0,0,0,0,0.000354000212400127,0,0,0.058222734933641,0.0152950091770055,0,0,0,0.000651600390960235,0.104712962827778,0,0,0,0,0,0,0,0,0,0,0,0,0,0.00493500296100178,0.00147500088500053,0,0.000393000235800142,0,0,0,0,0,0,0,0.0266242159745296,0,0,0.0373636224181735,0,0,0,0.0659936395961838,0,0.00284630170778102,0,0.00267880160728096,0.00681230408738245,0,0,0,0,0,0,0,0,0,0,0,0.0190279114167469,0.0149250089550054,0.205664023398414,0,0,0,0,0,0,0,0,0,0,0,0,0.000446600267960161,0,0,0,0,8.9000053400032e-05,0,0,0.0011163006697804,0,0,0.000253500152100091,0,0,0,0,0,0,0,0,0,0,0,0,0,0,0,0,0,0,0.00751610450966271,0.000214800128880077,0,0,0.000745200447120268,0,0,0,0,0,0,0,0.000617400370440222,0,0.00100710060426036,0,0,0.00381750229050137,0,0,0,0,0,0.00242920145752087,0.000495600297360178,0,0,0.000144700086820052,0,0,0,0,0,0,0,0,0.00191470114882069,0,0,0,0,0,0,0.000257300154380093,0,0,0,0,0,0.0207081124248675,0,0,0,0,0,0,0,0,0,0,0,0,0,0,0,0,0,0,0,0,0,0,0,0,0,0,0,0,0,0,0,0,0,0,0,0.00248120148872089,0,0.0086179051707431,0,0,0,0,0.000408100244860147,0,0,0,0,0,0,0,0,0,0,0,0,0,0,0.0050024030014418,0.0297831178698707,0.00118600071160043,0,0,0.00116250069750042,0,0,0,0,0,0,0,0,0,0,0,0,0,0,0.000831400498840299,0,0,0.00265490159294096,0,0,0,0,0,0,0,0.000263800158280095,0,0,0,0,0,0,0,0,0,0,0,0,0,0,0,0,0,0,0,0,0,0,0,0,0.00107560064536039,0,0,0,0,0,0,0,0,0,0,0,0,0,4.1700025020015e-05,0,0,0,0,0,0,0.0033187019912212,0,0,0.0141350084810051,0.00311490186894112,0,0,0,0,0,0,0,0,0,0,0,0,0,0,0,0,0,0,0,0,0,0,0,0,0,0,0,0.00214200128520077,0.0531641318984791,0,0,0,0,0,0,0,0,0,0,0,0,0,0,0,0,0,0,0,0,0,0,0,0,0,0,0,0,0,0,0,0,0,0,0,0,0,0,0,6.1100036660022e-05,0,0,0,0,0,0,0,0,0,0,0,0.00143340086004052,0,0,0,0,0,0,0,0,0,0,0,0,0,0.0162445097467058,0,0,0,0,0.0474935284961171,0,0,0.00852440511464307,0,0,0,0,0.0103780062268037,0,0,0,0,0.0151649090989455,0,0,0,0,0,0,0,0,0,0,0,0,0,0,0,0,0,0,0,0,0,0,0,0,0,0,0,0,0,0,0,0,0,0,0,0,0,0,0,0,0,0,0.00354190212514128,0,0.00155430093258056,0,0,0,0,0,0,0,0,0,0,0,0.00352620211572127,0,0,0,0.11112876667726,0.0234227140536284,0.00884070530442318,0,0,0,0,0,0,0,0,0,0,0,0.00353100211860127,0,0,0,6.70000402000241e-06,0,0,0,0,0,0,0,0,0,0,0,0,0,0,0,0,0,0,0,0,0,0,0,0,0,0,0,0,0,0,0,0,0,0,0,0,0,0,0,0,0.00414700248820149,0,0,0,0,0,0,0,0,0,0,0,0,0,0,0,0
"100","9029-E_S",0.0450764819694072,0,0,0,0,0,0,0,0,0,0,0,0,0,0,1.47999940800024e-05,0,0,0.0157135937145625,0.0266579893368043,0,0,0.00559329776268089,0.00080969967612013,0.0727211709115316,3.7399985040006e-05,0,0,0,0,0,0,0,0,0,0,0,0,0.00901999639200144,0.000356999857200057,0,0.00037419985032006,0,0,0,0,0,0,0,0.00808809676476129,0,0,0.0407354837058065,0,0,0,0.00276329889468044,0,0.0929040628383749,0,0.00172499931000028,0.0604363758254497,0,0,0,0,0,0,0,0,0,0,0,0.012231895107242,0.168236632705347,0.237401205039518,0,0,0,0,0.00196619921352031,0,0,0,0,0,0.000736299705480118,0,0.00105319957872017,0,0,0,0,0,0,0,0,0,0,0,0,0,0,0,0,0,0,0,0,0,0,0,0,0,0,0,0,0,0.000799699680120128,1.99999920000032e-05,0,0,0.000146099941560023,0,0,0,0,0,0,0,0,0,0.000214699914120034,0,0,4.69999812000075e-06,0,0,0,0,0,7.92999682800127e-05,0,0,0,0,0,0,0,0.00196209921516031,0,0,0,0,7.70999691600123e-05,0,0,0,0,0,0,0.000238699904520038,0,6.20999751600099e-05,0,0,0,0.00378619848552061,0,0,0,0,0,0,0,0,0,0,0,0,0,0,0,0,0,0,0,0,0,0,0,0,0,0,0,0,0,0,0,0,0,0,0,1.49999940000024e-05,0,0,0,0,0,0,0,0,0,0,0,0,0,0,0,0,0,0,0,0,0,0.00170629931748027,0.00784169686332126,0,0,0,0.000133199946720021,0,0,0,0.000443699822520071,0,0,0,0,0,0,0,0,0,0,0,0,0,0,0,0,0,0.00407519836992065,0,0,0,0.012484095006362,0,0.000183399926640029,0,0,0,0,0,0,0,0,0,0.0031265987493605,0,0,0,0.000659099736360105,0.00222129911148036,0,0,0,0,0,0,0,0.000294899882040047,0,0,0,0,0,0,0,0,0,0,0,0,0.000204399918240033,0,0,0,0,0,0,0,0.00720379711848115,0,0,0.0043700982519607,0.00131959947216021,0,0,0,0,0,0,0,0,0,0,0,0,0,0,0,0,0,0,0,0,0,0,0,0,0,0,0,0,0.00727279709088116,0,0,0,0,0,0,0,0,0,0,0,0,0,0,0,0,0,0,0,0,0,0,0,0,0,0,0,0,0,0,0,0,0,0,0,0,0,0,0,5.20999791600083e-05,0,0,0,0,0,0,0,0,0,0,0,0.00824499670200132,0.000155299937880025,0,0,0,0,0,0,0,0,0,0,0,0,0.00510069795972082,0,0,0,0,0.0457334817066073,0,0,0.0304252878298849,0,0,0,0,0.0119722952110819,0,0,0,0,0.0087425965029614,0,0,0,0,0,0,0,0,2.14999914000034e-05,0,0,0,0,0,0,0,0,0,0,0,0,0,0,0,0,0,0,0,0,0,0,0,0,0,0,0,0,0,0,0,0,0.00205589917764033,0.000323799870480052,0.000796299681480128,0.00244559902176039,0,0,0,0,0,0,0,0,0,0,0,0.00107139957144017,0,0,0,0.00145099941960023,0.0049722980110808,0.00215839913664035,0,0,0,0,0,0,0,0,0,0,0,0.00164959934016026,0,0,0,0,0,0,0,0,0,0,0,0,0,0,0,0,0,0,0,0,0,0,0,0,0,0,0,0,0,0,0,0,0,0.00418729832508067,0,0,7.89999684000127e-05,0,0.00141179943528023,0,0,0,0,0,0.00135009945996022,0,0,0,0,0,0,0,0,0,0,0,0,0,0,0,0
"101","9027-C_S",0.000272599972740003,0,0,0,0,0,0,0,0,0,0,0,0,0,0,0,0,0,0,0,0,0,0,0,0,0,0,0,0,0,0,0,0,0,0,0,0,0,0,0,0,0,0,0,0,0,0,0,0,0,0,0,0,0,0,0,0,0,0,0,0,0,0,0,0,0,0,0,0,0,0,0,0,0,0,0,0,0,0,0,0,0,0,0,0,0,0,0,0,0,0,0,0,0,0,0,0,0,0,0,0,0,0,0,0,0,0,0,0,0,0,0,0,0,0,0,0,0,0,0,0,0,0,0,0,0,0,0,0,0,0,0,0,0,0,0,0,0,0,0,0,0,0,0,0,0,0,0,0,0,0,0,0,0,0,0,0,0,0,0,0,0,0,0,0,0,0,0,0,0,0,0,0,0,0,0,0,0,0,0,0,0,0,0,0,0,0,0,0,0,0,0,0,0,0,0,0,0,0,0,0,0,0,0,0,0,0,0,0,0,0,0,0,0,0,0,0,0,0,0,0,0,0,0,0,0,0,0,0,0,0,0,0,0,0,0,0,0,0,0,0,0,0,0,0,0,0,0,0,0,0,0,0,0,0,0,0,0,0,0,0,0,0,0,0,0,0,0,0,0,0,0,0,0,0,0,0,0,0,0,0,0,0,0,0,0,0,0,0,0,0,0,0,0,0,0,0,0,0,0,0,0,0,0,0,0,0,0,0,0,0,0,0,0.00229299977070002,0,0,0,0,0,0,0,0,0,0,0.174647582535242,0,0,0,0.00824959917504008,0,0,0,0,0,0,0,0,0,0.000666799933320007,0,0.00515879948412005,0,0,0,0,0,0,0,0,0,0,0,0,0,0,0,0,0,0,0,0,0,0,0,0,0,0,0,0,0,0,0,0,0,0,0,0,0,0,0,0,0,0,0,0,0,0,0,0,0,0,0,0,0,0,0,0,0,0.000533299946670005,0.000920299907970009,0,0,0,0,0,0,0,0,0,0,0,0,0,0,0,0,0,0,0,0,0,0,0,0,0,0.00382569961743004,0,0,0,0,0,0,0,0,0,0,0,0,0,0,0,0,0,0,0,0,0,0,0,0,0,0,0,0,0,0,0.000412199958780004,0,0,0,0,0,0,0,0,0,0,0,0,0,0,0,0,0,0,0,0,0,0,0,0,0,0,0,0,0,0,0,0,0,0,0,0,0,0,0.144207185579281,0,0,0,0,0,0,0,0,0,0,0,0,0,0,0,0,0,0,0,0,0,0,0,0,0,0,0,0,0,0,0,0,0,0,0,0,0,0,0,0,0,0,0,0,0,0,0.520791547920845,0.0893317910668209,0.00545649945435005,0.0157748984225102,0,0,0,0,0,0.0274581972541803,0,0,0,0
"102","9003-B_S",0,0,0,0,0,0,0,0,0,0,0,0,0,0,0,0,0,0,0,0,0,0,0,0,0,0,0,0,0,0,0,0,0,0,0.0018668,0,0,0,0,0,0,0,0,0,0,0,0,0,0,0,0,0,0,0,0,0,0,0,0,0,0,0,0,0,0,0,0,0,0,0,0,0,0,0,0,0,0,0,0,0,0,0,0,0,0,0,0,0,0,0,0,0,0,0,0,0,0,0,0,0,0,0,0.0297675,0,0,0,0,0,0,0,0,0,0,0,0,0,0,0.0020201,0,0,0,0,0,0,0,0,0,0,0,0,0,0,0,0,0,0,0,0,0,0,0,0,0,0,0,0,0,0,0,0,0,0,0,0,0,0,0,0,0,0,0,0,0,0,0,0,0,0,0,0,0,0,0,0,0,0,0,0,0,0,0,0,0,0,0,0,0,0,0,0,0,0,0,0,0,0,0,0,0,0,0,0,0,0,0,0,0,0,0,0,0,0,0,0,0,0,0,0,0,0,0,0.0168708,0,0,0,0,0,0,0,0,0,0,0,0,0,0,0,0,0.0465588,0,0,0,0,0,0,0,0,0,0,0,0.0936429,0,0,0,0.0264831,0,0,0,0,0,0,0,0,0,0,0,0,0,0,0,0,0,0,0,0,0,0,0,0,0,0,0,0,0,0,0,0,0,0,0,0,0,0,0,0,0,0,0,0,0,0,0,0,0,0,0,0,0,0,0,0,0,0,0,0,0,0,0,0.0116857,0,0,0,0,0.0031849,0.0017088,0,0,0,0,0,0,0,0,0,0,0,0,0,0,0,0,0,0,0,0,0,0,0,0,0,0,0,0,0,0,0,0,0,0,0,0,0,0,0,0,0,0,0,0,0,0,0,0,0,0,0,0,0,0.005068,0.0004376,0,0,0,0,0,0.1449264,0,0,0,0,0,0,0,0,0,0,0,0,0,0,0,0,0,0,0,0,0,0,0,0,0,0,0,0,0,0.0114682,0,0,0,0,0,0,0,0,0,0,0,0,0,0,0,0.0137832,0.0167025,0.0105626,0,0,0,0,0,0,0,0,0,0,0,0,0.0467596,0,0,0,0,0,0,0,0,0,0,0,0,0,0,0,0,0,0,0,0,0,0,0,0,0,0,0,0,0,0,0,0,0,0,0,0,0,0,0,0,0,0,0,0,0,0,0,0,0,0,0,0,0,0,0,0,0,0,0,0,0,0,0,0,0,0.0048069,0,0,0,0,0.026939,0.081514,0,0.0195736,0,0.0058219,0,0,0,0,0,0,0,0,0,0,0,0,0,0,0,0,0,0,0,0.1760349,0.0135,0.0042073,0.175407,0,0,0,0.0029854,0,0.0057125,0,0,0,0
"103","9027-D_S",0.00155330046599014,0,0,0,0,0,0,0,0,0,0,0,0,0,0,0.000216300064890019,0,0,0.000717800215340065,0.0246177073853122,0,0.00814870244461073,0.00311440093432028,0,0.0318986095695829,0.022746506823952,0,0,0.00189600056880017,0,0,0,0,0,0,0,0,0,0.00681340204402061,0,0,4.20000126000038e-05,0,0,0,0,0,0,3.76000112800034e-05,0.0133449040034712,0.000308500092550028,0,0.0399824119947236,0.000747000224100067,0,0,0,0,0.0128351038505312,0.0010637003191101,0.00044970013491004,0.00169600050880015,0.0746489223946767,0,0,0,0,0,0,0,0,0,0.00483680145104043,0.00841880252564076,0.0952086285625886,0.0540139162041749,0.0269467080840124,0,0,0.022006306601892,0.00465810139743042,0,0.000585600175680053,0,0.000732500219750066,0,0.0032858009857403,0,0,0,0,0,0,0,0.00055370016611005,0.000183500055050017,0,0.000184400055320017,0,1.71000051300015e-05,0,0,0,0,7.04000211200063e-05,0.000183100054930016,0.00274230082269025,0,0,0,0,0,0,0.00165390049617015,0.000165900049770015,0,0,0,0,0,7.34000220200066e-05,0,0,0,0,0,0,0,0.00011410003423001,0.0011188003356401,0,0,0,0,0,0,0,0,0,0,0,0,0,0,0,0,0,0,0,0,0,0,0,0,0,0,0,0,0,0,3.78000113400034e-05,0.00032960009888003,0.000718000215400065,0,0,3.12000093600028e-05,0.00527560158268047,0,0,0,0,0.000796300238890072,0,0.00345090103527031,0.00546850164055049,0,0.00307400092220028,0,0,0,0,0,0,0,0,0.000823000246900074,0,1.83000054900016e-05,0,0,0,0,0,0,0,0,0.0123058036917411,0,0,0.000881600264480079,0.000192200057660017,0,0,0,0,0,0.000136600040980012,0,0,0,0.00011600003480001,0.000135800040740012,0,0.000320100096030029,0.00196790059037018,0.044604813381444,0,0,0,0.000615100184530055,0,0,0,0,0,0.000564200169260051,0.00159610047883014,0,0,0,0,0,6.7200020160006e-05,0,0,0,0,0,0,0,0,0,0,0,0,0,0,0,0,7.36000220800066e-05,0,0,0.0349535104860531,0.00349550104865031,0,0.000203600061080018,0.0412095123628537,0.044679513403854,0.11625673487702,3.23000096900029e-05,0,0,0.00055150016545005,0.0367827110348133,0,0,4.38000131400039e-05,0,0.000517100155130047,0,0,0,0,0.022512806753842,0.0161407048422115,0.00257930077379023,0.00022650006795002,0,0.000281000084300025,0.00169080050724015,0.00130370039111012,0.000200900060270018,0.000843800253140076,0.00398610119583036,0.000260100078030023,0,0,0.00457010137103041,0,0.000953900286170086,0.00056100016830005,0,0.000992300297690089,0,0.00403270120981036,0,0.000142400042720013,0,0,0.00164980049494015,0,0.000492400147720044,0.000178600053580016,0,0,0,0.00312700093810028,0,0,0,0,0,0,0,0,0,0,0,0,0.000321700096510029,0,0,0,0,0.000398500119550036,0,0,0,0,0,0,0,0,0,0,0,0,0,0,0,0,0,0,0,0,0,0,0,0,0,0,0,0,0,0,0,0,0,0,0,0,0,0,0,0,0,0,0,0,0,0,0,0,0,0,9.00000270000081e-06,0,0,0,0,0,0,0,0,0,0,0,0,0,0.0134063040218912,0,0,0,0,0,0,0,0,0,0,0,0.00954550286365086,0.00613530184059055,0,0,0,0.00229470068841021,0.0021911006573302,0,0.0275736082720825,0,0,0,0,0.000587900176370053,0,0,0,0,4.19000125700038e-05,0,0,0,0,0,0,0,0,0,0,0,0,0,0,0,0,0,0,0,0,0,0,0,0,0,0,0,0,0,0,0,0,0,0,0,0,0,0,0,0,0,0.00428040128412038,0.000576300172890052,0,0.00186860056058017,0.00066230019869006,0.000123000036900011,0.00474620142386043,0,0,9.53000285900086e-05,0,0,0,0,0,0.000320400096120029,0,0,0.000402400120720036,0,0.000675100202530061,0.00542750162825049,0,0,0,0,0,0,0,0,0.00283530085059026,0,0.000376100112830034,0,0,0,0,0,0,0,0,0,3.09000092700028e-05,0,0,0,0,0,0,0,0,0,0,0,0,0,0,0,0,0,0.000618400185520056,0.00301200090360027,0,0,0,0,0,0,0,0.000536800161040048,7.20000216000065e-05,0,0,0,0,0.00622300186690056,0,0,0,0,0.000630100189030057,0.000131900039570012,0.000166200049860015,0,0,0,0,0,0,0,0,0,0,0,0
"104","9026-A_S",0.00201680040336008,0,0,0,0,0,0,0,0,0,0,0,0,0,0,0,0,0,0,0,0,0,0,0,0,0,0,0,0,0,0,0,0,0,0,0,0.0337235067447013,0,0.0304283060856612,0,0,0,0.00569190113838023,0,0,0,0,0,0,0,0,0,0,0,0,0,0,0,0,0,0,0,0,0,0,0,0,0,0,0,0,0,0,0,0,0,0,0,0,0,0,0,0,0,0,0,0,0,0,0,0.0341914068382814,0,0,0,0,0,0,0,0,0,0,0,0,0,0,0,0,0,0,0,0,0,0,0,0,0,0,0,0,0,0,0.107753421550684,0,0,0.0112926022585205,0,0,0,0,0,0,0,0,0.000133100026620005,0,0,0,0,0,0,0,0,0,0.00104650020930004,0.00655300131060026,0,0,0,0,0,0,0,0.0049070009814002,0.00790560158112032,0,0,0,0,0,0.0203062040612408,0,0,0,0,0,0,0,0,0,0.00192150038430008,0,0,0,0,0,0,0,0,0,0,0,0,0,0,0,0,0,0,0,0,0,0,0,0,0,0,0,0,0,0,0,0,0,0,0,0,0,0,0,0,0,0,0,0,0,0,0,0,0,0,0,0,0,0,0,0,0,0,0,0,0,0,0,0,0,0.0050539010107802,0,0,0.0194135038827008,0,0,0,0,0,0,0,0,0,0,0,0,0,0,0,0,0,0,0,0,0,0,0,0,0,0,0,0,0,0,0,0,0,0,0,0,0,0,0,0,0,0,0,0,0,0,0,0,0,0,0,0,0,0,0,0,0,0,0,0,0,0,0,0,0,0,0.00220780044156009,0,0,0,0,0,0,0.0550644110128822,0,0,0,0,0,0,0,0,0,0,0,0.00605510121102024,0,0,0,0,0,0,0,0,0,0.0161517032303406,0,0.150955830191166,0.00418850083770017,0.00271150054230011,0,0.000601300120260024,0,0,0,0.000694200138840028,0.000193400038680008,0,0,0,0,0,0,0,0,0,0,0,0,0,0,0,0,0,0,0,0.00208090041618008,0,0,0,0,0,0,0,0,0,0,0,0,0,0,0,0,0,0,0,0.0427957085591417,0.0113455022691005,0.000827700165540033,0.00207290041458008,0,0,0,0,0,0,0,0,0,0,0,0,0,0,0,0,0,0,0,0,0,0,0,0,0,0,0,0,0.0111434022286804,0,0,0,0,0,0,0,0.000212300042460009,0.00379400075880015,0,0,0,0,0,0,0,0,0,0,0,0,0,0,0,0,0,0,0,0,0,0,0,0,0,0,0,0,0,0,0,0.000723400144680029,0,0,0.0642766128553226,0,0,0,0,0,0,0,0,0,0,0,0,0,0,0,0,0,0,0,0,0,0,0,0,0,0,0,0,0,0,0,0,0,0,0,0,0,0,0,0,0,0,0,0,0,0,0,0,0,0,0,0,0,0,0,0,0,0,0,0,0,0,0,0,0,0,0,0,0,0,0,0.0157152031430406,0,0,0,0.00113100022620005,0.00165700033140007,0,0,0,0.0144368028873606,0.00462280092456019,4.45000089000018e-05,0.0152003030400606,0,0,0.274748054949611,0,0.000400300080060016,0.00160960032192006,0,0,0,0
"105","9026-C_S",0,0,0,0,0,0,0,0,0,0,0,0,0,0,0,0,0,0,0,0,0,0,0,0,0,0,0,0,0,0,0,0,0,0,0,0,0,0,0,0,0,0,0,0,0,0,0.4829347,0,0,0,0,0,0,0,0,0,0,0,0,0,0,0,0,0,0,0,0,0,0,0,0,0,0,0,0,0,0,0,0,0,0,0,0,0,0,0,0,0,0,0,0,0,0,0,0,0,0,0,0,0,0,0,0,0,0,0,0,0,0,0,0,0,0,0,0,0,0,0,0,0,0,0,0,0,0,0,0,0,0,0,0,0,0,0,0,0,0,0,0,0,0,0,0,0,0,0,0,0,0,0,0,0,0,0,0,0,0,0,0,0,0,0,0,0,0,0,0,0,0,0,0,0,0,0,0,0,0,0,0,0,0,0,0,0,0,0,0,0,0,0,0,0,0,0,0,0,0,0,0,0,0,0,0,0,0,0,0,0,0,0,0,0,0,0,0,0,0,0,0,0,0,0,0,0,0,0,0,0,0,0,0,0,0,0,0,0,0,0,0,0,0,0,0,0,0,0,0,0,0,0,0,0,0,0,0,0,0,0,0,0,0,0,0,0,0,0,0,0,0,0,0,0,0,0,0,0,0,0,0,0,0,0,0,0,0,0,0,0,0,0,0,0,0,0,0,0,0,0,0,0,0,0,0,0,0,0,0,0,0,0,0,0,0,0,0,0,0,0,0,0,0,0,0,0,0,0,0,0,0,0,0,0,0,0,0,0,0,0,0,0,0,0,0,0,0,0,0,0,0,0,0,0,0,0,0,0,0,0,0,0,0,0,0,0,0,0,0,0,0,0,0,0,0,0,0,0,0,0,0,0,0,0,0,0,0,0,0,0,0,0,0,0,0,0,0,0,0,0,0,0,0,0,0,0,0,0,0,0,0,0,0,0,0,0,0,0,0,0,0,0,0,0,0,0,0,0,0,0,0.5170653,0,0,0,0,0,0,0,0,0,0,0,0,0,0,0,0,0,0,0,0,0,0,0,0,0,0,0,0,0,0,0,0,0,0,0,0,0,0,0,0,0,0,0,0,0,0,0,0,0,0,0,0,0,0,0,0,0,0,0,0,0,0,0,0,0,0,0,0,0,0,0,0,0,0,0,0,0,0,0,0,0,0,0,0,0,0,0,0,0,0,0,0,0,0,0,0,0,0,0,0,0,0,0,0,0,0,0,0,0,0,0,0,0,0,0,0,0,0,0,0,0,0,0,0,0,0,0
"106","9026-D_S",0,0,0,0,0,0,0,0,0,0,0,0,0,0,0,0,0,0,0,0.00405349918930016,0.000432299913540017,0,0,0,0.0361423927715214,0.000454399909120018,0,0,0,0,0,0,0,0,0,0,0,0,0.00182239963552007,0,0,0,0,0,0,0,0,0,0,0.0188580962283808,0,0,0.00688239862352027,0.00073979985204003,0,0,0,0,0,0.0135531972893605,0,0.0117201976559605,0,0,0,0,0,0,0,0,0,0,0,0.0121235975752805,0.0173618965276207,0.110410277917944,0.0191430961713808,0,0,0.00585129882974023,0,0,0,0,0,0,0.000477999904400019,0.000198299960340008,0,0,0,0,0,0,9.43999811200038e-05,0,0,0,0,0,0,0,0,0,0,0,0,0,0,0,0,0,0,0,0,0,0,0,0,0,0,0,0,0,0,0,0,0,0,0,0,0,0,0,0,0,0,0,0,0,0,0,0,0,0,0,0,0,0,0,0,0,0,0,0,0,0,0,0,0,0,0.000175599964880007,0,0,0,0,0,0,0,0,0,0,0,0.00104769979046004,0,0,0,0,0,0,0,0,0,0,0,0,0,0,0,0,0,0,0,0,0,0,0,0,0,0,0,0,0,0,0,0,0,0,0,0,0.00111479977704004,0,0,6.53999869200026e-05,0,0.00112549977490005,0,0,0,0,0,0,0,0,0,0.000283199943360011,0.00102089979582004,0,0,0,0,0,0,0,0,0,0,0,0,0,0,0,0,0,0,0,0,0,0.00176189964762007,0,0,0,0.00123909975218005,0.00049679990064002,0,0,0.00688049862390028,0,0.00647139870572026,0,0,0,0,0,0,0,0,0,0,0,0,0,0.000828399834320033,0.00589559882088024,0,0,0,0,0,0,0,0,0,0.00101819979636004,0,0,0,0.00303889939222012,0,0,0,0,0,0,0,0,0,0,0,0.000184299963140007,0,0,0,0,0,0,0.000541899891620022,0,0,0,0,0,0,0,0,0,0,0,0,0.000209299958140008,0,0,0,0,0.00112349977530004,0,0,0.00024009995198001,0,0,0,0,0,0,0.000273299945340011,0,0,0,0,0,0,0,0,0,0,0,0,0,0,0,0,0,0,0,0,0,0,0,0,0,0,0,0,0,0,0,0,0,0,0,0,0,0,0,0,0,0,0,0,0,0,0,0,0,0,0,0,0,0,0,0,0,0,0,0,0,0,0,0,0,0,0.0026139994772001,0.000677699864460027,0.000364699927060015,0,0,0.00449229910154018,0,0,0.0155085968982806,0,0,0,0,9.79999804000039e-06,0,0,0,0,0,0.00838719832256033,0,0,0,0,0,0,0,0.645483170903366,0,0,0,0,0,0,0,0,0,0,0,0,0,0,0,0,0,0,0,0,0,0.000114299977140005,0,0,0,0,0,0,0,0,0,0,0,0.00818749836250033,0,0.00183469963306007,0,0,0,0,0,0,0,0,0,0,0,7.10999857800028e-05,0,0.00076299984740003,0,0,0,0.000881099823780035,0,0.000421599915680017,0,0,0,0,0,0,0,0,0.0024552995089401,0,0,0,0,0,0,0,0,0,0,0,0,0,0,0,0,0,0,0,0,0,0,0,0,0,0,0,0,0,0,0,0,0,0,0,0,0.000321099935780013,0,0,0,0,0,0.0120569975886005,0,0,0,0,0,0,0,0,0,0,0,0,0,0,0,0,0,0,0
"107","9025-A_S",0,0,0,0,0,0,0,0,0,0,0,0,0,0,0,0,0,0,0,0,0,0,0,0,0,0,0,0,0,0,0,0,0,0,0,0,0,0,0,0.095633490436651,0,0,0,0,0,0,0,0,0,0,0,0,0,0,0,0,0,0,0,0,0,0,0,0,0,0,0,0,0,0,0,0,0,0,0,0,0,0,0,0,0,0,0,0,0,0.00595749940425006,0,0,0.0586272941372706,0,0,0,0,0,0,0,0,0,0,0,0,0,0,0,0,0,0,0,0,0,0,0,0,0,0,0,0,0,0,0.128047887195211,0,0,0,0,0,0,0,0,0,0,0,0,0,0,0,0,0,0,0,0,0,0,0,0,0.00657859934214007,0,0,0,0,0,0,0,0,0.0206953979304602,0,0,0,0,0,0,0,0,0,0,0,0,0,0,0,0,0,0,0,0,0,0,0,0,0,0,0,0,0,0,0,0,0,0,0,0,0,0,0,0,0,0,0,0,0,0,0,0,0,0,0,0,0,0,0,0,0,0,0,0,0,0,0,0,0,0,0,0,0,0,0,0,0,0,0,0,0,0,0,0.00603769939623006,0,0,0,0,0.0862625913737409,0,0,0,0,0,0,0,0,0,0,0,0,0,0,0,0,0,0,0,0,0,0,0,0,0,0,0,0,0,0,0,0,0,0,0,0,0,0,0,0,0,0,0,0,0,0,0,0,0,0,0,0,0,0,0,0,0,0,0,0,0,0,0,0,0,0,0,0,0,0,0,0,0,0.00954439904556009,0.000764399923560008,0.000143199985680001,0,0,0,0,0,0,0,0,0,0.00111829988817001,0,0,0,0,0,0,0,0,0,0.0121472987852701,0,0,0,0.383809561619044,0.0197748980225102,0.099665090033491,0,0,0,0.000349499965050004,0,0,9.26999907300009e-05,0,0,0,0,0,0,0,0,0,0,0,0,0,0,0,0,0,0.00746839925316007,0,0,0,0,0,0,0,0,0,0,0,0,0,0,0,0,0,0,0,0,0,0,0,0,0,0,0,0,0,0,0,0,0,0,0,0,0,0,0,0,0,0,0,0,0,0,0,0,0,0,0,0,0,0,0,0,0,0,0,0.00396179960382004,0,0,0,0,0,0,0,0,0,0,0,0,0,0,0,0,0,0,0,0,0,0,0,0,0,0,0,0,0,0,0,0,0,0,0,0,0,0,0,0,0,0,0,0,0,0,0,0,0,0,0,0,0,0,0,0,0,0,0,0,0,0,0,0,0,0,0,0,0,0,0,0,0,0,0,0,0,0,0,0,0,0,0,0,0,0,0,0,0,0,0,0,0.00416369958363004,0,0.00141339985866001,0,0,2.26999977300002e-05,0,7.51999924800008e-05,0.000397099960290004,0,0,0,0,0,0,0,0,0,0,0,0,0,0,0,0,0,0,0.0472478952752105,0,0,0,0,0,0,0,0,0,0
"108","9025-C_S",0,0,0,0,0,0,0,0,0,0,0,0,0,0,0,0,0,0,0,0,0,0,0,0,0,0,0,0,0,0,0.0190949019094902,0,0,0,0.185070118507012,0,0,0,0,0,0,0,0,0,0,0,0,0,0,0,0,0,0,0,0,0,0,0,0,0,0,0,0,0,0,0,0,0,0,0,0,0,0,0,0,0,0,0,0,0,0,0,0,0,0,0,0,0,0,0,0,0,0,0,0,0,0,0,0,0,0,0,0,0,0,0,0,0,0,0,0,0,0,0,0,0,0,0,0,0,0,0,0,0,0,0,0,0,0,0,0,0,0,0,0,0,0,0,0,0,0,0,0,0,0,0,0,0,0,0,0,0,0,0,0,0,0,0,0,0,0,0,0,0,0,0,0,0,0,0,0,0,0,0,0,0,0,0,0,0,0,0,0,0,0,0,0,0,0,0,0,0,0,0,0,0,0,0,0,0,0,0,0,0,0,0,0,0,0,0,0,0,0,0,0,0,0,0,0,0,0,0.133552413355241,0,0,0,0,0,0,0,0,0,0,0,0,0,0,0,0,0,0,0,0,0,0,0,0,0,0,0,0,0,0,0,0,0,0,0,0,0,0,0,0,0,0,0,0,0,0,0,0,0,0,0,0,0,0,0,0,0,0,0,0,0,0,0,0,0,0,0,0,0,0,0,0,0,0,0,0,0,0,0,0,0,0,0,0,0,0,0,0,0,0,0.206566720656672,0,0.0807401080740108,0,0,0,0,0,0,0,0,0,0,0,0,0,0,0,0,0,0,0,0,0,0,0,0,0,0,0,0,0,0,0,0,0,0,0,0,0,0,0,0,0,0,0,0,0,0,0,0,0,0,0,0,0,0,0,0,0,0,0,0,0,0,0,0,0,0,0,0,0,0,0.0407558040755804,0,0,0,0,0,0,0,0,0,0,0.0256167025616703,0,0,0,0,0,0,0,0,0,0,0,0,0,0,0,0,0,0,0,0,0,0,0,0,0,0,0,0,0,0,0,0,0,0,0,0.0600514060051406,0,0,0,0,0,0,0,0,0,0,0,0,0,0,0,0,0,0,0,0,0,0,0,0,0,0,0,0,0,0,0,0,0,0,0,0,0,0,0,0,0,0,0,0,0,0,0,0,0,0,0,0,0,0,0,0,0,0,0,0,0,0,0,0,0,0,0,0,0,0,0,0,0,0,0,0,0,0,0,0,0,0,0,0,0,0,0,0,0,0,0,0,0,0,0,0,0,0,0,0,0,0,0,0,0,0,0,0,0,0.0898440089844009,0,0,0.158707815870782,0,0,0,0,0,0,0,0,0,0
"109","9025-E_S",0,0,0,0,0,0,0,0,0,0,0,0,0,0,0,0,0,0,0,0.00594139940586006,0.0446953955304604,0,0.0117385988261401,0,0.00649379935062006,0.00247389975261002,0,0.235568376443162,0.000136799986320001,0,0,0,0,0,0,0,0,0,0.0112524988747501,0,0,0,0,0,0,0,0,0,0,0.00259109974089003,0.0115684988431501,0,0.000836799916320008,0.000860199913980009,0,1.85999981400002e-05,0,0,0.00140699985930001,0.000284499971550003,0,0.000443099955690004,0,0,0,0,0,0,0,0,0,0,0.00466019953398005,0.000514699948530005,0.00696609930339007,0.0165042983495702,0.000194799980520002,0,0,0.000150699984930002,0.0199036980096302,0,0,0,0.000758699924130008,0,0.000769199923080008,0,0,0,0,0,0,0,0,0,0,0.000245299975470002,0,0,0,0,0,0,0.000297399970260003,0.000527699947230005,0.000681199931880007,0,0,0,0,0,0,0,0,0,0,0,0,0,0.00393879960612004,0,0,0,0,0,0,0,0,0,0,0,0,0,0,0,0,0,0,0,0,0,0,0,0,0,0,0,0,0.000437699956230004,0,0,0,0,0,0,0,0,0,0,0,0,0,0,0,0.0231032976896702,0,0.000139999986000001,0,0,0.0245961975403802,0,0,0,0,0,0,0,0,0,0,0,0,0,0,0,0,0,0,0,0,0,0,0,0,0,0,0,0,0,0,0,0,0,0,0,0.0177596982240302,0.000386599961340004,0,0,0,0,0,0.000169799983020002,0.000331999966800003,0,0,0.00909089909091009,0,0,0,0,0,0.000313299968670003,0,0.00173809982619002,0.00431309956869004,0,0,0,0,0,0.00124079987592001,0,0,0.000191899980810002,0,0,0,0,0,0,0,0,0,0,0,0,0.000717999928200007,0.00130259986974001,0,0,0.000181999981800002,0.00479809952019005,0,0,0.000176499982350002,0.00117049988295001,0,0,0,0,0,0.0132107986789201,0,0,0,0,0,0,0,0,0,0.0204373979562602,0.00163999983600002,0,0,0,0,0.000142499985750001,0.00935339906466009,0,0.00166689983331002,0.00481479951852005,0,0,0.0114350988564901,0.110234488976551,0.000300999969900003,0.00179859982014002,0.000728599927140007,0,0,0,0,0,0.000129499987050001,0,0,0,0,0,0,0,0.000280199971980003,0,0.00129609987039001,0,0,0,0,0,0,0,0,0,0,0,0,0.000129899987010001,0,0,0,0,0,0,0,0,0,0,0,0,0,0,0,0.000467999953200005,0,0,0,0,0,0,0,0,0,0,0,0,0,0,0,0,0,0,0,0,0,0,0,0,0,0,0,0,0,0,0,0,0,0,0,0,0,0,0,0.000285799971420003,0,0,0,0,0,0,0,0,0,0,0,0,0,0.0129358987064101,0,0,0.000508399949160005,0,0,0,0,0,0,0,0,0.00668519933148007,0.00422209957779004,0.000631299936870006,0,0,0.00387839961216004,0.00142839985716001,0,0.00224909977509002,0,0,0,0,0,0,0,0,0,0,0.0283935971606403,0,0,0,0,0,0,0,0.137692286230771,0,0,0,0,0,0,0,0.00232589976741002,0.00302689969731003,0,0,0.00318089968191003,0.00345639965436003,0.0138844986115501,0.0185770981422902,0.0116406988359301,0.0200597979940202,0,0.000798399920160008,0,0,0,0,0,0,0,0,0,0,0,0,0,0,0.000149399985060001,0.00173449982655002,0,0,0,0,0,0,0,0.000252699974730003,0,0,0,0.00485729951427005,0,0,0.00376379962362004,0,0,2.28999977100002e-05,0.00250179974982002,0,0.00405629959437004,0,0,0,0,0.00737169926283007,9.14999908500009e-05,0,0,0.0301814969818503,0.00208089979191002,0,0.00183779981622002,0,0,0.00129449987055001,0,0,0,0.000275499972450003,0,0,0,0,0,0,0,0,0,0,0,0,0,0,0,0,0,0,0,0,0,0,0,0,0,0,0.000922699907730009,0,0,0,0,0,0,0,0,0,0,9.23999907600009e-05,0,0,0,0,0,0,0,0,0,0,0,0,0,0
"110","9024-A_S",0,0,0,0,0,0,0,0,0,0,0,0,0,0,0,0,0,0,0,0,0,0,0,0,0,0,0,0,0,0,0,0,0,0,0,0,0,0,0,5.14000051400005e-05,0,0,0,0,0,2.78000027800003e-05,0,0,0,0,0,0,0,0,0,0,0,0,0,0,0,0,0,0,0,0,0,0,0,0,0,0,0,0,0,0,0,0,0,0,0,0,0,0,0,0,0,0,0,0,0,0,0,0,0,0,0,0,0,0,0,0,0,0,0,0,0,0,0,0,0,0,0,0,0,0,0,0,0,0,0,0,0,0,0,0,0,0,0,0,0,0,0,0,0,0,0,0,0,0,0,0,0,0,0,0,0,0,0,0,0,0,0,0,0,0,0,0,0,0,0,0,0,0,0,0,0,0,0,0,0,0,0,0,0,0,0,0,0,0,0,0,0,0,0,0,0,0,0,0,0,0,0,0,0,0,0,0,0,0,0,0,0,0,0,0,0,0,0,0,0,0,0,0,0,0,0,0,0,0,0,0,0,0,0,0,0,0,0,0,0,0,0,0,0,0,0,0,0.0421496042149604,0,0,0,0,0,0,0,0,0,0,0,0,0,0,0,0,0,0,0,0,0,0,0,0,0,0,0,0,0,0,0,0,0,0,0,0,0,0,0,0,0,0,0,0,0,0,0,0,0,0,0,0,0,0,0,0,0,0,0,0,0,0,0,0,0,0,0,0,0,0,0,0,0,0,0,0,0,0,0,0,0,0,0,0,0,0,0,0,0,0,0,0,0,0,0,0,0,0,0,0.681309468130947,0.0325920032592003,0.164322816432282,0,0,0.000122500012250001,0.000866400086640009,0,0,0.000114700011470001,0,0,0,0,0,0,0,0,0,0,0,0,0,0,0,0,0,0,0,0,0,0,0,0,0,0,0,0,0,0,0,0,0,0,0,0,0,0,0,0,0,0,0,0,0,0,0,0,0,0,0,0,0,0,0,0,0,0,0,0,0,0,0,0,0,0,0,0,0,0,0,0,0,4.90000049000005e-05,0,0,0,0,0,0,0,0,0,0,0,0,0,0,0,0,0,0,0,0,0,0,0,0,0,0,0,0,0,0.0707965070796507,0,0,0,0,0,0,0,0,0,0,0,0,0,0,0,0,0,0,0,0,0,0,0,0,0,0,0,0,0,0,0,0,0,0,0,0,0,0,0,0,0,0,0,0,0,0,0,0,0,0,0,0,0,0,0,0,0,0,0,0.00220340022034002,0.000226000022600002,0,0,0,0,0,0.000146200014620001,0,0.00096380009638001,0,0,0,0,0,0,0,0,0,0,0,0,0,0,0,0,0,0,0,0,0,0,0.000173100017310002,0,0.00388530038853004,0,0,0,0,0,0,0,0,0,0
"111","9024-B_S",0,0,0,0,0,0,0,0,0,0,0,0,0,0,0,0,0,0,0,0,0,0,0,0,0,0,0,0,0,0,0,0,0,0,0,0,0,0,0,0,0,0,0,0,0,0,0,0,0,0,0,0,0,0,0,0,0,0,0,0,0,0,0,0,0,0,0,0,0,0,0,0,0,0,0,0,0,0,0,0,0,0,0,0,0,0,0,0,0,0,0,0,0,0,0,0,0,0,0,0,0,0,0,0,0,0,0,0,0,0,0,0,0,0,0,0,0,0,0,0,0,0,0,0,0,0,0,0,0,0,0,0,0,0,0,0,0,0,0,0,0,0,0,0,0,0,0,0,0,0,0,0,0,0,0,0,0,0,0,0,0,0,0,0,0,0,0,0,0,0,0,0,0,0,0,0,0,0,0,0,0,0,0,0,0,0,0,0,0,0,0,0,0,0,0,0,0,0,0,0,0,0,0,0,0,0,0,0,0,0,0,0,0,0,0,0,0,0,0,0,0,0,0,0,0,0,0,0,0,0,0,0,0,0,0,0,0,0,0,0,0,0,0,0,0,0,0,0,0,0,0,0,0,0,0,0,0,0,0,0,0,0,0,0,0,0,0,0,0,0,0,0,0,0,0,0,0,0,0,0,0,0,0,0,0,0,0,0,0,0,0,0,0,0,0,0,0,0,0,0,0,0,0,0,0,0,0,0,0,0,0,0,0,0,0,0,0,0,0,0,0,0,0,0,0,0,0,0,0,0,0,0,0,0,0,0,0,0,0.368670463132954,0.0225180977481902,0.101427289857271,0,0,0,0,0,0,0,0,0,0,0,0,0,0,0,0,0,0,0,0,0,0,0,0,0,0,0,0,0,0,0,0,0,0,0,0,0,0,0,0,0,0,0,0,0.000731799926820007,0,0,0,0,0,0,0,0,0,0,0,0,0,0,0,0,0,0,0,0,0,0,0,0,0,0,0,0,0,0,0,0,0,0,0,0,0,0,0,0.00397979960202004,0,0,0,0,0,0,0,0,0,0,0,0,0,0,0,0,0,0,0,0,0,0,0,0,0,0,0,0,0,0,0,0,0,0,0,0,0,0,0,0,0,0,0,0,0,0,0,0,0,0,0,0,0,0,0,0,0,0,0,0,0,0,0,0,0,0,0,0,0,0,0,0,0,0,0,0,0,0,0,0,0,0,0,0,0,0,0.000187899981210002,0,0,0,0,0,0.00453639954636004,0,0.00328649967135003,0,0,0,0,0,0,0,0,0,0,0,0,0,0,0,0,0,0,0,0,0,0.00220899977910002,0.0182396981760302,9.5399990460001e-05,0.473606252639375,0,0.000124999987500001,0,0.000128399987160001,0.000257999974200003,0,0,0,0,0
"112","9003-C_S",0,0,0,0,0,0,0,0,0,0,0,0,0,0,0,0,0,0,0,0,0,0,0,0,0,0,0,0,0,0,0,0,0,0,0,0,0,0,0,0,0,0,0,0,0.0859378,0,0,0,0,0,0,0,0,0,0,0,0,0,0,0,0,0,0,0,0,0,0,0,0,0,0,0,0,0,0,0,0,0,0,0,0,0,0,0,0,0,0,0,0,0,0,0,0,0,0,0,0,0,0,0,0,0,0,0,0,0,0,0,0,0,0,0,0,0,0,0,0,0,0,0,0,0,0,0,0,0,0,0,0,0,0,0,0,0,0,0,0,0,0,0,0,0,0,0,0,0,0,0,0,0,0,0,0,0,0,0,0,0,0,0,0,0,0,0,0,0,0,0,0,0,0,0,0,0,0,0,0,0,0,0,0,0,0,0,0,0,0,0,0,0,0,0,0,0,0,0,0,0,0,0,0,0,0,0,0,0,0,0,0,0,0,0,0,0,0,0,0,0,0,0,0,0,0,0,0,0,0,0,0,0,0,0,0,0,0,0,0,0,0,0,0,0,0,0,0,0,0,0,0,0,0,0,0,0,0,0,0,0,0,0,0,0,0,0,0,0,0,0,0,0,0,0,0,0,0,0,0,0,0,0,0,0,0,0,0,0,0,0,0,0,0,0,0,0,0,0,0,0,0,0,0,0,0,0,0,0,0,0,0,0,0,0,0,0,0,0,0,0,0,0,0,0,0,0,0,0,0,0,0,0,0,0,0,0,0,0,0,0,0,0,0,0,0,0,0,0,0,0,0,0,0,0,0,0,0,0,0,0,0,0,0,0,0,0,0,0,0,0,0,0,0,0,0,0,0,0,0,0,0,0,0,0,0,0,0,0.1914508,0,0,0,0,0,0,0,0,0,0,0,0,0,0,0,0,0,0,0,0,0,0,0,0,0,0,0,0,0,0,0,0,0,0,0,0,0,0,0,0,0,0,0,0,0,0.0078403,0.1525341,0,0,0,0,0,0,0,0,0,0,0,0,0,0.2247292,0,0,0,0,0,0,0,0,0,0,0,0,0,0,0,0,0,0,0,0,0,0,0,0,0,0,0,0,0,0,0,0,0,0,0,0,0,0,0,0,0,0,0,0,0,0,0,0,0,0,0,0,0,0,0,0,0,0,0,0,0,0,0,0,0,0,0,0,0,0,0,0,0,0,0,0,0,0,0,0,0,0,0,0,0,0,0,0,0,0,0,0,0,0,0,0.2318994,0,0,0.1056084,0,0,0,0,0,0,0,0,0,0
"113","9024-D_S",0,0,0,0,0,0,0,0,0,0,0,0,0,0,0,0,0,0,0,0.128015638404692,0,0,0,0,0,0,0,0,0,0,0,0,0,0,0,0,0,0,0.00678670203601061,0.0122596036778811,0,0.000501700150510045,0,0,0,0,0,0,0.00272670081801025,0,0,0,0.0134412040323612,0,0,0,0.0499491149847345,0,0,0,0,0,0,0,0,0,0,0,0,0,0,0,0,0.0180180054054016,0,0.33533960060188,0.0126554037966211,0,0,0,0,0,0,0,0,0,0.00709590212877064,0.0011187003356101,0,0,0,0,0,0,0,0,0.000435800130740039,0,0,0.000900000270000081,0,0,0,0.00118760035628011,0,0,0,0,0,0,0,0,0,0,0,0,0,0,0.00529480158844048,0,0,0,0,0,0,0,0,0,0,0,0.000466400139920042,0,0.0010857003257101,0,0,0.000500300150090045,0,0,0,0,0,0.000713800214140064,0,0,0,0.00151120045336014,0.000739900221970067,0.00255800076740023,0.000405000121500036,0,0,0,0,0,0,0,0.000435800130740039,0,0,0,0,0,0,0,0,0,0,0,0,0,0,0,0,0,0,0,0,0,0,0,0,0,0,0,0,0,0,0,0,0,0,0,0.00282990084897025,0,0,0,0,0.00239360071808022,0,0,0,0,0,0.00474540142362043,0,0.00812700243810073,0.0356923107076932,0,0,0,0.0127679038303711,0,0.00905080271524081,0,0,0,0,0,0,0.000637200191160057,0,0,0,0,0,0.0125288037586411,0.00274420082326025,0,0,0,0.00088980026694008,0,0,0,0,0.000741600222480067,0,0,0,0,0,0,0,0,0,0.00157620047286014,0.0033242009972603,0,0.00316410094923029,0,0,0,0,0.0192445057733517,0,0,0,0,0,0,0,0,0,0,0,0,0,0,0,0,0,0,0,0.0149196044758813,0,0,0.000575400172620052,0,0,0,0,0.000478100143430043,0,0,0,0,0,0,0,0,0,0,0,0,0,0,0,0.010971703291511,0,0,0,0,0,0,0,0.0254730076419023,0.00357900107370032,0,0,0,0,0,0,0,0,0,0,0,0,0.000958000287400086,0,0,0,0,0,0,0,0,0,0,0,0,0,0,0.00594950178485053,0,0,0,0.000575500172650052,0,0.000504300151290045,0,0,0,0,0,0,0,0,0,0,0,0,0,0,0,0,0,0,0,0,0,0,0,0,0,0,0,0,0,0,0,0,0,0,0,0,0,0,0,0,0,0,0,0,0,0,0,0,0,0,0,0,5.27000158100047e-05,0,0,0,0,0,0,0,0.0195367058610118,0,0,0,0,0.0857114257134277,0,0,0,0,0,0,0,0.00309500092850028,0,0,0,0,0,0,0,0,0,0,0,0,0,0,0,0,0,0,0,0,0,0,0,0,0,0,0,0,0,0,0,0,0,0,0,0,0,0,0,0,0,0,0,0,0,0,0,0,0,0.00340720102216031,0,0,0,0,0,0,0,0,0,0,0,0.00185560055668017,0,0,0,0.0636610190983057,0,0.000941000282300085,0,0,0,0,0,0,0,0,0,0,0,0.00169930050979015,0,0,0,0.0289313086793926,0,0,0,0,0,0,0,0,0,0,0,0,0,0,0,0,0,0,0,0,0,0,0,0,0,0,0,0,0,0,0,0.00252450075735023,0,0,0,0,0,0,0,0,0,0,0,0,0,0,0,0,0,0,0,0,0,0,0,0,0
"114","9024-E_S",0,0,0,0,0,0,5.85e-05,0,0.0004977,0,0.0002074,0,8.4e-05,0,0,0,0,0,0,0.0542261,0,0,0,0,0,0,0,0,0,0,0,0,0,0,0,0,0,1.06e-05,0.0235715,0,0,0,0,0,0,0,0,0,0.0005261,0,0,0,0.0432397,0,0,0,0.1021508,0,0,0,0,0,0,0,0,0,0,0,0,0,0,0,0,0.0969802,0,0.1461628,0.0101294,0,0,0,0,0,0,0,0,0,0,0,0,0,0,0,0,0,0,0,0,0,0,0.0015087,0,0,0,0.0002662,0,0,0,0,0,0,0,0,0,0,0,0,0,0,8.32e-05,0,0,0,0,0,0,0,0,0,0,0,9.63e-05,0,0.0004364,0,0,0.0002247,0,0,0,0,0,0.0001124,0.0011905,0,0.0066504,0.0002969,0.0019575,0,0.0005131,0,0,0,0,0,0,0,0,0,0,0,0,0,0,0,0,0,0,0,0,0,0,0,0,0,0,0,0,0,0,0,0,0,0,0,0,0,0,0,0,0,0,0,0,0,0,0,0,0,0,0,0,0,0,0,0,0.0041837,0.0046471,0,0,0,0.0165145,0,0.0022681,0,0,0,0,0,0,0.0103651,0,0.0003018,0,0,0,0.0049573,0.0030775,0,0,0,6.14e-05,0,0,0,0,4.47e-05,0,0,0,0,0,0,0,0,0,0.0042197,0,0,0.0004035,0,0,0,0,0.0045221,0,0,0,0,0,0,0,0,0,0,0,0,0,0,0,0,0,0,0,0.0282537,0,0,5.49e-05,0,0,0,0,0,0,0,0,0,0,0,0,0,0,0,0,0,0,0,0,0,0,0,0,0,0,0,0,0.003229,0.002813,0,0,0,0,0,0,0,0,0,0,0,0,0.0004057,0,0,0,0.000624,0.0088496,0,0,0,0,0,0,0,0,0,0.0553253,0,0,0,0,0,0,0,0,0,0,0,0,0,0,0,0,0,0,0,0,0,0,0,0,0,0,0,0,0,0,0,0,0,0,0,0,0,0,0.0002293,0,0,0,0,0,0,0,0,0,0,0,0,0,0,0,0,0,0,0,0,0,0,0,0,0,0,0,0.0311578,0,0,0,0,0.0579658,0,0,0,0,0,0,0,0.005223,0,0,0,0,0,0,0,0,0,0,0.0004294,0,0,9.3e-06,0,0,0,0,0,0,0,0,0,0,0,0,0,0,0,0,0,0,0,0,0,0,0,0,0,0,0,0,0,0,0,0.0003072,0.0007335,0.0540818,0,0.082435,0,0,0,0,0,0,0,0,0,0,0,0,0,0,0,0.1074416,0,0,0,0,0,0,0,0,0,0,0,0,0,0.0003439,0.0011231,0,0,0.0006007,0,0,0,0,0,0,0,0,0,0,0,0,0,0,0,0,0,0,0,0,0,0,0.0015171,9.18e-05,0,0,0,0,0,0,0,0.0006909,0,0,0,0,0,0,0,0.0078016,0,0,0,0,0.0011316,0,0.0003828,0,0,0,0,0,0,0,0,0,0
"115","9022-A_S",0,0,0,0,0,0,0,0,0,0,0,0,0,0,0,0,0,0,0,0,0,0,0,0,0.0004916,0,0,0,0,0,0,0,0,0,0,0,0,0,0,0,0,0,0,0,0,0,0,0,0,0.0093195,0,0,0.0550225,0,0,0,0.0556505,0,0,0,0,0.0576644,0,0.0058578,0,0,0,0,0,0,0,0,0,0.0671918,0.1089387,0.1452935,0.0071665,0,0,0,0.0007008,0,0,0,0,0,0,0,0.000215,0,0,0,0,3.2e-05,0,0,0,0,0,0,0,0,0,0,0,0.0048587,0,0,0,0,0,0,0,0,0,0,0,0,0,0,0,0,0,0,0,0,0,0,0,0,0,0,0,0,0,0.0011694,0,0,0,0,0,0.0120101,0.007283,0,0,0.0052352,0.0019785,0,0,0,0,0,0,0,0,0,0,0,0,0,0,0,0,0,0,0,0,0,0,0,0,0,0,0,0,0,0,0,0,0,0,0,0,0,0,0,0,0,0,0,0,0,0,0,0,0,0,0,0,0,0,0,0,0,0,0.044972,0,0,0,0.0026599,0,0,0,0,0,0,0,0,0,0,0,0,0,0.0015315,0,0,0,0,0,0,0,0,0,0,0,0,0,0,0,0,0,0,0,0,0,0,0,0,0.0004954,0.0015239,0,0,0,0,0,0,0,0,0,0,0,0,0,0,0,0,0,0,0,0,0,0,0,0,0,0,0,0,0,0,0,0,0,0,0,0,0,0,0,0,0,0,0,0,0,0,0,0,0,0,0,0,0,0,0,0.0123148,0,0,0,0,0.0824195,0,0,0,0,0,0,0,0,0,0,0,0,0,7.81e-05,0,0,0,0,0,0,0,0,0,6.66e-05,0,0,0,0.0008139,0.0005939,0,0,0,0,0,0,0,0,0,0,0,0,0,0,0,0,0,0,0,0,0,0,0,0,0,0,0,0,0,0,0,0,0,0,0,0,0,0,0,0,0,0,0,0,0.0014188,0,0,0,0,0,0,0,0,0,0,0,0,0,0,0,0,0,0,0,0,0,0.0914952,0,0,0.1348426,0,0,0,0,0.0009299,0,0,0.0042927,0,0,0,0,0,0,0,0,0,0,0,0,0,0,0,0,0,0,0,0,0,0,0,0,0,0,0,0,0,0,0,0,0,0,0,0,0,0,0,0,0,0,0,0,0,0,0,0,0,0,0,0,0,0,0,0,0,0,0,0,0,0,0.0453612,0,0,0,0,0,0,0,0,0,0,0,0,0,0.0012044,0,0,0,0,0,0,0,0,0,0,0,0,0,0,0,0,0,0,0,0,0,0,0,0,0,0,0,0,0,0,0,0,0,0,0,0,0,0,0,0,0,0.0063792,0,0,0,0,0,0,0,0,0,0,0,0.020527,0,0,0,0,0,0,0
"116","9022-B_S",0,0,0,0,0,0,0,0,0,0,0,0,0,0,0,0,0,0,0,0,0,0,0,0,0,0,0,0,0,0,0,0,0,0,0,0,0,0,0,0,0,0,0,0,0,0,0,0,0,0,0,0,0,0,0,0,0.4488055,0,0,0,0,0.2231479,0,0,0,0,0,0,0,0,0,0,0,0.1406629,0,0,0,0,0,0,0.0001386,0,0,0,0,0,0.0002466,0,0,0,0,0,0,0,0,0,0,0,0,0,0,0,0,0,0,0.0010463,0,0,0,0,0,0,0,0,0,0,0,0,0,0,0,0,0,0.0007871,0,0,0,0,0,0,0,0,0,0,0,0,0,0,0,0,0,0.0003147,0,0,0,0,7.74e-05,0,0,0,0,0,1.39e-05,0,0,0,0,0,0,0,0,0,0,0,0,0,0,0,0,0,0,0,0,0,0,0,0,0,0,0,0,0,0,0,0,0,0,0,0,0,0,0,0,0,0,0,0,0,0,0,0,0,0,0,0,0,0,0,0,0.0026555,0,0,0,0,0,1.68e-05,0,0,0,0,0,0,0,0,0,0,0,0,0,0,0,0,0,0,0,0,0,0,0.0001681,0,0,0.0001559,0,0,0,0,0,0,0.0389157,8.57e-05,0,0,0,0,0,0,0,0,0,0,0,0,0,0,0,0,0,0,0,0,0,0,0,0,0,0,0,0,0,0,0,0,0,0,0,0,0,0,0,0,0,0,0,0,0,0,0,0,0,0,0,0,0,0,0,0.0007862,0,0,0.0001806,0,0,0,0.000402,0,0,0,0,0,0,0,0,0,0,0,0,0,0,0,0,0,0,0,0,0,0,0,0,0,0.0282011,0.0311505,0.003442,0,0,0,0,0,0,0,0,0,0,0,0,0,0,0,0,0,0,0,0,0,0,0,0,0,0,0,0,0,0,0,0,0,0,0,0,0,0,0,0,0,0,0,0,0.0058706,0.0041169,0.0001273,0,0,0,0,0,0,0,0,0,0,0,0,0,0,0,0,0,0,0,0,0,0.0281554,0,0,0,0,0.0056377,0,0,0,0,0,0,0,0,0,0,0,0,0,0,0,0,0,0,0,0,0,0,0,0,0,0,0,0,0,0,0,0,0,0,0,0,0,0,0,0,0,0,0,0,0,0,0,0,0,0,0,0,0,0,0,0,0,0,0,0,0,0,0,0,0,0.003525,0,0,0,0,0,0,0,0,0,0,0,0,0,0,0,0,0,0,0,0,0,0,0,0,0,0,0,0,0,0,0,0,0,0,0,0,0,0,0,0,0,0,0,0,0,0,0,0,0,0,0,0,0,0,0,0,0,0,0,0,0,6.4e-05,0.0001338,0,0.0042491,0,0,0.0267192,0,0,0,0,0,0,0
"117","9022-C_S",0,0,0,0,0,0,0,0,0,0,0,0,0,0,0,0,0,0,0,0,0,0,0,0,0,0,0,0,0,0,0,0,0,0,0,0,0,0,0,0,0,0,0,0,0,0,0,0,0,0,0,0,0,0,0,0,0,0,0,0,0,0,0,0,0,0,0,0,0,0,0,0,0,0,0,0,0,0,0,0,0,0,0,0,0,0,0,0,0,0,0,0,0,0,0,0,0,0,0,0,0,0,0,0,0,0,0,0,0,0,0,0,0.339263733926373,0,0,0,0,0,0,0,0,0,0,0,0,0,0,0,0,0,0,0,0,0,0,0,0,0,0,0,0,0,0,0,0,0,0,0,0,0,0,0,0,0,0,0,0,0,0,0,0,0,0,0,0,0,0,0,0,0,0,0,0,0,0,0,0,0,0,0,0,0,0,0,0,0,0,0,0,0,0,0,0,0,0,0,0,0,0,0,0,0,0,0,0,0,0,0,0,0,0,0,0,0,0,0,0,0,0,0,0,0,0,0,0,0,0,0,0,0,0,0,0,0,0,0,0,0,0,0,0,0,0,0,0,0,0,0,0,0,0,0,0,0,0,0,0,0,0,0,0,0,0,0,0,0,0,0,0,0,0,0,0,0,0,0,0,0,0,0,0,0,0,0,0,0,0,0,0,0,0,0,0,0,0,0,0,0,0,0,0,0,0,0,0,0,0,0,0,0,0,0,0.00542850054285006,0,0,0,0,0,0,0,0,0,0,0,0.0095418009541801,0,0,0,0,0,0,0,0,0,0,0,0,0,0,0,0,0,0,0,0,0,0,0,0,0,0,0,0,0,0,0,0,0,0,0,0,0,0,0,0,0,0,0,0,0,0,0,0,0,0.00542410054241005,0,0,0,0,0,0,0,0,0,0,0,0,0,0,0,0,0,0,0,0,0,0,0,0,0,0,0,0,0,0,0,0,0,0,0,0,0,0,0,0,0,0,0,0,0,0,0,0,0,0,0,0,0,0,0,0,0,0,0,0,0,0,0,0,0,0,0,0,0,0,0,0,0,0,0,0,0,0,0,0,0,0,0,0,0,0,0,0,0,0,0,0,0,0,0,0,0,0,0,0,0,0,0,0,0,0,0,0,0,0,0,0,0,0,0,0,0,0,0,0,0,0,0,0,0,0,0,0,0,0,0,0,0,0,0,0,0,0,0,0,0,0,0,0,0,0,0,0,0,0,0,0,0,0,0,0,0,0,0,0,0,0,0,0,0,0,0,0.142724714272471,0.0529776052977605,0,0.412170541217054,0,0,0,0.0324690032469003,0,0,0,0,0,0
"118","9022-D_S",0,0,0,0,0,0,0,0,0,0,0,0,0,0,0,0.00099620009962001,0,0,0,0.000209100020910002,0,0.000245100024510002,0.0110521011052101,0,0.000744000074400007,0.00187890018789002,0,0,0,0,0,0,0,0,0,0,0,0,0.00661710066171007,0,0,0,0,0,0,0,0,0,0,0.000217700021770002,0,0,0,0,0,0,0.000562200056220006,0,0.000420400042040004,0,0,0,0,0,0,0,0,0,0,0,0,0,0,0.00155090015509002,0.0146110014611001,0.00362040036204004,0.000776300077630008,0,0,0,0.00340590034059003,0,0,0,0,0,0.000142800014280001,0,0,0,0,0,0,0,0,0,0,0.00140810014081001,0,0,0,0,0,0,0,0.000704700070470007,0,0,0,0,0,0,0,0,0,0,0,0,0,0,0.00777510077751008,0,0,0,0,0,0,0,0,0.000585800058580006,0,0,0,0,0,0,0,0,0,0,0,0,0,0,0,0,0,0,0,0,0,0,0,0,0,0,0,0,0,0,6.01000060100006e-05,0.000291500029150003,0,0,0,0,0,0,0.0117587011758701,0,0.00285350028535003,0,0,0,0,0,0,0.00152220015222002,0,0,0,0,0,0,0,0,0,0,0,0,0,0,0,0,0,0.00493070049307005,0,0,0.0941181094118109,0,0,0,0,0,0,0,0.00484870048487005,0,0,0,0,0,0,0.00367570036757004,0.0204685020468502,0.0617599061759906,0,0.00213820021382002,0.000624200062420006,0,0,0,0,7.11000071100007e-05,0,0.00358760035876004,0.0493307049330705,0,0,0.000192500019250002,0,0.000693000069300007,0,0,0,0,0,0,0,0,0,0,0,0,0,0,0,0,0,0.00889330088933009,0,0,0.00507660050766005,0.00747710074771007,0,5.90000059000006e-05,0,0.00244320024432002,0,0,0,0,0,0,0,0,0,0,0.00146150014615001,0,0,0,0.00167530016753002,0.0361911036191104,0,0,0,0.000288600028860003,0,0.00499720049972005,0.00172260017226002,0.00110040011004001,0.00546640054664006,0.0270276027027603,0,3.56000035600004e-05,0,0.0606898060689806,0.00104670010467001,0,0.000454000045400005,0,0,0,0,0,0,0,0,0,0,0.00174330017433002,0.000654100065410007,0,0,4.60000046000005e-05,0.00496720049672005,0,0,0,0,0,0,0,0,0,0,0,0,0.000705500070550007,0,0,0,0,0,0,0,0,0,0,0,0,0.000188100018810002,0,6.75000067500007e-05,0,0,0,0,0,0,0,0,0,0,0,0,0,0,0,0,0,0,0,0.000629100062910006,0,0,0,0,0,0,0,0,0,0,0,0,0,0,0,0,0,0,0,0,0.00109220010922001,0,0,0,0,0,0,0,0.000287000028700003,0.000509500050950005,0,0,0,0,0.0149181014918102,0.000947200094720009,0,0.000230000023000002,0,0,0,0,0,0,0,0,0,0.000440200044020004,1.96000019600002e-05,0,0,0.00512260051226005,0,0,0.00602590060259006,0.00358290035829004,0,0,0,0,0,0,0,0,0,0.0256207025620703,0,0,0,0.00441860044186004,0,0,0,0.118367311836731,0,0,0,0,0,0,0,0.0445904044590404,0.00203270020327002,0,0.00930870093087009,0.0376568037656804,0.00538270053827005,0.0118467011846701,0,0.0101531010153101,0.093551409355141,0,0.00111970011197001,0,0,0,0,0,0,0,0,0,0,0,0,0,0.0116707011670701,0.0197912019791202,0,0.00253590025359003,0,0,0,0,0,0,0,0,0,0,0,0.00321330032133003,0,0.0201276020127602,0,0,0,0.00200220020022002,0,0.0325997032599703,0.00156730015673002,0,0,0,0,0,0,0,0.0099565009956501,1.49000014900001e-05,0,0,0,0,0.000600700060070006,0,0,0,0.000180400018040002,0,0,0,0,0,0,0,0,0,0,0,0,0,0,0,0,0,0,0,0,0,0,0,0,0,0,0.00191490019149002,0.000570300057030006,0,0,0.000191900019190002,0,0,0,0.000282900028290003,0,0,0,0,0,0,0,0,0,0,0,0,0,0,0,0,0
"119","9019-A_S",0,0,0,0,0,0,0,0,0,0,0,0,0,0,0,0,0,0,0,0,0,0,0,0,0,0,0,0,0,0,0,0,0,0,0.0007164,0,0,0,0,0,0,0,0,0,0,0,0,0,0,0,0,0,0,0,0,0,0,0,0,0,0,0,0,0,0,0,0,0,0,0,0,0,0,0,0,0,0,0,0,0,0,0,0,0,0,0,0,0,0,0,0,0,0,0,0,0,0,0,0,0,0,0,0,0,0,0,0,0,0,0,0,0,0,0,0,0,0,0,0,0,0,0,0,7.04e-05,0,0,0,0,0,0,0,0.006408,0,0,0,0,0,1.7e-05,0.001492,0,0,0,0,0,0,0,0,0,0,0,0,0,0.0007895,0,0,1.92e-05,0,0,0,0.0001819,0,0,0,0,0,0,0,0,0,0,0,0,0,0,0,0,0,0,0,0,0,0,0,0,0,0,0,0,0,0,0,0,0,0,0,0,0,0,0,0,0,0,0,0.0012734,0,0,0,0,0,0,0,0,0,0,0,0,0,0,0,0,0,0.0004886,0,0,0,0,0,0,0,0,0,0,0,0,0,0,0,0,0,1.61e-05,0,0,0,0,0,0,0,0,0.7438151,0,0,0,0,0,0,0,0,0,0,0,0,0,0,0,0,0,0,0,0,0,0,0,0,0,0,0,0,0,0,0,0,0,0,0,0,0,0,0,0,0,0,0,0,0,0,0,0,0,0,0,0,0,0,0,0,0.0199194,0,0,0,0,0,0,0.0144034,0,0,0,0,0,0,0,0,0,0,0,1.22e-05,0,0,0,0.0006609,3.13e-05,0,0,0,0,0,0,0.0015236,0,0.0035473,0.0006538,0.0008747,0,0,0,0,0,0,0,0,0,0,0,0.0077336,0,0,0,0,0,0,0,0,0,0,0,0,0.0083687,0,0,0,0.0001516,0,0,0,0,0,0,0,0,0,0,0,0,0,0,0,0.0044191,0,0,0,0,0,0,0,0,0,0,0,0,0,0,0,0,0,0,0,0,0,0,0,0,0,0,0,0,0,0,0,0,0,0,0,0,0,0,0,0,0.07136,0,0,0,0,0,0,0,0,0,0,0,0,0,0,0,0,0,0,0,0,0,0,0,0,0,0,0,0,0,0,0,0,0,0,0,0,0,0,0,0,0,0,0,0,0,0,0,0,0,0,0,0,0,0,0,0,0,0,0,0,0,0,0,0,0,0,0,0.0168126,0,0,0,0,0,0,0,0,0,0,0,0,0,0,0,0,0,0,0,0.0005924,0,0,0,0,0,0.000778,0,0,3.14e-05,0,0,0,0,0.0006104,0,0,0,0,0,0,0,0,0,0,0,0,0,0.0045956,0.0667975,0.0001316,0.0183046,0,0.0023987,0,0,0,0,0,0,0,0
"120","9019-B_S",0,0,0,0,0,0,0,0,0,0,0,0,0,0,0,0,0,0,0,0,0,0,0,0,0,0,0,0,0,0,0,0,0,0,0,0,0,0,0,0,0,0,0,0,0,0,0,0,0,0,0,0,0,0,0,0,0,0,0,0,0,0,0,0,0,0,0,0,0,0,0,0,0,0,0,0,0,0,0,0,0,0,0,0,0,0,0,0,0,0,0,0,0,0,0,0,0,0,0,0,0,0,0,0,0,0,0,0,0,0,0,0,0.0156182,0,0,0,0,0,0,0,0,0,0,0,0,0,0,0,0,0,0,0,0,0,0,0,0,0,0,0,0,0,0,0,0,0,0,0,0,0,0,0,0,0,0,0,0,0,0,0,0,0,0,0,0,0,0,0,0,0,0,0,0,0,0,0,0,0,0,0,0,0,0,0,0,0,0,0,0,0,0,0,0,0,0,0,0,0,0,0,0,0,0,0,0,0,0,0,0,0,0,0,0,0,0,0,0,0,0,0,0,0,0,0,0,0,0,0,0,0,0,0,0,0,0,0,0,0,0,0,0,0,0,0,0,0,0,0,0.4466244,0,0,0,0,0,0,0,0,0,0,0,0,0,0,0,0,0,0,0,0,0,0,0,0,0,0,0,0,0,0,0,0,0,0,0,0,0,0,0,0,0,0,0,0,0,0,0,0,0,0,0,0,0,0,0,0,0,0,0,0,0,0,0,0.000977,0,0,0,0,0,0,0,0,0,0,0,0.0021299,0,0,0,0,0,0,0,0,0,0,0,0,0,0,0,0,0,0,0,0,0,0,0,0,0,0,0,0,0,0,0,0,0,0,0,0,0,0,0,0.0006711,0,0,0,0,0.0006826,0,0,8.45e-05,0,0,0,0,0,0,0,0,0,0,0,0,0.0007774,0,0,0,0,0,0,0,0,0,0,0,0,0,0,0,0,0,0,0,0,0,0,0,0,0,0,0,0,0,0,0,0,0,0,0,0,0,0,0,0,0,0,0,0,0,0,0,0,0,0,0,0,0,0,0,0,0,0,0,0,0,0,0,0,0,0,0,0,0,3.87e-05,0,0,0,0,0,0,0,0,0,0,0,0,0,0,0,0,0,0,0,0,0,0,0,0,0,0,0,0,0,0,0,0,0,0,0,0,0,0,0,0,0,0,0,0,0,0,0,0,0,0,0,0,0,0,0,0,0,0,0,0,0,0,0,0,0,0,0,0,0,0,0,0,0.0191561,0,0,0,0,0,0,0,0,0,0,0,0,0,0.1285053,0.3523044,0.0003973,0.0151172,0,0.0162243,0,0,0.0006916,0,0,0,0,0
"121","9019-C_S",0,0,0,0,0,0,0,0,0,0,0,0,0,0,0,0,0,0,0,0,0,0,0,0,0,0,0,0,0,0,0,0,0,0,0,0,0,0,0,0,0,0,0,0,0,0,0,0,0,0,0,0,0,0,0,0,0,0,0,0,0,0,0,0,0,0,0,0,0,0,0,0,0,0,0,0,0,0,0,0,0,0,0,0,0,0,0,0,0,0,0,0,0,0,0,0,0,0,0,0,0,0,0,0,0,0,0,0,0,0,0,0,0,0,0,0,0,0,0,0,0,0,0,0,0,0,0,0,0,0,0,0,0,0,0,0,0,0,0,0,0,0,0,0,0,0,0,0,0,0,0,0,0,0,0,0,0,0,0,0,0,0,0,0,0,0,0,0,0,0,0,0,0,0,0,0,0,0,0,0,0,0,0,0,0,0,0,0,0,0,0,0,0,0,0,0,0,0,0,0,0,0,0,0,0,0,0,0,0,0,0,0,0,0,0,0,0,0,0,0,0,0,0,0,0,0,0,0,0,0,0,0,0,0,0,0,0,0,0,0,0,0,0,0,0,0,0,0,0,0,0,0,0,0,0,0,0,0,0,0,0,0,0,0,0,0,0,0,0,0,0,0,0,0,0,0,0,0,0,0,0,0,0,0,0,0,0,0,0,0,0,0,0,0,0,0,0,0,0,0,0,0,0,0,0,0,0,0,0,0,0,0,0,0,0,0,0,0,0,0,0,0,0,0,0,0,0,0,0,0,0,0,0,0,0,0,0,0,0,0,0,0,0,0,0,0,0,0,0,0,0,0,0,0,0,0,0,0,0,0,0,0,0,0,0,0,0,0,0,0,0,0,0,0,0,0,0,0,0,0,0,0,0,0,0,0,0,0,0,0,0,0,0,0,0,0,0,0,0,0,0,0,0,0,0,0,0,0,0,0,0,0,0,0,0,0,0,0,0,0,0,0,0,0,0,0,0,0,0,0,0,0,0,0,0,0,0,0,0,0,0,0,0,0,0,0,0,0,0,0,0,0,0,0,0,0,0,0,0,0,0,0,0,0,0,0,0,0,0,0,0,0,0,0,0,0,0,0,0,0,0,0,0,0,0,0,0,0,0,0,0,0,0,0,0,0,0,0,0,0,0,0,0,0,0,0,0,0,0,0,0,0,0,0,0,0,0,0,0,0,0,0,0,0,0,0,0,0,1,0,0,0,0,0,0,0,0,0,0,0,0,0,0,0,0,0,0,0,0,0,0,0,0,0,0,0
"122","9019-D_S",0,0,0,0,0,0,0,0,0,0,0,0,0,0,0,0.000282000084600025,0,0,0,0.00468610140583042,5.13000153900046e-05,0,0.00677130203139061,0,0.0101026030307809,0.000341400102420031,0.126433537930061,0.00518090155427047,0.00255930076779023,0,0,0,0,0,0,0,0,0,0.00809950242985073,0,0.0254883076464923,0,0,0,0,0,0,0,0,0.0033632010089603,0,0,0,0,0.000239700071910022,0,0,0,0.000411200123360037,0,0,0.00275790082737025,0,0.00532460159738048,0,0,0,0,0,0,0,0,0.0127250038175011,0.00509610152883046,0.000190100057030017,0.0101371030411309,0.00417240125172038,0,0,0.00376250112875034,0.00463750139125042,0,0,0,0.000540400162120049,0,0.00104970031491009,0,0,0,0,0,0,0,0.00161240048372015,0,0,0.000201600060480018,0,0,0,0,0,0,0,0,0.0105128031538409,0.000186900056070017,0,0,0,0,0,0,0,0,0,0,0,0,0.00316300094890028,0,0,0,0,0,0,0,0,0.00159030047709014,0,0,0,0,0,0,0,0,0,0,0,0,0,0,0,0,0,0,0,0.000610700183210055,0,0,0,0,0,0,0,0,0.000596400178920054,0,4.64000139200042e-05,0,0,0,0,0.00589660176898053,0,0,0.00810270243081073,0.000909400272820082,0,0.000248900074670022,0,0.0033691010107303,0,0,0,0.00311790093537028,0.000511100153330046,0,0,0.0303923091176927,0,0,0.000156500046950014,0,0.0207426062227819,0,0,0.102637030791109,0.00258760077628023,0,0,0.0734333220299966,0.145274343582303,0,0,0,0,0.000213400064020019,0,0.0104770031431009,0,0,0,0,0.0133750040125012,0.00148120044436013,0,0,0,0,0,0.00166510049953015,0.00361170108351032,0,0,0,0.000264200079260024,0,0,0,0,2.68000080400024e-05,0,0.00254620076386023,0.00433360130008039,0,0,0,0,9.48000284400085e-05,0,0,0,0,0,0,0,0,0,0,0.000300800090240027,0,0,0,0,0,5.48000164400049e-05,0.0231241069372321,0,0,0.00184520055356017,0.0152336045700814,0,0.000879400263820079,0.0265851079755324,0,0,0,0,0,0,0.0213590064077019,0,0,0,0,0.000314800094440028,0,0,0,4.4100013230004e-05,0.0207766062329819,0.00573080171924052,0.00067210020163006,0,0,0,0.0010849003254701,0.000743100222930067,0,0.00254100076230023,0.0158010047403014,0,0.000767000230100069,0.00119190035757011,0,8.59000257700077e-05,0.00132060039618012,0.000705500211650063,0,0,0.000318300095490029,0.000120000036000011,0,0,0,0,5.74000172200052e-05,0,0.00127930038379012,0.000759700227910068,0,0,0.00022750006825002,0.00323880097164029,0,0,0,0,0,0,0,0,0,0,0,0,0.000703300210990063,0,0,0,0,0,0,0,0,0,0,0,0,0,0,0,0,0,0,0,0,0,0,0,0,0,0,0,0,0,0,0,0,0.00878710263613079,0,0,0,0,0,0,0,0,0,0,0,0,0,0,0,0,0,0,0,0,0,0,0.000133200039960012,0,0,0,0,0,0,0,0,0,0,0,0,0,0,0,0,0,0,0,0,0,0,0,0,0,0.0166639049991715,0.0022408006722402,0,0,0,0.011220103366031,0,0,0.0253484076045223,0,0,0,0,0,0,0,0,0,0,0.0033006009901803,0,0,0,0,0,0,0,0.0422770126831038,0,0,0,0,0,0,0,0,0,0,0,0.00302820090846027,0,0,0,0,0,0,0.0011175003352501,0,0,0,0,0,0,0,0,0,0,0,0,0,0.000573500172050052,0.00044260013278004,1.78000053400016e-05,0.000603400181020054,0,0,0,0,0,0,0,0,7.40000222000067e-06,0,0,0,0,0.00682490204747061,0,0,0.00185650055695017,0.00521540156462047,0,8.69000260700078e-05,0,0,0,0,0,0,0,0.00044270013281004,0.0135876040762812,7.28000218400065e-05,0,0,0,0,0.000126700038010011,0,0,0,0.000301600090480027,0,0,0,0,0,0,0,0,0,0,0,0,0,0,0,5.10000153000046e-05,0,0.00124680037404011,0.00134700040410012,0,0,0,0,0,0.000693000207900062,0,0.00197060059118018,0.000708500212550064,0,0,0,0,0.000855000256500077,0,0,0,0,0.00259320077796023,0,0,0,0,0,0,0,0,0,0,0,0,0,0
"123","9019-E_S",0,0,0,0,0,0,0,0,0,0,0,0,0,0,0,0,0,0,0,0.000385600038560004,0.000674600067460007,0,0.00513970051397005,0,0.0348314034831404,0.000183700018370002,0.0547064054706406,0.00232650023265002,1.25000012500001e-05,0,0,0,0,0,0,0,0,0,0.00494070049407005,0,0.00871650087165009,0,0,0,0,0,0,0,0,0.0192799019279902,0,0,0,0,0.000289500028950003,0,0,0,0,0,0,0.00119270011927001,0,0.00207390020739002,0,0,0,0,0,0,0,0,0.0266058026605803,0.00597270059727006,0.0768813076881308,0.0291441029144103,0.000217100021710002,0,0,0.0134415013441501,0.00338930033893003,0,0,0,0.000788000078800008,0,0.000590000059000006,0,0,0,0,0,0,0,0.000554300055430006,0,0,0,0,0,0,0,0,0,0,0,0.00560070056007006,0,0,0,0,0,0,0,0,0,0,0,0,0,0.00375500037550004,0,0,0,0,0,0,0,0,0,0,0,0,0,0,0,0,0,0,0,0,0,0,0,0,0,0,0,0,0.000877900087790009,0,0,0,0,0,0,0,0,0,0,0,0,0,0,0,0.00162180016218002,0,0,0.00368160036816004,0,0,0,0,0.00206460020646002,0,0,0,0.00122820012282001,0,0,0,0.200812120081212,0,0,0.000806000080600008,0,0.00494360049436005,0,0,0.0094815009481501,0.0119004011900401,0,0,0.0325428032542803,0.104667110466711,0,0,0,0,0,0,8.31000083100008e-05,0,0,0,0,0.00783180078318008,0.00124760012476001,0,0,0,0,0,4.18000041800004e-05,0.00195030019503002,0,0,0,0.000289200028920003,0,0,0,0,0.000151800015180002,0,0.00105890010589001,0.00445830044583004,0,0,0,0,0.000104200010420001,0,0,0,0,0,0,0,0,0,0,0,0,0,0,0,0,0,0.00738200073820007,0,0,0.000178200017820002,0.0097169009716901,0,0.000686000068600007,0.0158268015826802,0,0,0,0,0,0,0.0330274033027403,0,0,0,0,0,0,0,0,0,0.0099751009975101,0.00126930012693001,0.000114100011410001,0,0,0,0.00310670031067003,0,0,0.000827600082760008,0.0121977012197701,0,0,0.00169980016998002,0,0,0.000162100016210002,0.000153800015380002,0.00136650013665001,0,0.000299500029950003,0,0,0,0,0,0,0,0.000205400020540002,0.00353750035375004,0,0,6.31000063100006e-05,0.00174410017441002,0,0,0,0,0,0,0,0,0,0,0,0,0.000359000035900004,0,0,0,0,0,0,0,0,0,0,0,0,0,0,0,0,0,0,0,0,0,0,0,0,0,0,0,0,0,0,0,0,0.00288140028814003,0,0,0,0,0,0,0,0,0,0,0,0,0,0,0,0,0,0,0,0,0,0,0,0,0,0,0,0,0,0,0,0,0,0,0,0,0,0,0,0,0,0,0,0,0,0,0,0,0.00916290091629009,0.000378000037800004,0,0,0,0.00870800087080009,0,0,0.0108603010860301,0,0,0,0,0,0,0,0,0,0,0.00140850014085001,0,0,0,0,0,0,0,0.0696159069615907,0,0,0,0,0,0,0,0,0,0,0,0.00484190048419005,0,0,0,0,0,0,0.00176780017678002,0,0,0,0,0,0,0,0,0,0,0,0,0,0,0.000280900028090003,0,0,0,0,0,0,0,0,0,0,0,0,0,0,0.000544200054420006,0.00724800072480007,0,0,0.00157170015717002,0.00178220017822002,0,0.0501880050188005,0,0,0,0,0,0,0,0.000913500091350009,0.00689220068922007,0.00462890046289005,0,0,0,0,0,0,0,0,0.000249900024990002,0,0,0,0,0,0,0,0,0,0,0,0,0,0,0,0,0,0.00540950054095005,0.00388480038848004,0,0,0,0,0,0.00424000042400004,0,0.00122650012265001,0.000222900022290002,0,0,0,0,0.00149690014969001,0,0,0,0,0.00215850021585002,0,0,0,0,0,0,0,0,0,0,0,0,0,0
"124","9017-A_S",0,0,0,0,0,0,0,0,0,0,0,0,0,0,0,0,0,0,0,0,0,0,0,0,0,0,0,0,0,0,0,0,0,0,0,0,0,0,0,0,0,0,0,0,0,0,0,0,0,0,0,0,0,0,0,0,0,0,0,0,0,0,0,0,0,0,0,0,0,0,0,0,0,0,0,0,0,0,0,0,0,0,0,0,0,0.0203038979696102,0,0,0,0,0,0.00474059952594005,0,0,0,0,0,0,0,0,0,0,0,0,0,0,0,0,0,0,0,0,0,0,0,0,0,0,0,0,0,0,0,0,0,0,0,0,0,0,0,0,0,0,0,0,0,0.00269439973056003,0,0,0,0,0.0101768989823101,0,0,0,9.8099990190001e-05,0,0,0,0,0.0145099985490001,0.000442799955720004,0,0,0,0,0,0,0,0,0,0,0,0,0,0,0,0,0,0,0,0,0,0,0,0,0,0,0,0,0,0,0,0,0,0,0,0,0,0,0,0,0,0,0,0,0,0,0,0,0,0,0,0,0,0,0,0,0,0,0,0,0,0,0,0,0,0,0,0,0,0,0,0,0,0,0,0,0,0,0,0,0,0,0,0,0,0.0116716988328301,0,0,0.00462249953775005,0,0,0,0,0,0,0.265273473472653,0,0,0,0,0,0,0,0,0,0,0,0.00127079987292001,0,0,0,0,0,0,0,0,0,0,0,0,0,0,0,0,0,0,0,0,0,0,0,0,0,0,0,0,0,0,0,0,0,0,0,0,0,0,0,0,0,0,0,0,0,0,0,0,0,0,0,0.000221999977800002,0,0,0,0,0,0,0,0,0,0,0.000177599982240002,0,0,0,0,0,0,0.00421829957817004,0,0,0,0.0097565990243401,0,0.0461698953830105,0.166073883392612,0.0913162908683709,0.0303395969660403,0.0151471984852802,0,0.0100892989910701,0,0,0,0,0,0,0,0,0,0,0,0,0,0,0.00206789979321002,0,0,0,0.00137789986221001,0.000122699987730001,0.000261799973820003,0,0,0,0.00466959953304005,0,0,0,0,0,0,0,0,0,0,0,0,0,0.000276899972310003,0,0,0,0.00351669964833003,0,0,0,0,0,0,0,0,0,0,0,0,0,0,0,0,0,0,0,0,0,0,0,0,0,0,0,0,0,0,0,0,0,0,0,0,0,0,0,0,0.000146999985300001,0,0,0,0,0,0,0,0,0,0,0,0,0,0,0,0,0,0,0,0,0,0,0,0,0,0,0,0,0,0,0,0,0,0,0,0,0,0,0,0,0,0,0,0,0,0,0,0,0,0,0,0,0,0.163794983620502,0,0,0,0,0,0,0,0,0,0,0,0,0,0,0,0,0,0,0,0,0,0,0,0,0,0,0,0,0,0,0.000105399989460001,0,0,0,8.03999919600008e-05,0.0253464974653503,0,0,0,0.000119399988060001,0.000308999969100003,0.00140929985907001,0,0,0,0,0,0,0.000199799980020002,0,0,0,0,0,0,0,0,0.000123199987680001,0,0,0,0.0688030931196907,0.00566829943317006,0,0.0122842987715701,0,0,0,0,0,0,0,0,0,0
"125","9017-B_S",0,0,0,0,0,0,0,0,0,0,0,0,0,0,0,0,0,0,0,0,0,0,0,0,0,0,0,0,0,0,0,0,0,0,0,0,0,0,0,0,0,0,0,0,0,0,0,0,0,0,0,0,0,0,0,0,0,0,0,0,0,0,0,0,0,0,0,0,0,0,0,0,0,0,0,0,0,0,0,0,0,0,0,0,0,0,0,0,0,0,0,0.00104060010406001,0,0,0,0,0,0,0,0,0,0,0,0,0,0,0,0,0,0,0,0,0,0,0,0,0,0,0,0,0,0,0,0,0,0,0,0,0,0,0,0,0,0,0,0,0,0.00348950034895003,0,0,0,0,0,0,0,0,0,0,0,0,0,0.000187600018760002,0.00165900016590002,0.000923900092390009,0,0,0,0,0,0,0,0,0,0,0,0,0,0,0,0,0,0,0,0,0,0,0,0,0,0,0,0,0,0,0,0,0,0,0,0,0,0,0,0,0,0,0,0,0,0,0,0,0,0,0,0,0,0,0,0,0,0,0,0,0,0,0,0,0,0,0,0,0,0,0,0,0,0,0,0,0,0,0,0,0,0,0,0,0.00858640085864009,0,0,0.00313630031363003,0,0,0,0,0,0,0.00361930036193004,0,0,0,0,0,0,0,0,0,0,0,0.00289940028994003,0,0,0,0,0,0,0,0,0,0,0,0,0,0,0,0,0,0,0,0,0,0,0,0,0,0,0,0,0,0,0,0,0,0,0,0,0,0,0,0,0,0,0,0,0,0,0,0,0,0,0,0,0,0,0,0,0,0,0,0,0,0,0,0.00151370015137002,0,0,0,0,0,0.0133719013371901,0,0,0,0.00701310070131007,0,0.169358916935892,0.103300710330071,0.121665512166551,0.0331117033111703,0.0587762058776206,0.000105500010550001,0.00759020075902008,0,0,0,0,0,0,0,0,0,0,0,0,0,0,9.16000091600009e-05,0,0,0,0,0,0,0,0.000141700014170001,0,0.00138670013867001,0,0,0,0,0,0,0,0,0,0,0,0,0,0,0,0,0,0.00370510037051004,0,0,0,0,0,0,0,0,0,0,0,0.00303030030303003,0,0,0,0,0,0,0,0,0,0,0,0,0,0,0,0,0,0,0,0,0,0,0,0,0,0,0,0,0,0,0,0,0,0,0,0,0,0,0,0,0,0,0,0,0,0,0,0,0,0,0,0,0,0,0.000274400027440003,0,0,0,0,0.000606100060610006,0,0,0,0,0,0,0,0,0,0,0,0,0,0,0,0,0,0,0,0,0,0,0.165699516569952,0,0,0,0,0,0,0,0,0,0,0,0,0,0,0,0,0,0,0,0,0,0,0,0,0,0,0,0,0,0,0,1.76000017600002e-05,0,0,0,0.0211398021139802,0,0,0,0,0,0,4.90000049000005e-06,0,0,0,0,0,0,0,0,0,0,0,0,0,0,0,0,0,0,0.128711312871131,0.0312938031293803,7.43000074300008e-05,0.102274910227491,0,0,0,2.90000029000003e-05,0.000169500016950002,0,0,0,0,0
"126","9017-C_S",0,0,0,0,0,0,0,0,0,0,0,0.00386989961301004,0,0,0,0,0,0,0,0,0,0,0,0,0,0,0,0,0,0,0,0,0,0,0,0,0,0,0,0,0,0,0,0,0,0,0,0,0,0,0,0,0,0,0,0,0,0,0,0,0,0,0,0,0,0,0,0,0,0,0,0,0,0,0,0,0,0,0,0,0,0,0,0,0,0,0,0,0,0,0,0,0,0,0,0,0,0,0,0,0,0,0,0,0,0,0,0,0,0,0,0,0.453643054635695,0,0,0,0,0,0,0,0,0,0,0,0,0,0,0,0,0,0,0,0,0,0,0,0,0,0,0,0,0,0,0,0,0,0,0,0,0,0,0,0,0,0,0,0,0,0,0,0,0,0,0,0,0,0,0,0,0,0,0,0,0,0,0,0,0,0,0,0,0,0,0,0,0,0,0,0,0,0,0,0,0,0,0,0,0,0,0,0,0,0,0,0,0,0,0,0,0,0,0,0,0,0,0,0,0,0,0,0,0,0,0,0,0,0,0,0,0,0,0,0,0,0,0,0,0,0,0,0,0,0,0,0,0,0,0,0,0,0,0,0,0,0,0,0,0,0,0,0,0,0,0,0,0,0,0,0,0,0,0,0,0,0,0,0,0,0,0,0,0,0,0,0,0,0,0,0,0,0,0,0,0,0,0,0,0,0,0,0,0,0,0,0,0,0,0,0,0,0,0,0,0,0,0,0,0,0,0,0,0,0,0,0,0,0,0,0,0,0,0,0,0,0,0,0,0,0,0,0,0,0,0,0,0,0,0,0,0,0,0,0,0,0,0,0,0,0,0,0,0,0,0,0,0.0836744916325508,0,0,0.0227599977240002,0,0,0,0,0,0,0,0,0,0,0,0,0,0,0,0,0,0,0,0,0,0,0,0,0,0,0,0,0,0,0,0,0,0,0,0,0,0,0,0,0,0,0,0,0,0,0,0,0,0,0,0,0,0,0,0,0,0,0,0,0,0,0,0,0,0,0,0,0,0,0,0,0,0,0,0,0,0,0,0,0,0,0,0,0,0,0,0,0,0,0,0,0,0,0,0,0,0,0,0,0,0,0,0,0,0,0,0,0,0,0,0,0,0,0,0,0,0,0,0,0,0,0,0,0,0,0,0,0,0,0,0,0,0,0,0,0,0,0,0,0,0,0,0,0,0,0,0,0,0,0,0,0,0,0,0,0,0,0,0.095148590485141,0,0,0,0,0,0,0,0,0,0,0,0,0,0.176174282382572,0,0,0.164729683527032,0,0,0,0,0,0,0,0,0,0
"127","9017-D_S",0.0282834971716503,0,0,0,0,0,0,0,0.000117099988290001,0,0,0,0,0,0,0,0,0,0,0,0,0,0,0,0,0,0,0,0,0,0,0,0,0,0,0,0,0,0.00549809945019005,0,0,0,0,0,0,0,0,0,0,0,0,0,0.550291144970885,0,0,0,0.0162795983720402,0,0,0,0,0.0720219927978007,0,0,0,0,0,0,0,0,0,0,0,0.0131715986828401,0.128731387126861,0,0,0,0,0,0,0,0,0,0,0,0.00196799980320002,0.00539319946068005,0,0,0,0,0,0,0.000704899929510007,0,0,1.82999981700002e-05,0,0,0,0,0,0,0,0,0,0,0,0,0,0,0,0,0,0,0,0,0,0,0,0,0,0,0,0,0,0,0,0,0,0,0,0,0,0,0,0,0,0,0,0,0,0,0,0,0,0,0,0,0,0,0,0,0,0,0,0,0,0,0,0.0105076989492301,0,0,0,0,0,0,0,0,0,0,0,0,0,0,0,0,0,0,0,0,0,0,0,0,0,0,0,0,0,0,0,0,0,0,0,0,0,1.83999981600002e-05,0,0,0,0,0,0,0.000527899947210005,0,0,0,0,0,0,0,0.00190819980918002,0,0,0,0,0,0,0,0.0117839988216001,0,0,0.000811599918840008,0.00241689975831002,0,0,0,2.89999971000003e-05,0,0,0,0,0,0,0,0,0,0,0,0,0,0,0,0,0,0.0104501989549801,0,0,0,0,0.00114019988598001,0,0,0.00105689989431001,0,0,0,0,0,0,0,0,0,8.04999919500008e-05,0.00414839958516004,0,0,0,0,0,0.00718279928172007,0,0,0,0,0.000136599986340001,0,0,0,0,0,0,0,0,0,0,0,0,0,0,0,4.17999958200004e-05,0,0,0,0,0.00174589982541002,0,0,0,0,0,0.00630209936979006,0.00500979949902005,0,0,0,0,0,0,0,0,0,0,0,0,0,0,0,0,0,0,0,0,0,0,0,0,0,0,6.17999938200006e-05,0,0,0,0,0.000693499930650007,0,0,0,0,0,0,0,0,0,0,0,0,0,0,0,0,0,0,0,0,0,0,0,0,0,0,0,0,0,0,0,0,0,0,0,0,0,0,0,0,0,0,0,0,0,0.000862499913750009,0,0,0,0.00830599916940008,0,0,0,0,0,0,0,0,0,0,0,0,0.000811699918830008,0,0,0,0,0.0101464989853501,0,0,0.0536371946362805,0,0,0,0,0.00829649917035008,0,0,0,0,0,0,0,0,0,0.00181329981867002,0,0,0,0,0,0,0,0,0,0,0,0,0,0,0,0,0,0,0,0,0,0,0,0,0,0,0,0,0,0,0,0,0,0,0,0,0.000215199978480002,0,0.0113947988605201,0.00119649988035001,0,0,0,0,0,0,0,0,0,0,0,0,0,0,0,0.000807999919200008,0,0.000151199984880002,0,0,0,0,0,0,0,0,0,0,0.00294219970578003,6.62999933700007e-05,0,0,0,0,0,0,0,0,0,0,0,0,0,0,0,0,0,0,0,0,0,0,0,0,0,0,0,0,0,0,0,0,0,0,0,0.00131819986818001,0.000335299966470003,0,0.00552339944766006,0,0,0,0,0,0,0,0.00237759976224002,0.000522499947750005,0,4.97999950200005e-05,0.000692299930770007,0,0,0,0,0,0,0,0,0,0
"128","9016-A_S",0,0,0,0,0,0,0,0,0,0,0,0,0,0,0,0,0,0,0,0,0,0,0,0,0,0,0,0,0,0,0,0,0,0,0,0,0,0,0,0,0,0,0,0,0,0,0,0,0,0,0,0,0.000172899948130016,0,0,0,0,0,0,0,0,1.37999958600012e-05,0,0,0,0,0,0,0,0,0,0,0,0,6.31999810400057e-05,0,0,0,0,0,0,0,0,0,0,0,0,0,0,0,0,0,0,0,0,0,0,0,0,0,0,0,0,0,0,0,0,0,0,0,0,0,0,0,0,0,0,0,0,0,0,0,0,0,0,0,0,0,0,0,0,0,0,0,0,0,0,0,0,0,0,0,0,0,0,0,0,0,0,0,0,0,0,0,0,0,0,0,0,0,0,0,0,0,0,0,0,0,0,0,0,0,0,0,0,0,0,0,0,0,0,0,0,0,0,0,0,0,0,0,0,0,0,0,0,0,0,0,0,0,0,0,0,0,0,0,0,0,0,0,0,0,0,0,0,0,0,0,0,0,0,0,0,0,0,0,0,0,0,0,0,0,0,0,0,0,0,0,0.00411479876556037,0,0,0.0362053891383833,0,0,0,0,0,0,0.135026859491942,0,0,0,0,0,0,0,0,0,0,0,0,0,0,0,0,0,0,0,0,0,0,0,0,0,0,0,0,0,0,0,0,0,0,0,0,0,0,0,0,0,0,0,0,0,0,0,0,0,0,0,0,0,0,0,0,0,0,0,0,0,0,0,0,0,0,0,0,0,0,0,0,0,0,0,0.000678899796330061,0,0,0,0,0,0,0,0,0,0,0,0,0.169696549091035,0.381589885523034,0.0410224876932537,0.0874949737515079,0,0,0,0,0,0,0,0,0,0,0,0,0,0,0,0,0,0,0,0,0,0,0,0,0,0,0,0,0,0,0,0,0,0,0,0,0,0,0,0,0,0,0,0,0,0,0,0,0,0,0,0,0,0,0,0,0,0,0,0,0,0,0,0,0,0,0,0,0,0,0,0,0,0,0,0,0,0,0,0,0,0,0,0,0,0,0,0,0,0,0,0,0,0,0,0,0,0,0,0,0,0,0,0,0,0,0,0,0,0,0,0,0,0,0,0,0,0,0,0,0,0,0,0,0,0,0,0,0,0,0,0,0,0,0,0,0,0,0,0,0,0,0,0,0,0,0,0,0,0,0,0,0,0,0,0,0,0,0,0,0,0,0,0,0.000182799945160016,0,0,0,0,0,0,0,0,0,0,0,0,0.000594599821620054,0,0,0,0,0,0,0,0,0,0,0,0,0,0,0,0,0,0,0,0,0,0,0,8.02999759100072e-05,2.36999928900021e-05,0,0.0291247912625626,0,0,0,0,0,0,0.11391406582578,0,0,0
