"","sample_id","Agathobaculum_butyriciproducens","Akkermansia_muciniphila","Alistipes_finegoldii","Alistipes_putredinis","Alistipes_shahii","Anaerostipes_hadrus","Bacteroides_caccae","Bacteroides_dorei","Bacteroides_fragilis","Bacteroides_ovatus","Bacteroides_stercoris","Bacteroides_thetaiotaomicron","Bacteroides_uniformis","Bacteroides_vulgatus","Bacteroides_xylanisolvens","Bifidobacterium_adolescentis","Bifidobacterium_longum","Bilophila_wadsworthia","Blautia_wexlerae","Clostridium_bolteae","Clostridium_leptum","Clostridium_symbiosum","Collinsella_aerofaciens","Coprococcus_comes","Dialister_invisus","Dorea_formicigenerans","Dorea_longicatena","Escherichia_coli","Eubacterium_eligens","Eubacterium_hallii","Eubacterium_rectale","Eubacterium_siraeum","Eubacterium_ventriosum","Faecalibacterium_prausnitzii","Flavonifractor_plautii","Fusicatenibacter_saccharivorans","Gemmiger_formicilis","Haemophilus_parainfluenzae","Intestinimonas_butyriciproducens","Lachnospira_pectinoschiza","Lawsonibacter_asaccharolyticus","Odoribacter_splanchnicus","Parabacteroides_distasonis","Parabacteroides_merdae","Parasutterella_excrementihominis","Phascolarctobacterium_faecium","Roseburia_faecis","Roseburia_hominis","Roseburia_intestinalis","Roseburia_inulinivorans","Ruminococcus_bicirculans","Ruminococcus_gnavus","Ruminococcus_obeum","Ruminococcus_torques","Ruthenibacterium_lactatiformans","Turicimonas_muris","Veillonella_parvula"
"1","MSM5LLDS",0,0.0350145990150338,0,0,0,0.0120181980051601,0,0,0,0,0,0,0,4.62815706627027e-05,0,0,0,0,0.000606485000260399,0,0,0.044349896019042,0,0,0.0157559260067649,0.00264948600113758,0,0.00998341700428645,0.10692704704591,0.00175655500075419,0.0385863210165673,0,0,0,0.108705224046673,0.0064731660027793,0,0.00154033600066135,0.00207266400088991,0,0,0,0,0,0,0,0.14798970006354,0,0.427262347183448,0,0.0221231270094987,0.00410619400176302,0.00362515100155648,0,0.00677444300290866,0,0.00163343600070133
"2","ESM5MEBE",0.00306098600121313,0,0.00702861100278557,0.0066300160026276,0,0.00146062400057887,0.0575776470228191,0.0296077760117341,0.232805496092265,0.000762192000302071,0,0.104719279041502,0.000201207000079742,0.255630919101311,0.0454724200180216,0,0.000714340000283107,0.00131108800051961,2.64711938791516e-05,0.00217687400086274,0,0.00159361700063158,0.000313455000124228,0,0.000559713000221825,0.000560349000222077,0.000254658000100926,0.00609422900241526,0,0,0,0,0,0.129151555051185,0.00661665300262231,0,5.72694098347032e-05,0.0042309370016768,0.000253258000100371,0,0,0.0344131880136386,0,0.0237615870094172,0,0,0,0,0,0.00727716000288408,0,0.00100437800039805,0,0.00543423100215369,0.000803299000318363,0,0.0284345170112691
"3","ESM5MEDN",0.000132903999807573,0.00370536999463512,0.00720132498957344,0.0893246828706697,0.00802241298838461,0.000996208998557622,0.0317526479540264,0.265187123616044,0.00194342499718618,0.000730608998942175,0.188710477726772,6.47321853430357e-05,0.214242372689805,5.22235504941398e-05,0.00433059399372987,0,5.56634250775862e-05,0.000458753999335785,8.31824217451569e-05,0.00360488399478061,0.00467280899323439,0.000146559999787801,0.00312496999547546,0.00129881299811949,0.000337524999511309,0.000836827998788384,0.000293848999574546,0.00275273399601441,0,0.00172254299750599,0.0240147029652299,0,0.00167834599756998,0.0517310229251003,0.000858404998757143,0.00786730598860918,2.09519633719004e-05,0,7.4947570469634e-05,0.00641150899071699,2.84571442812379e-05,0.00969262798596636,0,0.0393216229430675,0.00260742499622479,0.00469125899320768,0.00448309499350907,0.000827341998802118,0.000123105999821759,0.000971503998593391,0,0,0.00241114399650898,0.00207695499699284,0.00426648699382269,5.55591864538454e-05,0
"4","CSM5MCVN",0.000297801000649097,0,0.00482201701051023,0.0377496100822803,0.000244322000532532,0.0111759130243594,0.0190233560414639,0,0.00515919801124516,0.0189442450412915,0.0676828861475238,0.000550046001198898,0.050557601110197,0.350257948763434,0,0.000154959000337754,0.00010532500022957,8.22563596969028e-05,0,0,0,0,0.000398582000868762,0.000988707002155018,0,0.0085686430186765,0.00605679401320159,0.00202588300441568,0.0803196071750673,0.000116277000253441,0.0233358730508636,0,0,0.0909013161981315,0.000308753000672968,0.00200631000437302,0,3.86814609339544e-05,0,0.0333880430727737,0,0.00223804900487813,0,0.00182711600398244,0.0119653880260802,0,0,0,0.0446439980973075,0.00617283901345452,0.116127921253116,0,0.000752890001641024,0.00089142100194297,0,0.000119423000260298,0
"5","MSM5LLF4",7.8679413899823e-05,0,0.0588072649168459,0.0950829518655516,0.000977895998617244,0.00863426598779105,0.0370736759475774,0.0147779769791038,0.0168941649761115,0.00188974499732788,0,0.0431711709389555,0.0783899628891557,0.344471427512914,0.00137129299806098,0,0,0,0.000320953999546167,0.000531725999248134,0.000729223998968869,0,0.000101707999856184,0,0.00235766399666624,0.000750972998938116,0.00159309799774734,0,0,0.000535243999243159,0,0.00251246399644735,0,0.146883271792305,0.00240116099660473,0.0055641699921322,0,0,0,0.00512119799275857,0.00174853799752755,0.0290859559588721,0.0878241368758157,0.00840126598812052,0,0,0,0,0,0,0,0,0.00148547399789952,0.000172550999756011,0.000258746999634129,0,0
"6","HSM5MD4O",0,0,0.0867162839090176,0.063235083933654,0,0,0.0249559119738163,0,0,0.0219788969769398,0.200892318789225,0,0.187793211802968,0.149740608842893,0,0,0,0,0,0,0.000106940999887798,0,0,0,4.28970491515641e-05,0,0,0,0.0110231319884346,0,0.00359418899622899,0,0,0.020754014978225,0.00152838399839642,0.000450015999527845,0,0.000168466999823245,0,0.00988646098962716,0,0,0.204922224784996,0,0,0,0.00211162199778449,0.000626235999342955,0,0.00144983999847883,0.000267854999718967,0,0,0.000199581999790599,0,0,0.00755582199207246
"7","MSM6J2IG",0.000433649999079452,0.240376283489731,0.00462835999017496,0,0,0.00347715599261873,0.334752108289391,0,0.0312710709336181,0.0130124769723772,0,0.0103852289779543,0.087066977815175,0.133214617717213,0.0223021789526571,0.00850363798194856,0.000817879998263812,0,0.00544729998843652,0.00121557799741958,3.05432303781099e-05,0.000305007999352532,0.00255195099458274,0,0.00102860699781648,0.00161285199657625,0,0.00224259399523944,0,0.00435294099075962,0.0032079939931901,0,0,0.00541696898850091,0.00540169798853333,0.00535895798862405,7.26462250312685e-05,0,0.000495690998947752,0,5.0693278197002e-05,0.00207068299560437,0.0127221039729936,0.0364432709226386,0.00107855799771045,0,0.00421931399104328,0.000159927999660506,0.00069093499853329,0.00181498899614716,0,5.29203887454058e-05,0,0.00237102399496681,0.00896327198097285,0.000379350999194717,0
"8","MSM5LLDA",0,0,0,0.00173274399653451,0,0.0348302379303395,0,0.000913123998173752,0,0.000186095999627808,0,0.000105377999789244,0.00131066099737868,0.00305310899389378,0,0.00042801999914396,0.000394567999210864,0,0.0176041829647916,0.00206623199586754,0,0.0779002848441994,0.000114282999771434,0,0,0,0,0.0178203049643594,0.00033656999932686,0,0.00104601699790797,0,0,0.00204214199591572,0.129726869740546,0.0533128378933743,0,0.000320700999358598,0,0.135412259729176,0,0,0.000333601999332796,0.000146935999706128,0,0,0.00484921599030157,0.0693691168612618,0.309737101380526,0.0001607499996785,0.00249196799501606,0.0675140978649718,0,0.0450501949098996,0.00835591898328816,0,0.011334474977331
"9","MSM6J2J5",0,0,0.00698096202937777,0.0643889622709661,0,0.00261695501101285,0.0104855710441261,0,0.0618688492603608,0.00220154000926467,0.521723039195551,0,0.00129424500544653,0.000283805001194328,0.00167247700703823,0.00293857301236631,0.00653172602748726,0,0,4.65306468237018e-05,0,0,0.00248061901043911,0,0.000228872000963155,9.69476004927241e-05,0,0.000628951002646795,0.00593176502496246,0,0.00840387603536577,0.0121462840511148,0,0.188177287791901,0.0136684560575205,0.00370186501557844,0,0,3.21408079640017e-05,0,0.000416570001753039,0,0.0446716271879902,0.0273161151149536,0,0,0.00841059803539406,0,0,0,0,0.000622859002621158,0,0,3.19307373237141e-05,0,0
"10","HSM6XRQB",0.00410662499827412,0.0253609029893416,0.0361890409847909,0.0755774599682373,0,0.00418766499824006,0.0191784549919399,0,0,0.000470831999802125,0.000877231999631328,0.0627785499736162,0.144500638939271,0.0863207559637222,0.0115238809951569,4.14204202497841e-05,0,0.00211124099911271,0,0,0.000545868999770589,0,0.00109774099953866,0,0.106002658955451,0.000234915999901273,0.000213304999910355,0.000159878999932808,0.000247921999895807,0.000875831999631917,0,0.0151270579936426,0.00277756899883268,0.29983381787399,0,0.00111514999953134,0,0,0,0,0,0.00369542199844694,0.0277694899883294,0,0.0522733709780312,0,0,0.00848978499643202,0,0.00185031199922237,0,0.00032495999986343,0.000174285999926753,0.000222509999906486,0,0.00374344599842675,0
"11","HSM5MD6A",0,0.0137785709798211,0.0132565849805856,0.0986898168554674,0.00196869099711683,0.00245939699639818,0.022612315966884,0,0,0.0211043889690923,0.270627727603662,0.00117444399828001,0.0319662969531849,0.330068233516611,0.0188384339724109,0,0.00990097198549989,0,0.000257957999622217,0,0.000554089999188528,0,0.00939472798624129,0,8.29333973635002e-05,0.000190149999721523,0.00372757799454091,0,0.000730451998930243,0.000455412999333041,0.0495819269273866,0.00237193599652627,0.00246948099638341,0.0226894869667709,0.00067890099900574,0.000609858999106853,2.30484876047445e-05,8.07726016505553e-05,8.33449774992991e-05,0,0,0.00613573399101413,0.0169139889752292,0.0358859809474445,0.00135522999801525,0,0.00187155799725908,0.000498217999270353,0.000238407999650848,0,0,0,0.00577786499153824,0.000399643999414716,0.000495439999274421,0,0
"12","CSM67UA2",0.000485023999346675,0,0.00966890598697602,0.107525553855163,0,0,0,0.239657651677182,0,0.124988061831642,3.32133839689522e-05,0.0279887549622993,0.257542241653092,4.85677680332874e-05,5.00923168056327e-06,0,0,0.000926598998751875,0.00073472399901033,0,0.000126319999829847,0.000100184999865051,1.6661140154917e-05,0.00307947999585195,0,0.000454968999387159,0.0027495239962964,0,0,0.00951307498718592,0,0.0188866549745597,0,0.16131413878271,0.00437338599410907,0.00295337799602181,0.000203091999726436,0,3.80048229677518e-05,0,0.0006729789990935,0.00210093699717005,0.0145403839804142,0,0,0.00432862999416935,0,0,0,0,0,0.00131938799822279,0.003204165995684,0,0.000420339999433804,0,0
"13","ESM5MEDD",0.000102368999933019,0.00362883799762563,0.00239204999843487,0.0733634039519978,0.00987933399353589,0.000803678999474148,0.0433072579716638,0.275395593819807,0.0203403749866912,0.00181374799881325,0.332681487782324,0.000252413999834844,0.0606123709603409,0,0.00380106899751294,0,0,0.000444252999709322,5.23196542721646e-05,0.000650022999574686,0.00265034699826586,0,0.00469112299693057,0.00571450299626096,0,0.000999645999345925,0.000238069999844229,0.000221145999855303,0,0.00588322599615057,0.0167013209890722,0,0.000538881999647406,0.0603977259604814,0.00529790699653355,0.0129940559914979,0,0,0,0.00113606899925666,0,0.00993526499349929,0,0.00048284699968407,0.00909247499405074,0.0120673679921042,0.00209278599863068,0,0,0,0,0,0.000749295999509731,0.015048040990154,0.00287789099811698,0.000669422999561992,0
"14","CSM5MCZF",0,0.0688850349766704,0.21711093292647,0.0805250789727282,0,0,0.0377410279872181,1.58477313172489e-05,0.0212575499928006,0.00433389499853222,0,0.12262618495847,0,0.231604027921562,0.000265736999910002,0,0,4.6279968991676e-05,0,0,0,0,0,0.000540889999816814,0,0,0.000100023999966124,0,0.0204394389930777,0,0.0106612739963893,0.00539075499817429,0,0.0519550649824041,0,0.00023335199992097,5.69599618359089e-05,0.000507815999828016,0,0.0127697109956752,6.64915683528049e-05,0,0.0574181679805539,0,0.0085365299971089,0.00224130599924093,0.00649837399779917,0.00152390899948389,0.0221150499925102,0.00775849799737239,0.00603120999795738,0,0,3.12361081035629e-05,0.000128044999956634,0.000584298999802113,0
"15","HSM6XRSN",0.000216408000231837,0,0.0518332970555289,0.0821870710880468,0,0.000895611000959466,0.0271733610291107,0,0,0.0429011090459598,0.147189878157684,0,0.13485511514447,0.19692016021096,3.56306417036339e-05,0.00106780900114394,0.000381036000408203,0,0,0,0.0041698950044672,0,0,0.000224988000241029,0.000333697000357489,0,0.00173510100185881,0.000753088000806781,0.00339167400363349,0.000451288000483464,0.00175559100188076,0.0001389900001489,0,0.212343181227483,0.00211926600227036,0.00209211400224128,0,0,0,0.0162554460174144,1.17086527977947e-05,0,0.0214732650230042,0,0,0,0.0327002480350317,0.000453206000485518,0,0.0118663160127123,5.15786343075268e-05,0,0.0003822470004095,0.000964349001033104,0,0,0.000676276000724492
"16","CSM5MCZ3",0,0,0,0,0,0,0.0781916617378656,0.359082980796189,0,0.192990517353007,0,0.0162021139456831,0.0831530887212326,0,0,0,0.00201585599324192,0,0,0.000798581997322786,0.0097825789672043,8.03457607553319e-05,0,0,0.000561404998117912,0,0.00114454599616296,0.000254546999146641,0,0,0,0,0,0,0.00582196998048208,0.0106370269643398,0,0,0.000524837998240502,0,8.43071825877692e-06,0,0.149752512497961,0,0,0,0,0,0.00365243098775537,3.37228730351077e-05,0,0.00183881099383546,0.00518306298262399,0.0754587887470274,0.00283018199051193,0,0
"17","CSM67UBH",0.000236630000167734,0.000184307000130645,0.00797574400565356,0.0364135170258115,0,0.000237975000168687,0,0.180129613127684,0.00272797200193371,0,0.116516823082592,0.0350773170248644,0.0739049790523871,0.000273268000193704,0,0,0,0.000567599000402339,0,0.000232037000164478,0,0,0.00057140900040504,0,0,0.000603004000427436,0.0020692830014668,0.0762393520540418,0.00800689100567564,3.94383972514925e-05,0.0967718550685962,0.0021694480015378,0,0.178015178126185,0.000651966000462142,0.000529617000375416,0,2.16238939475513e-05,0.000403123000285751,0.00413128400292844,0,0,0.0214272620151886,0.0952559420675216,0.00229583000162739,0.00318263400225599,0,0.000345870000245168,0.0300115000212735,0.0201291560142684,0.00164431200116556,0,0.000553594000392412,0,0.000163132000115635,0.00028951400020522,0
"18","ESM5MEBG",0.00102370799940842,0,0,0,0,0.0004424779997443,0,0,0.131304431924122,0,0,0,0.119299152931059,0.248123336856614,0,0,0,0,0.000171806999900716,0.00578255599665837,0.000383902999778149,0.00551540099681275,0,0,0.000866770999499109,0,0,0.00140107999919034,0.00240228199861176,0,0.0609059259648036,0,0,0.192913258888519,0.0414049459760728,0.000562340999675033,8.6405778768555e-06,0.000288152999833482,0,0.00454755599737205,0,0,0,0,0.00597124199654933,0,0.156203060909733,0.000496933999712831,0.00665434999615457,0.00292393099831031,0.00677531799608467,0.000188384999891136,0,0.000595395999655931,0.000180547999895665,0,0.00266310599846104
"19","MSM6J2LL",0.000523744000499038,0.00120316000114641,0.018905811018014,0.0539040870513614,0.00124055000118203,0.00558162300531833,0.0126716400120739,0.00576061200548888,0.000148991000141963,0.0242248520230821,0.0630789850601035,0.0171137940163065,0.0708468540675049,0.136837848130383,0.01623591201547,0.000433183000412749,0,0,2.92864276879408e-05,0,0,0,0.00186438000177644,0.00215582200205413,0.000156384000149007,0.00116676600111173,0.0032409840030881,0,0.00522037700497413,3.71056195463715e-05,0.0460314400438601,0.0294595870280699,0,0.213510568203439,0,0.00510493700486413,0,0.00137759900131262,0,0,0.000150413000143318,0.00586908500559223,0.018342260017477,0.00149119100142085,0.00765129200729037,0.00376600700358836,0.126880320120895,0.0806270990768238,0,0.000780924000744087,0.00287632500274065,0,0.00824441400785552,0.00398935200380117,0.000136907000130449,0.000493178000469914,0.000634350000604427
"20","MSM6J2Q3",0,0,0.00512908500512908,0.0909564750909565,0.0173296970173297,0.00227527600227528,0.0770143770770144,0.0401201340401201,0.0242167530242168,0.0107825390107825,0,0.0155316910155317,0.104916236104916,0.271448605271449,0,0.00071826000071826,0,0,0.000293976000293976,0.000540854000540854,0,0,0.00158292000158292,0.000707663000707663,0,0.00125244200125244,0.00128462600128463,0,0.000955325000955325,0.000781059000781059,0.0371466150371466,0.0430284990430285,0.000383857000383857,0.0580982270580982,0.00201583900201584,0.00171283500171283,0.000459216000459216,0,0,0,0,0.0168897130168897,0.0718566400718566,0,0.000417611000417611,0.0109352180109352,0.02831005102831,0.000880752000880752,0.0335859280335859,0.0213625510213626,0.000578926000578926,0,0.00210571900210572,0.00205587300205587,0.000337936000337936,0,0
"21","ESM718V8",0.000409360999293931,0,3.10907247540784e-05,0.079623345862665,0.00187477099676638,0.00300025499482514,0.00731046598739085,0,0,0.00718506698760714,0.0166749919712388,0.000691249998807727,0.02178216196243,0.0172035339703272,0,0.0161526679721398,0,0,0,0,0,0,0.00611969098944471,0.00217945999624085,0,0.000364797999370794,0.0089831469845058,0,0.0125969249782727,0,0.0148883119743205,0.000530614999084791,0.000198980999656796,0.535571934076241,0,0.00257949399555087,0.000158562999726509,0.0215033819629108,0,0,0,0.00350910599394747,0.00233905899596557,0.0109169899811703,0,0,0.0919964178413239,0,0.003984794993127,0.000948266998364422,0.0712392138771261,0,0.00509680599120899,0.000379306999345768,0,0,0.0319757739448479
"22","ESM718UH",0,0,0,0.0731204202545761,0,0.00221949200772739,0.0126485420440372,0.124112191432109,0,0.0478146301664715,0,0.0483569571683596,0.0919403163200995,0.3686523392835,0,0.00782711402725089,0.00235366500819452,0,0.000505761001760858,0,4.29149516263272e-05,0.00132001900459578,0.00191826800667864,0.00274788800956705,0.000375275001306558,0.000494597001721989,0.00517673101802331,0,0.0178484200621411,0.000330107001149301,0.00985507503431144,7.72264284636055e-05,0.0086576560301425,0.0415650251447128,0.00352189401226183,0,0,4.02519713344788e-05,0,0.02677790509323,0,0,0.0269319490937663,0.0340326831184882,0.00342418301192164,0,0.00261176900909314,0.000728632002536806,0.0066265190230709,0.0214479500746732,0.00140359500488676,7.6611894550102e-05,0,0.00238480100830293,0,3.06242733562574e-05,0
"23","HSM6XRQM",6.21403258313354e-05,0,0,0,0.00138633300171341,0.00069869500086354,0.126515861156365,0.258130299319032,0.0255645500315961,0.0579401720716102,0.0324767660401391,0.0146096310180565,0.147763962182626,0,0.000124997000154488,0,0.00338004500417751,0.000530701000655911,7.84176105219158e-05,0,0.000130935000161827,0,0.000542576000670588,0.000378575000467893,0.00157142300194217,0.000438975000542544,0.00503387800622154,0,0,0.000430478000532042,0.051239049063328,0.00255236000315455,0.000323601000399949,0.119129147147236,0.00254273700314265,0.00889169701098954,0,0.00109498000135332,0,0,0,0,0.0333207280411822,0.0400871640495451,0.00105280200130119,0,0,0.0478830620591803,0,0.00665290500822255,0.00460401500569026,9.19308280008883e-05,0.000915520001131521,0.00125867400155564,0,0.000172498000213196,0.000397719000491554
"24","CSM67UCK",0.000554643999101814,0,0,0,0,0.0125378149796964,0.0130747929788268,0,0,0.0123674039799723,0.117947276808997,0,0.0872476528587118,0.340197637449086,0,0,0.00200604599675142,4.61036193179874e-05,0.00193656699686394,0,0,0,0.00371198799398883,0,0,0.000478593999224968,0.0234191309620752,0,0.00193333599686917,0.000167071999729445,0.0631982598976572,0,0,0.0840724268638537,0.00416979199324747,0.00213466199654314,0,0,0,0.0960721868444214,0,0,0.0115501419812958,0.012556557979666,0.0305673459504995,0.00268488999565211,0,0,0,0.0723644778828135,0,0.000205957999666473,0,0,0,0.00279723999547017,0
"25","HSM6XRRV",0.000111214000246644,0.0108506000240638,0.0099950020221663,0.0715042681585778,0.00121099700268567,0.00428939600951276,0.0250894780556419,1.96446390849421e-05,0,0.00997863202213,0.399498132885982,0.00207388200459933,0.0592064071313043,0.231220676512787,0.0305859640678317,0.00115005600255052,0.00397054100880562,0,0.000101814000225797,0,0.00358081600794131,0,0.00330959400733981,0,8.68166307947441e-05,0.000316532000701985,0.00489880301086427,0.000399230000885388,0.000669608001485016,0.000906083002009455,0.027307527060561,0.00369255800818913,0.00158160500350759,0.011261025024974,0.000774062001716667,0.000430175000954016,4.97452957473534e-05,0,0,0,0,0.00548581801216611,0.0189585550420451,0.0417924910926848,0.00120275900266741,0,0.00192253400426368,0.000742060001645695,0,0,0,0,0.00807510801790848,0.000661581001467214,0.000963115002135937,0,7.50932171472786e-05
"26","CSM67UB1",0.000423692000867099,0,0.00203050200415549,0.00475408800972939,0.0106344890217638,0.0119157410243859,0.0275453070563724,0.020035841041004,0.0109146900223373,0.00813599701665058,0.0915584741873773,0.0226523910463588,0.0496002051015084,0.103426949211667,0.0147963830302813,0.0252878050517523,0.000355868000728295,0,0.00112080300229376,0,2.7129881182133e-05,2.62820723951912e-05,0.00297920000609703,0.00244953200501305,0.00337957800691641,0.001334451002731,0.00335244800686089,0.00334863300685308,0.0232331400475474,0.00648022601326199,0.0103608590212038,0,0,0.0880917841802827,0.00293299400600247,0.0051476830105349,0.000239930000491024,0.00123398600252539,0.000562521001151217,0.00901326701844594,0.000362650000742175,0.0001142420002338,0.0151380500309805,0.00129926700265899,0.00427062500873997,0.00090757900185739,0.305319258624846,0.00168162900344151,0.0130573150267222,0.00424201100868141,0.0281790440576693,0.000594526001216716,0.0521737291067752,0.000233359000477577,0.000583928001195027,0.000188849000386486,0.00227106800464781
"27","CSM67UBN",0.000102090999800736,0.00102255399800415,0.0145387379716229,0.037451518926901,0,0.000161065999685627,0,0.365931439285764,0.000917995998208228,0,0.133080897740249,0.023296590954529,0.0946897668151817,0.000169054999670033,0,0,0,0.00423436599173524,0.000121827999762213,0.00040601399920753,0.000398259999222664,0,0.000218279999573955,0,0,3.10149719472771e-05,0.000254228999503788,0.0801651268435313,0.00438156999144792,2.4553519458261e-05,0.00281460899450636,0.000881694998279082,0,0.0543772348938649,0.00111630399782116,9.97413302395385e-05,0,0,0.000416704999186663,0.00343103099330321,4.8637115099139e-05,0,0.026900905947494,0.104477339796078,0.00673847298684765,0.0082441089839089,2.14990146452716e-05,0.00232424299546347,0.0077854629848041,0.0173522889661313,0.000425515999169465,0,0,0,0.000472625999077515,0.000474622999073617,0
"28","CSM79HGP",0,0.000887133998121758,0,0.000772059998365393,0,0.00725206398464591,0,0.013986399970388,0,0.000114239999758131,0,0,0.0011489689975674,0.580619293770711,0,0.000125288999734738,0,0,0.000213366999548259,3.61691171259552e-05,0,0.00238653599494722,0.00522805298893115,0,0.00304769099354742,0.000823654998256156,0,0.00243823599483776,0.0484641148973917,0.00602877698723586,0.0589498238751913,0,0,0.0297083959371013,0.048189042897974,0.00909314498074797,0,0.000394941999163828,0,0,0,0,0.000100168999787922,0.000136962999710022,0,0,0.0339032839282199,0,0.120677060744502,0.0115788079754853,0.00205642799564613,0,0.0106505019774507,0,0.000841687998217976,0,0.000147698999687291
"29","MSM6J2LB",0,0,0,0,0,0.021498963,0,0.0033253,0,0,0.001217373,0,0.000721202,0,0,0,0,0,0.001196796,0,0,0.008723865,0,0,0,0,0,0.000603129,0,0,0,0,0,0,0.029900851,0.020646813,0,0,0,0,0,0,0,0,0,0,0.159896545,0.002112659,0.489082542,0.007823847,0,0.158378322,0,0.069872786,0.002808002,0,0.022191005
"30","CSM79HHO",0,0,0,0,0,0,0.1136113760576,0.094566036047944,0,0.286477140145241,0,0,0,0.416811746211319,0.0140868780071419,0,2.19587330343501e-05,0,0.00112440700057006,0.00133617400067743,0,5.91582305491622e-05,0,0,0,0,0,9.6257459876603e-06,0,0,0,0,0,0.00641596100325283,0.000920963000466919,0,0,0,0,0,0,0,0,0,0.00340671200172717,0,0,0,0.0537442500272478,0,0.0034825150017656,0.00107116500054307,0,0,4.26139796328711e-05,7.05888039095088e-05,0.00274073100138952
"31","ESM5MECL",0.000141581000815791,0,0,0.127707843735854,0,0.00370666302135782,0.00880960805076103,0.066174169381296,0,0.0357188522058123,0,0.0188335111085188,0.154028741887515,0.302361310742208,0,0.00347190602000515,0.00453184302611251,0,9.94080293967556e-05,0,0,0.00256352201477103,0.00101797100586556,0.00117586100677532,0.000293861001693229,0.000128077000737981,0.00136377000785805,0,0.00633209403648557,4.51854679076161e-05,0.00102815100592421,0,0.00545850803145196,0.0681083153924406,0.01597706209206,0,0,0.000181261001044427,0,0,0,0,0.103867055598483,0.0448394612583653,0.0010429010060092,0,0.00488262702813373,0.000355978002051148,0.0115471200665346,0.00311852401796896,0.000385063002218736,0,0,0.000130363000751153,0,3.83297417423228e-05,0.000533500003074031
"32","CSM67UGO",0.000189374000404418,0.0741112301582683,0.244800821522785,0.103420989220861,0,0,0.0517213901104537,0,0.00870928001859911,0.00634409101354813,0,0.0764880971633442,0,0.200993413429232,5.26105931168051e-05,0,0,2.39576842797351e-05,0,0,0,0,0,0.000473014001010145,0,9.27005874140501e-05,0.000498777001065164,0,0.0154291100329496,0,0.0473548311011286,0.00139159200297182,0,0.0662015831413768,0,0.00305851700653162,0.000211767000452239,0.00082732300176679,0,0.0112586670240435,0.000141699000302605,0,0.0306989430655592,0,0.0101550480216866,0.002950527006301,0.0081096160173185,0.000613630001310438,0.0211311590451267,0.0053821720114939,0.00641969601370959,0,0,0.000159276000340142,0,0.000281954000602127,0.000303143000647377
"33","MSM6J2MB",0.000727265000243167,0,0,0,0,0,0,0,0,0,0,0,2.77382319073829e-05,0,0,0,0,0,0.0189306630063296,0.00193183700064592,0,0,0,0,0.000872446000291709,0,0.0107439070035923,0.0326219400109074,0,0,0.277677496092844,0.0508808140170124,0,0.104051970034791,0.00419726600140339,0.0304445410101794,0,0.000705702000235957,0,0.0798381680266945,0,0,1.77943374500192e-06,0,0,0,0.0795990960266145,0.00203996400068208,0.169775564056766,0.0129607670043335,0,0.0120317980040229,0,0,0,0,0.109939278036759
"34","CSM79HJM",9.85716662548993e-05,0.000365328998741769,0.000864605997022208,0,0.0119915069587,0.00739501497453081,0,0,0.0300195658966095,0.00982193196617226,0.157199411458589,0.0158403669454442,0.019905342931444,0.0253006789128619,0.056002400807122,0.0732063667478698,2.86728001696595e-05,0,0.000819242997178443,0,0,0.000815391997191706,0.00728431797491206,0.00229239799210475,0.00242834399163653,0.0013959799951921,0.00196943599321706,0.00255758499119141,0.152456987474922,0.00544697598124006,0.0520221598208303,0,0,0.163864767435633,0.000209268999279256,0.00728032397492582,0.000979867996625234,0.000339508998830696,0.00135118799534637,0.0332132308856102,8.13109258542584e-05,0.00286214499014248,0,0,0.00720386297518916,0,0.0972377386651033,0.00845091597089418,0.00575552998017736,0.000910539996864007,0.0122143279579326,0,0.0183398929368355,0.000475026998363958,0.000204560999295471,3.83730509733255e-05,0.00145903199497494
"35","ESM718TM",0.000193666000049066,0.000718049000181921,0.000512936000129955,0.0308457940078149,0.0029014840007351,0.000626166000158642,0.0285996610072458,0.263233636066691,0.000261109000066153,0.00178362500045189,0.326523949082726,0.000335151000084912,0.152686657038684,0,0.00167287000042383,0,0.000437244000110778,0.000102299000025918,0,0,9.52861410055554e-05,0,0.00157820200039984,0.000159945000040523,0.000365779000092672,0.000134782000034148,0.00025399300006435,4.74368234443241e-05,0,0.000910065000230569,0.0265578150067285,0,0.000307205000077832,0.0289098560073244,0.00161140800040826,0.000968227000245305,0,0,0,0.00589732500149411,0,0.00427220200108238,0.0175061470044353,0.0330731600083792,0,0.00371708800094174,0.0462944210117289,0.00232471400058898,0.00285549100072345,0.00180177400045649,0.00756019200191541,5.90897822469515e-05,0.00029472700007467,0.000554392000140458,0.000214188000054265,0,0.000240793000061006
"36","MSM6J2PM",0,0,0.00635735001691959,0.092141355245227,0.000871174002318561,0.00180842800481299,0.0485457461292007,0.00739935201969279,0.0188219590500932,0.00218164000580626,0,0.0266816410710111,0.129237678343956,0.331630592882609,0.000112156000298494,0,3.0520734178963e-05,8.0005808041942e-06,8.8747183365043e-05,9.79330353994882e-05,0,0,0.00307089000817293,0.00116067700308905,0.000509963001357227,0.00257337200684883,0.00277709000739101,0,0.0130431690347134,0.000235128000625775,0.0245733390654,0,0.00118082600314268,0.107846347287025,0.00137980400367224,0,0,0,1.00748054571334e-05,0,0,0.023566748062721,0.0604947621610021,0.0308908350822135,0,0,0,0,0,0.0566479641507641,0.00217467600578773,0,0.00185006000492379,0,0,0,0
"37","CSM79HIT",0.000762462001354564,0,0.0265147640471052,0.0659655331171922,0.000564087001002138,0.00233488800414808,0.0242180050430249,0,0.00456716900811388,0.0178234110316645,0.240681095427586,0.000219656000390233,0.0799686551420696,0.366001205650225,0.000256899000456398,0.00230169900408912,0,0.00014504400025768,0,2.45751040951565e-05,0,0,0.000420437000746934,0.000334677000594576,0,0.00156153300277417,0.00122862900218274,0.000289074000513559,0.0226128960401733,0,0.01341914702384,0,0,0.0701332931245964,0.000327457000581749,6.43513035069047e-05,0.00017341900030809,0,0.00190393700338247,0.0213729930379705,0.000409289000727129,0.00267881300475909,0,0.00249538600443322,0.00094031400167053,0,0,0.00394316400700529,0.000895598001591089,0.00848689801507754,0.0125301360222606,0,0.00124687000221515,0.000148084000263081,0,3.44558160509411e-05,0
"38","ESM7F5AK",0.0016505410039091,0,0,0,0,0.00306064700724877,0,1.65817778218496e-05,0,0.090358907214004,0,0,0,0.536914147271615,0.0705070281669872,0,0,9.90543043568389e-05,0.00100243400237414,0.000180763000428115,0,0.000516326001222855,0.000399490000946143,0.00240610300569856,0,0,0.000981270002324018,0,0.000540762001280728,0,0.0327521750775695,0,0,0.163467856387154,0.00047858100113346,0.00593845801406451,0,0.000814253001928458,0,0,0,0,0.0727919321723988,0,0.00808885301915746,0,0,0,0,0.000590180001397769,0,0.00401039000949812,0.00197650400468111,0,0,3.55635498021249e-05,0.000421199000997558
"39","HSM6XRVO",0,0,0.00203595100448781,0.0626467641380912,0.000115644000254912,0,0.0871824981921749,0,0.0129390820285214,0,0,0.0515480331136264,0.0741044371633471,0.184619217406953,0.0309417910682044,0,0,0,0,0,0,0,0.00037918900083584,0,0,0.000487283001074109,0.000669843001476523,0.00820831801809345,0.00107305200236531,0,0,0.251884876555225,0,0.129086101284542,6.72587958657937e-05,0.00152293100335697,0,0.00247553500545678,0,0,0,0.0115362560254292,0,0.0457919161009383,0,0.00985066802171366,0.0258809100570488,0.00357260900787504,0,0,0,0,0.000174324000384259,0.00120551100265729,0,0,0
"40","CSM79HKB",0,0,1.05908904362087e-05,0,0,0.00242017299539433,0.0545701288961512,0,0,0.0194291429630257,0.221962750577598,0,0.250992381522353,0.287365714453134,0,0,0.00416643599207113,0.00241246099540901,0.00086547099835298,0.00014724399971979,0,0,0.00427532699186391,0,0,0.000258910999507284,0.00160292599694958,0.00440190299162303,0,0,0.0185535949646919,0,0,0.0179143369659084,0.0143780079726382,0.00136272899740668,0,0,0,0.00512136399025387,0.000460137999124342,0,0.00976192198142274,0.0319298899392364,0.0129955369752691,0.00577789598900447,0,0,0,0.025373202951714,0,0.000157320999700613,0,0,4.85330124843739e-05,0.00128396599755657,0
"41","MSM6J2MH",0.00470072599529927,0,0,0,0,0,0,0,0,0,0,0,0,0,0,0,0,0,0.0710582749289417,0.0355481289644519,0,0,0,0,0,0,0.0463355659536644,0.072378973927621,0,0,0.0682646149317354,0,0,0,0.00444926899555073,0.18357028281643,0,0,0,0.154102149845898,0,0,0,0,0,0,0,0,0.000582071999417928,0,0,0.121693709878306,0,0,0,0,0.237316231762684
"42","MSM79H63",0,0,0.01567998196864,0.0931988678136023,0,0.0130013469739973,0.013140516973719,0,0.0282401729435197,0.00524109698951781,0.498695824002608,0,0,0.124144327751711,0.0063392029873216,0.00716412598567175,0.0182163289635673,0,0,0,0,0,0.000756680998486638,0,0,0.000940020998119958,0,0,0.0152438769695122,0,0.0253477849493044,0.0342597669314805,0,0.0517756208964488,0.015418511969163,0.00468538099062924,0,0,0,0,0,0,0.0214101639571797,0.00664559398670881,0,0,0.000454803999090392,0,0,0,0,0,0,0,0,0,0
"43","ESM718TF",0.00192681900484325,0,0,0.0204279570513477,0.000460844001158378,0.011788275029631,0.00428386201076792,0,0,0.00355355400893222,0.0123930370311512,0,0.0152721660383881,0.014606927036716,0.000339892000854353,0.00426013101070827,0.00197275000495871,0,0.000758632001906898,0,0.000302381000760065,0,0.00403889501015217,0.00484039601216682,0,0.0111069600279185,0.0151871930381745,0.00523770201316549,0.00373574800939018,1.68414864413015e-05,0.00952079802393149,0,0.00114369000287478,0.517443188300646,0,0.00573146401440661,0.00143994700361945,0.00319146200802206,0,0.0845856002126145,0,0.000636914001600948,0.00403736401014832,0.00658272501654634,0,0,0.151399604380558,0,0.0217033170545535,0.00709639001783749,0.00103651700260539,0,0.0290829500731029,0.00248871200625563,0,0,0.0163683940411436
"44","CSM79HJS",0.000411384,0,0.02466763,0.052449631,0,0.002078136,0.031105064,0,0,0.090791907,0.049901913,0.002065252,0.266446077,0.217680469,0,0,0.00019925,0,0,0,0,0,0.000533112,0.00023879,0,0,0,0,0.011895608,0,0.032566678,0.000322866,0,0.094950178,0.007017415,0.004921953,0,0,0.000262446,0,0,0.059584886,0.005012138,0.00897138,0,0,0.015363055,0,0.006541835,0.004452259,0.00281694,0,0.006751748,0,0,0,0
"45","CSM79HOJ",0,0.00361647100611463,0.0505573500854811,0.0152981120258657,0.00552904800934837,0.000651090001100846,0.0131637050222568,0.00510542200863212,0.00291529700492911,0.00163962000277223,0.0556567200941029,0.0430149310727285,0.105536269178438,0.255674083432287,0.14722272524892,0.00367782400621837,0.000419452000709199,0.00136937600231531,0.000384602000650275,0.00259705600439103,0.00142718100241304,0,0.000704513001191172,0.000420913000711669,0.00106156900179487,0,0.00114170300193036,0.0149905130253456,0,0.000776300001312548,0.0100345080169661,0.000219534000371182,0,0.0132317350223719,0.0830131451403565,0.00131595300222498,0,0,0.0122989240207947,0.00362523600612945,3.00503092768375e-05,0.0394520910667046,0.0475867510804584,0.00632746801069832,0.0211253670357182,0.00423125000715409,0.014414132024371,0.00314484800531723,0,0.000137522000232519,0,0.000335979000568065,0,0.00015526000026251,0.00167655700283468,0.00309184300522761,0
"46","CSM79HN6",0,0,0,0,0,0,0.0562907909750646,0.217550487903631,0,0.168150635925513,0,0,0,0.51727618377086,0.0126969169943756,0.000168575999925325,0,0.000291120999871041,0.00104334299953782,0.000184520999918262,0,0,0,0,0.00144978999935778,0,0,0,0,0.000268055999881258,0,0,0,0.00434756399807414,0.0046058929979597,0,0,0,0,0,0.000255620999886766,0,0,0,0.0111133499950771,0,0.00357759199841522,0,0,0,0,0,0,0.000359212999840878,6.53844429462249e-05,0.00030495999986491,0
"47","HSM7CYY3",0.000335237000545103,0.0249099530405042,0.0479210780779208,0,0,0.00177815800289133,0,0,0.149466358243036,0.0328439740534051,0.252202595410087,0.0396432360644608,0.242339298394049,0.000112802000183419,0.072306462117572,0,0,0,0.0020157160032776,0.000541836000881038,0,0.000229895000373815,0,0.00125910700204734,7.07053740912222e-05,0,0.000766826001246877,0,0,0.000437413000711244,0.000465511000756932,0,0,0.0156846390255036,0.00502324900816792,0.00157554500256187,0,0,0,0.00266442800433242,0,0,0.0783639311274216,0,0.0117696860191378,0,0,0,0.010635743017294,0.00273043300443975,0,0,0,0.000372225000605247,0.000509957000829202,0.00102400200166505,0
"48","HSM6XRVW",0.000306051000100647,0,0.00363059800119395,0.076860082025276,0.000521019000171341,0.000541621000178116,0.0688160020226306,0,0.018315097006023,0.000380599000125163,0,0.0519197470170742,0.0546237870179634,0.262511236086329,0.0196767400064708,0,0,0.00307325400101066,8.81015711104047e-05,0,0.00163462300053756,0,0.00191410800062947,0,0,0.00203717900066994,0.0021155220006957,0.0207307060068174,0.0139262830045798,0,0,0.0161662320053164,0,0.238017373078274,0.00419607500137991,0.000701017000230534,4.0120100074892e-05,0.000374093000123023,0,0.000932792000306755,0,0.0126383740041562,0,0.0590112460194063,0,0.0412391260135618,0.00110113400036212,0.0170727290056145,0,0,0,0,0.000271895000089415,0.00169643000055788,0.00264277600086909,0,0.000276232000090841
"49","CSM7KOLK",0,0,0,0,0,0,0.054838871,0.174459737,0,0.311038859,0,0,0,0.316619954,0.016208972,0,0,0.000428034,0,0.002840075,0.000178339,0.000444492,0,0,0,0,0,0.000126453,0,0,0.000223099,0,0,0.068475628,0.037279662,0,0,0,0,0,0.00096857,0,0,0,0.01132387,0,0,0,0,0,0,0.001153633,0,0,0.003229069,0.000162683,0
"50","CSM79HRG",0,0.0467354359949343,0,0,0,0.029956725996753,0,0,0.140016401984824,0.122946713986674,0,0,2.42381083875273e-05,0,0,0.00707619499923301,0,0,0.0075753779991789,0.0241919349973778,0,0,0,0,0,0.000187117999979718,0.0205655499977709,0.0767253689916837,0,0,0.239655508974024,0,0,0,0.008229564999108,0,0,0,0,0,0,0,0,0,0,0,0.118132540987196,0,0.0150330809983706,0,0,0.0649477079929603,0,0.0780005349915455,0,0,0
"51","CSM7KOKB",1.31216903391851e-05,0.0395832719836175,0,0.243633281899166,0,0,0,0,0.440152710817832,0.0282458139883098,0,0,0,0,0,0.00036656099984829,0.000515449999786668,0,0.0011104759995404,0,0.000281798999883371,0,0,0,0.00331968199862607,0,0.000227301999905926,0,0.00161756599933053,0,0.0861998759643241,0,0,0.0510405179788756,0.0143151289940753,0.0238886719901131,8.46560667044198e-05,0.000193226999920028,0.00198338599917913,0,4.66666567708115e-05,0,0,0,0.00184317399923716,0,0,0.0107241249955616,0.0277318459885225,0.0204591489915325,0,0.000327618999864407,0,0.00040391499983283,0.00117650799951307,0.000514496999787063,0
"52","CSM79HR6",0,0,0.0006310209999433,0.00964642599913323,8.79704190888827e-05,5.81937239104201e-05,0.0160115679985613,0.017406313998436,0.0197301199982272,0.00419185199962335,0.0483411729956564,0.00076413299993134,0.407383668963395,0.0998023719910324,0.00725871499934778,0,0.00398953299964153,0,0.000335293999969873,0.000371868999966586,0.0140169369987405,0.00110907999990035,0.00164886699985184,0.000228695999979451,0,0,0.00109589099990153,0.00606071299945542,0.0124001579988858,0,0.13588424898779,0.0429653239961394,0,0.0621926389944118,0.0167003749984994,0.00137802199987618,0,0,0.00371855199966587,0.00169319299984786,0.00383385099965551,0.00129956899988323,0.0414261809962777,0.00255331799977058,6.67596225234025e-05,0.000476154999957216,0.0023115689997923,0.000782895999929654,0.00423100999961983,0.00134457399987919,0,2.28423963012864e-05,0.000541826999951315,0.000329446999970398,0.00364417799967256,0,3.29039280054245e-05
"53","CSM7KOLA",0.000460140999079718,0.0409027899181944,0.0106384659787231,0.0587133998825732,0,0,0,0.249328557501343,0.0127078589745843,0,0.083171979833656,0.0455286469089427,0.12489503175021,0,0,0,0,0.0049453989901092,0.000120370999759258,0.0517925458964149,0.000446986999106026,0.002071999995856,0,0,0,0,0,0.0808517918382964,0,0.00245718799508562,0,0,0,0,0.01498002297004,0,0,0,0.00699195998601608,0,0,0,0.113745546772509,0.0585361928829276,0.0104933989790132,0.0138492769723014,0,0,0,0,0,0,0,0,0.0115361619769277,0.00083428499833143,0
"54","MSM79HDQ",0.000150682000127747,0.0532446770451405,0.0105565600089498,0,0,0.0136466010115695,0.0868893080736643,0,0.0696752640590703,0.0190674650161653,0,0.023433779019867,0.165056600139934,0.235359948199537,0.0403504800342089,0.0196408160166514,0.00310657200263373,0,0.0180042030152639,0.0126350550107119,9.94121059320362e-05,0.00365099300309529,0.0233578240198026,0.00270825400229604,0.000118513000100475,0.00210552600178505,0,0.0206236560174846,0,0.0206915690175422,0.00159874800135541,0,0,0.00150279800127406,0.0106388830090196,0.00363971200308573,3.93180463910974e-05,0,0.000670641000568566,0,0.000585638000496501,0.0050411990042739,0.0220131910186627,0.0658811840558537,0.00481824800408488,0,0.00347931200294974,0.000311193000263828,0.000251546000213259,0.00185554400157312,0,0.000411052000348488,0,0.0173008340146676,0.014433968012237,0.00135323300114726,0
"55","CSM7KON2",2.18508349908992e-05,0.00219547200144434,0.0437456100287791,0.0843241630554746,0.0048729750032058,0.000344598000226702,0.0202347090133119,0.233610501153686,0.0229950780151279,0.00112442200073973,0.211169932138923,0.00534461900351608,0.0697951490459164,0,0.00504993100332222,0,0,3.91643381257646e-05,0.000157851000103846,0,0.000127523000083894,0,0.000419464000275954,0.000371225000244219,0,0.000347703000228745,0.00206138200135613,0,0.00100322800066,1.95821690628823e-05,0.00194245600127789,0.121536135079955,0,0.0605912910398614,0,0.00456192900300117,0,0.000154627000101725,0.00158376800104192,0,0.000627346000412714,0.0179816850118297,0.030727767020215,0.0380942440250612,0,0,0.0049804380032765,0.00194472400127938,0.00464933200305867,0.000307106000202037,0,0,0.000472957000311146,0.000106747000070226,0.0003613150002377,0,0
"56","HSM7CYYB",7.22841324596793e-05,0,0.000672047000485305,0.0275576590199002,0.00500341200361311,0.00177566800128226,0,0,0,0.0244238670176372,0.191228827138092,0.00380246500274587,0.0886011650639815,0.117245751084667,0.000223956000161725,0.0148194900107016,0.000751258000542505,0,0.00021134700015262,0,0.000747883000540068,0,0.0052717690038069,0.00238573200172281,0,0.00142206200102691,0.00398823700288002,0,0.0112315690081106,0.000646472000466836,0.138989954100369,0.0115876610083678,0.000374030000270098,0.236817026171012,0.00042162800030447,0,0,0.0217935770157378,0,0,0,0.00470060000339444,0.00533837000385499,0.0323039030233276,0.0017765560012829,0,0.0182587590131852,0.000134978000097472,0,0.0217131230156797,0,0,0.000470468000339738,0,0,8.88011455278615e-05,0.003147645002273
"57","CSM7KOPS",0,0,0,0,0,0,0,0,0.315685228947056,0.322222339966667,0.000267658000802974,0,0.00327223000981669,0.00375138201125415,0,0,0,0,0.00515954901547865,0.122623519367871,0,0,0,0,0,0,0.00779686002339058,0.174877409524632,0,0,0,0,0,0.00249986100749958,0,0,0,0,0,0,0,0,0,0,0,0,0.0348785981046358,0,0,0,0,0.00696536402089609,0,0,0,0,0
"58","HSM7J4LP",0.00021950399995658,0,0.00124469499975379,0,0.0020109809996022,0.0299047179940845,0.0445507599911874,0,0.0538460739893486,0.00821414999837515,0,0,0.145326133971253,0.354354378929905,0.0353433559930087,0,0,0,0.00230303099954443,7.56189559561515e-05,0,0.000666412999868176,0,0,0,0.00996611699802859,0.0197271089960978,0,0,0.036731934992734,0.00121626899975941,0,0.00866841299828529,0.0122571849975754,0.0276066259945391,0.0346656389931427,0,0,0,3.08402418340764e-05,0.000916865999818634,0.0136971279972906,0.0241394579952249,0.0532793159894608,0.0167461419966874,0.00749055699851828,0.000788456999844034,0,0,0.000343193999932112,0,0.00030225599994021,0,0.045275450991044,0.00529135099895331,0.00279987699944615,0
"59","CSM7KOLE",0,0.00935936701406853,0.00429611600645771,0.0493435910741708,0,0,0,0.273551101411188,0.016742204025166,0,0.23042951834637,0.061079050091811,0.105745029158951,0.000142356000213982,0,0,0,5.98424969398778e-05,0,0.0227604030342123,0,0.000253870000381605,0,0,0,0,0,0.00533783600802357,0,0,0,0,0,0,0.00165027200248061,0,0,0,0.00092295500138734,0,0,0,0.151902583228332,0.0549980170826703,0.00215087700323309,0.0038322210057604,0,0,0,0,0,0,0,0,0.00514668500773624,0.00029610500044509,0
"60","CSM7KOOV",0,0.0214417740029136,0,0,0,0.00158861900021587,0.0135102780018358,0,0,0.0321561750043695,4.26078627595359e-05,0.0547739900074429,0.387767409052691,0.252107771034257,0,0,0,0,0,0,0.00398805400054191,0,0,0.00126389300017174,0,0,0,0,0.00831486100112985,0,0.0105254080014302,0.0274444200037292,0,0.0930439710126431,0.000126980000017254,0.00143970300019563,0,0,0,0,0.00350903200047682,0.0029348800003988,0,0.0776855240105561,0.00325486100044228,0.0017699140002405,0,0.000572675000077817,0,0,0,0,0.000716107000097307,0,2.10930013661069e-05,0,0
"61","ESM9IEP1",0.00141135800118197,0,0,0.0372320900311807,0.000685691000574245,0.00148917400124714,0.0211734260177321,0,0,0.00695212200582219,0.0155151760129935,0.00175130500146666,0.00767656900642889,0.0191279480160191,0,0.000518464000434198,0,0,0,0,0,0,0.00494906100414469,0.000180349000151037,0,0.00276290600231385,0.0128758600107831,0,0.00269088800225354,0,0.00635370600532104,0,0.00635401100532129,0.374946788314006,7.53741625936204e-05,0.00230150600192744,0,0.00201923400169105,0,0.00374368500313522,0,0.00409095600342605,0.00726185800608159,0.00872936600731058,0,0,0.400081477335056,0.00276443100231513,0.00801407400671154,0.00945930500792188,0.0214645470179759,0,0.00313306300262384,0.00162985200136495,0,0,0.0005843790004894
"62","CSM7KOO9",0.000462725001388175,0.00330081400990244,0.035605994106818,0.0693547482080642,0.00283694800851084,0.000797028002391084,0.0868039192604118,0.360331839080996,0.0196582070589746,0.000823143002469429,0.0888497972665494,0.0235221510705665,0.136643588409931,0,0.00977972502933917,0,0,0.000418988001256964,0.00034698000104094,0,0,0,0.000407452001222356,0.000868021002604063,0,0.000228954000686862,0.00171132200513397,0,0.00725134502175404,0.00022046000066138,0,0.0100531770301595,0,0.0504150961512453,0,0.000399972001199916,0,0,0.000838863002516589,0,0.000365616001096848,0.0142558610427676,0.0164274990492825,0.0400314201200943,0,0,0.000621446001864338,0.0130081510390245,0.00131198400393595,0.000244293000732879,0,0,0.000458034001374102,0.000221728000665184,0.00112271000336813,0,0
"63","CSM7KON8",0,0.0122226649779959,0.022323872959811,0.0604916998910985,0.00410861899260337,0,0.00932597098321072,0.222613508599235,0.0104943279811074,0.000602537998915268,0.231440920583343,0.00232267799581855,0.206741818627808,0.00242216499563944,0.00796706098565712,0,0,0,0,0,0,0,0.000135980999755197,5.40105468937388e-05,0,6.05232531719859e-05,0.00127289699770844,0,0.000332035999402245,0,0.00282000199492323,0.10340111481385,0,0.0243193439562186,0,0.000466219999160677,0,0,0,0,0.000610060998901724,0.0144921189739102,0.0195813499647482,0.0231339189583527,0,0,0.00130950299764254,0.0030253769945535,0.00973896598246721,0.00216873099609569,0,0,0,0,0,0,0
"64","CSM7KOSV",0.000512167999322719,0.00145439299807674,0,0,0,0.00206727099726628,0.00950413698743192,0,0,0.03207853395758,0,0.00352994299533207,0.275256500636006,0.264581272650123,0,0,0,0,0.000348400999539281,0,0.0106380289859325,0,0.000467483999381808,0.00952137598740912,0,4.04880200856769e-05,0.00264408299650352,0,0.00919089398784614,0,0.0921113798781937,0.0749842669008423,0,0.147466895804993,0.00122008399838659,0.00471305499376755,0,0,0,0,0.0120292519840928,0.00277904299632505,0,0.0231592609693747,0.00517350699315866,0.00516488799317005,0,0.00247090299673253,0,0.00117471999844657,0,0,0.00511838899323154,0.000135753999820482,0.000447295999408505,1.63313022194327e-05,0
"65","HSM7J4QT",0.000323307000069132,0,0,0.000400900000085724,0,5.81951736927066e-05,0.0354502660075803,0,0,0.0023930560005117,0.00220965300047249,0.0333405440071292,0.0762468460163038,0.391537129083722,0.0152042240032511,0,0,0.00104868900022424,0.000156951000033561,0.00269049800057531,0,0,0.000180464000038588,0,0,0.000172234000036829,0.00171705200036716,0.00184872500039531,0,0,0.0067394710014411,0,0.000105809000022625,0.239625976051239,0.000162241000034692,0,0,0,0,0,0,0.0051793700011075,0,0.177109663037871,0,0.00605935200129567,0,0,0,1.35200908579015e-05,0,0,2.58645216412029e-05,0,0,0,0
"66","HSM7J4MY",0.000205570000475155,0,0,0.0204225210472046,0,0.00102008900235783,0,0,0,0.00470846701088315,0.118882285274785,0,0.123445701285332,0.208481669481885,0,0.0713258301648626,0.00207098300478687,0,0.000155724000359941,0,0,0.00175213700404989,0.0279028520644947,0.00702261801623208,0,0.00235223300543695,0.00579586701339657,0.00137204500317135,0.0219931020508349,0.000143353000331346,0.0451023471042496,0.000268030000619525,0,0.320716699741305,0.00141764600327675,0,0,0.00601902301391237,0,0,0,0,0.00274930500635475,0.00052963100122419,0.000594759001374727,0,0.00192168700444179,0,0,0.00040362100093293,0,0,0,0.000134500000310883,0,2.97136886677683e-05,0.00105999000245006
"67","MSM9VZEK",0.000331640998673436,0.000850632996597468,0.00332740398669038,0.000265656998937372,0.000317992998728028,0.0247967329008131,0.0197630289209479,0.0119837159520651,0,0.00404408198382367,0.00158055999367776,0.00189298899242804,0.0535760677856957,0.00719990197120039,0,0,0,0,0,0,0.00051011499795954,0,0.00801316996794732,0.0037006489851974,0,0.000545358997818564,0.00566253597734986,0.0075909009696364,0.00481018098075928,0.00062949499748202,0.138308605446766,0.0237350319050599,0.000115007999539968,0.111741974553032,0,0.00905261096378956,0.00189444599242222,0.00425541498297834,0,0.014281748942873,0.000164693999341224,0.0102762239588951,0.0314638628741446,0.00614018897543924,0.00468510398125958,0,0.45135263019459,0.0158755589364978,0.00134020999463916,0.00586326897654692,0,0,0.00703070297187719,0,0.00074410499702358,0.000285796998856812,0
"68","CSM7KOQ1",0,0.0142230950204222,0.00713308901024205,0.0412653730592509,0,0,0,0.16925862324303,0.0043449490062387,0,0.269890185387522,0.0192662860276635,0.106761486153293,0,0,0,0,0.000153390000220245,0.000108203000155363,0.00461570300662746,0,5.94248713252474e-06,0,0,0,0,0,0.0642629220922719,0,0.000286106000410805,0,0.00225554500323862,0,0,0.00351832400505179,0,0,0,0.00127825400183538,0,0,0,0.188419182270542,0.0986386011416302,0.00114306200164127,0.00123294200177032,0,0,0,0,0,0.0003195320004588,0,0,0.00157302600225863,4.61780770923277e-05,0
"69","HSM7J4N4",0.000253803999247334,0,0.000168010999501757,0.0178123909471766,0.000412323998777237,0.00252509799251172,0,0,0,0.0264649049215173,0.124051916632119,0.00027118499919579,0.169056850498655,0.141235898581159,4.59781164989148e-05,0.0875578657403437,0.00264824099214654,0,0.000132140999608131,0,0.000113897999662231,2.03388451000562e-05,0.0557056318348027,0.00763963997734434,0,0.00268965799202371,0.00728241597840371,2.45298798479466e-05,0.0221088179344354,0.00159863299525919,0.036823663890798,0.00113540099663292,0,0.240364964287188,0.00109410699675538,0,0,0.0083486649752417,0,0,0,5.92908151098607e-05,0.00205077199391835,0.00881769097385079,0.00214852199362847,0,0.0260040149228841,0.000207825999383684,3.98148301049584e-05,0.00159727699526321,0,0,0.000681905997977781,0.000210414999376006,0.000183911999454602,0.000325544999034583,8.60394780596315e-05
"70","CSMA9J65",0,0.0132410340194888,0.134730074198302,0.0822047891209929,0,0,0.0544197260800975,5.64668744746773e-05,0.0209074200307725,0.0225452960331832,0,0.00683932601006644,0.114275845168197,0.249034489366541,0.000510555000751459,0,0,0,0,0,0,0,0,4.68316538301887e-05,0,0,0,0,0.0263783210388249,0,0.00413182900608142,0.00969269601426617,0,0.0945838071392129,0,0.00103152900151825,0,0,0,0.00563514800829408,0.000200323000294845,0.00782323901151461,0.021690450031925,0,0.00603265600887915,0.00165087200242983,0.0147425600216988,0.0012145980017877,0.0297977040438577,0.00999889401471684,0.0659382960970511,0,0,0.000326365000480359,0,0.000318859000469312,0
"71","MSM9VZES",0,0.178402525,0.010024808,0,0.000621295,0.059039758,0.044956786,0.008468146,0,0.00264462,0.000381113,0.017871222,0.10291325,0.103382245,0,0,0,0.00020841,0,0,0.004441026,0.008721153,0.03327563,0.062851182,0,0.003300455,0.009677798,0.058475739,0.018713315,0.007564259,0.001768424,0.001634196,0.000998473,0.0904362,0,0.00930849,0.001967069,0,0.002145019,0.007805024,0,0.004236551,0.09123049,0.030038135,0.005376684,0,0,0,0.00088086,0.000286819,0.002676391,0,0.007184312,0.001033451,0.004765591,0.000293086,0
"72","HSM7J4NA",0.000386959000002775,0,1.65165216536912e-05,0.0206967350001484,8.32904591964714e-05,0.0027331300000196,0,0,0,0.00542284600003888,0.0882554440006328,0.00185103000001327,0.0745593540005346,0.0969789980006954,2.73702358832598e-05,0.0712077980005106,0.00623074000004468,0.000249517000001789,0,5.80437760972577e-05,0,0.000235596000001689,0.101449903000727,0.0120870260000867,0,0.00206232400001479,0.00696950000004998,0.000766013000005493,0.0163556040001173,0.00151704300001088,0.0669314340004799,0.000208344000001494,0.000189822000001361,0.36537106000262,0.00100715400000722,0,0,0.0181074170001298,0,0,0,0.000484760000003476,0.00321234500002303,0.00387902300002782,0.00130692900000937,0,0.0232680040001668,0.000245742000001762,0,0.00273242300001959,0,0,0.000477327000003423,0.000670925000004811,0.000309095000002216,0.000301780000002164,0.00109563500000786
"73","CSM7KOOF",0,0.00198715900198716,0.0617515010617515,0.00435403800435404,0.00271931100271931,0.000567392000567392,0.00329468300329468,0,0,0.00468536000468536,0,0.0989818350989818,0.169963495169963,0.224266818224267,0.123345965123346,0,0,0.0052337020052337,0,0.0037712000037712,0,0,0.000644623000644623,0,0,0,0.00206104400206104,0.00910581700910582,0,0,0.0131038190131038,0,0,0,0.0959989080959989,0.000490676000490676,0,0,0.00755578700755579,0.00477597800477598,0,0.032832017032832,0.0606319060606319,0.00203607200203607,0.0264563230264563,0.00264954500264955,0.0122300770122301,0.0197266530197267,0,0.00139067700139068,0,0,0,0,0.00120892600120893,0.00217869200217869,0
"74","HSMA33NQ",0,0,0,0,0,0.038101277,0,0,0,0,0,0,0,0,0,0,0.005632713,0,0.011628197,0.012159771,0.000922927,0.033856252,0,0,0.003450961,0,0,0.027240272,0.033431921,0.00317076,0.103532602,0,0,0.32470982,0.098402271,0.086440863,0,0,0.012343233,0,0,0,0,0,0,0,0.009224385,0.025314413,0.069459543,0,0.045718112,0.031765131,0,0.011373891,0.012120685,0,0
"75","CSMAIG7X",0,0,0,0,0,0,0.121859066014764,0.164198265019894,0,0.189789253022995,0,0,0,0.409654651049634,0.0400229420048492,0.00228864600027729,9.6283146900911e-05,0.000910442000110309,0.00104202200012625,0.00182037900022056,0,0.00119585300014489,0,0,0.000715853000086733,0,0,4.25789966862222e-05,0,0,0.0318156130038548,0,0,0.00473698900057393,0.00719079400087124,0,0,0,1.37547352715587e-05,0,0.00151302100018332,0,0,0,0.00371428400045002,0,0.00471403100057115,0,0,0,0,0.00104353900012644,0,0,0.0116217400014081,0,0
"76","MSMA26AL",0,0,0.0457331569690784,0,0,0.00327472099778586,0.225079723847817,0,0.000374243999746962,0.132628254910326,0.0616940289582868,0.00238216599838934,0.0406871799724902,0.246763576833156,0,0,0.00104805999929137,0,0,5.96063757303885e-05,0.000351369999762428,0.000286813999806076,0.00139459099905707,0.00122896899916906,0,0.000539206999635426,0.00202650699862982,0,0,0.000280325999810463,0,0.0206826429860158,0,0.0609960179587587,0.00742858199497731,0.0133585369909679,0.00022588799984727,0,0,0.00644331699564348,0.000556142999623975,0.00993292999328404,0.0482461919673793,0.0207082669859985,2.17750228682968e-05,0.0084329819942982,0,0.0038375729974053,0.000225997999847196,0,0.0276123789813304,3.81612774510052e-05,0.0014971979989877,0.00153282999896361,0.00239008399838399,0,0
"77","CSM9X1ZC",0,0,0,0,0,0,0.0321157529654399,0,0,0.0861097509073365,0.366485281605622,0,0.100567066891779,0.125300714865163,0,0,0.00334426499640121,0,0,8.96742109937355e-05,0,0,0.0113517069877843,0,0.000758478999183794,0,0.0018121809980499,0,0.0178255179808178,0,0.14026439984906,0,0.00506903399454517,0.0678552729269803,0.00213038799770747,0,0,0,0,0,0.000419908999548132,0,0.0291213729686622,0,0.000214479999769196,0,0,0.00340607199633469,0,0,0,0.00175073099811602,0.00396543399573276,0,0,4.25148649731255e-05,0
"78","HSMA33L1",0,0,0.000565026000093359,0.0387485570064024,0.00115386100019065,0,0,0,0,0.020613718003406,0.102208081016888,0.0339096200056028,0.0876575780144836,0.340099339056194,0.00668338400110429,0.00509331600084156,0.0035683870005896,0.000301212000049769,0.000843214000139323,0.00140498300023214,0,0.0037953630006271,0.000749100000123773,0,0.00254334500042023,0.000408692000067528,0,0,0,2.70664201009184e-05,0,0,0,0.221830090036653,0.0207864490034345,0,0,2.83018168690102e-05,0,0,0,0.0271263930044821,0.0559690890092477,0.0141998750023462,0.00086994400014374,0,0,0.00136724700022591,0,0.0048853200008072,0,0,0.00247921700040964,0,0,8.4231597824435e-05,0
"79","MSM5LLDI",7.9877929349907e-05,0,0.0072051909912213,0.0249664029695813,0.00178371599782675,0.00432812599472667,0,0,0.113936147861182,0.00251048099694127,0.0436849139467749,0.00577008499296981,0.0118843979855202,0.118836563855211,0.00172012799790422,0.143034071825729,0.00300345499634063,0.0122189639851126,0.0012108639985247,0.0017914679978173,0.00459539599440104,0,0.0148627999818914,0.00220343999731536,0,0.00067710899917502,0.0207190539747562,0.115385859859416,0,0.028838965964863,0.0807132209016602,0,0.000706430999139295,0.123233332849854,0.00296750399638444,0.00673659699179223,0.00379583099537521,0,0,0,0,0.00472077399424828,0.00400153599512459,0.00565762699310683,0,0,0,7.41482888480149e-05,0.00956423098834708,0.00783578899045299,0.0278133599661126,0.00243768099702996,0.00746055399091017,0.00492400799400066,0.0221098959730616,0,0
"80","HSMA33R7",0,0,0.0134761479865239,0.0190818099809182,0.0133155589866844,0.00626665599373334,0.0745843839254156,0,0,0.0463500839536499,0.142597404857403,0,0.0431399289568601,0.47148044252852,0.00406034499593965,0,0.00457494499542505,0.0062943959937056,0,0,0,0,0.0062193019937807,0.00192999399807001,0.000230805999769194,0,0.000512432999487567,0,0,0,0,0,0,0.020456026979544,0,0,0,0.00129630699870369,0,0,0,0.00580168399419832,0.0394739049605261,0.0102213499897786,0.0596953339403047,0,0,0,0,0,0,0,0,0,0,0.00554162099445838,0.00339913399660087
"81","HSMA33R9",0,0,0.00106957599966542,0.0106928229966551,0.000637282999800645,0.00156628799951003,0.0039278179987713,0,0,0.0042305379986766,0.281288229912007,0,0.0355979819888642,0.316739879900917,0.00349123099890787,0.00214229399932985,0.000217769999931877,0,7.78273127954676e-05,0,0,0,0.00417051699869538,0.000956028999700935,0,0,0.00238132699925507,0.0166173359948018,0.0197424739938242,0,0.0707428279778702,0,0,0.0591787149814877,0,0,0,0.000710501999777741,0,0,0,0.000273599999914412,0.00872409599727093,0.0088859309972203,0.00279141299912679,0,0,0,0.138025115956823,0.00233408599926985,0,0,0.000657079999794452,0.0018441829994231,0,0.000285226999910775,0
"82","MSM6J2IQ",0,0,0,0,0,0.000381390000028821,0,0.21238233801605,0,0,0,0.00013974000001056,0.164763442012451,0.28914219702185,0,0,0.00180452800013637,8.39673087341473e-05,1.11751363272553e-05,0,0,0.00158164100011952,0.0104461890007894,8.62228408368962e-05,0.00145112700010966,0.000771700000058317,0,0.000181673000013729,0.0156047960011792,9.59626385533113e-05,0.0372702070028165,0,0,0.212610249016067,0.0185281710014002,0.0004697660000355,0,0.00156205900011804,0,0,0,0,0,0,0,0,0.00576719100043582,0,0.0223294600016874,0.000394718000029829,0.00134798800010187,0,0.000646928000048888,0,0,0,0.000145174000010971
"83","HSM5MD62",0,0,0,0,0,0.0595063729660734,0.0652586329627939,0,0,0.192526239890234,0,0.0497285529716481,0.0411616619765324,0.0847225809516968,0,0,0,0,5.0259158319945e-05,0.0236275719865291,0,0.0442654889747627,0,0.000122175999930343,0,0.00105214699940014,0.00705770399597616,0,0,0.00837491799522518,0,0,0,0.000793552999547569,0.0496086139717165,0,0,0,0.00372470999787642,0,8.67470718543313e-05,0,3.35453398622584e-05,0,0,0,0,0.00554804599683687,0,0.105868268939641,0,0.135783178922585,0.000176553999899341,0.029935154982933,0.0909873209481251,0,0
"84","HSM5MD7J",0.000196472999730847,0,0,0,0.000401316999450225,0.0321624119559399,0.0713825229022112,0.126201078827114,0.0592644789188121,0.0222708169694906,0.0361491809504783,0.00970370598670664,0.110343386848838,0,4.49603329066931e-05,0,0.000470097999356001,0,0.000724944999006879,0,0,0.000281672999614129,0.000719042999014964,5.33300368845501e-05,0,0.00024776499966058,0.00700222299040747,0.00310076099575219,0,0.000110951999848004,0.00135599899814238,0,0.00999106598631298,0.106040608854732,0.00114160599843608,0.0169656049767584,0,0.0159932169780905,0,0,0,0,0.019980629972628,0.0768609228947062,0.00654274799103692,0,0.239859191671411,0,0,0.00114664899842918,0,0.000920345998739194,0,0.000683203999064061,0.00094341599870759,0.0022397539969317,0.018503912974651
"85","CSM5MCWE",0,0,0.00939058701385877,0.112033778165341,0.00545445500804977,0.00239323300353197,0.0196726190290331,0,0,0.00711740701050398,0.0810546031196216,0.0285152690420833,0.115028405169761,0.392397967579107,0.0936411881381971,0,0,0.00215041000317361,0.00490629100724078,4.51895242515811e-05,0,0,0.000356193000525675,0.00159930100236027,0,0,0.000346113000510799,0,0.00127244200187789,0.00220171500324932,0.00427646900631128,0.00490481900723861,0,0.0248306810366455,0.00558470000824198,0.0017777940026237,0.000210771000311059,0,0.000217340000320754,0,0.00227091500335145,0.0163316530241025,0.0418874040618181,0.0102489610151256,0.000587124000866486,0.00165547700244318,0.00294955100435299,0.000696757001028285,0,0.000538650000794948,0,0,0.000115296000170156,0.000528910000780573,0.000668443000986498,0.000141118000208264,0
"86","HSM5MD5P",0,0.0530748800432424,0,0,0,0.00347364100283013,0,0,0.0921828790751054,0,0,0,0,6.6979909430754e-06,0,0,0.0019180320015627,0,0.00130757300106534,0.00119004500096958,5.12814931579211e-05,0.00337557800275023,0.000630030000513313,0,0.00406672700331334,0,0,0.000851901000694081,0.00656539200534911,0,0.0198535780161756,0,0,0.420994894343003,0.0266926450217477,0.00431036600351184,0,0.00035342400028795,0,0,0.000760745000619812,0,0.116183037094659,0,0,0,0.189031956154013,0.00169030100137716,0.0242049690197208,0.0186691850152106,0.00302089900246126,8.22597012696449e-05,0,0,0.000243011000197992,0,0.00521407200424813
"87","MSM6J2KE",0,0.00370443600251659,0,0,0.00274012900186149,0.00127211600086421,0,0.00207887600141227,0.0259571580176339,1.98325445309584e-05,0,0.00452222500307215,0.19587976913307,0.430347800292355,1.21423742026277e-05,0,0.00823607100559513,0.000217247000147586,2.36776296951239e-05,0,0,0.000474666000322462,0.00335756900228095,0.000135893000092318,0.000516658000350989,0.00419144600284744,0,0.000104728000071146,0.0158705890107816,0.000244669000166215,0.0894772570607859,0,0,0.0904080710614183,0.00524975500356639,0.00286418400194577,0,0.000630796000428528,0,0,0,0,0.00298429200202736,0,0,0,0.0726112960493281,0,0.0300770660204327,0.00317927800215983,0.00128618100087376,0,0.000856240000581682,0,8.8335772324116e-05,0,0.000379550000257845
"88","HSM5MD7O",0,0.00170517100341034,0.00864826601729653,0,0,0.000149969000299938,0.0616299111232598,0.000666647001333294,0,0.0210688140421376,0.00841615901683232,0.00954635901909272,0.0468811310937623,0.259025905518052,0,0.00238824600477649,0.00121989100243978,0.00167138800334278,0,0.00229564100459128,0.0226135490452271,0.00039373500078747,0.00458068400916137,0.00079012000158024,0.00435467000870934,0,0.00260366100520732,0.000858348001716696,0.000307887000615774,0.00119180400238361,0.0287706320575413,0,0.0206231460412463,0.257967775515936,0.0151438390302877,0.00333337000666674,0.00025304000050608,0.000328819000657638,0.00514505501029011,0.0086483990172968,0.000832912001665824,0,0.0582277831164556,0.0700296411400593,0.0325715290651431,0,0.0114396540228793,0.00196390700392781,0.000272382000544764,0.000463686000927372,0.0134287320268575,0,0.00030404500060809,0,0.00453020800906042,0.00239102800478206,0.00032246000064492
"89","HSM5MD73",0,0,0,0,0,0,0,0,0,0,0.121661758121662,0,0,0.321492558321493,0,0,0,0,0,0,0,0,0.279073567279074,0,0,0,0,0,0,0,0.0469046130469046,0,0,0.230867503230867,0,0,0,0,0,0,0,0,0,0,0,0,0,0,0,0,0,0,0,0,0,0,0
"90","MSM6J2J1",0,0.00151657899778925,0,0,0,0.000371796999458024,0,0.136206761801449,0,0.00917712498662232,0,0.0128326869812935,0.142920706791662,0.429769371373517,0,0,0.000550017999198228,0.000137641999799357,3.9263478502712e-05,0,0,0.000522927999237717,0.0027833199959427,1.75479233531674e-05,0.000869718998732193,0.0015254629977763,0,0,0.0169569969752814,7.49076978138333e-05,0.0317087689537775,0,0,0.122237956821811,0.0118231329827652,0.000784172998856895,0,0.000103751999848759,0,0,0,0,0,0,0,0,0.00808279298821755,0,0.0653605309047226,0.000181839999734928,0.00249981099635598,0,0.000934755998637388,0,0,0,9.65135784424206e-06
"91","CSM67UAA",0,0,3.32568287663675e-06,0,9.97704862991023e-06,0,0.00593727899932471,0.00076158099991338,0,0.244917420972144,0.00178578799979689,0.00936616199893472,0.115684398986842,0.608955398930739,0,0,0,0,0,0.0001969429999776,0.000461541999947505,0.00139657899984116,0.000187484999978676,0,0,0,0,0,0,0,0,7.9712461449387e-05,0,0.0077291989991209,0,0,0,0,1.79794730518174e-05,0,0,0,0.000240072999972695,8.11674477079156e-05,0,0.00167894999980904,0,0,0,0,0,0.000313237999964373,0,0,0.00019579999997773,0,0
"92","HSM5MD79",0.000543939998472913,0,0,0,0.00252074399292313,0.000600017998315477,0.116583145672698,0.0722241137972341,0.162600971543505,0.0975088257262484,0.171880307517454,0.0171491319518546,0.21852167838651,0,1.80502229709849e-05,0,0.00271645699237367,0.000798164997759188,6.54067068330632e-05,0.0028001169921388,0.00111759299686241,0.00733893697939627,0.00104640599706226,0.000505405998581096,3.48835769776338e-05,0.000579026998374408,0.00215842099394033,0.0058188649836638,0,0.00111515899686924,0.00120885799660619,0.000536131998494834,0.00154004899567638,0.029192990918042,0.0085188939760836,0.00217008299390759,0,0,5.12099022491425e-05,0,0,0,0.0395063608890877,0.0251451779294061,0.000857587997592361,0,0,5.44548861540386e-05,0,0.000602856998307507,7.96035114169839e-05,0.000242055999320439,0.00157300599558386,0.00098728599722824,0.000243880999315315,0.000497800998602446,0.000745940997905805
"93","HSM67VCZ",0,0,0,0,0,0,0.121063623,0,0.438469253,0,0,0.126367526,0,0.000225718,0,0,0.002942597,0,0.000321987,0,0,0.002542717,0.005314316,0,0.006939258,0,0,0.003300213,0,0,0.091246141,0,0,0.170847869,0.004011361,0,0,0.000157318,0,0,0,0,0,0,0,0,0,0,0.013847889,0,0,0.008407902,0,0,0,0,0.003994312
"94","MSM6J2R2",0.00039645800027343,0.00389117300268367,0.00476716000328783,0.0183940680126861,0.00434652800299772,0.000578863000399232,0.0208615980143879,0,0,0.0047640830032857,0.00565688200390145,0.00313221200216023,0.0836476990576904,0.0778075330536625,0.000261851000180594,0,0.000250643000172864,0.00182944000126173,0.0019725080013604,8.80162038328294e-05,0.000181856000125423,0,0.000643474000443793,0.000508428000350654,0.0190332570131269,4.49421065763137e-05,0.000739072000509725,0,0.0121671140083914,0.000271191000187036,0.00655187800451872,0.000138452000095488,0.00143858700099217,0.448719903309474,0.000408215000281539,0.015392617010616,0.000608641000419769,0,0,0,0.00102312000070563,0.00712228000491211,0.0216502280149318,0,0.00146221200100846,0,0.215579483148681,0.00771432900532044,0,0.00234676900161853,0.00173735900119823,0,0,0.000819177000564972,0.000337560000232809,0.00071314000049184,0
"95","MSM6J2LT",0,0.016200175024538,0.0115930210175596,0.161055937243947,0.0406262910615356,0.00013796400020897,0.032782662049655,0,0.000408407000618603,0.0113042460171222,0.0487791690738845,0.00833807901262947,0.0585927050887488,0.309061864468128,0.00449702300681152,0,1.94033302296428e-05,9.03258476207508e-05,0.00244736200370695,0,0,0,0.000467152000707583,4.53636479161993e-05,0.00188332700285263,5.28573478669578e-05,0.000898040001360238,0,2.86366390975418e-05,0.00122388200185378,0.000168608000255386,0,0.000496993000752782,0.162446688246054,0.000173961000263494,0.00435330400659383,0.000341365000517057,0.000200992000304437,2.64955819687536e-05,0,0.000780014001181467,0.0290398270439859,0.0482669210731086,0,0.00537137700813588,0,0.019021285028811,0.0077123550116817,0.00520049400787705,0.0012648290019158,0.00124917300189209,0,5.7540910336182e-06,0.00181989900275655,0,0.00152577100231105,0
"96","HSM6XRSG",0,0.00135335099608702,0,0,0,0.00222680599356158,0,0,0.29016116416105,0,0,0,0,8.47066026890835e-06,0,0,0.000597506998272413,0,0.000422555998778253,0.000221974999358198,0,0,0.000190046999450512,0,0.00106665199691596,0,0,0.000454700998685312,0.00150886399563738,0,0.0101735889705849,0,0,0.214917809378603,0.0116334749663638,0.00192338299443888,0,0.0180180719479039,0,0,0,0,0.304851461118575,0,0,0,0.0842328977564553,0.00107642499688771,0.0168467319512906,0.0289692239162406,0,2.23712309666041e-05,0,0,0,0,0.00912246697362399
"97","PSM6XBRK",0.000299051999969556,0,0.00463814499952783,0,6.58605410789428e-06,0.00687583999930004,0.0122367769987543,0,0.103383076989476,0.0232787989976302,0.000110734999988727,0.00541909499944833,0.0169139919982781,0.404212037958851,0,0,0.000804502999918101,0,0,1.17209437513373e-05,0,0.000456334999953545,0,4.97861039342517e-05,0,0.00120669899987716,0.00150039199984726,0,0,0.000328074999966602,0.0667323559932066,0,0.0018349419998132,0.130558587986709,0.00234463499976132,0.00421775399957063,0,0.000157506999983966,0,0,0,0.00734099499925268,0.00911331299907226,0.00033722799996567,0,0,0,0.00423728899956864,0.126491643987123,0.040707283995856,0,0.013290656998647,0.00722065899926493,0,0,0,0.00368350199962502
"98","HSM6XRS8",3.79289156565757e-05,0,0,0.0577985210589416,0,0,0.0458852610467927,0,0.0313515490319716,0.0644661780657411,0,0.0172323710175732,0.127659891130185,0.495943284505751,0,0,0,0,0,0.000869680000886879,0.00179888200183446,0,8.15639513676806e-05,0,0,0.00179910600183469,0.00152275100155287,0.00646358000659141,0,0,0.0303179580309175,0,0,0.0173184100176609,0.0040317650041115,7.0487365379477e-06,0,0,0,0.000919580000937766,0,0,0.0255078110260123,0,0,0.000647253000660053,0.00636445000649032,0.0036944330037675,0.0519286010529556,0.00327195600333666,0,0.00304270500310288,0,0,3.74813768287695e-05,0,0
"99","HSM67VEE",0,0.0867588689988521,0.00376873499995013,0,0,0,0,0,0.0874014909988435,0.0348774609995385,0.196000585997407,0,0.146254675998065,0.323432556995721,0,0,0.000143369999998103,0,0,9.51994360692565e-05,0,0.000658713999991284,0,0,0.00381264899994955,0,0,0.00277002299996335,0,0,0,0,0,0.00857480099988654,0.0104783749998614,0,0,8.90742815130012e-05,0.00576397799992373,0,0,0,0.0293161319996121,0.00364155999995182,0,0,0.0423766219994393,0.00109048499998557,0.0076484489998988,0,0,0.0030914379999591,0.000586976999992233,0,0.00130299699998276,0,6.4781295645819e-05
"100","CSM67UBB",0,0,0.000665652000330351,0.0824216260409044,0.0185210150091916,0,0.0367102130182186,0,0,0,0.0261267430129662,0.0343911800170677,0.106677398052942,0.430836883213817,0.0354333340175849,0,0,0,0,0,0,0,0.000659045000327072,0,0,0,0,0,0.0166602350082682,0,0.0024566650012192,0.0287955120142907,0,0.0835333240414561,0,0.000458588000227589,0.000110083000054632,0.00190893500094737,6.95440975996191e-05,0,0.00103543400051387,0.0127322810063188,0.0508172500252197,0.00629222900312272,0.00807965800400979,0.000849535000421609,0.0105559210052387,0.000685138000340022,0.00247615100122887,0,0,0,0,0,0,4.04274061730474e-05,0
"101","PSM6XBQY",0,0,0.00357974599284051,0.0615502868768994,0,0.034220502931559,0.0427582949144834,0.181726263636547,0,0.0121658059756684,0,0.00673063998653872,0.144833770710332,0.25026001949948,0.0268949119462102,0,0,0,0.00145109499709781,0,0,0,0.00287030699425939,0.00622988498754023,0.000324285999351428,0.010909015978182,0.00587148698825703,0,0.0412212519175575,0,0.0209179679581641,0,0,0.12060493975879,0,0.00022150499955699,0,0.0021043489957913,0,0,0,0.00167817299664365,0.00672985898654028,0,0,0,0,0.00764742498470515,0,0.000120283999759432,0,0,0.00637792698724415,0,0,0,0
"102","HSM67VD6",0,0.000406314000212626,0.0344934730180506,0.0400084730209366,0.00380187300198954,0.00567105900296769,0.139353813072924,0.117931519061714,0.0632055210330757,0.00714916100374119,0.104102777054477,0.0120660550063142,0.0904875030473525,0,0.0473006880247526,0,0.000454702000237947,0.00053273100027878,0.000403151000210971,4.21779424344182e-05,0.000873786000457256,9.84151990136426e-05,0.000227292000118943,0,0.000439705000230099,0.000248967000130285,0.000791657000414277,0.0010747170005624,0.00543193300284255,0.000140593000073573,0.0554303690290069,0.0740465410387488,0,0.100338162052507,0.00117852200061673,0.00219032400114621,7.5451652577126e-05,0,1.65196941201472e-05,6.08065336762863e-05,0.000573151000299932,0.013795116007219,0.0204633320107085,0.0375826560196672,0.00156761400082034,0.000829265000433958,0.00756332500395792,0.00055323400028951,0.0039216110020522,0.000591428000309497,4.56927709706197e-05,0.000260332000136233,8.43558848688366e-06,5.61200956280176e-05,0.00137265800071832,0.000741277000387913,0
"103","MSM6J2R8",0.0303025109696975,0,0.00539371099460629,0.118357034881643,0.014445977985554,0.0010571979989428,0,0,0,0.029538012970462,0.00239729199760271,0.0149581699850418,0.0793137819206862,0.292372864707627,0.0405893749594106,0,0,0,0.000594681999405318,0,0.000117785999882214,0.000225897999774102,0.000180404999819595,0.00089234999910765,0.00370967099629033,0.000123668999876331,0.000941764999058235,0,0.0345382319654618,0,0.0164547459835453,0,0.00190549299809451,0.157385516842614,0.000892872999107127,0.00480687199519313,0,0,0.00037884999962115,0,0.00160128799839871,0.0233795439766205,0.0306518169693482,0,0.0086341989913658,0,0.0221021989778978,0.00960838399039161,0.0438086849561913,0.00459692299540308,0.00327931399672069,0,0.000116086999883913,0.000346821999653178,0,0,0
"104","PSM6XBSI",0.000289303999910715,0.0196627709939316,0.00681033699789818,0.101303161968736,0.00230047599929002,8.54057938158428e-05,0.223138145931135,0.00492168999848106,1.32347961361113e-05,0.00517718299840221,0.102096215968491,0,0.167969311948161,0.233760827927856,0.00495487999847082,0.0032897769989847,0,0.000740527999771457,0.000443468999863136,0,0,0,0.00182671199943624,0.00134736399958417,6.01769636813808e-05,0.000126764999960878,0.00175040499945979,0,0.000398077999877145,0.000471592999854456,0.0070273669978312,0,0,0.044863993986154,0.00298289599907941,0.00786901699757145,0.00189619499941479,0,0.000153026999952773,0,0.00125316999961324,0.0137505399957563,0.0256939089920703,0.00556585199828226,4.7355754924523e-05,0,0.000348343999892494,0.000381947999882123,0,0.00111285999965655,0.000503542999844596,0,0.000230057999928999,0.000289614999910619,0.00309249599904559,0,0
"105","CSM79HH8",0,0,0,0,0,0,0,0,0.00262116800328812,0.00361503000453487,0.151267773189758,0.0969659151216389,0.350049037439119,0.162546744203907,0.0568216030712798,0,0,0,0,0,0,0,0,0,0,0,0,0.0638811900801357,0,0,0.00526010900659854,0,0.00398495500499893,0.0511460650641602,0.000675781000847733,1.31307455666207e-05,0,0,0.00020896000026213,0.000297366000373031,0.00319665700401005,0,0.0170339730213683,0,0,0,0.00638244800800646,0.0032687630041005,0.0127193910159558,0.00224796100281995,0.00466017000584595,0,0.00113580900142482,0,0,0,0
"106","HSM7CYZT",0.00089634399840531,0,0,0.0208888419628366,0.00119427899787525,0.00078744099859906,0.108131780807622,0,0.0255364109545681,0.00564986798994829,0,0,0.0597175888937562,0.448565131201956,0.0282712019497026,0,0.000673757998801314,0,6.55861791568827e-05,0,0,0,0.00022431499960092,0.00155159599723955,0.000618950998898821,0.000253802999548458,0.000455238999190082,0,0.00668297698811028,0,0.0234854449582169,0.000986741998244483,0,0.166112810704468,0.000427072999240192,0.00104948099813286,0,0.00561488899001052,0,0,0,0.00363083099354037,0.0562075589000009,0.0262624349532764,0.000123952999779475,0,0,0.00340397399394397,0,0.00121430999783962,0,0,0.00070111099875265,0.000109513999805163,0,1.52525998039262e-05,0.000489506999129116
"107","HSM67VHF",0,0,0,0,0,0,0,0,0,0,0,0,0,0.733167009733167,0,0,0.00464485100464485,0,0,0,0,0,0,0,0.000335607000335607,0,0,0.0140941710140942,0,0,0,0,0,0,0,0.000234585000234585,0,0,0,0,0,0,0.0803224100803224,0,0,0,0,0,0,0,0,0.165670589165671,0,0,0,0,0.00153077700153078
"108","HSM7CYZ7",0,0,0,0,0,0.0016028030010436,0,0,0.0179794670117065,0.0341575830222402,0.5461475663556,0.00991609100645643,0,0.301644735196403,0,0,0,0,0.000734017000477923,0.000156896000102156,0,0,0,0,0,0,0,0.0082593210053777,0,0,0.0178284780116082,0,0,0.000383079000249425,0.000953091000620564,3.55444163257549e-05,0,4.95619326232358e-05,0,0,0,0,0,0.0525248350341993,0,0.000558398000363576,0,0,0,0.000462178000300927,0,0.0030649300019956,0,0,0,0,0.00354142500230584
"109","CSM79HI7",0,0,0,0,0,0.00406951500051132,0,0,0.0943943280118603,0,0,0.251696758031625,0,0.544773524068449,0.0246393920030959,0,0,0,8.31155581471533e-05,0,0,0,0.000557445000070041,0,0.000513964000064578,0,0.016292048002047,0.00079723300010017,0,4.90766479382209e-05,0.0398191140050031,0,0,0,0.017740567002229,0,0,0,0,0,0,0,0,0,0,0,0.00256818900032268,0.00049846000006263,0.00144513800018158,0,0,6.2132668292332e-05,0,0,0,0,0
"110","PSM6XBSS",0.000434317001045734,0,0,0.000120420000289943,0.00060127100144772,0.001122618002703,0.020801045050084,0.0168615230405986,0,0.0468934661129085,0.164481878396034,0.00100219800241306,0.119645380288078,0.424035288020978,0.00366446200882317,4.66523892534042e-05,0.000522412001257846,0.000269850000649736,0.000142917000344111,0,0,0,0.00132213300318339,0.00323393400778656,0,0.000403176000970753,0.00174011000418978,0,0.000836309002013636,0.00038079700091687,0.000490797001181724,0,0.0077741350187183,0.0632040411521805,0.00333315900802547,0.00227590200547984,0.000261798000630348,0,0,0.00955793802301328,0.000275415000663135,0,0.0542165891305409,0.00763062601837276,0,0.00665483301602328,0.0190411610458467,0.00158487900381602,0,0.0130600640314456,0,0.000305253000734978,0.000720981001735953,8.70292033026704e-05,0.000344683000829916,0,0.000618559001489345
"111","PSM6XBSK",0.0221575490154936,0,3.82979031248858e-05,0.00310299300216975,0,0.0299716150209575,0,0.0102555310071711,0.0649935910454465,0.0193402250135236,0,0,0.114124515079801,0.217373720151998,0.00510915600357255,0,0.0427544840298959,0,0.000320300000223968,0.00458398900320533,9.0296746240928e-05,0.000654732000457818,0.000449758000314491,0.00027865800019485,0,0,1.30536514876371e-05,0,0,0,0.0641675430448689,0,0,0.352107145246209,0.00185394200129636,0,0,0,0,0,0,0.000239065000167165,0.0287850280201278,0,0,0,0,0,0,0,0,0,0.0172348120120514,0,0,0,0
"112","CSM79HKZ",0,0,0,0,0,0,0.0323561780454411,0.230806426324145,0,0.313023677439611,0,0,0,0.316772021444876,0.0343862780482922,0,0,0.000195113000274017,0,0.00209079500293632,0,3.13068921148709e-05,0,0,0.00372238900522773,0,0,0,0,0,0,0,0,0.0165092350231856,0.0129886240182413,0,0,0,0.000602102000845594,0,0.00094395300132569,0,0,0,0.0105486050148145,0,0.0215417670302533,8.86691976672797e-05,0.00117198900164594,0,0,2.44395738445121e-05,0,0.00203060500285179,3.09029322166146e-05,0.000134923000189486,0
"113","HSM7CYX2",0.00036547100123155,0,0.0131373790442698,0.0505253511702584,0,0.00778080602621947,0.0524220121766497,0,0.0990297143337066,0.0008600310028981,0,0.0532279741793656,0.119398952402346,0.267996216903084,0.0740585472495597,0,0.00843725702843155,0,0.00475789401603297,0.00643542002168584,0.000538683001815234,2.52888110032118e-05,0,0.00978486503297267,0.00948806603197253,0.0010850910036565,0.00487492101642733,0,0,0.00346149901166443,0.0389869871313769,0,0,0.0275032220926793,0.00179137900603652,0.00799729502694898,0.000253840000855381,0.00352202201186838,0,0,0,0.0073915280249077,0,0.082767844278908,0.0276323110931143,0,0.00236349900796443,0,0,0.00379586101279115,0,0.00343197701156495,3.31188194309844e-05,0,0.00346044001166086,0.00137723500464096,0
"114","CSM79HPA",0,0,0.00263187200088485,0.0679042270228297,0.0117610840039541,7.40249519001274e-05,0.0444583610149471,0,0,4.828704554716e-05,0.0033417140011235,0.0983047940330505,0.134474639045211,0.412736824138764,0.0399932900134459,0,0,0,1.19578768454052e-05,8.89438268215378e-05,0,0,0.000168777000056744,0,0,0,0.000157958000053106,0,0.00985670700331387,0,0.00283435800095292,0.0623587330209653,9.33853239355455e-06,0.0510317770171571,0.000238816000080291,0.000822930000276673,0.000124248000041773,0,0,0,0.00102769400034552,0.0118359060039793,0.0275930860092769,0.00373268000125494,0.0044356890014913,0.00282046500094825,0.00395316000132907,0.00048104800016173,0.000307830000103494,0,0,8.40467915419909e-05,8.2224638879834e-05,0,0,0.000212509000071446,0
"115","CSM79HIB",0,0,0,0,0,0.00663666798672666,0,0,0.102660439794679,0,0,0.0863096728273807,0,0.740520563518959,0.0170124549659751,0,0,0,0.000137108999725782,0,0,0,0.000887967998224064,0,0.000326445999347108,0,0.00341816999316366,0,0,0.000290821999418356,0.034694513930611,0,0,0,0.00544259598911481,0,0,0,0,0,0,0,0,0,0,0,0.00114756299770487,0.000138978999722042,0.000376033999247932,0,0,0,0,0,0,0,0
"116","PSM6XBUG",0.00078816999921183,0,0.00941704999058295,0.133452939866547,0.00112646199887354,0.000481364999518635,0,0.0168977039831023,0.0737201799262798,0.0190755009809245,0,0,0.146993795853006,0.22953012077047,0.0353506459646494,0,0.000177984999822015,0.000295977999704022,0,0,0,0,0.000850811999149188,0.00179685899820314,0.000423140999576859,0,0.00051483999948516,0.000515060999484939,0.00581548699418451,0,0.0850186069149814,0.000833024999166975,0,0.0963955869036044,0.00176404699823595,0.00192004599807995,0,0.000456395999543604,0,0.0271603739728396,0,0.0309741709690258,0.0293625879706374,0,0,0,0.00218343199781657,0.00361084299638916,0.0208157949791842,0.0198631189801369,0.000455953999544046,0.000283714999716285,0.000401376999598623,0,0.000795240999204759,0,0.000481585999518414
"117","PSM7J19B",1.48128566492502e-05,0.0390971110032731,0.0133868340011207,0.0906532580075893,0.00341236900028568,0.00341550300028594,0.0858450620071868,0,0.0227816040019072,0.0240136350020104,0,0.00314716200026347,0.102036369008542,0.229632892019224,0,0,0.000480563000040232,0.000178609000014953,0.000199974000016741,0,0.00150208100012575,0,0,0.000879941000073667,0,0.00184220700015423,0.00466120700039022,0,0.00585364200049005,7.77674974085633e-05,0.0031702360002654,0.145320391012166,0.00425812700035648,0.0430205240036016,6.92216185724575e-05,0.00296314100024807,0,0.000919252000076958,0,0.0123798450010364,0.000148413000012425,0.0256729590021493,0.0436480760036541,0,0,0.0143849930012043,0.0288332250024139,0.00440910400036912,0.0229026700019174,0.0121183410010145,0.00117505800009837,0,0.000906718000075908,4.15899436690485e-05,0.000545512000045669,0,0
"118","HSM7CZ32",0,0,0.0536012360681166,0,6.32392247674699e-05,0.00317591100403596,0.00088503900112471,0.395628310502766,0.000429035000545219,0.0437611300556118,0,0.108987534138502,0.12612505416028,1.32265045265297e-05,0,0,0.00339972800432039,0.000465614000591704,0.00026494300033669,0.00242861400308629,0.000298940000379894,0.00138206600175633,0.00131490100167098,0,0,0,0.000240350000305438,0,0,0,0.0205609110261289,0,0,0.0421826300536058,0.00215333700273647,0,0.000444328000564653,0.000173908000221003,0.00125961800160073,0,0.00124008800157591,0.0213083120270787,0.0510620570648898,0.0812190041032134,0.00185501700235736,0,0,0,0.031395898039898,0,0,0.000136398000173335,0,0,0.000410435000521582,0.000364452000463147,0.00176873500224771
"119","HSM7CYXA",0.00152364300092784,0,0.0176178300107286,0,0.00136213300082949,0.00618003600376342,0,0,0,0.0817369640497749,0.518211491315572,0,0,0,0.0357955670217982,0,0,0.000290429000176861,0.0003308890002015,0.000135681000082625,0.0011874320007231,6.76189109443944e-06,0,0.000442516000269476,0,0.000126370000076955,0.00199021300121197,0,0.000652245000397194,0.00327264400199292,0.104780712063808,0,0,0.184461729112331,0.0071045310043264,0.00718966400437825,0.000295860000180168,0,0,0.00584704000356064,8.8015434901392e-05,0,0,0,0.00754926300459723,0,0,0.00547879500333639,0,0.00331266200201729,0.000816526000497235,6.00810651341996e-05,0.00129429200078818,0.000453823000276362,0.000174257000106116,0.000229904000140003,0
"120","HSM7CZ14",0,0.00208237899858784,0,0,0,0,0,0,0.000184740999874718,0,6.84993209799743e-06,0.000159727999891681,0.911174542382088,0.00016263399988971,0,0,0.000153915999895622,0,0.00106796699927576,0.000119458999918989,0,0.00518820099648163,0,0,0.00148736899899134,0,0,0.00570225699613302,0,0,0,0,0,5.05441959352235e-05,0.0115757629921499,0,0,6.98485500295799e-05,0.00561268899619376,0,0,0,0,0,0,0,0.0315943779785743,0.00504673899657756,0.00990749299328124,0.00190511099870805,0,0.00125571699914844,0,0,0.00203640199861902,0,0.00345527199765681
"121","HSM7J4QB",0.000650974000480722,0,0,0,0,0,0,0.866088891639577,0,0,0,0,0,0,0,0,0,0,0,0.00465585900343819,0,0.0037085000027386,0,0,0,0,0,0,0.0110304590081456,0,0,0,0,0,0.00138099100101981,0,0.000267126000197263,0,2.63126153607804e-06,0,0,0.00656468200484779,0,0,0.00678844400501303,0.000714966000527978,0.0216384420159792,0.0719205870531109,0,0.0015350780011336,0.000259548000191667,0.000519516000383645,0.00166916700123262,0,0.000445841000329238,0.000158297000116897,0
"122","HSM7CZ3G",9.96228564347693e-06,2.98868569304308e-05,0.0241784670255223,0.0892583570942194,0.00157415100166164,0,0.016749996017681,0,0,0.0313689380331124,0.26982270428482,0.00240255300253609,0.199869943210979,0.153205393161721,0.0239522910252836,0.00045224400047738,0.013816048014584,0,6.56853998471007e-05,0.00498782100526505,0.00175281500185024,0,0.000432319000456348,0,0,0,0.00135158700142671,0.000753521000795402,0,0,0.000209755000221413,0.027067530028572,0.000741807000783037,0.021511421022707,0.0115711400122143,0,0,0,0,0,4.40092178975574e-05,0.0149411290157716,0.0474816770501207,0.0294807020311193,0.00320774600338603,0,0,6.88601941730438e-05,0,0,0,0.00565102400596511,5.17819902127977e-05,0,0.00193673400204438,0,0
"123","PSM7J177",0,0,0,0,0,0,0,0,0,0.147156054,0,0,0,0,0,0,0.006778203,0.001176923,0,0.006382983,0,0.02705924,0,0,0,0,0.017565019,0.028182801,0,0,0,0,0,0,0.010904908,0,0,0,0,0,0,0,0.702491716,0,0,0,0,0,0,0,0,0.032157312,0,0,0,0,0.020144841
"124","HSM7CZ38",0.000667373000925502,0,0.000750900001041336,0.0756903721049662,0.0011914630016523,0.000821704001139526,0.0561448890778608,0.000625694000867702,0.0600168930832305,0,7.8504655485149e-05,0.0750635071040969,0.109110423151313,0.3133870694346,0.0215685260299109,0,0,0.00397461200551193,0,0,0,0,0.00110073900152649,0,0,0.00269460100373683,0.00347814100482343,0.0228338070316656,0.00139885600193991,0,0,0,0,0.175266748243057,0.0095800790132855,0.000703362000975411,0,0.000305147000423173,0.00682588800946603,0,0,0.012202369016922,0,0.00834727101157586,0,0.0133764230185502,0,0.0160670070222815,0,0,0,0,1.64039578625684e-05,0.00589086200816935,0.000820365001137669,0,0
"125","CSM7KOKN",0,0,0,0,0,0,0.0822791280822791,0.0013413020013413,0.666363767666364,0.0368314750368315,0.0334631180334631,0,0.0703746170703746,0.0464582740464583,0,0,0,0,0,0,0,0,0,0,0,0,0,0.021718031021718,0,0,0.0239379320239379,0,0,0,0,0,0,0.00579636000579636,0,0,0,0,0.011435995011436,0,0,0,0,0,0,0,0,0,0,0,0,0,0
"126","CSM7KONA",0,0,0.00057024000228096,0.0978304433913218,0.00178504500714018,0,0.0327569581310278,0,0,0.000105033000420132,0.0336579131346317,0.0211310530845242,0.0440718231762873,0.440709177762837,0.0230676630922707,0.000213814000855256,0,0.00060251000241004,0,0,0,0,0.00117712200470849,0,0,0,0,0.00021548000086192,0.00816178403264714,0,0.0261571411046286,0.00718536002874144,0.00093489000373956,0.0786324603145298,0.00434685801738743,0.000345704001382816,0,0.0008951250035805,0.000346121001384484,0,0.00066986000267944,0.00963516503854066,0.0218575420874302,0.00466924501867698,0.0131645540526582,0.00113964800455859,0.0282928871131715,0,0.087096749348387,0.00808537703234151,0,0,0,0,0,0.000489253001957012,0
"127","PSM7J1CC",6.80326445516531e-05,0,0,0.0217232970247625,0,0.000416592000474876,0.00221396700252371,0.0077965200088873,0,0.0408529570465685,0.166749949190079,0,0.132819421151402,0.303268215345697,0.000569020000648629,0.000846856000965336,0.000769027000876619,0,0,0,0,0,0.000853099000972453,0.00156195200178048,0.000117981000134487,0.000424235000483588,0.00377269000430051,0,0.00110876000126388,0.000365568000416713,0.000298073000339775,0,0.00487079300555225,0.260935117297442,0.000924792001054176,0.00115784700131984,0,0,0.000190642000217314,0.00380573800433818,0,0,0.0144659790164899,0.00622649400709762,0,0.00372177300424247,0.00376623100429315,0.000240482000274127,0.000961715001096265,0.0114622090130658,0.000431770000492177,0,0.000143278000163323,9.89272157325462e-05,0,0,0
"128","HSM7J4PW",4.50912576968611e-05,0.0348000170554698,0.00133596800212948,0.0626973440999369,0.00104231600166141,0.00533753800850781,0.0340088700542087,0,0.000414392000660523,0.0068154880108636,0.0252019140401708,0,0.0376083450599461,0.326298600520106,0.00346718200552654,0.00678716601081846,0,0,7.00591441901644e-05,0,0,0,0.00128826800205344,1.52788559138124e-05,0,0.000426317000679531,0.00376307000599817,0,0.00643165301025178,0,0.00350221200558238,0.0560957600894143,0.00132777000211641,0.272430199434242,0.00859379701369815,0.00799009601273588,0.00124094100197801,0.000455757000726457,0,0,0,0.00604744600963937,0.0136529620217622,0.0339865110541731,0,0,0,0.00560286800893074,0,5.92521485438092e-05,0,0.0108248830172544,0.00143919400229401,0.0188954730301186,0,0,0
"129","CSM7KOMB",3.2292118853033e-05,0,2.84073526752245e-05,0.000202007999845505,0,0.00353647299729532,0,0.000753037999424079,0.0008942249993161,0.0271997969791977,0.0382883769707172,0.0378225689710734,0.0983931149247493,0.462603176646202,0.036333853972212,0.00146734899887778,0.00124409599904852,0.00141648299891668,1.69958520279121e-05,0,0,0,0.00184332199859023,0,0,0.00165721699873257,0.00283806399782946,0.000582714999554341,0.000149684999885521,0.00252813299806649,0.0698083979466107,0.000619741999526023,0.0456833929650615,0.0298671749771577,0.00433928399668133,0.0094529719927704,0,0.000304953999766772,3.39917040558243e-06,0,0.00691524799471124,0,0.0520548959601886,2.7800357959942e-05,0.000457309999650251,0.000266105999796483,0.0225038429827891,0.00165600299873349,0.0232758189821987,0.00875832699330166,0.000740290999433828,0,0.00123608399905465,0.00167032799872254,0.000471270999639573,5.59649127490534e-05,0
"130","CSM7KOJO",0.00012315499995633,0,0.00399585799858309,0.0741302179737139,0,0,0.0688997249755686,0.337661720880267,0,0.0921099269673384,0,0.0153647929945517,0.227137128919459,0,0.00347677799876716,0,0,0,7.97142986330959e-05,2.00663932935318e-05,9.18423385357799e-05,3.50610608095774e-05,0,0.00228359999919025,0,0.00383698099863943,0.00894564199682793,0,0,0.00245703099912875,0,0.00118920899957831,0,0.102350182963707,0.00280808199900427,0.00315758999888034,2.9768825215679e-05,0,2.75637270515546e-06,0,8.0816847715158e-05,0.0031729159988749,0.0409658729854738,0,0.000921620999673199,0.00196749899930234,0,0,0,0,0,0.000261193999907382,0.00222317999921167,0,0.000187102999933654,3.29662175536593e-05,0
"131","PSM6XBUO",0,0,0.0103801379952593,0,0,0.00170686699922045,0.0775133539645988,0,0.114723686947604,0.00633526399710661,0,0.0552167139747819,0.0595188439728171,0.540084312753337,0,0,0.0112394419948668,0,0,0,0,0.00261248299880685,0,0.00247694099886875,0.00052494899976025,0.000592263999729506,0.00327232199850549,0,0,7.3315456678109e-05,0.00758567099653554,0,0.000735763999663968,0.033005522984926,0.0156841589928369,0,0,0,0,0,0,0.00593998699728714,0.0458899969790415,0.00166290399924053,0,0,0.000557562999745354,0,0,0.00106881399951186,0,0.000917486999580973,0.000191376999912596,0,0.00030761199985951,0,0.000182244999916767
"132","HSM7J4MS",0,0,0.0853578351069453,0,1.55986806547743e-05,0.00281790700353057,0.0018259180022877,0.309405503387656,0,0.118475252148438,0,0.118922814148999,0.129584130162357,0,0.000624056000781883,0,0.00162597200203719,0.000252415000316252,0.000208346000261038,0.00051312000064289,0.000226454000283725,0.000159368000199673,0.00141708000177547,0,3.56697103084699e-05,0,0.000223399000279898,0,0.000172785000216483,0,0.0249174200312192,0,0,0.0216992920271871,0.00182624600228811,0.000205292000257211,0.000616857000772863,0.00033008100041356,0.00320034700400973,0,0.00050003000062649,0.014076119017636,0.0155325770194608,0.119436916149643,0.00178752200223959,0,0.0147832950185221,0,0.00468364000586816,0,0.000322445000403993,6.45763562771076e-05,0,0,0.000664853000832997,0.000265068000332105,0.00322380000403911
"133","CSM7KOKZ",0,0,0,0,0,0,0.0476273600481535,0.270293162273279,0,0.0520931520526686,0,0.0143471190145056,0.406005993410491,0,0,0,0.000164784000166604,0,0.000170602000172487,0.0020647870020876,0.000494144000499603,0.000284995000288143,0,0,0.000407077000411574,0,0.000406453000410943,0.000321879000325435,0,0,0.00406359900410849,0,0,0.0238566940241202,0.00300299600303617,0.00619405000626247,0,0,0.0027340020027642,0,0,0,0.160460252162233,0,0,0,0,0,0.00161365700163148,0,0,6.07809890148973e-05,0.00138040400139565,0.00128149200129565,0.000670565000677972,0,0
"134","HSM7J4QJ",0.000939975000939975,0,0.00497602400497602,0.0380698510380699,0,0.017334992017335,0.0217326590217327,0,0.0212344980212345,0,0,0.00722593000722593,0.0572821560572822,0.217847758217848,0.0204281110204281,0,0.00532793500532793,0.001941997001942,0.0061148000061148,0.00942497400942497,0.00492674600492675,0,0,0.00576468300576468,0.12003037312003,0.0109607180109607,0.027721996027722,0.0319851240319851,0,0.00467951200467951,0.103917834103918,0,0,0.127805431127805,0,0.00246126300246126,0.000579623000579623,0,0,0,0,0.0104128560104129,0,0.0217024800217025,0.0692356090692356,0,0,0,0,0.00324348500324348,0,0.00541646600541647,0,0.0134115340134115,0.0013054980013055,0.00455710800455711,0
"135","PSM7J17L",0,0,0,0.463673557,0,0,0,0,0,0,0.059076227,0,0.016925065,0.460325151,0,0,0,0,0,0,0,0,0,0,0,0,0,0,0,0,0,0,0,0,0,0,0,0,0,0,0,0,0,0,0,0,0,0,0,0,0,0,0,0,0,0,0
"136","HSM7J4J7",0,0,0,0,0,0,0,0,0,0,0,0,0,1,0,0,0,0,0,0,0,0,0,0,0,0,0,0,0,0,0,0,0,0,0,0,0,0,0,0,0,0,0,0,0,0,0,0,0,0,0,0,0,0,0,0,0
"137","HSM7J4MK",0.000256175000993621,0,0.0118120410458152,0.0778070463017888,0.00334691801298163,0.000358909001392094,0.0434464381685149,0,0,0.0299176721160411,0.169041116655657,0.00100441700389581,0.136060368527735,0.266689698034405,0.0209411910812242,0.00586832202276135,0.00410871801593641,0,0.000139110000539563,0,0.00355040301377088,0,0.00506033501962743,0.000100861000391208,0.000189816000736236,0.000854173003313065,0.00316228201226549,0,0.00093265700361748,0.00211344200819737,0.0443304841719439,0.0339087751315214,0.00150177500582491,0.0358163081389201,0.00408898701585988,0.000544316002111229,1.38889976419253e-05,0,0.000186840000724693,0.000865637003357531,0.000463518001797839,0.00851164103301395,0.0254637130987656,0.0411379981595612,0.0034104100132279,0,0,0.00174295900676038,0,0,0,0.000615746002388283,0.00941663003652411,0,0.00119952400465257,1.87391238025977e-05,0
"138","PSM7J17F",0.000190862999904011,0,0,0,0,0,0.0135564099931822,0.00214835899891954,0.00176060699911455,0.00799006299598163,0.531623457732635,0,0.026912786986465,0.182239695908348,0.000742886999626386,0,0.00145289399926931,0,0.000298935999849659,0,0,0.000114622999942354,8.81613344117313e-05,0.000549141999723825,0,0.00157472099920804,0.0136578019931312,0,0,0,0,0,0,0.211111157893828,0.0018959269990465,0.00157026699921028,0,0.000125495999936885,0,0,0,0,0,0,0,0,0,0,0,0,0,0.000217979999890373,0.000133747999932735,4.40151684433012e-05,0,0,0
"139","PSM7J12J",2.02274139030771e-05,0,0.00016181899982358,0.0314371579657263,0.00339358199630022,0.00231950599747121,0.0220266419759859,0.0292611209680987,0.000313668999658029,0.039831100956575,0.433874416526978,0.000185658999797589,0.0542351869408712,0.215384537765182,0.00036091499960652,0.00150361899836071,0.00151734499834575,0.000191726999790974,0.000124109999864692,0,0,0,0.00117636899871749,0.000473032999484286,0,0.00018334699980011,0.00184040599799354,0,0.00139207999848231,0.00155115399830889,0.0011733339987208,0,0,0.0173499199810846,0,0.00273330199702008,0,0,0,0,0,0.0109479429880642,0.0153489949832661,0.0790734399137919,0.000155750999830196,0.000643520999298415,0.0250517969726878,7.65752097759349e-06,0.00216389999764085,0.00143123399843963,0,0,0.00113822499875907,2.22501552933848e-05,0,0,0
"140","HSM7J4IC",0.000349281000349281,0,0.000426925000426925,0.00675536100675536,0.00102177000102177,0.0148456170148456,0,0,0,0.0208212960208213,0.0909342590909343,0.0031191960031192,0.0714155260714155,0.0735747200735747,0.000863237000863237,0.0347052880347053,0.00211040600211041,0,0,0,0,0.00350011500350011,0.0292245610292246,0.00335328700335329,0,0.00475157100475157,0.0161932590161933,0.00096684000096684,0.0210068300210068,0.00341493800341494,0.140370553140371,0.00940429100940429,0,0.323574894323575,0.00058963000058963,0,0,0.00744152400744152,0,0,0,0.003376000003376,0.00416159400416159,0.0279758850279759,0.000321237000321237,0,0.0560294150560294,0,0,0.020775984020776,0,0,0.00106487900106488,0,0,0,0.00155983000155983
"141","HSM7J4L9",0.000187626000272096,0,0.000681393000988159,0.0442669460641961,0.000739679001072685,0,0.104255333151191,5.9118813357436e-05,0.0313346360454416,0.00031863100046208,0,0.0917798761330995,0.129093006187211,0.337926745490063,0.0293970380426317,0,0,0.00218240000316493,0,2.49797802918744e-05,0,0,0,0,0,6.05065789292069e-05,0,0.0179085600259711,0.00113463700164546,0,0.000305031000442357,0,0,0.15495096522471,0.00332508600482205,0,0,0.000385799000559487,0.000193732000280951,0,0,0.00901853301307871,0,0.0297944940432081,0,0.00652943700946901,0,0.00309416200448717,0.000529016000767181,0,0,0,9.60333775665393e-05,0.000149601000216952,0.000276998000401704,0,0
"142","CSM7KONK",0.000377671000146426,0.000910022000352823,0.0806226770312581,0.0227470850088192,0.00415772600161199,0.000121304000047031,0.0370435370143621,0.153275033059426,0.025862119010027,0.00421239700163318,0.176787628068542,0.00989097300383482,0.17420398806754,4.67751635308279e-05,0.00901289200349437,0,0,0,0.000197508000076576,0,0,0,0,9.80962508830662e-06,0,0,0.000436648000169292,0,0.00550643000213489,0,0,0.207985226080638,0,0.0236116480091544,0,0.000114605000044433,0,0,0.000624227000242018,0,0.000294767000114284,0.00942944200365588,0.0178732570069296,0.0199055240077175,0,0,0.00164825600063904,0.00726797500281786,0.00576207800223401,6.0771823717802e-05,0,0,0,0,0,0,0
"143","PSM7J1CU",8.5541891895129e-05,0,0.00010610299994117,0.0125060489930659,9.67568957168554e-05,0.00146784599918614,0.00274767599847653,0.00418594499767907,0,0.0477527169735231,0.207328146885045,0.000124793999930807,0.106070296941188,0.384883537786598,0.000288401999840093,0,0.00121462899932654,0,0,0,0,0,0.00414493299770181,0.00357197899801949,0.00149126599917316,0.000612206999660557,0.00190753999894235,0,0.00155965499913524,0.000460364999744747,0.000192083999893497,0,0.00409754499772808,0.146162945918959,0.00031500999982534,0.00253019299859711,3.01265788936573e-05,0,0,0.00500321099722593,0,0,0.0107813569940222,0.0080819499955189,0,0.00339253899811898,0.0240358419866731,9.04896876988318e-05,0.00957607399469047,0.00126179799930039,0.00132567899926497,0,0.00043034799976139,8.64215000380095e-05,0,0,0
"144","PSM7J136",1.18788541811321e-05,0,0,0.00847950499448936,8.01034237701122e-05,0.00766942999501581,0.00241802999842858,0.00612517899601939,0,0.0326795689787623,0.277634892819571,6.83296921923529e-05,0.0756134269508606,0.411718457732434,0.00153741799900087,9.36642396052099e-05,0.00159481499896357,0,0,0,0,0,0.000571130999628835,0.00444027399711437,0,0.000274369999821693,0.00268903599825246,0,0.00353369599770353,0.00416306499729452,0,0,0.000734596999522602,0.101762464933867,0.000588475999617563,0.00141021999908353,0,0,0,0.0154702629899462,0,0,0.0184622619880018,0.00344570899776071,0,0.00283200299815955,0.0076319009950402,0,2.94343289443982e-06,0.0030239569980348,0,3.25880070455837e-05,0.00308597899799449,0.000120364999921778,0,0,0
"145","HSM7J4IS",0,0.0265385820597566,0.0125905700283501,0.0938522272113261,0.0037757430085018,0.00311941200702395,0.0174432890392769,0,0,0.0352622270793996,0.343566353773605,0.0011601530026123,0.140847186317144,0.167208706376502,0.016297522036697,0.00470258901058877,0.0127980260288172,0,6.3058849732247e-05,0,0.00299513300674411,0,0.00614785901384307,0,0.000223680000503658,6.98730993602601e-05,0.00456749401028458,0,0,0.00166440800374773,0.018702411042112,0.00955822902152216,0,0.0142534630320944,0.00155970600351197,9.4101542482084e-06,0,1.53591023361562e-05,0.000100483000226257,0.000202589000456168,8.36097613087942e-05,0.00626305301410245,0.0167254130376604,0.0269461390606743,0.00088141800198468,0,8.73954555465792e-05,0.000227142000511453,0,0,0,5.007932663127e-05,0.00813762001832339,0,0.00130238700293257,0,0
"146","HSM7J4JF",0,0,0.00277456400437069,0.0961714731514962,0.0058590520092296,0.00430817200678654,0,0,0,0.058940949092848,0.0500969500789163,0.0132501420208726,0.0582397720917434,0.432943075682003,0.00134928700212549,0.00457884600721292,0,0.00193459600304751,0.00033190500052284,0,0,0.000224201000353177,1.97824247598216e-05,0.00102083600160809,0,0.00120735600190191,0.00516321300813346,0.0141064390222215,0,0.00175278600276111,0.00365692300576065,0,0.0015951540025128,0.115283493181603,0.00732828901154404,0.0047738440075201,0.000290456000457547,0,0,0,0,0.00717160001129722,0.00233621000368016,0.0480066070756234,0,0,0.0189788810298969,0.000573690000903717,0.0164740500259511,0.00954611901503773,0,0.000888953001400342,0.00137503600216605,0.00672539601059432,0.00072190100113719,0,0
"147","HSM7J4OZ",0.000686348998653999,0,0.000282688999445618,0.0142714199720123,0.000876445998281199,0.00317854399376655,0,0,0,0.0241445969526499,0.197999584611702,0.00650247498724797,0.0805361598420603,0.123061072758664,0.00208821799590479,0.0164173489678039,0.00117926999768733,3.04409610438884e-05,0.000555705998910203,0,0,0.00662614098700545,0.00997543998043713,0.0037176019927094,0,0.00340589999332068,0.00767080498495676,0.00245604699518344,0.00723606998580932,0.000308214999395558,0.106902788790353,0.00683811798658974,0.00230035399548877,0.30438456040307,0,0,0,0.0106616299790914,0,0,0,0.00342397399328523,0.00435591099145761,0.00789673398451369,0.000527325998965859,0,0.0208341429591421,0,0,0.0180805039645423,0,0,0.000252247999505316,0,0,0,0.000335167999342701
"148","CSM7KOSP",0.000189528999620942,0,0,0,0,0.00484774599030451,0.079143969841712,0,0,0.11504521376991,0.0999736088000528,0.039138988921722,0,0.410537241178926,0,0,0.000294430999411138,0,0.000217516999564966,0,0,0,0,0,0,0.000667537998664924,0.00104229699791541,0,0.0206500279586999,0.00016715999966568,0.0153027859693944,0,0.00160416199679168,0.0699868708600263,0.0178362989643274,0.000178288999643422,0,0,0,0,0.000399993999200012,0,0.0844403038311194,0.0290483509419033,0.00336589699326821,0,0.000525610998948778,0,0,0,0,0,0.000425337999149324,0.00307785699384429,0,0.00160548399678903,0.000287488999425022
"149","PSM7J158",0,0,0,0.0826214950449633,0.000859575000467788,0,0.076953879041879,0,0.0179088630097462,0.0241567480131463,0.310442468168945,0.00606302100329955,0.06005060803268,0.164858302089717,0.0252795550137573,0,0.0039086120021271,0,0,0.00108228400058899,0.000496991000270467,0.000217350000118284,3.40481168171892e-05,0.012241582006662,0,0,0,0,0.000206633000112451,3.02525890408467e-05,0,0.000841937000458189,0,0.0888879110483736,0.00764106700415833,0,0,0.0062468810033996,0,0,1.87543725419271e-05,0.0306272300166676,0.0251854480137061,0.033389816018171,0.0033775730018381,0,0,0,0,0.000648142000352724,0,0.000392725000213724,0.0141881290077213,0,1.54053774451544e-05,0.000904564000492271,0.000222150000120896
"150","CSM7KORK",0,0,0.000243424999529794,8.80538323882977e-05,0,0,0.0494968779043906,0.192823591627537,0,0.0264359669489356,3.35054025793058e-05,0.0250175039516756,0.481331259070248,0.000131569999745856,0,0,0.000473161999086028,0,0.000323101999375888,0.0019187969962936,0.000292048999435871,0.00037458599927644,0,0,0.000168854999673835,0,0.00238787299538752,0,0,0,0.00783198998487153,0,0,0.0301539429417539,0.00206436199601243,0.0431205339167073,0,0,0.00115981799775967,0.0113942889779905,0,0,0.112458942782771,0,0,0,0,0,0.00210174899594021,0,0,2.42096963759008e-05,0.00113233999781274,0.00646163898751854,0.000556005998926005,0,0
"151","HSM7J4OE",5.22540522509448e-05,0.00551063000470229,0.00589559300503078,0.0771455300658292,0.00848010100723618,0.00816244300696511,0.0398802290340303,0.00272272200232333,3.10556537718597e-05,0.0129140640110197,0.0396561620338391,0.000269856000230271,0.132372021112955,0.424220018361992,0.0585560180499666,0.00319989800273051,0.0026564770022668,0.000282999000241487,0.00252409300215384,9.22130333840203e-06,2.53320861825067e-05,0,5.49038520608304e-05,0.00058200200049663,0,0.00630451000537972,0,0,0,0.000971099000828651,0.000406585000346944,0.000294658000251435,0,0.0678056210578594,0.00158224800135015,0.000700395000597656,0,0,0,0,0,0.00772533200659212,0.0237127410202344,0.0236592150201887,0.00440205900375633,0.0025157200021467,0,0.00586803500500727,0,1.05991992395425e-05,0.0183408540156505,0,0.00793116900676777,0.00186810900159408,0,0.000697427000595123,0
"152","PSM7J14L",0,0.00101663799898336,0,0.131352315868648,0.00124014799875985,0,0.0197851719802148,0,0.00377365499622634,0.0168637159831363,0.202404440797596,0.0310407369689593,0.0513030519486969,0.216178510783821,0.0175273319824727,0,0,0.000391464999608535,0.00168986399831014,0.00158848199841152,0.000261953999738046,0.000319383999680616,0,0.00483002599516997,0,0,0,0,0,0.000181315999818684,0,0.00241641899758358,0,0.0529823679470176,0.00240188599759811,0,0,0.00737220599262779,0,0,0,0.0213523229786477,0.174474328825526,0.0139995729860004,0.00355729399644271,0.000778945999221054,0.00852761499147238,0,0,0,0,0.000953112999046887,0.00813954799186045,0,0.000173111999826888,0.000493198999506801,0.000629860999370139
"153","PSM7J12R",2.36644256770786e-05,0,0,0.0218099589963795,0.000162858999972965,0.00218191299963779,0.0212386889964743,0.0117576299980482,0.00313527099947953,0.0277275279953971,0.189431998968553,0,0.109735929981783,0.254797263957703,0,0.00132627099977983,0.00649708099892146,0,0.00121951599979756,0.00014132199997654,0,0.000214308999964424,0.00791269299868646,0.0106656099982295,0,0,0.0016017359997341,0,0.000553587999908102,0.000365069999939397,0,9.0403423934907e-05,0,0.242588680959729,0.00123653299979473,0,0,0,0,0,0,0.00905483399849686,0.0174139599971092,0.0517366829914115,0.000100373999983337,0.00149750599975141,0,0,0,0.000406416999932533,0,0,0.00328403699945484,9.0669316358245e-05,0,0,0
"154","PSM7J13E",0.000171871000430331,0,0,0.00573460601435833,6.12262749718064e-06,0.00566966201419573,0.00157111000393375,0.00407865401021215,0,0.0211862590530463,0.248548828622318,2.41625120870879e-05,0.0599727761501601,0.177425107444238,2.20851920434016e-05,0.000426616001068163,0.000491669001231043,0,0,0,0,0,0.00163660000409773,0.00201390700504243,0,0.000330731000828086,0.00116679800292143,0,0.00230145200576239,0.000596956001494661,0.0287592930720077,0,0.0298439820747235,0.159411462399135,0.000208825000522857,0.00144275300361237,0,0,0,0.00149993400375554,0,0,0.0162542640406975,0.0163590050409598,0,0.00259730600650315,0.16009654140085,1.0167934950675e-05,0.0336435100842368,0.0139209960348555,0.00218785500547796,0,0.00037195000093129,1.61812298139774e-05,0,0,0
"155","PSM7J141",0.000414846998355471,0,0,0.00456211398191495,4.68234499171598e-05,0.00367126498544644,0.000987667996084705,0.00980294896113933,0,0.0300777208807665,0.123180681511689,0,0.0720706977142987,0.34987805561302,1.46596782450921e-05,0,0.000210814999164291,0,0.000163006999353811,0,0,0,0.00141356499439637,0.00705196197204474,0,0.00149703799406547,0.00488878398061997,0,0.00108219099571,0.00137713499454079,0.0461064388172257,0,0.0273230148916866,0.168649533331443,0.000695021997244807,0.0040049369841237,3.40235815986839e-05,0,0,0.0139156449448359,0.000221863999120491,0,0.020136052920177,0.0213332229154312,0,0.00531336797893685,0.038982819845465,4.01500142981253e-05,0.0322168308722866,0.00651885297415809,0.000753660997012351,0,0.00131772999477628,4.4854239406625e-05,0,0,0
"156","PSM7J161",0,0,0,0,0,0,0.224640413,0,0,0.026215358,0.028020182,0.032202889,0.077690611,0.26314832,0.003987959,0.001398145,0.001559616,0,0.000729621,0.000515781,0,0.002247506,0,0.002351699,0.005757598,0,0,0,0,0,0.002582723,0,0,0.091076092,0.023561719,0,0,0,0,0,0,0,0.067097875,0.044520531,0,0,0.068175532,0.016042393,0.007502415,0.006871804,0,0.00092355,0,0,0.001179668,0,0
"157","HSM7J4OT",0.000294817999705182,0,0.0158527649841472,0,0.0020113049979887,0.0277806319722194,0,0,0.0283712119716288,0.0600725469399275,0.139802710860197,0.0265645599734354,0.0502022209497978,0.382014668617985,0.0125013579874986,0.000609451999390548,0.00197135999802864,0,0,0.000813580999186419,0.00103899299896101,0.0048278039951722,0,0.00619747099380253,0,0.000118681999881318,0.0105911209894089,0,0.0217586679782413,0.00138686099861314,0,0,0.000739246999260753,0.062878036937122,0.00493044499506956,0.00275663299724337,0,0.000346190999653809,0,0.0120475979879524,0,0.0378960809621039,0.059724048940276,0,0.00512251699487748,0.000683784999316215,0.0109506269890494,0,0.000579256999420743,0.000422935999577064,0.00211572899788427,0,0.00237343299762657,0.000837064999162935,0.000163134999836865,0.000650444999349555,0
"158","CSM7KOTU",0,0,0,0,0,0.00700231000226489,0.0206786370066885,0,0,0.0364838280118006,0.346999060112236,0,0.0670873860216993,0.139387595045085,0,0.00320096600103535,0.0236518580076502,0,0.000119359000038606,0.000917473000296755,0,0,0.00663079700214472,7.2443865265302e-05,0.001889027000611,0,0.00803611800259927,0,0.0330308200106838,0,0.049723700016083,0,0.0151419990048977,0.188465347060959,0.00380962900123222,0,0,0.000157876000051065,7.98338113356418e-05,0,0.000527821000170723,0.00723710900234083,0.0197177200063777,0,0.00110166200035633,0,0,0.0139989090045279,0,0,0,0.0025571450008271,0.00179676500058116,0,0.000496806000160691,0,0
"159","CSM7KOTK",0,8.3570141541053e-06,0.00149465200043675,0.0068057430019887,0,0.0616139670180042,0.0421193510123076,0.0759331890221884,0.0108842800031805,0.0453465170132507,0.00508200500148501,0.0260454700076107,0.220530948064441,0.0417806830122087,0.0226909650066305,0,0.000325715000095177,0,0.00477101900139413,0.0267215530078083,0.00124341900036334,0.000501212000146459,0,0,0.00129523300037848,0,0.0129519090037847,0.231725378067712,0.00177283600051804,0,0.00367719100107451,0,0,0.0305082200089148,0.00758618400221675,0.0165279800048296,0,0,0.00482659400141037,0,0,0.00333653800097497,0.0667970920195187,0,0.000260008000075977,0,0.00426009200124484,0,0.00183896100053736,0,0,0.0164717790048132,0.000328744000096062,0.00132312400038663,0.000528268000154365,0,8.48236936641687e-05
"160","MSM9VZPL",0.000386465999752577,0,0,0,0,0.0123900429920676,0,0,0.0886534809432423,0,0,3.11861365852302e-05,0,0.483642430690363,0,0,0,0,0.00196461599874221,0.000886655999432345,0,0.000255659999836321,7.46042914070702e-05,0,0.000793317999492102,0.00188979199879012,0,3.95612121346206e-05,0.00949435999392152,0,0,0,0,0.00830576099468249,0.0232367569851234,0,0,0,0,0,0,0,0,0,0.0119878189923252,0,0,0,0.347357249777615,0,0.0061567829960583,0.000298306999809018,0.0018807549987959,0,0,0.000274393999824327,0
"161","PSM7J14T",8.52728346956786e-05,0,0,0,0,0,0.0442665260566765,0,0.00214620200274788,0.0968124161239535,0,0.251928564322556,0,0.428183968548224,0.000362156000463685,0,0.000412388000528,0,0.00166768100213521,0.00083136000106443,0,0,0,0,0,0.00022756300029136,0,0.000504852000646386,0,0.000938811001202004,0.00439205700562336,0,0,0.0191032420244588,0.0236564260302884,0.00652782800835789,0,0,0,0,0,0,0.0353902520453118,0,0.00348545100446259,0,0.0512928250656726,0.00382461800489684,0.019951615025545,0.00313879000401874,4.75988507208657e-06,0.000448138000573772,0,0,0,0.000416237000532928,0
"162","CSM9X1YV",0,0,0,0,0,0.00084024999915975,0.00448533999551466,0,0,0.0351216039648784,0.223647186776353,0,0.0411293019588707,0.0704606689295393,0,0.0103954529896045,0.0581931359418069,0,0,0.000156656999843343,0,0,0.0256885069743115,0,0.00211468199788532,0,0.0126828909873171,0,0.0279659139720341,0,0.0858648069141352,0,0.0176292849823707,0.320177912679822,0.0052954979947045,0,0,0,0,0,0.000823531999176468,0.00113969399886031,0.0437161829562838,0,0.000903160999096839,0,0,0.00868027699131972,0,0,0,0.000962355999037644,0.00140136699859863,0,0,0.000159876999840123,0.000364458999635541
"163","PSMA265N",0,0,0,0,0,0.000895906,0,0,0,0,0,0,0,0,0,0,0.011238413,0,0,0,0,0.000334021,0,0,0,0.002047718,0,0.020403542,0,0,0,0,0,0.588595201,0.032363605,0,0,0.01997715,0,0,0,0,0,0,0,0,0,0.001142268,0.143461141,0.162338437,0,0.002521002,0,0,0.004987925,0,0.009693671
"164","HSMA33JB",0,0,0,0,0,0,0,0,0,0,0.402937035830218,0.0550381959768091,0.178006684924995,0.223878937905666,0.000314769999867368,0,0,3.95222454261454e-05,0.000259357999890717,7.15020776030263e-05,0,2.00125364880482e-05,0,0,0.00255134699892496,0,0,5.65178166144878e-05,0.00215169999909336,0,0,0,0,0.0585611069753247,0.00415335599824994,0.00105855299955397,0,0,0,0,0,0,0.0175109689926216,0.01616188299319,0,0,0.0277707629882985,9.17157451110549e-05,0.00309510499869584,0.00328326299861656,0,0.00167330999929493,0,0,0,0,0.00131439099944617
"165","HSMA33JP",0.000364365999646644,0,0.00225652799781166,0.0256991559750774,0.00196214199809715,0.00320764999688928,0.000109119999894177,0,0,0.014330049986103,0.0611644229406838,0.00362621999648335,0.0769999719253267,0.163677097841269,0.000509304999506085,0.0436432089576756,0.00370758499640445,5.20691620297751e-05,0,4.73248192480189e-05,0,0.000398524999613517,0.0324977989684842,0.0091952479910826,0,0.00730438999291633,0.0146147109858269,0.00211479099794911,0.00648338199371253,0.00249872699757678,0.0507579439507758,0.00200306199805746,0,0.435403518577753,0.000271257999736939,0,0,0.00201741299804355,1.09119883980394e-05,0,0,0.0092347449910443,0.00894462799132565,0.0046837339954578,0.000714734999306862,0,0.00227965699778923,0,0,0.00602590799415618,0,0,0.000852320999173434,0.00033637399967379,0,0,0
"166","PSMA266I",0.000375175000256847,0,0.0009127880006249,0.0232230160158986,0.00030240700020703,0.00191372800131015,0.0500993100342983,0.253719695173698,0.0177884900121781,0,0,0.0397036040271813,0.235424359161173,0,0.237441825162554,0,0,0,0,0.000416873000285394,5.16156978871619e-06,0,0,0.000207880000142316,0.000656734000449604,0.000192901000132061,0.00260021700178012,0.00903709900618685,0,0,1.59907456199443e-05,0,0,0.0772980500529187,0.000915420000626702,0.00241055400165028,0,0.000627991000429926,0,0,0.00021294000014578,0.00664496400454918,0.0241725420165487,0,0,0,0.00642129600439606,0,0,0,0.00130122200089082,0,0.000390154000267102,0.00494923700338828,0.000618376000423344,0,0
"167","PSMA263W",9.09313428807535e-05,0,0.0253201379449417,0.0467850888982665,0.00095891199791486,0.0398653959133133,0.0219417219522881,0.0697454138483396,0,0.0552610278798357,0,0.0101435149779431,0.199619097565931,0.248625937459367,0.031429070931658,0,0,7.7189652339152e-05,0.000787355998287906,0,0,0,0.00335930699269524,0.000978236997872838,0.0003800439991736,0.00315522099313902,0.00344508499250871,0.00013054599971613,0.0194661779576711,0.00172307899625319,0.00147894899678405,0,0.00391359099148996,0.142715722689667,2.05051788550459e-05,0.00297958499352094,0,0.000137201999701656,0,0,0,0.00787742398287066,0.0159355299653484,0,0,0,0.0017782609961332,0.00135870999704551,0.0160423499651162,0.0108956579763076,0.00414440799098805,0,0.000879897998086675,0.00241263299475377,0.0024488119946751,0,0.00169226799632019
"168","MSM9VZJ3",0.000423950999628075,0,0.0056611129950336,0.0381901979664964,0.000327037999713095,0.00114096999899905,0.0303147499734054,0.264172347768246,0,0.0100864519911513,0.083278613926941,0.0176541769845123,0.127191313888417,0.230384953797887,0.00361551499682817,0,1.04350262443725e-05,0.001819246998404,0.000120890999893944,0,0.000100020999912253,0,9.55803999617521e-05,8.22590898625532e-05,0.00216404699810152,0.000150086999868331,0.000419620999631873,0,0,0.000435828999617654,0.00606963299467521,0,0,0.0939166789176084,0.000495552999565259,0.0026265179976958,1.73177031289586e-05,4.22951595649565e-05,0,0,0.00128395199887361,0.00996278599125981,0.0110097299903413,0.0164744639855472,0,0,0.020307004982185,0.00665243999416392,0.00694317799390886,0.00017384299984749,0.00566932799502639,0,0,0.000419287999632165,9.6579498219192e-05,0,0
"169","PSMA265T",0,0,0,0,0,0.00193575499806425,0,0,0,0,0,0,0,0,0,0,0.0112177209887823,0,0.0172632429827368,0.00230734999769265,0,0.0156826289843174,0,0,0,0.0011166009988834,0,0.0100842389899158,0,0,0,0,0,0.260791876739208,0.0128815649871184,0,0,0.00445048499554952,0,0,0,0,0,0,0,0,0,0.012017002987983,0.523476666476523,0.115605649884394,0,0.00396830899603169,0,0,0.00328986499671014,0,0.00391104199608896
"170","PSMA266Q",0,0,0,0,0,0.000152308000156918,0.0990001071019969,0,0,0.0261230220269138,0.0317474610327085,0.0295983800304943,0.149969504154509,0.189556883195295,0.00186637000192287,0.000566106000583242,0.00380872300392402,0,0,0.000215627000222154,0,0.000491835000506723,0,0.000654410000674219,6.84529697999373e-05,0,0,0,0.0289374660298134,0,0.0033305790034314,0,0,0.278699763287136,0.0179976550185425,0,0,0.000183454000189007,0,0,0,0,0.0468646140482832,0.0238346400245561,0,0,0.0186120200191754,0.0180739800186211,0.00557070300573933,0.0240759360248047,0,0,0,0,0,0,0
"171","HSMA33KM",0.00053639299946496,0.00201457399799051,0.0622123499379446,0.136588094863757,0.00342152699658711,0.00765289899236641,0.033997805966088,0.00191546899808936,2.51600230370768e-05,0.0173702199826736,0.0448233489552897,0.0028423739971648,0.112189251888094,0.340817435660043,0.0051227219948902,0.00107869199892403,0.000335820999665026,0.000965057999037377,0.00321091499679719,0,0.000563442999437979,0,0.000651679999349964,0.000569702999431734,0,0.00177348599823099,0,0,0,0.00394268199606727,0,0,0,0.0686733969314999,0.0053811739946324,0.00999325399003196,0,0,0,0,0.000136076999864266,0.0109228759891047,0.0519613539481698,0.0170723159829708,0.0127163249873158,0.00720639799281179,0.0124070809876242,0.000657703999343956,8.98909743249547e-05,0,0.00077795299922401,0.000313850999686941,0.00751540499250356,0.00834296899167808,0.000251717999748917,0.000959151999043268,0
"172","MSMA26CX",0.00392569999098725,0,0.000181548999583194,0.0161543659629123,0.00404745799070771,0.157808726637698,0.0243815379440241,0.0222367549489481,0,0.0336763639226847,0.023899370945131,0.00346952399203455,0.0143247969671127,0.0449481228968066,0.00533852698774363,0.0121715639720561,0.0589783188645956,0,0.0386971159111579,0.000238522999452391,0.00143996999669407,0,0.021963279949576,0.0115838999734053,0.000225078999483256,0.00115177099735573,0.0635193378541702,0.000105753999757206,0.000259135999405067,0.0297657719316628,0.000395104999092905,0.159264443634355,0.000444268998980033,0.0519878028806447,0,0.0599823418622906,0.000148131999659914,5.41572957084201e-05,0,0,0.00284997999345692,0.00412568499052812,0.0219708339495586,0.0154962839644231,0.00604897298611257,0.00836518998079492,0.00293716899325675,0,0.0057158349868774,0.000383197999120241,0,0,0.0573072528684321,0.00162548699626815,0.00581070698665959,0.00059483399863436,0
"173","HSMA33PZ",0,0,0.285211478445273,0,2.31915537660258e-05,0.00275530999464102,0.0750391168540515,0.161844883685217,0,0.0570868848889679,8.1389226424166e-05,0.0399845359222314,0.112000764782162,0.000580444998871054,0.000349841999319569,0,0.00195049699620635,0.000125365999756167,0.000634047998766798,0,0.00247329199518953,0.000360234999299355,0.000720687998598286,0,8.20455911533931e-06,0,0.000178749999652337,0,0.00474157899077779,0.000429043999165524,0.0470171559085532,0.00862955498321581,0,0.0306356049404148,0.000678790998679774,0.0012877879974953,0.000384082999252972,0,0.00081892399840722,0,0.000446327999131907,0.0133335029740668,0.0264843169484889,0.0793686078456307,0.00093159999818807,0,0.00758276298525178,0,0.0203215989604752,0,0.0151033899706244,0.000132147999742977,0,0,7.93107381149467e-05,0.000119239999768082,6.57458670442524e-05
"174","MSMAPC6G",0.000606717000308382,0,0,0.123838744062945,0,0.000845807000429906,0,7.57597925503114e-05,0.0824115450418881,0.00568549600288982,0,0,0.538698091273809,0.000133005000067604,0,0,0,0.00779166100396034,0.00111756300056803,0,7.67174303774922e-05,0,0,0.00014673100007458,0.00124514200063288,0.00124290700063174,0.00312381500158777,4.59666157046833e-05,0.00149114900075792,0.000173332000088101,0.0297404000151164,0.00196177400099713,0,0.0825132670419398,0.0080499040040916,0.00206594400105008,8.51233624160802e-05,0,0,0,7.43765379110501e-05,0.0149719230076099,0,0,0.0113301320057589,0,0.0616801760313508,6.96947529781657e-05,0.00506069000257225,0.00283088400143888,0.00499812500254044,0.00501238300254769,0.000214830000109194,0,0.000431575000219361,0.000158649000080638,0
"175","CSM9X237",0,0,0,0,0,0.00248233800081894,0.00627653100207067,0,0,0.00982677000324192,0.168121467055464,0,0.033348787011002,0.058525657019308,0,0.0155168220051191,0.0370684620122291,0,0.000156937000051775,0.000431193000142254,0,0,0.0337381230111304,0,0.00535802000176765,0,0.00648499400213944,0.000200092000066012,0.0173126940057116,0,0.0645978510213113,0,0.00954956600315047,0.496337747163745,0.00456378500150562,0,1.99266181717734e-05,4.26830519419051e-05,0,0,0.00125148600041287,0.00415711700137146,0.00953718600314638,0,0.0013558350004473,0,0,0.00905187300298628,0,0,0,0.000750019000247437,0.00362629100119634,0,0.000163422000053914,0.000146325000048274,0
"176","HSMA33Q6",0,0.157391902842608,0,0,0,0,0,0,0,0,0.00643769399356231,0.0600727579399272,0.0193398729806601,0.297662949702337,0.0171464149828536,0,0,0,0,0,0,0.00683842699316157,0,0,0,0,0.00228501899771498,0.0227077119772923,0.161443573838556,0,0,0,0,0,0.0245069029754931,0,0,0,0,0,0,0,0.0521963679478036,0.00671217099328783,0,0,0.0411633859588366,0,0.0655445459344554,0.00405167099594833,0,0.033945986966054,0,0,0,0,0.0205526439794474
"177","CSM9X23B",0,0,0,0,0,0.00302129799671201,0.0273623819702223,0.000577204999371844,0,0.0324196599647186,0.36540537160234,0,0.064994770929268,0.0983869098929283,0,0.0268381399707928,0.0298435039675222,0,0.000653553999288756,0.00111050299879147,0,0,0.0145593219841555,0,0.0104150249886656,0.000555308999395673,0.00844977599080435,0,0.00925992698992268,0,0.0678928329261142,6.16755268201428e-05,0.00601875199344996,0.18296010680089,0.00325217999646074,0,0,0,6.83245613100467e-05,0,0.000602998999343773,0.00643649499299534,0.0154766599831572,0,0.00250083899727841,0,0,0.0120817539868518,0,0,0,0.00231076899748526,0.00577445699371582,0,0.000563791999386441,0.000145705999841432,0
"178","MSMB4LXY",0.000849608001566817,0,0,0.104686590193059,0,0.00495389300913579,0,0.00398618700735118,0.0559034681030952,0.00305833700564008,0,0,0.431966136796616,0.00136648200252002,0,0,0,0.0115898600213736,0.00124396800229408,3.43881558991821e-05,0.000171415000316117,0,0,0.000886205001634308,0.00546214301007309,0.00270961800499698,0.00528231500974146,0,0.00176210400324961,0.00302279300557453,0.125019665230557,0.000620880001145005,0,0.135924917250668,0.00368521100679613,0.00442408400815874,0.00152496200281228,0,0,0,0.000318222000586854,0.0119592960220549,0,0,0.0184514010340274,0,0.0422033110778298,0.00010684500019704,0.000881683001625968,0.00258521100476755,0.00492476300908207,0.00638021201176616,0.00103175000190272,0,0.000568824001049005,0.000453251000835869,0
"179","MSMB4LYB",0.00315247800650708,0,0.0169137280349119,0.0319829460660165,0.00161968800334322,0.0015950630032924,0.0117253040242024,0.167162068345042,0,0,0.00555330001146266,0.0438803890905742,0.0943952121948427,0.0796922911644941,0.0246443310508688,0.00059005400121794,0.000389147000803245,0.000273243000564005,0,0,8.6897955105848e-05,0,0.000191436000395146,0.00090189200186161,0,1.63377626765763e-05,0.00656778101355666,3.95421212606993e-05,0.0288623150595752,0.000681450001406592,0.012085564024946,0.115642354238699,0,0.218218760450429,0.000444790000918098,0.00283389100584948,0,5.19730276450509e-05,8.6897955105848e-05,0.0301797540622945,0.000181846000375351,0.00800787101652917,0.00446672100921983,0.0174617530360431,0.000506826001046148,0,0,0.00842022201738031,0.0545590111126161,0.00561000901157971,1.00631146920941e-05,0,0.00016254900033552,0.00015224900031426,0,0,0
"180","HSM5MD5D",0,0.000252986999783803,0,0,0,0.00356931899694974,0,0,0.136955711882961,0,0,0,0,0.000166130999858028,0,0,0.00101118799913586,0,0.00121598199896085,0.000784301999329753,0.01046125299106,0,0,0,0,0,0,0.000751919999357426,0.0440410999623635,1.62448545638038e-05,0.0068656169941328,0,0,0.590430069495432,0.0130811149888212,0.00883774199244746,0,0.00342647299707181,0.00302414199741564,0,0,0,0,0,0,0,0.0348252859702391,0.00222034699810254,0.11129425690489,0.0117764369899361,0.00124847099893308,0.000416517999644053,0,0.00220583499811494,0.000128658999890051,0,0.0109928929906057
"181","MSM6J2HT",0.00114541300114541,0,0,0.00248665300248665,0,0.0283391680283392,0.0080891960080892,0,0,0,0.00636251200636251,0.000462533000462533,0.030232985030233,0.0823450870823451,0.0103066800103067,0.0677423070677423,0.000758362000758362,0,0.0539836500539837,0,0.00109616100109616,0,0.00316235800316236,0.00498561800498562,0,0,0.0211725760211726,0,0.0485022000485022,0.0132337030132337,0.0126002890126003,0,0,0.228732000228732,0,0.000959757000959757,0.0126887270126887,0.00123170900123171,0,0.0532354590532355,0,0,0.00892325500892325,0.0169797960169798,0.00890451800890452,0.0475497240475497,0.14206993414207,0.0035476960035477,0.00322263800322264,0.00691326900691327,0.0506586550506586,0,0,0.00147100600147101,0.0159044050159044,0,0
"182","HSM6XRQW",0,0.0211616649471142,0.0195976609510228,0,0.00143875999640435,0.00139189399652147,0,0,0,0.0561415428596948,0.23275275641832,0,0,0,0.0889007167778252,0,0,3.86159669756469e-05,0.000481381998796962,5.80958316221157e-05,0.00116203099709593,0,0,0.00015343299961655,0.000414691998963629,0,0.000888968997778348,0,0.00133631899666036,0.000385127999037514,0.0603179108492575,2.5782173796797e-05,0,0.421272698947183,0.00164788199588172,0.00361546299096447,0.00045640199885939,0.000559988998600513,0,0,0,0,0,0,0.004148637989632,0,0.0619755328451149,0.0047581289881088,0.00148826199628063,4.48036886868783e-05,0.00814487497964487,0.00478849498803291,0,0,2.33758375757626e-05,0.000280624999298681,0.000147473999631443
"183","MSM6J2QP",0.000201352000593107,0,0,0.0471441581388689,0,0.0198828940585675,0.0806414072375392,0,0,0.0374461091103021,0.0290396500855399,0.0250367010737487,0.280400662825955,0.329328003970076,0,0,0,0.00312681900921043,0.00324489500955824,0.00241060700710074,0.000607831001790441,0.000107054000315341,0,0,0,0,0.00176460800519787,0.00217823100641625,0.000355044001045826,5.15370545285037e-05,0.0380154661119792,0.000411174001211164,0,0.00884018702603986,0.0058755300173071,0.00432186701273059,0,0,0.000443525001306458,0.00311661400918037,0.000529148001558671,0,0,0.0407186611199418,0,0.00518748501528038,0.0144621140425999,0.00143987400424133,0,0.0107669580317154,0,0,0,0.00259716100765026,0.000306671000903337,0,0
"184","HSM67VES",0,0.000217851999768514,0.00990969498947012,0.127000537865051,0,0.000750352999202687,0.0465350529505526,0.000168286999821181,0.000210504999776321,0.0287400059694613,0.141459814849687,0.00471308799499195,0.0307809089672927,0.359608393617886,0,0,0.00129451599862447,0.00310462299670108,0.000116622999876078,0.000608888999353005,0.00276746499705934,6.96239710044311e-05,0.00742947199210557,0.00605541999356561,0,0.000795252999154977,0.007044149992515,0.024455506974014,0.0187173029801113,0.00287055999694979,0.00797748399152326,0,0.00472801599497609,0.0582932239380586,0.0122384249869957,0.00975808498963122,0.00102558299891023,0,0.0039264649958278,0,0.000249806999734559,0,0.0172473849816732,0.0451924879519792,9.56309149474597e-06,0,0.000769711999182117,0,0.000253771999730346,0,0.000741838999211734,0,0.00293995099687606,0.000887501999056955,0.00833679999114146,0,0
"185","HSM67VGA",0,0,0,0,0,0.00582645100278711,0,0,0.0648078910310012,0,0,0,0.143454212068622,0,0,0,4.56738873837646e-05,0,0.000667034000319079,0.000360521000172457,0.000895619000428424,0,0,0,0.00103491400049506,0,0,0.00141697300067782,0.00433166000207207,0.00136967500065519,0.0341785710163495,0,0,0.425737127203653,0.00276933100132472,0.00377632100180642,0,0.00257343100123101,0.0018490350008845,0,0,0,0.00685238200327787,0.064863955031028,0,0,0.0526521430251864,0.00338214100161786,0.135084959064619,0.0358872290171668,0.00564310600269941,0,0,0.000523951000250635,0,0,1.569363429063e-05
"186","HSM67VF3",0.000344134999724574,0,0,0.0143066979885497,0.00152833199877681,0.00227279099818099,0.232729076813737,0,0.0601320739518736,0.00444215699644475,0,0,0.0463721429628863,0.359014654712665,0.00718226699425171,0,0.00558117599553314,0.000172581999861875,1.25551513222332e-05,0,0,0,0.00036389399970876,0.00107140699914251,0.000950486999239283,0.00111318899910907,0.00244084499804648,0,0.000883902999292573,1.83181716012911e-05,0.00247089499802243,0,0,0.117963261905589,3.41664773687002e-05,0.00157433399873999,0,0.00492552999605788,0,0,0,0.00590256799527591,0.0716001759426952,0.0394446839684307,0.000334357999732399,0,0,0.000401867999678367,0,0.00565074399547746,0,0.00406653099674538,0.00142603899885868,0.000375624999699371,0,0.000398059999681415,0.00249847499800036
"187","HSM67VFZ",0,0.0512376031062167,0,0.021638926044858,0.00378054000783715,0,0,0,0.0178063200369129,0.00616235901277471,0.491270068018414,0.0432931570897477,0.0570869671183426,0.0740359291534782,3.58608156963319e-05,0,0,0.000463340000960514,0,0.00213049300441656,0.000211414000438266,0.00334045700692484,0,0,0,0,0.0127646500264614,0,0,0,0,0,0,0.0232316570481598,0.0196688320407739,0,0.000125438000260036,0,0.000115535000239507,0,0,0,0.0952527781974612,0.013631761028259,8.6576111534659e-05,0.000106832000221465,0,0.0435521350902846,0,0,0,0.004131646008565,0.00199215100412977,0.000504752001046362,0.0123418220255849,0,0
"188","HSM67VFR",0.00113648600113649,0,0.0150796320150796,0.052075978052076,0,0.064666984064667,0.00922000500922,0,0.0111869180111869,0.00127841400127841,0,0.000447349000447349,0.0862519300862519,0.151477065151477,0.016676959016677,0,0.0845721660845722,0.00215229100215229,0.000546784000546784,0.00856571300856571,0.000822885000822885,0.00065068000065068,0,0.0196271690196272,0.0141605000141605,0.00597552800597553,0.00714292800714293,0,0,0.0448734530448735,0.110604153110604,0.00253303100253303,0,0.163928587163929,0.0157887410157887,0,0,0,0,0,0,0.00534747500534748,0,0.0406273000406273,0.0395688960395689,0,0,0,0,0,0,0.000506521000506521,0.00695489400695489,0.00386711200386711,0.00964918800964919,0.00203628400203628,0
"189","HSM7CYZJ",0.000133927000004657,0.000165260000005747,0.000813680000028294,0.0291809810010147,0.00131370400004568,0.00128715800004476,0.0328230140011414,0.0257302100008947,0.00495051500017215,0.00170645500005934,0.217251048007555,0.00336732500011709,0.105565328003671,0.381373844013262,0.0524481730018238,0.000473369000016461,0.000944779000032853,0.000890599000030969,0,6.14693748172534e-05,0,1.47961680976043e-05,0.000272641000009481,0.000586625000020399,0,0.000259042000009008,0,0.00475783800016545,0,0,0.000383721000013343,0,0,0.0353701310012299,0.00529594000018416,0,0,0,0,0.000135668000004718,0,0.0121834480004237,0.0351909450012237,0.0159397160005543,0.00978538000034027,0.00717407400024947,0.00127595200004437,0.00469658700016332,0.000212260000007381,0,0,0.00225032300007825,0,0.00206917900007195,8.37724223173188e-05,0.00158112300005498,0
"190","HSM67VGG",0.000159541000467223,9.03064900708897e-06,0.00992780902907401,0.0575823121686323,0.000348954001021927,0.000860690002520567,0.0129604860379553,0.295121030864275,0.00224620000657809,0.00734874802152112,0.212383497621974,0.00806228602361075,0.116684437341715,0,0.0373838771094803,0,0.000500506001465753,0,0,0,0,0,0.000289791000848665,0.000507569001486438,0.000179571000525881,0.000186518000546226,0.000736229002156078,0,0.00324235000949536,0.000288633000845274,0.0314550240921174,0.0115302860337669,0,0.0609892981786098,9.96844717320975e-05,0.00386627601132255,0.000433934001270794,0.000719442002106917,0,0.0140483320411411,6.03201042652994e-05,0.00499915901464025,0.0113527990332472,0.0559210201637671,0.00168850000494484,7.81498471767315e-05,0.00352276401031656,0.000399896001171112,0.0193341560566209,0.00274682200804419,0.00284673800833679,0.00454149001329995,0.000169383000496045,0.000564763001653933,0,0.000422125001236211,0.00119957100351299
"191","MSM79H5Q",0.00202061999785622,0,0,0.101924083891863,0,0.00211085599776048,0.128465647863704,0,0,0.0508971109460006,0.181017265807949,0.00362365499615548,0.210162968777027,0.0885334009060703,0,0,0,0,0.000310980999670064,0.00067827799928038,0.0841110809107622,0,0,0,0,0,0.00509478299459468,0,0.000492959999476993,0.000259508999724673,0.00255632899728786,0,0,0,0.0107574709885868,0.0195294269792802,0,0,0.00233515399752251,4.54410609036502e-05,0,0,0,0.0374431109602747,0,0.0013456799985723,0.0640202089320776,0,0,0,0,0.00140221199851232,0,0.000243464999741695,0.000618299999344014,0,0
"192","HSM7CYYF",0.000191103000191103,0,0.0042012030042012,0.0127473440127473,0,0.0110350740110351,0.00646156700646157,0,0.0343667870343668,0.00059097000059097,0,0.000925808000925808,0.0661905360661905,0.201013785201014,0.00326375700326376,0,0.00565101300565101,0.000465916000465916,0.000999207000999207,0.000353724000353724,0,0,0,0.00653945800653946,0.00518142200518142,0.0090532990090533,0.0039561990039562,0.00684387500684388,0,0.00362115600362116,0.194002490194003,0,0,0.332694452332694,0.00017038000017038,0.00762176200762176,0,0.00169777400169777,0,0,0,0.000617716000617716,0,0.0514816300514816,0.0180689290180689,0,0,0,0,0.000251231000251231,0,0.00123104200123104,0.000214072000214072,0.00775018500775019,0,0.000545133000545133,0
"193","PSM7J1A2",0,0,0,0.112178259144421,0.00137425000176924,0,0.0469108560603942,0,0.00532916100686089,0.046393399059728,0.392423389505215,0.0062132610079991,0.121114198155925,0.114529840147448,0.00629860900810898,0,0.00833107801072563,0,0,0.00284287400365998,0.000247817000319046,0.000348247000448342,3.22197009261168e-05,0.00536652300690899,0,0,0,9.59735772267311e-05,0,4.47876693724745e-05,0,0.00111683500143784,0,0.0185776280239173,0.00733718000944606,0,0,0.000947853001220289,0,0,0.000249874000321694,0.0196977770253594,0.018446921023749,0.0159536650205391,0.00361888900465905,0,0,0,0,0,0,1.38247652909934e-05,0.043242152055671,0,0.000226223000291245,0.000496435000639122,0
"194","HSM7J4I3",0,0.0015434790042359,0.025638573070362,0,0,0.000624824001714756,0.0917480292517917,0.000223432000613183,0.0737466852023891,0.0235518950646354,0.00299298200821389,0.0158339380434544,0.0416466531142943,0.389066550067747,0,0.000374109001026698,0.000116320000319227,0.00141615600388647,0,0.000291360000799603,0.000171223000469901,0.00332667100912966,0.00746522002048742,0.004023128011041,0.00239465500657185,0.00506517601390078,0.00436984101199251,0.15155332641592,0.000733060002011797,0.000607983001668538,0.00238915300655675,0,0.000318082000872939,0.0270175650741465,0.00306876900842188,0.00199045600546257,0.000655364001798569,0.000345702000948738,0.00058081200159397,0,0,0,0.0515601971415009,0.0377250241035319,0.00346477200950866,0,0.0058027270159249,0.000959187002632376,0,0.00942614702586895,0.00219064700601197,0.000241958000664025,0.000839050002302674,0.00206747800567395,0.000562286001543128,5.91702557801356e-05,0.000210184000576825
"195","HSM7J4G1",0,0,0.000339387000516063,0,0,0,0,0,0.00198481400301806,0.000726560001104788,0.0862376351311307,0.0408795500621604,0.0164305570249839,0.131655948200193,0.00126604400192511,0,0,7.17374795354241e-05,0.000647265000984214,0,0,0.0192382010292531,0,0,0.00261115100397045,0,0,0.017153396026083,0.05398623208209,0,0,0,0,0,0.0672215061022153,0.0614453020934321,0,0,0,0,0,0,0.0207950330316204,0,0,0,0.436417340663605,0,0,0,0,0.0178501920271425,0,0,0,0,0.0230421480350373
"196","HSM7J4LD",0,0,0.00639590800167381,0.026855049007028,6.72086016539072e-05,0.000964765000252479,0.0138113680036144,0.0102620660026856,0.000630386000164972,0.0321976890084261,0.160193366041923,0.000487540000127589,0.109168617028569,0.367091497096068,0.00814566000213172,0.000300664000078684,0.00138498500036245,0,0.000420775000110117,0,8.01845197950081e-05,0,0.00153060400040056,0.00191788500050191,0.00210875300055186,0.000132532000034684,0.00239477800062671,0,0.00435525000113977,0.000200849000052562,0.00282952600074049,0.000146062000038224,0.00408785800106979,0.172414241045121,0.00112502300029442,0.00113899700029808,0,0,0.00176627800046223,0.00420464100110035,8.35116782927263e-05,0.00101811100026644,0.0169536470044368,0.00836702700218965,0.000980735000256658,0.00352091000092142,0.016786513004393,0.00126099300033,0.0048158400012603,0.00585713000153281,0.00073508000019237,0.000155156000040604,0.000115231000030156,0.000364989000095518,0.000106136000027776,6.79849386367081e-05,0
"197","PSM7J17X",0,0,0,0,0,0,0,0,0,0,0,0,0,0,0,0,0.004738953,0,0,0.45190682,0,0.060305431,0,0,0,0,0,0.049299809,0,0,0,0.052256306,0,0,0.264070669,0,0,0.019931262,0,0,0,0,0,0,0,0,0,0,0,0,0,0.006085228,0,0,0.090886474,0,0.000519048
"198","MSM79H9G",0.00458851099651657,8.22597591012117e-05,0.00107839499918132,0.00773813599412549,0,0.00372368399717311,0.0132750539899221,0,0,0.00488477799629165,0.0143985369890692,0.0136883319896083,0.0398165829697727,0.13376536589845,0,0,0,0.000347733999736013,0,0,0,0,0.000645100999510263,0.00154731899882533,0,0.00341070099741072,0.00895729599319995,0.0042317589967874,0.0280057089787391,0.000986016999251452,0.000159680999878776,0,0.00442641099663963,0.135592455897063,0,0.00482099399634008,0.000865266999343121,0,0,0.171667758869676,0,0.0108404729917703,0.0120723889908351,0.00767237199417541,0.00043263399967156,0,0.322303413755319,0.00448117699659805,0.00190231199855583,0.015937277987901,0.0170893549870264,0,0.00146857899888511,0.00115757499912121,0.00193860299852828,0,0
"199","MSM79HAH",0.000120010000048094,0,0.0117477990047079,0.0461725200185036,0.000427055000171142,6.36249550492364e-06,0.00936954300375484,0,0.0161848720064861,0.00384174100153958,0.192403290077106,0.0152035120060928,0.198339827079485,0.226617171090817,0.0595539450238662,0,0,0.000285435000114388,3.01670045492069e-05,2.5230585622973e-05,0.00268541200107618,0,0,0,0,0,0.00173389000069486,0,7.83245136295772e-05,0,0.00777584700311617,0,0.000426287000170834,0.109781130043995,0.000929473000372486,0.00160631100064373,0,0,0,0,0.000926292000371211,0,0.021197860008495,0.0139799380056025,0,0.000338748000135753,0,0.00374805800150203,0.0385138310154344,0.0148926270059682,0.00083820400033591,0,0,0.000219287000087879,0,0,0
"200","HSM7J4IU",0.000160723999435764,0.0150047239473246,0.00835201997067951,0.0598698327898218,0.000397052998606111,0.0065472259770154,0.027456380903612,0.0360157768735635,0,0.00254170999107711,0.103903392635238,0,0.076819919730317,0.441562051449858,0.0554757558052476,0.000162769999428582,0.000161644999432531,0.000346512998783536,0.00147996999480444,0,0.000614658997842187,0,0.000100669999646589,0.00031674199888805,0,0.00409155598563624,0,0,0,0.000292085998974607,0.000161644999432531,0.000321447998871529,0,0.0492577538270764,0.000683408997600834,0.000193154999321913,0,0,0,0,0,0.00785521797242358,0.00561214098029809,0.0274096269037761,0.00471245598345652,0.00123105799567826,0.0537622198112631,0.000561459998028946,0,0,0,0,0.000449535998421865,0.00521723698168444,3.17151057526617e-06,0.000658139997689543,0.000237146999167475
"201","MSM9VZF7",0.00424019800384828,0.000522889000474559,0.00431513700391629,0.0920551900835466,0.00279092900253296,0.00098481600089379,0.0232879980211355,0,0,0.0100579880091283,0.00473024800429303,0.0266151200241551,0.277034020251428,0.147432726133806,0.000291841000264866,0,0,0.000482641000438031,0.000278369000252639,0,0.00135092200122606,0,0.0011929610010827,0.000257992000234146,0,0.00126621600114918,0.00800314400726342,0.000267591000242858,0.0123592030112168,0.000827191000750734,0.021900196019876,0,0.00204928600185987,0.138489055125689,0,0.000930085000844118,0.00106194400096379,0,0,0.0538462550488693,8.50430925067307e-05,0.0253662490230217,0.0151034850137075,0.0305919370277643,0,0,0.024186592021951,0.0282828070256686,0.00372017200337632,0.0211834770192255,0.0112275410101898,0,0.00019770400017943,0.000810856000735909,0.000321985000292224,0,0
"202","HSM7J4KQ",0.00294069199413087,0.0230717029539528,0.0741738368519615,0.0981331308041428,0,0.000724192998554633,0.0416138339169458,0,2.68001051634885e-05,0.000338719999323972,0.00505872598990363,0.0507739208986638,0.269510948462101,0.105753804788933,0.0148899969702821,0.00563109198876129,0.000421599999158557,0.000218650999563609,4.17939965985679e-05,3.05780935565794e-05,0.0154863289690919,0,0.00279500299442164,0,0.0553280498895745,0.000937294998129317,0.0017822659964429,0,0.00715078798572823,0.000250409999500224,0,0.0120556789759389,0.000515222998971701,0.114567851771342,0.00147282499706049,0.0050843459898525,0,2.12511847111362e-05,0.00418483099164778,0,8.70117951783744e-05,0.00829209398345037,0.0380242729241099,0,0.0119241579762014,0,0.0187153279626474,0.00253349499494357,0,0.000715456998572068,0,0,0.00293738599413747,0.000427148999147482,0.000702941998597046,0.000595977998810528,5.85588200929087e-05
"203","MSM9VZMM",0.00166842099751451,0,0.00912685798640347,0.0285993289573948,0.000394130999412852,0.000125803999812586,0.00216520599677443,0.11360460983076,0,0,0.00362937099459323,0.0216595399677332,0.071614420893314,0.0518442769227662,0.0176926269736428,0.000740207998897292,0.00035975699946406,2.47866303352553e-05,2.30328593209683e-05,0,0,0,0.000193849999711216,0.000243773999636843,0,0.000138781999793253,0.00125382899813214,0,0.035298382947415,0,0.04069871193937,0.122730064817166,0,0.147466536780315,0.00016239899975807,0.00216695899677182,0,0.000280719999581804,0,0.0265844799603964,0.00022986099965757,0.00515199499232493,0.00358388999466098,0.00916193398635121,0.00023266699965339,0,0.175554465738472,0.0108253269838732,0.083756946875225,0.0083287749875924,0.0025643639961798,0,0.000118905999822862,0,0,0,0
"204","PSM7J15M",0.00261846899865757,0,0,0,0,0,0.0602849019690933,0,0.00250709299871467,0.0941349329517392,0,0.223665342885332,0,0.288070740852313,0.00245800499873984,0,0.000295970999848263,0,0.000507378999739879,0,0,0,0,0,0,0.00015664799991969,0,0.00409100299790264,0,8.41507002484668e-05,0.00344801299823228,0,0,0.0816078229581616,0.0176327689909601,0.0039988079979499,0,0,0,0.0335086849828209,0,0,0.0172592469911516,0,0.00393899499798057,0,0.136065494930242,0.00990833199492023,0.00835814499571498,0.00441987099773404,0,0.000294423999849056,0,0,0,0.000647217999668187,3.75378123657376e-05
"205","MSM9VZME",7.79256221450487e-05,0,0,0.0679811138775085,0.000391155999295197,0.00216334699610198,0,0.000112010999798173,0.100514414818889,0,0,0.0550633259007844,0.0285463999485638,0.67687241478038,0.0213928749614533,0,0,0.000100844999818293,0.000125761999773396,0,0,0,7.58099943945044e-05,0,0.00240370599566889,0,0,0.00581362798952474,0,0,0,0,0,0.00210716499620321,0.00271305799511149,0,0,0,0,0,0,0.00447325999193988,0.0215705879611331,0,0.00658112998814182,0,0,0,0,0,0,1.41041850036287e-05,0,0.000155263999720238,0.000404672999270842,0.00034602299937652,0
"206","MSM9VZMU",0.000905250001812451,0.0225398240451282,2.504254777615e-05,0.07344585614705,0.000925590001853175,0.0125587830251446,0.0152523330305375,4.18833877653512e-05,0,0.0243040660486605,0,0.0109850390219938,0.192868298386152,0.254569964509689,0.0129468880259217,0.000847291001696408,0.000178250000356884,0,0.000311009000622688,0,0.000317023000634729,0,0.000290887000582401,0.00571724601144681,0,0.0011248370022521,0.000388542000777921,0,0.0142287600284882,0.000293621000587875,0.0468688230938386,0,0.00175308800350995,0.131541832263367,0.00521464601044053,0.00579882601161015,0,0,8.0923516831227e-05,0.0123537400247341,0.0236434460473378,0.00554544801110285,0.0161549580323447,0.0275118090550829,7.78615459240996e-05,0.00204342800409126,0.055493192111106,0,0.00688374801378233,0.00145279600290872,0.0111588060223417,0,0,0.000434144000869224,0.000922200001846387,0,0
"207","HSMA33NY",0,0,0.0413469660623575,0.163579355246703,0,1.36659582674547e-05,0.110460723166592,0,0.0230264630347274,0.0236277650356343,0,0.00257596500388495,0.224973605339295,0.24618858537129,0.00839752801266475,0,0.000346249000522196,0.000112304000169372,0,0,0,0,0,0,0.000113252000170801,0,2.09725102124303e-05,0,0.00356776200538073,1.50190234424502e-05,0.00441748700666224,0,0,0.0108578070163752,0.000106892000161209,0.0004895390007383,0,0.00268948800405616,0,0.00229073900345478,0,0,0.0165616530249775,0.110176579166163,0,0,0,0.00282898900426655,0,0.000592101000892979,0,0,0.00033204200050077,0,0,0,0.000290503000438123
"208","PSM7J15U",0.00151894200213593,0,0,0,0,0,0.0954423951342106,0,0.00354686300498758,0.0881782681239959,0,0.278564603391716,0,0.397362236558769,0,0,0.000145813000205042,0,0.00093903000132046,0,0,0,0,0,0,0.00148221000208428,0,0,0,0.000345559000485923,0.0253399510356329,0,0,0.0567867340798532,0.00205038400288324,0.00100753500141679,0,4.35110944289573e-05,0,0,0,0,0.0188727850265388,0,0.00213113300299679,0,0.00666873300937754,0.00696471000979374,0.00398511000560384,0.00845461001188883,0,1.15354994532585e-05,0,0,0,0.000157348000221262,0
"209","MSM9VZL9",0.000463651997099515,0.0251975458423708,8.44174871237009e-05,0.0661995275858731,0.000409843997436124,0.00391091397553435,0.00991529593797251,0,0,0.0073337959541217,0,0.00300133198122445,0.27687228126796,0.275214326278331,0.0108467879321453,0,0.00014660299908289,0,0.00115155799279616,0,0.000136828999144034,0,0.00126604799207994,0.00261597598363514,0,0.000233919998536658,0.000254540998407658,0,0.00113286999291306,0.00118452999258989,0.0155440949027602,0,0.000214694998656924,0.0560638446492793,0.0158775759006741,0.00549239896564099,1.15993493757756e-05,0,0.000691020995677154,0.015747942901485,0.0148039919073901,0.00350117797809755,0.021886146863086,0.051952304675,0.00132629999170302,0.00115875399275114,0.087310880453806,0.000211258998678419,0.0145834969087695,0.000349268997815065,0.00506784196829691,0,0,0.00031726399801528,0.000298575998132187,1.69694185312274e-05,0
"210","HSMA33J5",0.000436342999563657,0,0.0233353219766647,0.143985493856014,0,0.00134613999865386,0.0573624959426375,0,0.0185887279814113,0.0369241179630759,0,0.00108793599891206,0.131484997868515,0.168746411831254,0.0022838019977162,0,0.00245938499754062,0,0.00323703899676296,0,0.000301521999698478,0,0,0,0.000115108999884891,0.00166931999833068,0.00402722499597277,0,0.00238138899761861,0.00161687699838312,0.00389082199610918,0,0.000354816999645183,0.0712212989287787,0.000409572999590427,0.00578634499421365,0.00152062799847937,0.0013851989986148,0,0.0128858549871141,0,0,0.0157781749842218,0.0741548689258451,0,0,0.196693384803307,0.000802232999197767,0.00722532599277467,0,0.00160422199839578,0.000554127999445872,0.00257145199742855,0.00102064699897935,0,0,0.000751370999248629
"211","MSM9VZHX",0.000265951999563336,0,0.111971210816155,0.194163717681204,0.0116465639808776,0.000112169999815829,0.00432798199289392,0.127150357791233,0,0,0.0200125399671416,0.0558140549083593,0.17733794470883,0.0561879119077455,0.0323816189468329,0.00155319399744982,0.000451135999259283,0.000100539999834924,4.52298762491636e-05,0,0,0,0.000516395999152133,0,0,1.34397346568943e-05,0,0,0.00537576499117357,6.57771628880693e-05,0.0201214799669627,0.0657959008919702,0,0.0376991019381021,0,0.00115361999810588,0,0.000623008998977086,0,0.00396601399348823,2.71379257494982e-05,0.0238294249608747,0.00264077899566413,0.00556185299086804,0.00111924599816232,0,0.00470132299228093,0.0228311369625137,0.00969974098407407,0.000190740999686824,0,0,1.07259420819446e-05,0,0,0,0.000535262999121156
"212","HSMA33J9",3.72638346213234e-05,0,0.000566363999389018,0.0283584729694075,0.000106699999884894,0.000953814998971044,0.0211635439771692,0,0,0.0165317179821659,0.0729024109213544,0.00271285299707343,0.00905025099023678,0.206232410777521,0.00623787299327071,0,0,0,0,0,6.80470023519818e-05,0,0.0117705109873022,0.00571895699383051,0,0.00390992499578205,0.022691360975521,0,0.0177653599808351,0.00164770999822248,0.326548306647726,0,0.000543912999413238,0.107490886884041,0.000432815999533087,0.00602609399349918,0,0,0,0.0174510469811742,0,0.00658250599289893,0.00544769499412314,0.0137950249851182,0,0.00595017799358107,0.0485501479476251,0.0006265419993241,0,0.0258009239721665,0.0016187779982537,6.11034306834123e-05,0.00460867999502825,0,0,0,3.9809810899799e-05
"213","PSMA265H",0,0,0.0156876260020681,0,0,0.000682466000089968,0.0576953240076059,0,0.0278280710036685,0.0254437680033542,0,0.00389333000051325,0.123627052016298,0.271289506035764,0,0,0.000274689000036212,0,4.04989648606013e-05,0,0,0,0,8.68673449183913e-05,0.00105414700013897,0.0016771850002211,0.000615115000081089,0,0,0.000245782000032401,0.049329060006503,0,0.00231974000030581,0.0789276400104049,0.00232223400030614,0,0,0.000306970000040467,0,0,0,0.0201272520026533,0.0231695160030544,0.0275927080036375,0,0,0.0562975230074216,0.00278107600036662,0.132099846017414,0.0644411900084952,0,4.95965584162436e-05,0.0075272320009923,0.000443875000058515,0,0,0.00212311400027989
"214","MSMA26BB",0.000134599999944042,0,0.0172112079928447,0.0566934079764305,0.000334398999860978,0.000171528999928689,0.0212258999911756,0.0571501809762406,0,0.016984412992939,0.141332902941243,0.0154861139935619,0.18704056792224,0.206467898914164,0.00125303899947907,0.000161468999932872,0.000544001999773839,0.00054349299977405,0.00012861499994653,0,0.000212277999911748,0,2.26667681907818e-05,0.000397177999834879,0.00160017199933475,0.000572781999761874,0.000279004999884008,0,0,0,0.000740871999691993,0.000377948999842873,0.000827718999655887,0.182850017923983,0.000508219999788715,0.00374765699844196,0,0,1.99925989098469e-05,0,0.00182874999923972,0.0119112589950481,0,0.0535462919777389,0,0,0,6.2524624616145e-05,0,0.00145474799939521,0.0146907399938925,0,0,0.00145767699939399,2.77604239639912e-05,0,0
"215","MSM9VZI6",0.000434071001302213,0,0,0.00296322500888967,0,0.0183292790549878,0.0103516870310551,0,0,0.0032278990096837,0.00476495601429487,0.00164135400492406,0.0244852510734558,0.105942880317829,0.0127531860382596,0.0372489591117469,0.0146144660438434,0,0.00343198501029595,0,0.000226864000680592,0,0.0168483020505449,0.00568478401705435,0,0.0012552680037658,0.013764014041292,0.00244312500732937,0.0152037110456111,0.00563298301689895,0.001012332003037,0,0.00109604700328814,0.320757523962273,0,0.0031275330093826,0.0180223990540672,0.0476204191428613,0,0.0419277711257833,0,0.0027430670082292,0.000516052001548156,0.0106248020318744,0.00595489401786468,0.0346863891040592,0.107772246323317,0.00141194600423584,0.0104796880314391,0.0245305780735917,0.02880665408642,0,0.00318662000955986,0.00741135702223407,0.00389993501169981,0,0.0231634960694905
"216","HSMA33QO",0,0,0.00205972500009631,0,0.00130859600006119,0,0.0175284220008196,0,0,0.0439217880020538,0.151105943007066,0.0627329980029334,0.476399589022277,0.110546336005169,0.00127987400005985,0.000515009000024082,0.000136947000006404,0,0,0.000406887000019026,0,0.000923354000043176,0,0,0,0,0,0,0,0,0,0,0,0.040825592001909,0.0216979260010146,0,9.78194993019387e-06,0,0,0,0,0,0.0412139570019272,0.0170932290007993,0.00653288600030548,0.000888388000041541,0.00179165800008378,0.000591704000027668,0,4.89097496509693e-05,0,8.63725366176693e-06,0,0,0,0.000431863000020194,0
"217","MSMAPC7T",0.000226267999702455,0,0,0,0,0.0142784569812236,0,0,0.169437852777187,0,0,0.000159101999790779,0,0.493337481351255,0,0,0,0,0,0.000312249999589387,0,0.0171397929774609,0,0,0.00137570899819092,0.00243083199680342,0,0.0637714619161397,0.00176000699768557,0,0,0,0,0.000741681999024678,0.0278048699634362,0,0,0,0,0,0,0,0,0,0.0475649639374514,0,0.000157196999793284,0,0.152172302799891,0,0.000806704998939172,0.00468160199384363,0,0,0.000502433999339292,0.00131973699826453,1.92923149881242e-05
"218","MSMAPC6K",0,0,0,0,0,0.0118905660118906,0,0,0,0,0,0,0,0,0,0,0,0,0.00821815700821816,0.0172593320172593,0,0.00231965800231966,0,0.00132826300132826,0,0.00178082700178083,0,0.000669355000669355,0.0845313350845313,0,0.00497955400497955,0,0.031729031031729,0.464167113464167,0.0937877280937877,0.0589926270589926,0,0.000669355000669355,0,0,0,0,0,0,0,0,0.125853514125854,0,0.0467950730467951,0.0404095250404095,0.000324175000324175,0.00429481100429481,0,0,0,0,0
"219","HSMA33SG",0,0,0.0216824140055355,0.112922952028829,0,4.93843679139849e-05,0.0794931410202946,0,0.0342403960087416,0.0225699940057621,0,0.00106249400027125,0.287295993073347,0.212750046054315,0.00300527000076724,0,0.00014888300003801,0.0001778320000454,0.000438986000112073,0,0.000864226000220636,0,0,0,0.000540309000137941,0,0.000127110000032451,0.00609398200155579,0.00245997400062803,0.000498831000127351,0.00717265400183118,0,0,0.0434440120110912,0.000776405000198216,4.84112769206059e-05,0.000178441000045556,0,6.30076418212911e-05,0.000431079000110054,0,0,0.0197792910050496,0.126355136032258,0,0,0.012381367003161,0,0.00196819800050248,0,0.000183063000046736,0,0.000161776000041301,0,4.09914580960909e-05,0,0.000593950000151635
"220","MSMB4LZX",0.000276802999753643,0.0228688269796465,0.0396058449647504,0.0723055689356474,0,0.0146954509869209,0.0221070789803245,0.126142352887732,0.00243602099783192,0.00901419299197728,0,0.0247155789780029,0.117873535895091,0.0493083029561151,0.000753752999329153,0.0116422379896383,0.00287819599743838,1.20569988804061e-05,0.000413237999632214,0.000605514999461086,0.000805914999282728,0.00057873599948492,0,0.00372865899668146,0.001956152998259,0.000186565999833954,0,0.000201034999821077,0.0110896469901301,0.0148966129867419,0.220362722803875,0.0180142989839671,0.00265342799763842,0.0521835799535561,0.0115626619897091,0.00947400899156804,2.80483868691551e-05,0,1.12955042142751e-05,0.00486036699567423,0.00121902599891506,0.0154281359862688,0.0233901969791825,0.032315421971239,0.0010716769990462,0,0.0199783199822191,0.00263362899765604,0.013754877987758,0.00534861199523968,0.00481112299571805,0,0.0016976249984891,0.00637853299432304,0.00150674399865898,0.000217786999806167,0
"221","MSMB4LZC",0.000338729999750347,0,0,0,0,0.0692882409489328,0,0,0.0899554029337006,0,0,8.02017369660987e-05,0,0.368767328728209,0,0,0,0,0,0.000341566999748257,0,0.00362893499732538,0,0,0.00293987099783324,0.00219252499838405,0,0,0,0,0,0,0,0.00240502099822744,0.042541218968646,0,0,0,0,0,0,0,0,0,0.0659140939514197,0,0,0,0.329051737757481,0,0.0137095969898957,0.00753019499445006,0,0,0,0.00131533399903057,0
"222","HSMA33SK",0.000676113000694803,0,0.00289639700297646,0.0522779630537231,0.00479338500492589,0.00240912200247572,0,0,0.00697960600717254,0.0109550100112578,0.034656962035615,0.013890011014274,0.212918498218804,0.177080699181976,0.0039586720040681,0.0105681310108603,2.65329723846899e-05,0.00469310900482284,0.000369549000379764,0.000154656000158931,0.000768142000789375,0,0.00214845400220784,0.00224347000230549,0,0.00287464400295411,0.0234307660240784,0.0482089770495416,0,0.00387536800398249,0.00909029200934157,0,0.00261421500268648,0.231136849237526,0.00238904300245508,0.0113144000116272,0.00172069900176826,0,0,0,0.000517393000531695,0.00743377400763926,0.00586079900602281,0.0275723000283345,0,0,0,0.00049898700051278,0.0249525870256423,0.0347518590357125,0,0.000296165000304352,0.00439825800451984,0.00914264100939537,0.00345550100355102,0,0
"223","MSM6J2K6",0,0,0.00109551900219104,0.168621678337243,0.00608427201216854,0.024532011049064,0.105965263211931,0,0,0.0233386470466773,0,0.00196536000393072,0.332497773664995,0.0588066241176132,0,0,0.0302416270604833,0,0.00159723900319448,0,0.00620922201241844,0,0,0,0,0,0,0,0.00324907200649814,0,0,0.00310778300621557,0,0.00352434500704869,0.00641356301282713,0.0130776010261552,0,0,0.000301224000602448,0.000193383000386766,0,0,0.150657013301314,0,0,0.00371696000743392,0,0.00238749700477499,0,0,0.00300609300601219,0,0,0.00781934101563868,0.0415908880831818,0,0
"224","HSM5MD6K",0.00307962399715764,0.00212601099803778,0.0180982419832961,0.0762833829295937,0,0.00169911299843179,0.0179701729834143,0,5.39899345940981e-05,0.000851596999214013,0.0122171059887241,0.0257208679762607,0.0180781529833146,0.057024356947369,0.0769262399290004,0.00262792899757453,5.36760396255278e-05,0.00251555399767825,8.97739610111167e-05,9.95047050367971e-05,0.00199574399815801,0,0.0216713089799983,0,0.0508145729531003,0.00195964599819133,0.00689062199364025,0,0.000123674999885853,0.00075146499930643,0,0.0100964319906814,0.0287841689734334,0.226361589791078,0.00118746499890402,0.00325100999699946,0,0,0,0,0,0.00398803599631921,0.168071921844877,0,0.00209995699806183,0,0.148329497863098,0.00560961699482256,0,0.00130988399879103,0,0,0.00105437299902686,0,2.6053282391338e-05,0.000107665999900629,0
"225","MSM6J2JR",0,0.00814938999250002,0,0,0.0074585589931358,0.000761995999298727,0,1.3638202870175e-05,0.0358397619670163,0.000214314999802764,0,0.0154922809857423,0.246425816773212,0.38702122964382,0,0,0.00236627899782229,0.000488718999550226,0,0,0,0.00110459199898343,0.0047967509955855,0,0.00143826599867635,0.000848336999219266,0,0.00095334099912263,0.00782596999279767,0,0.0365535629663593,0,0,0.145267881866308,0.0105552509902859,0.000483899999554661,0,0.000566138999478976,0,0,0,0,0.0254396579765876,0,0,0,0.0138427759872603,0,0.039256284963872,0,0.00590216299456817,0,0.000731335999326943,0,1.48687174148525e-05,0,0.000186935999827961
"226","MSM6J2Q1",0.000606441000809188,0.00429942600573682,0,0.0500762670668179,0.00694063800926105,0.000855746001141841,0,0.71979629496044,0,0,0,0.110329469147215,0,0,0,0,0,0,8.51182337977258e-05,0,4.88209321034338e-05,0,0.000102099000136233,0.000590627000788087,0.000300886000401479,0,0.000601771000802956,0,0.011752047015681,0,0.0071715830095692,0,0.00015580200020789,0.0569589570760016,0.000549872000733706,0.00063817400085153,7.74766965989275e-06,9.32904333019962e-05,0.000330815000441414,4.62737530371676e-05,0,0,0,0,0,0,0.00126913200169343,0.0159593500212949,0.00413332900551519,0.00338286600451383,0.00186835600249299,1.008258380397e-05,0,7.37620604606228e-05,0.000125767000167814,0,0.000839189001119749
"227","HSM6XRRJ",0.000135121000192831,0.00226145400322731,0.0260261400371418,0.000172947000246812,0,0.00262332700374374,0.00047484500067765,0,0.261541203373245,0.0508312360725411,0.156026674222665,0.0487442460695627,0.196460784280368,0.0018672170026647,0.107118786152869,0,0,0,0.000814568001162467,0.000611179000872211,0,0.00055585600079326,0,0.000371987000530861,0.000151505000216212,0,0.000171632000244935,0,0,0.000265286000378589,0.00137234700195847,0,0,0.0193614240276306,0.00367395300524309,0.000302808000432136,0,0,0,0.00830669701185446,0,0,0.0640500210914056,7.98993148408634e-05,0.0156621870223515,0,0,0.000145032000206975,0.0224235910320006,0.00507937100724875,0,0,3.84325818221874e-06,0.000358839000512098,0.000484655000691649,0.00146933800209689,0
"228","CSM67UH7",0.00109514100039135,0,0,0,0,0.0105504750037703,0.00256682900091727,0,0,0.098367045035152,0,0.00648573900231771,0.28867482310316,0.217982156077897,0,0,0,0,0.000258338000092318,0,0.00079016500028237,0,0.000228141000081527,0.00446718000159637,0.000782858000279759,0,0.000958880000342661,0,0.0439397710157021,0,0.0881284240314932,0.11397477304073,0,0.0714657450255387,0.000710859000254029,0.00337386500120567,0,0,0,0,0.00639117300228392,0.00316689400113171,0,0.0130075860046483,0.00274080900097944,0.00166189400059389,0,0.00759829000271529,0,0.000775766000277224,0,0,0.00868902500310507,3.18086426559891e-05,0.000957913000342315,0,0.000177634000063478
"229","MSM6J2RO",0.0081907700102848,0.000794488000997604,0.00712385300894511,0.080813459101474,0.00486147000610434,0.000946623001188634,0.0289838580363938,0,0,0.00432506300543079,0.011535008014484,0.0222617700279531,0.107399899134857,0.283775156356324,0.000859352001079051,0,0,0.000361863000454376,0,0,0,0,0.000384074000482265,0.000404516000507933,0,0.00114514700143791,0.00359032900450822,0,0.00898722301128487,0.00245599300308388,0.0269593100338516,0,0.00135428500170052,0.211429614265483,0,0.000927950001165187,0.00141541400177727,0,0,0.043804137055003,1.74936649565633e-05,0.0317747850398982,0.0422633190530682,0.0232795470292311,0.000151350000190044,0,0.0237839150298644,0.00148755100186785,0.000704857000885059,0.00858270701077694,0.0018820430023632,0,0.000609526000765355,0.000304272000382061,6.80090794940552e-05,0,0
"230","HSM67VI5",0.00126535299746929,0.000416762999166474,0.00222508799554982,0,0,0.0239321509521357,0.000175617999648764,0,0.0140149659719701,0.00585933098828134,0.0109382329781235,0.00566064198867872,0.0269038509461923,0.00259570699480859,0.0056962499886075,0,0.00174490499651019,0,0.00109805799780388,0.00175375399649249,0,0.00565105498869789,0,0.0151052279697895,0.0028378009943244,0,0.00691840998616318,0,0,0.00463116599073767,0.000479761999040476,0,0,0.0619463748761073,0.00452992499094015,0.0109797399780405,0.000121572999756854,0.00014158999971682,0,0.111548837776902,0,0,0.00352299399295401,0.000239248999521502,0.11411483677177,0,0.518461874963076,0,0,0.0170743169658514,0,0,0.00116063599767873,0.00403004099193992,0.00259307399481385,0.00963084498073831,0
"231","MSM6J2SE",0.000313529000422315,0.0065636810088411,0.000802842001081406,0.0010194690013732,0.00310325300418,0,0.0625527800842569,0.025574412034448,0.00757954601020944,0.0180461200243076,0,0.0188405520253777,0.19211221025877,0.303534626408853,0.0218645230294509,0,0,0,9.40986531545827e-05,0,0.000209420000282083,0,0.000197807000266441,0.000683517000920678,0,0.00217508000292977,0.00731687100985562,0.00421321700567509,0.020033803026985,0,0.013435286018097,0.00135462000182464,0.000544571000733522,0.126859399170876,0,0.0046885150063153,0.000287101000386717,0.00130857200176261,0,0.0217668200293193,0.000881324001187119,0.0306285110412558,0.0261710380352517,0.0115465050155528,0,0,0.0284866650383707,0.00729004300981949,0.00213583900287692,0.0197002540265357,0,0,0.000375594000505915,0.00511696500689241,0.000591020000796088,0,0
"232","MSM6J2PO",0,0,0.00913271198643294,0.075506971887831,0.0215976889679157,4.06320970486223e-05,0.0428573529363335,0.113431846831492,0.0591205659121737,0.00637923899052335,0,0.0173036539742946,0.139593730792627,0.125907197812959,0,0,0,7.08900416592984e-05,0.000239469999644257,0,0,0,0.000110657999835613,0.000311224999537661,0,0.000248114999631414,0.000334565999502987,0,0.0087946879869351,0.000173334999742503,0.0669863349004888,0.00193737299712195,4.84127113770818e-05,0.0921553248630991,0,0.00174285799741091,0.000829931998767099,0,0,0,0,0.0305747889545798,0.119681409822208,0,0,0.0105660739843036,0,4.32256351581088e-05,0.019641295970822,0.0308043169542388,0.000443926999340526,0,0.00134042699800874,0.00204975999695499,0,0,0
"233","MSM6J2M3",0.00114522700271742,0.0788651691871328,0,0.0704336831671264,0.00804860201909787,0.0036928660087625,0,0.557660284323227,0,0,0,0.0748697531776524,0,0,0,0,0,0,0.00613607101455978,0,8.55316788212129e-05,0,0.000761161001806097,0.00207922300493362,0.00139059900329964,0.000309757000734997,0.00176651300419162,0.00141765200336383,0.0384086850911368,0.000294754000699398,0.0317300080752896,0.00612543901453456,0.000306567000727428,0.0472157311120344,0.00312875800742398,0.00846787202009273,0.000184413000437579,0,0.000246435000584746,0,7.20639835372099e-06,0,0,0,0,0,0.00426666001012401,0.000312947000742567,0.0335021910794946,0.0119599040283787,0.00216534500513797,0,0,0.000844566002004002,1.67755502660389e-05,0,0.00215365000511022
"234","HSM6XRQ8",0.000378858999119585,0,0.00260088299395592,0.0693377398388689,0.000732475998297829,0.00012858799970118,0.206570707519959,0,0.0549669738722645,0.000510467998813744,0,0.119113304723197,0.0864550217990907,0.309887129279866,0.0248398859422756,0,0,0.00160605299626776,0,0.000123193999713715,0,0,5.17803261604507e-05,0,0,0.00122093699716271,0.00101510999764103,0.00400197199069998,0.000215319999499627,0,0,0,0,0.052925318877009,0.00457587098936632,0,0,0,3.3657212004293e-05,0,0,0.0130572719696567,0,0.0403500349062322,0,0.00295795099312614,0,0.00102309299762248,0,0,0,0,0,0.00127509099703687,4.53077853903944e-05,0,0
"235","HSM6XRVC",6.62761575670131e-05,0.129332493629047,0.0467356508659522,0,0,0.0134565419614038,0,0,0.281362141192993,0.0188365939459726,0.216260963379717,0.0182100209477698,0.105798150696548,0,0.0414968358809782,0,0.000423815998784405,0,0.00629778598193661,0.0020310899941744,0,0.00121251199652226,0,0.00623905798210505,9.098754860994e-05,0,0.00276188599207832,0,0,0.00374878998924767,0.000961262997242893,0,0,0.0121384629651843,0.010268047970549,0.00487693298601192,0,0,0,0.0126291749637768,0,0,0.0451097658706156,0,0.00883199597466795,0,0,0.000322695999074439,0.00158059799546651,0.00087585899748785,0,0,4.16681614656885e-05,0.00583592098326133,0.00112214499678145,0.00104387499700594,0
"236","CSM79HGZ",0,0,0,0,0,0,0,0,0,0,0,0,0,0,0,0,0.000264383000264383,0,0,0,0,0,0,0,0,0,0,0.0913009250913009,0,0,0,0,0,0,0.280822994280823,0,0,0,0,0,0,0,0,0,0,0,0,0,0,0,0,0.0921549030921549,0,0,0,0,0.535456794535457
"237","MSM6J2PU",0.000531829000312895,6.77180331199948e-05,0.0112831740066383,0.0425767110250495,0.0226024230132979,0.000511999000301228,0.21319472212543,0.0825143180485463,0.098312661057841,0.00131343400077274,0,0.0193779050114008,0.0596131760350727,0.117992027069419,0,0,0,0.000242815000142857,0.000159696000093955,0,0,0,0.0008170470004807,0.00151532300089152,0,0.000346818000204046,0.000776120000456621,0.000675915000397666,0.0458961610270024,0.000263067000154772,0.0163611830096259,0.0204799580120491,0,0.135386913079653,0,0.0019385080011405,0.0023724520013958,0,0.00226401800133201,0,0,0.0174961460102936,0.0443515140260937,0,0.000101893000059947,0.0138167990081289,0.000185223000108974,0.00142988400084125,0.00797300700469082,0.0109599840064482,7.17262656099634e-05,0,0.00188977600111183,0.00228954500134703,4.64111130417409e-05,0,0
"238","MSM79H5G",0.000192779000087976,0.0118674110054158,0.0107182430048913,0.0441975760201699,0.000447316000204136,7.71963879633637e-06,0.0169533840077368,0,0.0136548780062315,0.000376676000171899,0.19686443108984,0.0131744620060123,0.242646224110733,0.258842450118125,0.0464398660211932,0,0,0.00016708300007625,0.000117275000053519,0,0.000669071000305335,0,0,0,0,3.25705308119398e-05,0.000219428000100138,0,0,6.08053740807317e-05,0.00309716100141341,0,0.000117592000053664,0.0697704130318402,0.00092508800042217,0.00174791700079767,0,0,0,0,0.000100567000045894,0,0.0170011830077586,0.0171712260078362,0,0,0.00950583600433806,0.000636500000290471,0.020812569009498,0.000117592000053664,0.00100323600045783,0,0,0.000343471000156745,0,0,0
"239","MSM79H6F",0.000867952999899953,0,0.020812609997601,0.072986119991587,0.00150293199982676,0.00151963599982483,0.0153947089982255,0,0.00950245499890467,0.00139463099983924,0.178227199979456,0.00933917499892349,0.311260572964122,0.0436561579949678,0.0337305679961119,0,0,0.000400678999953814,0,0,0.0050847019994139,0,0,0,0,0.000171355999980248,0.000711640999917971,0,0.00971982999887962,0,0.00506567499941609,0,0.000485968999943983,0.167846503980653,0.00076474099991185,0.0114020829986857,0,0,0,0,0.00114871499986759,0,0.024360639997192,0.0261351529969875,0,0.000737748999914961,0,0.0149472369982771,0.0250736089971098,0.00478911599944797,0.000792617999908636,0,0,0.000147018999983053,2.02441152656676e-05,0,0
"240","HSM6XRVK",3.376127286341e-05,0.00128200800194224,0.0234454650355198,0,0,0.00763680001156972,0.000357767000542016,7.48886416242913e-05,0.288428487436968,0.0801808741214737,0.149695233226788,0.0541973800821088,0.119768218181448,6.95686834761177e-06,0.113138220171404,0,4.44011891597574e-05,0,0.0014021160021242,0.000384367000582315,0,2.76228596155173e-06,0,0.00315770200478391,5.72918569803322e-06,0,0.000600644000909973,0,0,0.00210793100319351,0.000588572000891684,8.77793094448661e-05,0,0.0186978110283271,0.0010447580015828,0.00131587100199354,0,0,0,0.0145523360220467,0,0,0.070223243106388,0,0.00590832500895109,0,0,0.000421504000638577,0.0353476430535515,0.00401687500608555,0,0,2.42467323291763e-05,0.00106583300161473,0.000159087000241016,0.000594403000900518,0
"241","CSM79HP4",0,0,0,0,0,0,0.0328612120154992,0.151985154071685,0,0.0939787590443256,0.00349833000165,0.0131765140062148,0.565819379266872,0.00250669300118229,0,0,0.00044956500021204,0,0,0.00110729700052226,0.000397898000187671,0.000408939000192878,0,0,0.00060917400028732,0,0.000187908000088628,0,0,0,0.00158215900074623,0,0,0,0.00400309900188808,0.0162205620076505,0,0,0.00277306600130793,0.00383673600180962,0,0,0.0887274050418487,0.000420194000198187,0,0,0,0,0.000450101000212292,0,0,5.71335283717697e-05,0.00284220500134054,0.00212851900100393,0.00997199800470334,0,0
"242","HSM7J4HC",0.00117803999702259,0.0937762877629873,0.00261772999338388,0.110022897721925,0.00443068598880176,0.000106428999731008,0.0325250869177952,0,0,0.0619931558433168,0.0684377618270286,0,0.0183924229535145,0.326190431175577,0.00989653997498722,0,0.000762386998073123,0.00148817899623874,0,0.000202031999489379,0.000640404998381423,0,0.000543581998626136,0,0,0.000691636998251938,0.00801268197974853,9.75854758629866e-05,0.0010519409973413,0,0.000213162999461246,0.0321306279187922,0.00468318798816358,0.134841628659198,0.00216792199452074,0.0106692949730341,0.00261224099339775,0,0,0,2.65310512502495e-05,0.0174061989560071,0.0247341059374864,0.0140747229644272,0,0,0,0,0.000722741998173322,0.000346580999124042,0,0.00723306598171895,0.00147293099627727,0.00157204099602678,0.0020351149948564,0,0
"243","MSM79HC8",0.00272602900204708,0,0.0266256800199943,0.0516731320388034,0,0.0190445880143013,0.0748073920561758,0.0122468360091966,0.00071314600053553,0.00475525900357091,0,6.98512671555826e-05,0.0691357200519168,0.354165245265957,0,0,0.000923500000693493,0,0.000864967000649538,6.32205413044798e-05,0,0,0.00346695500260347,0.00178023600133685,0,0,0,0,0.0280656900210756,0.000131128000098469,0.0334704180251343,0,0,0.152359675114413,0.0025852970019414,0.00450615000338385,0.000493189000370355,0.000112265000084304,0.00129585000097311,0,0.00244971000183958,0,0.00580748700436107,0.00427533200321052,0.0039595720029734,0,0.0876059500657868,0.00797722000599041,0.01579358901186,0.00993957200746402,0.00178217900133831,0.00113854100085498,0.0128457740096464,0,3.52114407265457e-05,0.000186346000139935,0.000122097000091687
"244","MSM79HEY",1.59351253802613e-05,0,0.00881377301273574,0.0666665200963319,0.0143061710206721,0.000214849000310453,0.052903792076445,0.0786942431137117,0.0328947690475323,0.00677874700979516,0,0.0164247180237334,0.0596286900861623,0.183730072265487,0,0,0,0,0.000167868000242566,0,0,0,0.00132179100190996,0.000461294000666561,0,0.000246720000356506,0.000551960000797572,0,0.0300926600434833,0,0.047523764068671,0.00561658200811586,3.48924297119514e-05,0.141329726204219,0.000396730000573267,0.00212569100307158,0.00147839500213625,0,0.000188199000271944,0,0,0.0258094080372941,0.102634571148305,0,0.00102204600147684,0.0140913210203617,0.0122052070176363,0.000690156000997263,0.0231430220334412,0.0636097240919149,0,0,0.00223970900323634,0.00152207900219938,0.000147537000213188,0.000276667000399779,0
"245","HSM7J4R2",0.000452409000488863,0,0,0.0451394360487767,0.00197587300213508,0.000186720000201765,0.173012433186953,0,0.0056172710060699,0.0088470260095599,0,0,0.0866025470935808,0.385429447416486,0.0309293570334216,0,0.00058945300063695,0.000475045000513323,0,0,0,0,0.000157222000169891,0.00346748200374688,0.00172145000186016,0.00152448800164733,0.0042120060045514,0,0.000264358000285659,0,0.00256819400277513,6.80099241963335e-05,0,0.0820627820886752,0.000875116000945631,0.00101799800110003,0,0,0,0,0,0.011942707012905,0.0890954590962745,0.04757642405141,0.000832917000900031,0,0,0.00809522900874752,0,0,0,0.00333228100360079,0.000375693000405965,0.00109522600118348,2.58109953275242e-05,0.000432129000466949,0
"246","MSM79H9Q",0,0.0506613580466631,0.021682186019971,0.00491299200452525,0.00676378600622997,0,0.11554957010643,0.0547690140504465,0,0.079375463073111,0.0113044580104123,0.073193569067417,0.158904337146363,0.0817370450752862,0,0,0,0.000261464000240829,0,2.70802212450044e-05,0.00029308000026995,0,0.00942258300867893,0.00407137100375005,0,0.000422211000388889,0.00143004900131719,0.0435571350401195,0.00234010500215542,0.000271869000250413,0.0150431300138559,0.0438311390403719,0.000767451000706882,0.0827081980761807,0,0.00155891400143588,3.20160251172466e-05,0.000470102000433001,0.00320947300295618,0,4.16208326524205e-05,0.0131475140121099,0.0725938020668646,0.0186712120171976,0,0,0.0130632050120322,0.00179609900165435,0.0096784440089146,0.000310689000286169,0.000894448000823857,0,0.000600434000553047,0,0.000631383000581553,0,0
"247","CSM7KOOH",0,0,0.0485102430485102,0.097403033097403,0,0.00898372700898373,0.0419136740419137,0,0.00176544400176544,0.0219227710219228,0,0.0197577470197577,0.30067000730067,0.190815080190815,0.0418476450418476,0,0,0,0.0145000900145001,0,0,0,0.0112582650112583,0.00677491800677492,0,0,0,0,0,0,0.00708041400708041,0,0.00101347700101348,0.0701522670701523,0,0.0436737070436737,0,0,0,0.0203818650203819,0,0.00912640600912641,0.000650168000650168,0,0.00559341300559341,0,0.0338445310338445,0,0.00198196700198197,0.00037914000037914,0,0,0,0,0,0,0
"248","MSM79HA3",0.000896904002690712,0,0.00327294000981882,0.0602116251806349,0.0121471530364415,0.00527698001583094,0.0372004521116014,0.0325155090975465,0.019995014059985,0.0295068510885206,0,0.011794008035382,0.0478904001436712,0.159838938479517,0,0.000234468000703404,0,0,0.000510483001531449,0,0,0,0.00167166900501501,0.000738027002214081,0,0.000706483002119449,0.00367205501101617,0.000220235000660705,0.0215387740646163,0.00143854700431564,0.162938190488815,0.0235103090705309,0.00436699701310099,0.120869683362609,0.000838046002514138,0.00301154300903463,0.00113445000340335,0,0,0,0,0.0164004740492014,0.0837430922512293,0,0.000610502001831506,0.0186464850559395,0.0213922070641766,0.000722062002166186,0.0135882000407646,0.0731446992194341,0.000136757000410271,0,0.00150933000452799,0.00176361000529083,0.00027563000082689,0.000120216000360648,0
"249","MSM79HCR",0.000142966000428898,0,0,0,0,0.010315003030945,0,0,0.0573910851721732,0,0,0.000137693000413079,0,0.582354712747064,0,0,0,0,0.0029044990087135,0.00238716100716148,0,0.00144931300434794,0.000158305000474915,0,0.00155932400467797,0.00368044601104134,0,0,0.00366235001098705,0,0,0,0,0.00783137302349412,0.0433945571301837,0,0,0,0,0,0,0,0,0,0.037808337113425,0,0,0,0.236953873710862,0,0.00338552601015658,0.000383599001150797,0.00336395501009186,0,0,0.000735921002207763,0
"250","MSM79H6Y",0.00070532600004377,0,0.00909893400056464,0.0961759290059683,0.00141625500008789,3.90758655853689e-05,0.000644402000039989,0.117847488007313,0,0.0421663600026167,0.000610928000037912,0.000218209000013541,0.11344620100704,0.00288503100017903,0.000241178000014967,0.000744822000046221,0.0004334760000269,0.00159664800009908,7.8992072366122e-05,0.00014453900000897,0.000431515000026778,0,0.00202340200012556,0.00107843800006692,0.000642021000039841,0.000582777000036165,0.000960230000059588,0,0,0.00120154800007456,0.00350184200021731,0.00121219200007522,0.00065280500004051,0.0973683740060423,0.000490339000030428,0.00483140200029982,0.000112606000006988,0.000192298000011933,0,0,0.0162695660010096,0.0171376380010635,0.0126513370007851,0.0222620390013815,0.000306024000018991,0.0173167710010746,0.386233138023968,0.000313167000019434,0,0.00246276000015283,0.0172205520010686,0,0.000869193000053938,0.000147060000009126,0.00303517200018835,0,0
"251","HSM7J4I7",4.69609966265196e-05,0.228328013067419,0,0,0,0,0,0,0,0,0,0,0,0,0,0,0.00132607800039156,0,0.00171441800050622,0.000663951000196048,0,0.00545363100161032,8.66270811557157e-06,0,0.00499462100147478,0,0,0.0155122890045804,0,0,0.0970170880286467,0,0,0.363978385107473,0.084480667024945,0.000318469000094036,0,0.00241245000071233,0,0,0,0,0,0,0,0,0.113256930033442,0.000466646000137789,0.0167329330049408,0,0.0542846320160289,0.00219519900064819,0,0.000627362000185244,0.00618061400182498,0,0
"252","MSM79H7Q",0,0,0.0204332720204333,0.0523475150523475,0,0.000379513000379513,0.0794678060794678,0.00257341700257342,0.00401863200401863,0.0201213690201214,0,0,0.134961839134962,0.386802405386802,0,0,0.00237034600237035,0,0.00837616200837616,0.00281296900281297,0,0,0.00184223800184224,0,0,0,0,0.00392572900392573,0.000117587000117587,0,0.067766010067766,0,0,0.0715972560715973,0.00178338300178338,0,0,0,0,0,0.000886098000886098,0,0.110201679110202,0.00290611500290611,0.0123491930123492,0,0.00319442800319443,0,0,0,0.00554811400554811,0.0011614000011614,0.000172064000172064,0,0.00144509300144509,0.000438367000438367,0
"253","MSM79H8D",0,0.174805156131488,0.0298033700224181,0.00747184600562032,0.0060849570045771,0.00011365400008549,0.0450791160339085,0.032852991024712,0,0.014090670010599,0.00293535100220797,0.0135587990101989,0.20315098715281,0.159607432120057,0,0,0,0.000100753000075786,0,0,0.000888193000668098,7.87900430251811e-05,0.0102235070076901,0.00528016200397173,0,0.00184150600138518,0.00237445200178606,0.0478739360360107,0.00374398600281622,0.000586855000441432,0.0362732160272847,0.0277494540208731,0.00227830700171374,0.0591088120444616,0,0.00389404000292909,9.32272049050388e-05,0,0.00355307800267262,0,0.000320536000241107,0.00655539300493096,0.0641728770482708,0.0265107760199414,0,0,0.000208264000156656,0.000114269000085953,0.000122562000092191,0.000125941000094733,0.00111642300083977,0,0.00209861000157857,0,0.00315774500237525,0,0
"254","MSM79H85",2.03423752684713e-05,0.0085640309865501,0.044056990930808,0,0,0.00188221699704396,0.048928661923157,0,0.00069787499890398,0.119539233812262,0.116811824816546,0.00626796699015609,0.0780848638773669,0.397804444375244,0,0,0.00128539799798127,0,0.000152348999760734,0,0.000366709999424078,0.000126100999801957,0.00022518799964634,0,0,0.000141849999777223,0.000892876998597727,0,0,0,0,0.00890886698600853,0,0.041114674935429,0.00480889399244758,0.00284541699553124,0,0,6.12458610233542e-05,0.00476011599252419,0.00108219199830041,0.00920492498554357,0.0514479449192005,0.0273176229570974,0,0.00703660298894894,0,0.00064144099899261,0.00459989199277582,0.00504140899208241,0.00327085699486308,0.000592115999070076,9.67903339386938e-05,0.00102422799839144,0.000295838999535382,0,0
"255","HSM7J4KC",0,0,0,0.0871137700434,0,0.00943155200469879,0.0206067750102663,0,0,0,0.204649572101956,0,0.0041746420020798,0.41382959520617,0.0379301140188968,0,0.00118216800058896,0,0.000125691000062619,0.00140744300070119,0,0.00198357900098822,0.00172124900085752,0.00436760000217593,4.6423510657428e-05,0,0.00547323700272676,0.0313490280156181,0.000316333000157597,5.05289911917584e-05,0.0548763790273394,0,0,0.0211696470105467,0.0113282840056437,0,0,0,0,0,0,0,0.0520621250259373,0.0127654130063597,0.0178608400088983,0,0,0,0,0,0,0,0.000229802000114487,0.000552556000275283,0,0.00339565300169171,0
"256","MSM79HB6",0,0,0.00387043299318543,0.164252788710804,0.00891544698430281,0.00186934599670869,0.0487333379141965,0.0926990128367873,0.00973779198285493,0.0211993209626749,0,0.00194422999657685,0.0787940228612694,0.187601579669695,0,0,0,0,0.000201078999645965,0,0,0,0.00132989799765848,0,0,0,0.000572729998991609,0,0.00172096299696995,0.000833439998532584,0.0387597969317566,0.0124752459780352,0.000814024998566767,0.0586722098966974,0,7.48847605420044e-05,0.000307859999457959,0,0,0,0,0.0252652859555161,0.109822661806638,0,0,0.0178627889685495,0.0853381188497474,0.000203852999641081,0.0151086939733985,0.0093786229834873,0,0,0.000518645999086834,0.00112188499802473,0,0,0
"257","MSM9VZGO",1.09672384809132e-05,0.135434085262732,0.0318818760618485,0,0,0.00329771200639732,0.109196109211833,0,0.0624014161210542,0.0215733580418507,0,0.00552109101071052,0.275337205534134,0.169703164329212,0.018960527036782,0.00244226700473782,0.000203808000395373,0,0.00252886200490581,0.00154820800300341,0,0.000931416001806879,0.00134942700261779,0.000322962000626523,0.000921933001788483,0.000341127000661762,0,0.00683647401326226,0,0.00127220000246798,0.00137661700267054,0,0,0.00669641301299056,0.00476195200923784,0.00314691200610478,0,0,0.00120536800233833,0.0102308340198471,0.000444744000862771,0.0107919910209357,0.0382965690742926,0.051996249100869,0.0013880410026927,0,0.00172654000334936,8.8537602319873e-05,0.00111820100216923,0.00225582400437613,0,3.64432195355348e-05,0,0.00113807900220779,0.0109786630212978,0.00030582600059328,0
"258","MSM79H7Y",0.000189059999998824,0,0.000490015999996952,0.0257426539998399,0.000764419999995246,0.000660465999995892,0.0326904689997967,0,0,0.0087475029999456,0.0183715569998857,0.00441760899997252,0.0660190019995894,0.143773013999106,0.012547197999922,0.00134511299999163,7.96542153610334e-05,0,0.000561964999996505,0,0.000971733999993956,0,0.00040360499999749,0.002089618999987,0,0.000816336999994923,0.00338399999997895,0,0.00211285199998686,0.000227464999998585,0.00204410299998729,0.0019617219999878,0.000912348999994326,0.228994370998576,0.000477095999997033,0.00151532699999058,0.000459433999997143,9.4944979916946e-05,0,0.00168411799998953,6.96974384409041e-05,0.00604791199996239,0.00573320699996434,0.0359737159997763,9.81453724984161e-05,0.00248409699998455,0.315509161998038,0.00118627899999262,0.0176662859998901,0.0103946379999353,0.0371972149997686,0,0,0.0024915649999845,0.000427903999997339,0,0.000171398999998934
"259","HSM7J4O1",9.48576403724048e-05,0.338659293271547,0,0,0,0.00916871800735176,0,0,0,0,0,0,0,0,0,0,0.00404794200324576,0,0.00041159600033003,0.000577956000463423,0,0.000709076000568559,1.06535578819979e-05,0,0.00165150600132423,0,0,0.0143997180115461,0.00355818600285306,0,0.110184422088349,0,0,0.460779593369467,0.0215085090172462,0.00596005100477895,0,0.000627740000503341,0,0,0,0,0,0,0,0,0.0105935290084942,0.0110574710088662,0.000338148000271137,0,0.00371235500297668,0.000625384000501452,0,0.000801885000642976,0.000521410000418082,0,0
"260","HSM7J4O3",0,0.000617146,0.005356366,0.113276278,0.005319558,0.000265835,0.022458129,0,0,0.013796824,0.048782313,0.012137197,0.018264483,0.30225616,0.005180915,0,0,0,0,0,0,0,0.00375236,0,0,0,0.001981491,0,0,0,0.069538282,0,0.002375745,0.156462157,0.000729614,0,0,0.000413884,0,0,0,0.023715732,0.012968646,0.08229017,0,0.002210518,0.083355963,0,0,0.006742387,0,0.004731859,0.000128419,0,0,0,0.000891569
"261","PSM7J14X",0,0,0,0,0,0,0,0,0,0,0,0,0,0,0,0,0,0,0,0,0,0,0,0,0,0,0,1,0,0,0,0,0,0,0,0,0,0,0,0,0,0,0,0,0,0,0,0,0,0,0,0,0,0,0,0,0
"262","MSM9VZFR",0.00845317699366637,0.018075222986457,0,0.0356496539732892,0.00276830099792582,0.00756913299432875,0,0.371790785721432,0,0,0,0.0795387339404048,0,0,0,0,0,0.000146372999890329,0.00171866399871227,0,0,0,0.000653184999510595,0.00281318499789219,0.00527237099604962,0.00130203999902443,0.000199704999850369,0,0.0710791149467433,0.000326856999755099,0.0108310459918847,0,0.00165044099876339,0.210284334842442,0.00289122899783372,0.00597138999552588,0,0,0,0,0,0,0,0,0,0,0.00606284699545735,0.0620406579535154,0.0650780489512396,0.0086303869935336,0.011175010991627,0.000948675999289195,0.000119019999910823,0.000338789999746158,2.32337492422802e-05,0,0.0065983849950561
"263","HSM7J4KK",0,0,0.00462827101489831,0,0,0.00131131800422111,0.100658421324017,0,0,0.03695581011896,0.189272854609265,0,0.0900477202898618,0.434818087399671,0,0.000596439001919925,0.000217528000700218,0,7.8322262795801e-05,4.43523753283816e-05,0,0.000238797000768683,0,8.66887335963821e-05,0.000136585000439664,0,0.000357440001150592,0.000159870000514618,0.0011543710037159,0,0.000841990002710349,0,0,0.0299180960963057,0.00282484300909311,0,8.68903353024201e-05,0,0,0.0115276860371074,0.000121263000390343,0,0.0457003851471086,0,0,0,0.0124179590399732,0.000353105001136638,0.0255727730823182,0.0013516390043509,5.61460751316103e-05,0,0,0.000753083002424159,0.00020069400064603,0,0.00751057102417638
"264","PSM7J16Y",0.000108902999834367,0,0.0897978598634241,0,5.89892865483007e-05,0,0.0745026178866871,0,0.0191786079708308,0.10154367584556,0,0.010702726983722,0.0379813019422333,0.430403843345388,0,0,0.000583653999112306,0,0,0,0,5.62950643261428e-05,0,0.000300759999542566,9.061094736626e-05,1.90013567246931e-05,0.000689153998951848,0,0.00169338999742448,0,0.0083050109873687,0,6.29597192967441e-05,0.0182648409722205,0.00425913999352217,0.00202250999692391,0,0,1.77251461984077e-05,0,0,0.0287378499562919,0.111555830830332,0.0124552479810565,0,0,0.0123459189812228,0.000381870999419203,0.0243655529629418,0.00898976898632723,0,0,0,0.00038796799940993,0,0,0.000136412999792526
"265","MSM9VZNL",0.000273227000244373,0.00255807500228793,0,0.0969264150866907,0.0173215750154924,0.000302240000270322,0,0.58313057452155,0,0,0,0.0522756470467552,1.49635090407769e-05,0.000572383000511937,0,0,0,0,0.000144381000129134,0,0,0,0.000984393000880438,0.000348273000311494,0.000352499000315274,6.68217770141565e-05,0.000528749000472911,0,0.0134390590120198,0,0.0558370760499405,0.00011776600010533,0,0.065005824058141,0,0.00307757100275257,8.44124670315583e-05,0.0216458010193599,0,0,0,0,0,0,0,0,0.026299338023522,0.000974798000871856,0.031388759028074,0.000851092000761214,0.00276276600247101,3.41533526961244e-05,0,0.000401045000358693,0,0,0.0222803220199274
"266","MSM9VZOI",0.00170535700326405,0,5.11755730838727e-05,0.0699036031337954,0.000505704000967917,0.00239452800458312,0.0284250580544055,0,0,0.0273640670523748,0,0.0105451410201834,0.208380244398839,0.347259495664654,0.0106433510203714,0,0,0,0.000711149001361138,0,0.000120401000230447,0,0.00017401800033307,0.00209129700400274,0,0.000476188000911423,0.000191324000366194,0,0.00249539300477618,0.000483938000926257,0.0128022810245035,0,0.000996437001907179,0.07469181114296,0.00378731100724891,0.00458690300877932,8.7062178275468e-06,0,0.000157667000301774,0.0160486380307171,0.00660621401264428,0.00680847501303141,0.0179149540342892,0.05604500310727,0.000741727001419664,0.00127514200244062,0.0396619180759128,0.000170621000326568,0.0367315330703041,0.00395060600756145,0.00261940400501353,0.000131974000252598,2.89853349624424e-05,7.83559604479212e-05,0.000233900000447684,0,0
"267","MSM9VZLJ",0.001673983,0,0,0,0,0,0,0,0,0,0,0,0,0,0,0,0,0,0.015150381,0.001870094,0,0,0,0,0.003476307,0,0.004343944,0.02275632,0,0,0.031052398,0,0,0,0,0.029778143,0,0,0,0.167717937,0,0,0,0,0,0,0,0,0.559232555,0,0,0.019003792,0,0,0,0,0.143944146
"268","CSMAG78W",0,0,0.0232607650094274,0.0384830560155969,7.5107329523435e-05,0.000518166000210009,0.138727590056225,0.000687779000278752,0.000756172000306472,0.0134680870054585,0.0426571080172886,0.035902423014551,0.0230950060093603,0.410194701166249,0.0749720370303857,0,0,0.000591532000239744,0,0.000322937000130884,0,0.00074311500030118,0.000889723000360599,0.024513217009935,0.000348553000141266,0.00152067500061632,0,0,0.00307803300124751,0,0.0400782160162434,0.000314108000127306,0.000267601000108457,0.0274568270111281,0.000925536000375114,0.00244036600098906,6.83924358243199e-06,0,3.02170216460177e-05,0,0.000106692000043242,0.0076028760030814,0.0601972810243976,0.010375257004205,0.00181302100073481,0.00202665400082139,0.00168755200068395,0,0,0,0,0.0096801410039233,0.000185033000074993,0,0,0,0
"269","PSM7J156",0.000153367000258331,0.0204190260343938,0.0101128430170341,0.0690371941162863,0.00168377400283615,0.00144515800243422,0.0532819930897482,0,0.00658009901108352,0.0135195490227723,0,0.00115025300193749,0.115026911193751,0.130973412220612,0,0,0,0.000736243001240128,0.000813335001369982,0,0,0,0,0.00814150601371356,0,0.000190077000320166,0.0100104620168616,0,0.0100834750169846,0,0.0436896190735908,0.0216198580364165,0.00239839900403986,0.281336333473883,0.000499259000840952,0.00331044400557611,0,0.00196073200330266,0,0.00891731401502033,1.75393156291328e-05,0.0264696820445855,0.0325701010548611,0,0.000668941001126765,0.0493813310831779,0,0.00208758600351633,0.0159460930268596,0.0282472720475797,0.026019371043827,0,0,0.000354865000597735,0.0011465820019313,0,0
"270","MSM9VZJZ",0,0,0,0,0,0,0,0,0,0,0,0,0,0,0,0,0,0,0,0,0,0,0,0,0,0,0,0,0,0,0,0,0,0,0,0,0,0.010443174,0,0,0,0,0,0,0,0,0,0,0,0,0,0,0,0,0,0,0.989556826
"271","MSM9VZOO",0.00155727899876552,0,0.0113741659909835,0.0361717519713261,0.00155146799877013,0,0.00502701899601501,0.148518586882267,0,0,0.0152292299879276,0.0375219019702558,0.0972496789229087,0.0563324869553444,0.0234398099814189,0,0,1.44057994971367e-05,0,0,0.000151684999879757,0,7.92924258035678e-05,0,0,0,0.000190906999848665,0,0.00455767999638706,0,0.00874819399306518,0.192671515847266,0,0.168075004866764,0.00059354299952949,0.000962403999237088,0,0.00031220599975251,0,0.0176142979860369,0.000235213999813542,0.00806627899360574,0.0024982559980196,0.009237869992677,9.18823682212336e-05,0,0.0838963499334941,0.00569053299548903,0.055639192955894,0.00361149799713711,0.00306044599757394,0,0,0,0,0,2.79641990238537e-05
"272","MSM9VZKE",0.00647455400029766,0,0,0.0391387500017994,0.00221137800010167,0.000697664000032075,0,0.515476230023699,0,0,0,0.153582230007061,0,0,0.0244439510011238,0,0,0.000450800000020725,7.95349692353498e-05,0,0.00421464000019377,0,0.000288875000013281,0,0.00626348100028796,0,0.000104313000004796,0,0.0264636300012167,1.28479565687873e-05,0.00565840300026014,0,0.00206903100009512,0.0898876690041325,0.00130325200005992,0.000793004000036458,0,0.00143315900006589,0.00162465500007469,0,7.61700282292388e-05,0,0,0,0,0,0.0136468750006274,0.00755959500034755,0.0882588340040577,0.00299020900013747,0.0027144880001248,0.00033476100001539,0,0.000199959000009193,0.00020077500000923,0,0.00134628200006189
"273","MSM9VZHB",0.00237036200237036,0,0.0010717030010717,0,0,0.0073140970073141,0.00815592400815592,0,0,0.0430024560430025,0.0514383660514384,0.0133392300133392,0,0.241320693241321,0,0.00521332500521332,0.000340258000340258,0,0.00284261200284261,0.00017194000017194,0,0.00204493800204494,0,0,0,0.00135823000135823,0.0229647010229647,0.0896508050896508,0.118966180118966,0.00145903500145903,0.0286103290286103,0,0,0.10567005210567,0.00588706700588707,0.0317497470317498,0,0,0,0.0160566250160566,0,0,0.0467961100467961,0.00925204000925204,0.00263165900263166,0,0.0161256580161257,0.00324326000324326,0.0470437400470437,0.00285417600285418,0,0.034415047034415,0.00283151600283152,0.0109662980109663,0,0.000258143000258143,0.0225836770225837
"274","MSM9VZHF",0,0,0,0,0,0,0,0,0,0,0,0,0,0,0,0,0,0,0,0,0,0,0,0,0.012712641,0,0,0.980019575,0,0,0,0,0,0,0,0,0,0,0,0,0,0,0,0,0,0,0,0,0,0,0,0.007267784,0,0,0,0,0
"275","MSMA26DG",0.00046518099966709,0,0,0.0368533879736256,0,0.00638734099542885,0,2.822998599368e-05,0.00515528599631058,0,0,0.0203206799854573,0.0772983659446808,0.663451802525196,0.0223826969839817,0,0,0.00173675799875708,0.00246963299823259,0.000319734999771179,0.00178315299872387,0,0,0,0.020379840985415,0,0,0,0,0,0,0,0,0.027346877980429,0.00510680399634528,0,0,0,0,0,9.30362147096063e-05,0.0155699419888572,0.0373280199732859,0,0.0467153489665678,0,1.38695148577646e-05,0,0,0,0,0.00207355399851605,0.000291136999791646,0.00161131899884685,0.0032448529976778,0.00157314699887417,0
"276","MSM9VZHR",0.0172368550027202,0.000662836000104605,0.00571478400090187,0.055134289008701,0.00112188200017705,0.0164917740026026,0.0200189570031593,0,0,0.000911312000143818,0.00780518500123177,0.00372818900058836,0.0310798950049048,0.0708755920111852,0,0.00287756200045412,0,0,0,0,0,0,0.00302414400047725,0.00692604100109303,0,0.00321576100050749,0.0191902380030285,0,0.00707071000111586,0.00544005100085852,0.0489418540077237,0,0.0108627140017143,0.228571692036072,0,0.00426826500067359,0.00562419100088758,0,0,0.0554370170087487,2.66038421902066e-05,0.0102063120016107,0.0121377860019155,0.0136086480021476,0.000718825000113441,0,0.265140151041843,0.0102584760016189,0.00126203100019917,0.0416038880065657,0.00512289100080846,0,0.0021373490003373,0.00474070000074815,0.000804549000126969,0,0
"277","MSMA26DO",0.000346180999372804,0,0,0,0,0.00594805598922356,0.00331009499400291,0.00430332499220342,0,0.00637204998845539,0.0619046348878438,0.00430952899219218,0.0363192019341984,0.457972654170264,0.00118796599784769,0.00101817899815531,0.00420501399238153,0,0.000299249999457831,0,0,0,0.000259601999529664,0.0214141339612028,0,0,0.00119484399783523,0,0,0.000379760999311965,0,0,0,0.265547801518892,3.5063132455156e-05,0.00115573499790609,0,8.14543538573624e-05,0,0,0,0,0.110941638799001,4.74700870162112e-05,0,0,0.00388054499296939,6.17650564017748e-05,0,0,0,9.58841814446766e-05,0.00051569799906568,0.0059525059892155,0,0,0.000939961998297016
"278","MSMA26BR",0,0,0,0,0,0.00163785400140806,0,0,0.669354108575443,0,0,0,0,0,0,0,0,0,0.0342034290294047,0.00026442900022733,0,0.000650197000558974,0,0,0,0,0,0.00389877500335178,0,0.0117925960101381,0,0,0,0.207631796178501,0.014467903012438,0,0,0.00053446600045948,0,0,0,0,0,0,0,0,0,0,0.0537498480462087,0,0,0.00178930000153826,0,0,9.5011115237442e-06,0,1.57970287985145e-05
"279","MSMAPC7J",1.72039089066208e-05,0,0,0.0632535040238234,0.00014913600005617,0.000808369000304459,0,1.93543975199484e-05,0.040402627015217,0,0,0.0904122400340523,0.0437921200164936,0.594995254224095,0.034763186013093,0,0,0,0,4.18270035292218e-05,0,0,8.75248865624333e-05,0,0.00429581600161795,0,0,3.26874269225795e-05,0,0,0,0,0,0.0461489480173813,0.00791100200297955,0,0,0.0123872450046655,0,0,0,0.00448613400168963,0.0390021220146895,0,0.0103418070038951,0,0,0,0,0,0,0.00201264200075803,0.00223177700084056,0.00133158300050152,0,0.000516870000194671,0.000559020000210546
"280","MSMB4LXW",0.00285729899805029,0,0.000233707999840526,0.0193090099868243,0.00160324599890601,0.0958398849346025,0.0258693569823477,0.013718460990639,0,0.0105851139927771,0.0832792569431734,0.00844427999423794,0.0631720729568938,0.0710307159515313,6.93392197853675e-05,0.0224817259846593,0.00551335999623789,0,0.0101756199930565,0,8.90824624686797e-05,0,0.00772733899472716,0.00641893299561996,0,0.00451287699692058,0.0445663269695896,0,0.00761827499480158,0.0247147339831356,0.00189558899870652,0.0966148659340737,0.00406246999722792,0.217396888851657,0.00100726199931268,0.036741460974929,0.000433875999703939,0,0,0,0.00171742399882809,0.00900815199385318,0.0128799679912112,0.0102038069930373,0.0125003269914703,0.0057816779960548,0.0422406679711766,0.00107707699926504,0.00146516299900023,0.00258576999823557,0,0,0.00698625299523285,0.00306162999791086,0.00100060199931723,0.00150904999897028,0
"281","MSMB4LZ8",0.00216669899611171,0,0,0.0755328138644513,0,0.00614681198896913,0,0,0.0709963758725922,0.00456209399181301,0,0,0.465022237165486,0.000287506999484049,0,0,0,0.0336252779396572,0.00329117399409376,0.0001133979997965,0.000258470999536156,0,0,0.00276536299503737,0.0131428389764143,0.00621966498883839,0.00994901398214582,0,0.00623423598881224,0.00346338199378473,0.0722839788702815,9.65042138617602e-05,0,0.0912092578363188,0.00600311098922701,0.00835743398500202,0.000716284998714578,0,0,0,1.5098580505724e-05,0.0161480899710212,0,0,0.0354159909364436,0,0.0472496879152072,0.000865475998446845,0.00392890399294932,0.00568868098979128,0.000580186998958815,0.00542429699026573,0.00024495599956041,0,0.00129362099767851,0.000701080998741863,0
"282","MSMB4LZK",0.00188930600218056,0.0316918710365775,4.61067809989334e-06,0.0738709980852591,0.000628553000725452,0.0213492620246405,0.025394221029309,0,0,0.0084836480097915,0,0.0144318510166567,0.111861806129107,0.278030859320892,0.00973292701123337,0.000447236000516183,0.00034494300039812,0,8.03115789958165e-05,0,9.07124109885992e-05,5.136080953137e-05,0.00265607200306554,0.0156675130180828,0,0.00250048900288597,0.00868694601002614,0,0.0124175210143318,0.00231799200267534,0.0537416350620265,0,0.00478481200552245,0.0909730751049976,0.0047521080054847,0.0131787120152104,0.000287149000331416,0,0,0.0384592740443882,0.00421544600486531,0.00696598400803987,0.0175189680202197,0.049500883057132,0.00545700600629827,0.0126102050145542,0.0419156750483775,0.00013306600015358,0.0143845650166021,0.0073376260084688,0.00831862800960104,4.31044789803982e-05,0.000245438000283275,0.00177082200204381,0.000678627000783245,9.61808896652169e-05,0
"283","ESM5MEBU",0.000299238000225878,0,0,0,0,0.00162061300122331,0,0,0,0.0245289800185155,0,0,0,0.688378451519618,0.00553313400417665,0,0.000386423000291689,0.000143541000108351,0.000212384000160317,0,0,0.00105230400079433,0.000171830000129705,0.000357472000269835,0.00019437200014672,0,0.00180581300136311,0.000203322000153476,0.00085970100064894,0,0.0185395850139945,0,0,0.135356864102173,0.00191962900144902,0.00302862100228614,3.45869233181685e-05,0.000127408000096173,0,0,0,0,0.0435987510329102,0,0.00991639100748532,0,0.032275567024363,0.000127187000096006,0.0192404950145236,0.000517367000390531,0.00178183400134501,2.62993218841026e-05,0,0,0,0.00017426100013154,0.00758757500572743
"284","MSM6J2HF",0,0,0,0,0,0.00630285598739429,0,0.000384295999231408,0,0,0,0,0.000498433999003132,0,0,0,0,0,0,0,0,0.0172661439654677,0.0308288569383423,0,0.00419332199161336,0.00513050998973898,0,0.00223126499553747,0.24558474950883,0,0.126852278746295,0,0,0.00769778198460444,0.0541975808916048,0.00481550399036899,0,0,0,0,0,0,0,0,0,0,0.148978655702043,0,0.248476875503046,0.06946998986106,0.00926818598146363,0,0.00783541198432918,0,0.0099873019800254,0,0
"285","CSM5MCXL",0.000355416999143857,0,0.0137516899668743,0.127511726692844,0,0,0,0.271861486345129,0.0210689129492483,0.0373707499099798,0,0.00467863498872991,0.259798559374186,0.00119035199713263,1.83022091034043e-05,0,0,6.21094321831653e-05,0.00187638999548007,0,3.19993462388551e-05,8.50167132545229e-05,0,0.0110705929733327,0,0.00316427499237776,0.034915537915894,0,0,0.00437800698945407,0,0.0158177139618976,0,0.117729491716408,0.00264213099363552,0.0131695609682766,9.85957716215647e-05,0,0,0,2.71581167340837e-05,0.00346313199165786,0.0112442869729143,3.27078188493095e-05,0,0.00113532699726518,0,0,0,0,0,0.00226061799455453,0.0391895169055986,0,0,0,0
"286","CSM5MCY8",0,0.069287258082694,0,0,0,0.078624596093838,0.376022615448781,0,0.0542252530647175,0,0,0.144269596172185,0.103617825123667,0.0420506440501872,0,0,0,0,1.25865421529433e-05,0.00104015600124142,0.000547956000653982,0.000270279000322576,0,0,4.0630241335817e-05,0,0.00795270700949151,0.000866815001034539,0,0.0646547480771651,0,0,0,0,0.0191574900228644,0.00674605500805138,0,0,0.000576000000687453,0,0.000597419000713016,0,0,0,0,0,0.00203946100243408,0,0,0,0.000729026000870088,6.97780231636857e-05,0,0.004312547005147,0.0222885580266013,0,0
"287","MSM6J2OH",0.000132302,0,0,0,0,0.008980236,0,0,0.17992885,0,0,0,0.134563448,0.430583882,0.100607192,0,0,0,0,0.000485276,0,0,0,0,0.000988469,0,0.00577199,0.006022624,0,0,0,0,0.000248003,0.023723453,0.006457085,0.022353971,0,0,0,0.019373684,0,0,0,0,0,0,0,0,0.047001614,0.001996272,0.000434967,0.007391904,0.001008208,0,0,0,0.00194657
"288","ESM5MEC5",0.000109916999904366,0,0,0,0,0.0089421909922198,0,0,0.0775062389325653,0,0,0.000224736999804466,0.10375186490973,0.390830640659955,0,0,0,0,0.0149181569870204,3.6570870023912e-05,0,0.00106688899907175,0,0,0.00246608199785437,0,0,0.00346912499698167,0.00625474199455802,0,0.108840322905303,0,0,0.140476781877777,0.000999977999129963,0.00064887799943544,0,0.00482326899580349,0,0,0,0,0,0,0.00770593199329541,0,0.100312568912722,0,0.000145567999873348,0.0148210089871049,0,0.00076093999933794,0,0.000724061999370026,0,0,0.0101635349911572
"289","CSM67UBZ",0.000845954000310927,0,0,0,0,0,0,0.923844405339555,0,0,0,2.55994156600811e-06,4.7572247434984e-05,0.00026132700009605,0,0,0,0,0,0.00490730100180366,0,0.00297934500109505,0,0,0,0,0,0,0.00987177500362833,0,0,0,0,5.93053129458544e-05,0.00461386800169581,0,0.000193062000070959,0,5.26921305670002e-05,0,0,0.0209571750077027,0,0,0.0144788160053216,0.000833368000306301,0.00419691800154256,0.00943263800346693,0,0.000167036000061393,0.000471456000173282,0.000109544000040262,0.000836461000307438,0,0.00055348100020343,0.000283940000104361,0
"290","CSM67UAQ",0.000369553999925425,0,0,0.029807231993985,0,0.000729398999852809,0.0219438919955718,0.125292737974716,0.00742878799850089,0.113454241977105,0.00406079899918054,0.000323256999934768,0.00183131499963045,0.494285150900255,0.00580095199882938,0.003756244999242,5.41657941265523e-06,0.000611561999876588,0.00164807099966742,0,0.00242662799951031,0.00279423999943613,0,0,0,0,0,4.6807422094266e-05,8.07376931320308e-06,7.76717047852448e-05,0.0138689979972013,7.20507261494705e-05,0,0.0850322229828407,0.029609168994025,0.000519275999895212,0,0,0.00111540699977491,0,0.00134668399972824,0,0.00079000299984058,0.000229028999953783,0.036204416992694,0.000195302999960588,0.000773854999843838,0.00121750399975431,0.00846437599829191,0.00240874299951392,0.00060645199987762,0.000204705999958691,0,0,0.000138582999972034,0.000501186999898862,0
"291","CSM67UDN",1.06366818278137e-05,0.019495695003002,0,0,0,0.00157237000024212,0.0822826860126702,0,0,0.0402531280061984,0.164787709025375,0,0.381115821058686,0.191260138029451,0,0,0,0.00102566500015794,0.000255590000039357,8.7778442268365e-06,0.000173182000026667,0,2.24093199673355e-05,0,0,0,0.000902672000138997,0,0.000888421000136803,0,0.0468091450072079,0,0,0.00579203500089188,0.0114439340017622,0.00404462400062281,0,0,0.00015397400002371,0.00393712100060626,0.000956475000147282,0,0.00833440800128337,0.0185894090028625,0.00624424900096152,0.00348490700053662,0,0,0,0.00212496100032721,0,0.00014891400002293,0,0,0.00310188400047764,0.000779059000119963,0
"292","CSM67UEA",0.000243167,0,0,0,0,0,0,0.641343316,0,0,0,0,0,0,0,0,0,0,0,0.012302845,0,0.050769521,0,0,0,0,0,0,0.054959553,0,0,0,0,0,0.029776296,0,0.001785858,0,0,0,0,0.056804652,0,0,0.07062963,0.012572165,0.010041967,0.030119941,0,0.005968227,0.004253409,0.005818118,0.002550513,0,0.006919849,0.003140973,0
"293","CSM67UEW",0.000101811999886197,0,0.000290330999675476,0.0684373939235026,0.00113563199873062,0.00190302799787285,0.0370214999586184,0,0.00305102899658965,0.0258164729711431,0.264019871704886,0.000421163999529235,0.0897915048996336,0.346891374612255,9.31294158864492e-05,0.00144463599838523,0,8.32574599240287e-05,8.73013936917672e-05,0,0,0,0.000441501999506502,0.000377274999578293,0,0.000574475999357867,0.000159497999821718,0.000308646999655003,0.0254619149715394,0.00010050399988766,0.0233569289738923,6.49408187407424e-05,0,0.061212906931578,0.00319542099642825,0.00270562999697572,0.000127383999857614,0,0,0.0294782549670501,0.000176505999802707,0.00218312999755976,0.000943544998945333,0.0022977869974316,0,0,0,0.000681521999238214,0.000307219999656598,0.00395092299558377,0.000932126998958095,0,8.80150290625446e-05,0.000164968999815602,0.000119533999866388,0,0
"294","HSM6XRRD",0,3.17181690382895e-05,0,0,0,0.00207294899964958,0,0,0.276103113953326,0,0,0,0.190783221967749,0,0,0,0.000431742999927017,0,0.00131484299977773,0.000193125999967353,0.00264971899955208,0,0,0,0.000621946999894864,0,0,0.00390425599934001,0.00153259299974092,0.000404719999931585,0.0234934599960286,0,0,0.254877815956914,0.0042722499992778,0.00302125999948928,0,0.00858487699854878,0.000378843999935959,0,0,0,0.0411240669930482,0.0739721959874955,0,0,0.0332358419943817,0.0013529259997713,0.0573245389903096,0.00656952099888946,0.0064172949989152,0.000785337999867244,0,0.00112526499980978,0,0,0.00342055399942178
"295","PSM6XBSE",0.000125098999973663,0,0,0,0,0,0.10126864297868,0,0.00369802099922147,0.143618850969765,0,0.174328304963299,0,0.407976408914111,0.00557410399882651,0,3.43192105180843e-05,0,0.000309375999934868,0.000296895999937496,0,0,0,0,0,0.00348204099926694,0,0,0,0.000450879999905078,0.00086502499981789,0,0,0.0821204359827116,0.0128588349972929,0.0100711279978798,0,0,0,0,0,0,0.0285586149939877,0,0.00100300699978884,0,0.00471330599900773,0.0018164019996176,0.00169613399964292,0.0110572269976722,0.00310845499934559,0.00085485999982003,0,0,0,0.000113625999976079,0
"296","CSM67UF5",0.000498150999052544,0,0.0105805109798764,0.0567054468921493,0,0.00262695799500367,0.0257943139509406,0,0,0.0443069429157306,0.0444606749154382,0.00209040199602417,0.136621566740153,0.133872694745381,0,0.00250102499524319,0.000885327998316155,0,0,0,0,0,0.00102555199804946,0.00305075399419763,0,7.7480183514165e-05,0.00560101298934718,0,0.0097792499814004,0,0.32012467339114,0.00104129299801952,0,0.10159092280678,0.00879980598326325,0.0062242039881619,0,0,7.59171826939946e-06,0,0.00105949099798491,0.00686559298694202,0.00815908798448186,0.0155056379705091,0,0,0.0374908079286945,0,0,0.00771508398532633,0.00138783299736042,0,0.00354990999324827,0,0,0,0
"297","HSM6XRV2",0,0,0,0,0,0.000346314999942065,0.0787059259868334,0,0,0.0763613979872256,0.448251282925013,0,0.127714024978635,0.185217840969015,0,0,0,0,0,0,0,0,0,0,0,0,0,0,0.000759565999872933,0,0.0118864169980115,0,0,0.0208950329965045,0.00265100399955652,0,0,0,0,0.0029039919995142,0,0,0.0263188689955972,0,0,0,0.00606889899898474,0,0.0100408389983203,0.00182982199969389,4.87711672805576e-05,0,0,0,0,0,0
"298","CSM79HLA",0.000498732999361453,0.012622405983839,0,0,0,0.00633853099188453,0.0459426969411778,0,0,0.0411409499473256,0.164977489788773,0,0.259694578667503,0.242408084689635,0,0,0.0032343729958589,0.00426915999453403,0.00159041899796372,6.90334007590014e-05,0.000902226998844843,0,0.00171053999780993,0,0,0,0.00185207299762872,0.0019933009974479,0.000151424999806125,7.41318793970369e-05,0.0771588459012105,0,0,0.00208905099732531,0.0216250949723125,0.00702927299100015,0,0,0.000134089999828319,0.00449573599424393,0.000915788998827479,0,0.00305041999609443,0.024881696968143,0.0396183399492751,0.0220557129717612,0,0,0,0,0,0.000140513999820094,0,0,0.00314892199596831,0.00418636099464004,0
"299","MSM6J2OP",4.6390635184982e-05,0,0.0181665940091955,0.0647909170327958,0.00108812100055078,0.000729894000369456,0.0208188810105381,0,0.00540949500273817,0.00142943900072355,0.266597659134946,0.0047773680024182,0.195823217099121,0.266281812134786,0.0379902450192298,3.64188164069018e-05,9.09386516827101e-05,0.000179493000090855,0.000239107000121031,0,0.00101008000051128,0,8.12920009082628e-06,0,0,2.90483416578859e-05,0.000263928000133595,0,0.00281443700142461,4.44396271631838e-06,0.0204448300103487,0,0.000358010000181217,0.0322410580163197,0.000999024000505684,0.00309679200156753,0.000119987000060735,0,0,0,0.000631801000319804,0,0.0160474750081229,0.018900390009567,0,0,5.52785606176188e-06,0.000216670000109674,0.0136247560068966,0.00126642100064103,0.00334630400169383,0,0,6.82852807629408e-05,6.61174940720538e-06,0,0
"300","CSM67UEI",0.00184231499881367,0,0,0,0,0,0,0.852019972451353,0,0,0,0,0,0,0,0,0,0,0,0.0132362509914767,0,0.00797335399486567,0,0,0,0,0,0,0.0321768869792801,0,0,0,0,0,0.00442816699714854,0,0.00122386799921191,0,0,0,0,0.0312041619799065,0,0,0.0217658099859842,0.00337329599782781,0.00394518199745955,0.0160789139896462,0,0.00076585199950684,0.00256462199834855,0.000556324999641762,0.00601740999612517,0,9.90336438725229e-05,0.000728578999530842,0
"301","ESM718SY",9.94932290875651e-05,0,0,0.175189902967025,0,0.0124286479976606,0.00653785899876943,0.1237902659767,0,0.0302075789943143,0,0.0289506579945508,0.101386926980917,0.286873494946004,0,0.00971072599817222,0.00477900199910048,0,0.000735854999861495,4.47043767060114e-06,0.000201273999962116,0.00255126799951979,0.00320322499939708,0.00129278799975667,0.000557764999895016,0.000352436999933663,0.00548106799896834,0,0.00407797499923243,0.00317151599940305,0.00604725499886177,0.000138583999973915,0.00672946399873336,0.0472805959911007,0.0188254289964566,0,0,0,0,0,0,0,0.0362130399931839,0.0574047859891951,0.00245260699953836,0,0.000658921999875976,0.000458479999913704,0.0155573309970718,0.00522074299901734,0.000778791999853414,0.000157712999970315,0,0.00038768099992703,4.02339390354104e-05,6.41455823897886e-05,0
"302","CSM79HLM",0.00444001399555999,0,0,0,0,0,0,0.837558676162441,0,0,0,0,0,0,0,0,0,0,0,0.00507968499492031,0,0.00241398299758602,0,0,0,0,0,0,0.0348956849651043,0,0,0,0,0,0.0270992759729007,0,0.000104900999895099,0,0.000230865999769134,0,0,0.022639043977361,0,0,0.0131161689868838,0.00237725199762275,0.013774999986225,0.0278035179721965,0,0.00145283599854716,0.00550203999449796,0.000192123999807876,0.000472634999527365,0,0.000499626999500373,0.000346668999653331,0
"303","CSM79HIJ",0,0,0.00146145900258579,0.0810525361434081,0.0120866040213851,0,0.040623438071876,0,0,0.000125730000222457,0.0100503780177824,0.0631916061118063,0.0842106271489958,0.499356791883523,0.0243942110431612,0,0,0,0,5.58924536470753e-05,0,0,0.00029095300051479,0,0,0,0,0,0.00338556500599016,0,0.00352948000624479,0.0583131211031747,0,0.042210516074684,0,0.00287260400508256,0,0,0,0,0.00113915700201554,0.0132739560234859,0.0378611690669886,0.00760762101346033,0.00540639600956566,0.00175129700309861,0.00488294800863951,0.000148042000261934,0.000543641000961876,0,0,0,0,0,7.36307772596201e-05,0.000100629000178045,0
"304","PSM6XBVM",0.000429989999885822,0,0.000378162999899584,0.0381771819898626,0.000616738999836233,0.00805250399786177,0.0790782079790019,0.0412467109890475,0.00380443299898978,0.0279591809925758,0.181462068951815,0.00396250499894781,0.0920221269755648,0.184667556950964,0.00311928299917172,0,0,0.000554546999852748,0.00014148699996243,0,0,0,6.28831944495811e-05,0.00341521399909314,0,0.00457561599878501,0.0072502249980748,0,0.0211715969943782,0.000232701999938209,0.0334778729911104,0,0,0.180489624952073,0.0182117679951641,0.00197252799947622,0,0,0,0,6.65110710524416e-05,0.00196648199947783,0.0202907139946121,0.0062767449983333,0.0024467439993503,0.00358917899904694,0,0,0.0237810769936853,0,0,0,0.00093011799975302,0.00385625999897602,0,0,0.000263452999930044
"305","HSM7J4PE",9.54814612601402e-05,0,2.41670591212107e-05,0.0268717200106244,0.00138949800054937,0.000338015000133643,0.0366451370144886,0,0.178068933070404,0.154939763061259,0.00342481800135409,4.60684564498079e-05,0.0993487300392801,0.313898055124108,0.0145689610057602,0.00040857400016154,0,0.00103087600040758,0.000496072000196135,0.00345222100136492,0,0.000105515000041718,0.00124395600049183,0.00102192100040404,0,0.000212649000084076,0.000528331000208889,0.0122808580048556,0.000783487000309772,3.59269227114425e-05,0.0105804250041832,0,0,0.0226611490089597,0.0109549060043313,0,0,0.000684446000270613,0,0.000125582000049652,0,0.0039013620015425,0.0335497040132647,0.0475274350187912,9.38631314082734e-05,0.000314819000124472,0.0056232650022233,0,0.00619011200244742,0.000755760000298809,0,0.00557935400220594,5.09234460054081e-05,0,8.37215976699083e-05,6.34385301931779e-05,0
"306","CSM79HPS",0.00417872800749504,0,0.013707490024586,0.0799501021434,0,0.00438360100786251,0.0213586010383092,0,0.00285907100512808,0.0303125730543692,0.000535768000960963,0.019882147035661,0.260121683466559,0.15343870527521,0.0515300660924253,0,0,0,0.0084327870151252,0.000246310000441786,0,0,0.00483790200867735,0.00522200200936628,0.00202881700363892,0,0,0,0.00566493801016074,0,0.00956688101715933,0,0.000335018000600894,0.215235661386051,0.00126977100227748,0.00670187601202061,9.76592065568253e-05,0,0.000142818000256161,0.018505062033191,0,0.00965357701731483,0.00408076700731934,0,0.00374705600672079,0,0.013778296024713,0.000173393000311001,0.033603014060271,0.0130710460234445,0,0.000188479000338059,0.000620252001112495,0,0.000364588000653932,0.00017349300031118,0
"307","MSM79HDA",0,0,0.112939256018573,0,0,0.00615486000101215,0.063345712010417,0,0.000199265000032769,0.0630619580103704,0.144358343023739,0.0131089440021557,0.133613658021972,0.169674851027903,0,0,0.0113035400018588,0,0,2.66808355568173e-05,0,0.00180504300029683,0.0130707250021494,0.00243997400040125,0,0.00480207000078969,0.0106648830017538,0,0,0.00445389700073243,0,0.143899000023664,0,0.00921931000151609,0.0069542040011436,0,0.000305868000050299,0,0,0,0.00177908300029257,0.00903627000148599,0.0282272420046419,0.0141403620023253,0,0.00876056800144065,0,0,0,0,0,0.00349122300057412,0.0158252210026024,0.000513065000084372,0.00282492400046455,0,0
"308","PSM7J1BF",0.000179843000188665,0,0.000181750000190666,0.0463192280485914,0.000454826000477137,0.00410939400431097,0.106386015111605,0.206766556216909,0.00217216700227872,0,0,0.039813064041766,0.358077915375643,0,0.16758916517581,0,0,0,0,0.000634168000665276,0,0,0,8.24949856559408e-05,5.72045520971852e-06,0.000134280000140867,0.00111237800116694,0,0,4.18496460079407e-05,0.000137793000144552,0,0,0.0281650120295466,0.00043094100045208,0.000469077000492087,0,6.47314668468148e-05,0,0,0.000157363000165082,0.0145900710153058,0.0209825290220118,0,0,0,0,0,0,0,0,0,7.06526397831901e-05,0.000814312000854257,5.67027577805432e-05,0,0
"309","MSM79HDE",0,0,0,0,0,0,0,0,0.40047202919088,0,0,0,0,0,0,0,0,0,0.0201685740096131,0,0,0.00614865600293069,0,0,0,0,0,0.000894098000426162,0.0509518940242856,0.00552722100263449,0.0484364180230867,0,0,0.331102614157816,0.0116190890055381,0,0,0.000267403000127455,0,0.0266690080127115,0,0,0,0,0,0,0.0363052800173045,0.00266501200127025,0.0542021650258348,0,0.0015055500007176,0.00283655300135201,0,0,8.16915234001366e-05,0,0.000146744000069944
"310","CSM7KOMT",0,0,0,0,0,0,0.0830387719839935,0.0502342749903169,0,0.0345644059933374,0.0742727639856832,0,0.304331236941337,0.109474077978898,0,0,0.0217699319958036,0,0,8.15361927437073e-05,0.00753671999854723,0,0.000650322999874644,0,0,0,0,0,0,0,0.0281469879945744,0.0442345989914734,0,0.0762420069853036,0.00624590399879604,0.000423756999918317,0,0,0.0498065859903993,0,0.000674147999870052,0,0.091591050982345,0,0,0,0,0,0,0,0,0,0,0,0.0166809169967846,0,0
"311","HSM7J4M4",0,0,0,0,0,0.00679628200235193,0,0,0,0.158256952054767,0.468510214162133,0,0.000265696000091947,0.213713620073958,0,2.86006539493423e-05,0.00261675300090556,0,0.00163800900056685,0.000336576000116476,0,0.00120910300041842,0.00217966000075429,0.000856569000296425,0,0.000851698000294739,0.00445144300154047,0.0118122770040878,0,0,0.00520967100180286,0,0,0,0.00967292800334742,0.00317249600109788,0,0,0,0,0,0,0,0.086944226030088,0,0.00243095200084126,0.00718508500248648,0,0,0.000429528000148643,0,0.00294161900101798,0,0.00747648000258731,0,0,0.00101356200035075
"312","CSM7KOP8",0,0,0,1.26844305178097e-05,0,0.00208458600179276,0.00939070700807608,0.000794557000683325,0.000818146000703612,0.0329337890283233,0.242896496208893,7.21009734696552e-05,0.0330131220283915,0.0708730320609513,9.15726869838367e-05,0,0.0324285250278888,0,7.58840492381247e-05,0.000821706000706673,0,0,0.0117861730101362,0,0.000925407000795857,0,0.019575414016835,0.00748570600643776,0.166266736142991,0,0.0633669640544961,0,0.0146974720126399,0.264295798227296,0.00452567100389211,0,0,0,0,0,0.000278946000239896,0,0.0106637120091709,0,0.000800788000688684,0,0,0.00471482500405478,0,0,0,0.000544540000468308,0.00376493900323788,0,0,0,0
"313","CSM7KOPI",0,0.000922218999798354,0.000107178999976565,0,0,0.0016231339996451,0.0416442379908944,0,0,0.0299344329934547,0.140786544969217,0.000324647999929015,0.225400250950716,0.396388139913328,0,0,0,0.000928126999797062,0.000154549999966207,0.000591766999870608,0.000224723999950863,0,1.63774950378214e-05,0,0,0,0.00064929499985803,0,0,0,0.0451112919901363,0,0,0.00543940099881066,0.0123371259973024,0.00118259999974142,0,0,0.000796484999825846,0.00519322099886449,0.000597674999869317,0,0.0258607899943455,0.038522148991577,0.0175172859961698,0.00240438199947427,0,0,0,0.00358895199921526,0,5.08946206555083e-05,0,0,2.58101029393514e-05,0.00167630899963347,0
"314","MSM9VZEW",0,0,0.000384309000312197,0.0962683300782046,0.00487215300395794,0.00360560700292905,0.0582816200473457,0,0,0.0636363980516957,0,9.73044643039194e-05,0.506049479411094,0.0122301890099353,1.03945421808341e-05,0,0.0033395350027129,0,0.00700505500569063,0,0.00448683300364492,0,0,0,0,0,0,0,0.00156394500127049,0.000106544000086552,0.000547735000444958,0.137059257111341,0,0.00702007000570282,0,0.00724485200588543,0,0,0,0.000211500000171814,0.000328150000266576,0,0.0643194060522505,0,0,0.00220436500179074,0.000132530000107662,0.000601440000488586,0,0,0.011711617009514,0.000136573000110946,4.98071812831636e-05,0.0058425990047463,0.000652402000529985,0,0
"315","CSM7KOPE",0,0,0,0,0,0.00149376499551523,0.0153299339539745,0.00311019899066217,0,0.0587355928236566,0.271863795183776,0.000483970998546961,0.0495238508513132,0.123262876629925,1.64175381824733e-05,0,0.0416460918749648,0,0.000525823998421305,0.000468477998593476,0,0,0.00993630997016796,0,0.00191483999425103,0,0.0222829929330992,0,0.0517986048444837,0,0.0589294818230745,0,0.0115362109653645,0.248013853255381,0.00212375899362378,0,2.55512390022999e-05,0,0,0,0.000425121998723645,0.0006860679979402,0.0202309159392602,0,0.00145144899564228,0,0,0.00110795299667356,0,0,0,0.000137583999586928,0.00291445999124984,0,2.40482249433411e-05,0,0
"316","CSM7KORU",4.53324924367442e-05,0.0113820500135569,0.142426807169641,0.0567839900676339,0.00124183200147911,0.000201735000240281,0,0.0100946530120235,0,0.0427557290509252,0.0076683790091336,0.0538224220641065,0.385384155459021,0.121891652145182,0.00391111600465843,0,0,0,0.000427702000509425,0,7.55928006873588e-05,0,2.87530898320014e-05,0.000274662000327143,0,0.000245213000292067,0.000869201001035282,0,0.00221607500263951,0,0.00315333300375585,0.00863833301028889,0,0.0178046550212067,0.000526019000626527,0.000729494000868881,0,0,2.3883614941098e-05,0.00216946700258399,0.000271299000323137,0,0.0740219310881656,0.044536333053046,0.000169388000201754,0.000353153000420631,0.00105772000125982,9.78532573314889e-05,0.00110038500131064,0.000169156000201477,0.00224250900267099,0,7.96506964297783e-05,0.000907693001081129,2.20285768874206e-06,0.000198489000236415,0
"317","HSM7J4ME",0,0,0,0,0,0,0.184681360986267,0,0.502929268962602,0,0,0.171834197987222,0,0,0,0,0.0017118799998727,0,0,0,0,0.00692050299948539,0.00099528899992599,0,0.00624081599953593,0,0,0.00139296999989642,0,0,0,0,0,0,0.0120049719991073,0,0,0.000237036999982374,0,0,0,0,0,0,0,0,0,0,0.0923196439931351,0,0,0.000671209999950089,0,0,7.31890743543471e-05,0,0.0179876619986624
"318","MSM79H7M",0.0163179130289164,0,0,0.0384262620680939,0.00223684500396384,0.000232907000412727,0,0.303902616538536,0,0,0,0.0374228940663159,0,0,0.0326209400578065,0,0,5.55126216651374e-05,0,0,0.00143582900254438,0,0.00019574900034688,0.000523788000928187,0.00316925600561613,0.0031576160055955,0.000225408000399438,0,0.00185474800328674,5.27146064602414e-05,0.0757531281342396,0,0.00167422000296683,0.3823222526775,0.000492003000871862,0.00109771700194523,0,0.000545725000967061,0.000151093000267747,0,0,0,0,0,0,0,0.00766286801357911,0.0683922211211956,0,0.00476848900845008,0.0142927090253276,0,0,0,0,0,0.00101657500180144
"319","CSM7KOU9",0.000488354000540581,0,0.111767700123721,0.06198141906861,0.00178478300197566,0.00124895400138252,0,0.0910561161007941,0,0.0362978660401797,0.0542596580600624,0.0376671930416955,0.35729873939551,0.0319746740353942,0.00253492100280602,0,0,0.000501067000554653,0.000687139000760625,3.20619730168099e-05,6.56989201467263e-05,0,0.000207784000230005,0.00424995500470446,0,0.000457080000505962,0.00240397300266106,0,0.0161613720178897,0.00065001400071953,0.0110608180122437,0,0,0.0469406410519607,0.00131836600145936,0.00410179500454046,0.000157385000174217,0,0.000501629000555276,0.00643298200712096,0.000483517000535227,0,0.0557552090617179,0.00415500700459936,0.00101428300112276,0.00389682300431357,0.000164810000182436,0.000680389000753153,0.000576553000638212,0,0.0414750310459106,0,0.00102598300113571,0.00439620300486635,0.00185228200205037,0.000233771000258772,0
"320","CSM7KOUL",0.000549133000934316,0,0,0,0,0.000622506001059155,0.031884233054249,0.0480102720816865,0,0.0818289591392269,0,0.0885491011506608,0.280319527476946,0.303186979515854,0.0385425150655777,0,0,0,9.58152543027403e-05,0,0,0,0,3.04423211226628e-05,0,0.000399458000679653,0,0,0.00252690800429938,0,0.00218443200371668,0,0,0.0372715480634152,0.00355277500604483,0.0023247400039554,7.80572336478536e-06,0,0,0,0,0,0.0473553720805722,0,0,0.00030364300051663,0.0242250620412174,0.00111446200189619,0.00340680800579647,0.00170750200290521,0,0,0,0,0,0,0
"321","MSM79H7G",0.0045591120094795,0,0,0.0295299350613999,0.00255722000531708,0.000673253001399857,0,0.377860089785663,0,0,0,0.0355848250739895,0,0,0.0334351930695199,0,0,9.65874709272187e-05,0.000330194000686554,0,0.000416470000865943,0,0.00116231700241674,0.000628023001305813,0.000676214001406014,0.000799042001661403,0.000573807001193084,0.000123236000256238,0.000688160001430852,1.14353031118906e-05,0.145261838302035,0,0.00568743001182555,0.203887166423931,0.000675602001404741,0.00506257201052632,0.000282717000587837,0.000173163000360048,0.000868470001805761,0,5.20714695273589e-06,0,0,0,0,0,0.119075607247587,0.000210736000438171,0,0.00628614901307043,0.0190495810396087,0.000482325001002871,0,0,0,0,0.00328632200683306
"322","HSM7J4NU",0.000541252000941087,0,0.00478168400831402,0.0458196700796677,0.0033238790057793,0.0124510050216488,0.015174912026385,0.00681936901185699,0,0.00776644801350369,0.166284205289122,0,0.0486463660845825,0.231757210402961,0.00184898000321486,0.00526543600915513,0.00618543001075474,0.000408936000711026,0.00225836000392666,1.70944895988094e-05,0,0,0.014745884025639,0.00707068001229395,3.34119569431273e-05,0.00273145500474924,0.0173047300300881,0.0150232810261213,0.00297910300517983,0.000558457000971001,0.0270631300470553,0.00113689500197674,0,0.250279423435166,0.00200238600348159,0,0,9.42416991518774e-05,0,0,0,0.00418559700727759,0.0201759380350803,0.00744687001294804,0.0071127510123671,0,0.0302521400526001,0,0,0.00436264700758543,0,0.00154427600268507,0.00863993201502244,0.0149111680259264,3.89621159037797e-05,0.000956403001662919,0
"323","MSM9VZOU",0.00125530000012247,0,5.17520521669442e-05,0.0441690200043094,0.000838154000081775,0.000957517000093421,0.0378553740036934,0,0,0.0403457330039364,0,0.0190631190018599,0.164319652016032,0.522465868050975,0.0225294630021981,6.56291145423547e-05,0,0,0.000276185000026946,0,0,0,0.000763551000074497,0.00099737500009731,0,0.000131780000012857,0,0,0.0102051710009957,4.51787068312235e-05,0.00753378400073504,0,0.00057981100005657,0.0337638320032942,0.00234908400022919,0.00204723200019974,4.81001936470994e-05,0,2.85888352696426e-05,0.0235865190023012,0.00538283900052518,0.00272209500026558,0.0133351270013011,0.02121635900207,0.000384802000037544,0.00128712400012558,0.0128344050012522,0.000709608000069234,0.00290865300028379,0.00188049800018347,0.000964195000094073,0,0,0.000101522000009905,0,0,0
"324","PSMA265X",0.000125398999732317,0,0.00450894599037498,0.0580192128761493,0.000432989999075718,0.00127501699727829,0,0.427366380087723,0.0433469859074694,0.0205042039562307,0,0,0.264717124434922,0,0,0,2.89382365287955e-05,0,0.000602825998713178,0,0,0,0.000420200999103018,0.0055553829881412,0,0.00021763299953543,0.00132573999717001,0,0,0,0.000218499999533579,0,0,0.130088753722306,0.00558529598807735,0.0015303669967332,0.000116619999751057,0,2.60118980034117e-05,0,0,0.0159436679659659,0.00884447898112014,0,0.0028354049939474,0,0,0,0,0,0,0.00265093799434118,0,0.000675116998558862,0.000157913999662909,0.00275444299412023,0.000125506999732087
"325","CSM9X213",0,0.0415817390995272,0.148007475354261,0.0612363501465712,0,0,0.0479219101147026,1.29431694890179e-05,0.0205643640492215,0.00697800101670207,0,0.0384525240920374,0.14671630635117,0.228548621547038,0.000276004000660624,0,0,3.83630879449269e-05,0,0,0,0,0,0.000541631001296411,0,5.42213856972371e-05,6.08678781375436e-05,3.55645648121662e-05,0.000780905001869121,6.18007191817972e-06,0.0630773121509776,0.00204467100489399,0,0.0744723151782519,0.000125467000300309,0.00154991500370977,0.000100747000241141,0.000187851000449627,0,0.00261988400627078,7.94080938920828e-05,0.00804283901925079,0.017896555042836,0,0.00559389801338917,0.00186626500446696,0.0268581260642858,0.0013109910031379,0.0331290330792954,0.00976066602336247,0.00788029101886173,0,1.21269335752961e-05,0.000719220001721476,6.8680421883167e-05,0.000420478001006428,0.000369288000883903
"326","MSMA267V",0.000353004000022671,0,0,0.0317704660020404,6.39679357812449e-05,0.0244084880015676,0,0.000902160000057939,0.00701959600045082,0.000257288000016524,0,0.0222771290014307,0.0458428220029442,0.615863104039552,0.0155885850010011,0,0,0.00454597200029196,0.00211401000013577,0.00113785000007308,0.00128195500008233,0,0,0,0.0209394670013448,0.00070022500004497,0,0.000792518000050898,0,0,0,0,0,0.0167678610010769,0.0126689560008136,0,0,0,0,0,0.00035548200002283,0.0188986300012137,0.0614144110039442,0,0.0534692870034339,0,0.00144470800009278,0,0,0,0,0.0178856470011487,0.000368937000023694,0.0100238460006438,0.00799941500051374,0.00284421300018266,0
"327","MSM9VZP3",0.00517194200761345,0.00156578500230494,0.000410909000604886,0.0188236160277096,0.000457162000672973,0.00698332701027993,0.013256889019515,0,0,0.00200193700294699,0.00154721800227761,0.00290355800427423,0.0345286920508285,0.0612923050902264,0.000111237000163748,7.57322454194632e-05,0,0.000171008000251735,6.44945573894783e-05,0,2.55698118943135e-05,0,0.00220551800324667,0.00264932600389999,0,0.00428253600630418,0.0285188090419816,0.000472960000696229,0.0226113680332855,0.0018762050027619,0.127422353187574,0,0.00370892600545979,0.12034114417715,0,0.00493578800726581,0.00884259501301689,0,0,0.118708096174746,0,0.010687041015732,0.00818054801204231,0.00438774700645906,6.88919135751245e-05,0,0.35046651951591,0.00520272400765876,0.00111888300164707,0.00667697800982896,0.0102057750150236,0,0.00283059400416682,0.00369475600543893,0.000512536000754487,0,0
"328","HSMA33OJ",0,0,0.0124931249875069,0.00274456099725544,0,0.020263045979737,0.00857895799142104,0,0,0.00798185099201815,0.267446159732554,0,0.0461308229538692,0.357192133642808,0.00514251999485748,0,0.0071451039928549,0,0.00689349199310651,0,0,0,0.0116417469883583,0.00284010699715989,0,0,0.0273767819726232,0,0,0.00141412399858588,0.0167554479832446,0,0,0.00371431899628568,0.000348487999651512,0,0,0,0,0,0,0,0.0525456999474543,0.00633817399366183,0.0203993819796006,0,0.0829244179170756,0,0.000413551999586448,0.00147153999852846,0,0.000360347999639652,0,0.0272385619727614,0,0.00220553599779446,0
"329","CSM9X211",0,0.0230361449891087,0.0889369429579513,0.0779491109631462,0,6.07728979699891e-05,0.0389885139815665,9.98329836217779e-05,0.00781282099630616,0.0125018699940892,0,0.0310088829853392,0.188384380910933,0.261195251876509,0.000143832999931997,0,0,0,9.5352562032308e-06,0,1.20626735101113e-05,0,0,0.000268135999873227,0,4.21619159829603e-05,0.000485263999770571,0,0.00747862799646416,8.81149579262413e-05,0.0333991299842091,0.00519935699754178,0,0.0518254959754973,0,0.00136836699935305,0.000185649999912226,0.000462516999781325,0,0,8.2255945078473e-05,0.0056075349973488,0.0698406969669798,0,0.00809037799617493,0.000242976999885122,0.0109525629948217,0.00446123599789076,0.0520959299753694,0.00638494499698125,0.00969735599541516,0,3.53838422963264e-05,0.000776031999633098,0,0.000789932999626526,0
"330","MSMA26EJ",0.00174167699514257,0,0.0042710829880882,0.0365827858979728,9.39163682057763e-05,0,0,0.200925995439629,0,0.0363949528984966,0,0,0.0942925307370237,0.000311439999131412,0,0.000771952997847069,0.000152675999574196,0.00249449799304299,0,0.000360633998994213,0,0,0.00367280098975677,0.00065468199817413,0,0.00339763599052419,0.0098966239723989,0,0,0.000787853997802722,0.0263760889264386,0.00194280199458164,0.00167707799532273,0.124357197653175,0.00240343899329695,0.00683129798094791,9.5034420208226e-05,0,0,0,0.00433394198791289,0.00556765098447215,0.0256134529285656,0.0117327139672782,0,0.0195731149454117,0.369488731969518,0.000307215999143193,0,0.000484985998647403,0.000193422999460555,0,0.000408585998860478,0.000418275998833453,0.00139122899611994,0,0
"331","MSMA26AZ",0.000966852001761898,0,0,0.0693417551263618,3.19415519771579e-05,0.0598920141091414,0,0,0.0446903150814393,0,0,0.0195480840356226,0.037758269068807,0.486123146885864,0.0350842210639341,0,0,0.00794061101447021,0.00199671200363862,0.001612246002938,0.00158249200288378,0.000314165000572504,0.00188732300343928,0,0.0188656430343789,0,0,0.00338303300616491,0,0,0,0,0,0.000181148000330107,0.056813811103532,0,0,0,0,0,0.000187711000342066,0.012951205023601,0.0392237880714777,0,0.0575165251048126,0,0,0,0,0,0,0.00989808901803733,3.38376258388157e-05,0.0111548940203276,0.0190059530346346,0.00201421400367051,0
"332","CSM9X21J",0.000113234000138401,0,0,0,0,0.00665761900813733,0.0531733160649915,0.0284614940347873,0,0.00909742101111939,0,0.071074984086872,0.21232811425952,0.387273338473348,0.0169861590207615,0,0,0,0.000191835000234472,0,0,0,0,0.000294077000359438,0,0.000649138000793414,0,0,0.0149209930182373,0.000378250000462319,0.00453583600554396,0,2.9362548150941e-05,0.0380311250464838,0.000809503000989421,0.00126605300154744,6.62539548021233e-06,0.000427940000523053,0,0,1.86715690805984e-05,0,0.0243307110297384,0,0,0.00103205600126144,0.106350246129987,0,0.0173017690211472,0.00230292700281477,0,0.000263058000321525,0,4.44202651514236e-05,0.000310791000379867,0,0.00133893200163652
"333","CSM9X22G",0,0,0,0,0,0.000907507999092492,0.0434954729565045,0,0,0.11124025888876,0.112571998887428,0.0278958989721041,0.000205273999794726,0.484535895515464,0,0,0.000133206999866793,0,0,0,0,0,0,0,0,0,0.000337155999662844,0,0.00908158799091841,0,0.00181644999818355,0,0.00108662499891337,0.0386557629613442,0.018686953981313,0,0,0,0,0,0.000578296999421703,0,0.10240996589759,0.0317513989682486,0.00223737099776263,0,0.00833631199166369,0.000714263999285736,0,0,0.000666586999333413,0,0,0.00113352899886647,0,0.000516825999483174,0.0010053989989946
"334","PSMA2675",0,0,0.00139247800130201,0,0,0.016179132015128,0,0,0.0575457810538073,0.00480332900449128,0,0.00320855200300011,0.11656228910899,0.385491102360447,0,0.00466438900436136,0.00129389500120984,0,0.000167077000156223,0,8.23574523687315e-05,0.000805501000753171,0,0,0.00282336100263994,0.000833227000779096,0,0.00160504600150077,0.00505635700472787,0.000519715000485951,0.0285648920267092,0,0.00496455200464203,0.291614389272669,0.00510236300477088,0.0052231260048838,0,0,0,0,0,0,0.00798692700746805,0.0183218630171316,0,0,0,0.00542193400506969,0.0211124660197409,0.00246466500230455,0,3.57361514018934e-05,0.000594678000556044,0.00546619300511108,4.60051604254261e-05,0,4.6621300966838e-05
"335","PSMA269W",0.0138922449788631,0,0,0,0,0.023226587964661,0.0486446419259876,0,0,0.00274350199582579,0.0151413409769626,0.0144580199780023,0.0296276619549218,0.0896864378635429,0.000644921999018757,0.01216568198149,0.00305245899535571,0,0.000877431998664996,0.00080908799876898,0,0.00797944198785936,0.00179772599726478,0.0128447759804568,0.0364141399445962,0.000120482999816686,0,0,0.018560061971761,0.00205665799687081,0.0889083508647268,0,0,0.299536341544258,0.0636905139030955,0,0,0.000558845999149721,0,0,0,0,0.0151225529769912,0.0316691709518157,0,0,0.12567301680879,0.00235586799641557,0.00183377699720993,0.0317469099516974,0,1.92584147823923e-05,3.72251066220632e-05,0,0.00410486099375449,0,0
"336","CSM9X22U",0,0.0143592940008176,0.209327842011919,0.0965825660054995,0,0,0.0328155510018686,0,0.0138854620007907,0.00841250500047902,0,0.038197839002175,0.0747578660042568,0.329549617018765,0.000142059000008089,0,0,0,0,0,0,0,0,2.09409907794592e-05,0,0,0,0,0.00389921200022203,0,0.0185001770010534,0.0117514050006691,0,0.0675046990038438,1.05270926621065e-05,0.000405802000023107,0,0.000233181000013278,0,0,0.000137758000007844,0.00592664000033747,0.0115891970006599,0,0.0040813430002324,0.000111157000006329,0.00318201200018119,0.00537651400030615,0.0320288490018238,0.00295268000016813,0.0136436780007769,0,0,0.000351695000020026,0,0.000200920000011441,6.10118596223164e-05
"337","PSMA26A3",0,0,0.0254742349720138,0,0,0.00994231398907729,0,0,0.124816248862876,0.00730045699197966,0,0.0149726649835509,0.159822873824417,0.404746589555342,0,0.000389768999571797,0.000716730999212593,0.00100501099889589,0.000478838999473943,0.000142307999843659,0.0024373539973223,0.000751747999174123,0,0,0.00255960799718799,0.00117317499871114,0,0.00237770199738784,0.00305585399664281,0.00103198699886625,0.00857542599057897,0,0.00103025599886815,0.139121959847159,0.00680868999251992,0.00384791199577265,0,0.000138439999847909,0,0,7.71597946946079e-05,0,0.029083134968049,0.0374174109588929,0.000119200999869045,0,2.49395114778086e-05,0.00124717899862984,0.000984855998918029,0.000451455999504027,0,9.39557922204791e-05,0.00125237099862413,0.00558746899386156,0.000372056999591255,0,0.000570656999373071
"338","HSMA33M8",0,0.000134607999652131,0.364875973057046,0,1.03627020232077e-05,0.00129672699664885,0.0432546658882164,0.163092477578518,0,0.0713445328156233,0,0.0236083719389885,0.138943535640926,5.79029329544183e-05,0.000486726998742145,0,0.000399230998968262,0.000529672998631159,0.000571123998524036,4.30532877871413e-05,0.00116094299699976,0,0.000298381999228887,0,4.46557674814518e-05,0,0.000157363999593322,0,0.00246322499363425,4.97837025032453e-05,0.0057524749851338,0,0,0.0410283948939697,0.00191336099505527,0.00107964399720986,0.000171998999555501,0,0.00179028999537333,0,0.000506383998691345,0.0134933059651291,0.0274286839291157,0.0750853608059558,0.00181539599530845,0,0.0108359679719965,0,0.00396581698975108,0,0.00162854699579132,0.00012723699967118,0,0,9.0166190799869e-05,0.00046365099880178,0
"339","MSMB4LZ4",0.000436564001473765,0,0.00052792100178217,0.00417467101409297,0.000189594000640037,0.00122447600413362,0.000234690000792273,0.00542084801829985,0,0,7.41015820860357e-05,0.0243850310823197,0.0043541030146987,0.850451471870978,0.000551739001862576,0,0,0.00284031400958841,0.00485301801638295,0.00122479300413469,0.00351866101187839,2.18070370138905e-05,0,0,0,0,0,0,0.00071899700242721,0,0.000334833001130339,0.00345715601167076,0,0.0366748841238081,0.0185208440625232,0,0,0,0,0.000803473002712387,0.0005909070019948,0.000223575000754751,0.0183332610618899,0.000411475001389069,0,0,0,0.000162388000548194,0.00171301700578285,8.05590056678187e-05,0,0.0100203330338269,0,0.00274789800927643,0.00072259600243936,0,0
"340","MSMB4LYH",0.00362339500125086,0,0.0139589660048189,0.0603587550208369,0.00113423800039156,0.000100780000034791,0.0166489430057475,0.188550643065091,0,0,0.0178113060061488,0.034346516011857,0.11218944303873,0.105328503036361,0.012113963004182,6.84613744245816e-05,0.000278533000096154,0.000399173000137801,0,0,0.000133716000046161,0,3.76229174765719e-05,0.000186511000064387,0,0,0.00414135800142967,0,0.0135791590046878,0,0.0149163150051494,0.208392230071941,0,0.0951149290328353,0.00112523400038845,0.00403823400139407,0,0.000435069000150193,0,0.00913718800315432,0.000225367000077801,0.0147886440051053,0.0120874420041728,0.0172236480059459,0.000532395000183792,0,0,0.00184919700063837,0.0258418870089211,0.00880635300304011,0.000120023000041434,0,0,4.23103629326694e-05,0,0,0.000333549000115147
"341","PSMB4MC5",0.004434876,0,0,0,0,0.012958917,0.035715577,0,0,0.007373731,0.02969703,0.015931811,0.052932579,0.188860688,0.002388697,0.0009131,0.000653339,0,0,0.000970967,0,0.000549094,0.003766432,0.006801235,0.020684527,0,0,0,0.013605873,0.00171919,0.204870577,0,0,0.132494197,0.018803013,0,0,0.000258485,0,0,0,0,0.04390646,0.062148041,0,0,0.060827322,0.002924814,0.010643616,0.060173132,0,0,0.00242763,0,0,0,0.00056505
"342","HSM5MD43",0,0,0,0,0,0,0,0,0.235649819,0.023074917,0,0,0.037890605,0.260840168,0,0,0.005678041,0.000666286,0,0.001406238,0,0,0.000362314,0.000184769,0,0,0,0.267733439,0,0,0,0,0,0,0,0,0,0.00030222,0,0,0,0,0.132679949,0.029640354,0,0.003890881,0,0,0,0,0,0,0,0,0,0,0
"343","CSM5MCX3",0.000442888000323997,0,0.00681978300498905,0.0502240700367417,0,0.00304262300222585,0.0197461220144454,0,0,0.0236257980172836,0.0827570410605413,0.006278412004593,0.23549855817228,0.135240589098936,0,0.000799848000585133,0.0006866200005023,0,0,0,0.00112029300081956,0,0.00197727300144648,0.00171937300125782,0,1.42829926291364e-05,0.00234517500171562,0,0.016582554012131,0,0.100377417073432,0.080143023058629,0,0.119700808087568,0.00686965900502553,0.00522573200382291,0,4.36552758584089e-05,0.000324593000237458,0,0.000578692000423345,0.00594011200434552,0.00921241500673939,0.0119940280087743,0,0,0.0510534050373484,0.000483433000353658,0,0.0056613640041416,0.00605403100442886,0,0.0072907770053336,0,0.000125552000091848,0,0
"344","HSM5MD3Y",3.27470821060249e-06,0,0,0,0,0.00717744399977181,0,0,0,0.168232300994651,0.138470729995598,0,0,0.523631982983352,0,8.18677052650621e-06,0.00221482799992958,0,0.00119393799996204,0.000621375999980245,0,0.00156305899995031,0.00154494599995088,0.000148691999995273,0,0.000871992999972277,0.00121553099996136,0.00464742499985225,0,0,0.0086844239997239,0,0,0,0.00746950699976253,0.00070048099997773,0,0,0,0,0,0,0,0.121671578996132,0,0.00202847699993551,0.000900237999971379,0,0,4.35945530536456e-05,0,0.00322773699989738,0,0.00356636199988662,0,0,0.000161892999994853
"345","HSM5MD41",0,0.000263231000801921,0.00705618702149634,0,0,8.24094568069573e-05,0.0286044640871421,0,0,0.00839847102558554,0.0148693000452986,0.00477604701455,0.0601615161832792,0.255987069779852,0,0.00139998100426498,0.000204663000623496,0.00384537501171475,0,2.46030875011524e-05,0.00372083601133535,0,0.00153997900469147,0.00127315500387861,0,0,0.00463626701412417,0.00968817302951456,0.0249718070760754,0.00120152300366038,0.030811230093865,0,0.00427767101303172,0.280508182854555,0.0133561020406887,0.00253771000773101,0.000438174001334876,8.65462591301599e-05,0.00350245601067007,0.035132991107031,0.000323324000984991,0,0.0166204740506335,0.0373127591136716,0.00915311102788452,0,0.111196266338754,0.000950158002894611,0.00363984201108861,0.00172635300525925,0.0129574450394742,0,0.000553678001686754,4.36541508316907e-05,0.00162130000493921,0.000545514001661883,0
"346","CSM67UFZ",0,0.0436327910872656,0,0,0,0,0.0324573250649147,0.043414471086829,0,0.0268368870536738,0.0102437080204874,0,0.0202474380404949,0.0338655750677312,0,0,0,0,0,0.000361267000722534,0.000340042000680084,0.000357802000715604,0.000278098000556196,0,0,0.00161530700323061,0.00452667200905334,0.00314874500629749,0.0246944060493888,0,0.649296374298593,0,0.00092309500184619,0.0657654041315308,0.0066847470133695,0.000213988000427976,0,0,0.00142601000285202,0,0,0,0.016393485032787,0,0,0,0,0,0.011629000023258,0.000444004000888008,0,0,0.00120335800240672,0,0,0,0
"347","HSM6XRTM",0,0.000332558999680758,0.00669001999357787,0,0,6.97690950410666e-05,0.0304056799708119,0,0,0.00953525599084657,0.0170243189836574,0.00410438199605997,0.0646012299379856,0.29207621171962,0,0.00148385899857556,0.000426317999590753,0.00186417699821047,0,0.000137446999868057,0.00273805199737159,0,0.00228246199780894,0.00247306099762597,0,9.56298794805788e-05,0.00567110499455599,0.00762551999267983,0.0292603219719114,0.000615816999408842,0.0428067509589074,0,0.00481967999537332,0.238401217771145,0.0141925089863758,0.00389683499625921,0.000337180999676321,6.75681772164274e-05,0.00458231099560118,0.0380495769634741,0.000418614999598148,0,0.0180246369826971,0.046640639955227,0.00646530599379359,0,0.0697657939330279,0.00556656099465634,0.00528462399492699,0.00165619099841013,0.0177194789829901,0,0.000300204999711816,5.46928079422873e-05,0.00119872999884927,0.000237698999771819,0
"348","HSM6XRTQ",0,0.000225510999575149,0.0327327729383332,0.00324090399389431,0,0,0.0462227019129189,0.000435937999178716,0,0.0255584919518492,0.0593660878881575,0.0068376709871182,0.0881074808340103,0.372903939297469,0,0.00020993699960449,0.000342250999355218,0.000514909999029937,0,0.000466226999121654,0.00302765599429606,4.08347254793784e-05,0.00145079799726678,0.00285511999462111,0,0.00016554599968812,0.00121449599771196,0.0109052019794552,0.00658971898758533,0.000224774999576536,0.0198920299625245,0,0.00745693598595154,0.118336458777061,0.00456564099139858,0.0105923809800445,0.000664759998747628,0.000419628999209442,0.0053766949898706,0.0217385439590458,0.00013783299974033,0,0.0218799329587794,0.0942871358223681,0.000170205999679341,0,0.00339406499360576,7.02651582573086e-05,0.000384311999275977,0.000645261998784361,0.0211679609601207,0,0.00087690399834796,0.000308160999419441,0.00313409599409553,0,0.000861820998376376
"349","PSM6XBT3",0,0,0,0.000542093998513601,0,0.0161095569558283,0.00944947297408994,0.25874943229052,0,0.109960125698494,0.316008624133517,0.00648155498222784,0.0857795267647961,1.22645630151836e-05,0,0.00483746398673587,0.0395247408916248,0,0.00417272398855856,0.0015417089957727,0,0.00480045698683735,0.000801888997801253,0,0,0,0,0,0,0,0.0028554039921706,0,0,0.0474659918698502,0.00326141399105734,0,0,0,0,0,0,0,0.0340386419066675,0.00304907699163956,0,0,0.039732171891056,0,0,0,0,0.0108111589703562,0,0,0,0,1.45041788701301e-05
"350","CSM79HMN",0,0,0,0,0,0,0.18048485463903,0.106732291786535,0,0.076839508846321,0.0505484068989032,0,0.18457009463086,0.068753004862494,0,0,0.000496793999006412,0,0,0,0,0.00236293299527413,0.00105153199789694,0,0,0,0,0.0078660499842679,0.00547576198904848,0,0.171312698657375,0.0140009689719981,0,0.0431766509136467,0.0144346709711307,0.000444290999111418,0,0,0.00318018699363963,0,0,0,0.0682692998634614,0,0,0,0,0,0,0,0,0,0,0,0,0,0
"351","PSM7J1AU",0.00143877399814618,0.0164571359787954,0.0018720629975879,0.0187948749757833,0.00117333499848819,0.000478156999383908,0.0574314269260012,0.106848562862329,0.0579199129253718,0.00164126999788527,0.0352701949545553,0.0500907949354594,0.0427205739449557,0.0830007628930559,0.010682456986236,0.000655151999155855,0,0.000138905999821024,0.000680436999123276,0,1.20507556152692e-05,0,0.000222508999713303,0.00135248199825737,0.00090143999883852,0.0030275369960991,0.00694618499105004,0.0286187149631256,0.00415309899464885,0.000428124999448373,0.0572153739262796,0,0.000948028998778491,0.236065909695836,0.000839033998918928,0.00497889899358483,0.000384978999503965,6.26208907864882e-05,9.1994607598707e-05,0.0100664699870296,0.000253710999673101,0.00527285099320608,0.0261223799663421,0.00696544399102522,0,0,0.0836136298922662,0.0181092729766667,0.00173928999775897,0.000549707999291717,0.0122948909841584,0,2.07660342298835e-05,0.000937591998791939,0.000510219999342596,0,0
"352","MSM79HAJ",0.00323569699570804,0.0668015949113916,0,0.0951641788737703,0.00957608698729788,0.00151728299798741,0,0.614954862184298,0,0,0,0.127380084831038,0,6.12848411894458e-05,0,0,0,0,0,0,0.000428383999431774,0,0.000131106999826094,0.000220950999706921,0.000296057999607296,0,2.88638389681635e-05,0,0.00815962398917674,0,0.000772513998975305,0,0.000476659999367738,0.0582513939227329,7.42938953722802e-05,0.000973849998708245,9.24862445810875e-06,5.88456435301645e-05,0.000245037999674971,0,0,0,0,0,0,0,0.00267518999645152,0.000272681999638303,0,0.00783561798960651,0.000191679999745748,0.000119215999841867,0,0,0,0,8.7709482498328e-05
"353","HSM7J4HO",0,0.00720643500720643,0.0444204630444205,0,0,0.00066075000066075,0,0,0.299476072299476,0.0178821400178821,0.189356844189357,0.0417155470417155,0.221207144221207,0,0.0237208690237209,0,0,0,0.000159155000159155,0.000139235000139235,0,0.000187906000187906,0,0.00217118200217118,0,0,0.000100011000100011,0,0,0,0.00548068100548068,0,0,0.0300127270300127,0.0021411990021412,0.000542462000542462,0,0,0,0.00141689000141689,0,0,0.0753578290753578,0,0.0113008250113008,0,0.022156016022156,0,0,0.00191838200191838,0,0,0,0,0,0.00126923500126924,0
"354","CSM7KOLY",0,0,0.00287963600476465,0.0415820260688017,0.00096130700159058,0,0.0436654320722489,1.77613454283166e-05,0,0.0148106640245057,0.109515829181205,0.0198800650328936,0.119321136197429,0.26266752243461,0.0761854101260565,0,0,0.000100717000166646,0,0,0,0,0,0.000401720000664686,0,0,0,0,0.0288067080476636,0,0.0385981200638645,0.0135632950224418,0.00131998100218404,0.093870382155318,0.00339576000561863,0.0011946070019766,0.00011576200019154,0,0.000465765000770655,0,0.00137640000227739,0.00742863001229142,0.027560698045602,0.0113233800187357,0.000119210000197245,0.000590721000977408,0.0148281110245346,0,0.0616935111020782,0,0,0.00147795300244542,0.000281779000466232,0,0,0,0
"355","HSM7J4GR",0.00214883800408697,0.0839378891596451,0.000776956001477726,0.0820259931560087,0.000507767000965744,0.000807333001535501,0.0570312591084702,0,0.0879280551672341,0.0218090970414797,0.0207463610394584,0,0.0230646110438676,0.254746822484514,0.00600931701142938,0,9.53377616576977e-05,0.000398409000757751,3.91398898962362e-05,0.00204497200388942,0.000574480001092628,0,0.00285078600542203,6.92834468909495e-05,0,0.00111986800212992,0.0072759300138384,0.00238204200453051,0.00588325101118961,0.000505314000961078,0.000108073000205549,0.005056406009617,0.00130096300247436,0.215096594409101,0.000486269000924856,0.00677657501288866,0.00360238900685154,0.000220235000418874,0,0,0.0003439640006542,0.00853927201624121,0.00690731401313732,0.060504428115076,0,0,0,0.0003250360006182,0.00167518700318611,0.000677062001287733,0,0.0109854570208937,0.00361816200688154,0.00461348300877458,0.00438401800833815,0,0
"356","HSM67VH1",0.00130602799608192,0.0147570539557288,0.0563459688309621,0.0721172597836482,0,0.000300982999097051,0.0784646237646061,0,0.000840114997479655,0.00360325698919023,0.00112130599663608,0.0734814717795556,0.170215883489352,0.2231666773305,0.0467820948596537,0.00127044599618866,0.000363493998909518,0.000608887998173336,0.000100147999699556,0.000113341999659974,0.00718174697845476,0,0.0018120649945638,0,0.0160734639517796,0.000265401999203794,0.000924904997225285,0,0.00151789499544631,0.000270484999188545,0,0.0084491649746525,0.00132149299603552,0.0945704237162887,0.000697895997906312,0.00534523998396428,0,0,0.00109015899672952,0,0,0.0191262329426213,0.0710034157869898,0,0.00561734698314796,0,0.00595542598213372,0.0082311329753066,0,0.00120620499638138,0,0,0.000797178997608463,0.00132863099601411,0.00125963099622111,0.000995418997013743,0
"357","HSM7J4HS",0.000172127000516381,0.000734022002202066,0.0167685660503057,0,0,0.00931727902795184,0,0,0.223547911670644,0.021798000065394,0.28430991585293,0.0341112991023339,0.158918921476757,0.000511882001535646,0.0816168322448505,0,0,0,0.00343242301029727,0.000686873002060619,0,0.000172843000518529,0,0.00107500400322501,0.00038138000114414,0,0.00128967700386903,0,0,0.00226220200678661,0.00150864600452594,0,0,0.0478336291435009,0.00473999901422,0.0012202330036607,0,0,0,0.014086323042259,0,0,0.0537127571611383,0,0.0177291250531874,0,0,0.000186855000560565,0,0.0154876840464631,0,0,0,0.00129039300387118,0.000165275000495825,0.000931922002795766,0
"358","MSM79HAN",0.000150643000226748,0.0654949310985829,0,0.107712813162129,0.00618497100930961,0,0,0.654948693985828,0,0,0,0.104775679157708,0,0,0,0,0,0,0,0,0,0,0,0,0.00214799700323316,0,0,0,0.0116809950175822,0,0.000531652000800242,0,0.000216447000325796,0.0401293440604026,0,6.1096494892927e-05,0,0,0,0,0,0,0,0,0,0,0.000303947000457501,0.00407197400612913,0,0.000900790001355868,0,0,0,0,0,0,0.000688026001035616
"359","PSM7J193",0,0,0.0154990380100526,0.0841902390546054,0.0047248310030645,0.000162599000105461,0.0375639660243638,0.0124578660080801,0.0111797600072511,0.0240824100156197,0.237965855154343,0.000609629000395402,0.246097116159617,0.117433154076167,0.0403109000261454,0.00326096500211504,0.00389907300252892,4.45493514340602e-05,0.000111078000072045,0.00312637200202775,0.00329050700213421,0.000545582000353862,0.00598769300388359,0.00724051000469616,0,0,0.000693410000449742,0,0.000207739000134738,0.00183692200119142,0.00201807400130891,0.0134917180087507,0,0.00712116100461875,0.00379272100245994,0,0,0,0,0,0.000443721000287795,0.0142327500092313,0.0237533120154063,0.0465980310302232,0.000492761000319602,0.000290339000188312,0.000109069000070742,0.00617321700400392,0,0,0,0.00150203400097421,0.0148902370096577,0,0.0025690910016663,0,0
"360","HSM7J4JZ",8.33100288291055e-05,0,0.038186908947461,0,0,0.0144295569801473,0.0343896859526854,0.362675132501018,0.00101881199859828,0.0176477329757196,0,0.00963857998673889,0.0272193819625506,0.000160327999779415,0.000513961999292872,0,0.00791412698911145,0,0,0,0,0,0.00213123999706776,5.4021346818873e-05,0.00102965999858336,0.000399735999450028,0.000432604999404806,0,0.0844508768838094,0.00156379899784847,0.0263689259637207,0,0.000238864999671361,0.227711692686706,0,0.00680734099063421,0.000872802998799165,0.00111752599846247,0.000125073999827919,0,0,0.00872119298800106,0.00684281199058541,0.0731270048993892,0.00232899299679569,0,0.00308637599575365,0.000582301999198847,0.0326992949550111,0.000141236999805681,0,0,0.000278784999616437,0.000291910999598378,0,0.000513636999293319,0.00420476999421492
"361","PSM7J12V",0,0,0,0,0,0.0224518559881184,0,0.224931964880965,0,0.0243383419871201,0.0435959289769289,0,0.0635545669663667,9.3786085612234e-06,0,0.00589466899688052,0.00314279299833682,0,0.010504467994441,0,0,0.000899706999523872,0,0,0,0,0,0.00116316099938445,0.0555724119705909,0.00189213399899868,0,0,0,0.156506062917177,0.00197451699895508,0,0,0,0,0,0,0,0,0.0114871969939209,0,0,0.17711544890627,0.0059134259968706,0.16900945391056,0,0,0.0200199189894054,0,0,0,0,2.25939206247655e-05
"362","HSM7J4NE",0.000558531001198568,0,0,0.0248802320533912,0.000114938000246649,0.00111506500239285,0.0668047381433582,0,0.0056568510121392,0.00224883200482583,0.00988505402121262,0,0.00811903601742287,0.232271180498437,0.00133495400286472,0.00153378100329138,0,0,0,0.00228260500489831,0,0.000148893000319514,0.00410255200880378,0.000501697001076606,0,0.00163328600350491,0.018047669038729,0.00719971201545007,9.82331829078161e-05,0.000818186001755769,0.00225518700483947,0,0,0.453568388973325,0.000522216001120638,0.00374520800803695,0.00216203800463958,0.000418535000898146,0,0,0,0.00242260100519873,0.0111993090240329,0.0154048150330576,0,0,0,0.000704519001511847,0,0.0492168221056158,0,0.013056842028019,0.0123330760264659,0.043552707093461,0,0,8.17096715499395e-05
"363","HSM7J4K8",0,0,0,0,0,0,0.0110643619889356,0,0.138047172861953,0,0,0.0686383279313617,0,0,0,0,0.00791135999208864,0,0.0439891339560109,0,0,0,0.00572866599427133,0,0,0,0,0.00134932299865068,0,0,0.395021304604979,0,0,0.213234106786766,0,0.0165013159834987,0,0.00176055199823945,0,0,0,0,0,0,0,0,0,0,0.0770468569229531,0,0,0.00238017599761982,0,0,0,0,0.0173273419826727
"364","MSM9VZLP",0,0,0,0,0,0,0,0,0,0,0,0,0,0,0,0,0,0,0,0,0,0.03886431,0,0,0,0,0,0.06189402,0,0,0,0,0,0.747381548,0.010432415,0,0,0.011231465,0,0,0,0,0,0,0,0,0,0,0,0,0,0.084021709,0,0,0,0,0.046174533
"365","PSM7J12F",0,0,0,0,0,0,0,0,0,0,0,0,0,0,0,0,0.007423966,0,0.002666009,0.016379755,0,0.062524503,0,0,0,0.001511257,0,0.030633627,0,0,0,0,0,0.51986361,0.069189069,0,0,0.001019921,0,0,0,0,0,0,0,0,0,0.011475084,0.230020098,0.029858917,0,0.006188085,0,0,0.005559404,0,0.005686695
"366","HSMA33NW",0,0,0.00557461898629149,0.048652883880358,0.0045515579888073,0.00257479499366834,0.0155562339617458,0,0,0.0568401798602247,0.196743539516189,0,0.0798316738036865,0.328854280191317,0.00895046097798998,0.000448410998897316,0.00013792899966082,0.000238874999412584,0.000918517997741279,0.000164682999595029,0,0,0.00100945899751765,0.000652438998395592,7.07070875653021e-05,1.48383713173607e-05,0.00232051899429363,0,0.00957940497644335,0,0.00914976697749987,0,0,0.136547189664218,0.00357559799120727,0,0,0.000157938999611613,0,0,0,0.00217202299465879,0.0169780199582495,0.0163679599597497,0.0063554319843714,0,0.00277960899316468,0,0.0371178489087238,0.00252825599378278,0,0,0,0.000268214999340434,0,0.00128599199683763,0.00103014299746678
"367","HSMA33MZ",0,0,0,0,0,0,0,0,0,0.6714392,0,0.1301889,0,0,0,0,0,0,0,0,0,0,0,0,0,0,0,0.1983719,0,0,0,0,0,0,0,0,0,0,0,0,0,0,0,0,0,0,0,0,0,0,0,0,0,0,0,0,0
"368","HSMA33O1",0,0,0.0339097740771444,0,0,0.00131488300299134,0.08758281619925,0,0,0.0271462840617575,0.326578493742963,0,0.0778626001771366,0.293823591668446,0,0.000292967000666497,5.53147855064847e-06,0,9.3632846011886e-05,0.000162927000370657,0,0.000153675000349609,0,2.33327822500081e-05,3.76140541444097e-05,0,0.000176504000401545,0.000555260001263211,0.000146433000333134,0.000268327000610441,7.74406997090787e-05,0,0,0.0794338421807111,0.00052830600120189,0.00013748200031277,4.73695708610079e-05,0,0,0.00645201701467827,0.000193602000440442,0,0.0231797110527336,0,0,0,0.0179691590408796,0.00067182300152839,0.0177081740402859,0.00185163700421245,0.000754091001715549,0,6.78863276670495e-05,0.000433467000986133,4.37489667187651e-05,0,0.000315596000717978
"369","CSM9X1Y5",0,0,0.00557967600527732,0.0564390260533807,0.00258553200244542,0,0.0491795120465145,0,0,0.00688387200651084,0.19541989618483,0.0196345920185706,0.0833164270788016,0.349135310330216,0.0644108080609204,0,0,0.000110780000104777,0.00166027500157031,3.33000186926941e-05,0,0,0.000215406000203733,0.000309042000292295,0,0,0,0,0.0168128830159018,0,0.0148852180140786,0.0140400790132793,3.23109092265745e-05,0.0324789480307189,0.00745810500705396,0.0021920860020733,3.74762586607548e-05,0,0.00022507700021288,0,0.000662703000626792,0.0115991770109706,0.0319994500302654,0.0156472720147994,0.00048993900046339,0.000751393000710676,9.97901550262912e-05,0,0.0153712010145382,0,0,0.000197602000186894,6.02257763815062e-05,0,2.78049661031406e-05,0,1.78039703901533e-05
"370","MSM9VZNX",0.00580550302984397,0.000756713003889985,0.00224973501156507,0.0433158382226709,0.00752528503868474,0.00925106104755633,0.0164587430846084,0.0674126133465436,0,0.0262248861348126,0.0755184593882128,0.0114029210586183,0.0384494251976545,0.0806472554145781,0.00154639700794946,0.000291664001499338,0.00100376300515998,0,0.000337662001735797,0,0.000455596002342053,0,0.00194665701000705,0.00397873902045324,0,0.000449140002308865,0.0278519811431769,0,0.00632738603252678,0.000675093003470407,4.35767222308099e-05,0.386011251984343,0,0.0794299894083206,0.000542288002787705,0.0208619521072437,0.00070633500363101,0,0,0,0.00146397000752574,0.0177182030910828,0.0216481781112854,0.0108076030555579,0.00682690403509462,0.000404641002080112,0.0150136790771798,0.000555891002857633,0.00270198701388993,9.61454665092474e-05,0,0,0.00127905700657516,0.00336382301729219,6.47886716764953e-05,0.000577219002967272,0
"371","HSMA33OR",0,0,0,0,0,0,0,0,0,0,0,0,0,0,0,0,0,0,0,0,0,0,0,0,0,0,0,0,0,0,1,0,0,0,0,0,0,0,0,0,0,0,0,0,0,0,0,0,0,0,0,0,0,0,0,0,0
"372","MSM9VZLV",0,0,0,0,0,0,0,5.85841259180587e-05,0,0,0,0,2.37591177334349e-05,4.46975182930374e-05,0,0,0,0,0.00447246400685338,0.000300081000459829,0,0.0123176380188749,7.91970591114498e-06,0,0,0,0,0.00331781400508406,0.214980308329425,0.00141903800217446,0.0278320160426484,0,0,0.5350598878199,0.0153528380235259,0,0,0.00248874000381362,0,0,0,0,0,0,0,0,0.139812101214241,0.01705872102614,0.0120550940184726,0,0.00895501801372223,0.00398448000610562,0,0,0,0,0.000458800000703043
"373","PSMA264Q",0,0,0,0,0.000978945999021054,0,0.242728780757271,0,0.0296358649703641,0.0066587979933412,0.13070982286929,0,0.080108014919892,0.275483931724516,0.0220459419779541,0,0,0.00236475499763524,0,0.00259922099740078,0.000305257999694742,0.00477799399522201,0,0.00257072699742927,0,0,0,0,0,0.000257436999742563,0.0907356089092644,0.0112230889887769,0,0.00258530499741469,0.0365941779634058,0,0,0,0,0,0.000257657999742342,0.0211947759788052,0,0.0119997079880003,0,0.000216242999783757,0,0,0,0,0,0.00091974999908025,0.00153214299846786,0,0.021516047978484,0,0
"374","MSM9VZIM",0,0.0300024270633265,0.0382725890807824,0,0,0.012160360025667,0.0512364031081453,0,0,0.066718690140824,0.14424037130445,0.00453069500956299,0.0235864650497842,0.279699057590364,0,0,0.012215315025783,0,0.000634329001338886,0.00114674900242046,0.000449727000949244,0.00139583700294621,0.00416530600879176,0.00519766001097076,0,0.00344574200727297,0.01921625904056,0.000145460000307024,0,0.00275511300581525,0,0.0492599571039736,0,0.0223460700471661,0.0312368780659321,0.014071534029701,0.000113385000239323,0,0.00537284101134052,0.00873357201843406,0.00225974000476966,0.00978073002064431,0.0450214160950273,0.0240184730506961,5.98888894140579e-05,0.0289659230611387,0,0.00148757700313985,0.014996335031653,0,0.0155254660327698,0.00311153100656755,0.00383546800809557,0.0105498650222677,0.00803879401696758,0,0
"375","HSMA33OZ",0.00260914200501891,0.00282248400542929,0.0191722110368794,0,0.00129651900249397,0.00374777300720916,0,0,0,0.0273627540526346,0.476680756916936,0,0,0,0.0209209620402433,0,0.000174354000335385,0.000743186001429582,0.000253540000487706,5.79970765261612e-05,0.00618086601188942,0,0,0.000397020000763702,0.000412155000792815,0,0.00186111300358001,0,0.00467088400898484,0.000934855001798273,0.0498009630957964,0,0,0.303455960583723,0.00893796701719294,0.00276000700530911,0.000161036000309767,0,0,0.00807878701554024,0,0,0,0,0.0170331000327646,0,0,0.00292249600562167,0.0141890630272939,0.0116513580224124,0.00416658700801479,0.00494343300950912,0.000361301000694993,0.000138878000267144,0.000167695000322576,0.000932796001794313,0
"376","MSM9VZIQ",0,0.0211087949659621,0.0271122049562816,0,0,0.00243796799606878,0.27915027554987,0,0.00414465899331674,0.0218763789647243,0.0494633169202404,0.0166761779731097,0.0273951549558253,0.3484026754382,0,0,0.00209230499662616,0,0,0.00303380199510799,0.000201228999675518,0.00166161999732064,0.00152583599753959,0.00120156999806247,0,0.000574094999074271,0.00189300999694752,4.16571533652293e-05,0.000529136999146766,0.000337126999456382,0.000262576999576594,0.066761506892347,0,0.00815000598685811,0.00868449198599625,0.00313953799493749,5.3494158693054e-06,0,0.00201263199675463,0.00327543599471836,0.000835988998651967,0.0263145729575677,0.0415882939329388,0.00722762998834544,0,0.0100311789838247,3.17550431390683e-05,0.00166150599732082,0.00184748299702093,0.000130320999789857,0,0.00136717399779543,0.00188470199696092,0.00144718799766641,0.0024816739959983,0,0
"377","PSMA267J",0.00141761399625378,0,0.00348112199080071,0.12349841367364,0.00199620699472478,0.00691655098172218,0,0.324051278143655,0.0937616097522236,0.0126848079664789,0,0,0.18872159550128,4.07412062349544e-05,0,0.0105785329720449,0.00578873998470255,6.26874361128995e-05,0.000481466998727665,0.00019751599947804,0,0.000114232999698125,0.00223074999410497,0.019597195948212,0,0.00102640799728759,0.00457674598790539,0.00169188599552899,0,0.00368707899025645,0.000135503999641914,0,0,0.0760416607990507,0.0204778579458848,0.0379192588997938,0.0024147609936187,0,0.000133252999647863,0,0,0.0204462329459684,0.0147415639610436,0,0.0021363249943545,0,0,0,0,0,0,0.000782410997932384,0.000263579999303458,0.0106167979719438,0.00632085198329638,0.00096675999744522,0
"378","MSMA26ET",0,0,0,0,0,0,0,0,0.000342286000235136,0,0,0,0,0,0,0,0,0,0.00180567400124042,3.27423130644237e-05,0,0.00465145500319535,0,0,0,0,0,0.00102168900070186,0.140209908096318,0.00324719700223069,0.195094534134022,0,0,0.335179181230254,0.00622405500427567,0,0,0.00119531000082113,0,0.0454433150312177,0,0,0,0,0,0,0.112913590077567,0.0423811550291141,0.0980108830673294,0,0.00548261400376633,0.00601640000413301,0,0,0,0,0.000748011000513852
"379","HSMA33MI",0,0,0.0128586399951138,0.0891530969661221,0,7.71545936656357e-05,0.106093765959685,0,0.0264266879899579,0.0487141699814888,0,0.00558103299787923,0.298258441886663,0.203075850922832,0.0321058179877999,0,0.00117426499955378,0.000120691999954137,0.000529886999798645,0,8.58344854530197e-05,0,0,0,0.000482904999816498,0,0.00129302799950865,0,0,0.00055881999978765,0.00157229999940253,0,0,0.0234584409910859,0.0010913239995853,0.00236781899910024,2.38352584002768e-05,0.000659533999749379,0,0,0,0,0.0431707509835953,0.0976764759628833,0,0,0,0,0,0.00307061499883318,0,5.51104240468826e-06,0.000313302999880946,0,0,0,0
"380","PSMA267P",0.00139497600104637,0,0.0015657970011745,0.0536108630402133,0.000209660000157265,0.00278599600208976,0,0.439017952329305,0.058665838044005,0.0525454210394141,0,0,0.219458869164615,0,3.2366036400346e-05,0,0.000489686000367311,0,0.00142350600106777,0,0,0,0.000336127000252127,0.0151016330113277,0,0.00436857600327685,0.00722613700542029,6.04166012806459e-05,0,1.45047792757107e-05,0.000324140000243136,0,0,0.0772809840579681,0.00903288100677552,0.00130926600098207,8.21138330897667e-05,0,0,0,0,0.014396773010799,0.0174232370130691,0,0.00750244700562755,0,0,0,0,0.00870095000652655,0,0.000300645000225513,0,0.00224536400168424,0.000835523000626722,0.00225735100169323,0
"381","PSMB4MBK",0,0,0.000553109000553109,0,0,0.0591558560591559,0,0,0.0318949110318949,0.00143725500143725,0,0.000741915000741915,0.0616379210616379,0.316434216316434,0,0.00286916600286917,0.00315613700315614,0,0.00138031900138032,0,0,0,0,0,0,0.0004977000004977,0,0.000533803000533803,0.00143147400143147,0.00541754700541755,0.0623273720623274,0,0.0149000270149,0.273873818273874,0.00160500900160501,0.0170392760170393,0,0.00562271400562271,0,0,0,0,0.00806485800806486,0.0195948570195949,0,0,0,0,0.0296786570296787,0.000750204000750204,0,0,0.0203764740203765,0.0590254040590254,0,0,0
"382","MSMAPC5D",5.49557489575334e-05,0,0.0231805460223747,0.0642686980620344,0.00304799300294203,0,0.00311232300300412,0.109045915105255,0,0,0.0217473610209913,0.0241923640233513,0.101910808098368,0.0686001250662152,0.0141898320136965,0,0,0,0,0,0,0,6.53844518513936e-05,0,0,0,0,0,0.01477360501426,0,0.0127520770123087,0.0747947740721945,0,0.185237316178797,7.32352731310413e-05,6.3861158170268e-05,0,0.000286848000276876,0,0.0374635330361611,0.000208808000201549,0.0146404930141315,0.00224346000216546,0.00928470900896192,0.000278880000269185,0,0.085939777082952,0.0497308520480019,0.0763159590736628,0.002464689002379,3.08174029335421e-05,0,0,0,0,0,0
"383","MSMB4LZR",0.00084322100106829,0,0.0422153110534832,0.0560026310709506,0.00291773200369652,0,0.0041838610053006,0.213637603270661,0,0,0.00394034600499209,0.0572120520724828,0.0929411681177486,0.0969313041228038,0.0384862340487588,0,0,0,1.11194040041495e-05,0,6.49867389575852e-05,0,0.000140722000178283,0.000203732000258111,0,0,0.000369041000467544,0,0.00927852501175511,0,0.00836302701059525,0.155010298196385,0,0.118092765149614,0.000473316000599651,0.000885722001122135,0,0,0.000161602000204736,0.0165413490209565,0.000490242000621095,0.0121355940153748,0.00846631401072611,0.0128110360162305,5.32495902865385e-05,0,0.031255409039598,0.00755847700957595,0.00706786400895439,0.0012541450015889,0,0,0,0,0,0,0
"384","HSMA33RX",0.00128021099654454,0,0.025218860931931,0.14485026160903,0,0.000445549998797403,0.146080690605709,0,0.0534291348557878,0.132393300642653,0,0.00248567899329083,0.109325643704916,0.128083541654286,0.0160671249566327,0,0.000662015998213133,0,0.000957107997416641,0,0,0,0,0,0,0.000750210997975083,0.00124887199662913,0,0.0195067219473488,0.00174475999529067,0.00265693799282858,0,0,0.0919899557517071,0.00077489399790846,0.00966495797391302,0.00112365199696712,0.000441112998809379,6.91968682319859e-05,0.0153988689584364,0,0,0.0110211609702525,0.073084650802735,0,0,0,0.00199131699462518,0,0.00011925699967811,0.00334696499096611,0,0.0026316999928967,0.000363317999019357,0.000713878998073147,0,7.84878304996072e-05
