"","Absiella_dolichum","Acetobacter_sp_CAG_267","Acidaminococcus_intestini","Actinomyces_graevenitzii","Actinomyces_massiliensis","Actinomyces_naeslundii","Actinomyces_odontolyticus","Actinomyces_oris","Actinomyces_sp_HMSC035G02","Actinomyces_sp_HPA0247","Actinomyces_sp_ICM47","Actinomyces_sp_S6_Spd3","Actinomyces_sp_oral_taxon_181","Agathobaculum_butyriciproducens","Aggregatibacter_aphrophilus","Aggregatibacter_segnis","Akkermansia_muciniphila","Alistipes_finegoldii","Alistipes_indistinctus","Alistipes_inops","Alistipes_obesi","Alistipes_onderdonkii","Alistipes_putredinis","Alistipes_shahii","Alistipes_timonensis","Allisonella_histaminiformans","Alloprevotella_tannerae","Alloscardovia_omnicolens","Anaerococcus_vaginalis","Anaerofilum_sp_An201","Anaerofustis_stercorihominis","Anaeromassilibacillus_sp_An250","Anaerostipes_caccae","Anaerostipes_hadrus","Anaerotignum_lactatifermentans","Anaerotruncus_colihominis","Anaerotruncus_sp_CAG_528","Asaccharobacter_celatus","Atlantibacter_hermannii","Atopobium_parvulum","Azospirillum_sp_47_25","Azospirillum_sp_CAG_260","Bacillus_hisashii","Bacillus_thermoamylovorans","Bacteroides_caccae","Bacteroides_cellulosilyticus","Bacteroides_coprocola","Bacteroides_dorei","Bacteroides_eggerthii","Bacteroides_faecis","Bacteroides_finegoldii","Bacteroides_fragilis","Bacteroides_galacturonicus","Bacteroides_intestinalis","Bacteroides_massiliensis","Bacteroides_nordii","Bacteroides_ovatus","Bacteroides_plebeius","Bacteroides_salyersiae","Bacteroides_sp_CAG_1076","Bacteroides_sp_CAG_443","Bacteroides_sp_CAG_754","Bacteroides_sp_D2","Bacteroides_stercoris","Bacteroides_thetaiotaomicron","Bacteroides_uniformis","Bacteroides_vulgatus","Bacteroides_xylanisolvens","Barnesiella_intestinihominis","Bifidobacterium_adolescentis","Bifidobacterium_angulatum","Bifidobacterium_animalis","Bifidobacterium_bifidum","Bifidobacterium_breve","Bifidobacterium_catenulatum","Bifidobacterium_dentium","Bifidobacterium_longum","Bifidobacterium_pseudocatenulatum","Bifidobacterium_pullorum","Bilophila_wadsworthia","Blastocystis_sp_subtype_1","Blautia_hydrogenotrophica","Blautia_obeum","Blautia_producta","Blautia_sp","Blautia_sp_AF19_10LB","Blautia_sp_An249","Blautia_sp_CAG_257","Blautia_sp_CAG_52","Blautia_wexlerae","Butyricimonas_sp","Butyricimonas_synergistica","Butyricimonas_virosa","Butyrivibrio_crossotus","Butyrivibrio_sp_CAG_318","Campylobacter_hominis","Candidatus_Gastranaerophilales_bacterium","Candidatus_Gastranaerophilales_bacterium_HUM_10","Candidatus_Gastranaerophilales_bacterium_HUM_11","Candidatus_Gastranaerophilales_bacterium_HUM_21","Candidatus_Gastranaerophilales_bacterium_HUM_4","Candidatus_Melainabacteria_bacterium_35_41","Candidatus_Methanomassiliicoccus_intestinalis","Candidatus_Saccharibacteria_oral_taxon_TM7x","Candidatus_Stoquefichus_sp_KLE1796","Catabacter_hongkongensis","Christensenella_minuta","Citrobacter_amalonaticus","Citrobacter_europaeus","Citrobacter_freundii","Clostridiales_Family_XIII_bacterium","Clostridiales_bacterium_1_7_47FAA","Clostridiales_bacterium_KLE1615","Clostridioides_difficile","Clostridium_aldenense","Clostridium_asparagiforme","Clostridium_bolteae","Clostridium_celatum","Clostridium_citroniae","Clostridium_clostridioforme","Clostridium_disporicum","Clostridium_hylemonae","Clostridium_innocuum","Clostridium_lavalense","Clostridium_leptum","Clostridium_neonatale","Clostridium_paraputrificum","Clostridium_perfringens","Clostridium_saccharolyticum","Clostridium_scindens","Clostridium_sp_44_14","Clostridium_sp_AF36_4","Clostridium_sp_AM22_11AC","Clostridium_sp_CAG_122","Clostridium_sp_CAG_12237_41","Clostridium_sp_CAG_138","Clostridium_sp_CAG_167","Clostridium_sp_CAG_169","Clostridium_sp_CAG_217","Clostridium_sp_CAG_221","Clostridium_sp_CAG_226","Clostridium_sp_CAG_230","Clostridium_sp_CAG_242","Clostridium_sp_CAG_245","Clostridium_sp_CAG_253","Clostridium_sp_CAG_265","Clostridium_sp_CAG_269","Clostridium_sp_CAG_273","Clostridium_sp_CAG_277","Clostridium_sp_CAG_288","Clostridium_sp_CAG_299","Clostridium_sp_CAG_302","Clostridium_sp_CAG_306","Clostridium_sp_CAG_349","Clostridium_sp_CAG_354","Clostridium_sp_CAG_356","Clostridium_sp_CAG_389","Clostridium_sp_CAG_413","Clostridium_sp_CAG_417","Clostridium_sp_CAG_433","Clostridium_sp_CAG_440","Clostridium_sp_CAG_451","Clostridium_sp_CAG_452","Clostridium_sp_CAG_470","Clostridium_sp_CAG_492","Clostridium_sp_CAG_505","Clostridium_sp_CAG_510","Clostridium_sp_CAG_58","Clostridium_sp_CAG_594","Clostridium_sp_CAG_609","Clostridium_sp_CAG_628","Clostridium_sp_CAG_678","Clostridium_sp_CAG_75","Clostridium_sp_CAG_768","Clostridium_sp_CAG_780","Clostridium_sp_D5","Clostridium_sp_MSTE9","Clostridium_sp_chh4_2","Clostridium_spiroforme","Clostridium_symbiosum","Clostridium_ventriculi","Collinsella_aerofaciens","Collinsella_intestinalis","Collinsella_tanakaei","Coprobacillus_cateniformis","Coprobacillus_sp_CAG_605","Coprobacter_fastidiosus","Coprobacter_secundus","Coprobacter_sp","Coprococcus_catus","Coprococcus_comes","Coprococcus_eutactus","Coprococcus_sp_CAG_782","Corynebacterium_argentoratense","Cutibacterium_acnes","Desulfovibrio_piger","Desulfovibrionaceae_bacterium","Dialister_invisus","Dialister_sp_CAG_357","Dielma_fastidiosa","Dorea_formicigenerans","Dorea_longicatena","Dorea_sp_CAG_317","Dorea_sp_OM02_2LB","Eggerthella_lenta","Eggerthella_sp_CAG_1427","Eggerthella_sp_CAG_209","Eggerthella_sp_CAG_298","Eisenbergiella_massiliensis","Eisenbergiella_tayi","Enterobacter_cloacae_complex","Enterococcus_casseliflavus","Enterococcus_faecalis","Enterococcus_faecium","Enterococcus_gallinarum","Enterococcus_mundtii","Enterococcus_raffinosus","Enteroscipio_rubneri","Erysipelatoclostridium_ramosum","Erysipelotrichaceae_bacterium_3_1_53","Escherichia_coli","Eubacterium_brachy","Eubacterium_callanderi","Eubacterium_eligens","Eubacterium_hallii","Eubacterium_limosum","Eubacterium_ramulus","Eubacterium_rectale","Eubacterium_siraeum","Eubacterium_sp_36_13","Eubacterium_sp_AF17_7","Eubacterium_sp_CAG_115","Eubacterium_sp_CAG_161","Eubacterium_sp_CAG_180","Eubacterium_sp_CAG_192","Eubacterium_sp_CAG_251","Eubacterium_sp_CAG_252","Eubacterium_sp_CAG_274","Eubacterium_sp_CAG_38","Eubacterium_sp_CAG_581","Eubacterium_sp_OM08_24","Eubacterium_sulci","Eubacterium_ventriosum","Faecalibacterium_prausnitzii","Faecalibacterium_sp_CAG_74","Faecalibacterium_sp_CAG_74_58_120","Faecalicatena_orotica","Faecalicoccus_pleomorphus","Finegoldia_magna","Firmicutes_bacterium_AF16_15","Firmicutes_bacterium_AM10_47","Firmicutes_bacterium_CAG_102","Firmicutes_bacterium_CAG_103","Firmicutes_bacterium_CAG_110","Firmicutes_bacterium_CAG_114","Firmicutes_bacterium_CAG_124","Firmicutes_bacterium_CAG_129","Firmicutes_bacterium_CAG_137","Firmicutes_bacterium_CAG_145","Firmicutes_bacterium_CAG_170","Firmicutes_bacterium_CAG_176","Firmicutes_bacterium_CAG_194","Firmicutes_bacterium_CAG_238","Firmicutes_bacterium_CAG_240","Firmicutes_bacterium_CAG_24053_14","Firmicutes_bacterium_CAG_321","Firmicutes_bacterium_CAG_345","Firmicutes_bacterium_CAG_41","Firmicutes_bacterium_CAG_424","Firmicutes_bacterium_CAG_449","Firmicutes_bacterium_CAG_460","Firmicutes_bacterium_CAG_466","Firmicutes_bacterium_CAG_475","Firmicutes_bacterium_CAG_56","Firmicutes_bacterium_CAG_65_45_313","Firmicutes_bacterium_CAG_83","Firmicutes_bacterium_CAG_94","Firmicutes_bacterium_CAG_95","Flavonifractor_plautii","Flavonifractor_sp_An100","Fusicatenibacter_saccharivorans","Fusobacterium_gonidiaformans","Fusobacterium_nucleatum","Gemella_sanguinis","Gemmiger_formicilis","Gordonibacter_pamelaeae","Gordonibacter_sp_An232A","Gordonibacter_urolithinfaciens","Granulicatella_elegans","Haemophilus_parainfluenzae","Haemophilus_paraphrohaemolyticus","Haemophilus_pittmaniae","Haemophilus_sp_HMSC71H05","Haemophilus_sputorum","Hafnia_paralvei","Harryflintia_acetispora","Holdemanella_biformis","Holdemania_filiformis","Hungatella_hathewayi","Hydrobacter_penzbergensis","Intestinibacter_bartlettii","Intestinimonas_butyriciproducens","Klebsiella_oxytoca","Klebsiella_pneumoniae","Klebsiella_quasipneumoniae","Klebsiella_variicola","Lachnoclostridium_sp_An131","Lachnoclostridium_sp_An138","Lachnoclostridium_sp_An76","Lachnospira_pectinoschiza","Lachnospiraceae_bacterium_OF09_33XD","Lachnospiraceae_bacterium_OF09_6","Lactobacillus_acidophilus","Lactobacillus_casei_group","Lactobacillus_curvatus","Lactobacillus_fermentum","Lactobacillus_reuteri","Lactobacillus_rhamnosus","Lactobacillus_ruminis","Lactobacillus_salivarius","Lactococcus_lactis","Lautropia_mirabilis","Lawsonella_clevelandensis","Lawsonibacter_asaccharolyticus","Lentisphaerae_bacterium","Massiliomicrobiota_timonensis","Mediterraneibacter_sp_KCTC_15684","Megamonas_funiformis","Megasphaera_sp_DISK_18","Mesosutterella_multiformis","Methanobrevibacter_smithii","Micrococcus_aloeverae","Mogibacterium_diversum","Monoglobus_pectinilyticus","Morganella_morganii","Mycoplasma_sp_CAG_472","Mycoplasma_sp_CAG_956","Negativicoccus_succinicivorans","Odoribacter_splanchnicus","Oscillibacter_sp_57_20","Oscillibacter_sp_CAG_241","Oscillibacter_sp_PC13","Parabacteroides_distasonis","Parabacteroides_goldsteinii","Parabacteroides_johnsonii","Parabacteroides_merdae","Paraprevotella_clara","Paraprevotella_xylaniphila","Parasutterella_excrementihominis","Parvimonas_micra","Pedobacter_himalayensis","Peptoniphilus_coxii","Peptoniphilus_harei","Peptoniphilus_lacrimalis","Peptoniphilus_sp_HMSC062D09","Phascolarctobacterium_faecium","Phascolarctobacterium_sp_CAG_266","Phascolarctobacterium_succinatutens","Porphyromonas_asaccharolytica","Porphyromonas_endodontalis","Porphyromonas_sp_31_2","Porphyromonas_sp_HMSC065F10","Prevotella_bergensis","Prevotella_bivia","Prevotella_buccalis","Prevotella_copri","Prevotella_corporis","Prevotella_disiens","Prevotella_nigrescens","Prevotella_sp_CAG_279","Prevotella_sp_CAG_386","Prevotella_sp_CAG_891","Prevotella_timonensis","Propionibacterium_freudenreichii","Proteobacteria_bacterium_CAG_139","Proteobacteria_bacterium_CAG_495","Pseudoflavonifractor_capillosus","Pseudoflavonifractor_sp_An184","Pseudomonas_fragi","Pseudomonas_lundensis","Pseudopropionibacterium_propionicum","Raoultella_planticola","Romboutsia_ilealis","Roseburia_faecis","Roseburia_hominis","Roseburia_intestinalis","Roseburia_inulinivorans","Roseburia_sp_CAG_100","Roseburia_sp_CAG_10041_57","Roseburia_sp_CAG_182","Roseburia_sp_CAG_197","Roseburia_sp_CAG_303","Roseburia_sp_CAG_309","Roseburia_sp_CAG_471","Rothia_mucilaginosa","Ruminococcaceae_bacterium_D16","Ruminococcaceae_bacterium_D5","Ruminococcaceae_bacterium_KLE1738","Ruminococcus_bicirculans","Ruminococcus_bromii","Ruminococcus_callidus","Ruminococcus_champanellensis","Ruminococcus_gnavus","Ruminococcus_lactaris","Ruminococcus_sp_37_24","Ruminococcus_sp_AF31_8BH","Ruminococcus_sp_CAG_177","Ruminococcus_sp_CAG_254","Ruminococcus_sp_CAG_330","Ruminococcus_sp_CAG_353","Ruminococcus_sp_CAG_382","Ruminococcus_sp_CAG_403","Ruminococcus_sp_CAG_488","Ruminococcus_torques","Ruthenibacterium_lactatiformans","Saccharomyces_cerevisiae","Sanguibacteroides_justesenii","Sellimonas_intestinalis","Senegalimassilia_anaerobia","Slackia_exigua","Slackia_isoflavoniconvertens","Slackia_piriformis","Solobacterium_moorei","Staphylococcus_capitis","Staphylococcus_epidermidis","Staphylococcus_saccharolyticus","Streptococcus_anginosus_group","Streptococcus_australis","Streptococcus_gordonii","Streptococcus_infantis","Streptococcus_lutetiensis","Streptococcus_mitis","Streptococcus_mutans","Streptococcus_oralis","Streptococcus_parasanguinis","Streptococcus_pseudopneumoniae","Streptococcus_salivarius","Streptococcus_sanguinis","Streptococcus_sp_A12","Streptococcus_sp_F0442","Streptococcus_thermophilus","Subdoligranulum_sp","Subdoligranulum_sp_APC924_74","Sutterella_sp_CAG_351","Sutterella_sp_CAG_397","Sutterella_wadsworthensis","Turicibacter_sanguinis","Turicimonas_muris","Tyzzerella_nexilis","Tyzzerella_sp","Varibaculum_cambriense","Veillonella_atypica","Veillonella_dispar","Veillonella_infantium","Veillonella_parvula","Veillonella_rogosae","Veillonella_sp_DORA_A_3_16_22","Veillonella_tobetsuensis","Victivallales_bacterium_CCUG_44730","Victivallis_vadensis"
"MS124_F",0,0,0,0,0,0,0,0,0,0,0,0,0,0.01019,0,0,0,0,0.08413,0,0,0,7.67428,0.3486,0,0,0,0,0,0,0,0,0,0.49932,0.01838,0,0,0.10147,0,0,0,0,0,0,25.69191,1.21192,0,15.95603,0,0,0.10539,11.34756,0,0,0,0.10727,3.41959,0,0,0,0,0,0,0,2.98499,0,0,0,0,0,0,0,0,0,0,0,0,0,0,0.00482,0,0,0.02801,0,0.00433,0,0,0,0.04428,0.01573,0,0,0,0,0,0,0,0,0,0,0,0,0,0,0,0,0,0,0,0,0,0.019,0,0,0,0,0.01314,0,0.00878,0,0,0,0.00433,0.02354,0,0,0,0,0,0,0,0,0,0,0,0,0,0,0,0,0,0,0,0,0,0,0,0,0,0,0,0,0,0,0,0,0,0,0,0,0,0,0,0,0,0,0,0,0,0,0,0,0.07231,0,0,0,0,0,0,0.09473,0,0,0,0,0,0,0,0,0,0,0.04139,0,0,0,0.0045,0,0,0,0,0.08893,0.03038,0.05522,0,0,0.02289,0,0,0,0.00148,0,0,0,0,0,0,0,0,0,0.01038,0,0.1681,0,0,7.62563,0.13253,0,0.02167,0.36645,0.53236,0,0,0,0,0,0,0,0,0,0,0,0,0,0,5.03924,0,0,9e-04,0,0,0,0,0,0,0,0.02588,0,0,0,0,0,0,0,0,0,0,0,0,0.02389,0,0,0,0,0,1.79127,0,1.80908,0,0,1.36525,0,0.09538,0,0,0,0.00112,0.00269,0,0,0,0.05542,0,0.00871,0.02939,0.00109,0,0,0,0.01572,0.00385,0,0.01969,0,0,0,0,0,0,0,0,0,0,0,0,0,0,0,0,0,0,0,0,0,0,0,0,0,0,0,0,0,0,0,0,0,0,0,0,0,1.59011,0.2383,0,0,4.68229,0,0,0,0,0,0.32232,0,0,0,0,0,0,0,0,0,0,0,0,0,0,0,0,0,0,0,0,0,0,0,0,0,0,0,0,0,0,0,0,0,0,0,0.0121,0,2.90279,0.03648,0.0355,0,0,0,0,0,0,0,0,0.02642,0,0,0,0,0.00218,0.01628,0,0.00278,0,0,0,0,0,0,0,0.72803,0,0,0,0,0,0,0,0,0,0,0,0,0,0,0,0,0,0.01237,0,0,0,0,0,0,0,0,0,0.05088,0,0,0,0,0,0,0,0,0,0.01695,0.0045,0.00121,0.0177,0.01508,0.00122,0,0,0
"MS125_F",0,0,0,0,0,0,0,0,0,0.0029,0,0,0,0,0,0,3.1833,0,0,0,0.00035,0,0.06251,0,0,0,0,0,0,0,0,0,0.01191,0.36822,0,0.46127,0,0,0,0.11865,0,0,0,0,0.01351,0,0,0.03362,0,0,0,0,0,0.00049,0.00506,0,0.01627,0,0,0,0,0,0,0.01078,3.76515,0.0646,58.37763,0,0.007,0.68668,0,0,0.00527,0,0,0,1.27246,0,0,0.15144,0,0,0,0.02248,0,0,0,0,0,0.0101,0,0,0,0,0,0,0,0,0,0,0,0,0,0,0,0,0,0,0,0,0,0.0299,0,0.01585,0.01534,0.06826,0.14412,0,0,0,0.63984,0,0.06569,0.0032,0.00301,0,0.01473,0,0,0,0,0,0,0,0,0,0,0,0,0,0,0,0,0,0,0,0,0,0,0,0,0,0,0,0,0,0,0,0,0,0,0,0,0,0,0,0,0,0,0,0,0,0,0,0,0,0,0,0,0.36696,0,0,0,0,0.40286,0,0,0,0,0,0.42302,0.00724,0,0,0,0,0,0.00341,0,0.00893,0,0,0,0,0.4776,0,0,0,1.11607,0.47872,0,0,0,0,0,0,0,0,0.11405,0,2.99335,0.00249,0,0,0,0.03053,0,1.14296,0,0,0,0,0,0.00429,0.68059,0,0,0,0.47015,0,0,0,0,1.22658,0.00811,0,0,0,0,0,0,0,0.00427,0,0.08854,0.00167,0,0,0.43966,0,0,0,0,0,0,0,0,0.07378,0,0,0,0,0,0,0,0,0,0,0.97131,0,0.98862,0,0.03997,0,0,0,0,0.03827,0,0.0329,0,0,0,0,0,0,0,0,0.97643,0,0.13986,0,0,0.0369,0,0,0,0,0,1.23332,0,0,0,0,0,0,0,0,0,0.01443,0,0,0,0.00797,0,0,0,0,0,0,0,0,0,0,0,0,0,0,0.0044,0,0,0,8.08912,0,0,0.01205,0,0,1.30006,0.00177,0,0,0,0,0,0,0,0,0,0,0,0,0,0,0.0109,0.06647,0,0,0,0,0,0,0.0399,0,0,0,0,0,0,0,0,0,0.00311,0.22344,0.00462,0.60368,0.47998,0,0,0,0,0,0,0,0,0,0,0.16458,0.03811,0.02501,0,0,0.96168,0,0,0,0.00258,0,0,0,0,0,0,0,0.53475,0,0,0.46082,0,0,0,0,0,0,0,0,0,0,0,0,0,0.00665,0,0,0.12541,0,0.1419,0,0,0,0,0.00083,0.00276,0,0,0,0.05431,0,1.65277,0,0,0.00066,0,0,0.29021,0,0,0,0,0
"MS126_F",0.00623,0,0,0,0,0,0,0,0,0,0,0,0,0.01104,0,0,0.36646,0.00592,0.01563,0,0.00461,0,5.91598,0.42506,0,0,0,0,0,0,0,0.00501,0,0.80231,0,0.00589,0.00238,0.01584,0,0,0,0,0,0,0.01648,0.1632,0,27.37122,0,0,3.59831,0.00248,0.2461,0.00197,0.00192,0,8.55025,0,0,0,0,0,0,0.00386,6.92238,17.05428,0.06019,0,0.01389,0.00074,0,0,0.00289,0,0,0,0,0,0,0.08246,0,0,0.34529,0,0,0,0,0,0.69692,0,0,0,0,0,0,0,0,0,0,0,0,0,0,0,0.01297,0,0,0,0,0,0,0,0.01496,0,0,0,0.00196,0,0.00067,0,0,0,0,0,0.05173,0,0,0,0,0,0,0,0.74472,0,0,0,0,0,0.00142,0,0,0,0,0,0,0,0,0,0,0,0,0,0,0,0,0,0,0,0,0,0,0,0,0,0,0,0,0.19402,0,0,0,0,0,0,0,0,0,0,0.01453,0.00164,0,0.93351,0,0,0,0,0.86656,0,0,0.08853,0.28053,0.00793,0,0,0,0,0,0.16107,0,0.0041,0.30026,0.63553,0.01867,0,0.02885,0,0,0,0,0,0,0,0,0,0,0,0,0,0,0,0.07392,0,0,0.34219,0.67975,0,0.5689,5.49556,0.00466,0.1452,0,0,0,0.00237,0,0,0,0,0.10366,0,0,0,0.27922,2.41648,0.0077,0,0,0,0,0.00875,0,0.11722,0.00351,0,0.0345,0.00305,0.00176,0,0.0091,0,0,0,0,0,2e-04,0,0,0.01935,0,0,0,0,0.00319,0,0.00063,0.11612,0,0,0.14976,0,0.55765,0,0,0,0.04124,0,0,0,0,0.00807,0,0,0,0,0,0,0,0.05795,0.0065,0,0.07161,0,0,0,0,0,0,0,0,1.36774,0,0,0,0.00371,0,0,0,0,0,0,0.00648,0,0,0.00283,0,0,0,0,0,0,0,0,0,0,0,0,0,0,0.00555,0.43663,0,0,1.27549,0,0,5.69456,0,0,0.00078,0,0,0,0,0,0,0,0,0,0,0,0,0,0,0,0,0.00765,0.00867,0,0,0,0,0,0,0,0,0,0,0,0,0,0,0,0,0.0031,0.07456,1.19181,0.11253,0,0,0,0,0,0,0.00077,0,0,0,0.07782,0,0.00941,0,0,0.3292,0,0,0,0,0,0,0,0,0,0,0,0.07552,0,0,0,0,0,0,0,0,0,0,0,0,0,0,0,0,0,0,0,0,0,0.01283,0,0,0,0,0.31634,0.04484,0,0,0,0.00381,0,0,0.52163,0,0,0,0,0.00467,0,0,0,0,0
"MS127_F",0,0,0,0,0,0,0,0,0,0,0,0,0,0.00664,0,0,0.00327,1.77404,0.0668,0,1.84732,0,9.54688,0.02871,0,0,0,0,0,0,0.00011,0.00646,0,0.8384,0,0.03294,0,0.01108,0,0,0,0.50461,0,0,4.83691,0.00767,0,0.03369,0,0,0.38715,0,0,2.36893,3.86387,0.01357,1.56347,0,0,0,0,0,0,0.37155,0.19609,15.3876,13.29109,0.25188,5.79776,0.00231,0,0,0.00326,0,0,0,1.12764,1.08693,0,0.01521,0,0,0,0,0,0,0,0.00368,0.55916,0.15439,0.12516,0.04284,0.50962,0,0,0.00125,0,0,0,0,0,0,0,0,0,0,0.00119,0,0,0,0,0,0.01014,0,0,0,0.00174,0,0.0024,0,0.00841,0,0.00059,2e-04,0.05478,0,0,0,0,0,0,0.12907,1e-04,0,0,1.8969,0.07306,0,0,0,0,0.00406,0,0,0,0,0,0,0,0,0,0,0,0,0,0,0,0,0,0,0,0,0,0,0,0,0,0.04613,0,0,0,0,0,0,0,0,0,0,0,0.00072,0,0.40249,0,0,0,0,0,0,0,0,0.07333,0.67039,0,0,0,0.51199,0,0.14063,0,0.00012,0.20874,0.18541,0,0,0.00177,0,0,0.00075,0.00307,0.00869,0,0,0,0,0,0,0,0,0,0.01326,0.04502,0.00142,0,0.13241,0.46425,0,0,2.48399,0.40888,0,0,0,0,0.00606,0,0,0,0,0,0,0.00027,0,0,5.94385,2.30561,0.1243,0,0,0,0.27928,0,0,0.12665,0,0.10736,0.66116,0.4702,0.18596,0.02195,0,0,0,0,0,0.00091,0,0,0.01654,0,0,0,0,0,0,0.06866,0.67801,0,0,0.00846,0.00228,1.0446,0,0,0,0.00575,0.00689,0,0.00246,0,0.00303,0,0,0.00844,0,0,0,0,0.02004,0.00506,0,0.05623,0.05427,0,0,0,0,0,0,0,0.06016,0.00289,0,0,0.00859,0,0,0,0,0,0,0,0,0,0.01214,0.02865,0,0.0063,0.00541,0,0,0.17171,0,0,0,0,0,0,0,4.74456,0.07913,0,0,1.25305,0.12838,0,0.89134,0.15689,0,0.01163,0.00294,0,0,0,0,0,0,0,0,0.00204,0,0,0,0,0,0,0.00724,0,0,0,0,0,0,0,0,0,0,0,0,0,0,0,0,0,0.00238,0.00067,1.03372,0.54544,0,0,0,0,0,0,0.00038,0,0,0.00044,0.07746,0.55701,0.00156,0,0,0.0106,1.71903,0,0,0,0.3256,0,0,0,0,0,0.77191,0.02366,0,0,0,0.02813,0,0,0,0,0,0,0,0,0,0,0.00172,0,0.01133,0,0.00813,0.01551,0,0.03435,0,0.00144,0,0.01314,0.02043,0.25382,0,0,0,0.00939,0,0,0,0,0,0,0,0,0,0.00035,0,0.05161,0.03745
"MS128_F",0,0,0,0,0,0,0,0,0,0,0,0,0,0.10136,0,0,0.00029,0.07063,0.15092,0,0.23913,0,6.4867,0.15029,0,0,0,0,0,0,0,0,0,0.96616,0,0,0,0.05288,0,0,0,0,0,0,1.34193,0,0,0.00883,0,0,0.25853,3e-04,0,0,0.5169,0,0.06076,0,0,0.00845,3.17411,0,0,0.33628,0.03536,0.36868,2.85306,0.24824,0.76427,1.91768,0,0,2.6345,0,0,0,0.12501,0.00032,0,0.04015,0,0.01924,0.37404,0,0,0,0,0,0.07621,0.00546,0,0,0,0,0,0.00046,0,0,0,0,0,0,0,0,0.00915,0,0,0,0,0,0,0,0.00369,0,0,0,0,0,0,0,0.01209,0,0.00289,0,0.00891,0,0,0,0,0,0,0.00277,0.05922,0,0,0,0,0,0,0.02899,0,0,0,0.03206,0,0,0,0,0,0,0,0,0,0,0,0,0,0,0,0,0,0,0,0,0,0,0,0,0,0,0,0,0.01079,0,0,0,0,0,0.09309,0,0.16576,0.83848,0,0,0,0,0,0,0,0,0.26938,0.00347,0,0,0,0,0,0.2458,0,0.00574,0.17738,1.46134,0,0,0,0,0,0.03621,0,0,0,0,0,0,0,0,0,0,0.01562,0,0.01422,0,0,0.22638,0.92989,0,0.20536,2.38604,0.01191,0,0,0,0.01043,15.74959,0.33067,0,0,0,0,0,0,0,0,5.00903,0.00085,0,0,0,0,0.0133,0,0,9.62154,0,0.08069,0.5267,0.16727,0,0,0,0,0.00978,0,0,0,0,0,0.02011,0,0,0,0,0,0.02962,0.00065,1.4795,0,0.00051,0.06281,0,0.47453,0,0,0,0.00096,0.00618,0,0.00216,0,0,0,0,0,0,0,0.00284,0,0,0,0,0.27466,0,0,0,0,0,0,0,0,0.09911,0,0,0,0,0,0,0,0,0,0,0,0,0,0.00672,0,0,0,0,0,0,0,0,0,0,0,0,0,0,0.14626,1.26176,0,0,0.21593,0,0,0.54263,0.01673,0.00199,0.02465,0.00018,0,0,0,0,0,0,0,0,0,0,0,0,0,0,0,29.07521,0.00479,0,0,0,0,0,0,0,0,0,0,0,0,0,0,0,0.001,0,0.37909,0.0039,0.03402,0,0,0,0,0,0,0,0,3e-04,0,0.10103,0.50288,0.58589,0,0,0.09161,0,0,0,0,0.04146,0,0,0,0,0,0.9722,0.06321,0,0,0,0,0,0,0.05276,0,0,0,0,0,0,0,0,0,0,0,0,0.00756,0,0.00517,0,0,0,0.00355,0.30799,0.05685,0,0,0.8533,0.02213,0,0,0,0,0,0,0,0,0,0,0,0,0
"MS129_F",0,0,0,0,0,0,0,0,0,0,0,0,0,0.02125,0,0,8.22218,9.97694,0.27076,0.00655,1.74179,0,6.60978,0.01313,0,0,0,0,0,0,0.01303,0.00996,0,0.68451,0,0.04635,0,0.07703,0,0,0,0,0,0,2.00504,0,0.00063,0,0,0,0,2.08679,0,1.54394,0.00555,0,1.32426,0,0,0,0,0,0,2.36227,0.92508,5.31865,4.65931,0,0.00821,0.0021,0,0,0,0,0,0,0.07071,0,0,0.01546,0,0.00394,1.83884,0,0,0,0,0,0.61752,0.00132,0,0,0,0,0,0,0,0,0,0,0,0,0.00828,0,0.01849,0,0,0,0,0,0.02243,0,0.00638,0,0.0067,0,0.00676,0.00371,0.00509,0,0.14709,0,0.11387,0.03786,0.01963,0,0,0,0,0,0,0.00031,0.01002,0,0,2.50283,0.02605,0,0,0.01454,1.30931,0,0,0.01936,0,0,0,0,0,0,0,4.95978,0,0,0,0,0,0,0,0,0,0,0,0,0,0,0,0.1394,0,0,0,0,0.00083,0,0,0,0,0,0.36898,0.00343,0.01017,0.54566,0,0,0.2249,0,0,0,0.9815,0.09444,0.65803,0,0,0,0,0,0,0,0,0.00822,0.05459,0.26388,0,0,0.27622,0,0,0.00578,0.00899,0.07841,0,0,0,0,0,0,0,0,0,0,0.00382,0.00035,0,1.70962,0.32511,0,0.63791,1.76978,0.0102,0.16598,0,0,0,0.00143,0,0,0,0,0.00296,0,0,0,0.03287,3.27119,0,0,0,0,0,0.0183,0,0.00785,0.16419,0,0.31023,0.71053,1.00921,0,0.06324,0,0,0,0,0,0.00205,0,0,0,0,0,0,0,0,0.49552,0,2.44439,0.05019,0.04584,0.02232,0,0.88247,0,0,0,0.02427,0.08986,0,0.00075,0,0,0,0,0,0,0,0.00893,0,0.01457,0.07304,0,0.1636,0.00113,0,0,0,0,0,0,0,0.63966,0.01905,0,0,0,0,0,0,0,0,0,0,0,0,0.02261,0,0,0,0,0,0,0,0,0,0.24398,0,0,0,0,0.58694,0.14616,0,0,0.94827,0,0,1.97644,0.01106,0.00038,0.29312,0.01193,0,0,0,0,0,1.06025,0,0,0,0,0,0,0,0,0,0.02144,0,0,0,0,0,0,0,0,0,0,0,0,0,0,0,0,0.01613,0,0,0.01437,0.00071,0.00282,0,0,0,0,0,0.00134,0,0,0.29792,0.63251,0.13911,9.0968,0.0349,0,0.21485,1.19522,0,0,0,0,0,0,0,0,0,3.57958,0.27288,0,0,0,0,0,0,0,0.00058,0,0,0,0.00298,0,0.00684,0,0,0,0,0,0.00494,0,0.03891,0,0,0,0.00154,0.0652,0.14922,0,0,0,0.11493,0,0,0.15595,0,0,0,0,0,0,0,0,0,0
"MS130_F",0,0,0.46312,0,0,0,0,0,0,0,0,0,0,0.00021,0,0,0.00231,7.32108,0.15313,0,0,0,5.82809,0.00077,0,0,0,0,0,0,0,0,0,0.01519,0,0.01223,0,0.0028,0,0,0,0,0,0,9.8431,0,5.37981,0,0,0,0,1.22053,0,0,0.00065,0,0.00177,0,0,0,0,0,0,10.02301,0.42186,8.65485,18.42381,0,0.00109,2.77743,0,0,0.21176,0.00186,0,0,0.31399,0,0,0,0,0,0.26255,0,0,0,0,0,0.00722,0.00083,0,0.00857,0.03965,0,0,0.00021,0,0,0,0,0,0,0,0,0,0,0,0,0,0,0,0,0.00549,0,0,0,0.00419,0,0,0,0.00457,0,0,0,0.00048,0,0,0,0,0,0,0,0.00488,0,0,0,0.03506,0,0,0,0,0,0,0,0,0,0,0,0,0,0,0,0,0,0,0,0,0,1.37769,0,0,0,0,0,0,0,0,0.00833,0,0,0,0,0.05139,0,0,0,0,0,0.06893,0.00222,0,0.09435,0,0,0,0,0,0,0,0.03348,0.03608,0.02043,0,0,0,0,0,0.0104,0,0,0.03452,0.00635,0,0,0.01067,0,0,0,0,0.00253,0,0,0,0,0,0,0,0,0,0,0.08267,2e-04,0,0.14206,0.07349,0,0.00404,0.85315,0.11788,0.00411,0,0,0,5.41391,0,0,0,0,0.0209,0,0,0,0.01847,1.24553,0,0,0,0,0,0.09148,0,0,0,0,0.00372,7.60843,3.74371,0,0.11492,0,0,0,0,0,0,0,0,0.00037,0,0,0,0,0,0,0.0064,0.00188,0,0,0.04897,0,0.01804,0,0,0,0.26578,0,0,0,0,0.01001,0,0,0,0,0,0,0,0.00313,6e-04,0,0.01257,0.05235,0,0,0,0,0,0,0,0,0,0,0,0,0,0,0,0,0,0,0,0,0,0.00234,0,0,0,0,0.01287,0,0,0,0,0.01727,0,0,0,0,0.00131,1.32326,0,0,0,0,0,0.00155,0,0,0.18718,0.00242,0,0,0,0,0,0.08984,0,0,0,0,0,0,0,0,0,0.00801,0.00761,0,0,0,0,0,0,0,0,0,0,0,0,0,0,0,0,0.01051,0.00643,0.39611,0.30067,0.00054,0,0.09552,0,0.00235,0,0,0,0,0.00707,0.01345,1.38477,1.92189,0.02401,0,0.12312,0.00399,0,0,0,0,0,0,0,0,0,0.0612,0.04937,0,0,0,0,0,0,0,0,0,0,0,0,0,0,0.00721,0,0.00657,0,0.00239,1e-04,0,0.11465,0,0.00159,0,0,0.50618,0.11829,0,0,0,0.02406,0,0,0,0,0,0,0,0,0,0,0,0,0
"MS131_F",0,0,0,0,0,0,0,0,0,0,0,0,0,0.0091,0,0.00036,0.01277,0.12638,0.00859,0,0.00605,0,1.96154,0.32577,0,0.00258,0.05108,0,0,0,0,0,0,0.35881,0,0,3.13005,0,0,0,0.00098,0,0,0,1.86215,0.03989,0.00112,0.00376,0,0,0.14833,0.08139,0,0.00615,5.28592,0,0.00604,0,0.18894,0,0,0,0,2.7109,2.76176,1.95846,23.64402,0.26832,1.77821,0.00365,0,0,0,0,0,0,0.00629,0,0,0.04848,0,0,0.06178,0,0,0,0,0,0.00463,0.01067,0.00755,0.07974,0.03021,0,0,0,0,0,0,0,0,0,0,0,0,0,0,0,0,0,0,0,0.00153,0,0,0,0.00967,0,0.00321,0,0,0,0,0,0,0,0,0,0,0,0,0,0.26957,0.01745,0.00131,0,0,0,0,0,0,0,0,0,0,0,0,0,0,0,0,0,0,0,0,0,0,0,0,0,0,0,0,0,0,0,0,0.08842,0,0,0,0,0,0,0.00082,0,0,0,0,0,0.14227,0.23037,0,0,0,0,0.88028,0,0,0.02567,0.08282,0.01981,0,0,0,0.18615,0,0,0,0,0.1381,0.07142,0,0,0,0,0,0,0,0,0,0,0,0,0,0,0,0,0,0,0.02216,0,0,0.57252,0.08007,0,0.05861,0.26787,0,0,0,0,0,0,0,0,0,0,0.03105,0,0,0,0,3.67635,0.01061,0,0,0,0,0.02015,0,0,0.01499,0.00257,0.02453,0.01784,0.13277,0,0,0,0.00941,0,0,0,0,0,0.00713,0.06505,0,0,0,0,0,0.60199,0,0.06529,0,0,0.00488,0,0.41554,0,0.00076,0,0.00732,0,0,0,0.00634,0.05943,0,0,0,0.00123,0,0,0,0,0,0,0.01103,0.0069,0,0,0,0,0,0,0,0,0,0,0,0,0,0,0,0,0,0,0.02992,0,0,0,0,0,0,0.02244,0,0,0,0,0,0,0,0,0,0,3.80533,0.32215,0.00381,0,1.37275,0,0,0.32232,0,0,0,0,0,0,0,0,0,0.12397,0,0,0.00022,0.01689,0,0,0,0.00177,0,31.70162,0,0,0,0,0,0,0,0,0,3.49262,0,0,0,0,0,0,0,0,1e-04,0,0.03748,0,0,0,0,0,0,0,0,0,0,0.06233,0.00063,0.14906,0,0,0.00019,0,0,0,0,0,0,0,0,0,0,0.77739,0.00188,0,0,0,0,0,0,0.00444,0,0,0,0,0,0,0,0,0,0.02533,0,0.00336,0,0,0,0,0,0,0.0119,0.03042,0.05784,0,0,1.39107,0.00771,0,0,0.83745,0,0.00448,0.00773,0,0.01772,0,0,0,0,0
"MS132_F",0,0,0,0,0,0,0,0,0,0,0.00343,0,0,0.0392,0,0,0,1.06346,0,0,0.37762,0,11.12045,1.33891,0,0,0,0,0,0,0,0,0,0.50778,0,0.00213,0.03188,0,0,0,0,0,0,0,4.09402,0.4667,0,0.00161,0,0,0,0.4804,0,0,0.00187,0,2.1043,0,0,0,0,0,0,0.02692,0.92028,0.0255,34.67315,1.29141,0.00651,11.86303,0,0,0,0,0,0,0.48901,0.00989,0.00608,0.33708,0,0,0.04251,0.00083,0.05669,0,0,0.00883,0.10346,0,0,0,0,0,0,0,0,0,0,0,0,0,0,0,0,0,0,0,0,0,0,0.00528,0.00186,0,0.00366,0.0172,0.09319,0,0.01133,0.11355,0,0,0,0,0.10675,0,0,0,0,0.00436,0,0,0.56834,0,0,0,0,0,0,0,0,0,0,0,0,0,0,0,0,0,0,0,0,0,0,0,0,0,0,0,0,0,0,0,0,0,0,0.24145,0,0,0,0,0.00252,0,0,0,0,0,0,0.06258,0,0.5088,0,0,0.00275,0,0,0,0,0,0.43862,0,0,0,0,0,0,0.10789,0,0.0095,0,0.47881,0,0,0.0312,0,0,0.03501,0,0,0,0,0,0,0,0,0,0,0.00526,0,0.12321,0,0,0.08654,1.59983,0,0.35262,2.37959,0.00324,0,0,0,0,0,0.02131,0,0,0,0.34426,0,0,0,0,0.6142,0,0,0,0,0,0,0,0,0,0,0.00752,0.00073,0.00146,0,0,0,0.00648,0,0,0,0,0,0,0.00631,0,0,0,0,0,0.38015,0,0,0,0,0.49099,0,0.69537,0,0,0,0.00224,0,0,0,0,0,0,0,0,0,0,0,0,0,0.00611,0,0.14471,0,0,0,0,0,0,0,0,0,0,0,0,0,0,0,0,0,0,0,0,0,0,0.1776,0,0,0,0,0,0,0,0,0,0,0,0,0,0,0.55886,0.00279,0,0,4.39091,0,0,3.63771,0,0,0,0,0,0,0,0,0,1.39151,0,0,0,0,0,0,0,0,0,0.02578,0,0,0,0,0,0,0,0,0,0,0,0,0,0,0,0,0,0.46973,0.00925,0,0.00632,0,0,0,0,0,0,0,0,0,0,0.02792,0.01349,0.01508,0,0,0.08934,0,0,0,0,0,0,0,0,0,0,0.22803,0.22429,0,0,0.00195,0,0,0,0,0,0,0,0,0,0,0,0,0,0.01041,0,0,0.005,0,0.0179,0.00608,0,0,0.63526,0.00739,0.00977,0,0,6.42162,0,0,0,0,0,0,0,0,0.00429,0,0,0,0,0
"MS133_F",0,0,0,0,0,0,0,0,0,0,0,0,0,0.00489,0,0,1.03336,3.00103,0,0,0,0.79703,9.38519,0.00195,0,0,0,0,0,0,0,0.00853,0,3.51582,0,0.0277,0,0.15348,0,0,0,0,0,0,11.60325,0,0.00535,0.01182,0,0,0,0.53588,0.22189,0,0.0137,0,0.86072,0,0,0,0,0,0,0.04357,0.00856,15.12743,10.41618,0,0.00245,0.22485,0,0,0,0,0,0,0,0,0,0,0,0.0405,0.34032,0,0.02631,0,0,0.2656,0,0.85268,0,0,0,0,0,0,0,0,0,0,0,0,0,0,0.01717,0,0,0,0,0,0.01162,0,0.01653,0,0,0,0.01159,0,0,0,0,0,0.06869,0.00871,0.01357,0,0,0,0.00809,0,0,0.01882,0.00234,0,0,2.50742,0,0,0,0,0,0,0,0,0,0,0,0.17934,0,0,0,0,0,0,0,0,0,0,0,0,0,0,0,0,0,0.00416,0,0.01192,0,0,0,0,0,0,0,0,0,0,0.12806,0,0,0.31029,0,0,0,0,0,0,0,0.28278,0,0,0,0,0,0,0,0,0,0,0.13674,0.66695,0.06034,0,0.11832,0,0,0,0.17514,0,0,0,0,0,0,0,0,0,0.01859,0,0.07954,0,0,0.36808,0.00273,0,0,5.52152,0.72186,0.01099,0,0,0,3.8857,0,0,0,0,0,0,0,0,0.12608,3.97979,0,0,0,0,0,0.0011,0,0,0.27536,0,0.13691,3.4672,0.43797,0,0.24717,0,0,0,0,0,0,0,0,0.01196,0.00809,0,0,0,0,0,0,2.23381,0.01126,0,0.62825,0,1.16655,0,0,0,0,0.04977,0,0.02194,0,0,0,0,0,0,0,0.01279,0,0,0,0,0.11204,0.02105,0,0,0,0,0.01639,0,0,0.95648,0.00284,0,0,0,0,0,0,0,0,0,0,0,0,0.04607,0,0,0,0,0,0,0,0,0,0.34005,0,0,0,0,0.63356,0.14166,0.00118,0,0.01278,0,0,0.01796,0,0,0,0,0,0,0,0,0,0,0,0,0,0,0,0,0,0,0,0.11156,0,0,0,0,0,0,0,0,0,0,0,0,0,0,0,0,0,0.11767,0.90289,0.04206,0,0.05012,0.00444,0,0,0,0,0,0,0,0.12409,0.202,0.16742,7.98201,0,0,0.48404,0.12101,0.21853,0,0.01072,0,0,0.00913,0,0,0,0,0.0717,0,0,0.02705,0,0,0,0,0,0,0,0,0,0,0,0,0,0,0,0,0,0,0.06389,0,0,0,0,0.27394,0,0,0,0,0,0,0,0,0,0,0,0,0,0,0,0,0,0
"MS134_F",0,0,0,0,0,0,0,0,0,0,0,0,0,0,0,0,0.01633,4.25769,1.5475,0,0.00325,1.50704,5.57122,0.01594,0.15183,0,0,0,0,0,0,0.01057,6.67542,0,0.0093,0.03658,0.00801,0.00178,0,0,0,0,0,0,3.02106,0.00064,0.00027,8.20413,0,0,0,0.00291,0,2.81331,0.39848,0,1.39684,0,0,0,0,0,0,8.06438,0.48494,12.33145,8.20587,0,5.05641,0.01094,0,0,0,0,0,0,0,0,0,0.01539,0,0.08621,0,0.02912,0,0,0.08266,0.22717,0,0,0,0.00098,0.10295,0,0,0,0,0,0,0,0,2.3098,0.1383,0,0,0,0.01389,0,0,0,0.10991,0,0,0,0.04912,0.0286,0.80031,0,0.00516,0,0,0,0.02867,0.00277,0.01257,0.00657,0,0,0.01536,0.07558,0,0,0,0,0,0,0,0,0,0,0,0,0,0,0,0,0,0.5868,0,0,0,0,0,0,0,0,0,0,0,0,0,0,0,0,0,0.03457,0,0.06327,0,0,0,0,0,0,0,0,0,0.00214,0,0.01574,0.0731,0,0,9.39819,0,0,0,0,0,0,0,0,0,0,0,0,0,0,0,0,0,0,0.05016,0,0.10644,0,0,0,0.00171,0.06939,0,0,0,0,0,0,0,0,1.45378,0.02873,0.01389,0,0.00562,0.00436,0,0,0,0.01969,0.00552,0,0,0,0,0.00439,0,0,0,0,0,0,0,0,0,0.01652,0,0,0,0,0,0,0,0,0,0,0.18618,0.00954,0.00411,0.09297,0.05132,0,0,0,0,0,0,0,0,0,0,0,0,0.00043,0.00426,0,0,0,0.2531,0,0.28825,0,0.0026,0,0,0,0,0.05823,0.00154,0,0,0,0,0,0,0,0,0.01005,0,0,0.07611,0,0,1.22609,0,0,0,0,0,0.013,1.60989,0,0.0228,0,0,0,0,0,0,0,0,0,0,0,0,0.09774,0,0.00291,0,0,0,0,0.6068,0,0,0.78574,0,0,0,0,0.58827,0.00137,0,0,2.55699,0,0,0.50803,0,0,0.88204,0,0,0,0,0,0,0.66521,0,0,0,0,0,0,0,0,0,0.02706,0,0,0,0,0,0,0,0,0,0,0,0.71516,0,0,0,0,0.00185,0,0.95775,0,0.00059,0,0,0,0,0,0,0,0,0.01462,0,0.40348,6e-04,0.03145,0,0,1.17668,0,0,0,0,0,0,0,0,0,0,0,0.03698,0,0,0.08286,0,0,0,0,0,0,0,0,0,0,0,0,0,0,0,0,0,0,0.02944,0,0,0,0,0,0,0,0,0,0,0,0,0,0,0,0,0,0,0,0,0,0.01675,0
"MS135_F",0,0,0,0,0,0,0,0,0,0,0,0,0,0.0179,0,0,0.00583,0.09789,0.01973,0,0.0053,0,8.52758,0.56388,0,0,0,0,0,0,0,0.00185,0,1.00436,0,0.06112,0,0.03764,0,0,0,0,0,0,3.26211,1.63405,3.95689,0.02492,0,0.87656,0.00601,1.39576,0,0.00072,1.13817,0,0,0,0,0,0,1.22991,0,1.99984,1.18042,10.82803,13.73692,0.00303,0.00744,0.00712,0,0.00436,0.37536,0,0,0,0.54505,0.92886,0,0.03648,0,0,0.0828,0,0,0,0,0.00158,0,0.00097,0,0,0,0,0,0,0,0,0,0,0,0,0,0,0,0.01666,0.00496,0,0,0,0,0,0.00096,0,0,0,0,0,0,0,0,0,0.00157,0,0.19767,0,0,0,0,0,0,0,0.00075,0,0,0.00191,0,0,0,0,0,0.0132,0,0,0.44766,0,0,0,0,0,0,0,0,0,0,0,0,0,0,0,0,0,0,2.83506,0,0,0,0,0,0,0,0,0,0,0,0,0,0,0,0,0,0,0.00344,0,0,0,0,0,0,0.00345,0.20685,0,0,0,0,0,0,0,0,0,0.09204,0.01652,0,0,0.25602,0,0,0.00021,0,0.00066,0,0,0,0,0,0,0,0,0.01692,0,0.34618,0,0,6.26775,0.00277,0,0,0.1219,0.00047,0,0.00472,0,0,0.00283,0,0,0,0,0.00079,0,0,0,0,3.79825,0.00179,0,0,0,0,0,0,0,0,0,0.02562,0.00846,0.00226,0,0.01105,0,0,0,0,0,0,0,0,0.17789,0,0,0,0,0,0,0.00631,1.36505,0,0,0.8899,0,0.65558,0,0,0,0.06489,0.00777,0,0,0,0.02513,0,0,0,0,0,0,0,0.03446,0,0,0.03855,0.03713,0,0,0,0,0,0,0,1.72733,0,0,0,0,0,0,0,0,0,0,0,0,0,0.11446,0,0,0,0,0,0,0,0,0,0,0,0,0,0,4.20177,0.50624,0,0,3.22282,0,0,10.1143,0,0,0.06083,0,0,0,0,0,0,0.53006,0,0,0,0,0,0,0,0,0,0.03113,0.02135,0.00482,0,0,0,0,0.01147,0,0,0,0,0,0,0.00665,0,0,0,0.81743,0.14875,0.14201,1.28791,0.01825,0.00311,1.54193,0,0,0,0,0.00582,0,0,0.07651,0,1.72793,0,0,0.01413,0.00037,0,0,0,0,0,0,0,0,0,0.56145,0.01738,0,0,0.00104,0,0,0,0,0,0,0,0,0,0,0,0,0,0,0,0,0.02679,0,0.07074,0,0,0,0.14689,1.14221,0.03801,0,0,0.01625,0,0,0,0,0,0.02009,0,0,0.00135,0,0,0,0,0
"MS136_F",0,3.54398,0,0,0,0,0,0,0,0,0,0,0,0.05541,0,0,0.30498,0.95552,0.15773,0,0.84387,0,18.39022,1.03934,0,0,0,0,0,0,0,0,0,1.9372,0,0,0,0.12661,0,0,0,0,0,0,0.07328,0,0,6.92947,0,0,0,0,0,0,0.44913,0.24824,0.4087,0,0.01464,0,0,0,0,4.16716,0.50347,3.82813,0.00077,1.00938,0,0,0,0,0,0,0,0,0,0,0,0,0,0,0.56936,0,0,0,0,0,0.20134,0.07232,0,0.1202,0.00449,0,0,0,0,0,0,0.53393,0,0,0,0,0,0,0,0,0,0,0.01089,0,0.01685,0,0,0,0,0,0,0,0.0142,0,0,0,0.00436,0,0,0,0,0,0,0.05644,0.00932,0,0,0,0,0,0,0,0,0,0,0,0.22233,0,0.41787,0,0,0,0.00161,0,0.6377,0,0,0,0,0,0,0,0,0,0,0.94049,0,0,0,0.07501,0,0,2.65554,0,0.20193,0,0,0,0,0,0,0,0,0,0,0,0,0,0,0,0,0.01026,0.13498,0,0,0,0,0,0,0,0,0,0.18186,0.28876,0,0,0.07945,0,0,0.00056,0,0,0,0,0,0,0,0,0,0,0,0,0.01576,0,0,2.64206,0.4316,0,0.14462,6.16908,5.2948,0,0,0,0,3.65474,0.11901,0,0,0,0.38889,0,0.00489,0,0.19364,3.95944,2.89923,0.27268,0,0,0,0.16819,0,0,0.0171,0,0.04761,0.28724,3.37573,0.31461,0.00173,0,0,0,0,0,0.01004,0,0,0.20625,0,0,0.02765,0,0,1.2413,0.23087,1.05212,0,0.00096,0.07545,0,0.20705,0,0,0,0.02551,0.01884,0,0,0,0.01453,0,0,0,0,0,0,0,0.04653,0,0,0.03863,0.02027,0,0,0,0,0,0,0,0.46209,0,0.0267,0,0,0,0,0,0,0,0,0,0,0,0,0,0,0.00247,0,0,0,0,0,0,0,0,0,0,0,1.73383,0.79025,0,0,0.72794,0,0,0,0,0,0.19838,0,0,0,0,0,0,0.06382,0,0,0,0,0,0,0,0,0,0,0,0,0,0,0,0,0,0,0.37852,0,0,0,0,0,0,0,0,0.0836,5.09634,0,0.83921,0.01837,0.00305,0,0,0,0,0,0,0,0,0.13029,0,0,0,0,0,2.08487,0,0,0,0,0,0,0,0,0,1.04061,0.0427,0,0,0,0,0,0,0,0,0,0,0,0,0,0,0,0,0,0,0,0,0,0.00818,0,0,0,0.05333,0.13219,0.01533,0,0,0,0,0,0,0,0,0,0,0,0,0,0,0,0,0
"MS137_F",0,0,0,0,0,0,0,0,0,0,0,0,0,0.00179,0,0,1.27156,3.629,0.17777,0.11844,1.54891,0,10.49203,0.15891,0,0,0,0,0,0,0,0,0,0.99986,0,0.00513,0.00044,0.00599,0,0,0,0,0,0,0.00289,0,0,0.00231,0,0,0,0.70171,0,0,0.00066,0,0.64487,0,0,0,0,0,0,0.00389,2.59893,28.35685,25.38717,0.00137,6.27767,0.48356,0,0,0,0,0,0,0.37738,0,0,0.12037,0,0.00255,0.01138,0,0,0.02833,0,0,0.00341,0.00656,0,0,0,0,0,0,0,0,0,0,0,0,0,0,0,0,0.00777,0,0,0,0,0,0.00091,0,0.00212,0.01571,0,0,0.01759,0,0,0,0,0.00902,0.00488,0,0,0,0.009,0,0,0.00604,0.12499,0,0,1.51119,0,0,0.61027,0.00434,0,0,0,0,0.00047,0,0,0,0,0,0,0,0,0,0,0,0,0,0,0,0,0,0,0,0,0,0,0.0458,0,0,0,0,0.03821,0,0,0,0,0,0,0,0,0.06464,0,0,0,0,0,0,0,0.01123,0,0,0,0,0,0,0,0.13107,0,0,0.0336,0.06815,0,0,0.00374,0,0.00644,0,0,0.00515,0,0,0,0,0,0,0,0,0,0,0,0,0,1.61242,0.0935,0,0.04744,0.31753,3.23723,0.02131,0,0,0.00043,0,0,0,0,0,0.09858,0.09635,0.00018,0,0.0059,0.35869,0,0,0,0,0,0,0,0,0.16952,0.02421,0.04631,0,0.00243,0.06041,0.01915,0,0,0,0,0,0,0,0,0.00363,0,0,0,0,0,0,0.01502,1.37946,0,0,0.03945,0,0.27409,0,0,0,0.00181,0.00437,0,0,0,0,0,0,0.00513,0,0,0,0,0,0.00268,0,0.09025,0.07538,0,0,0,0,0,0.00027,0,0.06764,0.00043,0,0,0,0,0,0,0,0,0,0,0,0,0.01672,0,0,0,0,0,0,0,0,0,0.01197,0,0,0,0,1.03457,0.29283,0.00151,0,1.38133,0,1.77249,0.00574,0,0,0,0,0,0,0,0,0,0,0,0,0,0,0,0,0,0,0,0.01069,0,0,0,0,0,0,0,0,0,0,0,0,0,0,0,0,0.00015,0.06348,0.08834,0.02124,0.00823,0.06463,0.03441,0,0,0,0,0,0,0,0,0.06035,0.12396,0.00441,0,0,0,0.40269,0.00065,0,0,0.02053,0,0,0,0,0,0.00211,0.10531,0,0,0.0259,0,0,0,0,0,0,0,0,0,0,0,0,0,0,0,0,0,0,0.00187,0,0,0,0,0.01878,0.09795,0,0,0,0,0,0,0.00196,0,0,0,0,0,0,0,0,0,0
"MS138_F",0,0,0,0,0,0,0,0,0,0,0,0,0,0.00072,0,0,0.64511,5.84455,0.0146,0,0.00061,0,15.40181,0.0253,0,0,0,0,0,0,0,0.00179,0,0.60976,0,0.0037,0,0.00017,0,0,0,0,0,0,0.01044,0,0,0.06377,0,0,2.21,0.01259,0,0,1.03773,0,0.60164,0,0,0,0,0,0,1.90653,0.02959,4.69837,13.77756,0.00221,3.59554,0.00273,0,0,0.14347,0,0,0,0.49298,0,0,0.02668,0,0,0.10244,0,0,0,0,0.00058,0.11554,0,0,0,0,0,0,0,0,0,0,0,0,0,0,0,0,0,0,0,0,0,0,0,0,0,0,0,0.00236,0,0,0,0,0,0,0,0.00927,0,0,0,0,0,0,0,0,0,0,0,0,0,0,0,0,0,0,0,0,0,0,0,0,0,0,0,0,0,0,0,0,0,0,0,0,0,0,0,0,0,0,0.01638,0,0,0,0,0,0,0,0,0,0,0.0273,0,0,0,0,0,0,0,0,0,0,0.03495,0,0,0,0,0,0,0,0,0,0,0,0,0,0,0.00319,0,0,0,0.00354,0,0,0,0,0,0,0,0,0,0,0,0,0,0,0,0,0,0,0.81956,0.04809,0,0,0,0,0,0,0.12799,0,0,0.21871,0,0,0,0,2.12586,0,0,0,0,0,0.0607,0,0,0,0,0.00338,0.00387,9.14768,0,0,0,0.00037,0,0,0,0.00102,0,0,0.00103,0,0,0,0,0,0,0,22.04743,0.00871,0,0.08848,0,0.16752,0,0,0,0.00225,0,0,0,0,0,0,0,0,0,0,0,0,0.00331,0,0,0.02339,0.01291,0,0,0,0,0,0,0,0.05696,0,0,0,0,0,0,0,0,0,0,0,0,0,0.01857,0,0,0,0,0,0,0,0,0,0.00385,0,0,0,0,0.88044,1.55401,0.29998,0,0.77555,0,0,2.62133,0,0,3.39667,0,0,0,0,0,0,0.0011,0.28041,0,0,0,0.00918,0,0,0,0,0.03198,0,0,0,0,0,0,0,0,0.00913,0,0,0,0,0,0,0,0,0.51795,0.02118,0.39826,0.0933,0,0,0,0,0,0,0,0,0.00366,0.00271,0.02338,0.0121,1.6623,0,0,0,0.5328,0,0,0,0,0,0,0,0,0,0.24309,0.03181,0,0,0.02042,0,0,0,0,0,0,0,0,0,0,0,0,0.02335,0,0,0,0,0,0.00688,0,0,0,0,0,0.07988,0,0,0,0,0,0,0,0,0,0,0,0,0,0,0,0,0
"MS139_F",0,0,0,0,0,0,0,0,0,0,0.00111,0,0,0,0,0.00072,0.02254,0.45105,0,0,0.66842,0,1.79698,0.23392,0,0,0,0,0,0,0,0,0,0.04603,0,0,0.01114,0,0,0,0,0,0,0,0.25388,0,0.38938,0.00723,0,0,0.00953,0,0,0.09242,0.20528,0.00243,0.23757,0,0,0,0,0,0,0.23956,0.18432,0.91611,4.30635,0.09282,0.0091,0,0,0,0,0,0,0,0,0,0,0.0602,0,0,0.01364,0,0,0,0,0,0.01432,0.00028,0.02971,0,0.00975,0,0,0,0,0,0,0,0,0,0,0,0,0,0,0,0,0,0,0,0.0029,0,0,0,0,0,0,0,0.0578,0,0,0,0.00899,0,0,0,0,0,0,0,0.01865,0,0,0,0,0,0.06218,0,0.02169,0,0,0.01262,0,0,0,0,0,0,0,0,0,0,0,0,0,0,0,0,0,0,0,0,0,0,0,0.03167,0,0,0,0,0.85594,0,0,0,0,0,0.00738,0,0,0.06167,0,0,0,0,0,0,0,0.00093,0.02985,0.04715,0,0,0,0.32274,0.03349,0,0,0,0.02482,0.10778,0,0,0,0,0,0,0,0,0,0,0,0,0,0,0,0,0,0,0,0,0,0.49643,0.02284,0,0.00471,0.01436,0.00339,0,0,0,0,0,0,0,0,0,0,0,0,0,0.01602,2.05794,0.22463,0.01851,0,0,0,0.09539,0,0,0.00628,0.0078,0.01133,0.00483,0.18194,0.01095,0,0,0.01123,0.21591,0,0,0.00243,0,0,0.01372,0,0,0,0,0,0.06866,0.00128,0.03766,0,0,0.01462,0,0.38006,0,0,0.00022,0.00717,0,0,0,0,0.04213,0,0,0,0.00083,0,0,0,0,0,0,0.05329,0,0,0,0,0,0,0,0,0.00074,0,0,0,0,0,0,0,0,0,0,0.08655,0,0,0,0,0,0,0,0,0,0,0,0,0,0,0,0,0,0.56509,0.50144,0.03097,0,0.27055,0,0,0.97894,0,0,0.0189,0,0,0,0,0,0,0,0,0.84004,0,0,0,0,0,0,0,64.91677,0,0,0,0,0,12.24169,0,0,0,0,0,0,0,0,0,0,0,0,0.40745,0.8038,1.14106,0.0383,0.00608,0,0,0.14987,0.00417,0,0,0,0,0.01917,0.11077,0.03725,0.09359,0,0,0.1253,0,0,0.00275,0,0,0,0,0,0,0.14523,0.00027,0,0.013,0,0,0,0,0,0,0,0,0,0,0,0,0,0,0,0,0,0.00964,0,0.12869,0,0,0,0.0288,0.13071,0.03659,0,0,0.00738,0.03731,0,0,0.0181,0,0,0.0062,0,0,0,0.00626,0,0,0
"MS140_F",0,0,0,0,0,0,0,0,0,0,0,0,0,0.07978,0,0,0,0.00823,0,0,0.00361,0,5.20891,0.00307,0,0,0,0,0,0,0,0,0,1.55271,0,0.01549,10.76245,0,0,0,0,0,0,0,3.19439,0,0,0.00189,0,0,0,1.07611,1.07228,0,0,0,0,0,0,0,0,0,0,0.0138,0.00296,0.02679,35.69364,9.37229,0.00908,0.00028,0,0,0,0,0,0,1.0156,0.00877,0,0,0,0,0.23467,0,0.00024,0,0,0,0.21753,0.00935,0,0,0,0,0,0,0,0,0,0,0,0,0,0,0,0,0,0,0,0,0,0,0.01116,0,0,0,0.00382,0,0.00351,0,0.02989,0,0.0347,0.00538,0.02702,0,0,0,0,0,0,0,0.0297,0.60472,0.23261,0,0,0,0,0.01874,0,0,0,0,0,0,0,0,0,0,0,0,0,0,0,0,0,0,0,0,0,0,0,0,0,0,0,0,0,0,0,0,0.20802,0,0,0,0,0,0.0329,0.00675,0,0,0,0,0,0,0,0,0,0.11854,0.11209,0,0,0,0,0,0,0.12245,0,0.02298,0.07129,0.39085,0,0,0.16401,0,0,0,0,0,0,0,0,0,0,0,0,0,0.01216,0,0.1337,0,0,1.45421,0.5786,0,0,1.92377,0,0.7987,0,0,0,0,0,0,0,0,0.75281,0,0,0,0,6.65434,0,0,0,0,0,0.04869,0.00445,0,0,0,0,0,0,0,0.02962,0,0,0,0,0,0,0,0,0.43148,0,0,0,0,0,0.21095,0.00469,0.00328,0,0,0.36421,0,1.18554,0,0,0,0.05739,0,0,0,0,0.03775,0,0,0.01446,0,0,0,0,0.00663,0,0,0.26932,0,0,0,0,0,0,0,0,3.82663,0,0,0,0,0,0,0,0,0,0,0,0,0,0.02513,0,0,0,0,0,0,0,0,0,0.03145,0,0,0,0,0.00583,0.88412,0,0,0.00236,0,0,0.00752,0,0,1.64141,0,0,0,0,0,0,0,0,0,0,0,0.00106,0,0,0,0,0.01953,0,0,0,0,0,0,0,0,0,0,0.00632,0,0,0,0,0,0.00031,1.169,0.27692,1.26343,0.86332,0.00925,0.00524,0,0,0,0,0.00062,0,0,0,0,0.00285,2.06632,0,0,0.02879,0.23261,0,0.0013,0,0,0,0,0,0,0,0.27154,0.0741,0,0,0,0,0,0,0,0,0,0,0,0,0,0,0,0,0,0,0,0.00078,0,0.03653,0,0,0,0,0.36632,0.01903,0,0,0,0.00247,0,0,0,0,0.00947,0.03095,0.00576,0,0,0,0,0,0
"MS141_F",0,0,0,0,0,0,0,0,0,0,0,0,0,0.03717,0,0,1.08889,0.72551,0,0,0.00235,0,15.08649,0.04531,0,0,0,0,0,0,0,0,0,0.39125,0,0.02766,0,0.04025,0,0,0,0,0,0,0.00296,0,0,11.26292,0,0,0,0.88022,0,0,0.00137,0,2.91468,0.0029,0,0,0,0,0,0.02031,0.00607,16.17345,12.27805,0.31088,0.00928,0.6095,0,0,0,0,0,0,0.77782,0.27178,0,0.05594,0,0,0.66742,0,0.00062,0,0,0,0.15182,0.00175,0,0,0,0,0,0,0,0,0,0,0,0,0,0,0,0,0.00538,0,0,0,0,0,0,0,0,0,0,0,0.01336,0,0.00275,0,0,0,0.00384,0,0,0,0.00483,0,0,0,0.00894,0,0,0,0,0,0,0.00112,0,0,0,0,0,0,0,0,0,0,0,0,0,0,0,0,0,0,0,0,0,0,0,0,0,0,0,0,0,0,0,0,0.18033,0,0,0,0,0,0,0,0.10732,0.3891,0,0,0.0067,0,0,0,0,0.05324,0.10236,0,0,0,0,0,0,0,0,0.01903,0.06981,0.21464,0,0,0.05405,0,0,0.06148,0,0,0,0,0,0,0,0,0,0,0,0,0,0,0,0.29905,0.30637,0,0,6.72244,0.01519,0.09061,0,0,0,0,0.16729,0,0,0,0.31854,0,0,0,0.03297,2.12935,0,0,0,0,0,0.01295,0,0,0.02703,0,0.04084,0,5.56909,0,0.00646,0,0,0,0,0,0,0,0,0.02571,0,0,0,0,0,0.01831,0.0033,2.24223,0,0,0.11598,0,0.19525,0,0,0,0.00824,0.00067,0,0,0,0,0,0,0,0,0,0,0,0.01479,0.00376,0,0.083,0.22703,0,0,0,0,0,0,0,0,0,0,0,0,0,0,0,0,0,0,0,0,0,0.02231,0,0,0,0,0,0,0,0,0,0.08962,0,0,0,0,0,0,0,0,0.00551,0,1.62859,0.00684,0,0,0.01588,0,0,0,0,0,0,0.12966,0,0,0,0,0,0,0,0,0,0.06027,0,0,0,0,0,0.00295,0,0,0.67387,0,0,0,0,0,0,0,0,0,0.01023,0.30389,0.14153,0,0,0.09977,0,0,0,0,0,0,0,0.06122,1.5493,2.48738,0,0,0.00863,0.66408,0,0,7.79539,0,0,0,0,0,0,0.17087,0.06066,0,0,0,0,0,0,0,0,0,0,0,0,0,0,0,0,0.01143,0,0,0,0,0.03115,0,0,0,0.06298,0.06889,0.01775,0,0,0,0,0,0,0,0,0,0,0,0,0,0,0,0,0
"MS142_F",0,0,0,0,0,0,0,0,0,0,0,0,0,0.25984,0,0,0.03526,0.88446,0.19553,1.01043,0.99429,0,4.33498,0.15619,0,0,0,0,0,0,0,0,0,0.17343,0,0.15843,0.02105,0.23379,0,0,0.03567,0.0163,0,0,1.18806,6.5811,0,7.6155,1.08949,0,0,0.67554,0,0.25388,3.10792,0.15289,0.72938,0,0,0,0,0,0,4.02329,8.74753,4.56847,9.76803,0.58507,1.11242,0.00901,0.00322,0,0.06288,0,0,0,0,0.01276,0,0.04171,0,0,0.24478,0,0,0.03186,0,0.03991,0.04295,0.00237,0.08118,0.13468,0.10951,0,0,0,0,0,0,0,0,0,0,0,0.76058,0,0,0,0.02251,0,0,0,0.00204,0,0,0,0.00501,0,0.00235,0,0,0,0.02934,0,0,0,0,0.03962,0,0,0.2365,0,0.02232,0,0,0,0.122,0,0.44918,0,0,0,0.133,0,0,0,0,0,0.17202,0.60172,0,0,0,0,0,0,0,0,0,0,0,0,0,0,0,0,0,0.1476,0,0,0,0,0.04829,0,0,0,0,0,0,0.01133,0,0.14332,0,0,0,0,0.05862,0.04274,0,0,0,1.77021,0,0,0,0.92508,0,0,0,0.06536,0.37879,0.18547,0,0,0.02865,0,0,0.00903,0.00837,0,0,0,0,0,0,0,0,0,0.14046,0,2.61046,0,0,2.64782,0.01757,0,0,1.17248,0.01472,0.69528,0,0.00908,0,0,0,0,0,0,0.01969,0,0,0,0.05081,2.96675,0.04648,0,0,0,0,0.01398,0,0,0.02905,0,0.16348,0,0.05386,0,0,0,0.01195,0,0,0,0.00181,0,0.21928,0.17958,0,0,0,0,0.01028,0.55132,0.01244,0.26949,0,0,1.12083,0,0.30002,0,0,0,0.25983,0,0,0,0,0.01782,0,0,0,0,0,0,0,0.04658,0.0114,0,0.19339,0.0782,0,0,0,0,0,0,0,2.75639,0,0,0,0,0,0,0,0,0,0,0,0,0,0.00332,0,0,0,0,0,0,0,0,0,0,0,0,0,0,1.24613,0.26217,0.02507,0,2.51071,0.3708,0.00182,5.01918,0,0,0.17134,0,0,0,0,0,0,0.54539,0,0,0,0,0,0,0,0,0,0.04894,0,0,0,0,0,0,0,0,0.16318,0,0,0,0,0,0,0,0,0.20169,0.00153,0.01175,2.08174,0.03257,0.00443,0,0,0,0,0,0,0,0,0.30556,0.00214,0.03493,0,0,0.09527,0,0,0,0,0,0,0,0,0,0,2.12322,0.1059,0,0,0,0,0,0,0,0,0,0,0,0,0,0,0,0,0,0,0,0.01327,0,0,0,0,0,0,0.86058,0.02644,0,0,1.03938,0,0,0,0.05285,0,0,0,0,0,0,0,0,0,0
"MS143_F",0,0,0,0,0,0,0,0,0,0,0,0,0,0.03799,0,0,4.41768,4.46698,0.10604,1.36773,1.44493,0,5.37667,0.00891,0,0,0,0,0,0.00354,0,0.00423,0,0.19064,0,0,0,0.02794,0,0,0.75995,0.44156,0,0,0.87888,0.03614,0,0.5091,0.10321,0,0,2.71522,0,0.03653,0.92844,0.00158,0.17852,0,0,0,0,0,0,15.29033,1.97749,3.57506,25.38096,1.23379,2.00312,1.87667,0.01005,0.12192,0.34139,0,0,0,0.44074,0.12683,0,0.02492,0,0,0.0362,0,0,0,0,0,0.07295,0,0,0.01488,0,0,0,0,0,0,0,0,0,0,0,0,0,0.00021,0,0,0,0,0,0,0,0,0.00454,0,0.00108,0,0.03704,0,0.07126,0.00414,0.23767,0,0.00466,0,0,0,0,0,0,0,0.00155,0.0035,0,0,0,0,0.96371,0.00322,0,0,0,0,0,0,0,0,0,0,0,0,0,0,0,0,0,0,0,0,0,0,0,0,0,0,0,0.16625,0,0,0,0,0,0,0,0,0,0,0,0.00823,0,0.32109,0,0,0,0,0.02818,0.18009,0,0,0.07931,0,0,0,0,0.72405,0,0,0,0.06325,0.03336,0.07565,0,0,0.01448,0,0,0,0,0.00429,0,0,0,0,0,0,0,0,0.0742,0,1.74829,0,0,0.01329,0.09046,0,0,0.02176,0.00643,0.00262,0,0,0,0,0,0,0,0,0.20566,0,0,0,0.01705,1.53591,0.00089,0,0,0,0,0.00956,0,0,0,0,0.04924,0,0,0,0,0,0,0,0,0,0,0,0,0.01247,0,0,0,0,0,0.47792,0,0.00861,0,0,0.87423,0,0.2844,0,0,0,0.06777,0.00964,0,0,0,0.00904,0,0,0.01449,0,0,0,0,0.01675,0.01386,0,0.35419,0.26458,0,0,0,0,0,0,0,0,0,0,0,0,0,0,0,0,0,0,0,0,0,0.05573,0,0,0,0,0,0.0479,0,0,0,0,0,0,0,0,1.73133,0.00312,0,0,1.70518,0.06548,0,6.12542,0,0,0.10054,0,0,0,0,0,0,0.09783,0,0,0,0,0,0,0,0,0,0.0299,0,0,0,0,0,0.0037,0,0,0.06556,0,0,0,0,0,0,0,0.00248,0.3669,0.19916,0.07785,0.16448,0,0,0.00946,0,0,0,0,0,0,0,0.09322,0,0.00564,0,0,0.03153,0,0,0,0,0,0,0,0,0,0,0.55721,0.62509,0,0,0,0,0,0,0,0,0,0,0,0,0,0,0,0,0,0,0,0.03236,0,0.04884,0,0,0,0,0.4941,0,0.03477,0,1.34054,0.00108,0,0.02789,0,0,0.00259,0,0,0.06926,0,0,0,0,0
"MS144_F",0,0,0,0,0,0,0,0,0,0,0.00282,0,0,0.05123,0,0,0,0.0717,0.0143,0.43878,2.08903,0,2.51603,0.00513,0,0,0,0,0,0,0,0,0,0.45885,0,0.01464,0,0.24684,0,0,0.23918,0.12923,0,0,1.16865,0,0,2.15274,0,0,0,1.01349,0,0.74593,0,0.00173,0.76036,0,0,0,0,0,0,1.02165,0.85172,9.28783,12.97221,0.01325,0.00063,3.31241,1.68972,0,1.81192,0,0,0,0.67457,0.63235,0,0.10911,0,0,0.87122,0,0.00096,0.01078,0,0,0.8713,0.10717,0.00495,0,0.01266,0,0,0,0,0,0,0,0,0,0,0,0,0,0,0,0,0,0,0,0.01392,0,0,0.00073,0,0,0,0,0,0,0.01207,0,0.17682,0,0.05921,0,0,0,0,0.0392,0.47773,0.28828,0.0937,0,0,0,0,0.00308,0,0,0,0,0,0,0,0,0,0,0,0,0,0,0,0,0,0,0,0,0,0,0,0,0,0,0,0.53652,0,0,0,0,0.44041,0,0,0,0,0,0.02966,0,0,2.46918,0,0,0,0,0,0.07597,0,0.165,0.67772,0,0,0,0,0.63108,0,0.19963,0,0,0.7208,1.9253,0,0,0.0536,0,0,0.01098,0,0,0,0,0,0,0,0,0,0,0.00774,0,0.51826,0,0,0.12092,0.95527,0,0.45057,7.85149,0,0.45098,0,0,0,0.00065,0.67733,0,0,0.11962,0.33444,0,0,0,0,4.95928,0.458,0.02032,0,0,0,0.00976,0.00966,0,0.0915,0.0244,0.1755,0.08335,0.28901,0,0,0,0,0,0,0,0.00296,0,0.01678,0.02461,0,0,0,0,0,0.29924,0.00755,0.15873,0,0,0.13516,0,2.2819,0,0,0,0.10813,0.07266,0,0,0,0.00542,0,0,0,0,0,0,0,0.01092,0,0,0.76657,0.00022,0,0,0,0,0,0,0,0,0.00817,0,0,0,0,0,0,0,0,0,0,0,0,0.00394,0,0,0.00505,0,0,0.17409,0,0,0,0.43152,0,0,0,0,0.25732,0.75217,1.4712,0,0.29076,0.02876,0,1.93753,0,0,0.0144,0,0,0,0,0,0,1.09845,0,0,0,0,0,0,0,0,0,0.06786,0.00965,0,0,0,0,0,0,0,0.04282,0,0,0,0,0,0,0,0.00535,1.74266,0.10457,0.69289,0.85082,0,0,0,0,0,0,0.00086,0,0,0,0.45154,0.7802,6.86527,0,0,0.29387,0,0,0,0,0,0,0,0,0,0,1.87571,0.35083,0,0,0,0,0.00356,0,0,0,0,0,0,0,0,0,0,0,0,0,0,0,0,0.00233,0,0,0,0.04189,1.02181,0.24354,0.11211,0,0.98767,0.00073,0,0.00156,0,0,0,0,0,0,0,0,0,0,0
"MS145_F",0,0,0,0,0,0,0,0,0,0,0,0,0,0.01358,0,0,0.08563,6.04599,0.20791,2.15054,11.9731,0,9.77027,0.10881,0,0,0,0,0,0,0,0.00512,0.00056,0.35911,0,0.06194,0,0.13446,0,0,0.01685,0.00375,0,0,0.42351,0.9915,0,0.05779,1.73726,0,0,0.38025,0,0.0142,3.29889,0.00558,0.08382,0,0,0,0,0,0,1.21776,2.5342,11.9908,10.02927,1.00877,2.91241,0.37783,0.00846,0,1.90658,0,0,0,1.21172,0,0,0.01867,0,0,0.38786,0,0,0.00596,0,0,0.04245,0.00094,0.02034,0,0.05278,0,0,0,0,0,0,0,0,0,0,0,0.00667,0,0,0,0,0,0,0,2e-04,0,0,0.00364,0,0,0,0,0.0141,0,0.00659,0,0.00677,0,0,0,0,0,0,0.0024,0.00736,0,0,0.55938,0.00976,0,0.97021,0.01525,0,0,0,0.01359,0,0,0,0,0,1.46388,0,0,0,0,0,0,0,0,0,0,0,0,0,0,0,0,0,0.11807,0,0,0,0,0.00424,0,0,0,0,0,0,0.00114,0,0.68544,0,0,0,0,1.16373,0.02097,0,0,0.07146,0.20292,0,0,0,0.36682,0,0.03839,0,0,0.11175,0.09085,0,0,0.01033,0,0,0.00066,0.01032,0.04829,0,0,0,0,0,0,0,0,0.00538,0,0,0,0,0.03727,0.1251,0,0,1.97215,0.01292,0.00068,0,0.00779,0,0.24241,0,0,0,0,0.00477,0,0.00236,0,0.01539,2.46914,1.97099,0.04554,0,0,0,0.01862,0,0,0.05412,0,0.08718,0.00197,0.211,0,0.00611,0,2.72366,0,0,0,0.00263,0,1.1811,0.0083,0,0,0,0,0,0,0,0.08455,0,0,0.06841,0,0.30102,0,0,0,0,0.01755,0,0,0,0,0,0,0,0,0,0,0,0.03481,0.00506,0,0.12246,0.04731,0,0,0,0,0,0,0,0.00226,0.00061,0,0,0,0,0,0,0,0,0,0,0,0,0.009,0,0,0,0,0,0,0.14723,0,0,0.09216,0,0,0,0,1.37624,0.60735,2.09898,0,0.3726,0.2826,0,4.00508,0,0,0.01344,0,0,0,0,0,0,0.23612,0,0,0,0,0,0,0,0,0.00061,0.01484,0,0,0,0,0,0,0,0,0,0,0.00074,0,0,0,0,0,0.0077,0.08481,0.23643,0.02051,0.01177,0,0,0,0,0,0,0,0,0,0,0.19041,0.03249,0.00611,0.0261,0,0.00353,0.01035,0,0,0,0,0,0,0,0,0,0.22324,0.12994,0,0,0.00648,0,0,0,0,0,0,0,0,0,0,0,0,0,0,0,0,0,0,0.02047,0,0,0,0,0.00376,0.0391,0,0,0.04467,0.03453,0,0,0.03756,0,0,0,0,0,0,0,0,0,0
"MS146_F",0,0,0,0,0,0,0,0,0,0,0,0,0,0.11659,0,0,0.00562,0.18243,0.26686,0,0.43832,0,3.22098,0.17437,0,0,0,0,0,0,0.00216,0,0,0.43815,0,0.00826,0,0.2638,0,0,0.03176,0.01533,0,0,0.40657,0.02891,0,0.16822,0.28839,0,0,0.0043,0,0.00196,0.17687,0.00077,0.26922,0,0,0,0,0,0,1.53263,0.48461,1.95706,2.93037,0.74938,0.49141,1.57238,0.334,0,2.24263,0,0,0,0.30958,0,0,0.04112,0,0.01423,0.30954,0,0,0.01757,0,0,0.2341,0.07565,0.00026,0.00682,0.00192,0,0,0,0,0,0,0,0,0,0,0,0.01808,0,0,0,0,0,0,0,0.00115,0,0,0,0.01092,0,0,0,0.00574,0,0.00325,0,0.00593,0,0,0,0,0,0,0.02893,0.0292,0,0,0,0.23236,0,0,0.00058,0,0.80965,0,0,0,0,0,0,0,0.1212,0,0,0,0,0,0,0,0,0,0,0,0,0,0,0,0,0,0.13819,0,0,0,0,0,0,0,0,0,0,0.06892,0.0035,0,0.55614,0,0,0,0,0.06462,0.00664,0,0,0.29623,0,0,0.00484,0,0.26417,0,1.20863,0,0.01146,0.18538,0.92556,0,0,0.01432,0,0,0.03794,0,0,0,0,0,0,0,0,0,0,0,0,0,0,0,0.06441,0.65922,0,0,4.93871,0.75235,0.22687,0,0.03068,0,0,0.2918,0,0,0,0.02906,0,0,0,0.22223,5.77322,0.13345,0.0013,0,0,0,0.05333,0,0,0.14509,0,0.15395,0.01716,0.11981,0,0,0,0.64446,0,0,0,0.00101,0,0.14636,0.12678,0,0,0,0,0,0.3568,0.00258,0.00316,0,0,0.15728,0,0.58202,0,0,0,0.16274,0.01094,0,0.00372,0,0,0,0,0,0,0,0.00788,0,0.02879,0,0,0.2439,0.04585,0,0,0,0,0,0,0,0.27274,0,0,0,0,0,0,0,0,0,0,0,0,0,0.0171,0,0,0,0,0,0,0,0,0,0.10528,0,0,0,0,0.21002,0,0.25916,0,0.31203,0.01556,0,1.07461,0,0,0.01913,0,0,0,0,0,0,0.00627,0,0,0,0,0,0,0,0,0,48.92139,0,0,0,0,0,0,0,0,0.01984,0,0,0,0,0,0,0,0.00144,1.98087,0.40219,0.00351,0.29566,0.01475,0.00454,0,0.85242,0,0,0,0,0,0,0.31421,0,2.37782,0.02717,0,0.06531,0,0,0,0,0,0,0,0,0,0,0.08863,0.0572,0,0,0.03221,0,0,0,0,0,0,0,0,0,0,0,0,0,0,0,0,0,0,0,0,0,0,0,0.46154,0.06754,0,0,0.63309,0.08122,0,0,0,0,0,0,0,0,0,0,0,0,0
"MS147_F",0,0,0,0,0,0.00721,0.00102,0,0,0,0,0.00268,0,0.04551,0,0,6.41289,1.78186,0.05866,0.0142,2.94941,0,14.93955,0.27206,0,0,0,0,0,0,0,0,0,0.05704,0,0.01911,0,0.05608,0,0,0.07271,0.05623,0,0,1.00292,0,0,0.89755,0,0,0.06159,0.71656,0.00327,4.69759,0.07194,0.01426,1.1699,0.00525,0,0,0,0.71636,0,1.32607,0.97212,6.75803,21.40361,0.29921,0.05586,0.16531,0.04064,0,0.16359,0,0.00231,0,0.29542,0,0,0.08727,0.00095,0,0.15831,0,0.09721,0.00195,0,0,0.29409,0.03526,0.00747,0,0.01037,0,0,0,0,0,0,0,0,0,0,0,0,0,0.00214,0,0,0,0.04271,0.00299,0.00081,0,0,0.00366,0.00637,0,0.00163,0,0,0,0.00475,0,0.00935,0,0,0,0,0,0,0.00299,0.07167,0,0,0,0.0015,0,0,0,0,0.0079,0,0,0,0,0,0,0,0,0,0,0,0,0,0,0,0,0,0,0,0,0,0,0,0,0.003,0.13692,0,0,0,0,0.1557,0,0,0,0,0,0.04434,0.00587,0,0.40279,0,0,0.14069,0,0.00194,0.05905,0,0.04754,0.20441,0.19289,0,0,0.02815,0.37117,0,0.00607,0,0,0.20687,0.21018,0,0,0.00249,0,0,0,0,0.18614,0,0,0,0.00026,0,0,0,0,0.01284,0,0.16311,0,0,0.10539,0.17565,0,0.02984,2.38574,0.006,0.01785,0.00014,0,0.06236,0.00838,0.11873,0,0,0,0.40206,0,0,0,0.00339,6.00932,0.05334,0.0048,0,0,0,0.05516,0.00675,0.00205,0.44963,0.07992,0.13486,0.0326,0.4018,0,0.00446,0,0.32964,0.01821,0,0,0.02874,0,0.1662,0.01159,0,0,0,0,0,0.16194,0.0035,0.89396,0,0,0.12467,0,1.41323,0,0,0.01395,0.07187,0.01032,0,0,0,0.07378,0,0,0,0,0,0.00092,0,0.01835,0.01131,0,0.07219,0.00449,0,0,0,0,0,0,0,0.00132,0,0,0,0,0,0,0,0,0,0,0,0,0,0.00804,0,0,0,0,0,0.00981,0,0,0,0.01945,0,0,0,0,1.54169,0.48726,1.0778,0,1.01832,0.25912,0,1.99869,0,0,0.04119,0,0,0,0,0,0,0.48522,0,0,0,0,0,0,0,0,0,1.91684,0,0,0,0,0,0,0,0,0.09898,0,0,0,0,0,0,0,0,0.006,0.0091,0.67415,0.05716,0.03511,0.00582,0,0,0,0,0.00041,0,0,0.00543,0.10066,0.49109,0.23873,0.00033,0,0.23516,0.00817,0,0.00052,0.00086,0,0.09587,0.01029,0,0,0,0.36825,0.53461,0,0,0,0,0,0,0,0,0,0,0,0.0025,0.01489,0,0,0,0.0151,0,0,0.63335,0,1.12724,0.0058,0,0.07382,0,0.19088,0.0469,0.00531,0,0.84749,0.1332,0,0,0.01054,0,0.01201,0,0,0.01021,0,0,0.00452,0.02405,0.00229
"MS148_F",0,0,0,0,0,0,0,0,0,0,0,0,0,0.00433,0,0,0,4.41281,0,0.00267,2.10047,0,10.0544,0.41948,0,0,0,0,0,0,0,0,0,0.02938,0,0.08997,0,0.05084,0,0,0,0,0,0,0.30317,0,0,13.09697,0,0,0,4.04159,0,5.32967,0.00156,0.04968,2.29495,0,0,0,0,2.0798,0,0.00055,10.73513,0.95307,16.72054,0.03018,0,0.00667,0,0,0,0,0,0,0.05132,0.01782,0,0.0166,0,0,0.39198,0,0.12377,0,0,0,0.01294,0.00668,0.07941,0,0.19508,0,0,0,0,0,0,0,0,0,0,0,0,0,0,0,0,0,0,0,0,0,0,0,0,0.07664,0,0,0.28705,0,0,0,0,0,0,0,0,0,0.07642,0.00139,0,0,0,0,0.01372,0,0.36743,0,0,0,0,0.66257,0,0,0,0,0.05003,0,0,0,0,0,0,0,0,0,0,0,0,0,0,0,0,0,0,0.10692,0,0,0,0,0,0,0,0,0,0,0,0,0,0.10675,0,0,0,0,0,0.01521,0,0.02907,0.10813,0,0,0,0,0,0,0,0,0,0.04858,0.04448,0,0,0.00364,0,0.00684,0,0.00402,0,0,0,0,0,0,0,0,0,0,0,0,0,0,0.13576,0.10735,0,0.01217,0.24547,0.51351,0,0,0.24801,0,0,0,0,0,0,0,0,0,0,0.00621,1.29634,3.51192,0.09017,0,0,0,0.19105,0,0,0.01339,0,0.08706,0.0165,0.02129,0,0,0,2.07723,0,0,0,0,0,0.16848,0.02619,0,0,0,0,0,0.16642,0.04292,0.02707,0,0,0.0158,0,0.24818,0,0,0,0.0584,0,0,0,0,0,0,0,0,0,0,0,0,0,0,0,0.60844,0,0,0,0,0,0,0,0,0,0,0,0,0,0,0,0,0,0,0,0,0,0,0,0,0,0,0,0,0,0,0,0,0,0,0,0,0,4.0171,0.31188,0.26958,0,2.14533,3.01563,0,1.55569,0,0,0.05935,0,0,0,0,0,0,0.21112,0,0,0,0,0.00592,0,0,0,0,0.03147,0,0,0,0,0,0,0,0,0.10766,0,0,0,0,0,0,0,0.00324,6e-04,0.00497,0.23385,0.0776,0.01202,0.00759,0,0,0,0,0,0,0,0,0.05435,0.05842,0,0,0,0,0,0,0.04286,0,0,0,0,0,0,0,0.35638,0.01505,0,0,0,0,0,0,0,0,0,0,0,0,0,0,0,0,0,0,0,0,0,0,0,0,0,0,0.17688,0.00744,0,0,1.48996,0.08034,0,0,0,0,0,0,0,0,0,0,0,0,0
"MS149_F",0,0,0,0,0,0,0,0.0014,0,0,0.03507,0,0,0.10112,0,0,0.00148,0.098,0.00454,0.52933,1.15085,0,2.42367,0.48244,0,0.02847,0.0213,0,0,0,0,0,0,0.61207,0,0.01636,0,0.07952,0,0,0.21992,0.12197,0,0,0.70747,0,0,1.37522,0,0,0,0.92311,0,0.68113,0,0.01318,0.09698,0,0.19628,0,0,0,0,0.19788,1.30195,2.07193,3.75891,0.48467,0,0.05299,0.00322,0,0,0,0,0,0.04075,0,0,0.01494,0,0,1.07674,0,0.17449,0.05239,0,0,0.30997,0.01945,0.06712,0,0.11927,0,0,0,0,0,0,0,0,0,0,0,0,0,0,0,0,0,0.08779,0,0.0011,0,0,0.01384,0,0,0,0,0,0,0,0,0.01794,0,0,0,0,0,0,0.11643,0.0135,0,0,0,0.29283,0,0.30211,0,0,0,0,1.317,0,0,0,0,0,0,0,0,0,0,0,0,0,0,0,0,0,1.00771,0,0,0,0,0,0.05067,0,0,0,0,0.63457,0,0,0,0,0,0,0,0.28752,0.09388,0,0,0,0,0,0.09711,0,0.24441,0.23296,3.013,0,0,0,0.32618,0,0.83674,0,0,0.05019,0.08484,0,0,0.00316,0,0,0.03018,0,0,0,0,0,0,0,0,0,0,0,0,0.02179,0,0,3.54343,0.12293,0,0,0.26641,2.8723,0.35592,0,0.2452,0.06999,0.15674,0,0,0,0,0.21492,0,0,0,0,7.00263,2.28329,0.05601,0,0,0,0.16666,0,0,0.03992,0.26724,0.07381,0.62204,0.31367,0,0,0,3.38553,0,0,0,0.00549,0,1.58574,0.00389,0,0.19341,0,0,0,0.19917,0.05589,0.00845,0,0,0.0569,0,0.2265,0,0,0,0.11579,0.00224,0,0,0,0,0,0,0,0,0,0,0,0,0,0,0.22904,0.01703,0,0,0,0,0,0,0,0,0,0.02109,0,0,0,0,0,0,0,0,0,0,0,0,0.03214,0,0.0031,0,0,0,0,0,0,0,0,0,0,0,0.49102,0.59572,0.00546,0,1.90254,1.0265,0,0.29216,0,0,0.01891,0,0,0,0,0,0,0.20874,0,0,0,0,0,0,0,0,0,33.81695,0,0,0.00595,0,0,0,0,0,0,0,0,0,0,0,0,0,0.00069,0.33487,0,0,0.92382,0.00525,0,0.10708,0,0,0.00597,0,0.00824,0,0,0.16127,0,0.08863,0.00634,0,0,1.4852,0,0.10958,0.61908,0,0,0,0,0,0,0.1949,0.00821,0,0,0,0,0,0,0,0,0,0,0,0,0,0,0,0,0.01611,0,0,0,0,0.01669,0,0,0,2.41212,0.341,0.2003,0,0,0.69545,0.02044,0,0,0,0,0.00722,0,0,0,0,0,0,0.15937,0.0487
"MS150_F",0,0.57899,0,0,0,0,0,0.0115,0,0,0.00736,0,0,0.00422,0,0,1.40832,0.45195,0.36126,0.02374,6.44209,0,1.84747,0.38883,0,0,0,0,0,0,0,0,0,0.2301,0,0.00327,0.0069,0.03364,0,0,0,0,0,0,2.99983,0.00417,0,1.81856,0,0,0,11.846,0.09155,0.93237,0.03912,0.01591,3.35865,0,0,0,0,2.74924,0,0.90824,0.94188,14.88773,3.89506,0.45052,0.01542,2.80319,0.83752,0,0.99112,0,0,0,0.42836,0.05902,0,0.04405,0,0.05037,0.13309,0,0.06325,0,0,0,0.00605,0.00072,0.03065,0,0.02918,0,0,0.006,0,0,0,0,0,0,0,0,0,0,0.00783,0,0,0,0,0,0.01096,0,0,0,0,0,0,0,0,0,0,0,0.55628,0,0,0,0,0,0,0.00268,0.05427,0,0,0,0,0,3.25274,0,0,0.01333,0,0,0,0,0,0,0,0,0,0,0,0,0,0,0,0,0,0,0,0,0,0,0,0,0,0.11041,0,0,0,0,0.01721,0,0,0,0,0,0,0,0,1.52399,0,0,0,0,0,0.03382,0,0.0418,0.11742,0.00347,0,0,0.03065,0.45271,0,0.32819,0,0.33047,0.12929,0.13643,0,0,0,0,0.0014,0,0,0.12749,0,0,0,0,0,0,0,0,0,0,0.11924,0,0,0.26854,0.5547,0,0,1.22175,0.16615,0.16205,0,0,0,0.0026,0.02709,0,0,0,0.01197,0,0,0,0,1.71623,0.5192,0.03019,0,0,0,0.01869,0,0,0.39455,0,0.17468,1.94248,0.31238,0.01881,0.08783,0,0.0077,0,0,0,0,0,4e-04,0.00801,0,0,0,0,0.00442,0.2714,0.00188,2.67332,0,0,0.06512,0,0.24736,0,0,0,0.06563,0.00844,0,0,0,0,0,0,0,0,0,0,0,0.01869,0.19009,0,0.08189,0,0,0,0,0,0,0,0,0.13714,0,0,0,0,0,0,0.05206,0,0,0,0,0,0,0.00722,0,0,0,0,0,0.54584,0,0,0,0.00289,0,0,0,0,0.46905,1.4131,4.02916,0,0.42097,0.21098,0,2.44384,0,0,0.01816,0,0,0,0,0,0,0.35368,0,0,0.01021,0,0,0,0,0,0,0.50825,0,0,0,0,0,0,0,0,0.02382,0,0,0,0,0,0,0,0,0.20567,0.17376,0.00818,0.07166,0,0,0,0,0,0,0,0,0,0,0.14077,0.0784,5.1502,0,0,0.07323,0.08955,0,0,0,0,0,0,0,0,0,0.26676,0.16248,0,0,0,0,0,0,0,0,0,0,0,0,0,0.00593,0,0,0,0,0,0.00511,0,0.1197,0,0,0,0.11338,0.15895,0.01837,0.44986,0,1.14882,0,0,0,0,0,0,0,0,0,0,0,0,0,0
"MS151_F",0,0,0,0,0,0,0,0,0,0,0,0,0,0.02777,0,0,0.00598,0.37914,0.20473,0.01021,0.79578,0.09426,4.50952,0.16576,0,0,0,0,0,0,0,0,0,1.50245,0,0.02149,0,0.08325,0,0,0,0,0,0,1.08717,0.00552,0,1.78555,0,0,0,0.87315,1.67411,1.87138,0.00888,0.00979,0.51576,0,0,0,0,0.27891,0,1.96004,1.60505,7.44458,17.4181,0.01414,0.00724,0.64043,0.11891,0,0.87228,0,0,0,0.32697,0.07502,0,0.0485,0,0,0.26553,0,0.14068,0.24193,0,0,0.15039,0.00162,0.01719,0,0.03044,0,0,0,0,0,0,0,0,0,0,0,0,0,0,0,0,0,0.08545,0,0.06184,0,0,0.00951,0.02306,0,0,0,0.0204,0,0,0,0.02065,0,0,0,0,0,0,0.00459,0.04361,0.15662,0.04205,0,0,0,1.07559,0.02852,0,0,0,1.03013,0,0.00346,0,0.0072,0,0,0,0,0,0,0,0,0,0,0,0,0,0,0,0,0,0,0,0.24911,0,0,0,0,0,0,0,0,0,0,0.00162,0,0,0.17143,0,0,0,0,0,0.0857,0,0,0.25318,0,0,0,0,0.95369,0,0,0,0.00938,0.03852,0.31037,0,0,0,0,0.03769,0,0,0,0,0,0,0,0,0,0,0,0.00112,0,0.03929,0,0,2.7793,0.38397,0,0.08793,1.0451,1.22884,0.34245,0,1.94438,0.098,0.18413,0.00059,0,0,0,0.02576,0,0,0,0.03605,5.25364,9.75376,0.25188,0,0,0,0.40477,0.00692,0,0.14515,0.20516,0.11426,0.1534,1.90045,0.04622,0.03877,0,0,0,0,0,0.00691,0,2.64143,0.04913,0,0,0,0,0,0.41093,0,1.39217,0,0,0.22744,0,0.60973,0,0,0,0.31387,0.01473,0,0,0,0.00219,0,0,0.00396,0,0,0,0,0.00712,0,0,0.10966,0.06607,0,0,0,0,0,0,0,3.45363,0,0,0,0,0,0,0,0,0,0,0,0,0,0.01218,0,0,0,0,0,0,0,0,0,0.0129,0,0,0,0,0.58586,0.98272,0.21215,0,0.79869,0.11869,0,2.58446,0,0,0.06434,0,0,0,0,0,0,0.69535,0,0,0,0,0,0,0,0,0,0.0252,0,0.00356,0,0,0,0,0,0,0.14494,0,0,0,0,0,0,0,0,1.39446,0.05362,0.00673,0.30006,0,0,0,0,0,0,0,0,0,0.02693,0.09165,0,0,0,0,0.04724,0,0,0.00726,0,0,0,0,0,0,0,0.4282,0.0564,0,0,0,0,0,0,0,0,0,0,0,0,0,0,0,0,0,0,0,0,0,0.02761,0,0,0,0.01266,0.96689,0.03214,0,0,2.43593,0.06457,0,0,0,0,0,0.01338,0,0,0,0,0,0,0
"MS152_F",0,0,0,0,0,0,0,0,0.00667,0,0,0,0,0.11609,0,0,0.0505,0.04945,0,0.75382,0.38054,0,3.78997,0.02645,0,0,0,0,0,0,0,0,0,0.12852,0,0,0,0.0408,0,0,0,0,0,0,1.90679,0,0,1.81068,0,0,0,0.36287,1.18204,0.26555,0,0.00105,0.41318,0,0,0,0,0.00036,0,4.00577,0.71252,2.19615,14.46481,0.00234,0,0.97238,2.36029,0,1.53864,0,0,0,0.67933,0.06204,0,0.00431,0,0.00023,0.25254,0,0.02023,0,0,0,0.09485,0.01661,0.01077,0,0.02952,0,1.76055,0,0,0,0,0,0,0,0,0,0,0,0,0,0,0,0,0,0.01633,0,0,0,0.02493,0,0,0,0.28698,0,0,0,0,0,0,0.02657,0,0,0.05792,0.00532,0.02245,1.05437,0.35978,0,0.19303,0,0.69039,0.13622,0,0.18684,0,0.01442,0,0.00305,0,0,0.06629,0,0,0,0,0,0,0,0,0,0.40902,0,0,0,0,0,0,0,0,0.05161,0,0,0,0,0.49193,0,0,0,0,0,0,0,0.59749,0.62086,0,0,0,0,0,0.22101,0,0.08351,0.26831,0.58817,0,0,0,0.06725,0,0.33147,0,0,0.17407,0.40514,0,0,0,0,0,0,0,0.00805,0,0,0,0,0,0,0,0,0,0,0.67129,0,0,0.59423,0.15493,0,0.15596,1.28412,0.07118,4.62378,0,0,0.00844,0.01346,0,0,0,0,0.33067,0,0,0,0.22755,6.16624,2.57615,0.06503,0,0,0,0.09273,0,0,0.22428,0,0.05223,0.02427,0.00041,0,0,0,0.05359,0,0,0,0,0,5.52363,0.12456,0,0,0,0,0,0.04473,0.02379,0.04977,0,0,0.05505,0,0.79989,0,0,0,0.13539,0,0,0,0,0.32261,0,0,0.12394,0,0,0,0,0,0,0,1.36306,0,0,0,0,0,0,0,0,2.36516,0,0,0,0,0,0,0,0,0,0,0,0,0,0,0,0,0,0,0,1.34817,0.00635,0,0,0.01463,0,0,0,0,0.3166,1.03466,1.12052,0,0.14643,0.0123,0,2.54459,0,0,0.02625,0,0,0,0,0,0,0.01511,0,0,0,0,0,0,0,0,0,0,0,0,0,0,0,0,0,0,0.16718,0,0,0,0,0,0,0,0.00667,1.87248,0.04684,3.50142,0.844,0,0,0,0,0,0,0,0.01882,0,0,0.04004,2.08304,2.0418,0,0,0.04886,0,0,0,0,0,0,0,0,0.80452,0,0.171,0.01184,0,0,0,0,0,0,0,0,0,0,0,0,0.00204,0,0.12862,0,0.0178,0,0,0.26533,0,0.37021,0,0.04848,0,0,0.62388,0.14115,0.92497,0,2.55842,0.18449,0,0.00228,0,0,0.02583,0.20622,0.00208,0,0,0,0,0,0
"MS153_F",0,0,0,0,0,0,0,0,0,0,0,0,0,0.01002,0,0,0.01911,0.19836,0.00122,0.02943,0.09848,0,2.50801,0.08682,0,0,0,0,0,0,0,0,0,0.24632,0,0,0,0.00669,0,0,0.01505,0.00594,0,0,0.7595,0,0,7.18837,0,0,0,2.62672,1.10887,0.01959,0,0.0146,1.73272,0,0,0,0,1.08571,0,1.49518,5.75809,5.58247,7.17819,0.00293,0.00694,0.01961,0.0144,0,0,0,0,0,0.04146,0.06054,0,0.04823,0,0,0.08784,0,0.00101,0.02174,0,0,0.04163,0.00407,0,0,0,0,0,0,0,0,0,0,0,0,0,0,0,0,0,0,0,0,0,0,0.00815,0,0,0,0,0,0,0,0,0,0,0,0.00544,0,0,0,0,0,0,0,0.03638,0.1385,0.029,0,0,0,0,0.00226,0,0,0,0,0,0,0,0,0,0,0,0,0,0,0,0,0,0,0,0,0,0,0,0,0,0,0,0.02899,0,0,0,0,0,0,0,0,0,0,0,0,0,0.08848,0,0,0,0,0,0.31955,0,0.07696,0.02799,0,0,0,0,0,0,0,0,0,0.03959,0.04228,0,0,0.14948,0,0,0,0,0,0,0,0,0,0,0,0,0,0.05177,0,0.05099,0,0,2.03064,0.0407,0,0,1.85304,0,0,0,0.16317,0,0.00058,0,0,0,0,0.00613,0,0,0,0.00948,5.65265,0.00858,0,0,0,0,0.19184,0,0,0.0024,0,0.01686,0,0.00328,0,0,0,0,0,0,0,0,0,0.0047,0.04213,0,0,0,0,0,0.26574,0,0.03241,0,0,1.14779,0,0.4232,0,0,0,0.24384,0.00759,0,0,0,0.18834,0,0,0,0,0,0,0,0.01366,0,0,0.05705,0.0138,0,0,0,0,0,0,0,2.22125,0,0.00026,0,0,0,0,0,0,0,0,0.03518,0,0,0,0,0,0,0,0,0,0,0,0,0,0,0,0,0,0.76784,0.18386,0.0018,0,19.496,0.25468,0,17.50804,0,0,0.01058,0,0,0,0,0,0,0.41805,0,0,0,0,0,0,0,0,0,0.03265,0,0,0,0,0,0,0,0,0,0,0,0,0,0,0,0,0,0.72034,0.11173,0.15303,2.98386,0,0,0,0,0,0,0,0,0,0,0.04559,0,0.70255,0,0,0,0,0,0.00076,0,0,0,0,0,0,0,0.19109,0.01976,0,0,0,0,0,0,0,0,0,0,0,0,0,0,0,0,0.00038,0,0,0.01121,0,0.03989,0,0,0,0.02383,0.35865,0.0516,0,0,1.80602,0.05127,0,0,0,0,0.02971,0.12036,0,0.00694,0,0,0,0,0
"MS154_F",0,0,0,0,0,0,0,0,0,0,0,0,0,0.00626,0.0015,0,0,0.01335,0,0.49345,4.04374,0,5.29605,1.74973,0,0,0,0,0,0,0,0,0,0.49964,0,0,0,0.0788,0,0,0,0,0,0,4.68932,0,0,1.04752,0,0,0,3.10818,0,0.72515,0,0.03953,1.66623,0,0,0,0,0,0,3.68179,2.64351,11.06132,18.7215,0.47748,0,0.02805,0,0,0.29329,0,0,0,0.0079,0.00778,0,0.02264,0,0,0.60208,0,0.02495,0.00597,0,0,0.28557,0.00411,0.00788,0,0.02028,0,0,0,0,0,0,0,0,0,0,0,0,0,0,0,0,0,0,0,0.0069,0,0,0,0.01038,0,0,0,0,0,0,0,0,0,0,0,0,0,0,0.02437,0.0084,0.0384,0.015,0,0.27079,0,0.56965,0,0,0,0,0.06275,0,0,0,0,0,0,0,0,0,0,0,0,0,0,0,0,0,0,0,0,0,0,0,0.1168,0,0,0,0,0,0,0,0,0,0,0,0,0,0.14363,0,0,0,0,0,0.05789,0,0.22331,0.0672,0,0,0,0,0.12212,0,0,0,0,0.18905,0.0428,0,0,0,0,0,0,0,0,0,0,0,0,0,0,0,0,0,0,0.08282,0,0,0.78428,0.13136,0,0.03838,0.08259,0,0.05465,0,0.65446,0,0,0.53712,0,0,0,0.34872,0,0,0,0.12594,6.68077,0.39528,0.00755,0,0,0,0.11937,0,0,0.00874,0,0.01053,0.01565,0,0,0,0,0,0,0,0,0,0,2.64459,0.8285,0,0,0,0,0,1.51341,0.00184,1.09603,0,0,0.11118,0,1.37648,0,0,0,0.14576,0,0,0,0,0.18172,0,0,0,0,0,0,0,0,0,0,0.31804,0.02289,0,0,0,0,0,0,0,0,0,0,0,0,0,0,0,0,0,0,0,0,0,0,0,0,0,0,0,0,0,0,0,0,0,0,0,0,1.78284,1.08698,0.00604,0,1.63634,0.04225,0,6.04614,0,0,0.03364,0,0,0,0,0,0,0.1841,0,0,0,0,0,0,0,0,0,0,0,0,0,0,0,0,0,0,0.03562,0,0,0,0.004,0,0,0,0,0.63465,0,1.16211,0.19499,0,0,0,0,0,0,0,0,0,0,0.03577,0.32165,0,0,0,0.05291,0,0.15034,0.01171,0,0,0,0,0,0,0,0.35654,0.113,0,0,0,0,0,0,0,0,0,0,0,0,0,0,0,0,0,0,0.011,0.02199,0,0.21246,0,0.00346,0,0.08776,0.74762,0.02069,0,0,2.81338,0.13413,0,0,0,0,0.03279,0.00416,0,0.37632,0,0,0,0,0
"MS155_F",0,0,0,0,0,0,0,0,0,0,0,0,0,0.36863,0,0,0.0064,0.12823,0,0.43319,4.56938,0,4.20159,1.8886,0,0,0,0,0,0,0,0,0,0.62768,0,0,0,0.11845,0,0,0.04794,0.01584,0,0,2.67633,0,0,2.81939,0,0,0,0.05086,0,0.2807,0.00396,0.00232,0.20016,0,0,0,0,0,0,2.63522,0.44527,6.20701,6.40689,0.01654,0,0.86621,0.26442,0,0.40774,0,0,0,0.0904,0.30355,0,0.04016,0,0,0.95486,0,0.05626,0,0,0,0.02222,0.00697,0.0215,0,0.0529,0,0,0,0,0,0,0,0,0,0,0,0,0,0,0,0,0,0,0,0.01662,0,0,0,0,0,0,0,0,0,0,0,0,0,0,0,0,0,0.13719,0.03587,0.03017,0.16658,0.06461,0,0,0,1.95511,0,0,0,0,0.05624,0,0,0,0,0.13107,0,0,0,0,0,0,0,0,0,0.64431,0,0,0,0,0,0,0,0,0.0532,0,0,0,0,0.16234,0,0,0,0,0,0,0,0.08757,0.46465,0,0,0,0,0,0.04817,0,0.04692,0.31763,2.37469,0,0,0,1.18013,0,0.09307,0,0,0.14758,0.39712,0,0,0,0,0,0.02244,0,0.01708,0,0,0,0,0,0,0,0,0,0,0.61315,0,0,5.89807,0.29912,0,0.07402,0.72648,2.54608,0.7669,0,0.01367,0.05706,0,0,0,0,0,1.954,0.06857,0,0,0.00089,4.83409,6.62111,0.16689,0,0,0,0.025,0,0,0.16872,0.187,0.10709,2.55007,0.24268,0.08636,0,0,0.76032,0,0,0,0.00311,0.05223,2.52475,0.18458,0,0,0.1291,0,0,0.99329,0,0.09806,0,0,0.00373,0,0.2719,0,0,0,0.33122,0.00208,0,0,0,0,0,0,0.0024,0,0,0,0,0,0,0,0.30514,0.00776,0,0,0,0,0,0,0,0.1832,0,0.00607,0,0,0,0,0,0,0,0,0,0,0,0,0.08785,0,0,0,0,0.25914,0,0,0,0,0,0,0,0,0.82336,0.68756,0.91944,0,0.48807,0.22198,0,1.89776,0,0,0.05146,0,0,0,0,0,0,0.41562,0,0,0,0,0,0,0,0,0,0.06314,0,0,0,0,0,0,0,0,0.05531,0,0,0,0,0,0,0,0.00078,5.9633,0.00935,0.00616,0.0088,0.00629,0,0,0,0,0,0,0,0,0,0.26035,0.10453,2.35827,0,0,0.04639,0,0,0.02195,0.03333,0,0,0,0.11368,0,0,0.68292,0.06544,0,0,0,0,0,0,0,0,0,0,0,0,0,0,0,0,0,0,0,0,0,0.00469,0,0,0,0,2.21427,0.03967,0.21311,0,1.82291,0.04806,0,0,0,0,0.00129,0,0,0.01152,0,0,0,0.08964,0.14849
"MS156_F",0,0,0,0,0,0,0,0,0,0,0,0,0,0.12145,0,0,0,0.33219,0,0.59492,1.81741,0,3.4066,0.20116,0,0,0,0,0,0,0,0,0,0.4777,0,0,0,0.0515,0,0,0,0,0,0,3.65151,0,0,1.27881,0,0,0,1.0079,0,0.51793,0,0.00764,0.66313,0,0,0,0,0,0,2.75166,0.39933,4.36335,20.84498,0.00671,0,5.2492,5.49825,0,2.45095,0,0,0,1.78219,0.11618,0,0.03882,0,0,0.28499,0,0,0,0,0,0.10296,0.02066,0.02418,0,0.04293,0,0,0,0,0,0,0,0,0,0,0,0,0,0,0,0,0,0,0,0.00081,0,0,0,0.01035,0,0,0,0.00668,0,0.00516,0,0.25022,0,0,0,0,0,0,0.01398,0.01955,0.07721,0.01546,0,0.10408,0,0.8327,0.01311,0,0,0,0,0,0,0,0,0,0,0,0,0,0,0,0,0,0,0,0,0,0,0,0,0,0,0,0.03014,0,0,0,0,0,0,0,0,0,0,0.06633,0,0,0.62396,0,0,0.01604,0,0,0.40665,0,0,0,0,0,0,0,0.1671,0,0,0,0,0.18728,0.56297,0,0,0,0,0,0.01964,0,0,0,0,0,0,0,0,0,0,0,0,0.38561,0,0,0.03616,0.68204,0,0,3.47692,0.01665,0.04618,0.00023,0,0.00407,0,0,0,0,0,0.90443,0,0,0,0.48007,4.68801,0.27034,0.00818,0,0,0,0.01077,0,0,0.03829,0,0.01386,0.04045,0.06124,0,0,0,0.00537,0,0,0,0,0,0.45356,0.11757,0,0,0,0,0,0.0259,0,0.11348,0,0,0.14623,0,1.21543,0,0,0,0.18473,0,0,0,0,0.03983,0,0,0,0,0,0,0,0.00086,0,0,0.7457,0.00514,0,0,0,0,0,0,0,0,0,0,0,0,0,0,0,0,0,0,0,0,0,0.01065,0,0,0,0,0,0.66646,0,0,0,0.13488,0,0,0,0,0.43999,0.14184,0.91865,0,0.47076,0.0549,0,4.0264,0,0,0.01733,0,0,0,0,0,0,0,0.72126,0,0,0,0,0,0,0,0,0,0,0,0,0,0,0,0,0,0.02661,0,0,0,0,0,0,0,0.01268,0.89757,0,3.69146,0.05258,0,0,0,0,0,0,0,0.0015,0,0,0.04088,0.0329,4.78626,0,0,0,0,0,0,0,0,0,0,0,0,0,0.15598,0.04897,0,0,0,0,0,0,0,0,0,0,0,0,0.03737,0.01735,0,0,0.00579,0,0.00561,0.63568,0,0.81913,0.05148,0,0,0,0.58714,0.2138,0.4565,0,3.87331,0.15208,0,0.00108,0,0,0,0,0,0.03927,0,0,0,0,0
"MS157_F",0,0,0,0,0,0,0,0,0,0,0,0,0,0.03129,0,0,0.02614,0.52195,0,0.65052,1.17045,0,6.10347,0.15525,0,0,0,0,0,0,0,0,0,0.84119,0,0.01281,0,0.02193,0,0,0.16022,0.10635,0,0,1.61557,0,0,5.23782,0,0,0,0.42084,0.11267,0.75716,0,0.03527,1.27485,0,0,0,0,0.02143,0,0.81423,1.71925,4.08924,24.04499,0.04968,0,0.057,0,0,0.00198,0,0,0,0.00103,0,0,0.04475,0,0,0.35298,0,0.02483,0.04046,0,0,0.10314,0.04722,0.05147,0,0.08965,0,0,0,0,0,0,0,0,0,0,0,0,0,0,0,0,0,0,0,0.00177,0,0,0,0,0,0.00104,0,0.17785,0,0.00136,0,0.12293,0,0,0,0,0,0,0.00957,0.03851,0,0,0,0.37843,0.03248,0.60681,0.11089,0,0.00373,0,0.45281,0,0.00194,0,0,0,0,0,0,0,0,0,0,0,0,0,0.03329,0,0,0,0,0,0,0,0.10898,0.06194,0,0,0,0.03851,0,0,0,0,0,0.00387,0,0,0.46668,0,0,0.23863,0,0,0.01617,0,0.0931,0.17209,0.50054,0,0,0,2.66197,0.1564,0,0,0,0.2031,0.41267,0,0,0,0,0,0,0,0,0,0,0,0,0,0,0,0,0,0,0.3117,0,0,0.18371,0.50763,0,0.06623,0.42175,0.01967,0.04406,0.00026,0.15811,0,0.03517,0,0,0,0,0.71719,0,0,0,0.23147,7.47242,7.56464,0.19771,0,0,0,0.46365,0.03151,0,0.14887,0,0.07275,0.19109,0.26837,0,0,0,0.36331,0,0,0,0.01189,0,1.3657,0.02532,0,0,0,0,0,0.67386,0.0032,0.03432,0,0,0.04388,0,1.32458,0,0,0,0.14588,0.00028,0,0,0,0.03604,0,0,0,0,0,0,0,0.00879,0.01072,0,0.26733,0,0,0,0,0,0,0,0,0.2635,0,0.00547,0,0,0,0,0,0,0,0,0.00832,0,0,0,0.21709,0,0,0,0,0,0.00872,0,0,0.0469,0,0,0,0,1.12716,0.37261,0.8179,0,1.35425,0.15464,0,3.85443,0,0,0.01305,0,0,0,0,0,0,0,0,0.57229,0,0,0,0,0,0,0,0.05823,0,0,0,0,0,0,0,0,0,0,0,0,0,0,0,0,0.00076,1.7187,0.54246,1.01507,1.77705,0.45663,0.0629,0,0,0,0,0,0.00813,0,0,0.06185,0.59087,0.00378,0,0,0.05097,0.53162,0.28535,0.00047,0.00157,0,0,0,0,0,0,1.1066,0.02924,0,0,0,0,0,0,0,0,0,0,0,0,0,0,0.03133,0,0,0,0.03386,0.03787,0,0.27288,0,0.01182,0,0,0.48562,0.17348,0,0,0.02404,0.11723,0,0,0,0,0,0.00236,0,0,0,0,0,0,0.35074
"MS158_F",0,0,0,0.00054,0,0,0,0,0,0,0,0,0,0.17119,0,0,0,1.18496,0.00554,1.37649,2.51245,0,7.2202,0.01155,0,0,0,0,0,0,0,0,0,0.35311,0,0.04653,0.00042,0.02034,0,0,0,0,0,0,12.80168,0.00045,0,29.73066,0,0,0,0.38197,0,0.03775,0,0.01339,0.73293,0,0,0,0,0,0,0.46067,0.49805,1.11641,1.12518,0.00054,0.00405,0,0,0,0,0,0,0,0,0,0,0.15448,0,0,0.14924,0,0.00416,0.0019,0,0,0.1079,0.16325,0,0,0,0,0,0,0,0,0,0,0,0,0,0,0,0.00207,0,0,0,0,0,0,0,0,0.00021,0,0.00115,0,0.02584,0,0.00443,0.00458,0.02612,0,0.37613,0,0,0,0,0,0,0.02862,0.12946,0,0,0,0,0,0,0,0,0,0,0,0,0,0,0,0,0,0,0,0,0,0,0,0,0,0,0,0,0,0,0.6357,0,0,0,0,0,0,0,0,0,0,0,0,0,0,0.088,0.03751,0,0.14206,0,0,0,0,0,0.32526,0,0,0.4378,0.00036,0,0,0,0,0,0,0,0.09015,0.11063,0.4264,0,0,0.01144,0,0,0.01294,0,0.10254,0,0,0,0,0,0,0,0,0,0,0.25201,0,0,0.88368,0.254,0,0,1.99154,0.77597,0,0,0,0,0,0,0,0,0,0.20072,0,0,0,0,4.61933,0.00169,0,0,0,0,0.18592,0.0039,0,0,0,0.02061,0.00071,0,0,0.01293,0,0,0,0,0,0,0,0,0.02756,0,0,0,0,0.00125,0.5977,0.0055,1.02051,0,0,0.48035,0,1.51892,0,0,0,0.19101,0.00551,0,0,0,0.0065,0,0,0,0,0,0,0,0,0.22529,0,0.53419,0.0833,0,0,0,0,0,0,0,0,0.00159,0,0,0,0,0,0,0,0,0,0,0,0,0.01107,0,0,0,0,0,0.07793,0,0,0,0,0,0,0,0,2.84965,0.84648,0,0,5.76758,0.32004,0,3.21044,0,0,1.99566,0,0,0,0,0,0,0.61806,0,0,0,0,0,0,0,0,0,0.02153,0,0,0,0,0,0,0,0,0.00714,0,0,0,0,0,0,0,0,0.19958,0.18766,0.2716,0.42339,0,0,0,0,0,0,0,0,0,0,0.07999,0,4.89539,0,0,0,0,0,0,0,0,0,0,0,0,0,0.12224,0.10362,0,0,0,0,0,0,0,0,0,0,0,0,0,0,0,0,0.00265,0,0,0.00481,0,0.00667,0,0,0,0,0.53858,0.01459,0.04917,0,0.02805,0.01697,0,0.00171,0,0,0.00026,0.00487,0,0.01299,0,0,0,0,0
"MS159_F",0,0,0,0,0,0,0,4e-04,0,0,0,0,0,0.09679,0.0267,0.00306,0,0.05481,0,0.31495,0.17865,0,1.29373,0.0095,0,0,0,0,0,0,0,0,0,0.42446,0,0,0,0.00643,0,0,0,0,0,0,0.9992,0.0041,0,0.1255,0,0,0,1.85294,0,0.02205,0.00375,0,0.03838,0,0,0,0,0,0,2.2743,2.96098,2.26029,37.39731,0.00265,0.00335,1.38198,1.15049,0,1.87412,0,0,0,2.10079,0.61385,0,0,0,0,0.45241,0,0,0,0,0,0.51641,0.01311,0,0,0,0,0,0,0,0,0,0,0,0,0,0,0,0,0,0,0,0,0,0,0.01344,0,0,0,0,0,0,0,0.42962,0,0,0,0,0,0,0.03136,0,0,0,0,0.04207,0.02147,0.00133,0,0,0,0,0.0064,0,0,0,0,0,0,0,0,0,0,0,0,0,0,0,0,0,0,0,0,0,0,0,0,0,0,0,0,0,0,0,0,0.00795,0,0,0,0,0,0,0,0,1.01467,0,0,0,0,0,0.15564,0,0.22662,0.315,0,0,0,0,0.00429,0,0.10465,0,0,0.3524,0.31997,0,0,0.03728,0,0,0,0,0,0,0,0,0,0,0,0,0,0,0,0.6087,0,0,1.7838,0.29057,0,0.47329,3.88984,0.00471,0.03824,0,0,0,0,0,0,0,0.3496,0.00625,0,0,0,0.52826,7.42121,0.01346,0,0,0,0,0.07106,0,0,0.0274,0,0,0,0,0,0,0,0,0,0,0,0,0,0,0.06549,0,0,0,0,0,0.05436,0,0.11809,0,0,0.07113,0,3.52738,0,0.01188,0.01985,0.19652,0,0,0,0,0.34715,0,0,0,0.02437,0,0,0,0,0,0,1.08591,0,0,0,0,0,0,0,0,0,0,0,0,0,0,0,0,0,0,0,0,0.01592,0,0,0,0,0,0,0,0.66066,0,0,0,0,0,0,0,0,0.01984,0.14282,0.03711,0,0.08616,0,0,3.9366,0,0,0.01158,0,0,0,0,0,0,0.01652,0,0,0,0,0,0,0,0,0,0.05399,0,0,0,0,0,0,0,0,0.0048,0,0,0,0,0,0.00228,0,0,3.01712,0,0.28067,1.93436,0,0,0,0,0,0,3e-04,0.00724,0,0,0.01248,0.06402,0.00723,0,0,0.96546,0,0,0,0,0,0,0,0,0,0,0.76202,0,0.01083,0,0,0,0,0,0,0,0,0,0,0,0.01755,0,0.07666,0,0.04287,0,0.00778,0.18589,0.00364,0.48085,0.02092,0,0,0.00407,0.53115,0.03635,0.50884,0,1.78189,0.15725,0,0,0,0,0.12449,0.22918,0.10349,0.8986,0.10748,0,0.06094,0,0
"MS160_F",0,0,0,0,0,0,0,0,0,0,0,0,0,0.00139,0,0,0.02258,0.14977,0,0,0.10851,0,3.23469,0.05171,0,0,0,0,0,0,0,0,0,0.11145,0,0,0,0.00169,0,0,0,0,0,0,0.26343,0.00093,0,0.01884,0,0,0.45512,0,0,0,1.57415,0,0.11131,0,0,0,0,0,0,0.00326,0.4599,5.84719,4.66734,1.4592,1.2937,0.01604,0,0,4e-04,0,0.00815,0,0.01806,0,0,0.03711,0,0,0.16861,0,0,0.03279,0,0,0.07049,0,0.00035,0,0.0293,0,0,0,0,0,0,0,0,0,0,0,0,0,0,0,0,0,0,0,0,0,0,0,0,0,0,0,0,0,0,0,0,0,0,0,0,0,0,0,0.06591,0,0,0,0,0,0,0,0,0,0,0,0,0,0,0,0,0,0,0,0,0,0,0,0,0,0,0,0,0,0,0,0,0,0,0.05255,0,0,0,0,0.10871,0,0,0,0,0,0.0012,0,0,0.1248,0,0,0,0,0.07388,0,0,0.03236,0.03146,0.40895,0,0,0,0,0,0,0,0,0.03478,0.14912,0,0,0,0,0,0,0,0,0,0,0,0,0,0,0,0,0,0,0,0,0,0.18768,0.05692,0,0.03185,0.00392,0.11202,0,0,0,0.24293,0.31933,0,0,0,0,0.37419,0,0,0,0,2.56902,0.09718,0.00197,0,0,0,0.06841,0,0.01086,0.01769,0.28625,0,0,0.11137,0,0,0,0,0.00889,0,0,0,0,0,0.00953,0,0,0,0,0,0.23449,0,0.38897,0,0.00048,0.00374,0,0.23577,0,0,0,0.01769,0,0,0,0,0,0,0,0,0,0,0,0,0,0,0,0,0.02358,0,0,0,0,0,0,0,0,0,0,0,0,0,0,0,0,0,0,0,0,0,0,0,0,0,0,0,0,0,0,0,0,0,0,0,0,0.69461,0.71085,0,0,0.24448,0.10672,0,0.91631,0,0,0.04267,0,0,0,0,0,0,0.01744,0,0,0,0,0,0,0,0,0,66.82968,0,0,0,0,0,0,0,0,0,0,0,0,0,0,0,0,0.00031,0,0.00176,0.85568,0,0,0,0,0,0,0,0,0,0,0,0,0,0.60729,0,0,0,0,0.00186,0,0,0,0.1698,0,0,0,0,0.18754,0.00483,0,0,0,0,0,0,0.00381,0,0,0,0,0,0,0,0,0,0.01363,0,0,0,0,0,0,0,0,0.07656,0.22684,0.00264,0,0,1.51292,0,0,0,0.05584,0,0,0,0,0,0,0,0,0,0
"MS161_F",0,0,0,0,0,0,0,0,0,0,0,0,0,0.01164,0,0,0.02664,2.95654,4.13686,0.0429,0.44559,0,6.1486,1.24287,0,0,0,0,0,0,0,0.01263,0,0.62639,0.00637,0.02356,0,0.03921,0,0,0,0,0,0,0.03339,0.00169,0,0.01133,0,0,0,0.01476,0.01787,0,0.63969,0,0.73641,0.00107,0,0,0,0,0,0.01326,0.43004,3.79814,1.57259,0.02009,4.0499,0.09484,0,0,0,0,0,0,0.26707,0.01166,0,0.21795,0,0,0.04608,0,0,0,0,0,0.17121,0.06558,0.00033,0.03621,0.01356,0,0,0,0,0,0,0,0,0,0,0,0,0,0.00319,0,0,0,0.19093,0,0,0,0,0,0,0,0,0,0,0,0,0,0.01072,0,0,0,0,0,0,0.03026,0.06577,0,0,0.16145,0.01994,0,0,0.00941,0,0.01091,0,0,0,0,0,0,0,0,0,0,0,0,0,0,0,0,0,0,0,0.59616,0,0,0,0.02027,0,0.00285,0,0,0,0,0,0,0,0,0,0,0.01483,0,0,0.02426,0,0,0,0,0.75557,0,0,0.00798,0.01392,0.63386,0,0,0,0,0,0.00044,0,0,0.0843,0.89228,0,0,0.02113,0,0,0.31435,0,0.00307,0,0,0,0,0,0,0,0,0,0,0,0,0,0.5572,0.129,0,0.01419,0.03224,0.92399,0.0091,0,0.16839,0.0263,6.58078,0,0,0,0.00212,0.01365,0,0,0,0.06181,4.14536,1.2119,0.29917,0,0,0,0.13292,0,0,2.18912,1.80652,0.02796,4.4159,13.34369,1.43719,0.03681,0,0.01052,0,0,0,0.00663,0,0,0.00105,0,0,0,0.00117,0,0,0.35188,0.73648,0,0.58131,0.00367,0,0.02706,0,0,0,0.05955,0.02462,0,0,0,0.00296,0,0,0.00652,0,0,0,0,0,0.00318,0,0.04242,0.01445,0,0,0,0,0,0,0,0.1183,0,0,0,0,0,0,0,0,0,0,0,0,0,0.00943,0,0,0,0,0,0,0.48008,0,0,0,0,0,0,0,2.04529,1.17058,2.97367,0,0.72546,0,0,1.58079,0,0,1.31351,0.00351,0,0,0,0,0,2.27735,0,0,0.00129,0,0,0,0,0,0,9.70024,0,0,0,0,0,0,0,0,0,0,0,0,0,0,0,0,0,0.05143,0.51981,0,0.42918,0,0,0,0,0,0,0,0,0,0,0.07809,0.31717,3.39034,0,0.08786,0,0.55703,0,0,0.00126,0.01853,0.00777,0,0,0,0,0.31187,0.05727,0,0,0,0,0,0,0,0,0,0,0,0,0,0,0,0,0,0,0,0,0,0,0,0,0,0,0.17077,0.22458,0,0,0,0,0,0,0,0,0,0,0,0,0,0,0,0.0664,0
"MS162_F",0,0,0,0,0,0,0,0,0,0,0,0,0,0.03829,0,0,0.03969,1.78236,0,0.00916,1.19801,0,7.4724,0.34337,0,0,0,0,0,0,0,0.00134,0,3.38159,0,0.02564,0,0.10412,0,0,0,0,0,0,3.96945,0,7e-04,0.00484,0,0.90972,0,3.74851,0.01192,0,0.00122,0,0.02206,14.24256,0,0,0,0,0,0.03855,0.04517,7.40507,10.90889,1.88693,0.00853,2.25539,0,0.00294,2.57278,0,2.09811,0,1.78,0.27959,0,0,0,0,0.35052,0,0,0,0,0,0.23241,0.01191,0,0,0,0,0,0.00879,0,0,0,0,0,0,0,0,0,0,0,0,0,0,0.13907,0,0.00493,0.00276,0,0,0.0503,0,0,0,0.01656,0,0.00543,0,0.02248,0,0,0,0,0,0,5e-04,0.01588,0,0,0.67823,0.01058,0,1.34524,0.00415,0.01331,0.01264,0.00604,0.01493,0,0,0,0,0,0,0,0,0,0.00881,0,0,0,0,0,0,0.01952,0.04643,0,0,0.00352,0,0,0.01772,0,0,0,0,0.00603,0,0,0,0,0,0.05164,0,0,1.23325,0,0,0,0,0,0,0.26091,0.21094,0.36164,0.02357,0,0,0,0,0,0.02573,0,0,0.17195,0.59528,0,0,0.02995,0.02386,0,0,0,0,0,0,0,0,0,0,0,0.03438,0.15464,0,0.36658,0,0,0.27474,0.65733,0,0.14061,2.90675,0.83645,0.15741,0,0,0,0.0708,0,0,0,0,0.018,0,0,0,0,3.56899,0.74322,0.04806,0,0,0,0.01117,0,0,0.47474,0.01834,0,0.51089,0.82569,0,0.04234,0,0.01096,0,0,0,0,0,0,0.00987,0,0,0,0,0,0.23479,0,1.68225,0.01203,0,0.08482,0,1.48433,0.11309,0,0,0.01139,0,0,0,0,0.01438,0,0,0,0,0,0,0,0,0.00777,0,0.07313,0.00057,0,0,0,0,0,0,0,0.17687,0,0,0,0,0,0,0,0,0,0,0,0,0,0,0,0,0.00655,0,0,0,0,0,0,0.03629,0,0,0,0,0,0.35075,0,0,1.7468,0,0,0.00296,0,0,0.01218,0,0,0,0,0,0,0.39974,0,0,0,0,0,0.00215,0,0,0.00895,0.05978,0,0,0,0,0,0,0,0,0,0,0,0,0,0,0,0,0.00237,0.46417,0.05304,0.02589,0.30464,0,0,0,0.05809,0,0,0,0,0,0,0,0.00919,1.77878,0.00228,0.01691,0.62264,0.00944,0,0,0.27061,0,0,0.2421,0,0.00392,0,2.01941,0.15718,0,0,0,0,0,0,0,0,0,0,0,0,0,0,0,0,0.00322,0,0,0.04634,0,0.6687,0.0106,5e-04,0,0,0.87463,0.00775,0,0,1.2742,0.01654,0,0,0.01671,0,0,0,0,0.00939,0,0.00095,0,0,0
"MS163_F",0,0,0,0,0.00042,0.01017,0.00031,0,0.00107,0,0,0,0,0,0,0,7.85496,0.7967,0.25915,0,1.00664,0,7.68956,0.48039,0,0,0,0,0,0,0,0.03751,0,0.34797,0,0.0109,0.00611,0.08622,0,0,0,0,0,0,21.47207,0,0,0.00864,0.41947,0.31784,0,0.73306,0.00089,0.00233,0.0054,0,0.64828,0,0,0,0,0,0.06152,0.4941,0.26021,3.01761,9.86554,1.00611,0.54763,0.49874,0,0,0.28325,0,0.4445,0,0.72037,0.00892,0,0.0108,0,0.00088,0.03627,0,0,0,0,0,0,0.00038,0,0,0,0,0,0.01512,0,0,0,0,0,0,0,0,0,0,0.05174,0,0,0,0,0,0.00032,0,0,0,0.0808,0,0.35392,0,0.14841,0,0.07152,0,0.39281,0,0,0,0,0,0,0,0,0.00155,0,0,0,0,0,0.97705,0,0,0,0.00081,0,0.03801,0,0,0,0,0,1.11815,0,0,0.00502,0,0,0,0.00206,0.00016,0.01224,0,0,0,0,0,0,0.01209,0,0,0,0,0.0143,0,0,0,0,0,0.14614,0.04812,0,0.22747,0,0,1.89065,0,0,0,0.06615,0.11018,0.38505,0.05112,0,0,0,0,0,0,0,0,0.20059,0.28968,0,0.00384,0.01894,0.01196,0,0,0,0.28685,0,0,0,0,0,0,0,0,0,0,0,0.00161,0,0.03516,0.50139,0,0.00178,0.01825,0.1582,0.01127,0,0,0.05848,1.02116,0,0,0,0,0.00044,0,0,0,0,0.37114,0.02974,0.01703,0,0,0,0,0,0,0.31905,0.57192,0.32847,0.35976,0.25019,0,0.35353,0,13.87571,0.00182,0,0,4e-04,0,0,0,0,0,0,0,0,0.00166,0.00116,0.65121,0,0,0.07052,0,0.63371,0,0,0,0.00548,0.02033,0,0,0,0.00362,0,0,0,0,0,0,0,0,0.0047,0,0.57786,0.00219,0,0,0,0,0,0,0,0.00776,0.00724,0.02857,0,0,0,0,0,0,0,0,0,0,0,0.00105,0.00126,0,0.00217,0,0,0,0,0,0,0,0,0,0,0,0.00638,0.09734,0.00378,0,1.02007,0,0,0.00486,0,0,0.00114,0,0,0,0,0,0,0.35855,0,0,0,0,0,0.00047,0,0,0.00308,0.04526,0,0,0,0,0,0.00064,0,0,0,0,0,0,0,0,0,0,0.00226,0.00088,0.29631,0.02685,0.06522,0,0,0,0.00036,0,0,0,0,0,0,0.34197,0.00065,6.94931,0,0,0,0,0,0,2.82596,0.00162,0,0,0,0,0,0.06507,0.8255,0,0,0,0,0,0,0.05046,0,0,0,0,0,0,0,0,0,0,0,0,0,0,0.01117,0,0,0,0.00642,0.05105,0.00153,0,0,0.05774,0.0613,0,0.01919,0,0,0,0,0,0,0,0,0,0,0.00492
"MS164_F",0,0,0,0,0,0,0,0.00728,0,0,0.00277,0,0.00045,0.27974,0,0,0.14453,0.0229,0,0,0.04377,0,2.00284,0.10038,0,0,0,0.00027,3e-04,0,0,0,0,1.58085,0,0.00448,0.00614,0,0,0,0,0,0,0,0.02431,0,0,0.00713,0,0,0.67819,11.716,0,0.06203,0.55193,0,0.00198,0,0,0,0,0,0.00556,3.36797,0.06509,2.70138,6.55468,0.09132,1.0525,0.00136,0,0,0,0,0,0.02793,2.47105,9.78984,0,0.07999,0,0,0.52661,0,0.07335,0,0,0,0.24243,0.02561,0,0.01899,0,0,0,0,0,0,0,0,0,0,0,0.00466,0,0.00866,0,0,0,0,0,0,0.02825,0,0,0.00218,0,0,0.01391,0,0,0,0.01179,0,0.02367,0,0,0,0,0,0,0,0.12047,0,0,0,0,0,0,0.02215,0,0,0,0,0,0,0,0,0,0,0,0,0,0,0,0,0,0,0,0,0,0,0,0,0,0,0,0.22583,0,0,0,0,0,0,0,0,0,0,0.19139,0.02763,0.06119,1.50377,0,0.50761,0.40686,0,0,0,0,0.38213,0,0,0,0,0,0.06405,0,0,0,0.00994,0.7101,2.22433,0,0,0.20869,0,0,0,0,0.00017,0,0,0,0,0,0,0,0,0,0,0.22211,0,0,0.27988,1.85896,0,0,9.8308,0.02487,0.03934,0,0,0,0,0,0,0,0,0.05359,0,0,0,0,5.37598,0.00027,0,0,0,0,0,0,0,0,0,0.10978,0.00074,0.00047,0,0.00419,0,0.00233,0.01103,0,0,0,0,0,0.00371,0,0,0,0,0,1.80584,0,1.0122,0,0,0.46481,0,3.97162,0,0,0,0.41132,0,0,0,0,0,0,0,0,0,0,0,0,0.06142,0.00275,0,0.20768,0,0,0,0,0,0,0,0,0.51262,0.00205,0,0,0,0,0.00666,0,0,0,0,0,0,0,0.01105,0,0,0,0,0,0,0,0,0,0,0,0,0,0,0.1026,0.00617,0,0,1.35649,0,0,3.68267,0,0,0.01398,0,0,0,0,0,0,0,0,0,0,0,0.4995,0,0,0,0.00402,12.36926,0,0,0,0,0,0,0,0,0,0,0,0,0,0,0,0,0,0,0.01686,0.08751,0.73209,0.2533,0.04386,0,0,0,0,0.00085,0,0,0,0.21504,0,0.00682,0,0,0.00427,0.23238,0,0,0,0,0,0,0,0,0,0.58175,0.30376,0,0,0,0,0,0.06729,0.02928,0,0,0,0,0,0,0.00032,0,0,0.00368,0.00981,0,0.03981,0,0.63967,0.00269,0,0,0.02048,1.21703,0.07363,0,0,0,0,0,0.00169,0,0,0,0,0,0,0,0,0,0,0
"MS165_F",0,0,0,0.0017,0,0,0,0.00202,0,0.01164,0.00115,0,0,0.06413,0,0,0.02438,0.37081,2.01532,0,0.00159,0,24.62333,0.1639,0,0,0,0,0,0,0,0,0,0.41076,0,0.00025,0.00382,0.12649,0,0,0,0,0,0,0.97587,0,0,0.03392,0,0,0.29194,0.01372,0,0.72696,1.40292,0,0.01201,1.44067,0,0,0,0,0,0.89349,0.16178,2.61128,13.50204,0.32406,0.00326,0.38569,0,0,0,0,0,0,0.0804,0.00812,0,0,0,0,0.3909,0,0.14271,0,0,0,0.15319,0.02328,0,0.2134,0,0,0,0,0,0,0,0,0,0,0,0,0,0,0,0,0,0,0,0,0.00038,0,0,0,0,0,0,0,0,0,0.00137,0,0.03693,0,0,0,0,0,0,0.0029,0.03103,0,0,0.96733,0,0,0,0,0,0,0,0,0,0,0,0,0,0,0,0,0,0,0,0,0,0,0,0,0,0,0,0,0,0,0,0.02743,0,0,0,0,0.17153,0,0,0,0,0,0.04987,0,0,0.53794,0,0,0,0,0,0,0,0.16017,0.24683,0,0,0,0,0,0,0,0,0.06697,0.21349,0.72504,0,0,0.04825,0,0,0,0,0,0,0,0,0,0,0,0,0,0,0,0.0448,0,0,0.10897,0.55635,0,0.20961,0.03211,0.12069,0,0,0,0,0,0,0.69001,0,0,0,0,0,0,0.25678,6.3702,0.04392,0.00177,0,0,0,0.10134,0,0.16399,0.48876,4.00408,0.09602,1.16662,1.20892,0,0,0,0.01115,0,0,0,9e-04,0,0,0.03179,0,0,0,0,0,0.48337,0,4.70069,0,0,0.03327,0,0.5641,0,0,0,0.15286,0.01729,0,0,0,0,0,0,0,0,0,0,0,0.01335,0.00047,0,0,0.02267,0,0,0,0,0,0,0,0,0,0,0,0,0,0,0,0,0,0,0,0,0,0.00084,0,0,0,0,0,0,0.1428,0,0,0.04084,0,0,0,0,0.77196,0.69913,0.36764,0,1.16041,0,0,1.15331,0,0,0,0,0,0,0,0,0,1.84252,0,0,0,0,0.29357,0,0,0,0,1.33651,0,0,0,0,0,0,0,0,0,0,0,0,0,0,0,0,0,0.00359,0.48624,0,0.59618,0.07699,0.01496,0,0,0,0,0,0,0,0.00038,0.22717,0,2.16652,0.0141,0,0,0,0,0,10.30201,0,0,0,0,0,0,0.46243,0.13978,0,0,0,0,0,0,0,0,0,0,0,0,0,0.0062,0,0,0.02297,0,0,0.04315,0,0.03361,0.00658,0,0,0.06857,0.4386,0.01069,0,0,0,0,0,0.00306,0.46953,0,0,0,0,0,0,0,0,0,0
"MS166_F",0,0.04308,0,0,0,0,0,0,0,0,0,0,0,0.08368,0,0,0.01227,1.05638,0.05767,0.29961,0.00717,0,4.37259,4.00611,0,0,0,0,0,0,0,0.00383,0,1.02232,0,0.0056,8.16761,0.08058,0,0,0.09689,0.12772,0,0,1.30273,0.00059,0,5.35801,0,0.34911,0.00078,0.01757,0,0,0.005,0,6.17436,0.00508,0,0,0,0,0.16151,0.00891,0.05793,5.46934,6.40054,0.96665,2.74677,0,0,0,0.00014,0,0,0,0.2658,0.44957,0,0.00809,0,0,0.46111,0,0.04716,0,0,0,0.06521,0.02593,0,0,0,0,0,0,0,0,0,0,0,0,0,0,0,0,0,0,0,0,0.05638,0,0.06015,0,0,0,0.00159,0,0.00234,0,0.03102,0,0,0,0.01093,0,0,0,0,0,0,0.01884,0.04362,0,0,0.5619,0.25884,0,0,0.08089,0,0,0,0.26679,0.02757,0.00035,0,0,0,0,0,0,0,0,0.00596,0,0,0,0.68699,0,0,0,0,0,0,0,0,0.02875,0,0,0,0,0.26143,0,0,0,0,0,0.12856,0,0,0.00136,0,0.00031,0,0,0.02784,0,0,0.11655,0.04627,1.84532,0,0,0,0,0,0.27779,0,0,0.22338,0.64559,0,0,0.01371,0,0,0.04955,0,0,0,0,0,0,0,0,0,0,0,0,0.03079,0,0,1.16505,0.11128,0,0.14044,2.42201,6.65907,0,0,0.43164,0.00421,0.00291,0.02628,0,0,0,0.83546,0.71573,0,0,0.19869,4.21897,1.92455,0.13016,0,0,0,0.1085,0,0,1.44325,0.87137,0.07102,2.31775,2.15494,0.14749,0.01261,0,0.00734,0.00781,0,0,0.00133,0,0,0.04991,0,0,0,0,0.00708,0.07917,0.0089,0.12988,0.02286,0.07999,0.01587,0,0.53985,0,0,0,0.01873,0.03336,0,0.01599,0,0.04189,0,0,0,0,0,0.00444,0,0.02125,0,0,0.25117,0.00408,0,0,0,0,0,0,0,0,0.00361,0,0,0,0,0,0,0,0,0,0,0,0,0.01403,0.0133,0,0,0,0,0,0,0,0,0.01165,0,0,0,0,1.98568,1.61251,0.57345,0,0.98803,0,0,1.52077,0,0,0.75993,0,0,0,0,0,0,0.00203,0,0,0,0,0,0,0,0,0,0.01576,0,0,0,0,0,0,0,0,0,0,0,0,0,0,0,0,0.00595,0.7223,0.49437,0.85658,2.26975,0,0,0.01537,0.02889,0,0,0.18595,0,0,0.00556,0.09214,0.05551,3.1054,0.00035,0.08478,0.01764,0.56092,0,0,0.00293,0.00282,0,0.00595,0,0.12523,0,0.41563,0.05351,0,0,0,0,0,0,0,0,0,0,0,0,0,0,0,0,0,0,0,0,0,0.02808,0,0,0,0,0.08087,0.13439,0,0,0,0.03289,0,0,0,0,0.00137,0.009,0.002,0,0,0,0,0,0.04648
"MS167_F",0,3.92314,0.0033,0,0,0,0,0,0,0,0,0,0,0.02711,0,0,0.8873,1.2104,0,0,0.00112,0,2.80419,0.02505,0,0,0,0,0,0,0,0,0,1.14956,0.02702,0.0155,0.00087,0.06017,0,0,0,0,0,0,2.26245,0.12804,0,25.43918,0,1.79466,0,0.05071,0,0.00354,0.01814,0,0.04624,0.00116,0,0,0,0,0,0.02385,0.01154,20.11163,1.09004,2.54515,1.8678,0,0,0,0.00048,0,0,0,1.22193,0.9748,0,0.01934,0,0,0.10289,0,0,0,0,0.0215,0,0.30559,0,0,0,0,0,0,0,0.06775,0.40182,0,0,0,0,0,0,0,0,0,0,0,0,0,0,0,0,0,0.00331,0,0.01088,0,0,0,0,0,0,0,0,0,0,0,0,0.02211,0.11672,0,0,0,0,0,0,0,0,0,0,0,0,0,0,0,0,0,0.01611,0,0,0,1.70695,0,0,0,0,0,0,0,0,0,0,0.04037,0,0.04472,0,0,0,0,0,0,0,0,0,0,0,0,0,0,0,0,0,0,0,0.01246,0.10308,0,0.06018,0.00138,0,0,0,0,0,0.05913,0,0,0.09143,0.04453,0,0,0.0128,0,0,0,0.11033,0.00018,0,0,0,0,0,0,0,0,0,0,0,0,0,0.84581,0.17877,0,0,7.10521,1.21593,0.44599,0,0,0.38911,0.00409,0,0,0,0,0.2371,0,0,0,0,4.34432,0.01061,0,0,0,0,0.02733,0,0,0.00069,0,0.04384,0.00327,0.15825,0.01264,0,0,0.0196,0,0,0,0,0,0,0.04716,0.06428,0,0,0.01108,0,0,0,0.43514,0,0,0.29506,0,0.24693,0,0,0,0.00269,0,0,0,0,0,0,0,0,0,0,0,0,0.01927,0,0,0.01584,0.10286,0,0,0,0,0,0,0,0,0.00131,0,0,0,0,0,0,0,0,0,0,0,0,0.0051,0.03272,0,0,0,0,0,0,0,0,0.79251,0,0,0,0,1.22204,0.35779,0.00498,0,2.41548,0,0,1.98348,0,0,0.83664,0,0,0,0,0,0,0.00063,0,0,0,0,0,0,0,0,0,0.01401,0,0,0,0,0,0,0,0,0,0,0,0,0,0,0,0,0,0.00436,0.16044,0.04317,0.25962,0.11286,0.02795,0,0,0,0,0,0,0,0,0.10909,0,1.84263,0,0,0.05906,0.49733,0,0,0.00357,0,0,0,0,0,0,0.35049,0.03593,0,0,0,0,0,0,0,0,0,0,0,0,0,0,0,0,0,0,0,0,0,0.01984,0,0,0,0.01712,1.30457,0,0,0,0,0,0,0,0,0,0,0,0,0,0,0,0,0,0.10079
"MS168_F",0,0.57333,0,0,0,0,0,0,0,0,0,0,0,0.04395,0,0,0,0.09517,0.04027,0,0,0,1.57995,0,0,0,0,0,0,0,0,0,0,1.29968,0,0.00467,0,0,0,0,0,0.01197,0,0,12.37605,0,0,0.00431,0,0,0,2.95029,0,0,0,0,6.85617,0,0,0,0,0,0.31055,11.21074,0,8.06758,26.29628,0,0,0,0,0,0,0,0,0,0.46306,0.00123,0,0.02289,0,0,0,0,0,0,0,0.0127,0,0.45079,0,0,0,0,0,0,0,0.00022,0.00359,0,0,0,0,0,0,0,0,0,0,0,0,0,0,0,0.00144,0,7e-04,0,0.00582,0,0,0,0,0,0,0,0,0,0,0,0,0,0.13423,0,0,0,0,0,0,0,0,0,0,0,0,0,0,0,0,0,0,0,0,0,0,0,0,0,0,0,0,0,0,0,0,0,0,0.05041,0,0,0,0,0,0,0,0,0,0.00241,0,0.02315,0,0.02274,0,0,0.0027,0,0,0,0,0,0.33209,0,0,0,0,0,0,0.00366,0,0.03511,0.07194,0.0068,0,0,0,0,0,0,0.15501,0.01386,0,0,0,0,0,0,0,0,0.04589,0,0.13509,0,0,0,0.0508,0,0,5.46105,0,0,0,0.50391,0,0.00903,0,0,0,0,0,0,0,0,0.01412,2.81389,0,0,0,0,0,0.25832,0,0.05114,0.00158,0,0.00073,0,0,0,0,0,0,0,0,0,0,0,0,0.01175,0,0,0,0,0,0,0,0.01991,0,0,0.13201,0,0.00037,0,0,0,0.04532,0.00207,0,0,0,0.04582,0,0,0.00436,0.00301,0,0,0,0,0.0235,0,0,0,0,0,0,0,0,0,0,0,0,0,0,0,0,0,0,0,0,0,0,0,0,0,0,0,0,0.1277,0,0,0,0,0,0.06087,0,0,0,0,0,0.17216,0,0,7.83789,0,0,0.0016,0,0,0,0,0,0,0,0,0,0,0,0,0,0,0,0,0,0,0,0.06009,0,0,0,0,0,0,0,0,0,0,0,0,0,0,0,0,0,0.49327,0,0,0,3.39609,0.87149,0,1.02116,0,0,0,0,0,0,0.00398,0.13972,0.55227,0,0,1.31643,0,0,0,0,0,0,0,0,0,0,0.11462,0.03934,0,0,0,0,0,0,0,0,0,0,0,0,0,0,0,0,0,0,0,0.00056,0,0.01916,0,0,0,0,0.10606,0,0,0,0.24475,0,0,0.01701,0.22056,0,0.00324,0.00878,0,0,0,0,0,0,0
"MS169_F",0,0.35167,0,0,0,0,0,0,0,0,0,0,0,0.01413,0,0,0.00761,0.06649,0.03957,0.00167,0.01811,0,0.05064,0.00403,0,0,0,0,0,0,0,0,0,0.28014,0,0.00173,0,0,0,0,0,0.10669,0,0,6.38591,0.00574,0,0.01749,0,0,0,0.00135,0,0,0.00399,0.09699,8.99766,0,0,0,0,0,0.5563,4.18873,0.00483,7.49138,33.86863,0,0.02361,0,0,0,0,0,0,0,0.03143,0.00135,0,0,0,0,0.03038,0,0,0.04021,0,0,0.09232,0.03312,0,0,0,0,0,0,0,0,0,0,0,0,0,0,0,0,0,0,0,0,0,0,0.00882,0,0.00078,0.0036,0,0,0.0017,0,1.16023,0,0,0,0.00601,0,0,0,0,0,0,0.04646,0.15625,0,0,0.00085,0.68889,0,0,0.00192,0,0,0,0,0,0.0481,0,0,0,0,0,0,0,0,0,0,0,0,0,0,0,0,0,0,0,0.00128,0,0,0,0,0,0,0.4165,0,0,0,0,0,0,0.00583,0,0.06316,0,0,0,0,0,0,0,0.00211,0.1462,0,0,0,0,0,0,0.02399,0,0.00564,0.06135,0.03351,0,0,0.01599,0,0,0,0,0,0,0,0,0,0,0,0,0,0,0,0,0,0,4.2642,0.14227,0,0,6.95739,0.00434,0,0,0,0,0.00296,0,0,0,0,6.96314,0,0,0,0.16326,3.40471,0,0,0,0,0,0.06688,0,0,0,0.00182,0.00263,0.00465,0.00785,0,0,0,0.00187,0,0,0,0,0,0,0.23351,0,0,0,0,0,0,0.00996,0.15529,0,0,0.0972,0,0.16826,0,0,0,0.07428,0,0,0,0,0.02741,0,0,0,0,0,0,0,0,0,0,0.08929,0,0,0,0,0,0,0,0,0,0,0,0,0,0,0,0,0,0,0,0,0,0,0.00223,0,0,0.00355,0,0,0,0,0,0,0.09493,0,0,0,0,0.71724,0.24684,0.00126,0,1.99164,0,0,0.01318,0,0,0.81651,0,0,0,0,0,0,0,0,0,0,0,0,0,0,0,0,0.01542,0,0,0,0,0,0,0,0,0,0,0,0,0,0,0,0,0.00189,0.50061,0.33795,0.97579,0.07038,0,0,0,0,0,0,0.33738,0,0,0,0.0087,0.06848,3.53158,0,0,0.0092,0.89631,0,0,0,0,0,0,0,0,0,0.46638,0.00896,0,0,0,0,0,0,0,0,0,0,0,0,0,0,0,0,0.00407,0,0,0,0,0.00749,0,0,0,0.04414,0.23969,0.01435,0,0,0,0,0,0,0,0,0,0.00282,0,0.01477,0,0,0,0,0
"MS170_F",0,0,0,0,0,0,0,0,0,0,0,0,0,0.00853,0,0,6.01713,1.56464,1.4389,0,0.00963,0,14.97745,0.47525,0,0,0,0,0,0,0,0.04074,0,0.11189,0,0,0.09366,0,0,0,0,0,0,0,1.17113,0.03009,0.00155,1.54861,0,0,0.20834,0,0,0,0.20822,0.01857,0.79562,0.00047,0,0,0,0,0.00395,1.30456,0.6308,2.72272,2.80124,0.3046,10.45204,0.68752,0,0,0.2079,0,0,0,0.22616,0,0,0.03025,0,0,0.25445,0,0.00686,0,0,0,0.0675,0,0,0.01458,0,0,0,0,0.0022,0.01904,0.20177,0,0,0,0,0,0,0,0,0,0,0,0.11937,0,0.02075,0,0,0,0,0,0,0,0,0,0,0,0.00635,0,0,0,0,0,0,0,0.00101,0,0,0,0,0,0,0,0.03996,0,0,0.76922,0,0,0,0,0,0,0,0,0,0,0.03155,0,0,0,0,0,0,0,0,0.55021,0,0,0,0.02246,0,0,0,0,0,0,0,0.00382,0,0,0.02029,0,0,0.12474,0,0,0,0,0,0,0,0.11246,0.30751,0.06413,0,0,0,0.80167,0.36626,0,0,0,0.03334,1.19711,0,0,0,0,0,0,0,0,0,0,0,0,0,0,0,0,0,0,0.02615,0,0,0.35712,0.10197,0,0.63487,0.32496,1.35205,0.02316,0,0.01205,0,5.03185,0.06068,0,0,0,0.0054,0,0,0,0.01776,3.86616,0.11013,0.02561,0,0,0,0,0,0,0.28652,2.59155,0,1.06376,0.74403,0.21981,0,0,12.10832,0.04245,0,0,0.01055,0.39992,0,0.01638,0,0,0,0,0,0.01845,0.01166,0.40379,0,0,0.03773,0,0.50257,0,0,0,0.11356,0,0,0,0,0,0,0,0,0,0,0,0.00309,0.01183,0.01142,0,0.00269,0.00855,0,0,0,0,0,0,0,0.09772,0,0,0,0,0,0,0,0,0,0,0,0,0,0.00596,0,0,0,0,0,0,0.07754,0,0,0,0,0,0,0,3.98367,0.50036,0.07044,0,1.44146,0,0,2.11834,0,0,0.0555,0,0,0,0,0,0,0,0,0,0,0,0.01578,0,0,0,0,0.90109,0,0,0,0,0,0,0,0,0,0,0,0,0,0,0,0,0,0.00388,0.01288,0,0.1194,0.03623,0.00626,0,0,0,0,0.00121,0,0,0.11124,0,0.23125,2.40459,0,0,0,0,0,0.00061,1.16034,0.0462,0,0,0,0,0,1.18775,0.04212,0,0.04141,0,0,0,0,0.00623,0,0,0,0,0,0,0,0,0,0,0,0,0,0,0,0,0,0,0,0.14732,0.39807,0,0.007,0.22695,0,0,0,0.39124,0,0,0,0,0,0,0,0,0.32668,0.01402
"MS171_F",0,0,0,0,0,0,0,0,0,0,0,0,0,0.00499,0,0,0.01875,2.04763,0.14515,0,3.83114,0,5.92321,0.10342,0,0,0,0,0,0,0,0.00702,0,0.17609,0,0.01549,3.80749,0.01095,0,0,0,0,0,0,2.9853,0.0967,0,3.12154,0,0,0,0,0,0,2.07045,0.00743,0.67787,0,0,0,0,0,0,0.00451,0.62284,9.02924,6.49367,0,2.19177,0.64768,0,0,0.15449,0,0,0,0.08774,0,0,0.03901,0,0,0.01569,0,0.00456,0,0,0,0.03827,0.00288,0,0,0,0,0,0,0,0,0,0,0,0,0,0,0,0,0,0,0,0,0,0,0.01878,0,0,0,0,0,0,0,0.00104,0,0.00174,0,0.05145,0,0,0,0,0,0.03702,0.01784,0.0132,0,0,1.4807,0,0,0,0.00959,0,0,0,1.13882,0.119,0.00217,0.32545,0,0.05409,0,0,0,0,0,0,0,0,0,0,0,0,0,0,0.16307,0,0,0,0.03773,0,0,0,0,0.10673,0,0,0,0,0,0.03917,0,0.01086,0.08173,0,0,0,0,0,0,0,0.05323,0.26559,1.3757,0,0,0,0.18049,0,0.06922,0,0,0.03859,0.28324,0,0,0,0,0,0,0,0,0,0,0,0,0,0,0,0,0,0,0.0018,0,0,0.56297,0.42575,0,0.05283,0.06078,0.02268,0.11084,0,0.03433,0,0.00928,0,0,0,0.00361,0.06767,0,0,0,0.12085,5.3723,0.08145,0.00261,0,0,0,0.06187,0,0,0.24419,7.62695,0,3.28,0.46314,0.07922,0,0,1.52338,0,0,0,0.02278,0,0,0.05118,0,0,0.0518,0,7e-04,0.23,0.02326,0.94773,0,0,0.06978,0,1.17384,0,0,0,0.30332,0,0,0,0,0,0,0,0,0,0,0,0,0,0,0,0.00651,0.00506,0,0,0,0,0,0,0,0.80038,0,0,0,0,0,0,0,0,0,0,0,0,0,0,0,0,0.00189,0,0,0,0.21711,0,0,0.05379,0,0,0,0,1.98353,1.25845,0.01478,0,2.16903,0,0,0.00194,0,0,0.09991,0,0,0,0,0,0,0,0,0,0,0,0.01747,0,0,0,0,0.08999,0,0,0,0,0,0.00074,0,0,0.33911,0,0,0,0,0,0,0,0,0.06286,0.09526,0.15178,0.34421,0,0,0.03062,0,0,0,0,0,0,0.02729,0,2.19558,14.24843,0,0,0,0,0,3e-04,0.55271,0,0,0,0,0,0,0.45014,0.05101,0,0,0,0,0,0,0,0,0,0,0,0,0,0,0,0,0.00602,0,0,0,0,0.00541,0,0,0,0,0.72628,0.21356,0,0,0,0,0,0,0.09211,0,0,0,0,0,0,0,0,0.24457,0
"MS172_F",0,0,0,0,0,0,0,0,0,0,0,0,0,0,0,0,0.20353,0.43927,0.2935,0,12.16483,0,16.27269,1.04815,0,0,0,0,0,0,0,0.00965,0,0.18318,0,0,0.0451,0,0,0,0,0,0,0,2.86189,0.13979,0.11153,0.06407,0,0,0.0425,0.01931,0.05583,0,0.37728,0,0.34351,0,0.06074,0,0,0,0.01466,0.54156,0.21411,1.49931,3.05087,0.35355,10.37197,0.78418,0,0,0.67316,0,0.07226,0,0.20358,0.05949,0,0.13934,0,0,0.03942,0,0.02094,0,0,0,0,0.00087,0,0,0,0,0,0,0,0,0,0,0,0,0,0,0,0,0,0,0,0,0,0,0,0,0,0,0,0,0,0,0,0,0,0,0.22137,0,0,0,0,0,0,0.00248,0.00423,0,0,1.4558,0.05421,0.022,0.56588,0,0,0,0,0.47764,0,0,0,0,0,0,0,0,0,0.05107,0,0,0,0,0,0,0.79241,0.05284,5.13074,0,0,0,0,0.01942,0,0,0,0,0.03828,0,0,0,0,0,0,0,0,0.22706,0,0,0.07067,0,0.00201,0,0,0.09637,0.31096,0.16018,0,0,0.26911,0.22599,0,0,0,0,0.04278,0.52024,0,0,0,0,0,0,0,0.00429,0,0,0,0,0,0,0,0,0,0,0.02328,0,0,0.59574,0.39499,0,0.00134,0.31368,0.9966,0.27055,0,0,0,0,0,0,0,0,0.01303,0,0,0,0,1.32687,3.78314,0.8673,0,0,0,0.13397,0,0,0.42513,1.31227,0.04111,2.62386,1.60806,0.17062,0.00363,0,0.01753,0,0,0,0.00568,0,0,0.00182,0,0,1.57362,0,0,0.0285,0.00769,0.08335,0,0,0.02323,0,0.42713,0,0,0,0.27868,0,0,0,0,0,0,0,0,0,0,0,0,0,0,0,0.10669,0,0,0,0,0,0,0,0,0.18207,0,0,0,0,0,0,0,0,0.03392,0,0,0,0,0,0.00244,0,0,0,0,0,0,0,0,0,0,0,0,0,1.1486,0.53271,0.39101,0,0.66567,0,0,2.6851,0,0,0.06822,0,0,0,0,0,0,0,0,0,0,0,0,0,0,0,0,0.51222,0,0,0,0,0,0,0,0,0,0,0,0,0,0,0,0,0,0.28831,0.04116,0.05067,0.07184,0,0,0,0,0,0,0,0.00106,0,0.01589,0.07369,0.02326,9.42509,0,0,0.03453,0.00059,0,0,0.91457,0,0,0,0,0,0,0.4925,0.07421,0,0,0,0,0,0,0,0,0,0.01616,0,0,0,0,0,0,0,0,0,0,0,0.00627,0,0,0,0.00197,0.93049,0.09433,0,0,0.12457,0.00942,0,0,0,0,0,0,0,0,0,0,0,0.02005,0.01464
"MS173_F",0,0,0,0,0,0,0,0,0,0,0,0,0,0.01568,0,0,0.01706,0.20885,0.60533,0,3.48297,0,7.12302,0.40526,0,0,0,0,0,0,0,0,0,0.22977,0,0,0,0,0,0,0,0,0,0,0.70233,0.14511,1.41486,0.0925,6e-04,0,0.8476,0,0.03824,0,0.18388,0,1.42748,0,0.17958,0,0,0,0.02021,1.11642,0.06679,0.33952,1.49764,0.13358,3.0794,0.3804,0,0,0.24801,0,0.01668,0,0.053,0,0,0.03874,0,0,0.05762,0,0,0,0,0,0.03962,0.01676,0,0,0,0,0,0,0,0,0,0,0,0,0,0,0,0,0,0,0,0,0,0,0.00154,0,0,0,0,0,0,0,0,0,0,0,0.02997,0,0,0,0,0,0,0.00145,0.01137,0.10036,0.02063,0.87418,0.01629,0,0,0,0,0.01716,0,0,0,0,0,0,0,0,0,0,0,0,0,0,0,0,0.04615,0,0,0,0.76406,0,0,0,0,0.02412,0,0,0,0,0.12024,0,0,0,0,0,0,0,0,0.1998,0,0,0,0,0,0,0,0.07059,0.14936,0.70564,0,0,0,0.23147,0,0.42143,0,0,0.03408,0.64879,0,0,0,0,0,0,0,0,0,0,0,0,0,0,0,0,0,0,0.17469,0,0,0.44801,0.16911,0,0.04196,1.69327,0.76122,0.08977,0,0.03656,0,0.00093,0,0,0,0,0.10934,0,0,0,0,2.15164,0.37938,0.06179,0,0,0,0.08377,0,0,2.83264,0.22924,0.03967,1.03307,2.73622,0,0.00251,0,0.00905,0,0,0,0,0,0,0.00902,0,0,0,0,0.00415,0.04149,0.02983,0.33997,0,0.01618,0.01331,0,0.76209,0,0,0,0.01659,0,0,0,0,0.06808,0,0,0,0,0,0,0,0,0,0,0.15137,0.05065,0,0,0,0,0,0,0,0.19369,0,0,0,0,0,0,0,0,0,0,0,0,0,0.00117,0.01016,0,0,0.18765,0,0,0.06909,0,0,0,0,0,0,0,1.33278,0.63043,0.00438,0,0.55286,0.00115,0,1.99729,0,0,0,0,0,0,0,0,0,0.07228,0,0,0,0,0,0,0,0,0,45.49171,0,0,0,0,0,0,0,0,0,0,0,0,0,0,0,0,0,1.0378,0.26552,0.1764,0.60299,0,0,0.06347,0,0,0,0,0,0,0,0.10683,0.9289,0.06661,0,0,0.02025,0.17818,0,0,1.64038,0,0.03313,0,0,0,0,0.32533,0.01322,0,0,0,0,0,0,0,0,0,0,0,0,0,0,0,0,0,0,0,0,0,0.13487,0,0,0,0,0.18558,0.26375,0,0,0.10016,0.00376,0,0,0,0,0,0,0,0,0,0,0,0,0.0085
"MS174_F",0,0.21584,0,0,0,0,0,0,0,0,0,0,0,0.0251,0,0,0.00773,1.40978,0.02529,0,2.49387,0.02074,9.32671,0.95067,0,0,0,0,0,0,0,0.01694,0,0.52948,0,0.02434,0.00947,0.08825,0,0,0.02228,0,0,0,1.85251,0.51232,0,0.09358,0,0,0,0.15698,0.14314,0,0.0573,0.01127,0.0604,0,0.00061,0,0,0,0,0.00664,0.28057,13.17554,10.3287,1.46729,8.78983,0,0,0,0.67693,0,0,0,0.55541,2.3425,0,0.08172,0,0.00975,0.21402,0,0,0,0,0,0.38744,0.01816,0,0.03163,0.00696,0,0,0,0,0.02129,0.00734,0.00197,0,0.01509,0.03894,0,0,0,0,0,0,0,0.11919,0.00188,0.0021,0,0,0.00225,0.00137,0,0,0,0,0,0.01528,0,0.05693,0,0,0,0,0,0,0.027,0.012,0,0,0,0.06226,0.17845,0,0.01929,0,0.08705,0,0.02538,0,0,0,0.15862,0,0.19055,0,0,0.00222,0,0,0,0,0,0,0,1.75753,0,0,0.08193,0,0,0,0.04222,0,0,0,0,0.14733,0,0,0,0,0,0.03005,0.00347,0,0.60302,0,0,0.00212,0,0,0,0,0.15176,0.37819,0.001,0,0.00541,0,0,0,0.01309,0,0.02562,0.1853,0.67417,0,0.00361,0.03941,0,0,0.17201,0.00802,0.0013,0,0,0,0,0,0,0,0,0,0,0.03161,0,0,0.72139,0.4264,0,0.04866,0.04124,2.02412,0.14567,0,0,0,0.00254,0,0,0,0,0.11276,0,0,0,0.02894,1.25558,0.0043,0,0,0,0,0.03545,0.00712,0,0.82456,0.06272,0.0601,1.7667,2.96048,0.03745,0.053,0,0.00044,0,0,0,0.00329,0,0,0.01928,0,0,0,0,8.70284,0.01109,0.00191,0.20323,0,0.00593,0.2742,0,1.44527,0,0,0,0.03302,0.0631,0,0.00022,0,0,0,0,0,0,0,0.00477,0,0.02766,0.00392,0,0.05275,0.00582,0,0,0,0,0,0,0,0.39428,0.00038,0,0,0.05286,0,0,0,0,0,0,0.00155,0,0,0.34098,0,0,0.00073,0,0,0,0.19741,0,0,0.0817,0,0,0,0,0.94724,0.08921,0.63014,0,0.9047,0.30225,0,1.31864,0,0,0.23918,0,0,0,0,0,0,0.58929,0,0,0,0,0,0,0,0,0,0.023,0,0,0,0,0,0,0,0,0.80914,0,0,0,0,0,0,0,0.00184,0.15503,0.186,0.00098,0.02411,0.00776,0,0,0,0,0.00854,0.00014,0,0,0.0308,0.15508,1.03262,5.732,0,0,0,0.04163,0.26911,0,0,0,0,0,0,0,0,0.43849,0.18624,0,0,0,0,0,0,0,0,0,0,0,0,0,0,0,0,0,0,0,0,0,0.00131,0,0,0,0.04906,0.78161,0.64426,0,0,0,0,0,0,0,0,0,0,0,0,0,0,0,0.02051,0
"MS175_F",0,0,0,0,0,0,0,0,0,0,0.00099,0,0,0.00349,0,0,3.57713,0.9946,0,0,0.01189,0,6.13092,0.22298,0,0,0,0,0,0,0,0,0,0.35439,0.01467,0.00838,0.00328,0.02065,0,0,0,0,0,0,0.01607,7.66192,0,28.08913,0,0.00078,0,0,0,4e-04,0.00676,0,2.75069,0,2.30318,0,0,0,0,0.01253,0.00281,0.05773,0.07215,0,0.02319,0,0,0,0,0,0,0,0.04304,0.10652,0,0,0,0,0.07861,0,0,0,0,0,0,0.03651,0,0,0,0,0,0,0,0,0,0,0,0,0,0,0.02148,0,0,0,0,0,0,0,0.00407,0,0,0.00085,0.00296,0,0.00462,0,0,0,0,0.00471,0,0,0,0,0,0,0,0.00396,0.08245,0.1566,0.05283,0,0,0.05912,0,0,0,0,0,0,0,0,0,0,0,0,0.01108,0,0,0,0,0,0,0,0,0,0,0,0,0,0,0.02954,0,0.18765,0,0,0,0,0,0,0,0,0,0,0.06788,0.00075,0,0.01521,0,0,0,0,2.12635,0,0,0,0.06668,0.00187,0,0,0,0,0,0,0,0.01271,0.05515,0.02622,0,0,0.03191,0,0,0,0.00308,0,0,0,0,0,0,0,0,0,0,0,0,0,0,3.93276,0.24087,0,0.09433,3.41675,3.86033,0,0,0.6847,0.07433,1.45186,0,0,0,0,0.00097,0,0,0,0,5.48894,0.29173,0.0357,0,0,0,1.27191,0,0,0,0.00378,0.04,0.00211,0.27756,0,0,0,0.00022,0,0,0,0.00307,0,0,0.01542,0,0,0,0.0018,0,0.26601,0,2.26635,0,0,0.26575,0,1.22802,0,0,0,0.00116,0.00442,0,0,0,0,0,0,0,0,0,0,0,0,0.00578,0,0.18926,0.05121,0,0,0,0,0,0,0,0,0,0,0,0,0,0,0,0,0,0,0,0,0,0.01817,0,0,0,0,0,0,0,0,0,0,0,0,0,0,3.11098,0.69754,0.0023,4e-04,2.2294,3.33495,0,0.01108,0,0,1.482,0,0,0,0,0,0,0.35946,0,0,0,0,0,0,0,0,0,0.01778,0,0,0,0,0,0,0,0,0,0,0,0,0,0,0,0,0,0.00289,0.02939,0.00149,2.94595,0.00301,0,0,0,0,0,0,0,0,0,0.05424,0.81782,1.70883,0,0,0.01259,0.27476,0,0,0,0.41078,0,0,0,0,0,0.22268,0.01744,0,0,0,0,0,0,0,0,0,0,0,0,0,0,0,0,0.00019,0,0,0.00032,0,0.00601,0,0,0,0.20214,0.8916,0.0055,0,0,0,0,0.02608,0,0,0,0,0,0,0,0,0,0,0,0
"MS176_F",0,0,0,0,0,0,0,0,0,0,0.00501,0,0,0.09549,0,0,0.25434,0,0,0,0,0,0.0639,0,0,0,0,0,0,0,0.00105,0,0.00517,1.55634,0,0.0226,0,0.35588,0,0,0,0,0,0,0,0,0,20.96278,0,0,0,0,0,0,0,0,0.00131,0,0,0,0,0,0,0,3.4968,17.46026,0,1.25637,0,0,0,0,0,0,0,0,2.57495,1.97953,0,0.07846,0,0,0.77731,0.00782,0,0,0,0,0.16134,0.04517,0,0,0,0,0,0,0,0,0,0,0,0,0,0,0,0.01274,0,0,0,0,0,0,0.01756,0,0,0,0.00449,0,0.01273,0,0.12193,0,0.0157,0.00885,0.01357,0,4e-04,0,0,0.00206,0,0.15156,0.12691,0.04766,0.00935,0,0,0,0,0.02122,0,0,0,0,0,0.00117,0,0,0,0,0,0,0,0,0,0,0,0,0,0,0,0,0,0,0,0,0,0.51783,0,0,0,0,0.36808,0,0,0,0,0,0.13151,0.01477,0.23154,0,0,0,0.01982,0,0,0,0,0,1.54636,0,0,0,0,0,0,0.02843,0,0.00517,0,1.57581,0,0,0.09027,0,0,0,0,0,0,0,0,0,0,0,0,0,0.00739,0.00268,0.7712,0,0,0.65534,2.1292,0,0.47886,1.69367,0,0,0.01183,0,0,5.39898,0.07608,0,0,0,0.34981,0,0,0,0,3.80373,0,0,0,0,0,0.11917,0,0,0,0,0.20844,0,0,0,0.02545,0,0,0,0,0,0,0,0,0.04013,0,0,0,0,0,0.25552,0,0,0,0,0.26534,0,2.30145,0,0,0,0.24729,0.00892,0,0.00783,0,0,0,0,0,0,0,0,0,0,0.00988,0,1.23516,0.01103,0,0,0,0,0,0,0,1.32787,0.00028,0,0,0,0,0.00452,0.01738,0,0,0,0.00999,0,0,0.00864,0,0.0148,0,0,0,0,0,0,0.00052,0.02455,0,0,0,0,0.58512,0.4952,1.23789,0,0,0,0,0,0,0,2.24124,0,0,0,0,0,0,0,0,0,0,0,0,0,0,0,0,0,0,0,0,0,0,0,0,0,2.1195,0,0,0,0,0,0,0,0.02226,0.22792,0.07189,1.13391,0.2931,0,0,0,0,0,0,0.00021,0,0,0,0.41782,1.00021,6.2382,0,0,0.50624,0,0,0.02901,0,0,1.26303,0,0,0,0,1.97145,0.16943,0,0,0.54652,0,0,0,0,0,0,0,0,0,0,0,0,0,0.00039,0,0,0.01283,0,0.04601,0,0,0,0.21976,0.81189,0.54948,0,0,0,0.00719,0,0,0,0,0,0,0,0,0,0,0,0,0
"MS177_F",0,0,0,0,0,0,0,0,0,0,0,0,0,0.04949,0,0,0.17887,0.03165,0.84887,0.00239,0.46934,0,1.15791,0.13524,0,0,0,0,0,0,0,0,0,0.93767,0,0,0,0,0,0,0,0,0,0,0.1334,0.00022,1.16341,1.47958,0,0.04858,0.11793,0,0.02388,0,0.11929,0,0.52009,0,0,0,0,0,0,0,0.00802,0.13492,0.61763,0.02265,0.52101,0.29833,1.49206,0,0.04564,0,0,0,0.13339,0.19336,0,0.22611,0.33356,0,0.08687,0,0.02102,0,0,0,0.07494,0,0,0.09671,0.00174,0.10462,0,0,0,0,0,0.35816,0,0,0,0,0,0,0,0,0,0,0,0,0.02191,0,0,0,0,0,0,0,0,0,0,0,0,0,0,0,0,0,0.01498,0.02302,0.045,0.09342,0.00241,0.14594,0.20252,0,0.00043,0,0.19639,0.03857,0,0.01782,0,0.02013,0.0488,0,0.07562,0,0,0,0.40453,0,0,0.03552,0.0038,0.40152,0,0,0,0.02115,0.30006,0,0.064,0,2.83644,0,0,0.20782,0,0,0.95559,0,0,0,0,0,0,0,0.4994,0.26182,0,0,0,0.02334,0,0,0,0.12219,0.12018,0,1.31588,0,0,0.18579,0,0.00285,0.64951,0,0.10642,0.34145,0,0,0,0,0.0124,0,0,0,0,0,0,0,0,0,0,0,0,0,0,0,0,7.22307,0.04101,0,0.26761,0.08669,0.00228,0.30811,0,1.81332,0,2.19907,0.00331,0,0,0.20545,1.30401,0,0,0,0,4.63716,2.65212,0.21209,0,0,0,0.00634,0.00529,0.0193,0.33598,0.00972,0,0.05755,0.42465,0,0,0.02596,0.15562,0.36519,0.00032,0.10976,0.05634,0.4402,0,0.06549,0,0,0.10417,0,0,0.02567,0.05227,0.10562,0,7e-04,0.00076,0,0.30548,0,0,0,0.07039,0,0,0,0,0.0107,0,0,0,0,0,0,0,0.00074,0,0,0.03849,0,0,0,0,0,0,0,0,0.626,0,0.00234,0,0,0,0,0,0,0,0,0.01142,0,0,0,0.00134,0,0,0,0,0,0,0,0,0,0,0,0.45998,0,0.34734,0.55227,0.03434,0,0.24984,0,0,0.27158,0,0,0.01571,0,0,0,0,0,0,0.28979,0,0,0,0,0,0,0,0,0,34.03501,0,0,0,6.26547,0,0,0,0,0,0.4903,0,0,0,0,0,0,0,0.1049,0.17118,0.60981,0.08278,1.05589,0.22693,0.23565,0.04808,0,0.01847,0.04006,0,0,0.00226,0,0.00404,2.24308,0,0.13705,0,1.41317,0,0.0076,0.13632,0.45054,0,0.70683,0.3534,0,0.09063,0.24886,0.01889,0,0,0,0.00235,0,0.00115,0,0,0,0,0,0,0,0,0,0,0,0,0,0,0,0.04927,0,0,0,0,0.48325,0.01915,0,0.02477,1.52228,0,0,0,0.07864,0,0,0,0,0,0,0.00068,0,0,0.00411
"MS178_F",0,0,0,0,0,0,0,0,0,0,0,0,0,0.01724,0,0,0.00103,0.10367,0.02862,0.01035,1.27684,0,2.8686,1.0195,0,0,0,0,0,0,0,0.00028,0,0.34975,0,0,0,0.00708,0,0,0,0,0,0,1.76194,0,0.1288,7.3112,0,0,0,0,0,0,1.07921,0.00249,0.21541,0,0,0,0,0,0,0.14162,0.05186,3.99767,1.13335,0.00255,1.40623,2.18829,0.54216,0,1.48964,0,0,0,0.22391,0.02164,0,0.25075,0.10539,0,0.56613,0,0.0177,0,0,0,0.17975,0.01285,0,0.35479,0.00371,0.20555,0.37673,0.01664,0,0,0,0,0,0,0,0,0,0,0,0,0,0,0,0,0.05785,0,0.01108,0,0.01649,0,0.02868,0,0.00809,0,0.02189,0.00818,0.01481,0,0,0,0,0,0.03047,0.01331,0.0338,0,0,0.51881,0.01819,0,0.10431,0.12112,2.9842,0.03832,0,0.55701,0.07021,0.00327,0.05611,0,0.09755,0,0,0,0,0,0,0.22956,0,0.03578,0.14657,0.01223,0,0.34842,0,0.1402,0.11365,0,0,0.02425,0.18172,0.24319,0,0,0.05839,0,0,0,0,0,0,0.02819,0.00054,1.30832,0,0,0.04857,0.40741,0,0,0,0.20853,1.09442,0.00052,0,0,0,0.44452,0,0,6.11762,0.01213,0.20586,1.46795,0,0,0,0,0.04182,0.00435,0,0.01225,0,0,0,0,0,0,0,0,0,0,0.00733,0,0,3.6616,0.39104,0,0.53359,0.0237,0.19717,0.21993,0,0.07198,0.02673,1.30493,0.07344,0,0,0,0.01991,0,0,0,0,9.07432,0.75724,0.09517,0,0,0,0.04607,0.00438,0.01045,1.72062,0.77007,0,1.8082,0.51369,0.0095,0,0.83503,3.8203,0.9728,0,0.08336,0.10848,1.75766,0,0.10629,0,0,0,0,0,0.70655,0.00195,0.13445,0,0.26085,0.00869,0,0.39822,0,0,0,0.07793,0,0,0,0,0,0,0,0,0,0,0.00486,0.00688,0,0.00603,0,0.10357,0,0,0,0,0,0,0,0,3.4073,0,0.04195,0,0,0,0,0,0,0.5436,0,0,0,0,0,0.00748,0,0.0025,0,0,0,0,0,0,0,0,0,2.00661,0,0.17857,0.99264,0.14277,0,0.6016,0,0,3.44001,0,0,0.06103,0,0,0,0,0,0,0.07703,0,0,0,0,0,0,0,0,0.00054,0.44336,0,0,0,0,0,0,0,0.00708,0,0,0,0,0,0,0,0,0.00516,0.10734,0.11727,0.06857,0.21298,0.03966,0.00633,0,0,0,0,0.06631,0,0,0.03362,0,0,2.8907,0.00241,0.94346,0.03384,0.06662,0,0.00448,0.5426,0.60011,0,0.44679,1.15121,0,0.09476,1.2891,0.31712,0,0,0,0.01057,0,0.07421,0,0,0,0,0,0,0,0,0,0,0,0,0,0,0,0,0,0,0,0,0.31591,0.0761,0,0.0059,0.36977,0,0,0.00885,0.0343,0,0,0,0,0,0,0,0,0.13505,0.01826
"MS179_F",0,0,0,0,0,0,0,0,0,0,0,0,0,0.01419,0,0,0.00407,0,0,0,0.26764,0,5.22638,0.01085,0,0,0,0,0,0,0,0,0,0.45525,0,0,0,0,0,0,0,0,0,0,1.84778,0,0,0,0,0,1.70504,0,0,0,0,0,4.75791,0,0,0,0,0,0,28.22131,2.0477,16.70383,21.60821,0.0947,0,0.66161,0,0,0.20455,0,0,0,0.3833,0,0,0.05873,0,0,0.05424,0,0,0,0,0,0.0361,0,0,0,0,0,0,0.00464,0,0,0,0,0,0,0,0,0,0,0,0,0,0,0,0,0.00106,0,0,0.00255,8e-04,0,0,0,0,0,0,0.0103,0.01835,0,0,0,0,0,0,0,0,0,0,0,0,0,0,0,0,0,0,0,0,0,0,0,0,0,0,0,0,0,0,0,0,0,0,0,0,0,0,0,0,0,0,0.05638,0,0,0,0,0,0,0,0,0,0,0,0,0,0.13249,0,0.01787,0,0,0,0,0.06377,0.03483,0,0,0,0,0,0,0,0,0,0,0.04837,0.02791,0,0,0,0,0,0,0,0,0,0,0,0,0,0,0,0,0,0,0,0,0,0.16103,0.15714,0,0.01495,2.50449,0.00068,0,0,0,0,0,0.03091,0,0,0,0,0,0,0,0,1.87176,0,0,0,0.00764,0,0.01285,0,0,0.01862,0,0.00081,0,0,0,0,0,0,0,0,0,0,0,0,0.00915,0,0,0,0,0,0,0,0.13952,0,0,0.0338,0,0.3766,0,0,0,0.10162,0,0,0,0,0,0,0,0,0,0,0,0,0,0,0,0.01954,0,0,0,0,0,0,0,0,1.33162,0,0,0,0,0,0,0,0,0,0,0,0,0,0.00643,0,0,0,0,0,0,0,0,0,0,0,0,0,0,0,0,0,0,0.95203,0,0,3.73574,0,0,0.04537,0,0,0,0,0,0,0.44838,0,0,0,0,0,0,0,0,0.00722,0,0,0,0,0,0,0,0,0,0,0,0,0,0,0,0,0,0,0.00354,0.00793,0,0.04674,0,0,0,0,0,0,0,0,0.00398,0,0.01745,0.01243,2.44666,0,0,0.08325,0,0,0,0,0,0,0,0,0,0,0.33592,0.01525,0,0,0.00078,0,0,0,0.00304,0,0,0,0,0,0,0,0,0,0,0,0,0,0,0.01142,0,0,0,0,0.23971,0.00127,0,0,0,0,0,0,0,0,0,0,0,0,0,0,0,0,0
