"","Abiotrophia_defectiva","Abiotrophia_sp_HMSC24B09","Absiella_dolichum","Acidaminococcus_sp_CAG_542","Actinobaculum_sp_oral_taxon_183","Actinomyces_graevenitzii","Actinomyces_hongkongensis","Actinomyces_johnsonii","Actinomyces_massiliensis","Actinomyces_naeslundii","Actinomyces_odontolyticus","Actinomyces_oris","Actinomyces_sp_HMSC035G02","Actinomyces_sp_HPA0247","Actinomyces_sp_ICM47","Actinomyces_sp_S6_Spd3","Actinomyces_sp_oral_taxon_180","Actinomyces_sp_oral_taxon_181","Actinomyces_sp_oral_taxon_414","Actinomyces_sp_oral_taxon_448","Actinomyces_sp_oral_taxon_897","Actinomyces_turicensis","Actinomyces_viscosus","Adlercreutzia_equolifaciens","Agathobaculum_butyriciproducens","Aggregatibacter_aphrophilus","Aggregatibacter_segnis","Akkermansia_muciniphila","Alistipes_finegoldii","Alistipes_indistinctus","Alistipes_inops","Alistipes_obesi","Alistipes_onderdonkii","Alistipes_putredinis","Alistipes_shahii","Alistipes_sp_An31A","Alistipes_sp_CAG_435","Alistipes_sp_CAG_514","Alistipes_timonensis","Allisonella_histaminiformans","Alloscardovia_omnicolens","Anaerococcus_vaginalis","Anaerofilum_sp_An201","Anaerofustis_stercorihominis","Anaeromassilibacillus_sp_An250","Anaerosporobacter_mobilis","Anaerostipes_caccae","Anaerostipes_hadrus","Anaerotignum_lactatifermentans","Anaerotruncus_colihominis","Asaccharobacter_celatus","Atopobium_minutum","Atopobium_parvulum","Atopobium_rimae","Azospirillum_sp_47_25","Azospirillum_sp_CAG_260","Bacillus_megaterium","Bacteroides_caccae","Bacteroides_cellulosilyticus","Bacteroides_clarus","Bacteroides_coprocola","Bacteroides_coprophilus","Bacteroides_dorei","Bacteroides_eggerthii","Bacteroides_faecichinchillae","Bacteroides_faecis","Bacteroides_finegoldii","Bacteroides_fragilis","Bacteroides_galacturonicus","Bacteroides_intestinalis","Bacteroides_massiliensis","Bacteroides_nordii","Bacteroides_oleiciplenus","Bacteroides_ovatus","Bacteroides_plebeius","Bacteroides_salyersiae","Bacteroides_sp_43_108","Bacteroides_sp_CAG_144","Bacteroides_sp_CAG_709","Bacteroides_sp_CAG_754","Bacteroides_sp_D2","Bacteroides_stercorirosoris","Bacteroides_stercoris","Bacteroides_thetaiotaomicron","Bacteroides_uniformis","Bacteroides_vulgatus","Bacteroides_xylanisolvens","Barnesiella_intestinihominis","Bifidobacterium_adolescentis","Bifidobacterium_bifidum","Bifidobacterium_catenulatum","Bifidobacterium_dentium","Bifidobacterium_longum","Bifidobacterium_pseudocatenulatum","Bilophila_wadsworthia","Blautia_hansenii","Blautia_hydrogenotrophica","Blautia_obeum","Blautia_producta","Blautia_sp","Blautia_sp_AF19_10LB","Blautia_sp_An249","Blautia_sp_CAG_257","Blautia_sp_CAG_52","Blautia_sp_N6H1_15","Blautia_wexlerae","Butyricicoccus_pullicaecorum","Butyricimonas_sp","Butyricimonas_synergistica","Butyricimonas_virosa","Butyrivibrio_sp_CAG_318","Campylobacter_concisus","Campylobacter_gracilis","Candidatus_Gastranaerophilales_bacterium_HUM_10","Candidatus_Gastranaerophilales_bacterium_HUM_11","Candidatus_Saccharibacteria_oral_taxon_TM7x","Cardiobacterium_hominis","Carnobacterium_divergens","Catabacter_hongkongensis","Catenibacterium_mitsuokai","Christensenella_minuta","Citrobacter_amalonaticus","Citrobacter_freundii","Citrobacter_koseri","Citrobacter_portucalensis","Citrobacter_werkmanii","Clavibacter_michiganensis","Cloacibacillus_porcorum","Clostridiales_Family_XIII_bacterium","Clostridiales_bacterium_CHKCI006","Clostridiales_bacterium_KA00274","Clostridiales_bacterium_KLE1615","Clostridioides_difficile","Clostridium_aldenense","Clostridium_asparagiforme","Clostridium_baratii","Clostridium_bolteae","Clostridium_butyricum","Clostridium_celatum","Clostridium_citroniae","Clostridium_clostridioforme","Clostridium_disporicum","Clostridium_hylemonae","Clostridium_innocuum","Clostridium_lavalense","Clostridium_leptum","Clostridium_methylpentosum","Clostridium_neonatale","Clostridium_paraputrificum","Clostridium_perfringens","Clostridium_scindens","Clostridium_sp_44_14","Clostridium_sp_7_2_43FAA","Clostridium_sp_AF36_4","Clostridium_sp_AM22_11AC","Clostridium_sp_CAG_122","Clostridium_sp_CAG_12237_41","Clostridium_sp_CAG_138","Clostridium_sp_CAG_167","Clostridium_sp_CAG_169","Clostridium_sp_CAG_217","Clostridium_sp_CAG_221","Clostridium_sp_CAG_226","Clostridium_sp_CAG_230","Clostridium_sp_CAG_242","Clostridium_sp_CAG_245","Clostridium_sp_CAG_253","Clostridium_sp_CAG_265","Clostridium_sp_CAG_269","Clostridium_sp_CAG_273","Clostridium_sp_CAG_277","Clostridium_sp_CAG_288","Clostridium_sp_CAG_299","Clostridium_sp_CAG_302","Clostridium_sp_CAG_356","Clostridium_sp_CAG_417","Clostridium_sp_CAG_433","Clostridium_sp_CAG_440","Clostridium_sp_CAG_451","Clostridium_sp_CAG_452","Clostridium_sp_CAG_465","Clostridium_sp_CAG_470","Clostridium_sp_CAG_492","Clostridium_sp_CAG_505","Clostridium_sp_CAG_510","Clostridium_sp_CAG_571","Clostridium_sp_CAG_58","Clostridium_sp_CAG_594","Clostridium_sp_CAG_609","Clostridium_sp_CAG_628","Clostridium_sp_CAG_678","Clostridium_sp_CAG_710","Clostridium_sp_CAG_75","Clostridium_sp_CAG_768","Clostridium_sp_CAG_780","Clostridium_sp_CAG_793","Clostridium_spiroforme","Clostridium_symbiosum","Collinsella_aerofaciens","Collinsella_intestinalis","Collinsella_sp_CAG_289","Collinsella_tanakaei","Comamonas_kerstersii","Coprobacillus_cateniformis","Coprobacter_fastidiosus","Coprobacter_secundus","Coprococcus_catus","Coprococcus_comes","Coprococcus_eutactus","Coraliomargarita_sp_CAG_312","Corynebacterium_argentoratense","Corynebacterium_durum","Cronobacter_sakazakii","Cryptobacterium_curtum","Cryptobacterium_sp_CAG_338","Desulfovibrio_desulfuricans","Desulfovibrio_fairfieldensis","Desulfovibrio_piger","Desulfovibrio_sp_AM18_2","Dialister_invisus","Dialister_pneumosintes","Dialister_sp_CAG_357","Dialister_succinatiphilus","Dielma_fastidiosa","Dorea_formicigenerans","Dorea_longicatena","Dorea_sp_CAG_317","Dorea_sp_OM02_2LB","Eggerthella_lenta","Eggerthella_sinensis","Eggerthella_sp_CAG_1427","Eggerthella_sp_CAG_298","Eggerthella_sp_CAG_368","Eikenella_corrodens","Eikenella_sp_NML130454","Eisenbergiella_massiliensis","Eisenbergiella_tayi","Enterobacter_bugandensis","Enterobacter_cloacae_complex","Enterococcus_asini","Enterococcus_avium","Enterococcus_casseliflavus","Enterococcus_durans","Enterococcus_faecalis","Enterococcus_faecium","Enterococcus_gallinarum","Enterococcus_mundtii","Erysipelatoclostridium_ramosum","Erysipelotrichaceae_bacterium_3_1_53","Escherichia_coli","Eubacteriaceae_bacterium_CHKCI005","Eubacterium_brachy","Eubacterium_eligens","Eubacterium_hallii","Eubacterium_infirmum","Eubacterium_limosum","Eubacterium_ramulus","Eubacterium_rectale","Eubacterium_siraeum","Eubacterium_sp_36_13","Eubacterium_sp_AF17_7","Eubacterium_sp_AM18_10LB_B","Eubacterium_sp_CAG_115","Eubacterium_sp_CAG_161","Eubacterium_sp_CAG_180","Eubacterium_sp_CAG_192","Eubacterium_sp_CAG_251","Eubacterium_sp_CAG_252","Eubacterium_sp_CAG_274","Eubacterium_sp_CAG_38","Eubacterium_sp_CAG_581","Eubacterium_sp_CAG_841","Eubacterium_sp_OM08_24","Eubacterium_sulci","Eubacterium_ventriosum","Faecalibacterium_prausnitzii","Faecalibacterium_sp_CAG_74","Faecalibacterium_sp_CAG_74_58_120","Faecalicoccus_pleomorphus","Faecalitalea_cylindroides","Finegoldia_magna","Firmicutes_bacterium_AF16_15","Firmicutes_bacterium_AM10_47","Firmicutes_bacterium_CAG_102","Firmicutes_bacterium_CAG_103","Firmicutes_bacterium_CAG_110","Firmicutes_bacterium_CAG_114","Firmicutes_bacterium_CAG_124","Firmicutes_bacterium_CAG_129","Firmicutes_bacterium_CAG_137","Firmicutes_bacterium_CAG_145","Firmicutes_bacterium_CAG_170","Firmicutes_bacterium_CAG_176","Firmicutes_bacterium_CAG_194","Firmicutes_bacterium_CAG_238","Firmicutes_bacterium_CAG_240","Firmicutes_bacterium_CAG_24053_14","Firmicutes_bacterium_CAG_272","Firmicutes_bacterium_CAG_313","Firmicutes_bacterium_CAG_321","Firmicutes_bacterium_CAG_41","Firmicutes_bacterium_CAG_424","Firmicutes_bacterium_CAG_449","Firmicutes_bacterium_CAG_460","Firmicutes_bacterium_CAG_466","Firmicutes_bacterium_CAG_56","Firmicutes_bacterium_CAG_646","Firmicutes_bacterium_CAG_65_45_313","Firmicutes_bacterium_CAG_83","Firmicutes_bacterium_CAG_94","Firmicutes_bacterium_CAG_95","Flavonifractor_plautii","Fusicatenibacter_saccharivorans","Fusobacterium_mortiferum","Fusobacterium_nucleatum","Fusobacterium_periodonticum","Fusobacterium_sp_oral_taxon_370","Fusobacterium_ulcerans","Fusobacterium_varium","Gemella_haemolysans","Gemella_morbillorum","Gemella_sanguinis","Gemmiger_formicilis","Gemmiger_sp_An194","Gemmiger_sp_An50","Gordonibacter_pamelaeae","Gordonibacter_sp_28C","Gordonibacter_urolithinfaciens","Granulicatella_adiacens","Granulicatella_elegans","Haemophilus_parainfluenzae","Haemophilus_sp_HMSC71H05","Haemophilus_sputorum","Harryflintia_acetispora","Holdemanella_biformis","Holdemania_filiformis","Hungatella_hathewayi","Intestinibacter_bartlettii","Intestinimonas_butyriciproducens","Klebsiella_aerogenes","Klebsiella_michiganensis","Klebsiella_oxytoca","Klebsiella_pneumoniae","Klebsiella_quasipneumoniae","Klebsiella_variicola","Kluyvera_ascorbata","Kluyvera_cryocrescens","Lachnoclostridium_sp_An118","Lachnoclostridium_sp_An131","Lachnoclostridium_sp_An138","Lachnospira_pectinoschiza","Lachnospiraceae_bacterium_28_4","Lachnospiraceae_bacterium_2_1_46FAA","Lachnospiraceae_bacterium_OF09_33XD","Lachnospiraceae_bacterium_OF09_6","Lachnospiraceae_bacterium_oral_taxon_096","Lactobacillus_acetotolerans","Lactobacillus_acidophilus","Lactobacillus_brevis","Lactobacillus_casei_group","Lactobacillus_coryniformis","Lactobacillus_crispatus","Lactobacillus_delbrueckii","Lactobacillus_fermentum","Lactobacillus_gasseri","Lactobacillus_iners","Lactobacillus_mucosae","Lactobacillus_plantarum","Lactobacillus_ruminis","Lactobacillus_sakei","Lactobacillus_salivarius","Lactobacillus_sanfranciscensis","Lactobacillus_vaginalis","Lactococcus_garvieae","Lactococcus_lactis","Lactococcus_piscium","Lactococcus_raffinolactis","Lactonifactor_longoviformis","Lawsonibacter_asaccharolyticus","Lentisphaerae_bacterium","Leuconostoc_citreum","Leuconostoc_garlicum","Leuconostoc_gelidum","Leuconostoc_lactis","Leuconostoc_mesenteroides","Mediterraneibacter_sp_KCTC_15684","Megamonas_funiformis","Megamonas_rupellensis","Megasphaera_elsdenii","Megasphaera_micronuciformis","Megasphaera_stantonii","Mesosutterella_multiformis","Methanobrevibacter_oralis","Methanobrevibacter_smithii","Methanosphaera_stadtmanae","Mitsuokella_jalaludinii","Mitsuokella_multacida","Mogibacterium_diversum","Mogibacterium_pumilum","Monoglobus_pectinilyticus","Morganella_morganii","Mycoplasma_sp_CAG_956","Neisseria_elongata","Neisseria_flavescens","Neisseria_perflava","Odoribacter_splanchnicus","Olsenella_profusa","Olsenella_uli","Oribacterium_parvum","Oribacterium_sinus","Oscillibacter_sp_57_20","Oscillibacter_sp_CAG_155","Oscillibacter_sp_CAG_241","Oxalobacter_formigenes","Parabacteroides_chinchillae","Parabacteroides_distasonis","Parabacteroides_goldsteinii","Parabacteroides_gordonii","Parabacteroides_johnsonii","Parabacteroides_merdae","Parabacteroides_sp_CAG_409","Paraeggerthella_hongkongensis","Paraprevotella_clara","Paraprevotella_xylaniphila","Parasutterella_excrementihominis","Parvimonas_micra","Parvimonas_sp_KA00067","Peptoniphilus_lacrimalis","Peptoniphilus_sp_HMSC062D09","Peptostreptococcaceae_bacterium_oral_taxon_929","Peptostreptococcus_anaerobius","Peptostreptococcus_stomatis","Phascolarctobacterium_faecium","Phascolarctobacterium_succinatutens","Porphyromonas_asaccharolytica","Porphyromonas_endodontalis","Porphyromonas_sp_31_2","Porphyromonas_sp_HMSC065F10","Porphyromonas_uenonis","Prevotella_bivia","Prevotella_buccalis","Prevotella_copri","Prevotella_corporis","Prevotella_disiens","Prevotella_intermedia","Prevotella_multisaccharivorax","Prevotella_sp_109","Prevotella_sp_885","Prevotella_sp_AM42_24","Prevotella_sp_CAG_1031","Prevotella_sp_CAG_1058","Prevotella_sp_CAG_1124","Prevotella_sp_CAG_1185","Prevotella_sp_CAG_279","Prevotella_sp_CAG_386","Prevotella_sp_CAG_487","Prevotella_sp_CAG_5226","Prevotella_sp_CAG_604","Prevotella_stercorea","Prevotella_timonensis","Propionibacterium_acidifaciens","Proteobacteria_bacterium_CAG_139","Proteobacteria_bacterium_CAG_495","Pseudoflavonifractor_sp_An184","Pseudomonas_aeruginosa_group","Pseudomonas_fragi","Pseudopropionibacterium_propionicum","Pyramidobacter_piscolens","Pyramidobacter_sp_C12_8","Raoultella_ornithinolytica","Raoultella_planticola","Romboutsia_ilealis","Roseburia_faecis","Roseburia_hominis","Roseburia_intestinalis","Roseburia_inulinivorans","Roseburia_sp_CAG_100","Roseburia_sp_CAG_10041_57","Roseburia_sp_CAG_182","Roseburia_sp_CAG_303","Roseburia_sp_CAG_380","Roseburia_sp_CAG_471","Rothia_aeria","Rothia_dentocariosa","Rothia_mucilaginosa","Ruminococcaceae_bacterium_D16","Ruminococcaceae_bacterium_D5","Ruminococcaceae_bacterium_KLE1738","Ruminococcus_bicirculans","Ruminococcus_bromii","Ruminococcus_callidus","Ruminococcus_champanellensis","Ruminococcus_gnavus","Ruminococcus_lactaris","Ruminococcus_sp_AF31_8BH","Ruminococcus_sp_CAG_177","Ruminococcus_sp_CAG_254","Ruminococcus_sp_CAG_330","Ruminococcus_sp_CAG_353","Ruminococcus_sp_CAG_382","Ruminococcus_sp_CAG_403","Ruminococcus_sp_CAG_488","Ruminococcus_sp_CAG_563","Ruminococcus_sp_CAG_579","Ruminococcus_torques","Ruthenibacterium_lactatiformans","Saccharomyces_cerevisiae","Salmonella_enterica","Sanguibacteroides_justesenii","Scardovia_wiggsiae","Sellimonas_intestinalis","Senegalimassilia_anaerobia","Shuttleworthia_satelles","Slackia_exigua","Slackia_isoflavoniconvertens","Slackia_piriformis","Solobacterium_moorei","Staphylococcus_aureus","Stomatobaculum_longum","Streptococcus_anginosus_group","Streptococcus_australis","Streptococcus_cristatus","Streptococcus_gallolyticus","Streptococcus_gordonii","Streptococcus_infantarius","Streptococcus_infantis","Streptococcus_milleri","Streptococcus_mitis","Streptococcus_mutans","Streptococcus_oralis","Streptococcus_parasanguinis","Streptococcus_parauberis","Streptococcus_pasteurianus","Streptococcus_peroris","Streptococcus_pseudopneumoniae","Streptococcus_salivarius","Streptococcus_sanguinis","Streptococcus_sinensis","Streptococcus_sobrinus","Streptococcus_sp_A12","Streptococcus_sp_F0442","Streptococcus_sp_HMSC034E03","Streptococcus_sp_M334","Streptococcus_sp_NLAE_zl_C503","Streptococcus_sp_oral_taxon_058","Streptococcus_thermophilus","Streptococcus_vestibularis","Subdoligranulum_sp","Subdoligranulum_sp_APC924_74","Succinatimonas_hippei","Sutterella_sp_CAG_351","Sutterella_sp_CAG_521","Sutterella_wadsworthensis","Synergistes_jonesii","Turicibacter_sanguinis","Turicimonas_muris","Tyzzerella_nexilis","Tyzzerella_sp","Veillonella_atypica","Veillonella_dispar","Veillonella_infantium","Veillonella_parvula","Veillonella_rodentium","Veillonella_rogosae","Veillonella_sp_DORA_A_3_16_22","Veillonella_sp_T11011_6","Veillonella_tobetsuensis","Victivallales_bacterium_CCUG_44730","Victivallis_vadensis","Weissella_cibaria","Weissella_confusa"
"A150",0,0,0,0,0,0,0,0,0,0,0,0,0,0,0,0,0,0,0,0,0,0,0,0,0.0986,0,0,0,0.73414,0.01381,0,0.30402,0,19.2897,0.1061,0,0,0,0,0.03514,0,0,0,0.00393,0,0,0,1.75099,0,0.00115,0.0735,0,0,0,0,0,0,1.79989,0,0,0,0,0.53026,0,0,0,5.02035,0.79782,0,0.12046,0,0.00169,0,0.89928,7.03366,0.61186,0,0,0,0,0,0,0,0.6766,5.37648,13.11241,0.00289,0,2.31663,0,0,0,0.34025,0.54523,0.2333,0,0,0.18755,0,0.00334,0.06055,0,0,0,0,0.00181,0,0,0.10124,0.21221,0,0,0,0,0,0,0,0,0,0,0,0,0,0,0,0,0,0,0,0,0,0.00026,0,0,0,0,0,0,0,0,0,0.00815,0,0.01987,0,0.02898,0,0,0,0,0,0,0,0,0.00325,0,0,0,0,0,0,0.00537,0,0,0,0,0,0.00118,0,0,0,0,0,0,0,0,0,0,0,0,0,0,0,0,0,0,0,0,0,0,0,0,0.28579,0,0,0,0,0,1.18846,0,0,0,0,0,0,0,0.1332,1.16527,0,0,0,0,0,0,0,0,0,0,0,0,0,0,0,0,0.70493,0.26315,0,0,0.18087,0,0,0,0,0,0,0,0,0,0,0,0,0,0,0,0,0,0,0,0,0,0,0,0.08196,2.715,0,0,0.31121,1.34676,0,0.00284,0,0,0,0,9.71631,0,0,0.00255,0.05876,0,0,0,0,0,0.03208,3.28589,0,0,0,0,0,0.05478,0,0.0321,0.00603,0,0.17474,0,0,0,0,0,0,0,0,0,0,0,0,0,0.18851,0,0,0,0,0.01042,0,0,0.05014,0,0,0.01377,2.10544,0,0,0,0,0,0,0,0,0.00978,0.08749,0,0,0.00618,0,0,0,0,0.00361,0,0,0,0,0.00435,0,0.00614,0,0,0,0,0.01156,0,0,0,0,0,0,0,0.01816,0,0,0,0,0,0,0,0,0,0,0,0,0,0,0,0,0.01679,0,0,0,0,0,0,0,0,0,0,0,0,0,0,0,0,0,0,0,0,0,0,0,0,0,0,0,0,0,0,0,0,0,0,0,0,0,0.8705,0,0,0,0,0.01533,0,3e-04,0.01295,0,1.04899,0,0,0,1.54768,0,0,0,0,0.55049,0,0,0,0,0,0,0,1.2034,0,0,0,0,0,0,0,0,0,0,0,0,0,0,0,0,0,0,0,0,0,0,0,0,0,0,0,0,3.0018,0,0,0,0,0,0,0,0,0,0.04594,0.2231,0.39442,0.16328,0.32259,0,0,0,0,0,0,0,0,0.00534,0,0,0.17714,0.00625,0,0,0,0.0103,0.22127,0.00211,0,0,0,0,0,0,0,0,0,2.50645,0.00614,0,0,0,0,0,0,0,0,0,0,0,0,0,0,0.00498,0,0,0,0,0.00655,0,0.01134,0,0.00132,0,0,0,0,0,0.20009,0.00271,0,0,0.00292,0,0,0,0,0,0,0.0015,0.57487,0.05062,0,0,0,0,0,0.00439,0,0,0.06206,0,0.00031,0,0.00112,0,0.00054,0,0,0,0,0,0,0
"A018",0,0,0,0,0,0,0,0,0,0,0.00089,0,0,0,0.00308,0,0,0,0,0,0,0,0,0.00703,0.02849,0,0,0.78961,0.68577,3.59953,0.35867,1.09306,0,0.02014,0.34608,0,0,0,0,0,0,0,0,0,0.01199,0,0,1.52864,0,0.01641,0.34537,0,0,0,0,0,0,0.52755,0,0,0.42009,0,0,0,0,0,0.06825,0.10142,0,0,0.09866,0.0093,0,0.19763,0,0.01582,0,0.09506,0,0,0,0.00647,0.26192,0.43146,2.62105,1.20771,0.28528,1.67526,0,2.3962,0,0,2.04689,0,0.00858,0,0,0.44955,0,0.15416,0.44804,0,0,0.40308,0,0.14725,0,0,0,0,0,0,0,0,0,0,0,0,9e-04,0,0,0,0,0,0,0,0,0,0,0,0,0,0,0,0,0,0,0,0.0042,0,0,0,0,0,0,2.43251,0,0,0,0,0,0.01393,0,0.00071,0.01468,0,0,0.02672,0,0,0.0965,0,0,0.03965,0,0.09919,0,0,0.52795,0,0.00603,0,0,1.05492,0,0.00193,1.03314,0,0,0,0,0.2456,0,0,0,3.00842,0.06613,0.05468,0,4.96331,0,0,0,0,4.2831,0,0,0,4.10458,0,0,0,0,0,0.00766,0,0.25552,0.85409,0.1129,0,0,0,0,0,0,0,0,0,0,0,0,1.98072,0,0,1.05605,0.97494,0,0.0085,0.02274,0,0,0.19766,0,0,0,0,0,0,0.00593,0,0,0,0,0.03569,0,0,0,0,0,0.14623,0,0,0.28522,4.79841,0,0,0.11039,0.31539,4.5213,0.13735,0.00245,0,1.23831,0.00327,3.94002,0.10797,1.74547,0,0,0.01124,0,0,0,0,0,2.72852,0.13181,0.00812,0,0,0,0.02123,0,0.0057,0.06308,0.10861,0,0.43388,0.63625,0,0,0.37791,0,0,0,0,0.00253,0,0,0,0.51389,0,0,0,0,0.06807,0,0.00041,0.00959,0,0.00798,0.08576,0.30141,0,0,0,0,0,0,0,0,0.0088,3.96137,0,0,0.17528,0,0,0,0,0.00893,0,0.00541,0.0092,0.24936,0.02134,0,0.04045,0,0,0,0,0.0197,0.00945,0.04847,0,0,0,0,0,0.02192,0,0,0.00036,0,0,0,0,0.00083,0,0,0,0,0,0,0,0,0.01194,0,0.00025,0,0,0,0.00025,0,0,0.00045,0,0,0,0,0,0,0.0049,0.00196,0.00139,0,0,0,0,0,0.06564,0,0,0,0,0,0.00304,0,0,0,0.87345,0,0,0,1.5326,0,0,0,0,0.11456,0.00078,0.00303,0,0,0.08513,0.00482,0,0,0.02156,0.51578,0,0,0,0.01996,0,0,0,0,0,0.00126,0,0.01687,0,0,0,0,0,0,0,0,2.60702,0,0,0,0,0,0,0,0,0,0,0,0,0,0,0,0,0.12974,0,0,0,0,0,0,0,0,0,0,0,0,0,1.18039,0.51429,0.18709,0.03868,0,0,0.01434,0,0,0.09491,0,0,0.0048,0,0,0,0.00073,1.04818,0,0,0,0,0.07911,0.0018,0,0,0,0,0,0.52067,0,0,1.0203,0.05254,0,0,0,0,0,0,0,0,0,0,0,0.04286,0,0.00335,0.00815,0,0,0,0,0.01317,0,0.00796,0,0.00467,0.08098,0,0,0,0,0.13918,0,0,0,0,0,0,0,0,0,0,0.00834,8.44535,1.99906,0,0.03482,0,0,0,0.33852,0,0,0.1481,0,0,0,0,0,0,0,0,0,0,0,0,0
"A146",0,0.00022,0,0,0.00301,0,0,0,0,2e-04,0.00083,0.00162,0.00122,0,0.01131,0,0,0,0,0,0,0,0,0,0.15436,0,0,0,0,0.23498,0,0,0,0,0.03185,0,0,0,0,0,0,0,0,0,0,0,0,3.15237,0,0.00749,0,0,0,0,0,0,0,0,0,0,0,0,1.27739,0,0,0,0,0,0,0,0,0,0,0.28892,0,0,0,0,0,0,0,0,0,0.16268,0.45195,0,0.52042,0,3.65398,0,0,0,0,0.37749,0.01707,0,0,0.57859,0,0.03851,0.00214,0,0,0,0,0.00657,0,0,0,0.01222,0,0,0,0,0,0,0,0,0,0,0,0,0,0,0,0,0,0,0,0,0,0.00014,0,0,0,0,0,0,0,0,0,0,0,0.00215,0,0.00045,0,0,0,0,0,0,0,0,0.00694,0,0,0.00013,0,0,1.69576,0,0,0,0,0.00457,0,0,0.00395,0,0,0,0,0.006,0,0,0,0,0,0,0,0,0,0,0,0,0,0.00527,0,0,0,0,0,0,0,0,0,0,0.58145,0,0,0,0,0.00027,0,0,0.03902,1.00927,0,0,0,0.00254,0,0,0,0,0,0,0,0,0,15.00701,0,0,0.25652,0.20761,0,0.00307,0.45895,0,0,0,0,0,0,0,0,0,0,0,0,0.01222,0.00239,0,0,0,0,0.01564,0.00333,6.3988,0,0,0.00477,1.96641,0,0,0,8.97204,0,0,0,0,0.00052,0,0,0.11382,0,0,0,0.01596,0,0,0,0,0.6192,7.28736,0.00302,0,0,0,0,0.12549,0.07062,0,0.4854,0,0.02652,0.07519,0.05936,0,0,0.02752,0,0,0,0,0.00114,0,0,0,0.01252,0,0,0,0,0.04907,0,0,0.00164,0,0.00609,0.00562,0.66485,0,0,0,0,0,0,0,0,0.00439,0.52398,0,0,0.03631,0,0,0,0,0.05362,0,0,0,0,0,0,0.015,0,0,0,0,0.34733,0.28574,0.01762,0,0,0,0,0,0.14423,0,0,0,0.01578,0,0,0,0,0,0,0,0,0,0,0,0,0,0,0,0,0,0,0,0,0,0,0,0,0,0,0.00245,0,0.00199,0,0,5.65838,0,0,0,0,0,0,0,0,0,0,0,0,0,0,0,0,0,0,0,0,0,0,0,0.08079,0,0.00984,0,0,0.05315,0,0,0,0,0,0,0,0,0.04182,0,0,0,0,0,0,0,0,0,0,0,0,0,0,0,0,22.41553,0.00894,0,0,0,0,0,0.95669,0,0,0,0,0,0.03738,0,0,0.45479,0,0,0,0.00051,0,0,0,0,0,0,0,0,0,0.00102,0.5588,0.10349,0,1.71333,0,0,0,0.00195,0,0,0,0,0.01306,0,0,0.05855,0,0,0,0,0,0,0.00123,0.00428,0.63913,0,0,0,0,0,0,0,3.85272,0.01399,0,0,0,0,0,0,0,0,0.16791,0,0,0,0,0,0.01111,0,0,0,0,0.00752,0,0.00127,0,0,0.00435,0,0,0,0,0.32413,0.00248,0,0,0,0,0,0,0,0,0,0,3.16286,0.11169,0,0,0,0.0205,0,0,0,0,0.75337,0,0,0,0,0,0,0,0,0,0,0,0,0
"A143",0,0,0,0,0,0,0,0,0,0,0,0,0,0,0,0,0,0,0,0,0,0,0,0,0.0229,0,0,0,1.91291,0.02344,0,0.84212,0,7.78358,0.12692,0,0,0,0,0,0,0,0,0,0,0,0,0.18676,0,0,0.14494,0,0,0,0,0.14404,0,1.62336,0.44034,0,0,0,1.99423,9.18122,0.00361,0,3.46396,0,0.06544,0,1.78102,0,0,2.21418,0,0,0,0.03601,0,0,0,0,9.42953,0.65302,27.88059,5.91427,0.7694,1.08064,0,0.03998,0,0,0.1358,0.16732,0.23567,0,0,0.03445,0,0.01223,0,0,0,0,0,0.0011,0,0,0.16028,0,0,0,0,0,0,0,0,0,0,0,0,0,0,0,0,0,0,0,0,0,0,0,0,0,0,0,0.0331,0,0,0,0,0,0,0.00404,0,0.00143,0,0,0,0,0,0,0,0,0.04928,0,0,0,0,0,0,0,0,0,0,0,0,0,0,0,0,0,0,0,0,0,0,0,0,0,0,0,0,0,0,0,0.01348,0,0,0,0,0,0,0,0,0,0,0,0.01941,0,0,0,0,0,0.24766,0,0.02932,0.04568,0,0,0,0,0,0,0,0,0,0,0,0,0,0,0,0,0.01457,0.00514,0,0,0.00045,0,0,0.10439,0,0,0,0,0,0,0,0,0,0,0,0,0,0,0,0,0,1.56388,0,0,0.00118,0.92654,0,0,0.03291,1.12953,0,0.01065,0.18974,0,0,0,0.00669,0,0.19726,0,0.23366,0,0,0,0.03432,0,0.44778,1.64725,0,0,0,0,0,0.00095,0.01347,0,0.34462,0,0,0.00509,0.10925,0.00452,0,0,0,0,0,0,0,0,0,0,0.00429,0,0,0,0,0.00587,0,0,0.35429,0,0,0.1554,0.04836,0,0,0,0,0,0,0,0,0,0.04883,0,0,0.00135,0,0,0,0,0,0,0,0,0,0.02276,0,0,0.01223,0,0,0,0.7267,0.11105,0.53272,0,0,0,0,0,0.28091,0,0,0,0,0,0,0,0,0,0,0,0,0,0,0,0,0,0,0,0,0,0,0,0,0,0,0,0.00338,0,0,0,0,0,0,0,0,0,0,0,0,0.05984,0,0,0,0,0.7455,0,0,0,0,0,0,0,0,0.75084,0,0,0,0,0.13164,0,0.00265,0,0,3.9838,0,0,0,1.81632,0,0,0,0.01177,0.64974,0,0,0,0,0,0,0,0.57111,0,0,0,0,0,0,0,0,0,0,0,0,0,0,0,0,0,0,0,0,0,0,0,0,0,0,0,0,0.49035,0,0,0,0,0,0,0,0,0,0,0.39624,0.02407,0.05571,0.69765,0,0,0,0,0.02357,0.00487,0,0,0,0,0.00842,0,0,0.29267,0,0,0,0,0.01469,0,0,0,0,0,0,0,0,0,0.32913,0.08167,0,0,0,0,0,0,0,0,0,0,0,0,0,0,0,0,0,0,0,0,0,0,0,0,0,0,0,0,0,0,0,0,0,0,0,0,0,0,0,0,0,0.08917,0.04067,0,0.02055,0,0,0,0.01335,0,0,0.41334,0,0,0,0,0,0,0,0,0,0,0,0,0
"A139",0,0,0,0,0,0,0,0,0,0,0.0061,0.00259,0.00073,0,0.02826,0,0,0.00215,0.01202,0,0.00094,0,0,0,0.00217,0,0,0.12474,0.00146,0,0,0,0,0.00725,0.00425,0,0,0,0,0.14707,0,0,0,0,0,0,0,2.90624,0,0,0,0,0,0,0,0,0,0,0,0,0,0,8.05851,0,0,0,0,2.43034,0,0,0,0.01505,0,1.00368,0,0,0,0,0,0,0,0,0,0.17066,0.00213,0,0,0,0,0,0,0,0.84187,0,0.03915,0,0,0,0,0.004,0,0,0,0,0,0.00369,0,0.00215,0,0.01109,0,0,0,0,0,0,0,0,0,0,0,0,0.15954,0,0,0,0,0,0,0,0,0,0,0,0,0,0.00588,0,0,0.01082,0,0,0,0.08262,0,0,0,0,0,0.00742,0,0,0,0,0,0,0,0,0,0,0,0,0,0,0,0,0,0,0,0,0,0,0,0,0,0,0,0,0,0,0,0,0,0,0,0,0,0,0,0,0,0,0,0,0,0,0,0,0,0,0,0,0,0,0,0,0.19226,0,0,0,0,0.00093,0.01553,0,0,0,0,0,0,0,0.02301,0.00249,0,0,0.38961,4.14264,0,0,0.00273,0,0,0,0,0,0,0,0,0,0,0,0.02243,0,0,0,0,0.03375,0,2.30975,0,13.29345,0,0,11.37673,0,0,0,0.8067,6.04189,0,0,0,0,0,0,0,0,0,0,0,0,0,0,0,0,0,0.01825,0,0,0,0,0,0,0,0,0,0,0,0,0,0,0,0,0,0,0,0,0,0,0,0,0,0,0,0,0,0,0,0,0,0,0,0,2.11079,0,0.01113,0.00754,0.00936,0,0.02524,0,0,0.00121,0,0,0,0,0,0,0,0,5.71651,0.007,0.05639,0,1.41465,0,0,0.2592,0,0,0.00908,0.00224,0,0,0,0,0,0,0,0,0,0,0,0,0,0,0,0,0,0,0,0,0,0,0,0,0,0,0,0,0.01285,0,0,0.00027,0.33605,0,0,0,0,0,0,0,0,0.09988,0,0,0.13979,0,0,0,0,0,0,0,0,0,0,0,0,0,0,0,0.00761,0,0,0.05417,0,0,0,0,0,0,0,0,0,0,0,0,0,1.42104,0,0,0,0,0,0.01857,0,0,0,0,0,0.00333,0,0,0,0.00483,0,0,0,0,0,0,0,0,0,0,0,0,0,0,0,0,0,0,0.00569,0,0,0,0,0,0,0,0,0,0,0,0,0.00048,0,0.04694,0,0.00797,0.40909,0,0.8692,5.8169,0,0,0,0.86083,0,0,0.00109,0,0.15279,0,0,0,0,0,0,0,1.13759,0,0.00316,0,0,0,0,0,0,0,0,0,22.43572,0.15262,0.00653,0,0,0,0,0,0,0.00235,0.08462,0,0.00459,0,0,0.01357,0.02402,0,0,0.00732,0,0.0273,0,0.05215,0,0.0287,0.01159,0,0,0,0,0.64596,0.16145,0,0,0.00378,0.01024,0,0.00337,0,0,0.00365,0,0.00042,0.21865,0,0,0,0,0,0.00122,0,0,0,0.00074,0.01516,0.03634,0.23281,0,0,0,0.00318,0.0048,0,0,0,0
"A136",0,0,0,0,0,0,0,0,0,0,0,0,0,0,0.04279,0,0,0,0,0.00078,0,0,0,0,0.08283,0,0,0.00097,0,0,0,0.35027,0,3.89327,0.02884,0,0,0,0,0,0,0,0,0,0.00286,0,0,0.66645,0,0.01093,0,0,0,0,0,0,0,0.93247,0,0.01322,1.18992,0,0.01546,0,0,0,1.88025,0,0,0.72432,0.11584,0,0,1.01864,3.18959,0.02634,0,0,0,0,0,0,0,0.20666,8.65233,2.67652,0.03462,0.43482,1.39271,0,0,0.00251,0.27413,0,0.12075,0,0,0.26081,0,0.00806,0,0,0.00161,0.06312,0,0.0046,0,0,0.00616,0.00066,0,0,0,0,0,0,0,0,5e-04,0,0.00364,0,0,0,0,0,0,0,0,0,0,0,0,0,0,0,0,0,0,0,0,0,0,0.00517,0,0.08224,0,0,0,0,0,0,0,0,0.03243,0,0,0,0,0,0,0.1211,0,0.11166,0,0,0.01397,0.00062,0,0,0,0,0,0,0,0,0,0,0,0,0,0,0.33704,0,0,0,0.07684,0,0,0,0,0,1.05077,0.11092,0,0,0,0,0,0,0,0,0,0,0.00616,0,0.07913,0.99137,0,0,0,0,0,0,0,0,0,0,0.04728,0.00135,0,0,0,0,0.31523,1.56377,0.01222,0.00146,0.37432,0,0,0,0,0,0,0,0,0,0,0,0,0,0,0,0,0,0,0.00304,0,0.11992,0,0,0.04028,1.91984,0,0,0.2999,9.03649,0,0.00309,0.00288,0,0,0,16.48793,0.04483,0,0,0.63723,0,0,0,0,0,0.2351,8.51983,0,0,0,0,0,0.03635,0,0,0.00844,0,0.46971,0,0.17099,0,0,0.08201,0,0,0,0,0,0,0,0,0.09755,0,0,0,0,0.67902,0,0,0.0536,0,0,0.02794,0.49053,0.05517,0,0,0,0,0,0,0,0,0.92774,0,0,0.18794,0,0,0,0,0,0,0,0,0,0,0,0.28197,0.07817,0,0,0,0.00326,0,0,0,0,0,0,0,1.39359,0,0,0.01445,0,0,0,0,0,0,0,0,0,0,0,0,0.00952,0,0.00104,0,0,0,0,0,0,0,0,0,0.00668,0,0,0,0,0,0,0.00024,0,0.00188,0.12783,0,0.00018,0,0,0,0,0,0,0.00085,0,0,0,0,0,0,0,0.36516,0,0.00143,0,0,0.04287,0,0.00067,0.0278,0,0.22904,0.00482,0,0.13919,0,0,0,0,0,0.14234,0,0,0,0,0,0,0,0.05414,0,0,0,0,0,0,0,0,0,0,0,0,0,0,0,0,0,0,0,0,0,0,0,0,0,0,0,0,1.78208,0,0,0,0,0,0.00375,0,0,0,0.00017,0.4507,0.1028,6.96419,1.5803,0,0,0,0,0,0.00042,0,0,0,0,0,0.96355,0.00258,5.64285,0.02578,0,0.05529,0,0.00075,0,0,0,0,0,0,0,0,0,0.20047,0.19513,0,0,0,0.01525,0,0,0,0,0,0,0.00379,0,0,0.02608,0,0,0,0.01272,0,0,0,0.0017,0,0.00102,0.03999,0,0,0,0,0.16171,0,0,0,0,0,0,0,0,0,0,0,3.23749,1.095,0,0,0,0,0,0.13859,0,0,0,0.00302,0.00431,0.00255,0.04464,0,0,0.01156,0,0,0,0,0,0
"A134",0,0,0,0,0,0.00704,0,0,0,0,0.00034,0.00216,0.00702,0.00058,0.04156,0.00777,0,0.0198,0,0.00756,0,0,0,0,0.80205,0,0,0,0.00041,0,0,0.123,0,2.18712,0.02222,0,0,0,0,0.00211,0,0,0,0,0.01219,0,0,0.35118,0,0,0.29517,0,0.00169,0,0,0,0,1.05422,0,0,0.37734,0.36478,0,0,0,0,0,0.00614,0,0,0,0,0,0.11537,0,0,0,0,0,0,0,0,0.02603,0.04327,0.00183,0.22236,0,0.36408,5.17858,0,0.00345,0,1.39989,0.17691,0.03932,0,0,0.3091,0,2.56513,0.01592,0,0,0.02411,0,0.00934,0,0,0,0.00612,0,0,0,0,0,0,0,0,0,0,0,0,0,0,0.00092,0,0,0,0,0,0,0.00104,0,0,0,0,0,0,0,0.00297,0,0.06632,0,0,0,0.04326,0,0,0,0,0,0,0,0,0.57876,0,0,0.00113,0,0,2.94448,0.00049,0,0,0,0,0,0,0,0,0,0,0,0,0,0,0,0,0,0,0,0,0.30407,0,0,0,0.0015,0,0,0,0,0,0,0,0,0,0.01223,0,0.36688,0,0,0,0,0,0,0,0.00604,0.12228,2.59265,0,0,0,0,0,0,0,0,0,0,6.61183,0,0,0,0,0.41312,3.86601,0,0,0.056,0,0,0.3019,0,0,0,0,0.00208,0,0.01271,0,0,0,0,0,0,0,0,0,0,0.90362,0,0,0.00352,0.51467,0,0,0.01141,6.72732,0,0.00046,0,0,0,0.00839,0.90666,0.14154,0,0.04338,1.32931,0.04633,0,0,0,0.00273,0.00733,18.14954,0.03247,0.00203,0,0,0,0.21366,0,0,0.36865,0.13288,0.0429,0.40452,0.01709,0.00131,0,0.01697,0,0,0,0,0.01592,0,0,0,0.07354,0,0,0,0,0.12064,0,0,0.54262,0,0,0.011,1.31386,0,0,0,0,0,0,0,0,0.00432,0.56174,0,0,0.17558,0,0,0,0,0.02062,0,0,0,0,0,0,0.10444,0,0,0,0,1.66368,0.04494,0.25109,0,0.00707,0,0,0,0,0,0,0,0.00727,0,0,0,0,0,0,0.00476,0,0,0,0,0,0,10.7526,0,0.04911,0,0.00493,0,0,0,0,0,0,0,0,0,0,0,0,0,0,0,0.02319,0,0,0.0759,0,0,0,0,0,0.0012,0,0,0,0,0,0,0,0.0745,0,0,0,0,0.00879,0,0,0,0,0.012,0,0,0,0.12669,0,0,0,0,0.13957,0,0,0,0,0,0,0,0,0,0,0,0,0,0,0,0,3.59777,0,0,0,0.01633,0,0,0,0,0,0,0,0,0,0,0,0,0,0,0.00473,0,0,0,0,0,0,0,0,0,0,0.12834,0.69508,0.02174,0.19684,1.29782,0,0,0,0,0,0.00063,0,0,0.00129,0,0,0.09407,0.00841,3.37566,0,0,0,0,0.65411,0.40087,0,0.38193,0,0,0,0,0,0,2.28305,0.26294,0.00184,0,0,0,0,0,0,0,0,0,0.00041,0,0,0.00317,0,0,0,0.00141,0,0.00666,0,0.03251,0.00746,0.0082,0.41385,0,0,0,0,0.89758,0,0,0,0,0,0,0,0,0,0,0.01941,2.5722,1.52256,0,0.05066,0.00528,0,0,0.31094,0,0,0,0,0,0,0.00082,0,0,0.00026,0,0,0,0,0,0
"A133",0.00822,0.00382,0,0,0,0.23523,0.00213,0.00381,0,0.00353,0.03117,0.02129,0.03367,0.00108,0.63828,0.19958,0.00622,0.11561,0.02862,0,0.03868,0,0,0,0.69892,0,0,0,0.08301,0,0,0,0,0,0,0,0,0,0,0,0.03293,0.00835,0,0,0,0,0.00547,0.0132,0,0,0.00166,0,0.0817,0.01837,0,0,0.00292,0.0054,0,0,0,0,0.60814,0,0,0,0,0.01213,0,0,0,0,0,0.00672,0.43739,0,0,0,0,0,0,0,0.03053,0,0.59951,18.27502,0.00279,0,0.01659,0,0,0.00206,3.33348,0,0,0.04892,0,0,0.08532,0,0,0,0,0,0,0.00145,0,0,0,0,0,0,0,0,0,0.08658,0,0,0,0,0,0.00707,0,0,0,0.00093,0,0,0,0,9e-05,0,0,0.02816,0,0,0.40777,0.00396,0,0.0727,0.0305,4.23042,0,0.60275,0,0,0,0,0.00582,0.00052,0,0,0,0,0,0,0,0,0,0,0.02183,6.65161,0,0,0,0,0,0.11806,0,0,0,0,0,0,0,0,0,0,0,0,0,0,0,0,0,0,0,0,0,0,0,0,0,0,0,0,0,0.24207,0.00074,0,0,0,0,0,0,0,0,0,0,0,0.00597,0.0061,0.0036,0.01783,0,0,0,0,0,1.19473,0,0.01731,0,0,0,0,0,0,0.00877,0.22836,0,0,0,0,0,0,0.00466,0,0.0032,5e-04,0,0,0,0.00246,0.00768,0.05707,0.00083,2.17905,0,12.11956,0,0,0,0.00449,0.00211,0,0,0.00644,0,0,0,0,0,0,0,0,0,0,0,0.04917,0.00291,0,0,0.0929,0,3.04115,0,0,0,0,0.00354,0,0,0,0,0,0,0,0,0,0,0,0,0,0,0,0,0,0,0,0.0025,0,0,0,0,0.00031,0,0,0,0,0,0.18652,0.00412,0,0.00408,0,0,0,0,0,0.00501,0.00115,0,0,0,0,0,0.00446,0.00053,0,0.212,0,0,0,0,0,0.29908,0.4271,0,0,0,0,4.11596,0.27644,1.049,0,0,0,0,0,0,0,0,0,0,0.00396,0,0,0,0,0,0,0,0,0,0,0,0,0,0,0,0,0,0,0,0,0,0,0,0,0,0.01349,0,0,0,0,0,0,0.00018,0.43166,0,0,0,0,0,0,0,0.02696,0.00016,0,0.00883,0,0,0,0,0.0183,0,0.03832,0.00216,0.00045,0,0,0,0,0,0.02001,0,0,0,0.01433,0,0,0,0,0.02224,0,0,0.00352,0,0,0,0,0,0,0,0,0,0.00019,0,0,0,0,0,0,0,0,0,0,0,0,0,0,0,0,0,0,0,0,0,0,0,2.92808,0,0,0,0,0.00131,0,0,0,0,0.01271,2.70723,0,0.00306,0.39224,0,0,0,0,0,0,0,0,0.02012,0,0,0,0,0.00967,0,0,11.05482,0,0,0,0.00068,0,0,0,0,0,0,0,0,0.07429,0.03095,0,0,0,0,0,0,0,0,0,0.06241,0,0,0.01568,0.00488,0.00253,0,0.06409,0,0.00822,0,0.08443,0,0.03478,0.11003,0,0,0.00248,0,0.51611,0.0023,0.00531,0,0.00525,0,0,0,0,0,0,0.02595,0.00173,0.00388,0,0,0,0,0,3.86413,0,1.1612,0,0.02435,0.01924,0,12.13353,0.05245,0,0.00621,0.00164,0.00409,0,0,0,0
"A131",0,0,0,0,0,0,0,0,0,0,0,0,0,0,0.00217,0,0,0,0,0,0,0,0,0,0,0,0,0,0,0,0,0,0,0,0,0,0,0,0,0,0,0,0,0,0,0,0.07637,0,0,0,0,0,0,0,0,0,0,0,0,0,0,0,49.01295,0,0,0,0,2.53424,0,0,0,0,0,14.85096,0,0,0,0,0,0,0,0,0,0.56163,5.15755,0,0,0,0,0,0,0,0.87409,0,0.07475,0.04122,0,0,0,0,0,0,6.4537,0,0,0,0,0,0,0,0,0,0,0,0,0.0015,0,0,0,0,0,0,0,0,0,0,0,0,0,0,0,0,0.00998,0.02136,0,0,0,0,0,0,1.18743,0,0,0.1355,0,0,0,0.00473,0,0,0,0,0,0,0,0,0,0,0,0,0,0.00211,0,0,0,0,0,0,0,0,0,0,0,0,0,0,0,0,0,0,0,0,0,0,0,0,0,0,0,0,0,0,0,0,0,0,0,0,0,0,0,0,0,0.01028,0,0,0,0,0,0,0,0,0,0,0,0,0,0,0,0.01125,0,0,0,0,0,0,0,0,0.17335,0,0,0,0,0,0,0,0,0,0,0,0.11603,0,0,0,0,0,0,0.28056,0,4.59325,0,0,0,0,0,0,0,0.00065,0,0,0,0,0,0,0.00408,0,0,0,0,0,0,0,0,0,0,0.00156,0,0,0,0,0,0,0,0,0,0,0,0,0,0,0,0,0,0,0,0,0,0,0,0,0.27718,0,0,0,0,0,0,0,0,0,0,1.95722,0,0,0,0,0,0,0,0.00149,0,0,0,0,0,0,0,0,0,0,0.00799,0,0,0,0,0,0,0.00234,0,0,0,0,0.05871,0,0.00819,0,0,0,0,0,0,0,0,0,0,0,0,0,0,0,0,0,0,0,0,0,0,0,0,0,0.03085,0,0,0,0,0,0,0,0,0,0,0,0,0,0,0,0,0,0,0.19362,0,0,0,0,0,0,0,0,0,0,0.01747,0,0,0,0,0,0,0,0,0,0,0,0,0,0,6.09877,0,0,0,0,0,0,0,0,0,0,0,0,0,0,0,0,0,0,0,0,0,0,0,0,0,0,0,0,0,0,0,0,0,0,0,0,0,0,0,0,0,0,0,0,0,0,0,0,0,0,0,0,0,0,0,0,0,0,0,0,0,0,0,0,0,0,0,0,0.00408,0,0,0,0,0,0,0,1.53513,0,0,0,0,0,0,0,0,0,0,0,0,0,0,0,0,0,0,0,0,0,0,0,0.00016,0,0,0.00638,0.0029,0,0,0.00248,0,0.00331,0,0.01838,0,0,0.03167,0,0,0,0,0.08248,0,0,0,0.00258,0,0,0,0,0,0,0,0.00036,0,0,0,0,0,0,0.00315,0,0.10738,0,0.10224,0.09491,0.00379,3.1383,0,0,0,0.00108,0.01211,0,0,0,0
"A017",0,0,0,0,0,0,0,0,0,0,0,0,0,0,0,0,0,0,0,0,0,0,0,0,0.00144,0,0,0.03727,0,0.06986,0,0.01825,0,0.44743,0.17948,0,0,0,0,0.00019,0,0,0,0,0,0,0,1.53199,0,0.00132,0,0,0,0,0,0,0,1.15151,0,0,0,0,0,0,0,0,0.51926,0,0,0,0.29254,0.17077,0,1.06461,0,0,0,0,0,0,0,0,1.34515,2.78362,6.38662,20.1039,0.00188,0.25286,0.4764,0,0,0,0.3439,0.38605,0,0,0,0.01949,0,0,0.03927,0,0,0.0031,0,0.00476,0,0,0.00149,0.0357,0,0,0,0,0,0,0,0,0,0,0,0,0,0,0,0,0,0,0,0,0,0.00013,0,0,0,0,0.00907,0,0,0.00744,0,0,0,0,0,0,0,0,0,0,0,0,0,0,0.24343,0,0,0,0,0,0,0,0,0,0,0,0,0,0,0,0,0,0,0,0,0,0,0,0,0,0,0,0,0,0,0,0,0,0,0,0,0,0,0,0,0,0,0,0.02162,0,0,0,0,0,0,0,0.07968,0.11983,0,0,0,0,0,0,0,0,0,0.03915,0,0,0,0,0,0,0.02417,0.01958,0,0,0.02194,0,0,0.0031,0,0,0,0,0,0,0,0,0,0,0,0,0,0,0,0,0,0.00603,0,0,0.69476,0.15674,0,0,0.02602,7.05108,0,0,0,0,0,0,0.02869,0,2.9046,0,0,0,0,0,0,0,0.32693,5.56808,0,0,0,0,0,0.0971,0.00625,0.00269,0.00489,0,0.0026,0,0,0,0,0,0,0,0,0,0,0,0,0,0.0173,0,0,0,0,0.31979,0,0,0.04389,0,0.00514,0.01654,0.26531,0,0,0,0,0,0,0,0,0,0.1261,0,0,0.00057,0,0,0,0,0.01562,0,0,0,0,0.00388,0,0,0.00258,0,0,0,0,0,0,0,0,0,0,0,0,0,0,0,0,0,0,0,0,0,0,0,0,0,0,0,0,0,0,0,0,0,0,0,0,0,0,0,0.03881,0,0,0,0,0,0,0,0,0,0,0,0,0,0,0,0,0,0,0,0,0,0,0,0,0,0,0.87681,0,0,0,0,0.17369,0,0,0,0,1.18651,0,0,0,0.1801,0,0,0.00872,0.00019,0,0,0,0,0,0,0,0,0,2.70668,0,0,0,0,0,0,0,37.18152,0,0,0,0,0,0,0,0,0,0,0,0,0,0,0,0,0,0,0,0,0,0,0.00695,0,0,0,0,0,0,0,0,0.0027,0.04345,0.04067,0,0,0,0,0,2e-04,0,0,4e-04,0,0,0.00657,0,0.65142,0,0,0,0,0.00334,0,0,0,0,0,0,0,0,0,0.15741,0.00926,0,0,0,0,0,0,0,0,0,0,0,0.00958,0,0,0,0,0,0,0,0,0,0,0,0,0,0,0,0,0,0.11528,0,0,0,0,0,0,0,0,0,0,0,0.32283,0.09167,0,0,0,0.13418,0,0,0,0,0.09701,0,0,0,0.00159,0,0,0,0,0,0,0,0,0
"A128",0,0,0,0,0,0,0,0,0,0,0,0,0,0,0.00353,0,0,0,0,0,0,0,0,0,0.42135,0,0,0.03753,1.32518,0.09896,0,0.33595,0,0,0.02403,0,0,0,0,0.0247,0,0,0,0,0,0,0,0.27874,0,0,0.01145,0,0,0,0,0,0,0.38458,0,0,0,0,0.02972,0.1052,0.00012,0,0.12353,0,0,0.09487,0.02526,0,0,0.0861,0.25283,0,0,0,0,0,0,0,0,0.17293,3.52912,0.81874,0.09278,0.41711,0.9041,0,0,0,0,0.01669,0.00776,0,0,0.01225,0,0.07111,0.00234,0,0,0.01646,0,0.0054,0,0,0,0,0,0,0,0,0,0,0,0,0,0,0,0,0,0,0,0,0,0,0,0,0,0,0,0,0,0,0,0,0,0,0,0.00039,0,0,0,0.00535,0,0,0,0,0,0,0,0,0.00426,0,0,0.03312,0,0.24996,2.48966,0.17962,0.02933,0.01126,0,0.15173,0,0.0258,0.91638,0,0,0.00063,0,0,0,0.98536,0,0,0,2.58452,0,0,0.0012,0,0,0,0,2.82682,0,2.81311,0,0,0.05098,0,0.02754,4.16247,0,0,0.59,0,0,0,0,0.00692,0.00072,0,0.10053,1.32926,5.80181,0,0,0,0,0,0,0,0,0.14083,0,0,0,0,0,0,0.58463,0.99314,0,0.00101,0,0,0,0.04987,0,0,0,0,0,0,0,0,0,0,0,0,0,0,0,0,0,0.03509,0,0,0.33983,0.35714,0,0,0.0356,11.07259,0,0.02556,0.02075,0,0.16748,0.08535,5.36892,0.09128,2.14818,0.02193,0,0.03358,0,0,0,0,0.04707,4.45858,0.7006,0.03248,0,0,0,0.0756,0.00736,0.01979,0.12578,0.11304,0,0.23328,1.19049,0,0,0.03261,1.52948,0,0,0,0.00596,0,0,1.6202,0.12576,0,0,0.01664,0,0.30863,0,0,0.02072,0,9e-04,0.02964,0.10276,0,0,0,0,0,0,0,0,0,0.12564,0,0,0.01696,0,0,0,0,0,0,0,0,0,0.06908,0,0.05351,0,0,0,0,0,0,0,0,0,0,0,0,0.01354,0,0,0.00117,0.00369,0,0,0,0,0,0,0,0,0,0,0,0,0,0,0,0,0,0,0,0,0,0,0,0,0,0,0,0,0,0,0.01297,0.02338,0,0,0,0,0.01871,0,2.3779,0,0,0,0,0,0,0,0,0,0,0,0.27114,0,0,0,0,0.33776,0,0.02139,0,0,0.13061,0,0,0,0.95112,0,0,0,0,0.02004,0,0,0.00266,0,0.00365,0.00832,0,0,1.37141,0.002,0,0,0.00141,0.00193,0,0,6.31253,0,0.01695,0,0,0,0.31544,0,0,0,0,0,0,0.57512,0,0,0,0,0.00552,0,0.02523,0,0,0,0,0,0,0,0,0,0.01395,3.52361,0.82712,0.82567,6.61846,0,0,0,0,0,0.04391,0,0,0,0,0,0,0,0.21524,0,0,0,1.347,0.32013,0.19571,0.47483,0.01514,0,0,0,0,0,0.03761,4.00446,0.21296,0,0,0,0.00704,0,0.0124,0,0,0,0,0.00596,0,0,0,0,0,0,0.00127,0,0,0.00436,4e-04,0,0,0.0433,0,0,0,0,0.10869,0,0,0,0,0,0,0,0,0,0,0,0.253,0.15097,0,0.00576,0,0,0,0.02409,0,0,0.12744,0,0.00105,0,0.0018,0,0,0.00505,0.00154,0,0,0,0,0
"A126",0,0,0,0,0,0.00233,0,0,0,0.00452,0.00043,0,0.00131,0,0.01772,0.00618,0,0,0,0,0,0,0,0,0.24356,0,0,0.63882,0.71269,0,0,0.26701,0,0.10225,0.00375,0,0,0,0,0.00645,0,0,0,0.00148,0,0,0,0.85493,0,0,0.15517,0,0,0,0,0,0,0.04536,0.1523,0,0,0,0,0,0,0,0,0.00497,0,0.11951,0,0,0,0.01381,0,0,0,0,0,0,0,0,0.00174,0.10649,0.77158,0.02949,0.01281,8e-04,0,0,0,0.00303,0,0,0.02577,0,0,0.32459,0,0.0479,0.0641,0,0,0.16751,0,4e-04,0,0,0.00189,0.00778,0,0,0,0,0,0,0,0,0.00702,0,0.01525,0,0,0,0,0,0,0.01726,0,0,0,0.00016,0,0,0,0,0,0,0,0.00114,0,0.00047,0,0.00102,0,0.09846,0,0,0,0,0,0,0,0,0.00997,0,0,3.86817,0,0.3075,0.884,0.00204,0.11145,0,0,0,0,0,0,0,0,0.00155,0,0,0,0,0,0,0,0,0,0,0,0,0,0,0,0,0,0,0,0,0,0,0,0,0,0,1.19279,0,0.27657,0,0,0,0,0,0.33515,0.44408,0,0,0,0,0,0,0.20816,0,0,1.82366,0,0,0,0,0,0,0.89516,1.51334,0,0.12547,0.00423,0,0,0.16466,0,0,0,0,0,0,0,0,0,0,0,0,0.00509,0,0,0.00243,0,0.01492,0,0,0.44643,8.14569,0,0,0.07594,20.50422,0,0,0,0,0,0.44776,0.00125,0,1.78087,0,0,0.04887,0,0.79289,0,0.00178,1.1657,6.64819,0.38297,0.06479,0,0,0,0.0486,0.12883,0.04752,0.48901,0.25439,0.35742,0.54229,2.03948,0,0,0.93933,1.46464,0,0.00043,0.10394,0.05982,0.02124,0.06698,12.5672,0.09104,0,0,0.07644,0,0.03924,0,0.01483,0.13776,0,0.01447,0.00435,0.77472,0,0,0,0,0,0,0,0,0,0.19134,0,0,0.18664,0,0.00019,0,0,0,0,0,0.01006,0.59407,0.00696,0,0.05498,0.00022,0,0,0,0,0,0,0,0,0,0,0,0.26163,0,0,0.01023,0.02099,0,0,0,0,0,0,0,0,0,0,0,0.00206,0,0,0,0.02437,0,0,0,0,0,0,0,0,0,0,0,0,0,0,0.03624,0,0,0,0,0,0,0.00029,0,0,0,0.05671,0.00096,0,0,0,0,0,0,0,0.0039,0.00374,0,0,0,0.08488,0,0.14335,0,0,0.06453,0.00121,0,0,0.18433,0,0,0.01327,0,0,0,0,0,0,0,0,0,0,0.45071,0,0,0,0,0,0,0,1.08923,0,0,0,0,0,0.0667,0.11623,0,0,0,0,1.12245,0,0,0,0.09363,0,0,0,0,0,0,0,0,0,0,0,0,0,0.01537,1.41398,1.92463,0.00199,1.1407,0,0,0,0,0,0.1927,0,0,0.00017,0,0,0.71076,0.13118,5.04656,0.04664,0,0,0,0.06711,1.73121,0.01048,0,0,0,0.45768,2.15252,0.02367,0,0.43048,0.14618,0,0,0,0.00596,0,0.06813,0,0,0,0,0,0,0,0.00548,0.00154,0,0,0,0,0,0,0,0,0,0.05965,0,0,0,0,0.09546,0,0,0,0,0,0,0,0,0,0.0012,0,0.73075,0.22014,0,0,0,0.0061,0,0.00723,0,0,0.21532,0,0,0,0,0,0,0,0,0,0,0,0,0
"A123",0,0,0.02681,0,0.0101,0,0,0.00143,0.00189,0.01045,0.00636,0.00936,0,0,0.02026,0.00285,0,0.00095,0.00393,0.00038,0,0,0,0,0.84804,0,0.00075,0,0.01524,0,0,0,0,0,0,0,0,0,0,0,0,0,0,0,0,0,0,6.50672,0,0,0,0,0,0,0,0,0,0.2751,0,0,0,0,0,0,0,0,0,0,0.0122,0,0,0,0,0.34119,0,0,0,0,0,0,0,0,0,0.00311,0.20774,1.16224,0.0053,0,20.7292,0,0,0,6.25424,0,0.00664,0.00406,0,0.11073,0,0.09748,0.2296,0,0.03272,0,0.00033,0.03397,0.00195,0,0,0,0,0,0,0,0,0,0,9e-04,0,0,0,0,0,0,0,0,0,0,0,0,0,0.00226,0,0,0,0,0,0,0,0,0,0.02802,0,0.00258,0,0,0,0,0,0.00039,0,0,0,0,0,0,0,0,0,0,2.15694,0.0036,0,0,0,0,0,0,0,0,0,0,0,0,0,0,0,0,0,0,0,0,0,0,0,0,0,0,0,0,0,0,0,0,0,0,0.00311,0,2.29458,0,0,0,0,0,0,0,0,0,0,0,0,0.00651,0,0,0,0,0,0,0,0,0.0013,17.26993,0,0,1.07723,0.31755,0,0,0.09783,0,0,0,0,0,0,0,0,0.01725,0.02884,0,0,0,0,0,0.03424,0,0,0.00278,0,0.12175,0,0,0,11.72871,0.00123,0,0,6.82722,0,0,0,0,0,0,0,0,0,0,0,0.00283,0,0,0,0.00351,0.0252,0.83791,0,0,0,0,0,0,0,0,0,0,0,0,0,0,0,0,0,0,0,0,0,0,0,0,0.11826,0.00018,0,0,0,0,0.03303,0,0,0,0,0.01466,0,0,0,0,0,0,0,0.00061,0,0.00617,0.08011,0,0,0,0,0,0,0,0.64785,0,0,0,0,0,0,0.07555,0,0,0.03203,0.00827,0,0,0,0,0,0,0,0,0.37866,0,0,0,0,0,0,0,0,0,0,0,0,0.20822,0,0,0,0,0,0.00454,0,0,0,0,0.01045,0.01888,0,0,0,0,0,0,0,0.03465,0,0,0,0,0,0,0,0,0,0,0,0,0,0.00132,0,0,0,0,0,0,0,0,0,0,0,0,0,0,0,0,0,0.342,0,0,0,0,0,0,0,0,0.11908,0,0,0,0,0,0,0.00143,0,0,0,0,0,0,0,0,0,0.00024,0,0,0,0,0,0,0,0,0,0,0,0,0,0,0,0,0,0,0,4.37896,0,0,0,0,0,0,0,0.00578,0.00834,0.00729,0.14208,0.01555,0,0.67715,0,0,0,0,0,0,0,0.01143,0.07543,0,0,0,0,3.87469,0,0,0.40892,0.66717,0.00804,0,0.00086,0,0,0,0,0,0,0,0.94049,0,0,0,0,0,0.06888,0,0,0,0,0,0,0,0,0.01694,0.03667,0.0011,0,0.00685,0,0.03165,0,0.00323,0,0.00904,0.07178,0,0,0,0,3.4265,0.01663,0,0,0,0,0,0,0,0,0.03175,0,1.88207,0,0,0,0,0,0,0.1292,0,0,0,0.00521,0.06226,0.00499,0.95955,0,0,0,0.00132,0.00845,0,0,0,0
"A121",0,0,0,0,0,0.0046,0,0,0,0.00406,0.00785,0,0,0,0.03083,0.00191,0,0,0,0,0,0,0,0.0042,0.26111,0.01147,0.01047,0.00451,0.04786,0.1163,0.00555,0.20052,0.0037,12.0049,0.02541,10.08296,0,0,0,0.00401,0,0,0,0,0,0,0,0.8049,0,0.00077,0.0714,0,0,0,0,0,0,1.60633,0.01161,0.00353,1.8112,4.03993,0.04122,0.01099,0,0,0.13256,0,0,0,0.39978,0,0,0.00917,3.4294,0,0,0,0,0,0,0,3.64761,0.07519,0.31753,3.04943,0.09965,1.56477,0.19262,1.13405,0,0,0.03513,0,0.00326,0,0,0.34659,0,0.00235,0,0,0,0.04216,0,0.00533,0,0,0,0.28528,0,0,0,0,0,0.00844,0,0,0,0,0,0,0,0,0,0,0,0.00072,0,0,0,0.00085,0,0,0,0,0,0,0,0,0,0,0,0,0,0.03482,0,0,0,0,0,0,0,0,0.04053,0,0,0,0,0,1.03726,0,0,0.0037,0.31955,0,0,0,0,0,0,0,0,0,0.10609,0,0,0,0,0,0,0,0,0,0,0,0.02866,0,0,0,0,0,0,0,0,0,0,0,0.51103,0,0,0.29697,0,0,0.01213,0,0.05694,0.86851,0,0,0,0.00224,0,0,0,0,0,0,0,0,0,3.18143,0,0,0.68536,0.64681,0,0,0,0,0,0.0019,0,0.00114,0,0,0,0,0,0,0,0,0,0,0,0,0,0,0,1.12498,0,0,0.2939,0.32826,0.00238,0,0.34938,8.18181,0,0,0,0,0,0.0062,1.69566,0,0,0,0,0,0,0,0,0.02182,0.00773,6.23233,0.00847,0,0.00898,0,0,0.01996,0.04553,0.13625,1.34947,0,0.15175,0,0,0,0,0,0,0,0,0,0,0,0,0.00392,0.01397,0,0,0,0,0,0,0,0.16515,0,0,0.02239,0.51448,0,0.02479,0.13534,0,0,0,0.00037,0.00681,0.01094,0.05998,0,0,0,0,0,0,0,0.53502,0,0.00045,0,0,0.00686,0,0,0,0,0,0,0,0,0,0,0,0,0,0,0,0,0,0,0,0.00125,0,0,0,0,0,0,0,0,0,0,0,0,0,0,0,0,0,0,0,0,0,0,0,0,0,0,0,0,0,0,0.61706,0,0.25702,0,0,0,0,0.25436,0,0,0.06937,0.00743,0,0,0,0,0,0,0,0.89014,0,0,0.0037,0.00458,1.22058,0.03645,0.01976,0,0.00061,0.59303,0.00082,0,0,0.59437,0.04505,0,0.08362,0.00515,0,0,0,0,0,0,0,0.00321,0.22073,0,0,0,0,0,0,0,0,12.81916,0,0,0,0,0,0,0,0.19398,0,0.37336,0,0,0,0.1986,0,0,0,0,0,0,0,0,0,0,0,0.08648,0.00094,0,0,0,0.1321,0.28976,0.59695,1.70047,0,0,0,0,0,0,0.00377,0,0.02145,0,0,0.33159,0.01705,0.03127,0.03249,0,0.34872,0,0.00979,0.48103,0,0,0,0,0,0,0,0,0.87487,0.01385,0,0,0,0,0,0,0,0,0,0,0.00674,0,0,0.00422,0.00464,0,0,0,0,0.00184,0,0.00297,4e-04,0.00241,0.00725,0,0,0,0,0.11551,0.01495,0.00268,0,0.00518,0,0,0,0,0,0.07553,0,0.1859,0.23053,0.00095,0,0,0,0,0,0,0,0.41499,0.00237,0.0024,0.00895,0.04222,0,0.00229,0,0.00208,0.06069,0,0,0,0
"A118",0,0,0,0.11571,0,0,0,0,0,0,0,0,0,0,0.00044,0,0,0,0,0,0,0,0,0.00196,0.04982,0,0,0,4.82643,0,0,0.69251,0,10.90284,0.08084,0,0,0,0,0.03948,0,0,0,0,0,0,0,0.08027,0,0,0.0505,0,0,0,0,0,0,0.82029,1.328,0,0,0,0,0.01705,0,0.48824,0.00351,0,0,0.00261,0,0.00334,0,1.53705,1.50467,0,0,0,0,0,0,0,1.0518,0.59233,5.877,4.73607,0.18161,0.93695,1.23219,1.29421,0,0,0.57411,0,0.30287,0,0,0.73441,0,0.00439,0,0,0,0.09286,0,0.00456,0,0.00742,0.00043,0.21933,0,0,0,0,0,0,0,0,0,0.12472,0,0,0,0,0,0,0,0,0,0,0,0.00733,0,0,0,0,0,0,0,0,0,0.00127,0,0.0195,0,0.10041,0,0,0,0,0,0,0,0,0.00594,0,0,0,0,0.2559,2.15255,0.01563,0,0,0,0,0,0,0,0,0,0,0,1.67469,0,0,0,0,0,0,0,0,0,0,0,0,0,0,0,0,0,0,0,0,0,0,0,0,0.26192,0,0,0,0,0,0.12474,0,0.04932,0.35454,0,0,0,0,0,0,0.00152,0,0,0,0,0,0,0.18457,0,0,0.26678,0.86627,0,0,0,0,0,0,0,0,0,0,0,0,0,0,0,0,0,0,0.00204,0,0,0,0.00682,0.83432,0.00115,0,0.03729,0.55212,0,0,0.05728,1.03665,0,0.00082,0,0,0,0.54205,0,0,0,0,0,0.09462,0,0,0,0,0.47881,9.11037,0,0,0,0,0,0.08594,0.00014,0.03758,0.80429,0,0,0,0,0,0,0,0,0,0,0,0,0,0,0,0.01471,0,0,0,0,0.01645,0,0,0.8312,0,0,0.0089,0.89944,0,0,0,0,0,0,0,0,0,0.40235,0,0,0,0,0,0,0,0.00127,0,0,0,0,0.00578,0,0,0.00469,0,0,0,0.56778,0.04349,0.07711,0,0,0,0,0,0.06099,0,0,0,0,0,0,0,0,0,0,0,0,0,0,0,0,0,0,0,0,0,0,0,0,0,0,0,0,0,0.00221,0.00759,0,0.00279,0,0,0.01588,0,0.13697,0,0,0,0,0,0,0,0.61792,0,0,0,0,0,0,0,0,1.64974,0,0,0,0,0.25729,0,0.0263,0,0,0.65111,0,0.02391,0,2.16034,0,0,0,0,0.03542,0,0,0,0,0,0,0,0,1.44459,0.00317,0,0,0,0,0,0,0.0027,0,0,0,0,0,0,0,0,0,0,0,3.34631,19.04493,0,0,0,0,0,0,0,0,0,0,0,0,0,0,0,0,0.00442,0.12736,1.27733,0,1.3526,0,0,0,0,0.00565,0.10316,0,0,0.01139,0,0,0,0,0.12571,0,0,0,0,0.01142,0,0.02119,0,0,0,0,0,0,0,1.2198,0.04117,0,0,0,0,0,0,0,0,0,0,0,0,0,0.00295,0,0,0,0,0.03415,0,0,0.00165,0,0,0,0,0,0,0,0.11151,0,0,0,0.00154,0,0,0,0,0,0.11188,0.00038,2.23765,0.08342,0,0,0,0.11104,0,0.02701,0,0,0.06891,0,0,0,0,0,0,0,0,0,0,0,0,0.0054
"A116",0,0,0,0,0.003,0,0,0,0,0.00086,0,0,0,0,0.00275,0.00177,0,0,0,0,0,0,0,0.01392,0.1272,0,0,0,0.14152,4.56672,0,1.54733,0,8.93093,0.29857,0,0,0,0,0.05434,0,0,0,0,0.01904,0,0,0.38666,0,0,0.02208,0,0,0,0,0,0,0.12581,0.01488,0,0.97147,0,0,0.16218,0,0,0,0.0061,0,1.37813,0,9e-05,0,0.35684,1.17261,0,0,0,0,0,0,0,0.77622,0,0.89772,1.86732,0.01475,1.27522,4.25803,0,0,0,0.76344,0,0.33538,0,0,0.20005,0,0.13659,0,0,0,0.02739,0,0,0,0.00369,0.00081,0.04131,0,0,0,0,0,0,0,0,0,0.00618,0,0,0,0,0,0,0,0.11921,0.17659,0,0,0.00068,0,0,0,0,0,0,0,0,0,0.00057,0,0.00038,0,0.02917,0.00201,0,0,0.06887,0,0.00638,0,0,0.01425,0,0,0.56916,0,0,4.78572,0,2.08185,0,0,0,0,0,0,0,0.00157,0,0,0.09969,0,0,0,0,0,0,0,0,0,0,0,0,0,0,0,0,0,0,0,0,0,0,0,0,2.83088,0,0,0,0,0.00095,0.1414,0,0.05339,0.95467,0.83376,0,0,0,0,0,0.04702,0,0.0047,0,0,0,0,0,0,0,0.60681,2.40303,0,0,0,0,0,0.25103,0,0,0,0,0.06081,0,0,0,0,0,0,0,0.0151,0,0,0,0,1.12121,0,0,0.05058,1.01941,0,0,0.01553,5.71812,0,0,0.05525,0,0,0.00986,0,0,0,0,0,0.0846,0,0,0,0,0.0664,5.65712,0.27601,0.01552,0,0,0,0.04565,0,0.00659,6.35132,0.3191,0,1.00399,0.51211,0,0,0,0.68426,0,0,0,0.00048,0,0.39858,1.46903,0.0267,0,0,0,0,0.03608,0,0,0.10269,0,0.01139,0,0.48461,0,0,0,0,0,0,0,0,0.0106,0.05968,0,0,0.01207,0,0,0,0,0.00745,0,0,0,0.00473,0.02093,0,0.08557,0,0.01596,0,0,0.54428,0.03332,0.13203,0,0,0,0,0,0,0.00855,0,0,0.00069,0,0,0,0,0,0,0,0,0,0,0,0,0,0,0,0,0,0,0,0,0,0,0,0.00141,0,0,0,0,0,0,0,0,0,0,0,0,0,0,3.59033,0.23943,0,0,0,0,0,0,0,0,0,0,0.80335,0,0,0,0,0.464,0.00562,0.12551,0,0,0.16094,0.00034,0,0,0.55718,0.73755,0,0,0.11276,0.04985,0,0,0,0,0,0,0,0,0,0,0,0,0,0,0,0,4.61747,0,0,0,0,0,0,0,0,0,0,0,0,0.25977,2.16701,0,0,0,0,0,0.16004,0,0.0011,0,0,0,0,0,0,0,0.00417,0.6192,2.16545,0,0.19619,0,0,0,0,0,0.00032,0,0,0.00308,0,0,0,0.0467,0.12729,0.00834,0,0.00371,0,0.00333,6.28523,0,0,0,0,0,0,0,0,1.43061,0.2408,0,0,0.00764,0,0,0.03388,0,0,0,0,0,0,0,0,0,0,0,0,0,0.00541,0,0.0891,0,0.01628,0.00437,0,0,0,0,0.51244,0,0,0,0.00318,0,0,0,0,0,0,0.00899,0.37707,0.06574,0,0,0,0,0,0.07794,0,0,0.06166,0,0,0,0.00157,0,0,0,0,0,0,0,0,0
"A115",0,0,0,0,0,0,0,0,0,0,0,0,0,0,0,0,0,0,0,0,0,0,0,1e-04,0.04111,0,0,0,0.91091,0.50795,0,0,0,3.939,0.11346,0,0,0,0,0,0,0,0,0,0.03759,0,0,0.1821,0,0,0.05442,0,0,0,0,0,0,1.44243,0,0.01546,0.73014,0,0.2137,0.05926,0,0,0.01211,0,0,0,0.32193,0.00152,0,0.86494,0.70541,0.20791,0,0,0,0,0,0,0.66848,0.40873,7.94169,0.79613,0,0,0,0,0,0,0,0,0.08035,0,0,0.21174,0,0.11617,0.07096,0,0,0.15261,0,0.00064,0,0,0,0.10575,0,0,0,0,0,0,0,0,0,0,0.01025,0,0,0,0,0,0,0.00776,0,0,0,6e-04,0,0,0,0,0,0,0,0.00018,0,0,0,0,0,0.08372,0,0,0,0,0,0,0,0,0.08181,0.02146,0.00028,0.02796,0,0,0.38627,0,0,0,0.26463,0,0,0,0,0.1141,0,0,0,0,0,0,0,0,0,0,0,0,0,0,0,0,0.12411,0,0,0,0,0,0.40166,0,0,0,0,0,0.12125,0,0,0,0,0,0.3399,0,0.40612,0.67156,0,0,0,0,0,0,0,0,0,0,0,0,0,0,0,0,0.56767,0.3672,0,0.00401,0.01829,0,0,0,0,0,0,0,0.00239,0,0,0,0,0,0,0,0,0,0,0,0,0.07005,0,0,2.73509,0.00327,0,0,0.57257,20.21106,0,0,0,0,1.03001,0,0,0.16089,0,0,0.15086,0.00372,0,0,0,0,0.54883,12.21259,0.65928,0.05283,0,0,0,0.08733,0.05205,0.10026,0.47672,0,0.18043,0.52587,0.16759,0,0,0,1.86872,0,0,0,0,0,0,0,0.2553,0,0,0,0,0.49897,0,0,1.7307,0,0.01075,0.02108,2.54804,0,0,0,0,0,0,0,0,0.00629,0.15457,0,0,0.0876,0,0,0,0,0,0,0,0.00161,0,0,0.00166,0,0.00037,0,0,0,0.09743,0.0066,0.01823,0,0,0,0,0,0.579,0,0,0,0.00814,0,0,0,0,0,0,0,0,0,0,0,0,0,0,0,0,0,0,0,0,0,0,0,0.00253,0,0,0,0,0,0,0,0.41516,0,0,0,0,0,0,0,0,0,0,0,0,0,0,0,0,0,0,1.08332,0,0,0,0,0.39328,0,0,0.07712,0,1.56734,0,0.00098,0.14274,0.20997,0,0,0.19936,0.01297,0.00025,0,0,0,0,0,0,0,1.76373,0,0,0,0,0,0,0,0,8.92149,0,0,0,0,0.09482,0,0,0,0,0,0.00549,0,0,0,0,0,0.96793,0,0,0.07238,0,0,0,0,0,0,0,0.00294,0,0.00394,1.29764,2.94202,0.00714,1.95325,0.04236,0.00338,0,0,0,0.00082,0,0,0,0,0,0.4943,0,0.98563,0,0,0.02479,0,0.0285,0,0.32399,0,0,0,0,0,0,0,1.11372,0.19843,0,0,0,0,0,0,0,0,0,0,0,0,0,0,0,0,0,0,0,0.0056,0,0.00294,0,0,0,0,0,0,0,1.04088,0,0,0,0.00396,0,0,0,0,0,0,0,0.41614,0.06163,0,0,0,0,0,0,0,0,0.2809,0,0,0,0,0,0,0,0,0,0,0,0,0
"A113",0,0,0,0,0,0.00164,0,0,0,0,0.00047,0,0,0,0.01728,0.00251,0,0,0,0,0,0,4e-04,0,0.11373,0,0,0,0.27518,0.00329,0,0.28648,0,0.86801,0.01882,0,0,0,0,0,0,0,0,0,0.00702,0,0.00354,1.11284,0,0,0,0,0,0,0,0,0,0.05738,0,0,2.35885,0,0.22271,0,0,0,0.08706,0.01102,0,0,0,0,0,0.63927,1.44615,0,0,0,0,0,0,0,0.64377,0.00573,1.14458,0.24463,0.01929,0.44325,41.75021,1.96657,0,0,4.37718,3.55476,0.03759,0,0,0,0.01196,0,0,0,0.13958,0,0,0.07821,0,0,0,0,0,0,0,0,0,0,0,0,0.00428,0,0,0,0,0,0,0,0,0,0,0,0,0,0,0,0,0,0,0,0,0,0,0,0,0.00499,0,0.01701,0,0,0,0,0,0,0,0,0.00036,0,0,0,0,0,0,0,0,0,0,0,0,0,0,0,0,0,0.05161,0,0,0,0,0,0,0,0,0,0,0,0,0,0,0,0,0,0,0,0,0,0,0,0,0,8.68806,0.00222,0,0,0,0,0,0.00361,0,0,0,0,0,0,0,0,0,0,0,0,0,0,0,3.54403,0,0,0.97263,0.50912,0.03062,0.00768,0.39111,0,0,0,0,0,0,0,0.00171,0,0,0,0,0,0,0,0,0,0,0.02999,0.05966,0.00319,0,0,0.0287,0.61561,0,0.00397,0,7.58485,0,0,0,0,0,0,0,0.02932,0,0,0.41762,0,0,0,0,0,0.17481,2.13228,0,0,0,0,0,0,0.08144,0.00123,0,0,0.18988,0,0,0,0,0,0,0,0,0,0,0,0,0,0.18545,0,0,0,0,0,0,0,0.92506,0,0,0.02863,1.48398,0,0,0,0,0,0,0,0,0.00219,0.08431,0,0,0,0,0,0,0,0.00924,0,0,0,0,0,0,0,0,0.01125,0,0,0,0,0,0,0,0,0,0,0,0,0,0.03225,0,0,0,0,0,0,0,0.00228,0,0,0,0,0,0,0,0,0,0.04208,0,0,0,0,0,0,0,0,0,0.00208,0,0,0,0,0,0,0.04574,0,0,0,0,0,0,0,0.49024,0.00357,0,0,0,0,0,0,0,0.01094,0,0,0,0,0,0,0.041,0,0,0.2115,0,0,0,0.53348,0,0,0,0,0.03898,0,0,0,0,0,0,0,0,0,0,0,0,0,0,0,0,0,0,0,0,0,0,0,0,0,0,0,0,0,0,0,0,0,0,0,0.00419,0.19612,0,0,0,0,0,0.00047,0,0,0,0.00401,0.1718,0.20814,0.62819,0.24814,0,0,0,0,0,0,0,0.0097,0.01652,0,0,0.42033,0,4.36018,0,0,0.03465,0,0,0,0,0,0,0,0,0,0,0,0.12839,0.21055,6e-04,0,0,0,0,0,0,0,0,0,0,0,0,0,0.00334,0,0,0,0,0.00113,0,0.0043,0.00711,0.00336,0.00919,0,0,0,0,0.56596,0.00475,0,0,0.00194,0,0,0,0,0,0,0.0037,1.00139,0,0,0,0,0,0,0,0,0,0.0138,0.00981,0.00464,0.00195,0.00482,0,0,0,0,0,0,0,0,0
"A016",0,0,0,0,0,0,0,0,0,0,0,0,0,0,0.00512,0,0,0,0,0,0,0,0,0,0.37624,0,0,0,2.6867,0,0,2.58816,0,2.48768,0.77686,0,0,0,0,0,0,0,0,0,0,0,0,0.44286,0,0,0.03228,0,0,0,0,0.00289,0,0.9622,0,0,0.21984,0,0,0,0,0,0.00044,0,0,3.45061,0,0.00106,0,0.58907,0,1.04755,0,0,0,0,0,0,0,0.1441,45.15428,8.62686,0.27509,0.39664,0.00665,0,0,0,0.05927,0.16963,0.00246,0,0,0.33317,0,0.09017,0.23753,0,0,0.04461,0,0.00275,0,0,0,0.036,0,0,0,0,0,0,0,0,0,0,0,0,0,0,0,0,0,0,0,0,0,0,0,0,0,0,0.00111,0,0,0,0,0,0,0,0,0,0,0,0,0,0,0,0,0.0241,0.02013,0.01489,0.00222,0,0,0,1.88269,0,0,0,0,0,0,0,0,0,0,0,0,0,0,0,0,0,0,0,0,0,0,0,0,0,0,0,0,0,0,0,0.77318,0,0,0,0,0,0.05202,0,0,0,0,0,0.0963,0.05834,0.12156,0.54232,0,0,0,0,0,0,0,0,0,0,0,0,0,0,0,0,0.06938,0.02065,0,0.00108,0.0057,0,0,0,0,0,0,0,0,0,0,0,0,0,0,0,0,0,0,0,0,0,0,0,0.81922,1.8338,0,0,0.00152,0.42316,0,0.012,0,0,0,0,0,0,0.20755,0,0.03696,0,0.07042,0,0,0,3.52361,2.66602,0.10646,0.00437,0,0,0,0.0905,0,0,0.30428,0,0,0,0,0,0,0,0,0,0,0,0,0,0,0,0.11727,0,0,0,0,0.55357,0,0.00409,0.68779,0,0.00202,0.03237,0.34319,0,0,0,0,0,0,0,0,0,0.14522,0,0,0.0208,0,0,0,0,0,0.00028,0,0,0,0,0.00655,0,0.01127,0,0,0,0.57187,0.05065,0.19863,0,0,0,0,0,0,0,0,0.01663,0.00237,0,0,0,0,0,0,0,0,0,0,0,0,0,0,0,0,0,0,0,0,0,0,0,0.00016,0,0,0,0,0,0,0,0.0259,0,0,0,0,0,0,0,0,0,0,0,0,0,0,0,0,0,0,0.37765,0,0,0,0,0,0,0.00661,0,0,1.40028,0,0,0.01128,0.15173,0,0,0,0,0,0,0,0,0,0,0,0,0.15426,0,0,0,0,0,0,0,0,0,0,0,0,0,0,0,0,0,0,0,0,0,0,0,0,0,0,0,0,0,0,0,0,0,0,0,0,0,0,0,1.31378,2.56623,1.28339,0.90068,0,0,0,0.16244,0,0.01039,0,0,0,0,0,0,0.13088,0.83135,0,0,0,0.24514,0.11912,0,0.73946,0,0,0,0,0,0,0,0.53556,0.01316,0,0,0,0,0,0,0,0,0,0,0,0.00997,0,0,0,0,0,0,0,0,0,0,0,0,0.01572,0,0,0,0,0.20484,0,0,0,0.00183,0,0,0,0,0,0,0,0.68603,0.10069,0,0,0,0,0,0.00109,0,0,0.20022,0,0.00127,0,0,0,0,0,0,0,0,0,0,0
"A111",0,0,0,0,0.00322,0.00547,0,0,0,0,0.00051,0,0.00095,0,0.01538,0.00106,0,0,0,0,0,0,0,0,0.73537,0,0,1.56811,0.1787,0.04196,0.00426,1.4254,0,11.04779,0.16553,0,0,0,0,0,0.006,0,0,0.00261,0.00953,0,0,8.51786,0,0.00827,0.47965,0,0,0,0,0,0,0.09375,0,1.36349,0,0,0.04221,0,0,0,0.35138,0,0,0.14032,0.78367,0.00143,0,1.30693,0,0.0535,0,0,0,0,0,0,0,0.49141,10.65698,15.70448,0.00555,0.41959,0,0,0,0,0.81782,0.8323,0.10128,0,0,0.72024,0,0.00397,0.14142,0,0,0,0,0.00424,0,0.16884,0.00308,0.35183,0,0,0,0,0,0,0,0,0,0,0.00892,0,0,0,0,0,0,0.00243,0,0,0,0,0,0,0,0,0,0,0,0,0,0,0,0.00167,0,1.18319,0,0,0,0,0,0,0,0,0.00228,0.01726,0.00555,0,0,0,0,0,0,0,0,0,0,0,0,0,0,0,0,0,0,0,0,0,0,0,0,0,0.09352,0,0,0,0.05263,0,0,0,0,0,0.19956,0,0,0,0,0,0.73513,0,0,0,0,0,0,0,0.01004,1.61634,0.00972,0,0,0,0,0,0,0,0,0,0.23344,0,0,0,0,0,0.45302,0.1222,0,0.04065,0.07162,0,0,0,0,0,0,0,0.00364,0,0,0,0,0,0,0,0,0,0,0,0,0.34359,0,0,0.15056,3.90429,0,0,0.01405,0.43256,0,0.16276,0.00694,0,0.00487,0,0,0.09968,0,0,0.15398,0.00369,0,0,0.01321,0.00405,0.09485,6.6348,0.24324,0.00846,0,0,0,0.07713,0.19353,0,0.49544,0,0.2245,0,0.17869,0,0,0,0,0,0,0,0,0,0,0,0.12413,0,0,0,0,1.02986,0,0,0.95343,0,0.01099,0.10632,1.43228,0,0,0,0,0,0,0,0,0.00795,0.27949,0,0,0.03727,0,0,0,0,0.15353,0,0,0,0,0.02196,0,0.01311,0.00525,0,0,0,0,0,0,0,0,0,0,0,0.08348,0,0,0.00661,0,0.00069,0,0,0,0,0,0,0,0,0,0,0,0,0,0,0,0,0,0,0,0,0,0,0.01648,0,0,0,0,0,0.02323,0.01543,0,0,0,0,0,0.43308,0,0,0,0,0,0.00817,0,0,0,0,0,0,0,1.31656,0,0,0,0,0.37397,0,0.00599,0.21673,0,1.28267,0.00136,0,0.4338,0,0,0,0,0,0.33589,0.02276,0,0,0,0,0,0.00055,0.80418,0,0,0,0.06827,0,0,0,0,0,0,0,0,0,0,0,0,0,0,0,0,0,0,0,0,0,0,0,0,0.73167,0,0,0,0,0,0,0,0,0,0.00946,0.21626,1.04189,1.86472,1.97319,0,0,0,0,0,0,0,0,0.00204,0,0,0.53332,0.57784,0,0,0,0,0.41055,0.01536,0,0,0,0,0,0,0,0,0,2.59773,0.07346,0,0,0,0,0,0,0,0,0,0,0,0,0,0.00237,0.02277,0,0,0,0.02764,0,0,0.00262,0,0,0.17388,0,0,0,0,0.70092,0.01091,0,0,0.00336,0,0,0,0,0,0,0.05518,1.11037,0.19485,0,0.26487,0,0,0,0.06337,0.04128,0,0.55015,0.01038,0,0,0.00705,0,0,0,0,0,0,0,0,0
"A110",0,0,0,0,0,0,0,0,0,0,0,0,0,0,0,0,0,0,0,0,0,0,0,0,0.03386,0,0,0,1.9814,0,0.00047,0.35283,0,11.74277,0.55124,0,0,0,0,0,0,0,0,0,0,0,0,4.65502,0,0.13478,0.00083,0,0,0,0,0,0,2.28575,2.80523,0,0,0,3.9685,0.49594,0,0,0,0.18272,0,0,0,0,0,1.54304,0,0.38241,0,0,0,0,0,0,2.4487,0.37963,4.15506,4.81215,0.92589,0.66796,0,0,0,0,0.21657,0.11024,0.15977,0,0,0.26709,0,0.01713,0.01053,0,0.02315,0.00066,0,0.00429,0,0,0,0.12077,0,0,0,0,0,0,0,0,0,0,0,0,0,0,0,0,0,0,0,0,0,0.00183,0,0,0,0,0.06655,0,0,0.0053,0,0,0,0.00399,0,3.99387,0,0,0,0,0,0,0,0,0.45979,0,0,0,0,0,0,0,0,0.00228,0,0,0,0,0,0,0,0,0.05668,0,0,0,0,0,0,0,0,0,0,0,0,0,0.34772,0,0,0,0,0,0,0,0,0,0,0,0,0.55886,0,0,0,0,0,0,0,0.33116,0,0,0,0,0,0,0,0,0,0,0,0,0,4.59953,0,0,0.06428,0.04093,0,0,0.04314,0,0,0,0,0,0,0,0,0,0,0,0,0,0,0,0,0,0,0.00128,0.00158,0.01329,0,0,0,0.18799,0,0,0.00078,3.98584,0,0,0,0,0,0,0,0.25825,0,0,0.67138,0,0,0,0,0,0.25823,19.21826,0,0,0,0,0,0.40127,0.00495,0.11425,0,0,0.05775,0,0.7543,0,0,0,0,0,0,0,0,0,0,0,0.09834,0,0,0,0,0.32259,0,0,0.68246,0,0,0.53772,0.3439,0,0,0,0,0,0,0,0,0,0.26716,0,0,0.0039,0,0,0,0,0,0,0,0,0,0.08841,0.00713,0,0.02196,0,0,0,0,0,0,0,0,0,0,0,0.06855,0,0,0.0013,0,0,0,0,0,0,0,0,0,0,0,0,0,0,0,0,0,0,0,0,0,0,0,0,0.01694,0,0,0,0,0,0,0,0,0,0.01728,0,0,0.22535,0,0,0,0,0,0,0,0,0,0,0,0,0,1.25828,0,0,0,0,0.4905,0,0,0,0,1.91582,0,0,0,6.12476,0,0,0,0,0.40136,0,0,0,0,0,0,0,0.14667,0,0,0,0,0,0,0,0,0,0,0,0,0,0,0,0,0,0,0,0,0,0,0,0,0,0,0,0,1.09459,0,0,0,0,0,0,0,0,0,0,0.19628,0.00915,0,0.22784,0,0,0,0,0,0.01714,0,0,0.00037,0,0,0.14679,0.01426,0,0,0,0.04812,0,0.02928,0,0,0,0,0,0,0,0,0,1.12031,0.23923,0,0,0,0,0,0,0,0,0,0,0,0,0,0,0.00094,0,0,0,0,0,0,0,0,0,0,0,0,0,0,0.03243,0,0,0,0.00144,0,0,0,0,0,0,0,0.71413,0.54225,0,0.1253,0,0,0,0,0,0,0.45806,0,0,0,0,0,0,0,0,0,0,0,0,0
"A108",0,0,0,0,0,0,0,0,0,0,0,3e-04,0,0,0.00458,0,0,0,0,0,0,0,0,0,0.06199,0,0,0,0.06102,0.06373,0,0.56099,0.02045,9.49447,0,0,0,0,0,0,0,0,0,0,0,0,0,0.11904,0,0,0,0,0,0,0,0,0,2.27579,0.0328,0.00848,33.94259,0,0,0,0,0,1.6411,0.28429,0,0,0,0.01067,0,1.27897,15.47453,0,0,0,0,0,0,0,1.45844,0.05219,1.52256,3.69195,0,0,0,0,0,0,1.13448,0.70533,0.04484,0,0,0.12379,0.00014,0.01629,0,0,0,0,0,0.0582,0,0,0,0,0,0,0,0,0,0,0,0,0,0,0,0,0,0,0,0,0,0,0,0,0,0,0,0,0,0,0,0,0,0,0,0,0,0.00168,0,0,0,0,0,0,0,0,0,0,0.01901,0,0,0,0,0,0.6917,0,0,0,0,0,0,0,0,0,0,0,0,0,0,0,0,0,0,0,0,0,0,0,0,0,0,0,0,0,0,0,0,0,0,0,0.01805,0.00056,0.16163,0,0,0,0,0,0,0,0,0,0,0,0,0,0,0,0,0,0,0,0,0,0,0.28333,0,0,0.11567,0.14934,0,0,0.08018,0,0,0,0,0,0,0,0,0,0,0,0,0,0,0,0,0,0,0.00624,0,0.27801,0,0,0.26618,0.79689,0,0,0,0.00166,0,0,0,0,0,0,0,0,0,0,0.1268,0,0,0,0,0,0,4.03885,0,0,0,0,0,0.78913,0,0,0,0,0,0,0,0,0,0,0,0,0,0,0,0,0,0,0.02471,0,0,0,0,0,0,0,0,0,0,0.95693,1.45482,1e-04,0,0,0,0,0,0,0,0,0,0,0,0.00886,0,0,0,0,0.16001,0.00559,0.00255,0,0.58316,0.01617,0.01144,0.02948,0,0,0,0,0,0,0,0,0,0,0,0,0,0,0,0,0,0,0,0,0,0,0,0,0,0,0,0,0,0,0,0,0,0,0,0,0,0,0,0,0,0,0,0,0,0,0,0,0.1709,0,0,0,0,0,0,0,0,0,0,0,0,0,0,0,0,0,0,0.78716,0,0,0,0,0,0,0,0.00017,0,5.42527,0.00789,0,0,0,0,0,0,0,0.12313,0,0,0,0,0,0,0,0.51117,0,0,0,0,0,0,0,0,0,0.00862,0,0,0,0,0,1e-04,0,0,0,0,0,0,0,0,0,0,0,0,0,0,0,0,0,0,0,0,0,0,0,0,0.28898,2.33177,1.62822,0,0,0,0,0,0,0,0,0.03773,0,0,0,0,1.27256,0,0,0.12496,0,0.00173,0,0,0,0,0,0,0,0,0,1.23514,0.01217,0,0,0,0,0,0,0,0,0,0,0,0,0,0,0.00083,0,0,0.02276,0,0.01198,0,0.01318,0,0.01781,0.01455,0,0,0,0,0.22315,0.04256,0,0,0.00443,0.00183,0,0,0,0,0.21637,0,0,0.11103,0,0,0,0,0,0.01128,0,0.002,0,0.00084,0,0,0.11497,0,0,0,0,0,0,0,0,0
"A104",0,0,0,0,0,0,0,0,0,0,0,0,0,0,0.00692,0,0,0,0,0.00278,0,0,0,0,0.48578,0,0,0,0.02707,0,0,0.03604,0,0.08946,0.04407,0,2.71819,0.291,0.00155,0.01183,0,0,0,0,0,0,0,1.45073,0,0,0.26179,0,0,0.00027,0,0,0,0.09565,0,0,0,0,0,0.00899,0,0,0.01214,0,0,0.0446,0.01573,0,0,0.07766,0,0.01079,0,0,0,0,0,0,0.0092,0.04069,0.18643,0.33759,0.23817,0.23276,0.86127,0,0,0,0,0.0016,0.08216,0,0,0.01545,0,0.00621,0.00446,0,0,0.44874,0,0.01829,0,0.0024,0.00344,0.03838,0.62956,0.00027,0,0,0,0,0,0,0,0.0049,0.00105,0,0,0,0,0,0,0.00062,0.03171,0,0,0,0,0,0,0,0,0,0,0,0,0,0,0,0,0.00298,0,0,0,0,0,0,0,0.01381,0.00292,0,0,0.02153,0,0,5.08241,0,0,0,0.0091,0.01065,0,0,0.69944,0,0,0,0,0,0,0,0,0.19198,0.43269,0,0,0,0.29889,0,0.00437,0,0,0,0,0,0,0.45024,0.05363,0,0,0,0,0,0.2213,0,0,0,0.04796,0,0,0,0.12249,1.3406,2.40667,0,0,0,0,0,0,0,0,0.35531,0,0,0,10.18168,0,0,0.35704,0.22909,0,0.05523,0.02506,0,0.03885,0,0.01287,0,0,0,0,0,0,0,0,0,0,0,0,0,0,0,0,0.0502,0,0,1.80692,0.19172,0,0,0.30328,15.5998,0.53296,0,0.00982,0,0,0.03183,0.00312,0,0,0,0,0.09146,0.0391,0,0,0,0.64044,16.35941,0.19642,0.02265,0,0,0,0.28748,0.01563,0.1001,0.25627,0.1174,0.10101,0.06408,0.22337,0.01272,0,0.09364,0.44754,0.3368,0,0.06519,0.03366,0,0.05074,0.16825,0.0884,0,0,0.00196,0,0.12688,0,0.00045,0.09402,0,0.03367,0.01962,0.125,0,0,0,0,0,0,0,0,0,0.04647,0,0,0,0,0,0,0,0.2814,0,0.03211,0,0.13539,0.00494,0,0,0,0,0,0,0,0,0,0,0,0,0,0,0.01757,0,0,0,0,0,0,0,0,0,0,0,0,0,0,0,0,0,0,0,0,0,0,0.10725,0,0,0,0,0.00264,0,0,0,0,0,0,0.03768,0,0,0,0,0,0,0,0,0.02564,0,0,0,0,0,0,0,0,0,0,0.60489,0,0,0,0,0.70934,0,0.03411,0,0,0.57884,0.13337,0,0,0.83206,0,0,0.00351,0,0,0,0,0,0,0,0,0,0.14852,0,0,0,0,0,0,0,0,2.08199,0,0,0,0,0,0,7.16164,0,0,0,0,0,0,0,0,3.22857,1.21255,0,0,0,0,0,0,0,0,0,0,0,0,0,0.0261,0.79998,0.54226,4.28904,0.00747,0.00257,0,0,0.15995,0,0.00042,0,0.04093,0,0,0.13218,0.0013,0.2584,0.003,0.00177,0,0,0.002,0.0113,0.50757,0,0,0.08453,0.0043,0.1969,0,0,1.38145,0.00713,0,0,0.01735,0,0,0,0,0,0,0,0,0,0,0,0.04651,0.00532,0,0.21131,0,0.0207,0,0.037,0.0016,0.02197,0.3561,0,0,0,0,0.654,0.03631,0,0,0,0,0,0,0,0,0,0,0.03246,0.0056,0,0,0,1.21024,0,0.01242,0,0,0.42528,0.25103,0.01333,0.00548,0.40686,0,0,0.02407,0.01619,0.00763,0,0,0,0
"A094",0,0,0,0,0,0,0,0,0,0.00351,0,0,0,0,0.00916,0,0,0,0.00109,0,0,0,0,0.00065,0.19214,0,0,0.01571,0.24556,0.00274,0,0.27115,0.87002,2.36243,1.16178,0,0,0,0,0,0,0,0,0,0,0,0,0.73985,0,0,0.04518,0,0,0,0,0,0,0.43778,0.19408,0,0,0,0.85289,0.12859,0,0.02668,0.1117,0,0.43849,0.05072,0.13766,0.00061,0,0.26674,0,0,0,0,0,0,0,0,0,0.04585,2.19931,10.55608,0.03687,0.90149,3.82784,0,0,0,1.9501,4.05498,0.03658,0,0,0.20163,0,0.00273,0.02209,0,0,0.06867,0,0.00475,0,0.05025,0,0.00459,0,0,0,0,0,0,0,0,0,0,0,0,0,0,0,0,0,0,0,0,0,0.04203,0,0,0,0,0,0,0,0,0,0,0,0,0,7e-04,0,0,0,0,0,0,0,0.07015,0.12887,0,0,0,0,0,0.5444,0.02693,0,0.18271,0,0,0,0.01552,0,0,0,0,0,0.04204,0,1.56491,0,0,0,0,8.26518,0,0,0,0,0,0,0,0,0,0,0,0,0,0,0,0,0,0.35276,0,0,0,0,0,0,0,0.37839,0.52857,1.96846,0,0,0,0,0,0,0,0,0,0,0,0,0,0,0,0.16037,0.12033,0,0,0.02286,0,0,0.01083,0,0,0,0,0,0,0,0,0,0,0,0,0,0,0,0,0,0.02215,0,0,3.21522,0.39872,0,0,0.21375,5.13903,0.39482,0.49046,0.10902,0,0,0.00065,8.13147,0,0,0.32697,0,0.20365,0,0,0,0,0.06506,12.67893,2.91411,0.22827,0,0,0,0.7976,0.15726,0,0.08786,0.04033,0.09057,0.06053,0.16632,0,0,0,0.10466,0,0,0,0,0,0,0,0.23673,0,0,0,0,0.20973,0,0,0.04847,0,0.00013,0.01792,0.66294,0,0,0,0,0,0,0,0,0,0.12308,0,0,0.0029,0,0,0,0,0.00865,0,0,0,0.0435,0.00154,0,0.00894,0.00222,0,0,0,0,0,0,0,0,0,0,0,1.43882,0,0,0,0.00348,0,0,0,0,0.00514,0,0,0,0,0,0,0,0,0,0,0,0,0,0,0,0,0,0,0.10684,0,0,0,0,0,0,0.00024,0,0,0,0,0,0,0,0,0,0,0,0,0,0.04153,0,0,0,0,0,0.27264,0,0,0,0,0.59912,0,0.06087,0,0,0.75573,0,0.00088,0,0,0,0,0,0,0.24398,0,0,0,0,0,0,0,0.41397,0,0,0,0,0,0,0,0,0.00018,0,0,0,0,0,0,0,0,0,0,0,0,0,0,0,0,0,0,0,0,0,0,0,0.00458,0,0,0,0,0,0.00037,1.32986,0.10969,8e-05,4.362,0.29857,0.07894,0,0,1.39955,0.13176,0,0,0.00517,0,0,0.18006,0.02795,1.32634,0,0,0,0.27081,0,0.13376,0.78967,0,0,0,0,0,0,0,0.16545,0.00606,0,0,0,0,0,0,0,0,0,0,0,0,0,0.00054,0.00037,0,0,0,0,0.00701,0,0,6e-04,0,0.05802,0,0,0,0,0.11644,0,0,0,0.00138,0,0,0,0,0,0,0.00032,0.67328,0.04493,0,0,0,0,0,0.00108,0,0,0.13995,0.0133,0.00177,0,0.0154,0,0,0,0,6e-04,0,0,0,0
"A092",0,0,0,0,0,0.00025,0,0,0,0,0,0,0,0,0.00035,0.00308,0,0.00585,0,0,0,0,0,0,0.03837,0,0,0,4.32772,14.62198,0,0,0,10.45134,0.09859,0,0,0,0,0,0,0,0,0,0.06187,0,0,0.05874,0,0.03678,0.38909,7e-05,0,0,0,0,0,0.58838,0.08454,0,0,0,0,0,0,0,0,0,0,0.2733,0.04643,0,0,0.22649,0,0,0,0,0,0,0,0,0,0.3189,6.03831,0.51007,0.15093,2.57746,18.80518,0.80013,0,0,1.12881,1.42761,0.14612,0,0,0.06292,0,0.06533,0.0019,0,0,0,0,9e-05,0,0.0121,0,0.03304,0,0,0,0,0,0,0,0,0.04399,0,0,0,0,0,0,0,0,0,0,0,0,0,0,0,0.00088,0,0.00071,0,0,0,0,0,0,0.00033,0,0.12184,0,0,0,0,0,0,0,0,0.01277,0,0,0.0838,0,0,0,0,0.10935,0,0.15337,0,0,0,0,0,0,0,0,0,0,0,0,0,0,0,0,0,0,0,0,0,0,0,0,0,0,0,0,0,0,0,0,0,0.9027,0,0,0,0,0,0,0,0.06704,0.20691,0.42283,0,0,0.00481,0,0,0,0,0,0,0,0,0,4.92949,0,0,0.09287,0.03078,0,0,0.0026,0,0,0,0,0,0,0.00415,0,0,0,0,0,0,0,0,0,0,0,0,0,0.25746,0,0,0,0.05366,0,0,0.01714,0.68233,0,0,0,0,0,0.03122,11.64959,0,0,9e-05,0.00404,0.02644,0,0,0,0,0.08458,7.56333,0,0,0,0,0,0.01857,0,0,0.05057,0,0.20023,0.17257,0.33832,0,0,0,0,0,0,0,0,0,0,0,0.00835,0,0,0,0,0.0055,0,0,0.0512,0,0,0.22284,0.1404,0,0,0,0,0,0,0,0,0,0.40362,0,0,0.02575,0,0,0,0,0,0,0,0,0,0.00573,0.00611,0,0.25403,0,0,0,0,0,0,0,0,0,0,0,0,0,0,0.00402,0,0,0,0,0,0,0,0,0,0,0,0,0,0,0,0,0,0,0,0,0,0,0,0,0,0,0,0,0,0,0,0,0,0,0.14218,0,0,0.0686,0,0,0,0,0,0,0,0,0,0,0,0,0,0.33702,0,0,0,0,0,0,0.31419,0.02753,0,0.53753,0,0,0,0,0,0,0,0,0.00545,0,0,0,0,0,0,0,0,0,0,0,0,0,0,0,0,1.9276,0,0,0,0,0,0,0,0,0,0,0,0,0,0,0,0,0,0,0,0.02677,0,0,0,0,0,0,0,0,0,0,0.07926,0.29698,0,0.03423,0,0,0,0,0,0,0,0,0.00995,0,0,0.40807,0.00481,0,0,0,0,0,0.00035,0,0,0,0,0,0,0,0,0,0.07412,0.74428,0,0,0,0,0,0,0,0,0,0.06472,0,0,0,0,0,0,0,0,0,0,0,0,0,0,0,0,0,0,0,0.03872,0,0,0,0,0,0,0,0,0,0,0,0.98293,0.93738,0,0.0499,0,0.01516,0,0.01131,0,0,0,0,0,0,0,0,0,0,0,0,0,0,0,0
"A090",0,0,0.01814,0,0,0,0,0,0,0,0,0,0,0,0,0,0,0,0,0,0,0,0,0,0.02144,0,0,0.66875,4.55568,0,0.0026,0.47536,0,19.18156,0,0,0,0,0.06346,0.00249,0,0,0,0,0,0,0,0.73459,0,0.06946,0,0,0,0,0,0,0,0,0,0,0,0,0,0,0,0,0,0.00625,0.05155,0,1.25045,0.00396,0,0.61514,0,0.13971,0,0,0,0.0024,0,0,5.82948,1.32552,2.47063,28.53734,0,0,0,0,0,0,0.40131,0.239,0.05698,0,0,0.243,0,0,0,0,0.00206,0.0167,0,0.02423,0,0,0.00912,0.02674,0,0,0,0,0,0,0,0,0.10638,0,0,0,0,0,0,0,0,0,0,0,0,0,0,0,0,0,0.00546,0,0,0,0,0.00995,0,0.00025,0,0.05156,0,0,0,0,0,0,0,0,0.00819,0,0,0,0,0,1.01838,0.00617,0,0,0,0,0,0.00016,0,0,0,0,0,0,0,0,0,0,0,0,0,0,0,0,0,0,0,0,0,0,0,0,0.01167,0,0,0,0,0,0.10501,0,0,0,0,0,0,0,0.09374,0.95809,0,0,0,0,0,0,0,0,0,0,0,0,0,0,0,0,0,0.70188,0,0.00342,0.03332,0,0,0,0,0,0,0.01927,0.00409,0,0,0,0,0,0,0,0,0,0,0,0,0.311,0,0,0,0.74401,0,0,0.03567,4.84286,0,0,0,0.03856,0,0,8.31158,0.13044,0,0.00026,0.01695,0.08558,0,0,0,0,0,2.1542,0,0,0,0,0,0,0.09077,0.07526,0.22802,0,0,0,0,0,0,0,0,0,0,0,0,0,0,0,0.25316,0,0,0,0,0.29819,0,0,0.38564,0,0,0.09352,1.44356,0,0,0,0,0,0,0,0,0.00084,0,0,0,0.04173,0,0,0,0,0.0681,0.00662,0.00416,0.01291,0,0.01718,0,0.10301,0.02026,0,0,0,0,0,0.00889,0,0,0,0,0,0.179,0,0,0.00252,0,0,0,0,0,0,0,0,0,0,0,0,0,0,0,0,0,0,0,0,0,0,0,0,0.00456,0,0,0,0,0,0,0,0,0,0,0,0,0,0,0,0,0,0,0,0,0,0,0,0,0,0,1.52785,0,0,0,0,0.22418,0,0,0,0,1.10873,0.04482,0.0136,0,0,0,0,0,0,0,0,0,0,0,0,0,0,0.31133,0,0,0,0,0,0,0,0,0,0,0,0,0,0,0,0,0,0,0,0,0,0,0,0,0,0,0,0,0,0,0,0,0,0,0.00916,0,0,0,0.00914,0,0.86114,0,3.89833,0,0,0,0.09274,0,0,0,0,0.00133,0,0,0,0.05266,0,0,0,0.1113,0,0,0,0,0,0,0,0,0,0,0,0.67828,0.3581,0,0,0,0,0,0,0,0,0,0,0,0,0,0,0,0,0,0,0,0.00357,0,0.00365,0,0,0.00158,0,0,0,0,0.07908,0,0,0,0,0,0,0,0,0,0,0,0,0.01627,0,0,0,0,0.00151,0.02513,0,0,0.34959,0,0.00393,0.00856,0.01257,0,0,0,0,0.00079,0,0,0,0
"A087",0,0,0,0,0,0,0,0,0,0,0,0,0,0,0,0.003,0,0,0,0,0,0,0,0,0.07883,0,0,0,0.009,0,0,0.03007,0,0.65915,0,0,0,0,0,0,0,0,0,0,0,0,0,0.13989,0,0,0,0,0,0,0,0,0,0.04383,0,0,0.46576,0,0.30574,0,0,0,0,0,0,0.00135,0,0,0,0.01504,2.14692,0.02338,0,0,0,0,0,0,0.16191,0.01407,0.02534,0.29801,0.00933,0,0,0,0,0,0.00355,0.24547,0.00405,0,0,0.07717,0,0.03559,0.1877,0,0,0.01276,0,0.01897,0,0,0,0,0,0,0,0,0,0,0,0,0,0,0,0,0,0,0,0,0,0,0,0,0,0,0,0,0,0,0,0,0,0,0,0.01349,0,0,0,0,0,0,0,0,0,0,0,0,0.0264,0,0,0,0,0,0.38595,0,0,0,0,0.00531,0,0,0.03657,0,0,0,0,0,0,0,0.00556,0,0,0.00027,0,0,0,0,0,0,0,0,0,0,0,0,0,0,0.01484,0,0,0,0.32685,0,0,0,0.02949,0,0,0,0.09961,0.27341,0.00541,0,0,0,0,0,0,0,0,0.02679,0,0,0,4.24488,0,0,0.04554,0.12782,0,0,0,0,0,0,0.02607,0,0,0,0,0,0,0,0,0,0,0,0,0,0,0,0,0,0,0,0.15024,0.56223,0,0,0.1076,2.6188,0,0.10059,0,0,0,0,0,0,0,0,0,0,0,0,0,0,0.00292,1.80063,0.01329,0.00757,0,0,0,0.0111,0.01315,0,0.11194,0,0.00693,0.02692,0.00771,0,0,0,0.03898,0,0,0,0,0,0,0,0.02044,0,0,0,0,0.02519,0,0,0.03443,0,0,0,0.06748,0,0,0,0,0,0,0,0,0,0.03156,0,0,0,0,0,0,0,0.05468,0,0,0,0,0,0,0,0,0,0,0,0.40087,0.02249,0.09132,0,0,0,0,0,0.19989,0,0,0,0,0,0,0,0,0,0,0,0,0,0,0,0,0,0,0,0,0,0,0,0,0,0,0,0,0,0,0,0,0,0,0,5.5817,0,0,0,0,0,0,0,0,0,0.06758,0,0,0,0,0,0,0,0,0.03262,0,0,0,0,0.05136,0,0.00623,0,0,0.16468,0,0,0,0.13822,0,0,0.00843,0,0,0,0,0,0,0,0,0,0.74852,0,0,0,0,0,0,0,0,58.61603,0,0,0,0,0,0,0,0,1.86928,0,0,0.99047,0,0,0,0,12.37338,0,0,0,0,0,0,0,0,0,0,0,0,0.00072,0.13147,0.01528,0.00228,0.14847,0,0,0,0,0,0.05682,0,0,0.01498,0,0,0.01594,0,0.15417,0,0,0.15655,0.51894,0.00682,0,0.02642,0,0,0,0,0,0,0,0.36253,0,0,0,0,0,0,0,0,0,0,0,0,0,0,0,0,0,0,0,0,0,0,0.02117,0,0,0.03633,0,0,0,0,0.28628,0,0,0,0.00261,0,0,0,0,0,0,0,0.02112,0.07349,0,0,0,0,0,0.00856,0,0,0.02218,0.00797,0,0,0.01752,0,0,0,0,0.00381,0,0,0,0
"A086",0,0,0,0,0,0,0,0,0,0,0,0,0,0,0,0,0,0,0,0,0,0,0,0,0.00822,0,0,0.65084,0.2086,0.02168,0,1.10397,0,1.51892,0.05546,0,0,0,0.03804,0.00528,0,0,0,0,0,0,0,0.16431,0,0,0.00347,0,0,0,0,0,0,0.63967,0,0,0,0,6.6368,0.45828,0,0.08842,1.20285,0,0,0.37493,2.14724,0.02305,0,0.01607,15.66984,7e-05,0,0,0,0,0,0,1.32788,0.18391,5.12017,4.16808,1.05227,0.39558,0.26336,0,0,0,0.02612,0.28181,0.09176,0,0,0.03706,0,0,0.00408,0,0,0.02115,0,0.00209,0,0,0.00771,0.00422,0,0,0,0,0,0,0,0,0,0,0.00296,0,0,0,0,0,0,0,0.22201,0,0,0.01292,0,0,0,0,0,0,0,0,0,0.00527,0,0,0,0.0091,0,0,0,0,0,0.39658,0,0.15549,0.09729,0.01437,0.00709,0.00092,0.16337,0.00727,3.72705,0,0,0.09649,0,0.01355,0,0,0,0,0.2493,0,0,0,0.49723,0,0,0,0,0,0,0,0.00032,0,0,0,0.04652,0,0,0,0,0,0.6715,0,0,0,0,0,0.03715,0,0,0,0,0,0.02431,0.00075,0.07027,0.39526,0,0,0,0,0,0,0,0,0,0,0.00432,0,0,4.35791,0,0,0.11964,0.21816,0,0,0,0,0,0.0041,0,0,0,0,0,0,0,0,0,0,0,0,0,0,0,0,0,0,0,0,3.3293,0.12352,0,0,0.01601,1.77856,0,0.90939,0,0,1.34973,0.00948,0,0.76385,0,0.65944,0.20303,0,0,0,0,0,0,12.76654,1.9828,0.13063,0,0,0,0.18106,0.00048,0,0.17178,0.02835,0,0.12091,0.40041,0,0,0.01398,0.10303,0,0.03687,0.01437,0.01799,0,0,0.61059,0.08078,0,0,0,0,0.54548,0,0.00558,0.11943,0,0.07007,0.04049,0.4989,0,0,0,0,0,0,0,0,0,0.13709,0,0,0,0,0,0,0,0.00717,0,0,0,0.97722,0.00562,0,0.21614,0,0,0,0,0.00498,0.00102,0.00321,0,0,0,0,0,0,0,0,0,0.0044,0,0,0,0,0,0,0,0,0,0,0,0,0,0,0,0,0,0,0,0,0,0,0,0,0,0,0,0,0,0,0.00618,0.05021,0,0,0,0,0,0,0,0,0,0,0,0,0,0,0,0,0,0,1.6293,0,0,0,0,0.53805,0,0.12567,0,0,1.57258,0.02687,0,0.28933,1.19451,0,0,0,0,0.08265,0,0,0,0,0,0,0,0.12147,0,0,0,0,0,0,0,0,0,0,0,0,0,0,0,0,0,0,0,0,0,0,0,0,0,0,0,0,0,0,0,0,0,0,0,0,0,0,0.00043,4.02804,0.49651,0.15775,1.97548,0,0,0,0.42487,0,0.04596,0,0,0,0,0.00458,0,0,0,0,0,0,0.34232,0.01298,0,0.01183,0,0,0,0,0,0,0,1.08634,0.02625,0,0,0,0,0,0.00017,0,0,0.00188,0,0,0,0,0,0,0,0,0,0,0,0,0,0,0,0.00443,0,0,0,0,0.05363,0,0,0,0,0,0,0,0,0,0,0,0.42008,0.06246,0,0,0,0.94726,0,0.0344,0,0,0.08968,0.01725,0.00087,0.00246,0.02131,0,0,0.00121,0,0.00135,0,0,0,0
"A078",0,0,0,0,0,0,0,0,0,0,0,0,0,0,0,0,0,0,0,0,0,0,0,0,0.05501,0,0,0,0.19987,0.22957,0.00192,0.01325,0,0.87718,0.02179,0,0,0,0,0.00169,0,0,0,0,0.00061,0,0,0.0772,0,0,0.58377,0,0,0,0,0,0,0.55525,0.00466,0,0.58182,0,0,0.00494,0,0,0.73776,0,0,0.05352,0.16774,0,0,0.02906,4.31351,0.00264,0,0,0,0,0,0,1.5285,0.22847,1.49447,3.33441,0.37501,0.68013,0,0,0,0,0.00552,0.00795,0.0921,0,0.00159,0.07301,0,0.00348,0,0,0,0.38831,0,0.02699,0,0,0,0.14574,0,0,0,0,0,0,0,0,0,0,0,0,0,0,0,0,0,0,0,0,0,0,0,0,0,0,0,0,0,0,0,0.01798,0,0,0,0.04818,0,0,0,0,0,0,0,0,0.03986,0,0,0,0,0.07868,0.22028,0,0,0,0,0,0,0,0.00351,0,0,0,0,0,0,0,0,0,0,0,0,0,0,0,0,0,0,0,0,0,0,0,0.23349,0,0,0,0,0,0.05611,0,0,0,0,0,1.03261,0,0.04831,0.65299,0,0,0,0,0,0,0,0,0,0,0,0,0,1.46854,0,0,0.2963,0.13155,0,0.00151,0.00061,0,0,0.08398,0,0,0,0,0,0,0,0,0,0,0,0,0,0,0,0,0,0,0,0,0.08017,0.32671,0,0,0.05395,5.19385,0,0.10985,0.0362,0,0,0,0,0,0.26955,0.01072,0,0,0,0,0,0,0.27635,1.62573,0.01878,0.00094,0,0,0,0.05782,0,0,0.06528,0.00074,0.07302,0,0,0,0,0,0,0,0,0,0,0,0,1.92422,0.03469,0,0,0,0,0,0,0.00033,0.01039,0,0.09669,0.01706,0.343,0,0,0,0,0,0,0,0,0,0.08121,0,0,0,0,0,0,0,0.00926,0,0,0,0,0.00055,0,0,0.00119,0,0,0,0.00848,0,0,0,0,0,0,0,0,0,0,0,0.00148,0,0,0,0,0,0,0,0,0,0,0,0,0,0,0,0,0,0,0,0,0,0,0,0.01883,0,0,0,0,0,0,0,0.2301,0,0,0,0,0.00695,0,0,0,0.04311,0,0,0,0,0,0,0,0,0,0.17781,0,0,0,0,0.21427,0,0.01105,0,0,0.8037,0,0,0.01329,0.40006,0,0,0,0,0.17234,0,0,0,0,0,0,0,0.17237,0,0,0,0,0,0,0,0,62.57475,0,0,0,0,0,0,0,0,0,0,0,0,0,0,0,0,0,0,0,0,0,0,0,0,0,0,0,0,0,0,0.10662,0.09429,0,0.05782,0,0,0,0,0,0.00213,0,0,0.00308,0,0,0.16101,0,0.66839,0,0,0.00909,0.51483,0.01099,0,0.12612,0,0,0,0,0,0,0,0.47706,0.01663,0,0,0.00013,0,0,0,0,0,0,0,0,0,0,0.00196,0.00302,0,0,0,0,0,0,0.00225,0,0,0.03794,0,0,0,0,0.16175,0,0,0,0.00281,0,0,0,0,0,0.09086,0,0.20026,0.0024,0,0.00065,0,0,0,0,0,0,0.3369,0.02632,0.00041,0,0,0,0.00055,0.00392,0,0,0,0,0,0
"A073",0,0,0,0,0,0.00733,0,0,0,0,0.00276,0,0.00405,0,0.03039,0.01453,0,0,0,0,0,0,0,0,0.09359,0,0,0,8.62319,0.26561,0.06598,0,0,7.41014,0.35454,0,0,0,0,0.04412,0,0,0.00539,0,0,0,0,18.613,0.00742,0.01995,0,0,0.00056,0,0,0,0,0.69887,0,0.00125,2.88212,0,0.1262,0.34139,0,0,0.07669,0,0,0.00321,0.82197,0,0,0.11616,5.96472,0,0,0,0,0,0,0,1.97971,0.36805,4.68647,0.75822,1.27766,0,1.73342,0,0,0,0.07781,0,0.41842,0,0.02516,0.10812,0,0.00633,0.00523,0,0,0.00794,0,0.03107,0,0,0.00044,0.37245,0,0,0,0,0,0,0,0,0.02046,0,0,0,0,0,0,0,0,0.15408,0,0,0,0,0,0,0,0,0,0,0,0,0,0,0,0.00558,0.0025,0.03837,0,0,0,0,0,0,0,0,0.08128,0,0,0,0,0,0,0.00029,0,0,0,0,0,0,0,0,0,0,0,0,0,0,0,0,0,0,0,0,0,0.00255,0,0,0.0084,0,0,0,0,0,0.00936,0,0,0,0,0,0.16892,0,0,0,0,0,0.09017,0.01747,0.30525,0.5843,0,0,0,0,0,0,0,0,0,0,0,0,0,0,0,0,0.59824,0.60534,0,0.0146,0.15883,0,0,0.08593,0,0,0,0,0.00671,0,0,0,0,0,0,0,0,0,0,0,0,0.17779,0,0,0.04312,0.35002,0.00125,0,0.85724,0.68482,0,0,0,0.00354,0,0,0,0,0,0,0,0,0,0,0,0.01541,0.00493,20.16022,0,0.00472,0,0,0,0,0.04997,0.05887,0.01873,0,0.51377,0.01538,0,0,0.06492,0,0,0,0,0,0,0,0,0,0.01294,0,0,0,0.00071,0.10662,0,0,0,0,0,0.0498,0.27,0,0.00112,0,0,0,0,0.0017,0.0028,0.01332,0.33438,0,0,0.05225,0,0,0,0,0,0,0,0,0,0.01244,0,0,0,0,0,0,0,0,0,0,0,0,0,0,0.07855,0,0,0.01485,0,0,0,0,0,0,0,0,0,0,0,0,0,0,0,0,0,0,0,0,0,0,0,0,0.00033,0,0,0,0,0,0,0,0,0,0,0,0,0,0,0,0,0,0,0.00459,0,0,0,0,0,0,0,0,0,0,0,0,0.09274,0,0,0.01233,0,0.14874,0.00273,0,0,0.01725,0,0,0,0,0.00789,0.00127,0,0,0,0,0,0,0.46187,0,0,0,0,0,0,0,0,0,0,0,0.00979,0,0,0,0,0,0,0,0,0,0,0,0,0,0,0,0,1.17195,0,0,0,0,0.00218,0,0,0,0,0.00446,2.96095,0,0,2.34651,0,0,0,0.00047,0,0.06836,0,0,0.00338,0,0,1.02772,0,0,0,0,0.11862,0,0.00753,0,0,0,0,0,0,0,0,0,3.61696,1.02325,0,0,0,0,0,0,0,0,0,0,0.0024,0,0,0,0.0022,0.00185,0,0.01277,0,0,0,0.01186,0,0.01514,0.12151,0,0,0,0,0.21285,0.05716,0,0,0.00596,0.00159,0,0,0,0,0,0.00328,0.81866,0.02564,0,0,0,0,0,0,0,0,0.20507,0,0,0,0.00308,0,0,0,0,0,0,0.00063,0,0
"A072",0,0,0,0,0,0,0,0,0,0,0,0,0,0,0,0,0,0,0,0,0,0,0,0,0.04958,0,0,0,0,0,0,0,0,0,0,0,0,0,0,0,0,0,0,0,0,0,0,1.36485,0.01814,0,0,0,0,0,0,0,0,0.85399,0,0,0,0,17.16307,0.00768,0,0,0.06816,0.00132,0,0.051,0,0,0,1.04061,0,0,0,0,0,0,0,0,4.2283,0.11899,1.42268,0,0.37112,0,0,2.54932,0,0,0.22133,0.71518,0.04621,0.0045,0.24398,2.21457,0,0.00666,0,0,0.01272,0,0,0.43542,0,0.00743,0,0.0933,0,0,0,0,0,0,0,0,0,0,0,0,0,0,0,0,0,0,0,0,0,0.00574,0,0,0,0,0.00904,0,0,0.02249,0.00287,0,0,0.03856,0.00101,0,0,0,0,0,0.00492,0,0,0,0,0,0,0,0,0,0,0,0,0,0,0,0,0,0,0,0,0,0,0,0,0,0,0,0,0,0,0,0,0.00473,0,0,0,0,0,0,0,0,0,0,0,0,0.03591,0.02712,0,0,0,0,0,0,0,0,0.23969,0,0,0,0.00042,0,0,0,0,0,0,0,0,0,0.00851,0,0,0,0.57613,1.37157,0.11192,0,0.0199,0,0,0,0,0,0,0.01361,0,0,0,0,0,0,0,0,0,0,0,0,0,0.00856,0,0,1.00898,0.00035,0,0,0.04713,16.55368,0,0.01785,0.04179,0,0,0,0,0,2.38608,0,0.02559,0.08066,0,0,0,0,0.05338,24.70803,0,0,0,0,0,0.76817,0,0,0,0,0,0,0,0,0,0,0,0,0,0,0,0,0,0,0.05185,0,0,0,0.02217,0,0,0,0,0,0,0.60344,0.98872,0,0,0,0,0,0,0,0,0,0.05636,0,0,0,0,0,0,0,0.0032,0,0,0,0,0.03319,0.01143,0.03226,0,0,0,0,0,0,0,0,0,0,0,0,0,0,0,0,0,0,0.01038,0,0,0,0,0.00303,0,0,0,0,0,0,0,0,0,0,0,0,0,0,0,0,0,0,0,0,0,0,0,0,0,0,0,0,0,0,0,0,0,0,0,0,0,0,0,0,0,0,0,0.62701,0,0,0,0,0,0,0,0,0,0.75995,0,0,0,3.47319,0,0,0,0,0.52225,0,0,0,0.00025,0,0,0,1.07686,0,0,0,0,0,0,0,0.00762,0,0,0,0,0,0,0,0,0,0,0,0,0,0,0,0,0,0,0,0,0,0,0,0,0,0,0,0,0,0,0.00701,0.46477,0.4588,0,2.24503,0,0,0,0,0,0,0,0,0.00084,0.00082,0,0,0.17631,3.27538,0.01956,0,0.59466,0,0.01209,0,0,0,0,0,0,0,0,0,0,0.04338,0,0,0,0,0.34843,0,0,0,0,0,0,0,0,0,0.00107,0,0,0,0,0,0,0.00118,0,0.00112,0.00916,0,0,0,0,0.021,0,0,0,0.0011,0,0,0,0,0,1.87268,0,0.50329,0.10764,0,0,0,0,0,0,0,0,0,0,0,0,0.04637,0,0,0,0,0.00062,0,0,0,0
"A068",0,0,0,0,0,0,0,0,0,0,0,0,0,0,0,0,0,0,0,0,0,0,0,0,0.11128,0,0,0,0.12646,0.03255,0,0,0,6.22542,0.00019,0,0,0,0.00294,0,0,0,0,0,0,0,0,17.09129,0,0.00432,0.12041,0,0,0,0,0,0,0.14027,0,0.01319,0,0,0.64924,0,0,0,0.19913,0,0,0.02196,0.23156,0,0,0.21009,0,0.0178,0,0,0,0,0.00746,0,1.63919,0.0969,0.3181,2.14909,0.03672,0,0.01776,0,0,0,0.17928,1.70867,0.04494,0,0,0.74055,0,0,0.08165,0,0,1.31123,0,0.02334,0,0.01483,0.00209,0,0,0,0,0,0,0,0,0,0,0,0.00368,0,0,0.002,0,0,0,0,0,0,0,0.00027,0,0,0,0,0.00519,0,0,0.00441,0,0.00441,0,0.00798,0,0.06417,0,0,0,0,0,0,0,0,0.19044,0,0,0,0,0,0,0,0,0.0505,0,0.23798,0,0.01189,0,0,0,0,0,0,0,0,0,0,0,0,0,0,0,0,0,0,0.14127,0,0,0,0,0,0,0,0,0,0,0,0.74917,0,0,0,0,0,0,0,0.31009,0.78518,0,0,0,0,0,0,0,0,0,0,0,0,0,0,0.93786,0,0.26252,4.14099,0,0,0.01459,0.00231,0,0.00157,0,0,0,0,0,0,0,0,0,0,0,0,0,0,0,0,0,0,0,0,0.1423,1.6579,0,0,8e-05,5.51312,0,0,0.00455,0,0,0,0,0,0,0,0,0,0,0,0,0,0.26412,7.82262,0.09006,0.00269,0,0,0,0.17609,0.39935,0.13076,1.57241,0,0.1946,0.02597,0,0,0,0,0,0,0,0,0,0,0,0,0.17617,0,0,0,0,1.61842,0,0,0.47908,0,0.01093,0.12183,3.25961,0.00174,0,0,0,0,0,0,0,0,0.42668,0,0,0.0091,0,0,0,0,0.00477,0,0,0,0,0.02026,0,0.01045,0.01386,0,0,0,0.05491,0.00798,0.00488,0,0,0,0,0,0.38773,0,0,0,0,0,0,0,0,0,0,0,0.00011,0,0,0,0,0,0,0,0,0,0,0,0,0,0,0,0.00281,0,0,0,0,0,0,0,0,0,0.08825,0,0,0,0,0,0,0.00049,0,0,0,0,0,0,0,0,0,0.28973,0,0,0,0,0.12788,0,0,0,0,0.78892,0,0,0.00659,2.21506,0,0,0,0,0,0,0,0,0,0,0,0,0.00103,0,0,0,0,0,0,0,0,21.84197,0,0,0,0,0,0,0,0,0,0,0,0,0,0,0,0,0,0,0,0,0,0,0,0,0,0,0,0,0,0.0049,0.06206,0.64087,2.24857,0.99979,0.00669,0.0031,0,0,0,0.0028,0,0,0,0,0,0.43891,0.00896,0.00518,0,0,0,0,0.00194,0,0,0,0,0,0,0,0,0,0.21102,0.02609,0,0,0,0,0,0,0,0,0,0.01702,0,0,0,0,0,0,0,0,0,0,0,0.00369,0,0,0,0,0,0,0,0.02746,0,0,0,0,0,0,0,0,0,1.1081,0,2.20564,0.02402,0,0,0,0.08839,0,0,0,0,0.39862,0,0,0,0,0,0,0,0,0,0,0,0,0
"A009",0,0,0,0,0,0.00757,0,0,0,0.00175,0.00107,0.00213,0.00393,0,0.03649,0.00379,0,0,0,0,0,0,0,0,0.14832,0,0,0.00395,0.06834,0.01224,0,1.01491,0.21739,16.59968,0.00019,0,0,0,0,0,0,0,0,0,0,0,0,0.16755,0,0.00399,0.25113,0,0.00193,0,0,0,0,1.9703,0.01488,0,0,0,0,0,0,0,0,0.26844,0,0,0,0.00047,0,1.72865,0,0.04182,0,0,0,0,0,0,11.75006,0.59387,13.54226,11.23973,0.79914,0.00386,4.50533,0.1702,0,0,0.38187,0.15824,0.09454,0,0.00587,1.3505,0,0.00442,0.00204,0,0,0.01777,0,0.07358,0,0.02025,0.00074,0,0,0,0,0,0,0,0,0,0.00276,0,0.00315,0,0,0,0,0,0,0,0,0,0,0.00069,0,0,0,0,0,0,0,0,0,0.00209,0,0.01929,0,0.26081,0,0,0,0,0,0,0,0,0.09736,0,0,0,0,0,0.40272,0,0,0,0,0,0,0,0,0,0,0,0,0,0,0,0,0,0,0,0,0,0,0,0,0,0,0,0,0,0,0,0,0,0,0,0,0,1.47016,0,0,0,0.00832,0,0,0,0.03893,0.17707,0,0,0,0,0,0,0,0,0,0,0,0,0,0.92492,0,0.0079,0.22229,1.2866,0,0.00421,0.0363,0,0,0.15505,0,0,0,0,0,0,0,0,0,0,0,0,0,0,0,0.002,0,0.14248,0,0,0.26027,0.41462,0.00033,0,0.06411,2.54685,0,0,0.00106,0,0,0,0,0,0,0,0,0.73629,0,0,0,0.01635,0.37483,6.04247,0,0,0.00569,0,0,0.03107,0,0.00221,1.49398,0,0.27539,0.041,0.30751,0,0.00298,0,0,0,0,0,0,0,0,0.01087,0.12524,0,0,0,0,0.72435,0,0,0.2447,0,0,0.00176,0.56711,0,0,0,0,0,0,0,0,0.00134,0.11679,0,0,0.01134,0,0,0,0,0.01515,0,0,0,0,0.00919,0,0,0,0,0,0,0,0,0,0,0,0,0,0,0,0,0,0,0,0,0,0,0,0,0,0,0,0,0,0,0,0,0,0,0,0,0,0,0,0,0,0,0.00092,0,0,0,0,0,0,0.01116,0,0,0.28243,0,0,0,0,0,0,0,0,0.00744,0,0,0,0,0,0,0,0.47871,0,0,0,0,0.0437,0,0.0206,0.03389,0,1.29666,0.00599,0,0,0.6661,0,0,0,0,0.09383,0.00084,0,0,0,0,0,0.00014,0.61604,0,0,0,0,0,0,0,0,0,0,0,0,0,0,0,0,0,0,0,0,0,0,0,0,0,0,0.002,0,0,0,0,0,0,0,0,0,0,0,0,1.46217,0.15559,0.92597,0.02545,0,0,0,0,0.46852,0.00011,0,0,0.00605,0,0,0.49366,0.02693,3.81321,0,0,0.01667,0,0.00804,0.01192,0,0,0,0,0,0,0,0,0.44447,0.12164,0,0,0,0.00373,0.02029,0,0,0,0,0,0,0.006,0,0.00688,0,0.0013,0,0.00265,0,0.00294,0,0.00674,0,0,0.14831,0,0.00175,0,0,0.33746,0,0,0,0,0,0,0,0,0,0,0,0.68922,0.13018,0,0,0,0.00313,0,0.01455,0,0,0.02667,0,0,0,0.06219,0,0,0,0,0,0,0,0,0
"A064",0,0,0,0,0,6e-04,0,0,0,0,0,0,0,0,0.00447,0.00183,0,0,0,0,0,0,0,0,0.04863,0,0,0,0.10679,0,0.00181,0,0,0,0.00077,0,0,0,0,0,0,0,0,0,0,0,0,0,0,0,0,0,0,0,0,0,0,0,0,0,2.02877,0,0,0,0,0,0.00076,0.10218,0.02494,0.00793,0,0,0,0.02952,11.59457,0,0,0,0,0,0,0,0,0.01515,0.16735,0,0,0,0.81518,0,0,0,0.32829,0,0.00354,0,0,0.02184,0,0.03739,0.32661,0,0,0.07375,0,0.00336,0,0,0,0,0,0,0,0,0,0,0,0,0,0,0,0,0,0,0,0,0,0,0,0,0,3e-04,0,0,0,0.00219,0.00019,0,0,0,0,0,0,0,0.00053,0.00037,0,0,0.05482,0,0,0,0,0,0.00083,0,0,0.00902,0,0,0,0,0,0,0,0,0,0,0.06314,0,0,0,0,0,0,0,0,0,0,0,0,0.00231,0,0,0,0,0,0,0,0,0,0,0,0,0,0,0.00277,0,0.08338,0,0,0,0,0,0,0,0.14733,0.23974,0,0,0,0,0,0,0,0,0,0,0,0,0,0,0,0,0.06644,0.19311,0,0.01757,0.02194,0,0,0,0,0,0,0,0,0,0,0,0,0,0,0,0,0,0,0.1467,0,0.10585,0,0,0.54786,0,0,0,0,1.58778,0.00369,0.03925,0.00558,0,0,0.10766,0,0,0,0,0,0,0,0,0,0,0.18537,4.5484,0,0,0,0,0,0.41607,0,0,0,0.00591,0,0.01927,0.01237,0,0,0,0,0,0,0.00015,0.00134,0,0,0,0,0,0,0,0,0.81965,0,0,0.02681,0,0,0.04555,0,0,0,0,0,0,0,0.00352,0,0,0.01343,0,0,0,0,0,0,0,0.00371,0,0,0,0,0,0,0.03665,0,0,0,0,0,0,0,0,0,0,0,0,0.41498,0,0,0,0,0,0,0,0,0,0,0,0,0,0,0,0,0,0,0,0,0,0,0,0,0,0,0,0,0,0,0,0,0,0,0.00417,0,0,0,0,0,0,0,0.01282,0,0,0,0,0,0,0,0,0,0,0,0,0,0,0,0,0.07541,0,0.01081,0,0,0.14692,0.00826,0,0,0.17731,0,0,0,0,0,0,0,0,0,0,0,0,0.41624,0,0,0,0,0,0,0,0,60.16755,0,0,0,0,0,0,0,0,0,0,0,0,0,0,0,0,0,0,0,0,0,0,0,0,0,0,0,0,0,0.00216,0,0.02304,0,8.77314,0,0,0,0,0,0.00049,0,0,0.0014,0,0,0,0,3.89733,0,0,0,0,0.01059,0.02949,0,0,0,0,0,0,0,0,0,0.00017,0,0,0,0,0,0,0,0,0,0,0,0,0,0,0.00877,0,0,0,0,0.00689,0,0.03077,0,0,0.01604,0,0,0,0,0.09855,0.0011,0,0,0,0,0,0.00162,0,0,0,0,0.08517,0.08,0,0,0,0,0,0,0,0,0.08875,0.00398,0.06614,0.00538,0,0,0,0,0,0,0,0,0,0
"A063",0,0,0,0,0,0,0,0,0,0,0,0,0,0,0.00121,0,0,0,0,0,0,0,0,3e-04,0.05787,0,0,0,0.05588,0.05473,0.00178,0.30581,0.00218,12.11862,0,0,0,0,0,0,0,0,0,0,0,0,0,2.85409,0.00746,0.01627,0.09186,0,0,0,0,0,0,6.76902,0.01597,0,0,0,21.92923,4.16842,0,0,0.40784,0.40978,0,0.61615,0,0,0,1.19032,0,0,0,0,0,0,0,0,0,0.30922,11.64444,1.2253,0.66187,0.6968,0,0,0,0,0.06842,0,0.07833,0,0.00139,0.03828,0,0,0.02612,0,0,0.02998,0,0.02469,0,0,0,0.22981,0,0,0,0,0,0,0,0,0,0,0.00255,0,0,0,0,0,0,0,0,0,0,0.00203,0,0,0.01642,0,0.00667,0,0,0.03508,0,0,0.00364,0,0.00291,0,0,0,0,0,0,0.00361,0,0,0.22819,0,0,0,0,0,1.60796,0,0,0,0,0,0.10627,0,0,0,0.00188,0,0,0,0,0,0,0,0,0,0,0,0,0.00777,0,0,0.00622,0,0,0,0,0,0,0,0,0,0,0.00377,0,0,0,0,0,0,0.39021,0.00119,0,0.26863,3.73432,0,0,0,0,0,0,0,0,0,0,0,0,0,0,0,0.00107,0.01957,0,0,0.00835,0,0,0,0,0,0,0,0,0,0,0,0,0,0,0,0,0,0,0,0,0.00457,0,0,0,1.1519,0,0,0.00462,0.57628,0.36051,0,0,0,0,0,0,0.2133,0,0.65664,0.26421,0,0,0,0,0,0,8.30376,0,0,0,0,0,0,0,0,0,0,0.00734,0,0,0,0.00016,0,0,0,0,0,0,0,0,0,0.10215,0,0,0,0,0,0,0,0.32571,0,0.02375,0.2412,0.21582,0,0,0,0,0,0,0,0,0,0,0,0,0.02676,0,0,0,0,0,0,0,0,0,0,0.00756,0.00419,0.71772,0,0,0,0.20584,0.00393,0.0599,0,0,0,0,0,0,0,0,0,0,0,0,0,0,0,0,0,0,0,0,0,0,0,0,0,0,0,0,0,0,0,0,0,0.028,0,0,0,0,0,0,0,0,0,0,0,0,0,0,0,0,0,0,0,0,0,0,0,0,0,0,0.09124,0,0,0,0,0,0,0.00033,0,0,5.83302,0,0,0.00021,0.00079,0,0,0,0,0.17815,0,0,0,0,0,0,0,0.10696,0,0,0,0,0,0,0,0,0,0,0,0,0,0,0,0,0,0,0,0,0,0,0,0,0,0,0,0,0.21484,0,0,0,0,0,0,0,0,0,0,0.94947,2.53368,0.00202,0.00432,0,0,0,0,0,0.00025,0,0,0,0,0,0.02087,0,0.46897,0,0,0.04005,0,0,0,0,0,3.33473,0,0,0,0,0,0,0.11527,0,0,0,0,0,0,0,0,0,0,0,0,0,0,0,0,0,0,0,0,0,0,0,0,0.0087,0,0,0,0,0.02172,0,0,0,0,0,0,0,0,0,0,0,0,0,0,0,0,0,0,0,0,0,0,0.00082,0,0,0,0,0,0,0,0,0,0,0,0
"A062",0,0,0,0,0,0,0,0,0,0,0,0,0,0,0,0,0,0,0,0,0,0,0,0,0.15469,0,0,0,0.59756,0,0,0.08715,0,1.62797,0.0446,0,0,0,0,0,0,0,0,0,0,0,0,1.85373,0,0,0,0,0,0,0,0,0,0.35834,0.00169,0.00167,0,0,0.32858,0.15499,0,0,0,0,0.01267,0.05095,0.30798,0,0,0.16513,0.00377,0.0196,0,0,0,0,0,0,1.32349,0.36748,3.17502,1.30051,0.16828,0.41261,0,0,0,0,4.0513,2.30844,0,0,0,0.07747,0,0.00391,0.0153,0,0,0.04558,0,0.0018,0,0,0.00479,0.00062,0,0,0,0,0,0,0,0,0,0,0,0,0,0,0,0,0,0,0,0,0,0.00082,0,0,0,0,0.00168,0,0,0,0,0.16988,0,0,0,0.00036,0,0,0,0,0,0,0,0,0,0,0,0,0,0,0,0,0,0.21589,0,0,0,0,0,0,0,0,0,0,0,0,0,0,0,0,0,0,0,0,0,0,0.01284,0,0,0,0,0,0,0,0,0,0,0,0,0,0,0,0.01115,0,0.0088,0,0.06938,0.55531,0,0,0,0,0,0,0,0,0,0,0,0,0,0.33795,0,0,0.03695,0.14313,0,0,0.04458,0,0,0.04768,0,0,0,0,0,0,0,0,0,0,0,0,0,0,0,0.02995,0,0.17572,0,0,0.83724,0.37743,0,0,0.03392,2.14027,0,0,0,0,0,0,4.47969,0.07479,0.0895,0,0.1247,0.01945,0,0,0,0,0,40.30313,0,0,0,0,0,0.3447,0.01342,0,0.55945,0.0109,0.13268,0.12134,0.06628,0,0,8e-04,0,0,0,0,0.00358,0,0,0,0.10195,0,0,0,0,0.29251,0,0,0.2564,0,0,0.02637,1.05569,0,0,0,0,0,0,0,0,0,0.26593,0,0,0.017,0,0,0,0,0.03903,0,0,0,0,0.01424,0,0.09903,0,0,0,0,2.36686,0.13201,0.41002,0,0,0,0,0,0.22884,0,0,0.00285,0,0,0,0.1075,0,0,0,0,0,0,0,0,0.06046,0,0,0,0,0,0,0,0,0,0,0,0,0,0,0,0,0,0,0,0,0,0,0,0,0,0,0,0,0,0,0,0,0,0,0,0,0,0,0,0,0,0,0,0.02967,0,0.02046,0,0,1.00812,0.0027,0,0.00707,0.14727,0,0,0,0,0.01409,0,0,0,0,0,0,0,0,0.17667,0,0,0,0,0,0,0,0.00502,0,0,0,0,0,0,0,0,0,0,0,0,0,0,0,0,0,0,0,0,0,0,0,0,0,0,0,0,0,0.00247,4.06985,0.83,0,5.14357,0,0,0,0.10588,0,0.00039,0,0,0,0,0,0.14273,0.0223,6.893,0,0,0.02444,0,0.01732,0,1.4163,0,0,0,0,0,0,0,2.22284,0.01556,0,0,0,0,0,0.02607,0,0,0,0,0,0,0,0,0,0,0,0,0,0,0,0,0,0,0,0,0,0,0,0.15033,0,0,0,0,0,0,0,0,0,0,0,0.87616,0.05232,0,0,0.0047,0.25777,0,0.2068,0,0,0.00837,0,0,0,0,0,0,0,0,0,0,0,0,0
"A060",0,0,0,0,0,0,0,0,0,0,0,0,0,0,0.00675,0.00434,0,0,0,0,0,0,0,0,0.02822,0,0,0,0.00524,0,0,0.07687,0,0.92856,0.00221,0,0,0,0,0,0,0,0,0,0,0,0,0.63884,0,0,0.00704,0,0,0,0,0,0,0.06681,0,0,0.29334,1.66726,0,0,0,0,0,0,0,0.02064,0.00773,0,0,0,1.67321,0,0,0,0.13742,0,0,0,0.02174,0.02917,0.05143,0.30752,0.11625,0.14798,3.51717,0,0,0,0.22895,0,0,0,0,0.297,0,0.03479,0.01537,0,0,0.01974,0,0.00408,0,0,0.00454,0,0,0,0,0,0,0,0,0,0,0,0,0,0,0,0,0,0,0,0,0,0,0.00941,0,0,0,0,0,0,0,0,0,0,0,0,0,0,0,0,0,0,0,0,0,0,0.11345,0,0,0,0,0,0,0.00141,0,0,0,0.019,0.00091,0,0,0,0,0,0,0,0,0,0.25802,0,0,0,0,0,0,0,0,0,0,0,0,0,0,0,0.00047,0,0,0,0,0,0.63088,0,0,0,0,0,0,0,0.12193,1.31062,0.67963,0,0,0,0,0,0,0,0,0.11277,0,0,0,0,3.95914,0,0.12028,0.02138,0,0.00721,0,0,0,0,0,0,0,0,0,0,0,0,0,0,0,0,0,0,0,0,0,0,0,0,1.98289,0.04125,0,0,0.17671,1.48257,0,0.02394,0,0,0.01893,0,4.58826,0.04228,0,0,0,0.09307,0,0,0,0,0.0148,7.38195,0.02421,0.00012,0,0,0,0.03086,0.00315,0.01685,0.16411,0.00102,0.00902,0,0,0,0,0,0,0,0,0,0.00097,0,0,0,0.00691,0,0,0,0,0.49082,0,0.00709,0.13165,0,0,0,0.08199,0,0,0,0,0,0,0,0,0,0.19339,0,0,0,0,0,0,0,0.08011,0,0,0,2.1394,0,0,0,0,0,0,0,0,0,0,0,0,0,0,0,0.83942,0,0,0,0,0,0,0,0,0,0,0,0,0,0,0,0,0,0,0,0,0,0,0,0,0,0,0,0,0,0,0,0,0,0,0.00023,0.65531,0,0,0,0,0.01249,0,0,0,0,0,0,0,0,0,0,0,0,0,0.19382,0,0,0,0,0.34805,0,0,0,0,0.04669,0,0,0,0.02944,0,0,0.00093,0,0.00177,0,0,0,0,0,0,0,0.0016,0,0,0,0,0,0,0,0,53.95321,0,0,0,0,0,0,0,0,0,0,0,0.62517,0,0,0,0,0,0,0,0,0,0,0,0,0,0,0,0,0,0.00087,2.2594,0.16906,0.02425,0.68458,0.0102,0.01231,0,0,0,0.00493,0,0,0.00205,0,0,0.02175,0.05596,0,0.00155,0,0,0.76494,0.00057,0,0.54644,0,0,0,0,0,0,0,0.15883,0,0,0,0,0,0,0.01065,0,0,0,0,0,0,0,0,0.00851,0,0,0,0,0,0,0.00267,0,0.00146,0.00156,0,0,0,0,0.04573,0.00953,0,0,0,0,0,0,0,0,1.0715,0,0.29471,0.06444,0,0.00685,0,0,0,0.00351,0,0,0.09799,0,0,0,0,0,0,0,0,0,0,0,0,0
"A058",0,0,0,0,0.00033,0,0,0,0,0,0,0,0,0,0.00668,0,0,0,0,0,0,0,0,0,0.71269,0,0,0.07398,2.19682,0.00906,0,0.31447,0,5.44322,0.48024,0,0,0,0,0,0,0,0,0,0,0,0,0.69879,0,0,0.00122,0,0,0,0,0,0,0.07521,1.35257,0.09088,0,0,0,0.03635,0.00266,0,0.56913,0,0,0.00037,0.25072,0.00257,0,0.13332,0,0,0,0,0,0,0,0,0,0.04887,0.97596,17.91646,0.04263,3.71635,0.0099,0,0,0,0,0.17593,0,0,0,0.44416,0,0.22031,0.06663,0,0,0.17265,0,0.0927,0,0,0.01323,0.65939,0,0,0,0,0,0,0,0,0.01375,0,0.00773,0,0,0,0,0,0,0.00631,0,0,0,0.00638,0,0,0,0,0,0,0,0,0,0,0,0,0,0.31128,0,0,0,0,0,0.00497,0,0.00384,0.05893,0,0,0.02363,0,0,0,0.00961,1.31648,0.00102,0,0,0,0,0.02531,0,0,0,0,0.24575,0,0.55394,0.09167,0,0,0,0,0,0.47712,0,0,0,0.05162,0,0,0,0,0,0,0,0,0,0,0,0.17213,0,0,0,0,0,0.01055,0,0.11671,0.70667,0.06857,0,0,0,0,0,0,0,0,0,0,0,0,1.33949,0,0,0.37388,1.15426,0,0.00639,0,0,0,0.04015,0,0,0,0,0,0,0,0,0,0,0,0,0,0,0,0,0,0.21268,0,0,0.0158,0.13626,0,0,0.15828,6.45567,0.43843,0.16462,0.04759,0,0,0.08174,0,0.04018,0,0,0,0,0,0.40161,0,0,0.0035,9.40882,0.76728,0.03992,0,0,0,0.50428,0.1444,0,0.44173,0.69056,0,1.27495,1.40234,0.24759,0,0.02906,1.41025,0,0,0,0.06049,0,0,0.07648,0.0095,0,0,0.00481,0,0.14304,0,0,0.0703,0,0.06346,0.05242,2.4872,0,0,0,0,0,0,0,0,0.00162,0.10769,0,0,0.01546,0,0,0,0,0.00411,0,0,0.0166,0,0,0,0,0.01379,0,0,0,0,0,0,0,0,0,0,0,0,0,0,0,0.00016,0,0,0,0,0,0,0,0,0,0,0,0,0,0,0,0,0,0,0,0,0,0,0,0,0.00142,0,0,0,0,0,0.01321,0,0,0,0,0,0,0,0,0.03264,0,0,0,0,0,0,0,0,0,0,1.44841,0,0,0,0,2.73606,0,0.0421,0,0,1.49554,0.15157,0.01366,0.58066,1.00869,0,0,0,0,0.21796,0,0,0,0,0,0,0,0.01081,0,0,0,0,0,0,0,0,9.91282,0,0,0,0,0,0,0,0,0,0,0,0,0,0,3.84694,0,0,0,0,0,0,0,0,0,0,0,0,0,0,0.00236,0,1.72089,0,0.01564,0,0,0,0,0,0.00053,0,0,0.00382,0,0,0,0,1.09404,0,0,0,0,0.00923,0.25958,0,0,0,0,0.16267,0.22463,0,0,1.98312,0.04854,0,0,0,0,0,0.00447,0,0,0,0,0,0,0,0,0,0,0,0,0,0,0,0.00255,0,0,0,0,0,0,0,0.09311,0,0,0,0.00022,0,0,0,0,0,0,0.00516,0.40259,0.00166,0,0,0,0,0,0.00789,0,0,0.58945,0,0,0,0,0,0,0,0,0,0,0.00607,0,0
"A056",0,0,0,0,0,0.00049,0,0,0,0,0.00627,0,0,0,0.00989,5e-04,0,0,0,0,0,0,0,0,0.34934,0,0,0,0.37205,0.0015,0,0.83161,0,10.34144,0.09585,0,0,0,0,0,0,0,0,0,0,0,0,1.95554,0,0.00982,1.56529,0,0.00052,0,0,0,0,0.23305,0.00879,0.05735,0,0.38008,0,0,0,0,0.01215,0,0,0.16301,0,0,0,0.36065,0,0.01123,0,0,0,0,0,0,3.87548,0.33082,2.31958,13.26807,0.65554,0.06808,4.24799,0,0,0,2.44216,0,0.03381,0,0.00351,0.71993,0,0,0.0463,0.00871,0,0,0,0.00072,0,0.00277,0,0.04839,0,0,0,0.00953,0.00031,0,0,0,0,0,0.0029,0,0,0,0,0,0,0,0,0,0,0,0,0,0,0,0,0,0,0,0,0,0,0.0037,0,0.01277,0,0,0,0,0,0,0,0.70757,0,0.06838,0.00424,0,0,0.4447,0,0,0,0,0.13276,0,0,0,0,0,0,0,0,0.07991,0,0,0,0,0,0,0,0,0,0,0,0,0.00188,0,0,0,2.91887,0,0.12718,0,0,0,0,0,2.53516,0,0,0,0,0.00409,0,0,0.34377,0,0,0.01683,0,0,0,0,0,0,0,0,0.0593,0.05734,0,0,0,0,1.01083,1.13423,0,0.00717,0.01134,0,0,2.56018,0,0,0,0.09137,0,0,0,0,0,0,0,0,0,0,0,0,0,0.03914,0,0,0.31551,5.22455,0,0,0.23352,0,0,0,0,0,0,0.02045,0,0,0,0,0,0.1929,0,0,0,0.00369,0.12863,19.58985,0,0,0,0,0,0,0.16304,0,0.39616,0.00074,0.34231,0.14203,0.27601,0.00055,0,0,0,0,0,0,0,0,0,0,0.66151,0,0.03775,0,0,0.40264,0,0,0.01107,0.00085,0.00182,0.04625,1.08542,0,0,0,0,0,0,0,0,0,0.27027,0,0,0.05335,0,0,0,0,0.01127,0,0,0,1.25501,0.05032,0,0,0,0,0,0,0,0,0,0,0,0,0.00016,3e-04,0.10243,0,0,0,0,0.00682,0,0,0,0,0,0,0,0,0,0,0,0,0,0,0,0,0,0,0,0,0,0,0.03444,0,0,0,0,0,0,0.0015,0,0,0,0,0,0,0,0,0,0,0,0,0,0,0,0,0,0,0,0.3806,0,0,0,0,0.72474,0,0.03351,0.00725,0,0.45297,0.01319,0,0,0.50323,0,0,0,0,0.05291,0,0,0,0,0,0,0,0.37029,0,0,0,0,0,0,0,0,0,0,0,0,0,0,0,0,0,0,0,0,0,0,0,0,0,0,0,0.00019,0,0,0,0,0,0,0,0,0,0,0.00579,2.61592,0.06957,1.14085,0,0,0,0,0,0,0,0,0,0.0031,0,0,0.67461,0.24894,0,0,0,0,0,0,0.05487,0,0,0,0,0,0,0,0,0.77046,0.06183,0,0,0,0,0,0,0,0,0,0,0,0,0,0,0.0063,0,0,0,0,0.01275,0,0.01603,0.00045,0.0034,0.08785,0,0,0,0,1.61413,0.01997,0,0,0,0,0,0,0,0,0,0.00064,0.75962,0.47601,0,0,0,0.30437,0,0.00188,0,0,0.19244,0.01652,0.00188,4e-04,0.00438,0,0,0.00279,0.00417,0.00233,0,0,0,0
"A055",0,0,0,0,0,0,0,0,0,0,0,0,0,0,0.00346,0,0,0,0,0,0,0,0,0.01719,0.01766,0,0,0.39253,0.07731,0,0,0.36596,0,1.8025,0.10912,0,0,0,0,0.01792,0,0,0,0,0,0,0,0.36053,0,0,0.34953,0,0,0,0,0,0,0.05672,0.09456,0,0.88218,0.01105,0,0,0,0,5.05105,0,0,0,0,0,0,1.96739,1.40747,0,0,0,0,0,0,0,0.28862,0.59304,2.26739,1.12576,0.5482,0,0.30718,0.0164,0,0,0.00069,0.04762,0.04588,0,0,0.0392,0.00045,0.05444,0,0,0,0.00907,0,0.00153,0,0,0,0.20349,0,0,0,0,0,0,0,0,0,0,0,0,0,0,0,0,0,0,0,0,0,0,0,0,0,0,0,0,0,0,0,0.01472,0,0.03723,0,0,0,0,0,0,0,0,0,0,0.10181,0.00459,0,0.34846,0,0,0,0,0,0.02534,0,0,0,0,0,0,0,0,0,0,0,0,0,0,0,0,0,0,0,0,0,0,0,0,0,0,0,0,0,0,0,0,0,0.00201,1.39548,0,0,0,0,0,0.01278,0,0.17365,0.06348,0,0,0,0,0,0,0.17538,0,0,0,0,0,0,6.98988,0,0,0.02843,1.79289,0,0,0.00681,0,0,0,0,0,0,0,0.00309,0,0,0,0,0,0,0.00251,0,0,0,0.00213,0,0,0,0,0.78811,0.54759,0,0,0.02579,4.80436,0,0,0,0,0,0,0.67394,0,0.84174,0.01393,0,0.33382,0,0,0,0.00435,1.08686,6.41814,0,0,0,0,0,0.03201,0,0,0.88448,0,0.01387,0,0,0,0,0,0.68801,0,0,0,0,0,0,0,0.04936,0,0,0,0,0.00128,0,0.00065,0.04016,0,0.22018,0.04624,0.08765,0,0,0,0,0,0,0,0,0,0.04649,0,0,0.00103,0,0,0,0,0.06452,0,0.01063,0,0,0,0,0.02399,0.03708,0,0,0,0,0,0,0,0,0,0,0,2.0911,0,0,0,0,0,0,0,0,0,0,0,0,0,0,0,0,0,0,0,0,0,0,0,0,0,0,0,0.04584,0,0,0,0,0,0,0,0.44809,0,0,0,0,0,0,0,0,0,0,0.00016,0,0,0,0,0,0,0,0.71112,0,0,0,0,0.02059,0,0.00707,0,0,0.86792,0,0,0,0.69703,0,0,0.00036,0,0,0,0,0,0,0,0,0,0.2244,0,0,0,0,0,0,0,0,31.2587,0,0,0,0,0,0,0,0,0,0,0,0,0,0,0,0,1.90186,0,0,0,0,0,0,0,0,0,0,0,0,0.00135,1.24202,0.17101,0.01762,10.56651,0,0,0,0,0,0,0,0,0,0,0,0.01653,0.00421,0.65078,0,0,0,0.50164,0,0,0,0,0,0,0,0,0,0,0.08739,0.01398,0,0,0,0,0,0,0,0,0,0,0,0,0,0.00208,0.00151,0,0,0,0,0,0,0.00426,0,0,0.01354,0,0,0,0,0.22386,0.00561,0,0,0.00393,0,0,0,0,0,0,0,0.03599,0.01306,0,0,0,0.50724,0,0.01173,0,0,0.08563,0,0.0064,0,0.0378,0,0,0,0,0,0,0,0,0
"A054",0,0,0,0,0,0.00198,0,0,0,0,0.00096,0,0.00216,0,0.08911,0.00283,0,0.04168,0,0.00621,0,0,0,0,0.27752,0,0,0,0.30891,0.00347,0,0.06121,0,6.85355,0.0148,0,0,0,0,0.01771,0,0,0,0,0,0,0,5.53021,0,0,0.0013,0,0.00336,0,0,0,0,0.42577,0.00179,0.09987,0,0,1.38067,0.02515,0,0.01738,2.69385,0,0,0.09403,0.86003,0.00085,0,2.07466,22.43172,0.03591,0.0814,0,0,0,0,0,0.8555,0.08711,2.10829,10.91909,0.75862,0.01529,3.79065,0.03425,0,0,0.43345,0.68069,0.00725,0,0,0.01645,0,0.00644,0,0,0,0,0,0.00072,0,0,0.01625,0.00247,0,0,0,0,0,0,0,0,0.00035,0,0.00181,0,0.02843,0,0.02286,0,0,0,0,0,0,0,0,0,0,0,0.03808,0,0,0.00098,0,0,0,0,0,0.0236,0,0,0,0,0,0,0,0,0.45872,0,0,0,0,0,0,0,0,0,0,0,0,0,0,0,0,0,0.03719,0,0,0,0,0,0,0,0,0,0,0,0,0,0,0,0,0,0,0,0.00138,0,0,0,0,0,0.65236,0,0,0,0.01177,0.00552,0,0,0.05262,2.05865,0,0,0,0,0,0,0,0,0,1.67262,0,0,0,2.69025,0,0,0.65787,0.9927,0,0.00509,0.01797,0,0,0,0,0,0,0,0,0,0.10981,0,0,0,0,0,0.00265,0,0,0,0,0.86387,0,0,0.00602,0,0,0,0.00313,1.37965,0,0,0.00894,0,0,0,0,0.02883,0,0,0.98348,0.0356,0,0,0,0.00382,2e-04,3.69623,0.00486,0,0,0,0,0.40179,0.03151,0,0.40867,0,0.02857,0,0,0,0,0,0,0,0,0,0,0,0,0,0.05353,0,0,0,0,0,0,0,0.04343,0,0,0.00745,0.24003,0,0,0,0,0,0,0,0,0.00067,0.18965,0,0,0,0,0,0,0,0.5303,0,0,0,0,0.00574,0,0.00225,0,0,0,0,0.00503,0,0,0.00045,0,0,0,0,0,0,0,0,0,0,0,0,0,0,0,0,0,0,0,0,0,0,0,0,0,0,0,0,0,0.00015,0,0,0,0,0,0,0.00419,0,0,0.00063,0,0,0.17698,0,0,0,0,0,0,0,0,0,0,0,0,0,0,0,0,0.07582,0,0,0,0,0.07168,0,0.00029,0,0,0.7023,0.0989,0,0.00615,1.79317,0,0,0,0,0.00072,0,0,0,0,0,0,0,0.06092,0,0,0,0,0,0,0,0.00524,0,0,0,0,0,0,0,0,0,0,0,0,0,0,0.22396,0,0,0,0,0,0.17397,0,0,0,0,0,0,0,0,0,0.01003,0.6825,0.13458,0,6.404,0,0,0,0,0,0,0,0.00266,0.01534,0,0,0.02635,0,5.53672,0,0,0,0.32829,0.00164,0,0,0,0,0,0,0,0,0,0.10422,0.08085,0,0,0,1e-04,0,0,0,0,0,0,0,0,0,0.00374,0,0,0,0,0,0,0,0.06196,0,0.00667,0.08324,0,0,0,0,0.69432,0.04945,0,0,0,0.00797,0,0,0,0,0,0,0.26893,0.12068,0,0,0.01914,0,0,0.07389,0,0,0.00121,0.00447,0.00232,0.00072,0.19936,0,0,0,0,0,0,0,0,0
"A051",0,0,0,0,0,0,0,0,0,0,0,0,0,0,0,0,0,0,0,0,0,0,0,0,0,0,0,0,0,0,0,0,0,0,0.43909,0,0,0,0,0,0,0,0,0,0,0,0,3.30756,0,0.07579,0,0,0,0,0,0,0,9.40765,0,0,0,0,56.08514,0,0,0,0,0.02099,0,0,0,0.10147,0.59281,8.82381,0,0,0,0,0,0,0,0,0,2.837,0,0,0.92165,0,0,0,0,0,0.04703,0,0,0,0,0.02665,0,0.0014,0,0,0,0,0,0.03345,0,0,0,0,0,0,0,0,0,0,0.00267,0,0,0,0,0,0,0,0,0,0,0,0,0,0,0,0,0.00141,0,0,0.01146,0,0,0,0.00215,0,0,0.04134,0,0,0,0,0,0,0,0,0,0,0,0,0,0,0,0,0,0,0,0,0,0,0,0,0,0,0,0,0,0,0,0,0,0,0,0,0,0,0,0,0,0,0,0,0,0,0,0,0,0,0,0,0,0.0516,0,0,0,0,0,0,0,0,0,0,0,0,0,0,0,0,0,0,0,0,0,0,0,0,0,0,0,0.27834,0,0,0.27677,0,0,0,0,0,0,0,0,0,0,0,0.13536,0,0,0,0,0,0,0.21399,0,0,0,0,0,0,0,0.00052,0,0,0,0,0,0,0,0,0,0,0,0,0,0.73269,0,0,0,0,0,2.31081,0,0,0,0,0,0,0,0.00276,0,0,0,0,0,0,0,0,0,0,0,0,0,0,0,0,0.23595,0,0,0,0,1.99574,0,0,0,0,0,1.13209,0.49914,0,0,0,0,0,0,0,0,0.00111,0,0,0,0.00033,0,0.02486,0,0,0.03303,0,0,0,0,0.09893,0.00631,0,0,0,0,0,0,0,0,0,0,0,0,0,0,0,0,0.00753,0,0,0,0,0,0,0,0,0.01289,0,0,0,0,0,0,0,0,0,0,0,0,0,0,0.00288,0,0,0,0,0,0,0,0,0,0,0,0,0,0,0,0,0,0,0,0,0,0,0,0,0.00299,0.02355,0.00049,0,0,0,0,0,0,0,0,0,0,3.19647,0,0,1.81239,0,0,0,0,0,0.22306,0,0,0,0,0,0,0,0,0,0,0,0,0,0,0,0,0,0,0,0,0,0,0,0,0,0,0,0,0,0,0,0,0,0,0,0,0,0,0,0,0,0,0,0,0,0,0,0.42089,0,2.32965,0,0,0,0,0,0,0,0,0,0.09315,0,0,0,0,0,0,0,0.33005,0,0,0,0,0,0,0,0,0,0,0,0,0.21513,0,0.00322,0,0,0.06383,0,0,0,0,0,0,0,0,0,0.00278,0,0,0,0,0.01525,0,0,0,0.00937,0,0,0,0.0048,0,0.05068,0.00323,0,0,0.00561,0,0,0,0,0,0.01523,0,0,0,0,0,0,0,0,0,0,0.07358,0.22754,0.00419,0.00099,0.00313,0.03461,0,0,0,0,0,0,0,0,0
"A050",0,0,0,0,0,0,0,0,0,0,0.00116,0.003,0,0.02364,0.00842,0,0,0.00662,0,0.00975,0,0.00217,0,0,0.09634,0,0,0,0,0.29208,0,0,0,0,0.01076,0,0,0,0,0,0,0,0.00165,0,0,0,0.01348,7.78605,0.01864,0,0,0,0,0,0,0,0,0.01061,0,0,0,0,0.1996,0,0,0,0,0,0,0,0.03849,0.00021,0,1.17947,0,0,0,0,0,0,0,0,1.10196,1.15415,2.8357,0.3254,0.26991,0,0,0,0,0,0.45032,0.50731,0.00076,0,0,0.03973,0,0.02525,0.03512,0,0,0,0,0.00075,0,0,0,0,0,0,0,0,0,0,0,0,0.41266,0,0,0,0,0,0,0,0,0,0,0,0,0,0,0,0,0,0.00764,0,0,0.00288,0,0,0,0.04453,0,0,0,0,0,0,0,0,0,0.01625,0.10712,0,0,0,0,0,0,0,0,0,0,0,0,0,0,0,0,0,0,0,0,0,0,0,0,0,0,0,0,0,0,0,0,0,0,0,0,0,0,0,0,0,0,0,1.26243,0,0,0,0,0.00433,0,0,0.27509,0.7547,0,0,0,0,0,0,0,0,0,0,0,0,0,0,0,0,0.63937,0.98956,0,0,0.00468,0,0,0,0,0,0,0,0,0,0,0,0,0,0,0,0,0,0,0.08978,0,0.13319,0,0,0.20698,6.26083,0,0,0.75374,33.22106,0,0,0,0,0,0,0,0.63826,0,0,0.43784,0.15872,0,0,0,0,0,6.21047,0,0,0,0,0,1.36075,0.12515,0,0,0,0,0,0,0,0,0,0,0,0,0,0,0,0,0,0.1987,0,0,0,0,3.43021,0,0,0,0,0,1.96456,1.12341,0,0,0,0,0,0,0,0,0,0.06099,0,0,0.25662,0,0,0,0,0.00944,0,0,0,0,0,0.00045,0.02796,0,0,0,0,0,0,0,0,0,0,0,0,0.15853,0,0,0,0,0,0,0,0,0,0,0,0,0,0,0,0,0,0,0,0,0.00628,0,0,0,0,0,0,0,0,0,0,0,0,0,0,0,0,0,0,0,0,0,0,0,0,0,0.00252,0,0,0,0,0,0,0,0.41062,0,0,0,0.00026,0,0,0,0,0,0.39248,0,0,0,0,0,0.2251,0,0,0,0,0.00136,0,0,0,0,0,0.00915,0,0,0,0,0,0,0,0,0,0,0,0,0,0,0,0,0,0,0,0,0,0,0,0,0,0,0,0,0,0,0,0,0,0,0,0,0,0,0.0018,3.16657,4.19552,0.00505,0.45976,0,0,0,0,0,0,0,0,0.00239,0,0,0,0.26314,2.0575,0.14101,0,0.09192,0,0.02074,0,0,0,0,0,0,0,0,0,2.45767,1.05123,0,0.00255,0,0.00013,0,0,0,0,0,0,0.00016,0,0.00046,0.0188,0,0,0,0,0,0,0,0.00192,9e-04,0,0.16332,0.00505,0,0,0,0.33414,0,0,0.00498,0,0,0,0,0,0,0.60523,0.00143,5.92544,0,0,0,0,0.03677,0,0,0,0,0,0.10404,0.01377,0,0.02146,0,0,0,0,0,0,0,0,0
"A049",0,0.00022,0,0,0.01427,0,0.00173,0,0.0061,0.0115,0.00296,0.03114,0.00324,0,0.0137,0.00491,0,0,0.00993,0.00533,0,0,0,0,0.08144,0,0,0,0,0,0,0,0,0.14396,0,0,0,0,0,0,0,0,0,0,0,0,0,15.30744,0,0,0,0,0,0.00257,0,0,0,0.02699,0,0,0.79581,0.2622,0,0,0,0,0.09821,0,0,0,0,0,0,0.00142,1.60685,0,0,0,0,0,0,0,0.00847,0,0.59233,1.21875,0.01624,0,0,0,0,0.00526,0.21637,43.5461,0.19605,0,0,0.02014,0,0,0,0,0.00053,0.06603,0,0.05506,0,0,0,0,0,0,0,0,0,0.00671,0,0,0,0,0,0,0,0,0,0,0,0,0,0,0,0,0,0,0,0,0,0,0,0,0,0,0,0.00792,0,0,0,0,0,0,0,0,0,0,0.03592,0,0,0,0,0,0,0,0,0,0,0,0,0,0,0,0,0,0,0,0,0,0,0,0,0,0,0,0,0,0,0,0,0,0,0,0,0,0,0,0,0,0,0,1.69125,0,0,0,0,0,0,0,0.01779,0.29642,0,0,0,0.01965,0,0,0,0,0,0,0,0,0,0,0,0,0.3357,0,0,0,0.00963,0,0,0,0,0,0,0,0.00696,0,0,0,0,0,0,0.00142,0,0,0,0,0,1.40597,0,0,0.34262,4.98754,0.00223,0,0.02127,3.49534,0,0,0,0,0,0,0,0,0,0,0.64011,0.08488,0,0,0,0.00835,0,1.76484,0,0,0,0,0,0,0,0,0,0,0.00241,0,0,0,0,0,0,0,0,0,0,0,0,0,0,0,0,0,0,2.97863,0,0,0,0,0,0,2.12466,0.02519,0,0.00484,0,0,0,0.00446,0.00076,0.01769,0.00102,0,0,0,0,0,0,0.00038,0,0,0,0,0,0,0,0,0,0,0,0,0,0,0,0,0,0,0,0,0,0,0,0,0,0,0,0,0,0,0,0,0.00362,0,0,0,0,0,0,0,0,0,0,0,0,0,0,0,0,0,0,0,0,0,0,0,3.10438,0,0,0,0,0,0,0,0,0,0,0,0,0,0,0,0,0,0,0,0,0,0,0,0,0,0,0,0,0.08019,0,0,0,0.02359,0,0,0,0,0.00181,0.00258,0,0,0,0,0,0,0.04112,0,0,0,0,0,0,0,0,0,0,0,0,0,0.00492,0,0,0,0,0,0,0,0,0,0,0,0,0,0,0,0,0,0,0,0.00218,0,0,0,0,0.00684,0,0,0,4.54028,0,0,0,0,0,0,0.00538,9e-05,0.00733,0,0,0.00953,0,0,0,0,2.35501,0,0,0,0,0,0,0,0,0,0,0,4.85658,0.00139,0.00231,0,0,0,0,0,0,0,0,0,0.00159,0,0,0.00636,0.01676,0,0,0,0,0.00317,0,0.04465,0,0.00211,0,0,0,0,0,0.05711,0.02266,0,0,0,0,0,0,0,0,0.01295,0,0.02585,0.00026,0,0,0,0.02018,0,0,0,0,0.01594,0,0.00068,0,0.00477,0,0,0,0,0,0,0,0,0
"A044",0,0,0,0,0,0,0,0,0,0,0,0,0,0,0,0,0,0,0,0,0,0,0,0,0.14223,0,0,0.0249,0.63225,0.00149,0,0.19662,0,4.71552,0.54088,0,0,0,0,0,0,0,0,0,0,0,0,1.82746,0,0.00377,0.12295,0,0,0,0.00051,0,0,4.30418,0.00322,0,8.06756,0,6.93886,0,0,0,1.51857,0.02151,0,0.01597,0,0.00055,0,0.27062,0,0,0,0,0,0,0,0,0.63686,0.49037,11.93378,2.43155,0.28445,0,0,0,0,0,0.01272,0.02169,0.00128,0,0,0.20608,0,0,0.14814,0,0,0,0,0.01772,0,0,0.02125,0.00209,0,0,0,0,0,0,0,0,0,0,0,0,0,0,0,0,0,0,0,0,0,0.00618,0,0,0,0,0,0,0,0,0,0,0,0,0,0,0,0,0,0,0,0,0,0.1813,0.21578,0,0,0.01628,0,0,0,0,0,0,0,0,0,0,0.16618,0,0,0,0,0,0,0,0.00507,0.06187,0,0,0.90917,0,0,0,0,0,0,0,0.5881,0,0,0,0,0,0,0,0,0,0,0,0,0,0,0,0,0,0.21867,0.4059,0.11726,0,0,0,0,0,0,0,0,0,0,0,0,1.01677,0,0,0.05895,0.12453,0,0.00052,0.10775,0,0,0,0,0,0,0,0.0032,0,0,0,0,0,0,0,0,0,0,0,0,0,0,0,0.82464,0.32687,0,0,0.16426,7.93245,0,0,0.07644,0,2.29219,0,0,0.01453,0,0,4.09883,0.01529,0,0,0,0,1.74775,8.32432,2.13075,0.18405,0,0,0,0.13682,0,0,0.32058,0.00491,0.01687,0.01303,0.04815,0.01172,0,0,0,0,0,0,0,0,0,0,0.1797,0,0,0,0,0.20679,0,0,0.04354,0,0,0.40073,1.65911,0,0,0,0,0,0,0,0,0,0.06002,0,0,0.07726,0,0,0,0,0.0399,0,0.00627,0,0,0.00536,0,0,0.00204,0,0,0,0.06643,0.01234,0.00732,0,0,0,0,0,0,0,0,0.00055,0,0,0,0,0,0,0,0,0,0,0,0,0,0,0,0,0,0,0,0,0,0,0,0,0.05737,0,0,0,0,0,0,0.00061,0,0,0,0,0,0,0,0,0,0,0,0,0,0.04638,0,0,0,0,0,0.26007,0,0,0,0,0.09173,0,0,0,0,0.77853,0,0,1.06489,0,0,0,0,0,0.1891,0,0,0,0,0,0,0,0.16164,0,0,0,0,0,0,0,0,0,0,0,0,0,0,0,0,0,0,0,0,0,0,0,0,0,0,0,0,0.00258,0,0,0,0,0,0,0,0,0,0.00194,0.30046,1.85777,5.59891,1.10427,0,0,0,0.42936,0.42593,0,0,0,0.01164,0,0,0.04504,8e-04,0.23084,0,0,0,0.58652,0,0.37513,0.91972,0,0,0,0,0,0,0,0.42161,0.00981,0,0,0,0,0,0,0,0,0,0,0,0,0,0,0.0015,0,0,0,0,0,0,2e-04,0,0,0,0,0,0,0,0.08115,0.00465,0,0,4e-04,0,0,0,0,0,0,0,3.57871,0.02971,0,0.00131,0,0,0,0,0,0,0.11653,0.00031,0,0,0,0,0,0,0,0,0,0,0,0
"A043",0,0,0,0,0,0,0,0,0,0.00026,0.00199,0,0.00045,0,0.00811,0,0,0,0,0,0,0,0,0.00023,0.22114,0,0,0,0.00855,0,0.00341,0.44665,0,9.92364,0.12481,0,0,0,0,0,0,0,0,0.00904,0,0,0,1.10057,0,0.00024,0.19411,0,0,0,0,0,0,1.79888,0,0.00042,0,0,0.49208,0.43835,0,0,0,0.00202,0,0.09993,0,0,0,0.79916,0,0,0,0,0,0,0,0,2.5322,0.54482,2.13581,1.96004,0.42291,1.68767,6.74554,3.05902,0,0,4.47253,0,0,0,0,0.16924,0,0,0.0208,0,0,0.10699,0,0.02794,0,0,0.0068,0,0,0.00078,0,0,0,0,0,0,0.00015,0,0.01138,0,0,0,0,0,0,0,0,0,0,0.00256,0,0,0,0,0,0,0,0,0,0,0,0.00705,0,0.01305,0,0,0,0,0,0,0,0,0.00561,0,0,0,0,0,0,0,0,0.61075,0,0,0,0,0,0,0,0,0,0,0,0,0,8.3581,0,0,0,0,0,0,0,0,0,0,0,0,0,0,0,0,0,0,0,0,0.74117,0,0,0,0,0,0.12334,0,0.09182,0.53305,0,0,0,0,0,0,0.04355,0,0,0,0.00955,0,0,0.22673,0,0,0.4638,1.48986,0,0,0,0,0,0,0,0,0,0,0,0,0,0,0,0,0,0,0.02598,0,0,0,0,0,0,0,0.00509,2.19449,0,0,0.11237,2.00334,0,0.5745,0.00278,0,1.26123,0,0,0.11759,0,0,0.0813,0.02136,0,0,0,0,0,14.61787,2.57062,0.36924,0,0.0065,0,0.56054,0.04972,0,0.7865,0,0,0,0,0,0,0,0,0,0,0,0,0,0,0,0.17998,0,0,0,0,0.06198,0,0,0.80964,0,0.00099,0.08806,1.87444,0,0,0,0,0,0,0,0.00401,0.00103,1.09146,0,0,0.00993,0,0,0,0,0.22138,0.03943,0.12993,0,0,0.0151,0,0,0.00483,0,0,0,0.00889,0,0,0,0,0,0,0,0.26665,0,0,0.00226,0,0,0,0,0,0,0,0,0,0,0,0,0,0,0,0,0,0,0,0.02251,0,0,0,0,0,0,0,0,0,0,0,0.00082,0,0,0.05936,0,0,0.00022,0,0,0,0,0,0,0,0,0,0,0,0,0,0.56356,0,0,0,0,0.27904,0,0.00321,0,0,0.16204,0,0,0,0.96535,0,0,0,0,0.00037,0.02306,0,0,0,0,0,0,0,0,0,0.0754,0,0,0,0,0,0,0,0,0,0,0,0,0,0,0,0,0,0,0,0,0,0,0,0,0,0,0,0,0,0,0,0,0,0,0,6e-04,0.32884,0.01647,0.08433,1.13001,0,0,0,0.10424,0,0.00079,0,0,0.01324,0,0,0,0.02159,2.64956,0.37935,0,0,0,5e-04,0,0,0,0,0,0,0,0,0,4.21054,0.11668,0,0.00295,0,0,0,0,0,0.00058,0,0.07112,0.00099,0,0,0,0.07024,0,0,0,0.00079,0.01694,0,0.00394,0.00451,0.0117,0.04334,0,0,0,0,0.51411,0.02915,0,0,0.01574,0,0,0,0.00105,0,0,0,5.10248,0.0189,0,0,0,0,0,0,0,0,0.35855,0.00389,0.01188,0.02952,0,0,0,0,0.00076,0,0,0,0.00523,0.00036
"A042",0,0,0,0,0,0,0,0,0,0,0,0,0,0,0,0,0,0,0,0,0,0,0,0,0.00171,0,0,0,0,0,0,0,0,0,0,0,0,0,0,0,0,0,0,0,0,0,0,0,0,0,0,0,0,0,0,0,0,0,0.00224,0,0,0,13.02053,0,0,0,0,0.00102,0,0,0,0,0,11.38416,0,0,0,0,0,0,0,0,12.44364,1.79179,3.97974,25.03947,0.00608,0,0,0,0,0,7.21423,9.3372,0.00026,0,0,0,0,0,0,0,0,0,0,0,0,0,0,0,0,0,0,0,0,0,0,0,0,0,0,0,0,0,0,0,0,0,0,0,0,0,0,0,0,0,0.01179,0,0,0.00612,0,0,0,0.05679,0,0,0,0,0,0,0,0,0,0,0,0,0,0,0,0,0,0,0,0,0,0,0,0,0,0,0,0,0,0,0,0,0,0,0,0,0,0,0,0,0,0,0,0,0,0,0,0,0,0,0,0,0.04647,0,0.81934,0,0,0,0,0,0,0,0,0,0,0,0,0,0,0,0,0,0,0,0,0,0,0,0,0,0,0,0,0,0.37185,0.00719,0,0,0,0,0,0,0,0,0,0.01675,0.09472,0,0,0.00958,0,0,0,1.10662,0,3.5234,0,0,0,0.00017,0,0,0,0,0,0,0.00059,0,0,0,0,0,0,0,0,0.09524,0,0,0,0,0,3.68699,0,0,0,0,0,0,0,0,0,0,0,0,0,0,0,0,0,0,0,0,0,0,0,0,0,0,0,0,0,0,0,0,0,0,0,0.64576,0.2103,0,0,0,0,0,0,0,0,0,0.26345,0,0,0,0,0,0,0,0,0,0,0,0,0,0,0.04975,0,0,0,0,0.03658,0,0,0,0,0,0,0,0,0,0.02756,0,0,0,0,0,0,0,0,0,0,0,0,0,0,0,0,0,0,0,0,0,0,0,0,0,0,0,0,0,0,0,0,0,0,0,0,0,0,0.03281,0,0,0,0,0,0,0,0,0,0,0,0,0,0,0,0,0,0,0,0,0,0,0,0.09132,0,0,0,0,0,0,0,0,0.03326,0,0,0,0,0,0,0,0.159,0,0,0,0,0,0,0.00077,0,0,0,0,0,0,0,0,0,0,0,0,0,0,0,0,0,0,0,0,0,2.61257,0,0,0,0,0,0,0,0,0.00838,0,0,0,0.10981,0,0,0,0,0,0,0,0,0,0.00427,0,0,0,0,0,0,0,0.20768,0,0,0,0,0,0,0,0,0,0,0,0.7679,0,0,0,0,0,0,0,0,0,0,0,0,0,0,0,0,0,0,0,0,0,0,0,0,0,0,0,0,0,0,0.09384,0,0,0,0,0,0,0,0,0,0,0,0.42159,0.0271,0,0.02371,0,0,0,0.01268,0,0,0,0.0035,0.05816,0.00439,0.00847,0,0.00767,0,0.00205,0,0,0,0,0
"A005",0,0,0.0052,0,0,0,0,0,0,0,0,0,0.00018,0,0.01374,0.00065,0,0,0,0,0,0,0,0,0.12667,0,0,0,0.34745,0.04335,0,0,0,0,0.83204,0,0,0,0,0,0,0,0,0,0,0,0,2.01217,0,0.09241,0,0,0,0,0,0,0,0.75717,0,0,3.81436,0,1.59934,0.34072,0,0,1.83951,0,0,0.00706,0.66359,0,0,0.09003,2.93293,0,0,0,0,0,0,0,2.36654,1.20555,12.75572,1.64157,0.51489,0,0,0,0,0,0.06476,0.04314,0.05834,0,0,0,0,0.01777,0,0,0.06112,0.01685,0,0.02543,0,0,0,0,0,0,0,0,0,0,0,0,0.08114,0,0,0,0.01435,0,0.00236,0,0,0,0,0,0,0,0,0,0,0,0.07315,0,0,0.00315,0,0.10908,0,0.01682,0,0.00671,0,0,0,0,0,0,0,0,0.0918,0,0,0,0,0,0,0,0,0,0,0,0,0,0,0,0,0,0,0,0,0,0,0,0,0,0,0,0,0,0,0,0,0,0,0,0,0,0,0,0,0,0,0.00861,0.76293,0,0,0,0,0,0,0,0.3076,2.2973,0,0,0,0,0,0,0,0,0,0,0,0,0.02677,0,0,0,0.58682,0,0.71072,0,0.14253,0,0,0,0,0,0,0,0,0,0,0,0,0,0,0,0,0,0,0.00297,0,0.83984,0,0,0.24388,0.39393,0,0,0.57514,15.53726,0,0,0,0,0,0,0,0,0,0,0,0.2811,0,0,0,0,0,13.64919,0,0,0,0,0,0.6912,0.08623,0.12698,0,0,0,0,0,0,0,0,0,0,0,0,0,0,0,0,0.1859,0,0,0,0,1.22297,0,0,0.87787,0,0,0.95198,0.90619,0,0,0,0,0,0.04139,0,0.00101,0.00572,0.00945,0,0,0,0,0.0028,0,0,0.004,0,0,0,0,0,0,0.04352,0,0,0,0,1.68551,0.13041,0.5641,0,0,0,0,0,0,0,0.24381,0,0,0,0,0,0,0,0,0,0,0,0,0,0,0,0,0,0,0,0,0,0,0,0,0.01251,0.01099,0,0,0,0,0,0,0.00281,0.0428,0,0,0,0,0,0,0,0,0,0,0,0,0,0.00856,0,0,0,0,3.58271,0,0,0,0,0,0,0,0,0,1.73133,0,0,0,1.21528,0,0.07898,0,0.33541,0.00323,0,0,0,0,0,0,0.00275,0.06224,0,0,0,0,0,0,0,0,0,0,0,0,0,0,0,0,0,0,0,0,0,0,0,0,0,0,0,0,0,0,0,0,0,0,0,0,0,0,0.00781,0.40435,2.20158,0.0035,5.35136,0,0,0,0,0,0,0,0,0.00884,0,0,0,0,4.04507,0,0,0.174,0,0.00456,0,0.42389,0,0,0,0,0,0,0,0,0.27348,0,0,0,0,0.00469,0,0,0,0,0,0,0.01637,0,0,0.01092,0,0,0,0,0.01815,0,0.00236,0,0,0.02079,0,0,0,0,0.23027,0.00128,0,0,0,0,0,0,0,0,0,0,0,0.11613,0,0,0,0,0,1e-04,0,0,0.75316,0,0,0,0.00129,0,0,0,0,0,0,0,0,0
"A040",0,0,0,0,0.00685,0.03804,0,0,0,0,9e-05,0.00253,6e-04,0,0.04686,0.00878,0.00123,0,0,0,0,0,0,0,0,0,0,0,0,0,0,0,0,0,0,0,0,0,0,0,0,0,0,0,0,0,0.08107,14.61327,0,0,0,0,0.00331,0.0019,0,0,0,0,0,0,4.62289,0.20106,0,0,0,0,0,0,0,0,0,0,0,0.85733,33.01715,0,0,0,0,0,0,0,0,0,0.34876,2.59922,0,0,0,0,0,0.00788,0,0,0,0,0,0,0,0,0,0,1.2271,0,0,0,0.04875,0,0,0,0,0,0,0,0,0,0,0,0,0,0,0.04287,0,0,0,0,0,0,0,0,0,0,0,0,0,0,0.00402,0,0,0,0,0,0,0.76493,0,0,0,0,0,0,0,0,0,0,0,0,0,0,0,0,0,0,0,0,0,0,0,0,0,0,0,0,0,0,0,0,0,0,0,0,0,0,0,0,0,0,0,0,0,0,0,0,0,0,0,0,0,0,0,0,0,0,0,0.00282,0,0,0,0,0,0,0,0,0,0,0,0,0,0,0,0,0,0,0,0,0,0,0,0,0.06121,0.06572,0,0,0,0,0,0,0,0,0,0,0.05489,0,0,0,0,0.00228,0,1.42633,0,26.96209,0,0,0,0,0,0,0,0,0,0,0,0,0,0,0,0,0,0,0,0,0,0,0,0.00649,0,0,0,0,0,0,0,0,0,0,0,0,0,0,0,0,0,0,0,0,0,0,0,0,0,0,0,0,0,0,0,0,0,0,0,0,0,0.03683,0,0,0,0,0,0.11792,0,0.00021,0,0,0,0,0,0,0,0,0,0,0.01937,0,0,0,0,0,0,0.05917,0,0,0,0.05223,2.77048,0.25065,0.95254,0,0,0,0,0,0,0,0,0,0,0,0,0,0,0,0,0,0,0,0,0,0,0,0,0,0,0,0,0,0,0,0,0,0,0,0,0,0,0,0,0,0,0,0,0.00571,0,0,0,0,0,0,0,0.00039,0,0,0,0,0,0,0,0,0,0,0,0,0,0,0,0,0,1.8681,0,0,0,0,0,0,0,0.00219,0,0,0,0,0,0,0,0,2.3167,0,0,0,0,0,0,0,0,0,0,0,0,0,0,0,0,0,0,0,0,0,0,0,0,0,0,0,0,0,0,0,0,0,0,0,0,0,0,0,0,0,0,0,0,0,0,0,0,0,0,0,0.00396,0,0,0,0,0,0,0,0,0,0,0,0,0,0,0,0,0,0,0,0,0.00329,0,0.00354,0,0.01325,0,0,0,0,0,0,0.00552,0,0,0.00252,0,0,0,0.0047,0,0,0,0.0228,0,0.01096,0.07638,0,0,0,0,0.09634,0,0,0,0,0,0,0,0,0,2.86705,0,0,0,0,0,0,0,0,0,0,1.25456,0,0,0,0,0.05397,0,0,0.00041,0,0,0,0,0,0
"A039",0,0,0,0,0,0.05789,0,0,0,0.00282,0.02991,0.00848,0.02392,0.00434,0,0.01408,0.00041,0.23251,0,0,0,0,0,0,0,0,0,0,0,0,0,0,0,0,0,0,0,0,0,0,0.19713,0,1.16223,0,0,0.36893,0,0,0,0,0,0,0.01686,0,0,0,0,0,0,0,0,0,0,0,0,0,0,0,0,0,0,0,0,0,0,0,0,0,0,0,0,0,0,0,0,0,0,0,0,0,0,5.60806,0,0,0,0,0,0,0,0,0,0,0,0,0,0,0,0,0,0,0,0.16599,0.00309,0,0,0,0,0,0,0,0,0,0,0,0,0,0,0,0,0.03586,0,0,0,0,0,0,0,0,0,0,0,0,0,0,0,0,0,0,0,0,0,0,0.02026,0,0,0,0,0,0,0,0,0,0,0,0,0,0,0,0,0,0,0,0,0,0,0,0,0,0,0,0,0,0,0,0,0,0,0,0,0,0,0,0,0,0,0,20.44622,0,0,0,0,0,0,0,0,0,0,0,0,0,0,0,0,0,0,0,0,0,0,0,0,0,0,0,0,0,0,0,0,0,0,0,0,0.14172,0.00107,0,0,0,0,0,0,0,0,0,7.78818,0,0,0,0,0,0,0,0,0,0,0,0,0,0,0,0,0,0,0,0,0,0,0,0,0,0,0,0,0,0,0,0,0,0,0,0,0,0,0,0,0,0,0,0,0,0,0,0,0,0,0,0,0,0,0,0,0,0,0,0,0,0,0,0,0,0,0,0,0,0,0,0,0,0,0,0,0,0,0.01405,3.23329,0,0,0,0,0,0.01907,0,0,0,0,0,0,0,0,0,0,0,0,0,0,0,0,0,0,0,0,0,0,0,0,0,0,0,0,0,0,0,0,0.27729,0.00592,0,0.99131,0,0,0,9.15188,0,0,0,0,0,0,0,0,0,0,0,0,0,0,0,0,0,0,1.36343,0,0,0,0,0,0,0,0.05232,0,0,0,0,0,0,0,0,0,0,0,0,0,0,0,0,0,0,0,0,0,0,0,0,0,0,0,0,0,0,0,0,0,0,0,0,0,0,0,0,0,0,0,0,0,0,0,0,0,0,0,0,0,0,0,0,0,0,0,0,0,0,0,0,0,0,0,0,0,0,0,0,0,0,0,0,0,0,0,0,0,0,0,0,0,0.00194,0.0835,0,0,0,0,0,0,0,0,0,0,0,0,0,0,0,0,0,0,0,0,0,0,0.00038,0,0,0,0,0.15953,0,0,0,0,0,0,0,0,0,0,0,0,0,0,0,0,0,1.74554,0,0,0,0,0,0,0,0,0,0,0,0,0,0,0,0,0,0,0,0,0,0,0,0,0,0,0,23.56295,21.22449,0.06718,0.84638,0,0,0.40538,0.04541,0.41882,0,0,0,0
"A033",0,0,0,0,0,0,0,0,0,0,0.00431,0.00144,0.00059,0,0.00478,0.03027,0,0.00757,0,0.00527,0,0,0.00019,0,0,0,0,0,0,0,0,0,0,0,0,0,0,0,0,0,0,0,0,0,0,0,0,45.55993,0,0,0,0,0.00193,0.0055,0,0,0,0,0,0,0,0,0,0,0,0,0,1.21401,0,0,0,0,0,0,0,0,0,0,0,0,0,0,0,0.17194,0,0,0,0,0,0,0,0.00251,0.84587,27.43037,0,0.0027,0,1.28643,0,0,0,0,0.06511,0,0.03651,0,0.00473,0,0,0,0,0,0,0,0,0,0,0,0,0,0,0,0,0,0,0,0,0,0,0,0,0.15002,0,0,0,0,0,0,0,0,0.02493,0.01259,0,0.03803,0,0,0,0,0,0,0,0,0,0,0.00019,0,0,0,0,0,0,0.00083,0,0,0,0,0,0,0,0,0,0,0,0,0,0,0,0,0,0,0,0,0,0,0,0,0,0,0,0,0,0,0,0,0,0,0.04077,0.00504,0,0,0,0,0,0,0,0,0.17585,0,0,0,0,0.00158,0,0,0,0,0,0,0,1.09449,0,0,0,0,0,0,0.22521,0,0,0,0,0,0,0,0,0,0,0,0.00257,0,0,0,0,0,0,0,0,0.66038,0,4.15678,0,0.00216,0.40077,0.70524,0.00079,0,0,0,0,2.10381,0,0,0,0,0,0,0,0,0,0.02347,0,0,0,0.01666,0,2.36802,0,0,0,0,0,0,0,0,0,0,0,0,0,0,0,0,0,0,0,0,0,0,0,0,0.24184,0,0,0,0,0.00521,0.00721,0,0,0,0,0.00466,1.75559,0,0,0,0,0,0,0.00106,0,0.00926,0.0793,0,0,0,0.00651,0,0,0,0,0,0,0,0,0,0,0.0023,0,0.80868,0,0,0.02115,0,0.0056,0,0,0,0,0,0,0,0,0,0,0,0,0,0,0,0,0,0,0,0,0,0,0,0,0,0,0,0,0,0,0.00034,0,0,0,0,0.00162,0,0,0,0,0,0,0,0,0,0,0,0,0,0,0,0,0.00227,0,0,0,0,0,0,0,0,0,0,0,0,0,0,0,0,0,0,0,0,0,0,0,0,0,0,0.00978,0,0,0,0,0,0,0,0,0,0,0,0,0,0,0,0,0,0,0,0,0,0,0,0,0,0,0,0,0,0,0,0,0,0,0,0,1.0699,0,0,0,0,0,0,0,0,0,0.00131,0.06394,1.36528,0.03326,0.00869,0,0,0,0,0,0,0,0.02165,0.06848,0,0,0,0.00089,0,0,0,2.02829,0,0,0,0,0,0,0,0,0,0,0,0,0.01241,0,0,0,0.00938,0.06131,0,0,0,0,0,0.00118,0.00725,0,0.00666,0.01259,0,0,0.00456,0,0.03487,0,0.04955,0,0.0203,0.00381,0,0,0,0.00442,0.24637,0.02207,0,0,0,0,0,0,0,0.00121,0,0,2.90412,0,0,0,0,0,0,0.01307,0,0,0,0,0.00607,0,0.06214,0,0.00049,0,0,0,0,0,0,0
"A027",0,0,0.00431,0,0.00282,0.0044,0,0,0,0.00236,0,0.00077,0.00245,0,0.00568,0.01508,0,0.00385,0,0,0,0,0,0,0.0374,0,0,0,0,0.3524,0,0.24036,0,22.07552,0,0,0,0,0,0,0,0,0,0,0.00865,0,0.00963,10.11588,0,0.01334,0.14282,0,0,0,0,0,0,0,0,0,0.18127,0,0,0,0,0,0.86943,0,0,0.87282,0.21146,0.00062,0,4.54959,0,0.51347,0,0,0,0,0,0,0.43065,2.32804,8.7933,3.82083,0.28161,0,0,0,0,0,1.62084,0,0,0,0,0.82365,0.00634,0,0,0,0.00786,0,0,0.10071,0,0.59513,0.17826,0,0,0,0,0,0,0,0,0,0,0,0,0,0,0,0,0,0,0,0,0,0,0,0,0,0.00826,0,0.00336,0,0,0,0.00184,0,0,0.02549,0,4.037,0,0,0,0,0.00704,0,0,0,0.11988,0,0,0,0,0,0,0,0,0,0,0,0,0,0,0,0,0,0,0,0,0,0,0,0,0,0,0,0,0,0,0,0.14034,0,0,0,0,0,0,0,0,0,0,0,0.44166,0,0,0,0,0,0,0,0,0,0,0,0,0,0,0,0,0,0,0,0,0,0,0,0,0,0,0,0,0,0.52329,0,0,0,0,0,0,0,0,0,0,0,0,0,0,0,0.00466,0,0,0.00676,0,0.32983,0,0,0,5.77111,0,0,0,0,0,0,0,0,0,0.04834,0,0,0,0,0.9903,0,0,0,0,0,0.00194,12.03723,0,0,0,0,0,0,0,0,0,0,0.12159,0,0,0,0,0,0,0,0,0,0,0,0,0,0.15893,0,0,0,0,0.22765,0,0,0,0.05464,0,0.1383,0.43858,0,0,0,0,0,0,0,0,0,0,0,0,0.02371,0,0,0,0,0,0,0,0,0,0,0.00439,0.01491,0,0,0,0,0,0,0,0,0,0,0,0,0,0,0,0,0,0,0,0,0,0,0,0,0,0,0,0,0,0,0,0,0,0,0,0,0,0,0,0,0.0816,0,0,0,0,0,0,0,0,0,0,0,0,0.00863,0,0,0,0,0,0.00352,0,0,0,0,0,0,0,1.44793,0,0,0,0,0,0,0,0,0,5.17739,0.04726,0,0,0,0,0,0,0,0,0,0,0,0,0,0,0,0.06205,0,0,0,0,0,0,0,0,0,0,0,0,0,0,0,0,0,0,0,0,0,0,0,0,0,0,0,0,0,0,0,0,0,0,0,0,0,0,0,0,1.47825,0,0.04297,0,0,0,0,0,0,0,0,0,0.00475,0,0.24316,0,0.01701,0,0,0.00589,1.36657,0,0,0,0,0,0,0,0,0,0,0,0.53506,0,0,0,0,0.88706,0,0,0,0,0,0,0.00913,0,0,0,0,0,0,0,0,0,0.00032,0,0,0.01537,0,0,0,0,0.15439,0,0,0,0,0,0,0,0,0,0.22252,0,3.27558,0,0,0,0,0,0,0.0047,0,0,0,0.00068,0,0,0.00325,0,0,0.00037,0,0,0,0,0,0
"A026",0,0,0,0,0,0,0,0,0,0,0,0,0,0,0,0,0,0,0,0,0,0,0,0,0.00548,0,0,0,0.00022,0.00369,0,0.01068,0,0.90652,0.00266,0,0,0,0,0.00687,0,0,0,0,0,0,0,0.00324,0,0,0,0,0,0,0,0,0,0.29911,0.00016,0,2.04101,0,0,0.00382,0,0,0.00668,0,0.01854,0.00254,1.4481,0,0,0.0437,8.61271,0.00242,0,0,0,0,0,0,0.34881,0.09383,0.1014,1.96429,0.01361,0.24219,0.03314,0,0,0,0.01642,0,0.03052,0,0,0.01859,0,0,0,0,0,0,0,0,0,0.0068,0,0,0,0,0,0,0,0,0,0,0,0,0,0,0,0,0,0,0,0,0,0,0,0,0,0,0,0,0,0,0,0,0,0,0,0,0,0,0,0,0,0,0,0,0,0,0.37083,0,0,0,0,0,0,0,0,0,0.04484,0,0,0,0,0,0,0,0.00126,0,0,0,0,0,0,0,0,0,0,0,0,0,0,0,0,0,0,0,0,0,0,0,0,0,0.06064,0,0,0,0,0,0,0.00221,0.0033,0.39539,0,0,0,0,0,0,0,0.00024,0,0,0,0,0,6.29946,0,0,0.00431,0.01157,0,0,0,0,0,0,0,0,0,0,0,0,0,0,0,0,0,0,0,0,0,0,0,0.01297,0,0,0.0331,0.00247,0,0,0.01745,0.41284,0,0,0,0,0,0,0,0,0,0,0.01054,0,0,0,0,0,0,0.40666,0,0,0,0,0,0,0,0,0.00269,0,0,0,0,0,0,0,0,0,0,0,0,0,0,0,0,0,0,0,0,0.00217,0,0,0,0,0,0.03039,0.01008,0,0,0,0,0,0,0,0,0,0.00993,0,0,0,0,0,0,0,0,0,0,0,0,0,0,0,0,0,0,0,0.0515,0.00357,0,0,0,0,0,0,0.18281,0,0,0,0,0,0,0,0,0,0,0,0,0,0,0,0,0,0,0,0,0,0,0,0,0,0,0,0,0,0,0,0,0,0,0,0,0,0,0,0,0.15645,0,0,0,0,0,0,0,0,0,0,0,0,0,0.07997,0,0,0,0,0.11684,0,0.00193,9e-04,0,0.34637,0,0,0,0.33664,0,0,0,0,0.07038,0,0,0,0,0,0,0,0.01003,0,0,0,0,0,0,0,0,70.39634,0,0,0,0,0,0,0,0,0,0,0,0,0,0,0,0,0,0,0,0.50494,0,0,0,0,0,0,0,0,0,0,0.02001,0.07229,0,0.8788,0,0,0.0022,0,0,0,0,0,0,0,0,0,0,0.04701,0,0,0,1.54503,0,0,0,0,0,0,0,0,0,0,0.55719,0,0,0,0,0,0,0,0,0,0,0,0,0.00493,0,0,0.00048,0,0,0,0,0,0,0.00573,0,0,0,0,0,0,0,0.0219,0,0,0,0,0,0,0,0,0,0,0,0.01618,0.00639,0,0.09722,0,0,0,0,0,0,0.03285,0,0,0,0,0,0,0,0,0,0,0,0,0
"A025",0,0,0,0,0,0,0,0,0,0,0,0,0,0,0.0027,0,0,0.00048,0,0,0,0,0,0,0.011,0,0,1.64773,0.14862,0.97875,0.02194,1.83602,0,55.68623,0.43452,0,0,0,0,0.00477,0,0,0,0,0.01922,0,0,0.12858,0,0.00218,7e-04,0,0,0,0,0,0,0,0.20178,0,0,0,0,0,0,0.01106,0.60097,0.2049,0,0.193,0,0.00313,0,0.00841,0,0.02976,0,0,0,0,0,0,0.09277,0.0323,0.24482,1.40864,0.0756,0,1.0082,0,0,0,0.12678,0.25768,0.06166,0,0.01257,0.02377,0,0,0,0,0,0,0,0.00137,0,0,0,0,0,0,0,0,0,0,0,0,0,0,0.02844,0,0,0,0,0,0,0,0,0,0,0,0,0,0,0,0,0,0,0,0,0,0,0.00023,0,0.60802,0.00148,0,0,0,0,0.04772,0,0.00876,0.00845,0,0,0.11818,0,0,0,0,0,0,0,0,0,0,0,0,0.03744,0,0,0,0,0,0,0,0,0,0,0,0,0,0,0,0.02349,0,0,0,0,0,0,0,0,0,0,0,0.17322,0,0,0,0.01116,0,0,0,0.03736,0.38136,0,0,0,0.00021,0,0,0,0,0,0,0,0,0,3.89305,0,0,0.29897,0.05131,0,0,0.0042,0,0,0.0205,0,0,0,0,0.00184,0,2.61428,0,0,0,0,0,0,0,0,0,0,0.03533,0,0,0,0.07682,0,0,0,1.42992,0,0,0,0,0,0,1.02952,0,0,0.04114,0.06946,0.00802,0,0,0,0,0.02877,0.73623,1.14514,0.07207,0,0,0,0.01591,0.00332,0,0.07141,0.34909,0.09439,0,0,0.01502,0,0,0,0,0,0,0,0,0,0,0.00881,0,0,0,0,2.2121,0,0,0.07079,0.01614,0.0059,0.01604,0.34398,0,0,0,0,0,0,0,0,0,0.18266,0,0,0.0127,0,0,0,0,0,0,0,0,0.04959,0,0,0,0.00574,0,0,0,0.01913,0.0013,0.01614,0,0,0.00223,0,0,0,0,0,0,0,0,0,0,0,0,0,0,0,0,0,0,0,0,0,0,0,0.0056,0,0,0,0,0,0,0,0,0,0,0,0,0,0.0074,0,0,0,0,0,0.00074,0,0,0,0,0,0,0,0,0,0,0,0,0,1.41617,0,0,0,0,0.07484,0,0,0.22784,0,5.80711,0,0,0,0,0,0,0,0,0.004,0,0,0,0,0,0,0,0.02138,0,0,0,0,0,0,0,0,0,0,0,0,0,0,0,0,0,0,0,0,0,0,0,0,0,0,0,0,0.56778,0,0.00127,0,0,0,0,0,0,0,0,0.3083,0.00391,0.07986,0.25413,0,0,0,0,0,0,0,0,0,0,0,0.22027,0.03405,6.42645,0,0,0.04558,0,0,0.40098,0.25588,0,0,0,0,0,0,0,0,0.58007,0,0,0,0,0,0,0,0,0,0,0,0.00429,0,0,0,0,0,0,0,0,0,0,0,0,0.00393,0,0,0,0,0.06224,0,0,0,0,0,0,0,0,0,0.00142,0,0.61789,0.46922,0,0,0,0,0,0,0,0.00011,0.02017,0,0,0,0,0,0,0,0,0,0,0,0,0
"A002",0,0.00039,0,0,0,0.24342,0.00119,0.00641,0.00086,0.00633,0.02713,0.01176,0.04043,0.00503,0.4092,0.13527,0,0.01626,0.01342,0.0167,0,0,0,0,0.03534,0,0,0,0,0,0,0,0,0,0,0,0,0,0,0,0.00159,0,0,0,0,0,0,22.60147,0,0,0,0,0.02527,0,0,0,0,0,0,0,0,0,0,0,0,0,0.14778,0,0,0,0,0,0,0.41056,0,0,0,0,0,0,0,0,0.10915,0.03316,0.10513,28.0001,0,0,0,0,0,0,6.31598,14.52821,0,5e-04,0,0.13125,0,0,0.08175,0,0,0,0,0.02017,0,0,0,0,0,0,0,0,0,0.00058,0,0,0,0,0,0,0.00421,0,0,0,0.00424,0,0,0,0,0,0,0,0,0,0,0,0,0,0,0,0,0.00066,0,0,0,0,0,0,0,0,0,0,0.02933,0,0,0,0,0,0,0,0,0,0,0,0,0,0,0,0,0,0.04981,0,0,0,0,0,0,0,0,0,0,0,0,0,0,0,0,0,0,0,0,0,0,0,0,0,0,0,0,0,0,0,0,0,0.2604,1.16109,0,0,0.01455,0.01509,0,0,0,0,0,0,0,0.0301,0,0,0,0,0.57597,0.4703,0,0,0.04053,0,0,0,0,0,0,0,0,0,0.06317,0,0,0,0,0.00241,0,0,0,0,0,2.63363,0,0,0,0,0,0,0.20963,3.73336,0,0,0,0,0,0,0,0.0098,0,0,0.40607,0.02659,0,0,0,0.03458,0,0.61681,0,0,0,0,0,0,0,0,0,0,0,0,0,0,0,0,0,0,0,0,0,0,0,0,0.00255,0,0,0,0,2.41615,0,0,0,0,0,0,1.43241,0,0,0,0,0,0,0.00064,0,0.00851,0.00023,0,0,0,0,0,0.00372,0,0.27618,0,0,0,0,0,0,0.2929,0,0,0.06976,0,0.13936,0.00721,0.06012,0,0,0,0,0,0,0,0,0,0,0.01942,0,0,0,0,0,0,0,0,0,0,0,0,0,0,0,0,0,0,0,0,0,0,0,0,0,0,0,0,0,0,0,0,0,0,0,0,0,0,0,0,0,0.01658,0,0,0,0,0,0,0,0,0,0,0,0,0,0,0,0,0,0,0,0,0,0.13494,0,0.00436,0,0,0,0,0,0,9e-04,0,0,0,0,0,0,0,0,0,0,0,0,0,0,0,0,0,0,0,0,0,0,0,0,0,0,0,0,0,0,0,0.01166,0,0,0,0,0,0.00152,0,0,0.00312,0,0.01051,0.08362,0.02128,0,0,0,0,0,0,0,0,0.00099,0.00814,0.02156,0,0,0,0,0.11233,0,0,1.536,0,0,0,0,0,0,0,0,0,0,0,4.87817,0,0.06541,0,0,0.01986,0,0,0,0,0,0,0.00885,0.00235,0,0,0.01471,0.0025,0.00309,0.00813,0,0.01425,0,0.07326,0.00194,0.06366,0.8999,0,0.00341,0,0.00122,2.26958,0.07708,0,0,0,0,0.0039,0,0,0,0,0.00064,0.83555,0,0,0,0,0.00849,0,0.05092,0,0,0,0.00645,0.07068,0.00069,0.02576,0,0.00227,0.01525,0,0.0012,0,0,0,0
"A001",0,0,0,0,0,0,0,0,0,0,0,0,0,0,0.00261,0,0,0,0,0,0,0,0,0,0.17125,0,0,0.92432,0.05534,0.02818,0,0.22851,0.00361,3.66951,0.11847,0,0,0,0,0,0,0,0,0,0,0,0,1.00082,0,0.00753,0.0246,0,0,0,0,0,0,1.46165,0,0.03903,0,0,0.03835,0,0,1.97658,0,0,0,0.10783,0.86521,0.00423,0,0.68588,0,0,0,0.06841,0,0,0,0,5.19056,0.05515,4.48631,12.80574,0.40298,0.46018,2.54265,0,0,0,0.01764,1.06552,0.17788,0,0,1.19133,0,0.00836,0.00636,0,0,0.0738,0,0.04593,0,0.00019,0,0.00588,0,0,0,0,0,0,0,0,0,0,0.0029,0,0,0,0,0,0,0,0,0,0,0.0106,0,0,0,0,0.04357,0,0,0.01348,0.00172,0,0,0,0.00368,0.00154,0.00107,0,0,0,0,0,0,0.05528,0.36754,0,0,1.11591,0,0,0,0,0,0,0,0,0.00466,0,0,0,0,0,0,0.201,0,0,0,0,0,0,0,0,0,0,0,0,0.1587,0,0,0,0,0,0.00315,0,0,0,0,0.01563,0.81738,0,0,0,0,0,0.26705,0.02231,0.36745,0.73681,0,0,0,0,0,0,0,0,0,0,0,0,0,0,0,0,0.21439,0.68591,0,7e-04,0.01326,0,0,0.00526,0,0,0,0,0,0,0,0,0,0,0,0,0,0,0,0,0,0.35692,0,0,0.19631,1.14984,0,0,0.16941,5.48989,0,0,0,0,0.09474,0.00601,0,0.08275,0.36382,0,0.25875,0.03011,0,0,0,0,0.16266,15.21823,0,0,0,0,0,0.14524,0.15951,0,1.38334,0,0.16318,0,0,0,0.00741,0,0,0,0,0,0.00075,0,0,0.5053,0.02109,0,0,0,0,0.87824,0,0.01036,0.43916,0,0.00229,0.08057,2.73387,0,0,0,0,0,0,0,0,0,0.09313,0,0,0.00676,0,0,0,0,0,0,0,0.00047,0,0.10071,0.00838,0,0.00556,0,0,0,0,0,0,0,0,0,0,0,0.49151,0,0,0,0,0,0,0,0,0,0.00828,0,0,0,0,0.00706,0,0,0,0,0,0,0,0,0,0,0,0,0.00209,0,0,0,0,0,0,0,0,0,0,0,0,0,0,0,0,0,0,0,0,0,0,0,0,0,0,1.00318,0,0,0,0,0.80648,0,0.12986,0,0,1.42532,0.0095,0,0.22448,0,0,0,0,0,0.23059,0,0,0,0,0,0,0,0.67658,0,0,0,0,0,0,0,0,0,0,0,0,0,0,0,0,0,0,0,0,0,0,0,0,0,0,0,0,0.06986,0.19135,0,0,0,0,0,0,0,0,0,3.30588,0.32064,0.01509,6.63153,0,0,0,0,0.81978,0.08166,0,0,0,0,0,0.18744,0.90119,4.95899,0.02096,0,0,0,0.01111,0,0,0,0,0,0,0,0,0,0.29811,0.02488,0,0,0,0,0,0,0,0,0,0,0,0.00613,0,0,0,0,0,0,0,0,0,0,0,0,0,0,0,0,0,0.00614,0,0,0,0,0,0,0,0,0,0.00226,0,0.14611,0.50812,0,0,0,0,0,0,0,0,0.99255,0,0,0,0,0,0,0,0,0,0.00914,0.00197,0,0
