"","sample_id","Acetobacter_sp_CAG_267","Acidaminococcus_intestini","Actinomyces_graevenitzii","Actinomyces_massiliensis","Actinomyces_naeslundii","Actinomyces_odontolyticus","Actinomyces_oris","Actinomyces_sp_HMSC035G02","Actinomyces_sp_HPA0247","Actinomyces_sp_ICM47","Actinomyces_sp_oral_taxon_181","Actinomyces_sp_S6_Spd3","Agathobaculum_butyriciproducens","Aggregatibacter_aphrophilus","Aggregatibacter_segnis","Akkermansia_muciniphila","Alistipes_finegoldii","Alistipes_indistinctus","Alistipes_inops","Alistipes_obesi","Alistipes_onderdonkii","Alistipes_putredinis","Alistipes_shahii","Alistipes_timonensis","Allisonella_histaminiformans","Alloprevotella_tannerae","Alloscardovia_omnicolens","Anaerococcus_vaginalis","Anaerofilum_sp_An201","Anaerofustis_stercorihominis","Anaeromassilibacillus_sp_An250","Anaerostipes_caccae","Anaerostipes_hadrus","Anaerotruncus_colihominis","Anaerotruncus_sp_CAG_528","Asaccharobacter_celatus","Atopobium_parvulum","Azospirillum_sp_47_25","Azospirillum_sp_CAG_260","Bacteroides_caccae","Bacteroides_cellulosilyticus","Bacteroides_coprocola","Bacteroides_dorei","Bacteroides_eggerthii","Bacteroides_faecis","Bacteroides_finegoldii","Bacteroides_fragilis","Bacteroides_galacturonicus","Bacteroides_intestinalis","Bacteroides_massiliensis","Bacteroides_nordii","Bacteroides_ovatus","Bacteroides_plebeius","Bacteroides_salyersiae","Bacteroides_sp_CAG_1076","Bacteroides_sp_CAG_443","Bacteroides_sp_CAG_754","Bacteroides_sp_D2","Bacteroides_stercoris","Bacteroides_thetaiotaomicron","Bacteroides_uniformis","Bacteroides_vulgatus","Bacteroides_xylanisolvens","Barnesiella_intestinihominis","Bifidobacterium_adolescentis","Bifidobacterium_angulatum","Bifidobacterium_animalis","Bifidobacterium_bifidum","Bifidobacterium_breve","Bifidobacterium_catenulatum","Bifidobacterium_dentium","Bifidobacterium_longum","Bifidobacterium_pseudocatenulatum","Bifidobacterium_pullorum","Bilophila_wadsworthia","Blastocystis_sp_subtype_1","Blautia_hydrogenotrophica","Blautia_producta","Blautia_sp","Blautia_sp_AF19_10LB","Blautia_sp_An249","Blautia_sp_CAG_257","Blautia_sp_CAG_52","Blautia_wexlerae","Butyricimonas_sp","Butyricimonas_synergistica","Butyricimonas_virosa","Butyrivibrio_crossotus","Butyrivibrio_sp_CAG_318","Campylobacter_hominis","Candidatus_Gastranaerophilales_bacterium","Candidatus_Gastranaerophilales_bacterium_HUM_10","Candidatus_Gastranaerophilales_bacterium_HUM_11","Candidatus_Gastranaerophilales_bacterium_HUM_21","Candidatus_Melainabacteria_bacterium_35_41","Candidatus_Methanomassiliicoccus_intestinalis","Candidatus_Saccharibacteria_oral_taxon_TM7x","Candidatus_Stoquefichus_sp_KLE1796","Catabacter_hongkongensis","Christensenella_minuta","Citrobacter_europaeus","Clostridiales_bacterium_1_7_47FAA","Clostridiales_bacterium_KLE1615","Clostridiales_Family_XIII_bacterium","Clostridium_aldenense","Clostridium_asparagiforme","Clostridium_bolteae","Clostridium_celatum","Clostridium_citroniae","Clostridium_clostridioforme","Clostridium_disporicum","Clostridium_hathewayi","Clostridium_hylemonae","Clostridium_innocuum","Clostridium_lactatifermentans","Clostridium_lavalense","Clostridium_leptum","Clostridium_neonatale","Clostridium_oroticum","Clostridium_paraputrificum","Clostridium_perfringens","Clostridium_saccharolyticum","Clostridium_scindens","Clostridium_sp_44_14","Clostridium_sp_AF36_4","Clostridium_sp_AM22_11AC","Clostridium_sp_CAG_122","Clostridium_sp_CAG_12237_41","Clostridium_sp_CAG_138","Clostridium_sp_CAG_167","Clostridium_sp_CAG_169","Clostridium_sp_CAG_217","Clostridium_sp_CAG_221","Clostridium_sp_CAG_226","Clostridium_sp_CAG_230","Clostridium_sp_CAG_242","Clostridium_sp_CAG_245","Clostridium_sp_CAG_253","Clostridium_sp_CAG_265","Clostridium_sp_CAG_269","Clostridium_sp_CAG_273","Clostridium_sp_CAG_277","Clostridium_sp_CAG_288","Clostridium_sp_CAG_299","Clostridium_sp_CAG_302","Clostridium_sp_CAG_306","Clostridium_sp_CAG_349","Clostridium_sp_CAG_354","Clostridium_sp_CAG_356","Clostridium_sp_CAG_389","Clostridium_sp_CAG_413","Clostridium_sp_CAG_417","Clostridium_sp_CAG_433","Clostridium_sp_CAG_440","Clostridium_sp_CAG_451","Clostridium_sp_CAG_452","Clostridium_sp_CAG_470","Clostridium_sp_CAG_492","Clostridium_sp_CAG_505","Clostridium_sp_CAG_510","Clostridium_sp_CAG_58","Clostridium_sp_CAG_594","Clostridium_sp_CAG_609","Clostridium_sp_CAG_628","Clostridium_sp_CAG_75","Clostridium_sp_CAG_780","Clostridium_sp_chh4_2","Clostridium_sp_D5","Clostridium_spiroforme","Clostridium_symbiosum","Collinsella_aerofaciens","Collinsella_intestinalis","Collinsella_tanakaei","Coprobacillus_cateniformis","Coprobacillus_sp_CAG_605","Coprobacter_fastidiosus","Coprobacter_secundus","Coprobacter_sp","Coprococcus_catus","Coprococcus_comes","Coprococcus_eutactus","Coprococcus_sp_CAG_782","Corynebacterium_argentoratense","Desulfovibrio_piger","Desulfovibrionaceae_bacterium","Dialister_invisus","Dialister_sp_CAG_357","Dielma_fastidiosa","Dorea_formicigenerans","Dorea_longicatena","Dorea_sp_CAG_317","Dorea_sp_OM02_2LB","Eggerthella_lenta","Eggerthella_sp_CAG_1427","Eggerthella_sp_CAG_209","Eggerthella_sp_CAG_298","Eisenbergiella_massiliensis","Eisenbergiella_tayi","Enterococcus_faecium","Enteroscipio_rubneri","Erysipelatoclostridium_ramosum","Erysipelotrichaceae_bacterium_3_1_53","Escherichia_coli","Eubacterium_biforme","Eubacterium_brachy","Eubacterium_callanderi","Eubacterium_dolichum","Eubacterium_eligens","Eubacterium_hallii","Eubacterium_limosum","Eubacterium_ramulus","Eubacterium_rectale","Eubacterium_siraeum","Eubacterium_sp_36_13","Eubacterium_sp_AF17_7","Eubacterium_sp_CAG_115","Eubacterium_sp_CAG_161","Eubacterium_sp_CAG_180","Eubacterium_sp_CAG_192","Eubacterium_sp_CAG_251","Eubacterium_sp_CAG_274","Eubacterium_sp_CAG_38","Eubacterium_sp_CAG_581","Eubacterium_sp_OM08_24","Eubacterium_ventriosum","Faecalibacterium_prausnitzii","Faecalibacterium_sp_CAG_74","Faecalibacterium_sp_CAG_74_58_120","Firmicutes_bacterium_AF16_15","Firmicutes_bacterium_AM10_47","Firmicutes_bacterium_CAG_102","Firmicutes_bacterium_CAG_103","Firmicutes_bacterium_CAG_110","Firmicutes_bacterium_CAG_114","Firmicutes_bacterium_CAG_124","Firmicutes_bacterium_CAG_129","Firmicutes_bacterium_CAG_137","Firmicutes_bacterium_CAG_145","Firmicutes_bacterium_CAG_170","Firmicutes_bacterium_CAG_176","Firmicutes_bacterium_CAG_194","Firmicutes_bacterium_CAG_238","Firmicutes_bacterium_CAG_240","Firmicutes_bacterium_CAG_24053_14","Firmicutes_bacterium_CAG_321","Firmicutes_bacterium_CAG_345","Firmicutes_bacterium_CAG_41","Firmicutes_bacterium_CAG_424","Firmicutes_bacterium_CAG_449","Firmicutes_bacterium_CAG_460","Firmicutes_bacterium_CAG_466","Firmicutes_bacterium_CAG_475","Firmicutes_bacterium_CAG_56","Firmicutes_bacterium_CAG_65_45_313","Firmicutes_bacterium_CAG_83","Firmicutes_bacterium_CAG_94","Firmicutes_bacterium_CAG_95","Flavonifractor_plautii","Flavonifractor_sp_An100","Fusicatenibacter_saccharivorans","Fusobacterium_gonidiaformans","Fusobacterium_nucleatum","Gemella_sanguinis","Gemmiger_formicilis","Gordonibacter_pamelaeae","Gordonibacter_sp_An232A","Gordonibacter_urolithinfaciens","Granulicatella_elegans","Haemophilus_parainfluenzae","Haemophilus_pittmaniae","Haemophilus_sp_HMSC71H05","Haemophilus_sputorum","Harryflintia_acetispora","Holdemania_filiformis","Intestinibacter_bartlettii","Intestinimonas_butyriciproducens","Klebsiella_pneumoniae","Lachnoclostridium_sp_An131","Lachnoclostridium_sp_An138","Lachnoclostridium_sp_An76","Lachnospira_pectinoschiza","Lachnospiraceae_bacterium_OF09_33XD","Lachnospiraceae_bacterium_OF09_6","Lactobacillus_casei_group","Lactobacillus_fermentum","Lactobacillus_reuteri","Lactobacillus_ruminis","Lactobacillus_salivarius","Lactococcus_lactis","Lautropia_mirabilis","Lawsonibacter_asaccharolyticus","Lentisphaerae_bacterium","Massiliomicrobiota_timonensis","Mediterraneibacter_sp_KCTC_15684","Megamonas_funiformis","Megasphaera_sp_DISK_18","Mesosutterella_multiformis","Methanobrevibacter_smithii","Mogibacterium_diversum","Monoglobus_pectinilyticus","Mycoplasma_sp_CAG_956","Odoribacter_splanchnicus","Oscillibacter_sp_57_20","Oscillibacter_sp_CAG_241","Oscillibacter_sp_PC13","Parabacteroides_distasonis","Parabacteroides_goldsteinii","Parabacteroides_johnsonii","Parabacteroides_merdae","Paraprevotella_clara","Paraprevotella_xylaniphila","Parasutterella_excrementihominis","Parvimonas_micra","Peptoclostridium_difficile","Phascolarctobacterium_faecium","Phascolarctobacterium_sp_CAG_266","Phascolarctobacterium_succinatutens","Porphyromonas_asaccharolytica","Porphyromonas_endodontalis","Porphyromonas_sp_31_2","Porphyromonas_sp_HMSC065F10","Prevotella_bivia","Prevotella_buccalis","Prevotella_copri","Prevotella_corporis","Prevotella_disiens","Prevotella_nigrescens","Prevotella_sp_CAG_279","Prevotella_sp_CAG_891","Prevotella_timonensis","Propionibacterium_acnes","Propionibacterium_freudenreichii","Propionibacterium_propionicum","Proteobacteria_bacterium_CAG_139","Proteobacteria_bacterium_CAG_495","Pseudoflavonifractor_capillosus","Pseudoflavonifractor_sp_An184","Pseudomonas_fragi","Pseudomonas_lundensis","Romboutsia_ilealis","Roseburia_faecis","Roseburia_hominis","Roseburia_intestinalis","Roseburia_inulinivorans","Roseburia_sp_CAG_100","Roseburia_sp_CAG_10041_57","Roseburia_sp_CAG_182","Roseburia_sp_CAG_197","Roseburia_sp_CAG_303","Roseburia_sp_CAG_309","Roseburia_sp_CAG_471","Rothia_mucilaginosa","Ruminococcaceae_bacterium_D16","Ruminococcaceae_bacterium_D5","Ruminococcaceae_bacterium_KLE1738","Ruminococcus_bicirculans","Ruminococcus_bromii","Ruminococcus_callidus","Ruminococcus_champanellensis","Ruminococcus_gnavus","Ruminococcus_lactaris","Ruminococcus_obeum","Ruminococcus_sp_37_24","Ruminococcus_sp_AF31_8BH","Ruminococcus_sp_CAG_177","Ruminococcus_sp_CAG_254","Ruminococcus_sp_CAG_330","Ruminococcus_sp_CAG_353","Ruminococcus_sp_CAG_382","Ruminococcus_sp_CAG_403","Ruminococcus_sp_CAG_488","Ruminococcus_torques","Ruthenibacterium_lactatiformans","Saccharomyces_cerevisiae","Sanguibacteroides_justesenii","Sarcina_ventriculi","Sellimonas_intestinalis","Senegalimassilia_anaerobia","Slackia_exigua","Slackia_isoflavoniconvertens","Slackia_piriformis","Solobacterium_moorei","Staphylococcus_epidermidis","Streptococcus_anginosus_group","Streptococcus_australis","Streptococcus_gordonii","Streptococcus_infantis","Streptococcus_lutetiensis","Streptococcus_mitis","Streptococcus_mutans","Streptococcus_oralis","Streptococcus_parasanguinis","Streptococcus_pleomorphus","Streptococcus_pseudopneumoniae","Streptococcus_salivarius","Streptococcus_sanguinis","Streptococcus_sp_A12","Streptococcus_sp_F0442","Streptococcus_thermophilus","Subdoligranulum_sp","Subdoligranulum_sp_APC924_74","Sutterella_sp_CAG_351","Sutterella_sp_CAG_397","Sutterella_wadsworthensis","Turicibacter_sanguinis","Turicimonas_muris","Tyzzerella_nexilis","Tyzzerella_sp","Veillonella_atypica","Veillonella_dispar","Veillonella_infantium","Veillonella_parvula","Veillonella_rogosae","Veillonella_sp_DORA_A_3_16_22","Veillonella_tobetsuensis","Victivallales_bacterium_CCUG_44730","Victivallis_vadensis"
"1","MS136",0.0354398,0,0,0,0,0,0,0,0,0,0,0,0.0005541,0,0,0.0030498,0.0095552,0.0015773,0,0.0084387,0,0.1839022,0.0103934,0,0,0,0,0,0,0,0,0,0.019372,0,0,0.0012661,0,0,0,0.0007328,0,0,0.0692947,0,0,0,0,0,0,0.0044913,0.0024824,0.004087,0,0.0001464,0,0,0,0,0.0416716,0.0050347,0.0382813,7.7e-06,0.0100938,0,0,0,0,0,0,0,0,0,0,0,0,0,0,0,0,0,0,0,0.0020134,0.0007232,0,0.001202,4.49e-05,0,0,0,0,0,0,0.0053393,0,0,0,0,0,0,0,0,0.0001685,0.0001089,0,0,0,0,0,0,0.000142,0,0,0,0,0,4.36e-05,0,0,0,0,0,0,0,0.0005644,9.32e-05,0,0,0,0,0,0,0,0,0,0,0,0.0022233,0,0.0041787,0,0,0,1.61e-05,0,0.006377,0,0,0,0,0,0,0,0,0,0,0.0094049,0,0,0,0.0007501,0,0,0.0265554,0.0020193,0,0,0,0,0,0,0,0,0,0,0,0,0,0.0001026,0.0013498,0,0,0,0,0,0,0,0,0.0018186,0.0028876,0,0,0.0007945,0,0,5.6e-06,0,0,0,0,0,0,0.0001576,0,0,0,0,0.0264206,0.004316,0,0.0014462,0.0616908,0.052948,0,0,0,0,0.0365474,0.0011901,0,0,0.0038889,0,4.89e-05,0.0019364,0.0395944,0.0289923,0.0027268,0.0016819,0,0,0.000171,0,0.0004761,0.0028724,0.0337573,0.0031461,1.73e-05,0,0,0,0,0,0.0001004,0,0,0.0020625,0,0,0.0002765,0,0,0.012413,0.0023087,0.0105212,0,9.6e-06,0.0007545,0,0.0020705,0,0,0,0.0002551,0.0001884,0,0,0,0.0001453,0,0,0,0,0.0004653,0.0003863,0.0002027,0,0,0,0,0.0046209,0,0.000267,0,0,0,0,0,0,0,0,0,0,2.47e-05,0,0,0,0,0,0,0,0.0173383,0.0079025,0,0,0.0072794,0,0,0,0,0,0.0019838,0,0,0.0006382,0,0,0,0,0,0,0,0,0,0,0,0,0,0,0,0,0,0,0.0037852,0,0,0,0,0,0,0.000836,0.0509634,0,0.0083921,0.0001837,3.05e-05,0,0,0,0,0,0,0,0,0.0013029,0,0,0,0,0,0.0208487,0.0056936,0,0,0,0,0,0,0,0,0,0.0104061,0.000427,0,0,0,0,0,0,0,0,0,0,0,0,0,0,0,0,0,0,0,0,0,8.18e-05,0,0,0,0.0005333,0.0013219,0.0001533,0,0,0,0,0,0,0,0,0,0,0,0,0,0,0,0
"2","MS131",0,0,0,0,0,0,0,0,0,0,0,0,9.1e-05,0,3.6e-06,0.0001277,0.0012638,8.59e-05,0,6.05e-05,0,0.0196154,0.0032577,0,2.58e-05,0.0005108,0,0,0,0,0,0,0.0035881,0,0.0313005,0,0,9.8e-06,0,0.0186215,0.0003989,1.12e-05,3.76e-05,0,0,0.0014833,0.0008139,0,6.15e-05,0.0528592,0,6.04e-05,0,0.0018894,0,0,0,0,0.027109,0.0276176,0.0195846,0.2364402,0.0026832,0.0177821,3.65e-05,0,0,0,0,0,0,6.29e-05,0,0,0.0004848,0,0,0,0,0,0,0,4.63e-05,0.0001067,7.55e-05,0.0007974,0.0003021,0,0,0,0,0,0,0,0,0,0,0,0,0,0,0,1.53e-05,0,0,0,9.67e-05,0,3.21e-05,0,0,0,0,0,0,0,0,0,0,0,0,0,0,0,0,0.0026957,0.0001745,1.31e-05,0,0,0,0,0,0,0,0,0,0,0,0,0,0,0,0,0,0,0,0,0,0,0,0,0,0,0,0,0,0,0,0,0.0008842,0,0,0,0,8.2e-06,0,0,0,0,0.0023037,0,0,0,0,0.0088028,0,0,0.0002567,0.0008282,0.0001981,0,0,0.0018615,0,0,0,0,0.001381,0.0007142,0,0,0,0,0,0,0,0,0,0,0,0,0.0002216,0,0,0,0,0.0057252,0.0008007,0,0.0005861,0.0026787,0,0,0,0,0,0,0,0,0,0.0003105,0,0,0,0.0367635,0.0001061,0,0.0002015,0,0,0.0001499,2.57e-05,0.0002453,0.0001784,0.0013277,0,0,0,9.41e-05,0,0,0,0,0,7.13e-05,0.0006505,0,0,0,0,0,0.0060199,0,0.0006529,0,0,4.88e-05,0,0.0041554,0,7.6e-06,0,7.32e-05,0,0,0,6.34e-05,0.0005943,0,0,1.23e-05,0,0,0.0001103,6.9e-05,0,0,0,0,0,0,0,0,0,0,0,0,0.0002992,0,0,0,0,0,0.0002244,0,0,0,0,0,0,0.0380533,0.0032215,3.81e-05,0,0.0137275,0,0,0.0032232,0,0,0,0,0,0.0012397,0,0,2.2e-06,0.0001689,0,0,1.77e-05,0,0.3170162,0,0,0,0,0,0,0,0,0,0,0.0349262,0,0,0,0,0,0,1e-06,0,0.0003748,0,0,0,0,0,0,0,0,0,0,0.0006233,6.3e-06,0.0014906,0,0,1.9e-06,0,0.0006178,0,0,0,0,0,0,0,0,0,0.0077739,1.88e-05,0,0,0.0014227,0,0,0,0,4.44e-05,0,0,0,0,0,0,0,0.0002533,0,3.36e-05,0,0,0,0,0,0,0,0.000119,0.0003042,0.0005784,0,0,0.0139107,7.71e-05,0,0,0.0083745,4.48e-05,7.73e-05,0,0.0001772,0,0,0,0,0
"3","MS151",0,0,0,0,0,0,0,0,0,0,0,0,0.0002777,0,0,5.98e-05,0.0037914,0.0020473,0.0001021,0.0079578,0.0009426,0.0450952,0.0016576,0,0,0,0,0,0,0,0,0,0.0150245,0.0002149,0,0.0008325,0,0,0,0.0108717,5.52e-05,0,0.0178555,0,0,0,0.0087315,0.0167411,0.0187138,8.88e-05,9.79e-05,0.0051576,0,0,0,0,0.0027891,0,0.0196004,0.0160505,0.0744458,0.174181,0.0001414,7.24e-05,0.0064043,0.0011891,0,0.0087228,0,0,0,0.0032697,0.0007502,0,0.000485,0,0,0,0.0014068,0.0024193,0,0,0.0015039,1.62e-05,0.0001719,0,0.0003044,0,0,0,0,0,0,0,0,0,0,0,0,0,0,0,0.0006184,0.0008545,0,9.51e-05,0.0002306,0,0,0,0.000204,0,0,0,0,0,0.0002065,0,0,0,0,0,0,0,4.59e-05,0.0004361,0.0015662,0.0004205,0,0,0,0.0107559,0.0002852,0,0,0,0.0103013,0,3.46e-05,0,7.2e-05,0,0,0,0,0,0,0,0,0,0,0,0,0,0,0,0,0,0,0,0.0024911,0,0,0,0,0,0,0,1.62e-05,0,0.0017143,0,0,0,0,0,0.000857,0,0,0.0025318,0,0,0,0.0095369,0,0,0,9.38e-05,0.0003852,0.0031037,0,0,0,0,0.0003769,0,0,0,0,0,1.12e-05,0,0.0003929,0,0,0,0,0.027793,0.0038397,0,0.0008793,0.010451,0.0122884,0.0034245,0,0.0194438,0.00098,0.0018413,5.9e-06,0,0,0.0002576,0,0,0.0003605,0.0525364,0.0975376,0.0025188,0.0040477,6.92e-05,0,0.0014515,0.0020516,0.0011426,0.001534,0.0190045,0.0004622,0.0003877,0,0,0,0,0,6.91e-05,0,0.0264143,0.0004913,0,0,0,0,0,0.0041093,0,0.0139217,0,0,0.0022744,0,0.0060973,0,0,0,0.0031387,0.0001473,0,0,0,2.19e-05,0,3.96e-05,0,0,7.12e-05,0.0010966,0.0006607,0,0,0,0,0.0345363,0,0,0,0,0,0,0,0,0,0.0001218,0,0,0,0,0,0,0,0,0.000129,0,0.0058586,0.0098272,0.0021215,0,0.0079869,0.0011869,0,0.0258446,0,0,0.0006434,0,0,0.0069535,0,0,0,0,0,0,0,0,0.000252,0,3.56e-05,0,0,0,0,0,0,0,0.0014494,0,0,0,0,0,0,0.0139446,0.0005362,6.73e-05,0.0030006,0,0,0,0,0,0,0,0,0,0.0002693,0.0009165,0,0,0,0,0.0004724,0,0.0026553,0,7.26e-05,0,0,0,0,0,0,0,0.004282,0.000564,0,0,0,0,0,0,0,0,0,0,0,0,0,0,0,0,0,0,0,0,0,0.0002761,0,0,0,0.0001266,0.0096689,0.0003214,0,0,0.0243593,0.0006457,0,0,0,0,0.0001338,0,0,0,0,0,0,0
"4","MS163",0,0,0,4.19999958000004e-06,0.000101699989830001,3.09999969000003e-06,0,1.06999989300001e-05,0,0,0,0,0,0,0,0.0785495921450408,0.00796699920330008,0.00259149974085003,0,0.0100663989933601,0,0.0768955923104408,0.00480389951961005,0,0,0,0,0,0,0,0.000375099962490004,0,0.00347969965203003,0.000108999989100001,6.10999938900006e-05,0.000862199913780009,0,0,0,0.214720678527932,0,0,8.63999913600009e-05,0.00419469958053004,0.00317839968216003,0,0.00733059926694007,8.89999911000009e-06,2.32999976700002e-05,5.39999946000005e-05,0,0.00648279935172006,0,0,0,0,0,0.000615199938480006,0.00494099950590005,0.00260209973979003,0.0301760969823903,0.098655390134461,0.0100610989938901,0.00547629945237005,0.00498739950126005,0,0,0.00283249971675003,0,0.00444499955550004,0,0.00720369927963007,8.91999910800009e-05,0,0.000107999989200001,0,8.79999912000009e-06,0,0,0,0,0,0,3.79999962000004e-06,0,0,0,0,0,0.000151199984880002,0,0,0,0,0,0,0,0,0,0.000517399948260005,0,0,3.19999968000003e-06,0,0,0,0.000807999919200008,0,0.00353919964608004,0,0.00148409985159001,4.69999953000005e-05,0,0.000715199928480007,0,0,0.00392809960719004,0,0,0,0,0,0,0,0,0,1.54999984500002e-05,0,0,0,0,0,0.0097704990229501,0,0,0,8.09999919000008e-06,0,0.000380099961990004,0,0,0,0,0,0.0111814988818501,0,0,5.01999949800005e-05,0,0,0,2.05999979400002e-05,1.59999984000002e-06,0.000122399987760001,0,0,0,0,0,0,0.000120899987910001,0,0,0,0.000142999985700001,0,0,0,0.00146139985386001,0.000481199951880005,0.00227469977253002,0,0,0.0189064981093502,0,0,0,0.000661499933850007,0.00110179988982001,0.00385049961495004,0.000511199948880005,0,0,0,0,0,0,0,0.00200589979941002,0.00289679971032003,0,3.83999961600004e-05,0.000189399981060002,0.000119599988040001,0,0,0,0.00286849971315003,0,0,0,0,0,0,1.60999983900002e-05,0,0,0.000351599964840003,0.00501389949861005,0,1.77999982200002e-05,0.000182499981750002,0.00158199984180002,0.000112699988730001,0,0,0.000584799941520006,0.0102115989788401,0,0,0,4.39999956000004e-06,0,0,0,0.00371139962886004,0.000297399970260003,0.000170299982970002,0,0,0,0.00319049968095003,0.00571919942808006,0.00328469967153003,0.00359759964024004,0.00250189974981002,0,0.00353529964647004,0,0.138757086124291,1.81999981800002e-05,0,0,3.99999960000004e-06,0,0,0,0,0,0,0,0,1.65999983400002e-05,1.15999988400001e-05,0.00651209934879006,0,0,0.000705199929480007,0,0.00633709936629006,0,0,0,5.47999945200005e-05,0.000203299979670002,0,0,0,3.61999963800004e-05,0,0,0,0,0,0.00577859942214006,2.18999978100002e-05,0,0,0,0,7.75999922400008e-05,7.23999927600007e-05,0.000285699971430003,0,0,0,0,0,0,0,1.04999989500001e-05,1.25999987400001e-05,0,2.16999978300002e-05,0,0,0,0,0,0,0,6.37999936200006e-05,0.00097339990266001,3.77999962200004e-05,0,0.0102006989799301,0,0,4.85999951400005e-05,0,0,1.13999988600001e-05,0,0,0.00358549964145004,0,0,0,0,0,4.69999953000005e-06,0,3.07999969200003e-05,0.000452599954740005,0,0,0,0,6.39999936000006e-06,0,0,0,0,0,0,0,0,0,0,2.25999977400002e-05,8.79999912000009e-06,0.00296309970369003,0.000268499973150003,0.000652199934780007,0,0,0,3.59999964000004e-06,0,0,0,0,0,0,0.00341969965803003,6.49999935000006e-06,0.0694930930506907,0,0,0,0,0.000362699963730004,0,0,0.0282595971740403,1.61999983800002e-05,0,0,0,0,0,0.000650699934930006,0.00825499917450008,0,0,0,0,0,0,0,0.000504599949540005,0,0,0,0,0,0,0,0,0,0,0,0,0,0.000111699988830001,0,0,0,6.41999935800006e-05,0.000510499948950005,1.52999984700002e-05,0,0,0.000577399942260006,0.000612999938700006,0,0.000191899980810002,0,0,0,0,0,0,0,0,0,4.91999950800005e-05
"5","MS140",0,0,0,0,0,0,0,0,0,0,0,0,0.000797799441540391,0,0,0,8.22999423900403e-05,0,0,3.60999747300177e-05,0,0.0520890635376555,3.0699978510015e-05,0,0,0,0,0,0,0,0,0,0.0155270891310376,0.000154899891570076,0.107624424662903,0,0,0,0,0.0319438776392856,0,0,1.88999867700093e-05,0,0,0,0.0107610924672353,0.0107227924940453,0,0,0,0,0,0,0,0,0,0,0.000137999903400068,2.95999792800145e-05,0.000267899812470131,0.356936150144695,0.0937228343940159,9.07999364400445e-05,2.79999804000137e-06,0,0,0,0,0,0,0.010155992890805,8.7699938610043e-05,0,0,0,0,0,2.39999832000118e-06,0,0,0,0.00217529847729107,9.34999345500458e-05,0,0,0,0,0,0,0,0,0,0,0,0,0,0,0,0,0,0,0.000111599921880055,0,0,0,3.81999732600187e-05,0,3.50999754300172e-05,0,0.000298899790770146,0,0,0.00034699975710017,0,5.37999623400264e-05,0.000270199810860132,0,0,0,0,0,0,0,0,0.000296999792100146,0.00604719576696296,0.00232609837173114,0,0,0,0,0.000187399868820092,0,0,0,0,0,0,0,0,0,0,0,0,0,0,0,0,0,0,0,0,0,0,0,0,0,0,0,0,0,0,0,0.00208019854386102,0,0,0,0.000328999769700161,6.74999527500331e-05,0,0,0,0,0,0,0,0,0.00118539917022058,0.00112089921537055,0,0,0,0,0,0.0012244991428506,0,0.000229799839140113,0.000712899500970349,0.00390849726405191,0,0,0.0016400988519308,0,0,0,0,0,0,0,0.00012159991488006,0,0.00133699906410066,0,0,0,0,0.0145420898205371,0.00578599594980283,0,0,0.0192376865336194,0,0.00798699440910391,0,0,0,0,0,0,0,0.00752809473033369,0,0,0,0.0665433534196526,0,0,0.000486899659170239,4.44999688500218e-05,0,0,0,0,0,0,0,0.000296199792660145,0,0,0,0,0,0,0,0,0.00431479697964211,0,0,0,0,0,0.00210949852335103,4.6899967170023e-05,3.27999770400161e-05,0,0,0.00364209745053178,0,0.0118553917012258,0,0,0,0.000573899598270281,0,0,0,0,0.000377499735750185,0,0.000144599898780071,0,0,6.62999535900325e-05,0.00269319811476132,0,0,0,0,0,0.0382662732136088,0,0,0,0,0,0,0,0,0,0.000251299824090123,0,0,0,0,0,0,0,0,0.000314499779850154,0,5.82999591900286e-05,0.00884119381116433,0,0,2.35999834800116e-05,0,0,7.51999473600368e-05,0,0,0.016414088510138,0,0,0,0,0,0,0,1.05999925800052e-05,0,0,0,0.000195299863290096,0,0,0,0,0,0,0,0,0,0,0,6.3199955760031e-05,0,0,0,3.09999783000152e-06,0.0116899918170057,0.00276919806156136,0.0126342911559962,0.00863319395676423,9.24999352500453e-05,5.23999633200257e-05,0,0,0,0,6.19999566000304e-06,0,0,0,0,2.8499980050014e-05,0.0206631855357701,0,0,0.000287899798470141,0.00232609837173114,0.00234669835731115,0,1.29999909000064e-05,0,0,0,0,0,0,0,0.00271539809922133,0.000740999481300363,0,0,0,0,0,0,0,0,0,0,0,0,0,0,0,0,0,0,7.79999454000382e-06,0,0,0.000365299744290179,0,0,0,0,0.00366319743576179,0.000190299866790093,0,0,0,2.46999827100121e-05,0,0,0,9.46999337100464e-05,0.000309499783350152,5.75999596800282e-05,0,0,0,0,0,0
"6","MS158",0,0,5.40000324000194e-06,0,0,0,0,0,0,0,0,0,0.00171190102714062,0,0,0,0.0118496071097643,5.540003324002e-05,0.013764908258945,0.025124515074709,0,0.072202043321226,0.000115500069300042,0,0,0,0,0,0,0,0,0,0.00353110211866127,0.000465300279180168,4.20000252000151e-06,0.000203400122040073,0,0,0,0.128016876810126,4.50000270000162e-06,0,0.297306778384067,0,0,0,0.00381970229182138,0,0.000377500226500136,0,0.000133900080340048,0.00732930439758264,0,0,0,0,0,0,0.00460670276402166,0.00498050298830179,0.011164106698464,0.0112518067510841,5.40000324000194e-06,4.05000243000146e-05,0,0,0,0,0,0,0,0,0,0,0.00154480092688056,0,0,0,4.1600024960015e-05,1.90000114000068e-05,0,0,0.00107900064740039,0.00163250097950059,0,0,0,0,0,0,0,0,0,0,0,0,0,0,2.07000124200075e-05,0,0,0,0,0,2.10000126000076e-06,0,1.15000069000041e-05,0,0.000258400155040093,0,4.4300026580016e-05,0.00225290135174081,4.58000274800165e-05,0.000261200156720094,0,0,0.00376130225678135,0,0,0,0,0,0,0,0.000286200171720103,0.00129460077676047,0,0,0,0,0,0,0,0,0,0,0,0,0,0,0,0,0,0,0,0,0,0,0,0,0,0,0,0,0,0,0.00635700381420229,0,0,0,0,0,0,0,0,0,0,0,0.000880000528000317,0.000375100225060135,0.00142060085236051,0,0,0,0,0,0.00325260195156117,0,0,0.00437800262680158,3.6000021600013e-06,0,0,0,0,0,0,0.000901500540900324,0.0011063006637804,0.00426400255840154,0,0,0.000114400068640041,0,0,0.000129400077640047,0,0.00102540061524037,0,0,0,0,0.00252010151206091,0,0,0,0,0.00883680530208318,0.00254000152400091,0,0,0.0199154119492472,0.0077597046558228,0,0,0,0,0,0,0,0,0.00200720120432072,0,0,0,0.0461933277159966,1.69000101400061e-05,0,0.00185920111552067,3.9000023400014e-05,0,0,0,0.000206100123660074,7.10000426000256e-06,0,0,0.000129300077580047,0,0,0,0,0,0,0,0,0.000275600165360099,0,0,0,0,1.25000075000045e-05,0.00597700358620215,5.50000330000198e-05,0.0102051061230637,0,0,0.00480350288210173,0,0.0151892091135255,0,0,0,0.00191010114606069,5.51000330600198e-05,0,0,0,6.50000390000234e-05,0,0,0,0,0,0.00534190320514192,0.0008330004998003,0,0,0,0,0,1.59000095400057e-05,0,0,0,0,0,0,0,0,0.00011070006642004,0,0,0,0,0,0.000779300467580281,0,0,0,0,0.0284965170979103,0.00846480507888305,0,0,0.0576758346055008,0.00320040192024115,0,0.0321044192626516,0,0,0.0199566119739672,0,0,0.00618060370836223,0,0,0,0,0,0,0,0,0.000215300129180078,0,0,0,0,0,0,0,0,0,7.14000428400257e-05,0,0,0,0,0,0,0.00199580119748072,0.00187660112596068,0.00271600162960098,0.00423390254034152,0,0,0,0,0,0,0,0,0,0,0.000799900479940288,0,0.0489539293723576,0,0,0,0,0.00149240089544054,0,0,0,0,0,0,0,0,0,0.00122240073344044,0.00103620062172037,0,0,0,0,0,0,0,0,0,0,0,0,0,0,0,2.65000159000095e-05,0,0,4.81000288600173e-05,0,0,6.6700040020024e-05,0,0,0,0,0.00538580323148194,0.000145900087540053,0.000491700295020177,0,0.000280500168300101,0.000169700101820061,0,1.71000102600062e-05,0,2.60000156000094e-06,4.87000292200175e-05,0,0.000129900077940047,0,0,0,0,0
"7","MS170",0,0,0,0,0,0,0,0,0,0,0,0,8.52999488200307e-05,0,0,0.0601712638972417,0.0156463906121656,0.0143889913666052,0,9.62999422200347e-05,0,0.149774410135354,0.00475249714850171,0,0,0,0,0,0,0,0.000407399755560147,0,0.0011188993286604,0,0.000936599438040337,0,0,0,0,0.0117112929732242,0.000300899819460108,1.54999907000056e-05,0.0154860907083456,0,0,0.00208339874996075,0,0,0,0.00208219875068075,0.000185699888580067,0.00795619522628286,4.69999718000169e-06,0,0,0,0,3.94999763000142e-05,0.0130455921726447,0.00630799621520227,0.0272271836636898,0.0280123831925701,0.0030459981724011,0.104520337287798,0.00687519587488248,0,0,0.00207899875260075,0,0,0,0.00226159864304081,0,0,0.000302499818500109,0,0,0,6.85999588400247e-05,0,0,0,0.000674999595000243,0,0,0.000145799912520052,0,0,0,0,2.19999868000079e-05,0.000190399885760069,0.00201769878938073,0,0,0,0,0,0,0,0,0,0.000207499875500075,0.00119369928378043,0,0,0,0,0,0,0,0.000114199931480041,0,0,0,0,6.34999619000229e-05,0,0,0,0,0,0,0,0,1.00999939400036e-05,0,0,0,0,0,0,0,0.000399599760240144,0,0,0.00769219538468277,0,0,0,0,0,0,0,0,0,0,0.000315499810700114,0,0,0,0,0,0,0,0,0.00550209669874198,0,0,0,0.000224599865240081,0,0,0,0,0,0,3.81999770800138e-05,0.000202899878260073,0,0.00124739925156045,0,0,0,0,0,0,0,0.0011245993252404,0.00307509815494111,0.000641299615220231,0,0,0.00801669518998289,0.00366259780244132,0,0,0,0.00033339979996012,0.0119710928173443,0,0,0,0,0,0,0,0,0,0,0,0,0.000261499843100094,3.08999814600111e-05,0,0,0,0.00357119785728129,0.00101969938818037,0,0.00634869619078229,0.00324959805024117,0.0135204918877049,0.000231599861040083,0,0.000120499927700043,0,0.0503184698089181,0.000606799635920218,0,0,5.39999676000194e-05,0,0,0.000177599893440064,0.0386615768030539,0.0011012993392204,0.000256099846340092,0,0,0,0.00286519828088103,0.0259154844507093,0,0.0106375936174438,0.00744029553582268,0.00219809868114079,0,0,0.121083127350124,0.000424499745300153,0,0,0.000105499936700038,0.00399919760048144,0,0.000163799901720059,0,0,0,0,0,0.000184499889300066,0.000116599930040042,0.00403789757726145,0,0,0.000377299773620136,0,0.00502569698458181,0,0,0,0.00113559931864041,0,0,0,0,0,0,0,0,0,0.000118299929020043,2.68999838600097e-05,8.54999487000308e-05,0,0,0,0,0.000977199413680352,0,0,0,0,0,0,0,0,0,5.95999642400215e-05,0,0,0,0,0,0,0.000775399534760279,0,0,0,0.0398366760979943,0.0050035969978418,0.000704399577360254,0,0.0144145913512452,0,0,0.0211833872899676,0,0,0.0005549996670002,0,0,0,0,0,0,0,0.000157799905320057,0,0,0,0.00901089459346324,0,0,0,0,0,0,0,0,0,0,0,0,0,0,0,0,3.8799976720014e-05,0.000128799922720046,0,0.00119399928360043,0.00036229978262013,6.25999624400225e-05,0,0,0,0,1.20999927400044e-05,0,0,0.0011123993325604,0,0.00231249861250083,0.0240458855724687,0,0,0,0,0.00254449847330092,0,6.0999963400022e-06,0.0116033930379642,0.000461999722800166,0,0,0,0,0,0.0118774928735043,0.000421199747280152,0,0.000414099751540149,0,0,0,0,0,6.22999626200224e-05,0,0,0,0,0,0,0,0,0,0,0,0,0,0,0,0,0,0,0.00147319911608053,0.00398069761158143,0,6.99999580000252e-05,0.00226949863830082,0,0,0,0.00391239765256141,0,0,0,0,0,0,0,0.00326679803992118,0.00014019991588005
"8","MS157",0,0,0,0,0,0,0,0,0,0,0,0,0.000312899968710003,0,0,0.000261399973860003,0.00521949947805005,0,0.00650519934948006,0.0117044988295501,0,0.0610346938965306,0.00155249984475002,0,0,0,0,0,0,0,0,0,0.00841189915881008,0.000128099987190001,0,0.000219299978070002,0,0.00160219983978002,0.00106349989365001,0.0161556983844302,0,0,0.0523781947621805,0,0,0,0.00420839957916004,0.00112669988733001,0.00757159924284008,0,0.000352699964730004,0.0127484987251501,0,0,0,0,0.000214299978570002,0,0.00814229918577008,0.0171924982807502,0.0408923959107604,0.240449875955012,0.000496799950320005,0,0.000569999943000006,0,0,1.97999980200002e-05,0,0,0,1.02999989700001e-05,0,0,0.000447499955250004,0,0,0,0.000248299975170002,0.000404599959540004,0,0,0.00103139989686001,0.000472199952780005,0.000514699948530005,0,0.000896499910350009,0,0,0,0,0,0,0,0,0,0,0,0,0,0,0,1.76999982300002e-05,0,0,0,0,0,1.03999989600001e-05,0,0.00177849982215002,0.000107199989280001,0,1.35999986400001e-05,0,0,0.00122929987707001,0,0,0,0,0,0,0,9.5699990430001e-05,0.000385099961490004,0,0,0,0.00378429962157004,0.000324799967520003,0.00606809939319006,0.00110889988911001,0,3.72999962700004e-05,0,0.00452809954719004,0,1.93999980600002e-05,0,0,0,0,0,0,0,0,0,0,0,0,0,0.000332899966710003,0,0,0,0,0,0,0,0.00108979989102001,0.000619399938060006,0,0,0.000385099961490004,0,0,0,3.86999961300004e-05,0,0.00466679953332005,0,0,0.00238629976137002,0,0,0.000161699983830002,0,0.000930999906900009,0.00172089982791002,0.00500539949946005,0,0,0.0266196973380303,0.00156399984360002,0,0,0,0.00203099979690002,0.00412669958733004,0,0,0,0,0,0,0,0,0,0,0,0,0.00311699968830003,0,0,0,0,0.00183709981629002,0.00507629949237005,0,0.000662299933770007,0.00421749957825004,0.000196699980330002,0.000440599955940004,2.59999974000003e-06,0.00158109984189002,0,0.000351699964830004,0,0,0,0.00717189928281007,0,0,0.00231469976853002,0.0747241925275807,0.0756463924353608,0.00197709980229002,0.00463649953635005,0.000315099968490003,0,0.00148869985113001,0,0.000727499927250007,0.00191089980891002,0.00268369973163003,0,0,0,0.00363309963669004,0,0,0,0.000118899988110001,0,0.0136569986343001,0.000253199974680003,0,0,0,0,0,0.00673859932614007,3.19999968000003e-05,0.000343199965680003,0,0,0.000438799956120004,0,0.0132457986754201,0,0,0,0.00145879985412001,2.79999972000003e-06,0,0,0,0.000360399963960004,0,0,0,0,8.78999912100009e-05,0.00267329973267003,0,0,0,0,0,0.00263499973650003,0,5.46999945300005e-05,0,0,0,0,0,8.31999916800008e-05,0,0,0.00217089978291002,0,0,0,0,0,8.71999912800009e-05,0,0.000468999953100005,0,0.0112715988728401,0.00372609962739004,0.00817899918210008,0,0.0135424986457501,0.00154639984536002,0,0.0385442961455704,0,0,0.000130499986950001,0,0,0,0,0.00572289942771006,0,0,0,0,0,0,0.000582299941770006,0,0,0,0,0,0,0,0,0,0,0,0,0,0,0,7.59999924000008e-06,0.0171869982813002,0.00542459945754005,0.0101506989849301,0.0177704982229502,0.00456629954337005,0.000628999937100006,0,0,0,0,0,8.12999918700008e-05,0,0,0.000618499938150006,0.00590869940913006,3.77999962200004e-05,0,0,0.000509699949030005,0.00531619946838005,0.00352979964702004,0.00285349971465003,4.69999953000005e-06,1.56999984300002e-05,0,0,0,0,0,0,0.0110659988934001,0.000292399970760003,0,0,0,0,0,0,0,0,0,0,0,0,0,0.000313299968670003,0,0,0,0.000338599966140003,0.000378699962130004,0,0,0.00272879972712003,0,0.000118199988180001,0,0,0.00485619951438005,0.00173479982652002,0,0,0.000240399975960002,0.00117229988277001,0,0,0,0,2.35999976400002e-05,0,0,0,0,0,0,0.00350739964926004
"9","MS153",0,0,0,0,0,0,0,0,0,0,0,0,0.000100199969940009,0,0,0.000191099942670017,0.00198359940492018,1.21999963400011e-05,0.000294299911710027,0.000984799704560089,0,0.0250800924759723,0.000868199739540078,0,0,0,0,0,0,0,0,0,0.00246319926104022,0,0,6.6899979930006e-05,0,0.000150499954850014,5.93999821800053e-05,0.00759499772150068,0,0,0.0718836784348965,0,0,0,0.0262671921198424,0.011088696673391,0.000195899941230018,0,0.000145999956200013,0.0173271948018416,0,0,0,0,0.010857096742871,0,0.0149517955144613,0.0575808827257352,0.055824683252595,0.0717818784654365,2.92999912100026e-05,6.93999791800062e-05,0.000196099941170018,0.000143999956800013,0,0,0,0,0,0.000414599875620037,0.000605399818380054,0,0.000482299855310043,0,0,0,1.00999969700009e-05,0.00021739993478002,0,0,0.000416299875110038,4.06999877900037e-05,0,0,0,0,0,0,0,0,0,0,0,0,0,0,0,0,0,0,8.14999755500073e-05,0,0,0,0,0,0,0,0,0,0,0,0,0,5.43999836800049e-05,0,0,0,0,0,0,0,0,0.000363799890860033,0.00138499958450012,0.000289999913000026,0,0,0,0,2.2599993220002e-05,0,0,0,0,0,0,0,0,0,0,0,0,0,0,0,0,0,0,0,0,0,0,0,0,0,0,0,0.000289899913030026,0,0,0,0,0,0,0,0,0,0.00088479973456008,0,0,0,0,0,0.00319549904135029,0,0.000769599769120069,0.000279899916030025,0,0,0,0,0,0,0,0,0.000395899881230036,0.000422799873160038,0,0,0.00149479955156013,0,0,0,0,0,0,0,0.000517699844690047,0,0.000509899847030046,0,0,0,0,0.0203063939080818,0.000406999877900037,0,0,0.0185303944408817,0,0,0,0.00163169951049015,0,5.79999826000052e-06,0,0,0,6.12999816100055e-05,0,0,9.47999715600085e-05,0.0565264830420551,8.57999742600077e-05,0,0.00191839942448017,0,0,2.39999928000022e-05,0,0.000168599949420015,0,3.2799990160003e-05,0,0,0,0,0,0,0,0,0,4.69999859000042e-05,0.000421299873610038,0,0,0,0,0,0.00265739920278024,0,0.000324099902770029,0,0,0.011477896556631,0,0.00423199873040038,0,0,0,0.00243839926848022,7.58999772300068e-05,0,0,0,0.00188339943498017,0,0,0,0,0.000136599959020012,0.000570499828850051,0.000137999958600012,0,0,0,0,0.022212493336252,0,2.59999922000023e-06,0,0,0,0,0,0.000351799894460032,0,0,0,0,0,0,0,0,0,0,0,0,0.00767839769648069,0.00183859944842017,1.79999946000016e-05,0,0.194959941512018,0.00254679923596023,0,0.175080347475896,0,0,0.00010579996826001,0,0,0.00418049874585038,0,0,0,0,0,0,0,0,0.000326499902050029,0,0,0,0,0,0,0,0,0,0,0,0,0,0,0,0,0.00720339783898065,0.0011172996648101,0.00153029954091014,0.0298385910484227,0,0,0,0,0,0,0,0,0,0,0.000455899863230041,0,0.00702549789235063,0,0,0,0,0.000878399736480079,0,7.59999772000068e-06,0,0,0,0,0,0,0,0.00191089942673017,0.000197599940720018,0,0,0,0,0,0,0,0,0,0,0,0,0,0,0,3.79999886000034e-06,0,0,0.00011209996637001,0,0,0.000398899880330036,0,0,0,0.000238299928510021,0.00358649892405032,0.000515999845200047,0,0,0.0180601945819416,0.000512699846190046,0,0,0,0.000297099910870027,0.00120359963892011,0,6.93999791800062e-05,0,0,0,0,0
"10","MS171",0,0,0,0,0,0,0,0,0,0,0,0,4.99000349300244e-05,0,0,0.000187500131250092,0.02047631433342,0.00145150101605071,0,0.0383114268179988,0,0.059232141462499,0.00103420072394051,0,0,0,0,0,0,0,7.02000491400344e-05,0,0.00176090123263086,0.000154900108430076,0.0380749266524487,0.000109500076650054,0,0,0,0.0298530208971146,0.000967000676900474,0,0.0312154218507953,0,0,0,0,0,0,0.0207045144931601,7.43000520100364e-05,0.00677870474509332,0,0,0,0,0,0,4.51000315700221e-05,0.00622840435988305,0.0902924632047242,0.0649367454557218,0,0.0219177153424007,0.00647680453376317,0,0,0.00154490108143076,0,0,0,0.00087740061418043,0,0,0.000390100273070191,0,0,0,4.56000319200223e-05,0,0,0,0.000382700267890187,2.88000201600141e-05,0,0,0,0,0,0,0,0,0,0,0,0,0,0,0,0,0,0,0.000187800131460092,0,0,0,0,0,0,0,1.04000072800051e-05,0,0,1.74000121800085e-05,0,0,0.000514500360150252,0,0,0,0,0,0,0.000370200259140181,0.000178400124880087,0.000132000092400065,0,0,0.0148070103649073,0,0,0,9.5900067130047e-05,0,0,0,0.0113882079717456,0.00119000083300058,2.17000151900106e-05,0.00325450227815159,0,0.000540900378630265,0,0,0,0,0,0,0,0,0,0,0,0,0,0,0.0016307011414908,0,0,0,0.000377300264110185,0,0,0,0.00106730074711052,0,0,0,0.000391700274190192,0,0.0008173005721104,0,0,0,0,0,0,0,0.000532300372610261,0.0026559018591313,0.0137570096299067,0,0,0.00180490126343088,0,0.000692200484540339,0,0,0.000385900270130189,0.00283240198268139,0,0,0,0,0,0,0,0,0,0,0,0,1.80000126000088e-05,0,0,0,0,0.00562970394079276,0.00425750298025209,0,0.000528300369810259,0.000607800425460298,0.000226800158760111,0.00110840077588054,0,0.000343300240310168,0,9.28000649600455e-05,0,0,3.61000252700177e-05,0.000676700473690331,0,0,0.00120850084595059,0.0537230376061263,0.000814500570150399,2.61000182700128e-05,0.000618700433090303,0,0,0.0024419017093312,0.0762695533886874,0,0.0328000229600161,0.00463140324198227,0.000792200554540388,0,0,0.0152338106636675,0,0,0,0.000227800159460112,0,0,0.000511800358260251,0,0,0.000518000362600254,0,7.00000490000343e-06,0.00230000161000113,0.000232600162820114,0.00947730663411464,0,0,0.000697800488460342,0,0.0117384082168858,0,0,0,0.00303320212324149,0,0,0,0,0,0,0,0,0,0,6.51000455700319e-05,5.06000354200248e-05,0,0,0,0,0.00800380560266392,0,0,0,0,0,0,0,0,0,0,0,0,1.89000132300093e-05,0,0,0,0.00217110151977106,0,0.000537900376530263,0,0.0198353138847197,0.0125845088091562,0.000147800103460072,0,0.0216903151832206,0,0,1.94000135800095e-05,0,0,0.000999100699370489,0,0,0,0,0,0,0,0.000174700122290086,0,0,0,0.000899900629930441,0,0,0,0,7.40000518000363e-06,0,0,0,0,0.00339110237377166,0,0,0,0,0,0,0.000628600440020308,0.000952600666820467,0.00151780106246074,0.00344210240947169,0,0,0.00030620021434015,0,0,0,0,0,0,0.000272900191030134,0,0.0219558153690708,0.14248439973908,0,0,0,0,0.000156900109830077,0,3.00000210000147e-06,0.00552710386897271,0,0,0,0,0,0,0.0045014031509822,0.00051010035707025,0,0,0.000108600076020053,0,0,0,0,0,0,0,0,0,0,0,0,6.02000421400295e-05,0,0,0,0,0,5.41000378700265e-05,0,0,0,0,0.00726280508396356,0.00213560149492105,0,0,0,0,0,0,0.000921100644770451,0,0,0,0,0,0,0,0.0024457017119912,0
"11","MS167",0.0392313960768604,3.29999967000003e-05,0,0,0,0,0,0,0,0,0,0,0.000271099972890003,0,0,0.00887299911270009,0.0121039987896001,0,0,1.11999988800001e-05,0,0.0280418971958103,0.000250499974950003,0,0,0,0,0,0,0,0,0,0.0114955988504401,0.000154999984500002,8.69999913000009e-06,0.000601699939830006,0,0,0,0.0226244977375502,0.00128039987196001,0,0.254391774560823,0,0.0179465982053402,0,0.000507099949290005,0,3.53999964600004e-05,0.000181399981860002,0,0.000462399953760005,1.15999988400001e-05,0,0,0,0,0,0.000238499976150002,0.000115399988460001,0.201116279888372,0.0109003989099601,0.0254514974548503,0.0186779981322002,0,0,0,4.79999952000005e-06,0,0,0,0.0122192987780701,0.0097479990252001,0,0.000193399980660002,0,0,0,0,0,0,0.000214999978500002,0,0.00305589969441003,0,0,0,0,0,0,0,0.000677499932250007,0.00401819959818004,0,0,0,0,0,0,0,0,0,0,0,0,0,3.30999966900003e-05,0,0.000108799989120001,0,0,0,0,0,0.000270199972980003,0,0,0,0,0,0,0,0,0,0.000221099977890002,0.00116719988328001,0,0,0,0,0,0,0,0,0,0,0,0,0,0,0,0,0,0.000161099983890002,0,0,0,0.0170694982930502,0,0,0,0,0,0,0,0,0,0,0.000403699959630004,0,0.000447199955280004,0,0,0,0,0,0,0,0,0,0,0,0,0,0,0,0.000124599987540001,0.00103079989692001,0,0.000601799939820006,1.37999986200001e-05,0,0,0,0,0.000591299940870006,0,0,0.000914299908570009,0.000445299955470004,0,0,0.000127999987200001,0,0,0,0.00110329988967001,1.79999982000002e-06,0,0,0,0,0,0,0,0,0,0.00845809915419008,0.00178769982123002,0,0,0.0710520928947907,0.0121592987840701,0.00445989955401004,0,0,0.00389109961089004,4.08999959100004e-05,0,0,0,0.00237099976290002,0,0,0,0.0434431956556804,0.000106099989390001,0,0.000273299972670003,0,0,6.89999931000007e-06,0,0.000438399956160004,3.26999967300003e-05,0.00158249984175002,0.000126399987360001,0,0,0.000195999980400002,0,0,0,0,0,0,0.000471599952840005,0.000642799935720006,0,0,0.000110799988920001,0,0,0,0.00435139956486004,0,0,0.00295059970494003,0,0.00246929975307002,0,0,0,2.68999973100003e-05,0,0,0,0,0,0,0,0,0,0.000192699980730002,0.000158399984160002,0.00102859989714001,0,0,0,0,0,1.30999986900001e-05,0,0,0,0,0,0,0,0,5.09999949000005e-05,0.000327199967280003,0,0,0,0,0,0,0,0.00792509920749008,0,0.0122203987779601,0.00357789964221004,4.97999950200005e-05,0,0.0241547975845202,0,0,0.0198347980165202,0,0,0.00836639916336008,0,0,6.29999937000006e-06,0,0,0,0,0,0,0,0,0.000140099985990001,0,0,0,0,0,0,0,0,0,0,0,0,0,0,0,0,4.35999956400004e-05,0.00160439983956002,0.000431699956830004,0.00259619974038003,0.00112859988714001,0.000279499972050003,0,0,0,0,0,0,0,0,0.00109089989091001,0,0.0184262981573702,0,0,0.000590599940940006,0.00497329950267005,0.00102889989711001,0,0,3.56999964300004e-05,0,0,0,0,0,0,0.00350489964951004,0.000359299964070004,0,0,0,0,0,0,0,0,0,0,0,0,0,0,0,0,0,0,0,0,0,0.000198399980160002,0,0,0,0.000171199982880002,0.0130456986954301,0,0,0,0,0,0,0,0,0,0,0,0,0,0,0,0,0.00100789989921001
"12","MS172",0,0,0,0,0,0,0,0,0,0,0,0,0,0,0,0.00203530061059018,0.0043927013178104,0.00293500088050026,0,0.121648336494501,0,0.162726948818085,0.0104815031444509,0,0,0,0,0,0,0,9.65000289500087e-05,0,0.00183180054954016,0,0.000451000135300041,0,0,0,0,0.0286189085856726,0.00139790041937013,0.0011153003345901,0.000640700192210058,0,0,0.000425000127500038,0.000193100057930017,0.00055830016749005,0,0.00377280113184034,0,0.00343510103053031,0,0.000607400182220055,0,0,0,0.000146600043980013,0.00541560162468049,0.00214110064233019,0.0149931044979313,0.0305087091526127,0.00353550106065032,0.103719731115919,0.0078418023525407,0,0,0.0067316020194806,0,0.000722600216780065,0,0.00203580061074018,0.000594900178470054,0,0.00139340041802013,0,0,0,0.000209400062820019,0,0,0,0,8.70000261000078e-06,0,0,0,0,0,0,0,0,0,0,0,0,0,0,0,0,0,0,0,0,0,0,0,0,0,0,0,0,0,0,0,0,0.0022137006641102,0,0,0,0,0,0,0,2.48000074400022e-05,4.23000126900038e-05,0,0,0.0145580043674013,0.000542100162630049,0.00022000006600002,0.00565880169764051,0,0,0,0,0.00477640143292043,0,0,0,0,0,0,0,0,0,0.000510700153210046,0,0,0,0,0,0,0.00792410237723071,0.000528400158520048,0.0513074153922246,0,0,0,0,0.000194200058260017,0,0,0,0.000382800114840034,0,0,0,0,0,0.0022706006811802,0,0,0.000706700212010064,0,2.01000060300018e-05,0,0,0.000963700289110087,0.00310960093288028,0.00160180048054014,0,0,0.0022599006779702,0,0,0,0,0.000427800128340038,0.00520240156072047,0,0,0,0,0,0,0,4.29000128700039e-05,0,0,0,0,0.000232800069840021,0,0,0,0,0.00595740178722054,0.00394990118497036,0,1.34000040200012e-05,0.00313680094104028,0.0099660029898009,0.00270550081165024,0,0,0,0,0,0,0,0.000130300039090012,0,0,0,0.0132687039806112,0.0378314113494234,0.00867300260190078,0.00133970040191012,0,0,0.00425130127539038,0.0131227039368112,0.000411100123330037,0.0262386078715824,0.0160806048241814,0.00170620051186015,3.63000108900033e-05,0,0.000175300052590016,0,0,0,5.68000170400051e-05,0,0,1.82000054600016e-05,0,0,0.0157362047208614,0,0,0.000285000085500026,7.69000230700069e-05,0.000833500250050075,0,0,0.000232300069690021,0,0.00427130128139038,0,0,0,0.00278680083604025,0,0,0,0,0,0,0,0,0,0,0.0010669003200701,0,0,0,0,0,0.00182070054621016,0,0,0,0,0,0.00033920010176003,0,0,0,0,2.44000073200022e-05,0,0,0,0,0,0,0,0,0,0.011486003445801,0.00532710159813048,0.00391010117303035,0,0.0066567019970106,0,0,0.0268510080553024,0,0,0.000682200204660061,0,0,0,0,0,0,0,0,0,0,0,0.00512220153666046,0,0,0,0,0,0,0.00269110080733024,0,0,0,0,0,0,0,0,0,0.00288310086493026,0.000411600123480037,0.000506700152010046,0.000718400215520065,0,0,0,0,0,0,0,1.0600003180001e-05,0,0.000158900047670014,0.000736900221070066,0.000232600069780021,0.0942509282752785,0,0,0.000345300103590031,5.90000177000053e-06,0.000394200118260035,0,0,0.00914570274371082,0,0,0,0,0,0,0.00492500147750044,0.000742100222630067,0,0,0,0,0,0,0,0,0,0.000161600048480015,0,0,0,0,0,0,0,0,0,0,0,6.27000188100056e-05,0,0,0,1.97000059100018e-05,0.00930490279147084,0.000943300282990085,0,0,0.00124570037371011,9.42000282600085e-05,0,0,0,0,0,0,0,0,0,0,0.000200500060150018,0.000146400043920013
"13","MS150",0.00578990405293284,0,0,0,0,0,0.000115000080500056,0,0,7.36000515200361e-05,0,0,4.22000295400207e-05,0,0,0.0140832098582469,0.00451950316365221,0.00361260252882177,0.000237400166180116,0.0644209450946616,0,0.018474712932299,0.0038883027218119,0,0,0,0,0,0,0,0,0,0.00230100161070113,3.2700022890016e-05,6.90000483000338e-05,0.000336400235480165,0,0,0,0.0299983209988247,4.17000291900204e-05,0,0.0181856127299289,0,0,0,0.118460082922058,0.000915500640850449,0.00932370652659457,0.000391200273840192,0.000159100111370078,0.0335865235105665,0,0,0,0,0.0274924192446935,0,0.00908240635768445,0.00941880659316461,0.148877404214183,0.0389506272654391,0.00450520315364221,0.000154200107940076,0.0280319196223437,0.0083752058626441,0,0.00991120693784486,0,0,0,0.0042836029985221,0.000590200413140289,0,0.000440500308350216,0,0.000503700352590247,0,0.00063250044275031,0,0,0,6.05000423500296e-05,7.20000504000353e-06,0.00030650021455015,0,0.000291800204260143,0,0,6.00000420000294e-05,0,0,0,0,0,0,0,0,0,7.83000548100384e-05,0,0,0.000109600076720054,0,0,0,0,0,0,0,0,0.00190090133063093,0,0,0,0,0.00556280389396273,0,0,0,0,0,0,0,2.68000187600131e-05,0.000542700379890266,0,0,0,0,0,0.0325274227691959,0,0,0.000133300093310065,0,0,0,0,0,0,0,0,0,0,0,0,0,0,0,0,0,0,0,0,0,0,0,0,0,0.00110410077287054,0,0,0,0.000172100120470084,0,0,0,0,0,0.0152399106679375,0,0,0,0,0,0.000338200236740166,0,0.000418000292600205,0.00117420082194058,3.4700024290017e-05,0,0,0.00452710316897222,0,0.00328190229733161,0,0.00330470231329162,0.00129290090503063,0.00136430095501067,0,0,0,0,1.40000098000069e-05,0,0,0.00127490089243062,0,0,0,0,0.00119240083468058,0,0,0,0,0.00268540187978132,0.00554700388290272,0,0,0.012217508552256,0.00166150116305081,0.00162050113435079,0,0,0,2.60000182000127e-05,0.000270900189630133,0,0,0.000119700083790059,0,0,0,0.0171623120136184,0.00519200363440254,0.000301900211330148,0.000186900130830092,0,0,0.00394550276185193,0,0.00174680122276086,0.0194248135973695,0.00312380218666153,0.000188100131670092,0.00087830061481043,0,7.70000539000377e-05,0,0,0,0,0,4.00000280000196e-06,8.01000560700392e-05,0,0,0,0,4.42000309400217e-05,0.00271400189980133,1.88000131600092e-05,0.0267332187132531,0,0,0.000651200455840319,0,0.00247360173152121,0,0,0,0.000656300459410321,8.44000590800413e-05,0,0,0,0,0,0,0,0,0.000186900130830092,0.000818900573230401,0,0,0,0,0,0.00137140095998067,0,0,0,0,0.000520600364420255,0,0,0,0,7.22000505400354e-05,0,0,0,0,0,0.00545840382088267,0,0,2.89000202300142e-05,0,0.0046905032833523,0.0141310098917069,0.0402916282041397,0,0.00420970294679206,0.00210980147686103,0,0.024438417106892,0,0,0.000181600127120089,0,0,0.00353680247576173,0,0,0.00010210007147005,0,0,0,0,0,0.00508250355775249,0,0,0,0,0,0,0.00030650021455015,0,0,0.000238200166740117,0,0,0,0,0,0,0.00205670143969101,0.00173760121632085,8.18000572600401e-05,0.000716600501620351,0,0,0,0,0,0,0,0,0,0,0.00140770098539069,0.000784000548800384,0.0515020360514252,0,0,0.000732300512610359,0.000895500626850439,0.00133090093163065,0,0,0,0,0,0,0,0,0,0.00266760186732131,0.0016248011373608,0,0,0,0,0,0,0,0,0,0,0,0,5.9300041510029e-05,0,0,0,0,0,5.1100035770025e-05,0,0,0.00119700083790059,0,0,0,0.00113380079366056,0.00158950111265078,0.00018370012859009,0.0044986031490222,0,0.0114882080417456,0,0,0,0,0,0,0,0,0,0,0,0,0
"14","MS154",0,0,0,0,0,0,0,0,0,0,0,0,6.25999874800025e-05,1.49999970000006e-05,0,0,0.000133499973300005,0,0.0049344990131002,0.0404373919125216,0,0.0529604894079021,0.0174972965005407,0,0,0,0,0,0,0,0,0,0.0049963990007202,0,0,0.000787999842400031,0,0,0,0.0468931906213619,0,0,0.0104751979049604,0,0,0,0.0310817937836412,0,0.00725149854970029,0,0.000395299920940016,0.0166622966675407,0,0,0,0,0,0,0.0368178926364215,0.0264350947129811,0.110613177877364,0.187214962557007,0.00477479904504019,0,0.000280499943900011,0,0,0.00293289941342012,0,0,0,7.89999842000032e-05,7.77999844400031e-05,0,0.000226399954720009,0,0,0,0.00024949995010001,5.96999880600024e-05,0,0,0.00285569942886011,4.10999917800016e-05,7.87999842400031e-05,0,0.000202799959440008,0,0,0,0,0,0,0,0,0,0,0,0,0,0,0,6.89999862000028e-05,0,0,0,0.000103799979240004,0,0,0,0,0,0,0,0,0,0,0,0,0,0,0,0,0,0.00024369995126001,8.39999832000034e-05,0.000383999923200015,0.000149999970000006,0,0.00270789945842011,0,0.00569649886070023,0,0,0,0,0.000627499874500025,0,0,0,0,0,0,0,0,0,0,0,0,0,0,0,0,0,0,0,0,0,0,0,0.00116799976640005,0,0,0,0,0,0,0,0,0,0.00143629971274006,0,0,0,0,0,0.000578899884220023,0,0.00223309955338009,0.000671999865600027,0,0,0,0.00122119975576005,0,0,0,0,0.00189049962190008,0.000427999914400017,0,0,0,0,0,0,0,0,0,0,0,0,0.000828199834360033,0,0,0,0,0.00784279843144031,0.00131359973728005,0,0.000383799923240015,0.000825899834820033,0,0.000546499890700022,0,0.00654459869108026,0,0,0.00537119892576021,0,0,0.00348719930256014,0,0,0.00125939974812005,0.0668076866384627,0.00395279920944016,7.5499984900003e-05,0.00119369976126005,0,0,8.73999825200035e-05,0,0.000105299978940004,0.000156499968700006,0,0,0,0,0,0,0,0,0,0,0.0264458947108211,0.00828499834300033,0,0,0,0,0,0.0151340969731806,1.83999963200007e-05,0.0109602978079404,0,0,0.00111179977764004,0,0.0137647972470405,0,0,0,0.00145759970848006,0,0,0,0,0.00181719963656007,0,0,0,0,0,0.00318039936392013,0.000228899954220009,0,0,0,0,0,0,0,0,0,0,0,0,0,0,0,0,0,0,0,0,0,0,0,0,0,0.0178283964343207,0.0108697978260404,6.03999879200024e-05,0,0.0163633967273207,0.000422499915500017,0,0.0604613879077224,0,0,0.000336399932720013,0,0,0.00184099963180007,0,0,0,0,0,0,0,0,0,0,0,0,0,0,0,0,0,0,0.000356199928760014,0,0,0,3.99999920000016e-05,0,0,0.00634649873070025,0,0.0116210976757805,0.00194989961002008,0,0,0,0,0,0,0,0,0,0,0.000357699928460014,0.00321649935670013,0,0,0,0.000529099894180021,0,0.00602079879584024,0.00150339969932006,0.000117099976580005,0,0,0,0,0,0,0,0.00356539928692014,0.00112999977400005,0,0,0,0,0,0,0,0,0,0,0,0,0,0,0,0,0,0.000109999978000004,0.000219899956020009,0,0,0.00212459957508009,0,3.45999930800014e-05,0,0.000877599824480035,0.0074761985047603,0.000206899958620008,0,0,0.0281337943732411,0.00134129973174005,0,0,0,0.000327899934420013,4.15999916800017e-05,0,0.00376319924736015,0,0,0,0,0
"15","MS152",0,0,0,0,0,0,0,6.6699979990006e-05,0,0,0,0,0.0011608996517301,0,0,0.000504999848500046,0.000494499851650045,0,0.00753819773854068,0.00380539885838034,0,0.0378996886300934,0.000264499920650024,0,0,0,0,0,0,0,0,0,0.00128519961444012,0,0,0.000407999877600037,0,0,0,0.0190678942796317,0,0,0.0181067945679616,0,0,0,0.00362869891139033,0.0118203964538811,0.00265549920335024,0,1.04999968500009e-05,0.00413179876046037,0,0,0,0,3.59999892000032e-06,0,0.0400576879826936,0.00712519786244064,0.021961493411552,0.144648056605583,2.33999929800021e-05,0,0.00972379708286088,0.0236028929191321,0,0.0153863953840814,0,0,0,0.00679329796201061,0.000620399813880056,0,4.30999870700039e-05,0,2.29999931000021e-06,0,0.000202299939310018,0,0,0,0.000948499715450085,0.000166099950170015,0.00010769996769001,0,0.000295199911440027,0,0.0176054947183516,0,0,0,0,0,0,0,0,0,0,0,0,0,0.000163299951010015,0,0,0,0.000249299925210022,0,0,0,0.00286979913906026,0,0,0,0,0,0,0,0,0,0.000265699920290024,0,0,0.000579199826240052,5.31999840400048e-05,0.00022449993265002,0.0105436968368909,0.00359779892066032,0,0.00193029942091017,0,0.00690389792883062,0.00136219959134012,0,0.00186839943948017,0,0.000144199956740013,0,3.04999908500027e-05,0,0,0.00066289980113006,0,0,0,0,0,0,0,0,0,0.00409019877294037,0,0,0,0,0,0,0,0,0.000516099845170046,0,0,0,0.00491929852421044,0,0,0,0,0,0.00620859813742056,0,0,0,0,0,0.0022100993369702,0,0.000835099749470075,0.00268309919507024,0.00588169823549053,0,0,0.000672499798250061,0,0.0033146990055903,0,0,0.00174069947779016,0.00405139878458036,0,0,0,0,0,0,0,8.04999758500072e-05,0,0,0,0,0.0067128979861306,0,0,0,0,0.00594229821731054,0.00154929953521014,0,0.00155959953212014,0.0128411961476412,0.000711799786460064,0.0462377861286642,0,0,8.43999746800076e-05,0.000134599959620012,0,0,0,0.0033066990079903,0,0,0.0022754993173502,0.0616623815012856,0.0257614922715523,0.000650299804910059,0.000927299721810084,0,0,0.0022427993271602,0,0.000522299843310047,0.000242699927190022,4.09999877000037e-06,0,0,0,0.000535899839230048,0,0,0,0,0,0.055236283429115,0.00124559962632011,0,0,0,0,0,0.00044729986581004,0.000237899928630021,0.000497699850690045,0,0,0.00055049983485005,0,0.00799889760033072,0,0,0,0.00135389959383012,0,0,0,0,0.00322609903217029,0,0.00123939962818011,0,0,0,0.0136305959108212,0,0,0,0,0,0.0236515929045221,0,0,0,0,0,0,0,0,0,0,0,0,0,0,0,0.0134816959554912,6.34999809500057e-05,0,0.000146299956110013,0,0.00316599905020028,0.0103465968960209,0.011205196638441,0,0.00146429956071013,0.000122999963100011,0,0.0254458923662323,0,0,0.000262499921250024,0,0,0.000151099954670014,0,0,0,0,0,0,0,0,0,0,0,0,0,0,0,0,0,0,0.00167179949846015,0,0,0,0,0,6.6699979990006e-05,0.0187247943825617,0.000468399859480042,0.0350141894957432,0.00843999746800076,0,0,0,0,0,0,0,0.000188199943540017,0,0,0.000400399879880036,0.0208303937508819,0.0204179938746018,0,0,0.000488599853420044,0,0.00252539924238023,0,0,0,0,0,0,0,0.00804519758644072,0,0.00170999948700015,0.000118399964480011,0,0,0.00597489820753054,0,0,0,0,0,0,0,0,2.03999938800018e-05,0,0.00128619961414012,0,0.000177999946600016,0,0,0.00265329920401024,0,0,0.00370209888937033,0,0.000484799854560044,0,0,0.00623879812836056,0.00141149957655013,0.00924969722509083,0,0.0255841923247423,0.00184489944653017,0,2.27999931600021e-05,0,0.000258299922510023,0.00206219938134019,2.07999937600019e-05,0,0,0,0,0,0
"16","MS130",0,0.00463120046312005,0,0,0,0,0,0,0,0,0,0,2.10000021000002e-06,0,0,2.31000023100002e-05,0.0732108073210807,0.00153130015313002,0,0,0,0.0582809058280906,7.70000077000008e-06,0,0,0,0,0,0,0,0,0,0.000151900015190002,0.000122300012230001,0,2.80000028000003e-05,0,0,0,0.098431009843101,0,0.0537981053798105,0,0,0,0,0.0122053012205301,0,0,6.50000065000007e-06,0,1.77000017700002e-05,0,0,0,0,0,0,0.100230110023011,0.00421860042186004,0.0865485086548509,0.184238118423812,0,1.09000010900001e-05,0.0277743027774303,0,0,0.00211760021176002,1.86000018600002e-05,0,0,0.00313990031399003,0,0,0,0,0,0,0,0,0,0,7.22000072200007e-05,8.30000083000008e-06,0,8.57000085700009e-05,0.000396500039650004,0,0,2.10000021000002e-06,0,0,0,0,0,0,0,0,0,0,0,0,5.49000054900006e-05,0,0,0,4.19000041900004e-05,0,0,0,4.57000045700005e-05,6.00000060000006e-06,0,0,0,0,4.80000048000005e-06,0,0,0,0,0,0,0,0,4.88000048800005e-05,0,0,0,0.000350600035060004,0,0,0,0,0,0,0,0,0,0,0,0,0,0,0,0,0,0,0,0,0,0.0137769013776901,0,0,0,0,0,0,0,0,8.33000083300008e-05,0,0,0,0.000513900051390005,0,0,0,0.000689300068930007,2.22000022200002e-05,0.00094350009435001,0,0,0,0,0,0,0,0.000334800033480003,0.000360800036080004,0.000204300020430002,0,0,0,0,0.000104000010400001,0,0,0.000345200034520003,6.35000063500006e-05,0,0,0.000106700010670001,0,0,0,0,2.53000025300003e-05,0,0,0,0,0.000826700082670008,0,2.00000020000002e-06,0,0,0.00142060014206001,0.000734900073490007,0,4.04000040400004e-05,0.00853150085315008,0.00117880011788001,4.11000041100004e-05,0,0,0,0.0541391054139105,0,0,0,0.000209000020900002,0,0,0.000184700018470002,0.0124553012455301,0,0,0.000914800091480009,0,0,0,0,3.72000037200004e-05,0.0760843076084308,0.0374371037437104,0,0.00114920011492001,0,0,0,0,0,0,0,0,3.70000037000004e-06,0,0,0,0,0,0,6.40000064000006e-05,1.88000018800002e-05,0,0,0.000489700048970005,0,0.000180400018040002,0,0,0,0.00265780026578003,0,0,0,0,0.000100100010010001,0,0,0,0,3.13000031300003e-05,0.000125700012570001,0.000523500052350005,0,0,0,0,0,0,0,0,0,0,0,0,0,0,2.34000023400002e-05,0,0,0,0,0.000128700012870001,0,0,0,0.000172700017270002,0,1.31000013100001e-05,0.0132326013232601,0,0,0,0,0,1.55000015500002e-05,0,0,0.00187180018718002,2.42000024200002e-05,0,0.000898400089840009,0,0,0,0,0,0,0,0,8.01000080100008e-05,7.61000076100008e-05,0,0,0,0,0,0,0,0,0,0,0,0,0,0,0,0.000105100010510001,6.43000064300006e-05,0.00396110039611004,0.00300670030067003,5.40000054000005e-06,0,0.00095520009552001,0,2.35000023500002e-05,0,0,0,0,7.07000070700007e-05,0.000134500013450001,0.0138477013847701,0.0192189019218902,0.000240100024010002,0,0.00123120012312001,3.99000039900004e-05,0.00262550026255003,0,0,0,0,0,0,0,0,0,0.000612000061200006,0.000493700049370005,0,0,0,0,0,0,0,0,0,0,0,0,0,7.21000072100007e-05,0,6.57000065700007e-05,0,2.39000023900002e-05,1.00000010000001e-06,0,0,0.00114650011465001,0,1.59000015900002e-05,0,0,0.00506180050618005,0.00118290011829001,0,0,0,0.000240600024060002,0,0,0,0,0,0,0,0,0,0,0,0
"17","MS162",0,0,0,0,0,0,0,0,0,0,0,0,0.000382899885130034,0,0,0.000396899880930036,0.0178235946529216,0,9.15999725200083e-05,0.0119800964059711,0,0.0747239775828067,0.00343369896989031,0,0,0,0,0,0,0,1.33999959800012e-05,0,0.033815889855233,0.000256399923080023,0,0.00104119968764009,0,0,0,0.0396944880916536,0,6.99999790000063e-06,4.83999854800044e-05,0,0.00909719727084082,0,0.0374850887544734,0.000119199964240011,0,1.21999963400011e-05,0,0.00022059993382002,0.142425557272333,0,0,0,0,0,0.000385499884350035,0.000451699864490041,0.0740506777847967,0.10908886727334,0.0188692943392117,8.52999744100077e-05,0.022553893233832,0,2.93999911800026e-05,0.0257277922816623,0,0.0209810937056719,0,0.0177999946600016,0.00279589916123025,0,0,0,0,0,0,0,0,0,0.00232409930277021,0.000119099964270011,0,0,0,0,0,8.78999736300079e-05,0,0,0,0,0,0,0,0,0,0,0,0,4.92999852100044e-05,0.00139069958279013,0,0,0.000502999849100045,0,0,0,0.000165599950320015,7.7699976690007e-05,0,5.42999837100049e-05,0,0,0.00022479993256002,0,0,0,0,0,0,0,4.99999850000045e-06,0.000158799952360014,0,0,0.00678229796531061,0.00010579996826001,0,0.0134523959642812,4.14999875500037e-05,0.000133099960070012,0.000126399962080011,6.03999818800054e-05,0.000149299955210013,0,0,0,0,0,0,0,0,0,8.80999735700079e-05,0,0,0,0,0,0,0.000195199941440018,0.000464299860710042,0,0,3.51999894400032e-05,0,0,0.000177199946840016,0,0,0,6.02999819100054e-05,0,0,0,0.000516399845080046,0,0.0123324963002511,0,0,0,0,0,0,0.00260909921727023,0.00210939936718019,0.00361639891508033,0.000235699929290021,0,0,0,0,0.000257299922810023,0,0,0.00171949948415015,0.00595279821416054,0,0,0.000299499910150027,0.000238599928420021,0,0,0,0,0,0.000343799896860031,0.00154639953608014,0,0.00366579890026033,0,0,0,0,0.00274739917578025,0.00657329802801059,0,0.00140609957817013,0.0290674912797526,0.00836449749065075,0.00157409952777014,0,0,0,0.000707999787600064,0,0,0,0.000179999946000016,0,0,0,0.0356898892930332,0.00743219777034067,0.000480599855820043,0.00011169996649001,0,0,0.00474739857578043,0.000183399944980016,0,0.00510889846733046,0.00825689752293074,0,0.000423399872980038,0,0.00010959996712001,0,0,0,0,0,0,9.86999703900089e-05,0,0,0,0,0,0.00234789929563021,0,0.0168224949532515,0.000120299963910011,0,0.000848199745540076,0,0.0148432955470113,0.0011308996607301,0,0,0.00011389996583001,0,0,0,0,0.000143799956860013,0,0,0,0,0,0.000731299780610066,5.69999829000051e-06,0,0,0,0,0.00176869946939016,0,0,0,0,0,0,0,0,0,0,0,0,6.54999803500059e-05,0,0,0,0,0,0.000362899891130033,0,0,0.00350749894775032,0,0,0.0174679947596016,0,0,2.95999911200027e-05,0,0,0.000121799963460011,0,2.75999917200025e-05,0.00399739880078036,0,0,0,0,0,2.14999935500019e-05,0,8.9499973150008e-05,0.000597799820660054,0,0,0,0,0,0,0,0,0,0,0,0,0,0,0,2.36999928900021e-05,0.00464169860749042,0.000530399840880048,0.000258899922330023,0.00304639908608027,0,0,0,0.000580899825730052,0,0,0,0,0,0,0,9.18999724300083e-05,0.0177877946636616,2.27999931600021e-05,0.000169099949270015,0.00622639813208056,9.43999716800085e-05,0.00350519894844032,0,0,0.00270609918817024,0,0,0.00242099927370022,0,3.91999882400035e-05,0,0.0201940939417718,0.00157179952846014,0,0,0,0,0,0,0,0,0,0,0,0,0,0,0,3.21999903400029e-05,0,0,0.000463399860980042,0,0,0.0066869979939006,0.00010599996820001,4.99999850000045e-06,0,0,0.00874629737611079,7.7499976750007e-05,0,0,0.0127419961774011,0.000165399950380015,0,0,0.000167099949870015,0,0,0,9.38999718300085e-05,0,9.49999715000086e-06,0,0,0
"18","MS138",0,0,0,0,0,0,0,0,0,0,0,0,7.20000072000007e-06,0,0,0.00645110064511006,0.0584455058445506,0.000146000014600001,0,6.10000061000006e-06,0,0.154018115401812,0.000253000025300003,0,0,0,0,0,0,0,1.79000017900002e-05,0,0.00609760060976006,3.70000037000004e-05,0,1.70000017000002e-06,0,0,0,0.000104400010440001,0,0,0.000637700063770006,0,0,0.0221000022100002,0.000125900012590001,0,0,0.0103773010377301,0,0.00601640060164006,0,0,0,0,0,0,0.0190653019065302,0.000295900029590003,0.0469837046983705,0.137775613777561,2.21000022100002e-05,0.0359554035955404,2.73000027300003e-05,0,0,0.00143470014347001,0,0,0,0.00492980049298005,0,0,0.000266800026680003,0,0,0,0,0,0,5.80000058000006e-06,0.00115540011554001,0,0,0,0,0,0,0,0,0,0,0,0,0,0,0,0,0,0,0,0,0,0,0,2.36000023600002e-05,0,0,0,0,0,0,0,0,0,9.27000092700009e-05,0,0,0,0,0,0,0,0,0,0,0,0,0,0,0,0,0,0,0,0,0,0,0,0,0,0,0,0,0,0,0,0,0,0,0,0,0,0,0,0,0,0,0,0.000163800016380002,0,0,0,0,0,0,0,0.000273000027300003,0,0,0,0,0,0,0,0,0,0.000349500034950004,0,0,0,0,0,0,0,0,0,0,0,0,0,3.19000031900003e-05,0,0,0,3.54000035400004e-05,0,0,0,0,0,0,0,0,0,0,0,0,0,0,0.00819560081956008,0.000480900048090005,0,0,0,0,0,0,0.00127990012799001,0,0.00218710021871002,0,0,0,0.0212586021258602,0,0,0.000607000060700006,0,0,0,0,3.38000033800003e-05,3.87000038700004e-05,0.0914768091476809,0,0,0,3.70000037000004e-06,0,0,0,1.02000010200001e-05,0,0,1.03000010300001e-05,0,0,0,0,0,0,0,0.220474322047432,8.71000087100009e-05,0,0.000884800088480009,0,0.00167520016752002,0,0,0,2.25000022500002e-05,0,0,0,0,0,0,0,0,0,3.31000033100003e-05,0.000233900023390002,0.000129100012910001,0,0,0,0,0.000569600056960006,0,0,0,0,0,0,0,0,0,0.000185700018570002,0,0,0,0,0,0,0,0,3.85000038500004e-05,0,0.00880440088044009,0.0155401015540102,0.00299980029998003,0,0.00775550077555008,0,0,0.0262133026213303,0,0,0.0339667033966703,0,0,1.10000011000001e-05,0.00280410028041003,0,0,0,9.18000091800009e-05,0,0,0,0.000319800031980003,0,0,0,0,0,0,0,0,0,9.13000091300009e-05,0,0,0,0,0,0,0.00517950051795005,0.000211800021180002,0.00398260039826004,0.000933000093300009,0,0,0,0,0,0,0,0,3.66000036600004e-05,2.71000027100003e-05,0.000233800023380002,0.000121000012100001,0.0166230016623002,0,0,0,0.00532800053280005,0.00102440010244001,0,0,0,0,0,0,0,0,0,0.00243090024309002,0.000318100031810003,0,0,0,0.000204200020420002,0,0,0,0,0,0,0,0,0,0,0.000233500023350002,0,0,0,0,0,0,6.88000068800007e-05,0,0,0,0,0,0.000798800079880008,0,0,0,0,0,0,0,0,0,0,0,0,0,0,0,0
"19","MS146",0,0,0,0,0,0,0,0,0,0,0,0,0.00116590011659001,0,0,5.62000056200006e-05,0.00182430018243002,0.00266860026686003,0,0.00438320043832004,0,0.0322098032209803,0.00174370017437002,0,0,0,0,0,0,2.16000021600002e-05,0,0,0.00438150043815004,8.26000082600008e-05,0,0.00263800026380003,0,0.000317600031760003,0.000153300015330002,0.00406570040657004,0.000289100028910003,0,0.00168220016822002,0.00288390028839003,0,0,4.30000043000004e-05,0,1.96000019600002e-05,0.00176870017687002,7.70000077000008e-06,0.00269220026922003,0,0,0,0,0,0,0.0153263015326302,0.00484610048461005,0.0195706019570602,0.0293037029303703,0.00749380074938008,0.00491410049141005,0.0157238015723802,0.00334000033400003,0,0.0224263022426302,0,0,0,0.00309580030958003,0,0,0.000411200041120004,0,0.000142300014230001,0,0,0.000175700017570002,0,0,0.00234100023410002,0.000756500075650008,2.60000026000003e-06,6.82000068200007e-05,1.92000019200002e-05,0,0,0,0,0,0,0,0,0,0,0.000180800018080002,0,0,0,0,1.15000011500001e-05,0,0,0,0.000109200010920001,0,0,0,5.74000057400006e-05,0,0,3.25000032500003e-05,0,0,5.93000059300006e-05,0,0,0,0,0,0,0,0.000289300028930003,0.000292000029200003,0,0,0,0.00232360023236002,0,0,5.80000058000006e-06,0,0.00809650080965008,0,0,0,0,0,0,0,0.00121200012120001,0,0,0,0,0,0,0,0,0,0,0,0,0,0,0,0,0,0.00138190013819001,0,0,0,0,0,0,0,0.000689200068920007,3.50000035000003e-05,0.00556140055614006,0,0,0,0,0.000646200064620006,6.64000066400007e-05,0,0,0.00296230029623003,0,0,4.84000048400005e-05,0.00264170026417003,0,0.0120863012086301,0,0.000114600011460001,0.00185380018538002,0.00925560092556009,0,0,0.000143200014320001,0,0,0.000379400037940004,0,0,0,0,0,0,0,0,0,0,0,0.000644100064410006,0.00659220065922007,0,0,0.0493871049387105,0.00752350075235008,0.00226870022687002,0,0.000306800030680003,0,0,0.00291800029180003,0,0,0.000290600029060003,0,0,0.00222230022223002,0.0577322057732206,0.00133450013345001,1.30000013000001e-05,0.000533300053330005,0,0,0.00145090014509001,0,0.00153950015395002,0.000171600017160002,0.00119810011981001,0,0,0,0.00644460064446007,0,0,0,1.01000010100001e-05,0,0.00146360014636001,0.00126780012678001,0,0,0,0,0,0.00356800035680004,2.58000025800003e-05,3.16000031600003e-05,0,0,0.00157280015728002,0,0.00582020058202006,0,0,0,0.00162740016274002,0.000109400010940001,0,3.72000037200004e-05,0,0,0,0,0,7.88000078800008e-05,0.000287900028790003,0.00243900024390002,0.000458500045850005,0,0,0,0,0.00272740027274003,0,0,0,0,0,0,0,0,0,0.000171000017100002,0,0,0,0,0,0,0,0,0.00105280010528001,0,0.00210020021002002,0,0.00259160025916003,0,0.00312030031203003,0.000155600015560002,0,0.0107461010746101,0,0,0.000191300019130002,0,0,6.27000062700006e-05,0,0,0,0,0,0,0,0,0.489213948921395,0,0,0,0,0,0,0,0,0,0.000198400019840002,0,0,0,0,0,1.44000014400001e-05,0.0198087019808702,0.00402190040219004,3.51000035100004e-05,0.00295660029566003,0.000147500014750001,4.54000045400005e-05,0,0.00852420085242009,0,0,0,0,0,0,0.00314210031421003,0,0.0237782023778202,0.000271700027170003,0,0.000653100065310007,0,0.00309540030954003,0,0,0,0,0,0,0,0,0,0.000886300088630009,0.000572000057200006,0,0,0,0.000322100032210003,0,0,0,0,0,0,0,0,0,0,0,0,0,0,0,0,0,0,0,0,0,0,0.00461540046154005,0.000675400067540007,0,0,0.00633090063309006,0.000812200081220008,0,0,0,0,0,0,0,0,0,0,0,0
"20","MS139",0,0,0,0,0,0,0,0,0,1.10999977800004e-05,0,0,0,0,7.19999856000029e-06,0.000225399954920009,0.00451049909790018,0,0,0.00668419866316027,0,0.0179697964060407,0.00233919953216009,0,0,0,0,0,0,0,0,0,0.000460299907940018,0,0.000111399977720004,0,0,0,0,0.0025387994922401,0,0.00389379922124016,7.22999855400029e-05,0,0,9.52999809400038e-05,0,0,0.000924199815160037,0.00205279958944008,2.4299995140001e-05,0.00237569952486009,0,0,0,0,0,0,0.0023955995208801,0.00184319963136007,0.00916109816778037,0.0430634913873017,0.000928199814360037,9.09999818000036e-05,0,0,0,0,0,0,0,0,0,0,0.000601999879600024,0,0,0,0,0,0,0,0.000143199971360006,2.79999944000011e-06,0.000297099940580012,0,9.74999805000039e-05,0,0,0,0,0,0,0,0,0,0,0,0,0,0,0,2.89999942000012e-05,0,0,0,0,0,0,0,0.000577999884400023,0,0,0,0,0,8.98999820200036e-05,0,0,0,0,0,0,0,0,0.000186499962700007,0,0,0,0,0,0.000621799875640025,0,0.000216899956620009,0,0,0.000126199974760005,0,0,0,0,0,0,0,0,0,0,0,0,0,0,0,0,0,0,0,0,0,0,0,0.000316699936660013,0,0,0,0.00855939828812034,0,0,0,7.3799985240003e-05,0,0.000616699876660025,0,0,0,0,0,0,0,9.29999814000037e-06,0.000298499940300012,0.000471499905700019,0,0,0.00322739935452013,0.000334899933020013,0,0,0,0.00024819995036001,0.00107779978444004,0,0,0,0,0,0,0,0,0,0,0,0,0,0,0,0,0,0.0049642990071402,0.000228399954320009,0,4.70999905800019e-05,0.000143599971280006,3.38999932200013e-05,0,0,0,0,0,0,0,0,0,0,0,0.000160199967960006,0.0205793958841208,0.00224629955074009,0.000185099962980007,0.000953899809220038,0,0,6.27999874400025e-05,7.79999844000031e-05,0.000113299977340005,4.82999903400019e-05,0.00181939963612007,0.000109499978100004,0,0,0.000112299977540004,0.00215909956818009,0,0,2.4299995140001e-05,0,0,0.000137199972560005,0,0,0,0,0,0.000686599862680027,1.27999974400005e-05,0.000376599924680015,0,0,0.000146199970760006,0,0.00380059923988015,0,0,2.19999956000009e-06,7.16999856600029e-05,0,0,0,0,0.000421299915740017,0,0,8.29999834000033e-06,0,0,0.000532899893420021,0,0,0,0,0,7.3999985200003e-06,0,0,0,0,0,0,0,0.000865499826900035,0,0,0,0,0,0,0,0,0,0,0,0,0.00565089886982023,0.0050143989971202,0.000309699938060012,0,0.00270549945890011,0,0,0.00978939804212039,0,0,0.000188999962200008,0,0,0,0,0.00840039831992033,0,0,0,0,0,0,0.649167570166486,0,0,0,0,0.122416875516625,0,0,0,0,0,0,0,0,0,0,0,0,0.00407449918510016,0.00803799839240032,0.0114105977178805,0.000382999923400015,6.07999878400024e-05,0,0,0.00149869970026006,4.16999916600017e-05,0,0,0,0,0.000191699961660008,0.00110769977846004,0.000372499925500015,0.000935899812820037,0,0,0.00125299974940005,0.000136399972720005,0,0,2.74999945000011e-05,0,0,0,0,0,0,0.00145229970954006,2.69999946000011e-06,0,0.000129999974000005,0,0,0,0,0,0,0,0,0,0,0,0,0,0,0,0,9.63999807200038e-05,0,0,0.00128689974262005,0,0,0,0.000287999942400011,0.00130709973858005,0.000365899926820015,0,0,7.3799985240003e-05,0.000373099925380015,0,0,0.000180999963800007,0,6.19999876000025e-05,0,0,0,6.25999874800025e-05,0,0,0
"21","MS161",0,0,0,0,0,0,0,0,0,0,0,0,0.000116399988360001,0,0,0.000266399973360003,0.0295653970434603,0.0413685958631404,0.000428999957100004,0.00445589955441004,0,0.0614859938514006,0.0124286987571301,0,0,0,0,0,0,0,0.000126299987370001,0,0.00626389937361006,0.000235599976440002,0,0.000392099960790004,0,0,0,0.000333899966610003,1.68999983100002e-05,0,0.000113299988670001,0,0,0,0.000147599985240001,0.000178699982130002,0,0.00639689936031006,0,0.00736409926359007,1.06999989300001e-05,0,0,0,0,0,0.000132599986740001,0.00430039956996004,0.0379813962018604,0.0157258984274102,0.000200899979910002,0.0404989959501004,0.000948399905160009,0,0,0,0,0,0,0.00267069973293003,0.000116599988340001,0,0.00217949978205002,0,0,0,0,0,0,0,0.00171209982879002,0.000655799934420007,3.29999967000003e-06,0.000362099963790004,0.000135599986440001,0,0,0,0,0,0,0,0,0,0,0,0,3.18999968100003e-05,0,0,0,0.00190929980907002,0,0,0,0,0,0,0,3.17999968200003e-05,0,0,6.36999936300006e-05,0,0.000107199989280001,0,0,0,0,0,0,0,0.000302599969740003,0.000657699934230006,0,0,0.00161449983855002,0.000199399980060002,0,0,9.40999905900009e-05,0,0.000109099989090001,0,0,0,0,0,0,0,0,0,0,0,0,0,0,0,0,0,0,0,0.00596159940384006,0,0,0,0.000202699979730002,0,2.84999971500003e-05,0,0,0,0,0,0,0,0.000148299985170001,0,0.000242599975740002,0,0,0,0,0.00755569924443008,0,0,7.97999920200008e-05,0.000139199986080001,0.00633859936614006,0,0,0,0,4.39999956000004e-06,0,0,0.000842999915700008,0.00892279910772009,0,0,0.000211299978870002,0,0,0.00314349968565003,0,3.06999969300003e-05,0,0,0,0,0,0,0,0,0,0.00557199944280006,0.00128999987100001,0,0.000141899985810001,0.000322399967760003,0.00923989907601009,9.09999909000009e-05,0,0.00168389983161002,0.000262999973700003,0.0658077934192206,0,0,2.11999978800002e-05,0.000136499986350001,0,0,0.000618099938190006,0.0414535958546404,0.0121189987881001,0.00299169970083003,0.00132919986708001,0,0,0.0218911978108802,0.0180651981934802,0.000279599972040003,0.0441589955841004,0.133436886656311,0.0143718985628101,0.000368099963190004,0,0.000105199989480001,0,0,0,6.62999933700007e-05,0,0,1.04999989500001e-05,0,0,0,1.16999988300001e-05,0,0,0.00351879964812004,0.00736479926352007,0,0.00581309941869006,3.66999963300004e-05,0,0.000270599972940003,0,0,0,0.000595499940450006,0.000246199975380002,0,0,0,2.95999970400003e-05,0,6.51999934800006e-05,0,0,0,0.000424199957580004,0.000144499985550001,0,0,0,0,0.00118299988170001,0,0,0,0,0,0,0,0,0,9.42999905700009e-05,0,0,0,0,0,0,0.00480079951992005,0,0,0,0.0204528979547102,0.0117057988294201,0.0297366970263303,0,0.00725459927454007,0,0,0.0158078984192102,0,0,0.0131350986864901,3.50999964900003e-05,0,0.0227734977226502,0,0,1.28999987100001e-05,0,0,0,0,0,0.097002390299761,0,0,0,0,0,0,0,0,0,0,0,0,0,0,0,0,0.000514299948570005,0.00519809948019005,0,0.00429179957082004,0,0,0,0,0,0,0,0,0,0,0.000780899921910008,0.00317169968283003,0.0339033966096603,0,0.000878599912140009,0,0.00557029944297006,0.000460799953920005,0,0,1.25999987400001e-05,0.000185299981470002,7.76999922300008e-05,0,0,0,0,0.00311869968813003,0.000572699942730006,0,0,0,0,0,0,0,0,0,0,0,0,0,0,0,0,0,0,0,0,0,0,0,0,0,0,0.00170769982923002,0.00224579977542002,0,0,0,0,0,0,0,0,0,0,0,0,0,0,0.000663999933600007,0
"22","MS179",0,0,0,0,0,0,0,0,0,0,0,0,0.000141900028380006,0,0,4.07000081400016e-05,0,0,0,0.00267640053528011,0,0.0522638104527621,0.000108500021700004,0,0,0,0,0,0,0,0,0,0.00455250091050018,0,0,0,0,0,0,0.0184778036955607,0,0,0,0,0,0.0170504034100807,0,0,0,0,0,0.0475791095158219,0,0,0,0,0,0,0.282213156442631,0.0204770040954008,0.167038333407667,0.216082143216429,0.000947000189400038,0,0.00661610132322027,0,0,0.00204550040910008,0,0,0,0.00383300076660015,0,0,0.000587300117460023,0,0,0,0,0,0,0,0.000361000072200014,0,0,0,0,0,0,4.64000092800019e-05,0,0,0,0,0,0,0,0,0,0,0,0,1.06000021200004e-05,0,0,2.5500005100001e-05,8.00000160000032e-06,0,0,0,0,0,0,0,0,0.000103000020600004,0.000183500036700007,0,0,0,0,0,0,0,0,0,0,0,0,0,0,0,0,0,0,0,0,0,0,0,0,0,0,0,0,0,0,0,0,0,0,0,0,0,0,0,0,0,0,0,0.000563800112760023,0,0,0,0,0,0,0,0,0,0.00132490026498005,0,0.000178700035740007,0,0,0,0,0.000637700127540025,0.000348300069660014,0,0,0,0,0,0,0,0,0,0.000483700096740019,0.000279100055820011,0,0,0,0,0,0,0,0,0,0,0,0,0,0,0,0,0,0.00161030032206006,0.00157140031428006,0,0.000149500029900006,0.025044905008981,6.80000136000027e-06,0,0,0,0,0,0.000309100061820012,0,0,0,0,0,0,0.0187176037435208,0,0,0.000128500025700005,0,0,0.000186200037240007,0,8.10000162000032e-06,0,0,0,0,0,0,0,0,0,0,0,0,9.15000183000037e-05,0,0,0,0,0,0,0,0.00139520027904006,0,0,0.000338000067600014,0,0.00376600075320015,0,0,0,0.00101620020324004,0,0,0,0,0,0,0,0,0,0,0.000195400039080008,0,0,0,0,0,0.0133162026632405,0,0,0,0,0,0,0,0,0,6.43000128600026e-05,0,0,0,0,0,0,0,0,0,0,0,0,0,0,0.00952030190406038,0,0,0.0373574074714815,0,0,0.000453700090740018,0,0,0.00448380089676018,0,0,0,0,0,0,0,7.22000144400029e-05,0,0,0,0,0,0,0,0,0,0,0,0,0,0,0,0,0,3.54000070800014e-05,7.93000158600032e-05,0,0.000467400093480019,0,0,0,0,0,0,0,0,3.98000079600016e-05,0,0.000174500034900007,0.000124300024860005,0.024466604893321,0,0,0.000832500166500033,0,0.000542400108480022,0,0,0,0,0,0,0,0,0,0.00335920067184013,0.000152500030500006,0,0,0,7.80000156000031e-06,0,0,0,3.04000060800012e-05,0,0,0,0,0,0,0,0,0,0,0,7.64000152800031e-05,0,0.000114200022840005,0,0,0,0,0.0023971004794201,1.27000025400005e-05,0,0,0,0,0,0,0,0,0,0,0,0,0,0,0,0
"23","MS129",0,0,0,0,0,0,0,0,0,0,0,0,0.000212499957500009,0,0,0.0822217835556433,0.099769380046124,0.00270759945848011,6.54999869000026e-05,0.0174178965164207,0,0.0660977867804426,0.000131299973740005,0,0,0,0,0,0,0.000130299973940005,9.9599980080004e-05,0,0.00684509863098027,0.000463499907300019,0,0.000770299845940031,0,0,0,0.0200503959899208,0,6.29999874000025e-06,0,0,0,0,0.0208678958264208,0,0.0154393969121206,5.54999889000022e-05,0,0.0132425973514805,0,0,0,0,0,0,0.0236226952754609,0.00925079814984037,0.0531864893627021,0.0465930906813819,0,8.20999835800033e-05,2.09999958000008e-05,0,0,0,0,0,0,0.000707099858580028,0,0,0.000154599969080006,0,3.93999921200016e-05,0,0,0,0,0,0.00617519876496025,1.31999973600005e-05,0,0,0,0,0,0,0,0,0,0,0,8.27999834400033e-05,0,0.000184899963020007,0,0,0,0,6.37999872400025e-05,0.000224299955140009,6.69999866000027e-05,0,6.75999864800027e-05,3.70999925800015e-05,5.0899989820002e-05,0,0.00147089970582006,0.000730399853920029,0,0.00113869977226005,0,0.000378599924280015,0.000196299960740008,0,0,0,0,0,0,0,3.09999938000012e-06,0.000100199979960004,0,0,0.025028294994341,0.00026049994790001,0,0,0.000145399970920006,0.0130930973813805,0,0,0.000193599961280008,0,0,0,0,0,0,0,0.049597790080442,0,0,0,0,0,0,0,0,0,0,0,0,0,0,0,0.00139399972120006,0,0,0,8.29999834000033e-06,0,0,0,0.00368979926204015,3.42999931400014e-05,0.00545659890868022,0,0,0.00224899955020009,0,0,0,0.00981499803700039,0.000944399811120038,0.00658029868394026,0,0,0,0,0,0,0,8.21999835600033e-05,0.000545899890820022,0.00263879947224011,0,0,0.00276219944756011,0,0,5.77999884400023e-05,8.98999820200036e-05,0.000784099843180031,0,0,0,0,3.81999923600015e-05,0,3.49999930000014e-06,0,0,0.0170961965807607,0.00325109934978013,0,0.00637909872418025,0.0176977964604407,0.000101999979600004,0.00165979966804007,0,0,0,1.42999971400006e-05,0,0,0,2.95999940800012e-05,0,0,0.000328699934260013,0.0327118934576213,0,0,0.000182999963400007,0,7.84999843000031e-05,0.00164189967162007,0,0.00310229937954012,0.00710529857894028,0.0100920979815804,0,0.000632399873520025,0,0,0,0,0,2.04999959000008e-05,0,0,0,0,0,0,0,0,0.0049551990089602,0,0.024443895111221,0.00050189989962002,0.000458399908320018,0.000223199955360009,0,0.00882469823506035,0,0,0,0.00024269995146001,0.000898599820280036,0,7.4999985000003e-06,0,0,0,0,0,8.92999821400036e-05,0.000145699970860006,0.00163599967280007,1.12999977400004e-05,0,0,0,0,0.00639659872068026,0.000190499961900008,0,0,0,0,0,0,0,0,0.000226099954780009,0,0,0,0,0,0,0,0,0.0024397995120401,0,0.00586939882612023,0.00146159970768006,0,0,0.00948269810346038,0,0,0.0197643960471208,0.000110599977880004,3.79999924000015e-06,0.00293119941376012,0.000119299976140005,0,0.0106024978795004,0,0,0,0,0,0,0,0,0.000214399957120009,0,0,0,0,0,0,0,0,0,0,0,0,0,0,0,0.000161299967740006,0,0,0.000143699971260006,7.09999858000028e-06,2.81999943600011e-05,0,0,0,0,0,1.33999973200005e-05,0,0,0.00297919940416012,0.00632509873498025,0.00139109972178006,0.0909679818064036,0.000348999930200014,0,0.00214849957030009,0.0119521976095605,0.0183883963223207,0,0,0,0,0,0,0,0,0,0.0357957928408414,0.00272879945424011,0,0,0.000101699979660004,0,0,0,0,0,5.79999884000023e-06,0,2.97999940400012e-05,0,6.83999863200027e-05,0,0,0,0,0,4.9399990120002e-05,0,0,0.000389099922180016,0,0,0,1.53999969200006e-05,0.000651999869600026,0.00149219970156006,0,0,0,0.00114929977014005,0,0,0.00155949968810006,0,0,0,0,0,0,0,0,0
"24","MS155",0,0,0,0,0,0,0,0,0,0,0,0,0.00368630110589033,0,0,6.40000192000058e-05,0.00128230038469012,0,0.00433190129957039,0.0456938137081441,0,0.0420159126047738,0.0188860056658017,0,0,0,0,0,0,0,0,0,0.00627680188304056,0,0,0.00118450035535011,0,0.000479400143820043,0.000158400047520014,0.0267633080289924,0,0,0.0281939084581725,0,0,0,0.000508600152580046,0,0.00280700084210025,3.96000118800036e-05,2.32000069600021e-05,0.00200160060048018,0,0,0,0,0,0,0.0263522079056624,0.0044527013358104,0.0620701186210356,0.0640689192206758,0.000165400049620015,0,0.00866210259863078,0.00264420079326024,0,0.00407740122322037,0,0,0,0.000904000271200081,0.00303550091065027,0,0.000401600120480036,0,0,0,0.000562600168780051,0,0,0,0.00022220006666002,6.97000209100063e-05,0.000215000064500019,0,0.000529000158700048,0,0,0,0,0,0,0,0,0,0,0,0,0,0,0,0.000166200049860015,0,0,0,0,0,0,0,0,0,0,0,0,0,0,0,0,0,0,0,0,0.00137190041157012,0.000358700107610032,0.000301700090510027,0.00166580049974015,0.000646100193830058,0,0,0,0.0195511058653318,0,0,0,0,0.00056240016872005,0,0,0,0,0.00131070039321012,0,0,0,0,0,0,0,0,0,0.00644310193293058,0,0,0,0,0,0,0,0,0.000532000159600048,0,0,0,0.00162340048702015,0,0,0,0,0,0.00464650139395042,0,0,0,0,0,0.000481700144510043,0,0.000469200140760042,0.00317630095289029,0.0237469071240721,0,0,0.0118013035403911,0,0.000930700279210084,0,0,0.00147580044274013,0.00397120119136036,0,0,0,0,0,0.00022440006732002,0,0.000170800051240015,0,0,0,0,0.00613150183945055,0,0,0,0,0.0589807176942153,0.00299120089736027,0,0.000740200222060067,0.00726480217944065,0.0254608076382423,0.00766900230070069,0,0.000136700041010012,0.000570600171180051,0,0,0,0,0.0195400058620018,0.000685700205710062,0,8.9000026700008e-06,0.0483409145022743,0.066211119863336,0.00166890050067015,0.000250000075000023,0,0,0.00168720050616015,0.00187000056100017,0.0010709003212701,0.0255007076502123,0.00242680072804022,0.000863600259080078,0,0,0.00760320228096068,0,0,0,3.11000093300028e-05,0.000522300156690047,0.0252475075742523,0.00184580055374017,0,0,0.00129100038730012,0,0,0.00993290297987089,0,0.000980600294180088,0,0,3.73000111900034e-05,0,0.00271900081570024,0,0,0,0.0033122009936603,2.08000062400019e-05,0,0,0,0,0,2.40000072000022e-05,0,0,0,0.00305140091542027,7.7600023280007e-05,0,0,0,0,0.00183200054960016,0,6.07000182100055e-05,0,0,0,0,0,0,0,0,0.000878500263550079,0,0,0,0,0.00259140077742023,0,0,0,0,0.00823360247008074,0.00687560206268062,0.00919440275832083,0,0.00488070146421044,0.0022198006659402,0,0.0189776056932817,0,0,0.000514600154380046,0,0,0.00415620124686037,0,0,0,0,0,0,0,0,0.000631400189420057,0,0,0,0,0,0,0,0,0,0.00055310016593005,0,0,0,0,0,7.8000023400007e-06,0.0596330178899054,9.35000280500084e-05,6.16000184800055e-05,8.80000264000079e-05,6.29000188700057e-05,0,0,0,0,0,0,0,0,0,0.00260350078105023,0.00104530031359009,0.0235827070748121,0,0,0.000463900139170042,0,0.00954860286458086,0,0.00021950006585002,0.00033330009999003,0,0,0,0.0011368003410401,0,0,0.00682920204876061,0.000654400196320059,0,0,0.000875700262710079,0,0,0,0,0,0,0,0,0,0,0,0,0,0,0,0,0,0,4.69000140700042e-05,0,0,0,0,0.022142706642812,0.000396700119010036,0.00213110063933019,0,0.0182291054687316,0.000480600144180043,0,0,0,1.29000038700012e-05,0,0,0.00011520003456001,0,0,0,0.000896400268920081,0.00148490044547013
"25","MS144",0,0,0,0,0,0,0,0,0,2.81999943600011e-05,0,0,0.00051229989754002,0,0,0,0.000716999856600029,0.000142999971400006,0.00438779912244018,0.0208902958219408,0,0.025160294967941,5.1299989740002e-05,0,0,0,0,0,0,0,0,0,0.00458849908230018,0.000146399970720006,0,0.0024683995063201,0,0.0023917995216401,0.00129229974154005,0.0116864976627005,0,0,0.0215273956945209,0,0,0,0.0101348979730204,0,0.0074592985081403,0,1.72999965400007e-05,0.0076035984792803,0,0,0,0,0,0,0.0102164979567004,0.00851719829656034,0.0928782814243437,0.129722074055585,0.000132499973500005,6.29999874000025e-06,0.0331240933751813,0.0168971966205607,0,0.0181191963761607,0,0,0,0.00674569865086027,0.00632349873530025,0,0.00109109978178004,0,0,0,9.59999808000038e-06,0.000107799978440004,0,0,0.00871299825740035,0.00107169978566004,4.9499990100002e-05,0,0.000126599974680005,0,0,0,0,0,0,0,0,0,0,0,0,0,0,0,0.000139199972160006,0,0,7.29999854000029e-06,0,0,0,0,0,0,0,0.000120699975860005,0,0,0.00176819964636007,0,0,0.000592099881580024,0,0,0,0,0.000391999921600016,0.00477729904454019,0.00288279942344012,0.000936999812600037,0,0,0,0,3.07999938400012e-05,0,0,0,0,0,0,0,0,0,0,0,0,0,0,0,0,0,0,0,0,0,0,0,0,0,0,0,0.00536519892696021,0,0,0,0.00440409911918018,0,0,0,0.000296599940680012,0,0.024691795061641,0,0,0,0,0,0.00075969984806003,0,0.00164999967000007,0.00677719864456027,0,0,0,0.00631079873784025,0,0.00199629960074008,0,0,0.00720799855840029,0.0192529961494008,0,0,0.000535999892800021,0,0,0.000109799978040004,0,0,0,0,7.73999845200031e-05,0,0.00518259896348021,0,0,0,0,0.00120919975816005,0.00955269808946038,0,0.00450569909886018,0.0785148842970231,0,0.00450979909804018,0,0,0,6.49999870000026e-06,0.00677329864534027,0,0.00119619976076005,0.00334439933112013,0,0,0,0.049592790081442,0.00457999908400018,0.000203199959360008,9.75999804800039e-05,9.65999806800039e-05,0,0.000914999817000037,0.00024399995120001,0.00175499964900007,0.000833499833300033,0.00289009942198012,0,0,0,0,0,0,0,2.95999940800012e-05,0,0.000167799966440007,0.00024609995078001,0,0,0,0,0,0.00299239940152012,7.5499984900003e-05,0.00158729968254006,0,0,0.00135159972968005,0,0.0228189954362009,0,0,0,0.00108129978374004,0.000726599854680029,0,0,0,5.41999891600022e-05,0,0,0,0,0.000109199978160004,0.00766569846686031,2.19999956000009e-06,0,0,0,0,0,8.16999836600033e-05,0,0,0,0,0,0,0,0,3.93999921200016e-05,0,0,5.0499989900002e-05,0,0,0.00174089965182007,0,0,0.00431519913696017,0,0.0025731994853601,0.0075216984956603,0.0147119970576006,0,0.00290759941848012,0.000287599942480011,0,0.0193752961249408,0,0,0.000143999971200006,0,0,0.0109844978031004,0,0,0,0,0,0,0,0,0.000678599864280027,9.64999807000039e-05,0,0,0,0,0,0,0,0,0.000428199914360017,0,0,0,0,0,5.34999893000021e-05,0.0174265965146807,0.00104569979086004,0.00692889861422028,0.00850819829836034,0,0,0,0,0,0,8.59999828000034e-06,0,0,0,0.00451539909692018,0.00780199843960031,0.0686526862694627,0,0,0.00293869941226012,0,0.00871219825756035,0,0,0,0,0,0,0,0,0,0.0187570962485808,0.00350829929834014,0,0,0,0,0,3.55999928800014e-05,0,0,0,0,0,0,0,0,0,0,0,0,0,0,0,2.32999953400009e-05,0,0,0,0.000418899916220017,0.0102180979563804,0.0024353995129201,0.00112109977578004,0,0.0098766980246604,7.29999854000029e-06,0,1.55999968800006e-05,0,0,0,0,0,0,0,0,0,0
"26","MS128",0,0,0,0,0,0,0,0,0,0,0,0,0.0010136,0,0,2.9e-06,0.0007063,0.0015092,0,0.0023913,0,0.064867,0.0015029,0,0,0,0,0,0,0,0,0,0.0096616,0,0,0.0005288,0,0,0,0.0134193,0,0,8.83e-05,0,0,0.0025853,3e-06,0,0,0.005169,0,0.0006076,0,0,8.45e-05,0.0317411,0,0,0.0033628,0.0003536,0.0036868,0.0285306,0.0024824,0.0076427,0.0191768,0,0,0.026345,0,0,0,0.0012501,3.2e-06,0,0.0004015,0,0.0001924,0,0,0,0,0,0.0007621,5.46e-05,0,0,0,0,0,4.6e-06,0,0,0,0,0,0,0,9.15e-05,0,0,0,0,3.69e-05,0,0,0,0,0,0,0,0.0001209,0,0,2.89e-05,0,0,8.91e-05,0,0,0,0,0,0,0,2.77e-05,0.0005922,0,0,0,0,0,0,0.0002899,0,0,0,0.0003206,0,0,0,0,0,0,0,0,0,0,0,0,0,0,0,0,0,0,0,0,0,0,0,0,0,0,0,0.0001079,0,0,0,0.0009309,0,0.0083848,0,0,0,0,0,0,0,0,0.0026938,3.47e-05,0,0,0,0,0.002458,0,5.74e-05,0.0017738,0.0146134,0,0,0,0,0,0.0003621,0,0,0,0,0.0001562,0,0.0001422,0,0,0,0,0.0022638,0.0092989,0,0.0020536,0.0238604,0.0001191,0,0,0,0.0001043,0.1574959,0.0033067,0,0,0,0,0,0,0.0500903,8.5e-06,0,0.000133,0,0,0.0962154,0,0.0008069,0.005267,0.0016727,0,0,0,0,9.78e-05,0,0,0,0,0,0.0002011,0,0,0,0,0,0.0002962,6.5e-06,0.014795,0,5.1e-06,0.0006281,0,0.0047453,0,0,0,9.6e-06,6.18e-05,0,2.16e-05,0,0,0,0,0,2.84e-05,0,0.0027466,0,0,0,0,0,0.0009911,0,0,0,0,0,0,0,0,0,6.72e-05,0,0,0,0,0,0,0,0,0,0,0.0014626,0.0126176,0,0,0.0021593,0,0,0.0054263,0.0001673,1.99e-05,0.0002465,1.8e-06,0,0,0,0,0,0,0,0,0,0,0.2907521,4.79e-05,0,0,0,0,0,0,0,0,0,0,0,0,0,0,1e-05,0,0.0037909,3.9e-05,0.0003402,0,0,0,0,0,0,0,0,3e-06,0,0.0010103,0.0050288,0.0058589,0,0,0.0009161,0,0.0037404,0,0,0,0.0004146,0,0,0,0,0,0.009722,0.0006321,0,0,0.0016576,0,0,0,0,0.0005276,0,0,0,0,0,0,0,0,0,0,7.56e-05,0,0,5.17e-05,0,0,0,3.55e-05,0.0030799,0.0005685,0,0,0.008533,0.0002213,0,0,0,0,0,0,0,0,0,0,0,0
"27","MS137",0,0,0,0,0,0,0,0,0,0,0,0,1.78999964200007e-05,0,0,0.0127155974568805,0.0362899927420014,0.00177769964446007,0.00118439976312005,0.0154890969021806,0,0.104920279015944,0.00158909968218006,0,0,0,0,0,0,0,0,0,0.0099985980002804,5.1299989740002e-05,4.39999912000018e-06,5.98999880200024e-05,0,0,0,2.88999942200012e-05,0,0,2.30999953800009e-05,0,0,0,0.00701709859658028,0,0,6.59999868000026e-06,0,0.00644869871026026,0,0,0,0,0,0,3.88999922200015e-05,0.025989294802141,0.283568443286311,0.25387164922567,1.36999972600005e-05,0.0627766874446625,0.00483559903288019,0,0,0,0,0,0,0.00377379924524015,0,0,0.00120369975926005,0,2.5499994900001e-05,0,0,0.000283299943340011,0,0,3.40999931800014e-05,6.55999868800026e-05,0,0,0,0,0,0,0,0,0,0,0,0,0,0,0,7.76999844600031e-05,0,0,9.09999818000036e-06,0,2.11999957600008e-05,0.000157099968580006,0,0,0.000175899964820007,0,0,2.67999946400011e-05,0,0,0,9.01999819600036e-05,4.8799990240002e-05,0,0,0,0,8.99999820000036e-05,0,0,6.03999879200024e-05,0.00124989975002005,0,0,0.0151118969776206,0,0,0.00610269877946024,4.33999913200017e-05,0,0,0,0,4.69999906000019e-06,0,0,0,0,0,0,0,0,0,0,0,0,0,0,0,0,0,0,0,0,0,0,0.000457999908400018,0,0,0,0.000382099923580015,0,0,0,0,0,0.000646399870720026,0,0,0,0,0,0,0,0.000112299977540004,0,0,0,0,0,0,0.00131069973786005,0,0,0.000335999932800013,0.000681499863700027,0,0,3.73999925200015e-05,0,6.43999871200026e-05,0,0,5.14999897000021e-05,0,0,0,0,0,0,0,0,0,0.0161241967751606,0.000934999813000037,0,0.000474399905120019,0.00317529936494013,0.0323722935255413,0.000213099957380009,0,0,4.29999914000017e-06,0,0,0,0,0.000985799802840039,0.000963499807300038,1.79999964000007e-06,5.89999882000024e-05,0.00358689928262014,0,0,0,0,0,0.00169519966096007,0.00024209995158001,0.000463099907380018,0,2.4299995140001e-05,0.000604099879180024,0.000191499961700008,0,0,0,0,0,0,0,0,3.62999927400015e-05,0,0,0,0,0,0,0.000150199969960006,0.0137945972410806,0,0,0.000394499921100016,0,0.00274089945182011,0,0,0,1.80999963800007e-05,4.36999912600017e-05,0,0,0,0,0,5.1299989740002e-05,0,0,0,0.000902499819500036,0.00075379984924003,0,0,2.69999946000011e-06,0,0.000676399864720027,4.29999914000017e-06,0,0,0,0,0,0,0,0,0.000167199966560007,0,0,0,0,0,0,0,0,0.000119699976060005,0,0.0103456979308604,0.00292829941434012,1.50999969800006e-05,0,0.0138132972373406,0,0.0177248964550207,5.73999885200023e-05,0,0,0,0,0,0,0,0,0,0,0,0,0,0,0.000106899978620004,0,0,0,0,0,0,0,0,0,0,0,0,0,0,0,1.49999970000006e-06,0.000634799873040025,0.000883399823320035,0.000212399957520008,8.22999835400033e-05,0.000646299870740026,0.000344099931180014,0,0,0,0,0,0,0,0,0.000603499879300024,0.00123959975208005,4.40999911800018e-05,0,0,0,0.00402689919462016,0.000113799977240005,6.49999870000026e-06,0,0,0.000205299958940008,0,0,0,0,0,2.10999957800008e-05,0.00105309978938004,0,0,0,0.00025899994820001,0,0,0,0,0,0,0,0,0,0,0,0,0,0,0,0,0,1.86999962600007e-05,0,0,0,0,0.000187799962440008,0.000979499804100039,0,0,0,0,0,0,1.95999960800008e-05,0,0,0,0,0,0,0,0,0
"28","MS175",0,0,0,0,0,0,0,0,0,9.9000009900001e-06,0,0,3.49000034900003e-05,0,0,0.0357713035771304,0.0099460009946001,0,0,0.000118900011890001,0,0.0613092061309206,0.00222980022298002,0,0,0,0,0,0,0,0,0,0.00354390035439004,8.38000083800008e-05,3.28000032800003e-05,0.000206500020650002,0,0,0,0.000160700016070002,0.0766192076619208,0,0.280891328089133,0,7.80000078000008e-06,0,0,0,4.00000040000004e-06,6.76000067600007e-05,0,0.0275069027506903,0,0.0230318023031802,0,0,0,0,0.000125300012530001,2.81000028100003e-05,0.000577300057730006,0.000721500072150007,0,0.000231900023190002,0,0,0,0,0,0,0,0.000430400043040004,0.00106520010652001,0,0,0,0,0,0,0,0,0,0,0.000365100036510004,0,0,0,0,0,0,0,0,0,0,0,0,0,0.000214800021480002,0,0,0,0,4.07000040700004e-05,0,0,8.50000085000008e-06,2.96000029600003e-05,0,4.62000046200005e-05,0,0,5.78000057800006e-05,0,0,0.000146700014670001,4.71000047100005e-05,0,0,0,0,0,0,0,0,3.96000039600004e-05,0.000824500082450008,0.00156600015660002,0.000528300052830005,0,0,0.000591200059120006,0,0,0,0,0,0,0,0,0,0,0,0,0.000110800011080001,0,0,0,0,0,0,0,0,0,0,0,0,0,0,0.000295400029540003,0,0.00187650018765002,0,0,0,0,0,0,0,0.000678800067880007,7.50000075000008e-06,0.000152100015210002,0,0,0,0,0.0212635021263502,0,0,0,0.000666800066680007,1.87000018700002e-05,0,0,0,0,0,0,0.000127100012710001,0.000551500055150006,0.000262200026220003,0,0,0.000319100031910003,0,0,0,3.08000030800003e-05,0,0,0,0,0,0,0,0,0,0,0.0393276039327604,0.00240870024087002,0,0.000943300094330009,0.0341675034167503,0.0386033038603304,0,0,0.00684700068470007,0.000743300074330007,0.0145186014518601,0,0,0,9.7000009700001e-06,0,0,0,0.0548894054889406,0.00291730029173003,0.000357000035700004,0.0127191012719101,0,0,0,3.78000037800004e-05,0.000400000040000004,2.11000021100002e-05,0.00277560027756003,0,0,0,2.20000022000002e-06,0,0,0,3.07000030700003e-05,0,0,0.000154200015420002,0,0,0,1.80000018000002e-05,0,0.00266010026601003,0,0.0226635022663502,0,0,0.00265750026575003,0,0.0122802012280201,0,0,0,1.16000011600001e-05,4.42000044200004e-05,0,0,0,0,0,0,0,0,0,0.00189260018926002,0.000512100051210005,0,0,0,0,0,0,0,0,0,0,0,0,0,0,0.000181700018170002,0,0,0,0,0,0,0,0,0,0,0.0311098031109803,0.00697540069754007,2.30000023000002e-05,4.00000040000004e-06,0.0222940022294002,0.0333495033349503,0,0.000110800011080001,0,0,0.0148200014820001,0,0,0.00359460035946004,0,0,0,0,0,0,0,0,0.000177800017780002,0,0,0,0,0,0,0,0,0,0,0,0,0,0,0,0,2.89000028900003e-05,0.000293900029390003,1.49000014900001e-05,0.0294595029459503,3.01000030100003e-05,0,0,0,0,0,0,0,0,0,0.000542400054240005,0.00817820081782008,0.0170883017088302,0,0,0.000125900012590001,0.00274760027476003,0.000786100078610008,0,0,0,0.00410780041078004,0,0,0,0,0,0.00222680022268002,0.000174400017440002,0,0,0,0,0,0,0,0,0,0,0,0,0,0,0,1.90000019000002e-06,0,0,3.20000032000003e-06,0,0,6.01000060100006e-05,0,0,0,0.00202140020214002,0.00891600089160009,5.50000055000005e-05,0,0,0,0,0.000260800026080003,0,0,0,0,0,0,0,0,0,0,0
"29","MS135",0,0,0,0,0,0,0,0,0,0,0,0,0.000178999946300016,0,0,5.82999825100053e-05,0.000978899706330088,0.000197299940810018,0,5.29999841000048e-05,0,0.0852757744172677,0.00563879830836051,0,0,0,0,0,0,0,1.84999944500017e-05,0,0.0100435969869209,0.000611199816640055,0,0.000376399887080034,0,0,0,0.0326210902136729,0.0163404950978515,0.0395688881293336,0.000249199925240022,0,0.00876559737032079,6.00999819700054e-05,0.0139575958127213,0,7.19999784000065e-06,0.011381696585491,0,0,0,0,0,0,0.0122990963102711,0,0.0199983940004818,0.0118041964587411,0.10828026751592,0.137369158789252,3.02999909100027e-05,7.43999776800067e-05,7.11999786400064e-05,0,4.35999869200039e-05,0.00375359887392034,0,0,0,0.00545049836485049,0.00928859721342084,0,0.000364799890560033,0,0,0,0,0,0,1.57999952600014e-05,0,9.69999709000087e-06,0,0,0,0,0,0,0,0,0,0,0,0,0,0,0.000166599950020015,4.95999851200045e-05,0,0,9.59999712000086e-06,0,0,0,0,0,0,0,0,0,0,1.56999952900014e-05,0,0,0.00197669940699018,0,0,0,0,0,0,0,0,7.49999775000068e-06,0,0,1.90999942700017e-05,0,0,0,0,0,0.000131999960400012,0,0,0.0044765986570204,0,0,0,0,0,0,0,0,0,0,0,0,0,0,0,0,0,0,0.0283505914948226,0,0,0,0,0,0,0,0,0,0,0,0,0,0,3.43999896800031e-05,0,0,0,0,0,0,3.44999896500031e-05,0.00206849937945019,0,0,0,0,0,0,0,0,0.000920399723880083,0.000165199950440015,0,0,0.00256019923194023,0,0,2.09999937000019e-06,0,6.59999802000059e-06,0,0,0.000169199949240015,0,0.00346179896146031,0,0,0,0,0.0626774811967556,2.76999916900025e-05,0,0,0.00121899963430011,4.69999859000042e-06,0,4.71999858400043e-05,0,0,2.82999915100025e-05,0,0,0,7.89999763000071e-06,0,0,0,0.0379824886052534,1.78999946300016e-05,0,0,0,0,0,0,0.000256199923140023,8.45999746200076e-05,2.2599993220002e-05,0,0.00011049996685001,0,0,0,0,0,0,0,0,0.00177889946633016,0,0,0,0,0,0,6.30999810700057e-05,0.0136504959048512,0,0,0.0088989973303008,0,0.00655579803326059,0,0,0,0.000648899805330058,7.7699976690007e-05,0,0,0,0.000251299924610023,0,0,0,0,0.000344599896620031,0.000385499884350035,0.000371299888610033,0,0,0,0,0.0172732948180116,0,0,0,0,0,0,0,0,0,0.0011445996566201,0,0,0,0,0,0,0,0,0,0,0.0420176873946938,0.00506239848128046,0,0,0.0322281903315429,0,0,0.101142969657109,0,0,0.000608299817510055,0,0,0.00530059840982048,0,0,0,0,0,0,0,0,0.000311299906610028,0.000213499935950019,4.81999855400043e-05,0,0,0,0.00011469996559001,0,0,0,0,0,0,0,0,6.6499980050006e-05,0,0.00817429754771074,0.00148749955375013,0.00142009957397013,0.0128790961362712,0.000182499945250016,3.10999906700028e-05,0.0154192953742114,0,0,0,0,5.81999825400052e-05,0,0,0.000765099770470069,0,0.0172792948162116,0,0,0.000141299957610013,3.69999889000033e-06,0.000827999751600075,0,0,0,0,0,0,0,0,0,0.00561449831565051,0.000173799947860016,0,0,0,1.03999968800009e-05,0,0,0,0,0,0,0,0,0,0,0,0,0,0,0.000267899919630024,0,0,0.000707399787780064,0,0,0,0.00146889955933013,0.011422096573371,0.000380099885970034,0,0,0.000162499951250015,0,0,0,0,0.000200899939730018,0,0,1.34999959500012e-05,0,0,0,0,0
"30","MS160",0,0,0,0,0,0,0,0,0,0,0,0,1.39000027800006e-05,0,0,0.000225800045160009,0.00149770029954006,0,0,0.00108510021702004,0,0.0323469064693813,0.000517100103420021,0,0,0,0,0,0,0,0,0,0.00111450022290004,0,0,1.69000033800007e-05,0,0,0,0.00263430052686011,9.30000186000037e-06,0,0.000188400037680008,0,0,0.00455120091024018,0,0,0,0.0157415031483006,0,0.00111310022262004,0,0,0,0,0,0,3.26000065200013e-05,0.00459900091980018,0.0584719116943823,0.0466734093346819,0.0145920029184006,0.0129370025874005,0.000160400032080006,0,0,4.00000080000016e-06,0,8.15000163000033e-05,0,0.000180600036120007,0,0,0.000371100074220015,0,0,0,0,0.000327900065580013,0,0,0.000704900140980028,0,3.50000070000014e-06,0,0.000293000058600012,0,0,0,0,0,0,0,0,0,0,0,0,0,0,0,0,0,0,0,0,0,0,0,0,0,0,0,0,0,0,0,0,0,0,0,0,0,0,0.000659100131820026,0,0,0,0,0,0,0,0,0,0,0,0,0,0,0,0,0,0,0,0,0,0,0,0,0,0,0,0,0,0,0,0,0,0,0.000525500105100021,0,0,0,0.00108710021742004,0,0,0,1.20000024000005e-05,0,0.00124800024960005,0,0,0,0,0.00073880014776003,0,0,0.000323600064720013,0.000314600062920013,0.00408950081790016,0,0,0,0,0,0,0,0.000347800069560014,0.00149120029824006,0,0,0,0,0,0,0,0,0,0,0,0,0,0,0,0,0,0.00187680037536008,0.000569200113840023,0,0.000318500063700013,3.92000078400016e-05,0.00112020022404004,0,0,0,0.0024293004858601,0.00319330063866013,0,0,0,0.00374190074838015,0,0,0,0.025690205138041,0.000971800194360039,1.97000039400008e-05,0.000684100136820027,0,0.000108600021720004,0.000176900035380007,0.00286250057250011,0,0,0.00111370022274004,0,0,0,0,8.89000177800036e-05,0,0,0,0,0,9.53000190600038e-05,0,0,0,0,0,0.00234490046898009,0,0.00388970077794016,0,4.80000096000019e-06,3.74000074800015e-05,0,0.00235770047154009,0,0,0,0.000176900035380007,0,0,0,0,0,0,0,0,0,0,0,0.000235800047160009,0,0,0,0,0,0,0,0,0,0,0,0,0,0,0,0,0,0,0,0,0,0,0,0,0,0.00694610138922028,0.00710850142170028,0,0,0.0024448004889601,0.00106720021344004,0,0.00916310183262037,0,0,0.000426700085340017,0,0,0.000174400034880007,0,0,0,0,0,0,0,0,0.668296933659387,0,0,0,0,0,0,0,0,0,0,0,0,0,0,0,3.10000062000012e-06,0,1.76000035200007e-05,0.00855680171136034,0,0,0,0,0,0,0,0,0,0,0,0,0,0.00607290121458024,0,0,0,0,0.00168610033722007,1.86000037200007e-05,0,0,0,0.00169800033960007,0,0,0,0,0.00187540037508008,4.83000096600019e-05,0,0,0,0,0,0,0,3.81000076200015e-05,0,0,0,0,0,0,0,0.000136300027260005,0,0,0,0,0,0,0,0,0,0.000765600153120031,0.00226840045368009,2.64000052800011e-05,0,0,0.0151292030258406,0,0,0,0.000558400111680022,0,0,0,0,0,0,0,0,0
"31","MS178",0,0,0,0,0,0,0,0,0,0,0,0,0.000172399965520007,0,0,1.02999979400004e-05,0.00103669979266004,0.000286199942760011,0.000103499979300004,0.0127683974463205,0,0.0286859942628011,0.0101949979610004,0,0,0,0,0,0,0,2.79999944000011e-06,0,0.00349749930050014,0,0,7.07999858400028e-05,0,0,0,0.0176193964761207,0,0.00128799974240005,0.0731119853776029,0,0,0,0,0,0,0.0107920978415804,2.4899995020001e-05,0.00215409956918009,0,0,0,0,0,0,0.00141619971676006,0.000518599896280021,0.0399766920046616,0.0113334977333005,2.5499994900001e-05,0.0140622971875406,0.0218828956234209,0.00542159891568022,0,0.0148963970207206,0,0,0,0.00223909955218009,0.000216399956720009,0,0.0025074994985001,0.00105389978922004,0,0,0.000176999964600007,0,0,0,0.00179749964050007,0.000128499974300005,0,0.00354789929042014,3.70999925800015e-05,0.00205549958890008,0.00376729924654015,0.000166399966720007,0,0,0,0,0,0,0,0,0,0,0,0,0.000578499884300023,0,0.000110799977840004,0,0.000164899967020007,0,0.000286799942640011,0,8.08999838200032e-05,6.02999879400024e-05,0,0.000218899956220009,0,8.17999836400033e-05,0.000148099970380006,0,0,0,0,0,0,0.000304699939060012,0.000133099973380005,0.000337999932400013,0,0,0.00518809896238021,0.000181899963620007,0,0.00104309979138004,0.00121119975776005,0.0298419940316012,0.000383199923360015,0,0.00557009888598022,0.000702099859580028,3.26999934600013e-05,0.000561099887780022,0,0.000975499804900039,0,0,0,0,0,0,0.00229559954088009,0,0.000357799928440014,0.00146569970686006,0.000122299975540005,0,0.00348419930316014,0,0.00140199971960006,0.00113649977270005,0,0,0.00024249995150001,0.00181719963656007,0.0024318995136201,0,0.000583899883220023,0,0,0,0,0.000281899943620011,0.0130831973833605,0,0,0.000485699902860019,0.00407409918518016,0,0,0,0.00208529958294008,0.0109441978111604,5.19999896000021e-06,0,0,0.00444519911096018,0,0,0.0611761877647624,0.000121299975740005,0.00205859958828008,0.0146794970641006,0,0,0,0,0.000418199916360017,4.34999913000017e-05,0,0.000122499975500005,0,0,0,0,7.32999853400029e-05,6.87999862400027e-05,0,0,0,0.0366159926768015,0.00391039921792016,0,0.00533589893282021,0.000236999952600009,0.00197169960566008,0.00219929956014009,0,0.000719799856040029,0.000267299946540011,0.0130492973901405,0.000734399853120029,0,0,0.000199099960180008,0,0,0,0.0907431818513636,0.0075723984855203,0.000951699809660038,0.000460699907860018,4.37999912400018e-05,0.000104499979100004,0.0172061965587607,0.00770069845986031,0,0.0180819963836007,0.0051368989726202,9.49999810000038e-05,0,0.00835029832994033,0.0382029923594015,0.00972799805440039,0,0.000833599833280033,0.00108479978304004,0.0175765964846807,0,0.00106289978742004,0,0,0,0,0,0.00706549858690028,1.94999961000008e-05,0.00134449973110005,0,0.0026084994783001,8.68999826200035e-05,0,0.00398219920356016,0,0,0,0.000779299844140031,0,0,0,0,0,0,0,0,4.85999902800019e-05,0,0.00103569979286004,0,0,0,0,0,0.0340729931854014,0,0.000419499916100017,0,0,0,0.00543599891280022,0,0,0,0,7.4799985040003e-05,0,2.4999995000001e-05,0,0,0,0,0,0,0.0200660959867808,0.00178569964286007,0.0099263980147204,0.00142769971446006,0,0.00601599879680024,0,0,0.0344000931199814,0,0,0.000610299877940024,0,0,0.000770299845940031,0,0,0,0,0,0,0,5.39999892000022e-06,0.00443359911328018,0,0,0,0,0,0,0,7.07999858400028e-05,0,0,0,0,0,0,0,5.15999896800021e-05,0.00107339978532004,0.00117269976546005,0.000685699862860027,0.00212979957404008,0.000396599920680016,6.32999873400025e-05,0,0,0,0,0.000663099867380026,0,0,0.000336199932760013,0,0,0.0289069942186012,2.4099995180001e-05,0.00943459811308038,0.000338399932320014,0.000666199866760027,0.00566129886774023,0,4.47999910400018e-05,0.00542599891480022,0.00600109879978024,0,0.00446789910642018,0.0115120976975805,0,0.000947599810480038,0.0128909974218005,0.00317119936576013,0,0,5.39999892000022e-06,0,0.000105699978860004,0,0.00074209985158003,0,0,0,0,0,0,0,0,0,0,0,0,0,0,0,0,0,0,0,0.00315909936818013,0.00076099984780003,0,5.89999882000024e-05,0.00369769926046015,0,0,8.84999823000035e-05,0.000342999931400014,0,0,0,0,0,0,0,0.00135049972990005,0.000182599963480007
"32","MS168",0.00573330114666023,0,0,0,0,0,0,0,0,0,0,0,0.000439500087900018,0,0,0,0.000951700190340038,0.000402700080540016,0,0,0,0.0157995031599006,0,0,0,0,0,0,0,0,0,0,0.0129968025993605,4.67000093400019e-05,0,0,0,0,0.000119700023940005,0.123760524752105,0,0,4.31000086200017e-05,0,0,0,0.0295029059005812,0,0,0,0,0.0685617137123427,0,0,0,0,0,0.00310550062110012,0.112107422421484,0,0.0806758161351632,0.262962852592571,0,0,0,0,0,0,0,0,0,0.00463060092612019,1.23000024600005e-05,0,0.000228900045780009,0,0,0,0,0,0,0.000127000025400005,0,0.00450790090158018,0,0,0,0,0,0,0,2.20000044000009e-06,3.59000071800014e-05,0,0,0,0,0,0,0,0,0,0,0,1.44000028800006e-05,0,7.00000140000028e-06,0,5.82000116400023e-05,0,0,0.000235000047000009,0,0,0,0,0,0,0,0,0,0,0,0,0,0.00134230026846005,0,0,0,0,0,0,0,0,0,0,0,0,0,0,0,0,0,0,0,0,0,0,0,0,0,0,0,0,0,0,0,0,0,0,0.00050410010082002,0,0,0,0,0,2.4100004820001e-05,0,0,0.000231500046300009,0.000227400045480009,0,0,2.70000054000011e-05,0,0,0,0,0,0.00332090066418013,0,0,0,0,0,3.66000073200015e-05,0,0.000351100070220014,0.000719400143880029,6.80000136000027e-05,0,0,0,0,0,0,0.00155010031002006,0.000138600027720006,0,0,0.000458900091780018,0,0.00135090027018005,0,0,0,0,0,0.00050800010160002,0,0,0.0546105109221022,0,0,0,0.0050391010078202,0,9.03000180600036e-05,0,0,0,0,0,0,0.000141200028240006,0.0281389056277811,0,0,0.0025832005166401,0,0.00051140010228002,1.58000031600006e-05,0,7.30000146000029e-06,0,0,0,0,0,0,0,0,0,0,0,0,0.000117500023500005,0,0,0,0,0,0,0,0.000199100039820008,0,0,0.00132010026402005,0,3.70000074000015e-06,0,0,0,0.000453200090640018,2.07000041400008e-05,0,0,0,0.000458200091640018,0,4.36000087200017e-05,3.01000060200012e-05,0,0,0,0,0,0,0,0,0,0,0,0,0,0,0,0,0,0,0,0,0,0,0.00127700025540005,0,0,0,0,0.000608700121740024,0,0,0.00172160034432007,0,0,0.0783789156757831,0,0,1.60000032000006e-05,0,0,0,0,0,0,0,0,0,0,0,0,0,0,0.000600900120180024,0,0,0,0,0,0,0,0,0,0,0,0,0,0,0,0,0.0049327009865402,0,0,0,0.0339609067921814,0.00871490174298035,0,0.0102116020423204,0,0,0,0,0,0,3.98000079600016e-05,0.00139720027944006,0.00552270110454022,0,0,0.0131643026328605,0,0,0,0,0,0,0,0,0,0,0,0.00114620022924005,0.000393400078680016,0,0,0,0,0,0,0,0,0,0,0,0,0,0,0,0,0,0,5.60000112000022e-06,0,0,0.000191600038320008,0,0,0,0,0.00106060021212004,0,0,0,0.0024475004895001,0,0,0.000170100034020007,0.00220560044112009,3.24000064800013e-05,8.78000175600035e-05,0,0,0,0,0,0,0
"33","MS126",0,0,0,0,0,0,0,0,0,0,0,0,0.000110399944800028,0,0,0.00366459816770092,5.91999704000148e-05,0.000156299921850039,0,4.60999769500115e-05,0,0.0591597704201148,0.00425059787470106,0,0,0,0,0,0,0,5.00999749500125e-05,0,0.008023095988452,5.88999705500147e-05,2.3799988100006e-05,0.00015839992080004,0,0,0,0.000164799917600041,0.00163199918400041,0,0.273712063143968,0,0,0.035983082008459,2.47999876000062e-05,0.00246099876950062,1.96999901500049e-05,1.91999904000048e-05,0,0.0855024572487714,0,0,0,0,0,0,3.85999807000097e-05,0.0692237653881173,0.170542714728643,0.00060189969905015,0,0.000138899930550035,7.39999630000185e-06,0,0,2.88999855500072e-05,0,0,0,0,0,0,0.000824599587700206,0,0,0,0,0,0,0,0.00696919651540174,0,0,0,0,0,0,0,0,0,0,0,0,0,0,0.000129699935150032,0,0,0,0,0.000149599925200037,0,0,0,1.95999902000049e-05,0,6.69999665000168e-06,0,0,6.49999675000163e-05,0,0,0,0,0.000517299741350129,0,0,0,0,0,0,0,0,0.00744719627640186,0,0,0,0,0,1.41999929000035e-05,0,0,0,0,0,0,0,0,0,0,0,0,0,0,0,0,0,0,0,0,0,0,0,0,0,0,0,0,0.00194019902990048,0,0,0,0,0,0,0,0.000145299927350036,1.63999918000041e-05,0.00933509533245233,0,0,0,0,0.00866559566720217,0,0,0.000885299557350221,0.0028052985973507,7.92999603500198e-05,0,0,0,0,0.0016106991946504,0,4.09999795000103e-05,0.00300259849870075,0.00635529682235159,0.000186699906650047,0,0.000288499855750072,0,0,0,0,0,0,0,0,0,0.000739199630400185,0,0,0,6.22999688500156e-05,0.00342189828905086,0.0067974966012517,0,0.00568899715550142,0.0549555725222137,4.65999767000117e-05,0.00145199927400036,0,0,0,2.36999881500059e-05,0,0,0,0.00103659948170026,0,0,0.0027921986039007,0.024164787917606,7.69999615000193e-05,0,8.74999562500219e-05,0,0.00117219941390029,3.50999824500088e-05,0,0.000344999827500086,3.04999847500076e-05,1.75999912000044e-05,0,9.09999545000227e-05,0,0,0,0,0,1.9999990000005e-06,0,0,0.000193499903250048,0,0,0,0,3.1899984050008e-05,0,6.29999685000158e-06,0.00116119941940029,0,0,0.00149759925120037,0,0.00557649721175139,0,0,0,0.000412399793800103,0,0,0,0,8.06999596500202e-05,0,0,0,0,0.000579499710250145,0.000716099641950179,0,0,0,0,0,0.0136773931613034,0,0,3.70999814500093e-05,0,0,0,0,6.47999676000162e-05,0,2.82999858500071e-05,0,0,0,0,0,0,0,0,0,0,5.54999722500139e-05,0.00436629781685109,0,0,0.0127548936225532,0,0,0.0569455715272142,0,0,7.79999610000195e-06,0,0,0,0,0,0,0,0,0,0,0,7.64999617500191e-05,8.66999566500217e-05,0,0,0,0,0,0,0,0,0,0,0,0,0,0,0,3.09999845000077e-05,0.000745599627200186,0.011918094040953,0.00112529943735028,0,0,0,0,0,0,7.69999615000193e-06,0,0,0,0.000778199610900195,0,9.40999529500235e-05,0,0,0.00329199835400082,0,0.00345289827355086,0,0,0,0,0,0,0,0,0,0,0.000755199622400189,0,0,0,0,0,0,0,0,0,0,0,0,0,0,0,0,0,0,0,0,0,0.000128299935850032,0,0,0,0,0.00316339841830079,0.000448399775800112,0,0,0,3.80999809500095e-05,0,0,0.0052162973918513,0,0,0,4.66999766500117e-05,0,0,0,0,0
"34","MS133",0,0,0,0,0,0,0,0,0,0,0,0,4.89000146700044e-05,0,0,0.0103336031000809,0.0300103090030927,0,0,0,0.00797030239109072,0.0938519281555784,1.95000058500018e-05,0,0,0,0,0,0,0,8.53000255900077e-05,0,0.0351582105474632,0.000277000083100025,0,0.00153480046044014,0,0,0,0.11603253480976,0,5.35000160500048e-05,0.000118200035460011,0,0,0,0.00535880160764048,0.0022189006656702,0,0.000137000041100012,0,0.00860720258216077,0,0,0,0,0,0,0.000435700130710039,8.56000256800077e-05,0.151274345382304,0.104161831248549,0,2.45000073500022e-05,0.0022485006745502,0,0,0,0,0,0,0,0,0,0,0,0.000405000121500036,0,0.000263100078930024,0,0,0.00265600079680024,0,0.00852680255804077,0,0,0,0,0,0,0,0,0,0,0,0,0,0.000171700051510015,0,0,0,0,0.000165300049590015,0.00011620003486001,0,0,0.00011590003477001,0,0,0,0,0,0,0.000686900206070062,0,8.71000261300078e-05,0.000135700040710012,0,0,0,0,8.09000242700073e-05,0,0,0.000188200056460017,2.34000070200021e-05,0,0,0.0250742075222623,0,0,0,0,0,0,0,0,0,0,0,0.00179340053802016,0,0,0,0,0,0,0,0,0,0,0,0,0,0,0,0,0,4.16000124800037e-05,0,0.000119200035760011,0,0,0,0,0,0,0,0.00128060038418012,0,0.00310290093087028,0,0,0,0,0,0,0,0.00282780084834025,0,0,0,0,0,0,0,0,0,0.00136740041022012,0.0066695020008506,0.000603400181020054,0,0.00118320035496011,0,0,0,0.00175140052542016,0,0,0,0.000185900055770017,0,0.000795400238620072,0,0,0,0,0.00368080110424033,2.73000081900025e-05,0,0,0.055215216564565,0.00721860216558065,0.00010990003297001,0,0,0,0.0388570116571035,0,0,0,0,0,0,0.00126080037824011,0.0397979119393736,0,0,1.1000003300001e-05,0,0,0.00275360082608025,0,0.00136910041073012,0.0346720104016031,0.00437970131391039,0,0.00247170074151022,0,0,0,0,0,0,0,0,0.000119600035880011,8.09000242700073e-05,0,0,0,0,0,0,0.022338106701432,0.00011260003378001,0,0.00628250188475056,0,0.011665503499651,0,0,0,0,0.000497700149310045,0,0.00021940006582002,0,0,0,0,0,0.000127900038370012,0,0.0011204003361201,0.000210500063150019,0,0.000163900049170015,0,0,0.00956480286944086,2.84000085200026e-05,0,0,0,0,0,0,0,0,0.000460700138210041,0,0,0,0,0,0,0,0,0.00340050102015031,0,0.00633560190068057,0.00141660042498013,1.18000035400011e-05,0,0.000127800038340011,0,0,0.000179600053880016,0,0,0,0,0,0,0,0,0,0,0,0,0,0,0.0011156003346801,0,0,0,0,0,0,0,0,0,0,0,0,0,0,0,0,0.00117670035301011,0.00902890270867081,0.000420600126180038,0,0.000501200150360045,4.4400013320004e-05,0,0,0,0,0,0,0,0.00124090037227011,0.00202000060600018,0.00167420050226015,0.0798201239460372,0,0,0.00484040145212044,0.00121010036303011,0.00340320102096031,0.0021853006555902,0,0.00010720003216001,0,0,9.13000273900082e-05,0,0,0,0,0.000717000215100064,0,0,0,0.000270500081150024,0,0,0,0,0,0,0,0,0,0,0,0,0,0,0,0,0,0.000638900191670058,0,0,0,0,0.00273940082182025,0,0,0,0,0,0,0,0,0,0,0,0,0,0,0,0,0
"35","MS149",0,0,0,0,0,0,1.40000014000001e-05,0,0,0.000350700035070004,0,0,0.00101120010112001,0,0,1.48000014800001e-05,0.00098000009800001,4.54000045400005e-05,0.00529330052933005,0.0115085011508501,0,0.0242367024236702,0.00482440048244005,0,0.000284700028470003,0.000213000021300002,0,0,0,0,0,0,0.00612070061207006,0.000163600016360002,0,0.000795200079520008,0,0.00219920021992002,0.00121970012197001,0.00707470070747007,0,0,0.0137522013752201,0,0,0,0.00923110092311009,0,0.00681130068113007,0,0.000131800013180001,0.00096980009698001,0,0.00196280019628002,0,0,0,0,0.00197880019788002,0.0130195013019501,0.0207193020719302,0.0375891037589104,0.00484670048467005,0,0.000529900052990005,3.22000032200003e-05,0,0,0,0,0,0.000407500040750004,0,0,0.000149400014940001,0,0,0,0.00174490017449002,0.000523900052390005,0,0,0.00309970030997003,0.000194500019450002,0.000671200067120007,0,0.00119270011927001,0,0,0,0,0,0,0,0,0,0,0,0,0,0,0,1.10000011000001e-05,0.000877900087790009,0,0.000138400013840001,0,0,0,0,0,0,0,0,0,0,0.000179400017940002,0,0,0,0,0,0,0,0.00116430011643001,0.000135000013500001,0,0,0,0.00292830029283003,0,0.00302110030211003,0,0,0,0,0.0131700013170001,0,0,0,0,0,0,0,0,0,0,0,0,0,0,0,0,0,0.0100771010077101,0,0,0,0,0,0.000506700050670005,0,0,0,0.00634570063457006,0,0,0,0,0,0.00093880009388001,0,0,0,0,0,0.00097110009711001,0,0.00244410024441002,0.00232960023296002,0.0301300030130003,0,0,0.00326180032618003,0,0.00836740083674008,0,0,0.000501900050190005,0.000848400084840009,0,0,3.16000031600003e-05,0,0,0.000301800030180003,0,0,0,0,0,0,0.000217900021790002,0,0,0,0,0.0354343035434304,0.00122930012293001,0,0,0.00266410026641003,0.0287230028723003,0.00355920035592004,0,0.00245200024520002,0.000699900069990007,0.00156740015674002,0,0,0,0.00214920021492002,0,0,0,0.0700263070026307,0.0228329022832902,0.000560100056010006,0.00166660016666002,0,0,0.000399200039920004,0.00267240026724003,0.000738100073810007,0.00622040062204006,0.00313670031367003,0,0,0,0.0338553033855303,0,0,0,5.49000054900006e-05,0,0.0158574015857402,3.89000038900004e-05,0,0.00193410019341002,0,0,0,0.00199170019917002,0.000558900055890006,8.45000084500008e-05,0,0,0.000569000056900006,0,0.00226500022650002,0,0,0,0.00115790011579001,2.24000022400002e-05,0,0,0,0,0,0,0,0,0,0.00229040022904002,0.000170300017030002,0,0,0,0,0,0,0.000210900021090002,0,0,0,0,0,0,0,0,0.000321400032140003,0,3.10000031000003e-05,0,0,0,0,0,0,0,0.00491020049102005,0.00595720059572006,5.46000054600005e-05,0,0.0190254019025402,0.0102650010265001,0,0.00292160029216003,0,0,0.000189100018910002,0,0,0.00208740020874002,0,0,0,0,0,0,0,0,0.338169533816953,0,0,5.95000059500006e-05,0,0,0,0,0,0,0,0,0,0,0,0,6.90000069000007e-06,0.00334870033487003,0,0,0.00923820092382009,5.25000052500005e-05,0,0.00107080010708001,0,0,5.97000059700006e-05,0,8.24000082400008e-05,0,0,0.00161270016127002,0,0.000886300088630009,6.34000063400006e-05,0,0,0.0148520014852001,0.0107674010767401,0,0.00109580010958001,0.00619080061908006,0,0,0,0,0,0,0.00194900019490002,8.21000082100008e-05,0,0,0.00287520028752003,0,0,0,0,0,0,0,0,0,0,0,0,0.000161100016110002,0,0,0,0,0,0.000166900016690002,0,0,0,0.0241212024121202,0.00341000034100003,0.00200300020030002,0,0,0.00695450069545007,0.000204400020440002,0,0,0,7.22000072200007e-05,0,0,0,0,0,0,0.00159370015937002,0.000487000048700005
"36","MS173",0,0,0,0,0,0,0,0,0,0,0,0,0.000156799952960014,0,0,0.000170599948820015,0.00208849937345019,0.00605329818401055,0,0.0348296895510931,0,0.0712301786309464,0.00405259878422036,0,0,0,0,0,0,0,0,0,0.00229769931069021,0,0,0,0,0,0,0.00702329789301063,0.00145109956467013,0.0141485957554213,0.000924999722500083,5.99999820000054e-06,0,0.00847599745720076,0,0.000382399885280034,0,0.00183879944836017,0,0.0142747957175613,0,0.00179579946126016,0,0,0,0.000202099939370018,0.011164196650741,0.00066789979963006,0.00339519898144031,0.0149763955070813,0.00133579959926012,0.0307939907618028,0.00380399885880034,0,0,0.00248009925597022,0,0.000166799949960015,0,0.000529999841000048,0,0,0.000387399883780035,0,0,0,0,0,0,0,0.000396199881140036,0.000167599949720015,0,0,0,0,0,0,0,0,0,0,0,0,0,0,0,0,0,0,1.53999953800014e-05,0,0,0,0,0,0,0,0,0,0,0,0,0,0.000299699910090027,0,0,0,0,0,0,0,1.44999956500013e-05,0.00011369996589001,0.00100359969892009,0.000206299938110019,0.00874179737746079,0.000162899951130015,0,0,0,0,0.000171599948520015,0,0,0,0,0,0,0,0,0,0,0,0,0,0,0,0,0.000461499861550042,0,0,0,0.00764059770782069,0,0,0,0,0.000241199927640022,0,0,0,0.00120239963928011,0,0,0,0,0,0.00199799940060018,0,0,0,0,0,0,0,0.000705899788230064,0.00149359955192013,0.00705639788308064,0,0,0.00231469930559021,0,0.00421429873571038,0,0,0.000340799897760031,0.00648789805363058,0,0,0,0,0,0,0,0,0,0,0,0,0.00174689947593016,0,0,0,0,0.0044800986559704,0.00169109949267015,0,0.000419599874120038,0.0169326949201915,0.00761219771634069,0.000897699730690081,0,0.000365599890320033,0,9.29999721000084e-06,0,0,0,0.0010933996719801,0,0,0,0.0215163935450819,0.00379379886186034,0.000617899814630056,0.000837699748690075,0,0,0.0283263915020826,0.00229239931228021,0.000396699880990036,0.0103306969007909,0.0273621917913425,0,2.50999924700023e-05,0,9.04999728500082e-05,0,0,0,0,0,0,9.01999729400081e-05,0,0,0,0,4.14999875500037e-05,0.000414899875530037,0.000298299910510027,0.00339969898009031,0,0.000161799951460015,0.000133099960070012,0,0.00762089771373069,0,0,0,0.000165899950230015,0,0,0,0,0.000680799795760061,0,0,0,0,0,0.00151369954589014,0.000506499848050046,0,0,0,0,0.00193689941893017,0,0,0,0,0,0,0,0,0,1.16999964900011e-05,0.000101599969520009,0,0,0.00187649943705017,0,0,0.000690899792730062,0,0,0,0.0133277960016612,0.00630429810871057,4.37999868600039e-05,0,0.0055285983414205,1.1499996550001e-05,0,0.0199728940081318,0,0,0,0,0,0.000722799783160065,0,0,0,0,0,0,0,0,0.454916963524911,0,0,0,0,0,0,0,0,0,0,0,0,0,0,0,0,0.0103779968866009,0.00265519920344024,0.00176399947080016,0.00602989819103054,0,0,0.000634699809590057,0,0,0,0,0,0,0,0.0010682996795101,0.00928899721330084,0.00066609980017006,0,0,0.000202499939250018,0.00178179946546016,0.000576199827140052,0,0,0.0164037950788615,0,0.00033129990061003,0,0,0,0,0.00325329902401029,0.000132199960340012,0,0,0,0,0,0,0,0,0,0,0,0,0,0,0,0,0,0,0,0,0,0.00134869959539012,0,0,0,0,0.00185579944326017,0.00263749920875024,0,0,0.00100159969952009,3.75999887200034e-05,0,0,0,0,0,0,0,0,0,0,0,8.49999745000077e-05
"37","MS165",0,0,1.69999915000042e-05,0,0,0,2.0199989900005e-05,0,0.000116399941800029,1.14999942500029e-05,0,0,0.00064129967935016,0,0,0.000243799878100061,0.00370809814595093,0.020153189923405,0,1.5899992050004e-05,0,0.246233176883412,0.00163899918050041,0,0,0,0,0,0,0,0,0,0.00410759794620103,2.49999875000062e-06,3.81999809000096e-05,0.00126489936755032,0,0,0,0.00975869512065244,0,0,0.000339199830400085,0,0,0.00291939854030073,0.000137199931400034,0,0.00726959636520182,0.0140291929854035,0,0.00012009993995003,0.0144066927966536,0,0,0,0,0,0.00893489553255223,0.0016177991911004,0.0261127869436065,0.135020332489834,0.00324059837970081,3.25999837000081e-05,0.00385689807155096,0,0,0,0,0,0,0.000803999598000201,8.11999594000203e-05,0,0,0,0,0,0.00142709928645036,0,0,0,0.00153189923405038,0.000232799883600058,0,0.00213399893300053,0,0,0,0,0,0,0,0,0,0,0,0,0,0,0,0,3.79999810000095e-06,0,0,0,0,0,0,0,0,4.69999765000117e-06,0,1.36999931500034e-05,0,0,0.000369299815350092,0,0,0,0,0,0,0,2.89999855000072e-05,0.000310299844850078,0,0,0.00967329516335242,0,0,0,0,0,0,0,0,0,0,0,0,0,0,0,0,0,0,0,0,0,0,0,0,0,0,0,0,0,0,0,0.000274299862850069,0,0,0,0.00171529914235043,0,0,0,0.000498699750650125,0,0.00537939731030134,0,0,0,0,0,0,0,0.0016016991991504,0.00246829876585062,0,0,0,0,0,0,0,0.000669699665150167,0.00213489893255053,0.00725039637480181,0,0,0.000482499758750121,0,0,0,0,0,0,0,0,0,0.000447999776000112,0,0,0,0,0.00108969945515027,0.00556349721825139,0,0.00209609895195052,0.00032109983945008,0.0012068993965503,0,0,0,0,0,0,0.00690009654995173,0,0,0,0,0.00256779871610064,0.0637019681490159,0.00043919978040011,1.76999911500044e-05,0.00101339949330025,0,0.00163989918005041,0.00488759755620122,0.04004077997961,0.00096019951990024,0.0116661941669029,0.012089193955403,0,0,0,0.000111499944250028,0,0,0,8.99999550000225e-06,0,0,0.00031789984105008,0,0,0,0,0,0.00483369758315121,0,0.0470068764965617,0,0,0.000332699833650083,0,0.00564099717950141,0,0,0,0.00152859923570038,0.000172899913550043,0,0,0,0,0,0,0,0,0.000133499933250033,0,0.000226699886650057,0,0,0,0,0,0,0,0,0,0,0,0,0,0,8.3999958000021e-06,0,0,0,0,0,0,0.00142799928600036,0,0.000408399795800102,0,0.00771959614020193,0.00699129650435175,0.00367639816180092,0,0.0116040941979529,0,0,0.0115330942334529,0,0,0,0,0,0.0184251907874046,0,0,0,0,0.00293569853215073,0,0,0,0.0133650933174533,0,0,0,0,0,0,0,0,0,0,0,0,0,0,0,0,3.5899982050009e-05,0.00486239756880122,0,0.00596179701910149,0.000769899615050193,0.000149599925200037,0,0,0,0,0,0,0,3.79999810000095e-06,0.00227169886415057,0,0.0216651891674054,0.000140999929500035,0,0,0,0.00390899804550098,0,0,0.103020048489976,0,0,0,0,0,0,0.00462429768785116,0.00139779930110035,0,0,0,0,0,0,0,0,0,0,0,0,6.19999690000155e-05,0,0,0.000229699885150057,0,0,0.000431499784250108,0,0,0.000336099831950084,6.57999671000165e-05,0,0,0.000685699657150171,0.0043859978070011,0.000106899946550027,0,0,0,0,0,3.05999847000076e-05,0.00469529765235117,0,0,0,0,0,0,0,0,0
"38","MS142",0,0,0,0,0,0,0,0,0,0,0,0,0.00259840077952023,0,0,0.000352600105780032,0.0088446026533808,0.00195530058659018,0.0101043030312909,0.00994290298287089,0,0.0433498130049439,0.00156190046857014,0,0,0,0,0,0,0,0,0,0.00173430052029016,0.00158430047529014,0.000210500063150019,0.00233790070137021,0,0.000356700107010032,0.000163000048900015,0.0118806035641811,0.0658110197433059,0,0.0761550228465069,0.010894903268471,0,0,0.00675540202662061,0,0.00253880076164023,0.0310792093237628,0.00152890045867014,0.00729380218814066,0,0,0,0,0,0,0.0402329120698736,0.0874753262425979,0.0456847137054141,0.0976803293040988,0.00585070175521053,0.011124203337261,9.01000270300081e-05,3.22000096600029e-05,0,0.000628800188640057,0,0,0,0,0.000127600038280011,0,0.000417100125130037,0,0,0,0,0.000318600095580029,0,0.000399100119730036,0.000429500128850039,2.37000071100021e-05,0.000811800243540073,0.00134680040404012,0.0010951003285301,0,0,0,0,0,0,0,0,0,0,0.00760580228174068,0,0,0.00022510006753002,0,2.04000061200018e-05,0,0,0,5.01000150300045e-05,0,2.35000070500021e-05,0,0,0.00011400003420001,0,0.000293400088020026,0,0,0,0,0,0,0.000396200118860036,0,0,0.00236500070950021,0,0.00022320006696002,0,0,0,0.00122000036600011,0,0.0044918013475404,0,0,0,0.00133000039900012,0,0,0,0,0,0.00172020051606015,0.00601720180516054,0,0,0,0,0,0,0,0,0,0,0,0,0,0,0,0,0,0.00147600044280013,0,0,0,0.000482900144870043,0,0,0,0,0.00011330003399001,0.00143320042996013,0,0,0,0,0.000586200175860053,0.000427400128220038,0,0,0,0.0177021053106316,0,0,0.00925080277524083,0,0,0,0.000653600196080059,0.00378790113637034,0.00185470055641017,0,0,0.000286500085950026,0,0,9.03000270900081e-05,8.37000251100075e-05,0,0,0,0.00140460042138013,0,0.0261046078313823,0,0,0,0,0.0264782079434624,0.000175700052710016,0,0,0.0117248035174411,0.000147200044160013,0.00695280208584063,0,9.08000272400082e-05,0,0,0,0,0,0.000196900059070018,0,0,0.000508100152430046,0.0296675089002527,0.000464800139440042,0,0.000139800041940013,0,0,0.000290500087150026,0,0.00163480049044015,0,0.000538600161580048,0,0,0,0.000119500035850011,0,0,0,1.81000054300016e-05,0,0.0021928006578402,0.00179580053874016,0,0,0,0,0.000102800030840009,0.0055132016539605,0.000124400037320011,0.00269490080847024,0,0,0.011208303362491,0,0.00300020090006027,0,0,0,0.00259830077949023,0,0,0,0,0.000178200053460016,0,0,0,0,0.000465800139740042,0.00193390058017017,0.00078200023460007,0,0,0,0,0.0275639082691725,0,0,0,0,0,0,0,0,0,3.3200009960003e-05,0,0,0,0,0,0,0,0,0,0,0.0124613037383911,0.00262170078651024,0.000250700075210023,0,0.0251071075321323,0.00370800111240033,1.82000054600016e-05,0.0501918150575445,0,0,0.00171340051402015,0,0,0.00545390163617049,0,0,0,0,0,0,0,0,0.000489400146820044,0,0,0,0,0,0,0,0,0,0.00163180048954015,0,0,0,0,0,0,0.00201690060507018,1.53000045900014e-05,0.000117500035250011,0.0208174062452219,0.000325700097710029,4.4300013290004e-05,0,0,0,0,0,0,0,0,0.00305560091668027,2.14000064200019e-05,0.000349300104790031,0,0,0.000952700285810086,0,0.00244780073434022,0,0,0,0,0,0,0,0,0,0.0212322063696619,0.0010590003177001,0,0,0,0,0,0,0,0,0,0,0,0,0,0,0,0,0,0,0.000132700039810012,0,0,0,0,0,0,0,0.00860580258174077,0.000264400079320024,0,0,0.0103938031181409,0,0,0,0.000528500158550048,0,0,0,0,0,0,0,0,0
"39","MS145",0,0,0,0,0,0,0,0,0,0,0,0,0.000135800040740012,0,0,0.000856300256890077,0.0604599181379754,0.00207910062373019,0.0215054064516219,0.119731035919311,0,0.0977027293108188,0.0010881003264301,0,0,0,0,0,0,0,5.12000153600046e-05,5.6000016800005e-06,0.00359110107733032,0.000619400185820056,0,0.00134460040338012,0,0.000168500050550015,3.75000112500034e-05,0.00423510127053038,0.00991500297450089,0,0.000577900173370052,0.0173726052117816,0,0,0.00380250114075034,0,0.000142000042600013,0.032988909896673,5.5800016740005e-05,0.000838200251460075,0,0,0,0,0,0,0.0121776036532811,0.0253420076026023,0.119908035972411,0.100292730087819,0.0100877030263109,0.0291241087372326,0.00377830113349034,8.46000253800076e-05,0,0.0190658057197417,0,0,0,0.0121172036351611,0,0,0.000186700056010017,0,0,0,0,5.96000178800054e-05,0,0,0.000424500127350038,9.40000282000084e-06,0.000203400061020018,0,0.000527800158340047,0,0,0,0,0,0,0,0,0,0,6.6700020010006e-05,0,0,0,0,2.00000060000018e-06,0,0,3.64000109200033e-05,0,0,0,0,0.000141000042300013,5.06000151800046e-05,0,6.59000197700059e-05,0,0,6.77000203100061e-05,0,0,0,0,0,0,0,2.40000072000022e-05,7.36000220800066e-05,0,0,0.0055938016781405,9.76000292800088e-05,0,0.00970210291063087,0.000152500045750014,0,0,0,0.000135900040770012,0,0,0,0,0,0.0146388043916413,0,0,0,0,0,0,0,0,0,0,0,0,0,0,0,0,0,0.00118070035421011,0,0,0,4.24000127200038e-05,0,0,0,0,1.1400003420001e-05,0.00685440205632062,0,0,0,0,0.011637303491191,0.000209700062910019,0,0,0.000714600214380064,0.00202920060876018,0,0,0.00366820110046033,0,0.000383900115170035,0,0,0.0011175003352501,0.000908500272550082,0,0,0.000103300030990009,0,0,6.60000198000059e-06,0.000103200030960009,0.000482900144870043,0,0,5.38000161400048e-05,0,0,0,0,0,0,0.000372700111810034,0.00125100037530011,0,0,0.0197215059164518,0.000129200038760012,6.80000204000061e-06,0,7.7900023370007e-05,0,0.00242410072723022,0,0,0,4.77000143100043e-05,0,2.36000070800021e-05,0.000153900046170014,0.0246914074074222,0.0197099059129718,0.000455400136620041,0.000186200055860017,0,0,0.000541200162360049,0,0.000871800261540078,1.97000059100018e-05,0.00211000063300019,0,6.11000183300055e-05,0,0.0272366081709825,0,0,0,2.63000078900024e-05,0,0.0118110035433011,8.30000249000075e-05,0,0,0,0,0,0,0,0.000845500253650076,0,0,0.000684100205230062,0,0.00301020090306027,0,0,0,0,0.000175500052650016,0,0,0,0,0,0,0,0,0.000348100104430031,0.00122460036738011,0.000473100141930043,0,0,0,0,2.2600006780002e-05,6.10000183000055e-06,0,0,0,0,0,0,0,0,9.00000270000081e-05,0,0,0,0,0,0,0.00147230044169013,0,0.000921600276480083,0,0.0137624041287212,0.00607350182205055,0.0209898062969419,0,0.00372600111780034,0.00282600084780025,0,0.0400508120152436,0,0,0.000134400040320012,0,0,0.00236120070836021,0,0,0,0,0,0,0,6.10000183000055e-06,0.000148400044520013,0,0,0,0,0,0,0,0,0,0,0,7.40000222000067e-06,0,0,0,7.70000231000069e-05,0.000848100254430076,0.00236430070929021,0.000205100061530018,0.000117700035310011,0,0,0,0,0,0,0,0,0,0,0.00190410057123017,0.000324900097470029,6.11000183300055e-05,0.000261000078300023,0,3.53000105900032e-05,0.000103500031050009,0.00387860116358035,0,0,0,0,0,0,0,0,0,0.0022324006697202,0.00129940038982012,0,0,0,6.48000194400058e-05,0,0,0,0,0,0,0,0,0,0,0,0,0,0,0,0,0,0.000204700061410018,0,0,0,0,3.76000112800034e-05,0.000391000117300035,0,0,0.00044670013401004,0.000345300103590031,0,0,0.000375600112680034,0,0,0,0,0,0,0,0,0
"40","MS124",0,0,0,0,0,0,0,0,0,0,0,0,0.0001019,0,0,0,0,0.0008413,0,0,0,0.0767428,0.003486,0,0,0,0,0,0,0,0,0,0.0049932,0,0,0.0010147,0,0,0,0.2569191,0.0121192,0,0.1595603,0,0,0.0010539,0.1134756,0,0,0,0.0010727,0.0341959,0,0,0,0,0,0,0,0.0298499,0,0,0,0,0,0,0,0,0,0,0,0,0,0,4.82e-05,0,0,0,4.33e-05,0,0,0,0.0004428,0.0001573,0,0,0,0,0,0,0,0,0,0,0,0,0,0,0,0,0,0.00019,0,0,0,0,0.0001314,0,8.78e-05,0,0,3.85e-05,0,4.33e-05,0.0001838,0.0002354,0,0,9e-06,0,0,0,0,0,0,0,0,0,0,0,0,0,0,0,0,0,0,0,0,0,0,0,0,0,0,0,0,0,0,0,0,0,0,0,0,0,0,0,0,0,0,0,0,0,0.0007231,0,0,0,0,0.0009473,0,0,0,0,0,0,0,0,0,0.0004139,0,0,0,0,0,0,0,0.0008893,0.0003038,0.0005522,0,0,0.0002289,0,0,0,1.48e-05,0,0,0,0.0001038,0,0.001681,0,0,0,0,0.0762563,0.0013253,0,0.0002167,0.0036645,0.0053236,0,0,0,0,0,0,0,0,0,0,0,0,0.0503924,0,0,0,0,0,0,0,0.0002588,0,0,0,0,0,0,0,0,0,0,0,0,0.0002389,0,0,0,0,0,0.0179127,0,0.0180908,0,0,0.0136525,0,0.0009538,0,0,0,1.12e-05,2.69e-05,0,0,0,0.0005542,8.71e-05,0.0002939,1.09e-05,0,0.0001572,0.0001969,0,0,0,0,0,0,0,0,0,0,0,0,0,0,0,0,0,0,0,0,0,0,0,0,0,0,0.0159011,0.002383,0,0,0.0468229,0,0,0,0,0,0.0032232,0,0,0,0,0,0,0,0,0,0,0,0,0,0,0,0,0,0,4.5e-05,0,0,0,0,0,0,0,0,0,0,0.000121,0,0.0290279,0.0003648,0.000355,0,0,0,0,0,0,0,0,0.0002642,0,0,0,0,2.18e-05,0.0001628,0.0002801,0,2.78e-05,0,0,0,0,0,0,0,0.0072803,0,0,0,0,0,0,0,0,0,0,0,0,0,0,0,0,0.0001237,0,0,0,0,0,0,0,0,0,0,0.0005088,0,0,0,0,0,0,0,0,0.0001695,4.5e-05,1.21e-05,0.000177,0.0001508,1.22e-05,0,0,0
"41","MS148",0,0,0,0,0,0,0,0,0,0,0,0,4.33000086600017e-05,0,0,0,0.0441281088256218,0,2.67000053400011e-05,0.0210047042009408,0,0.100544020108804,0.00419480083896017,0,0,0,0,0,0,0,0,0,0.000293800058760012,0.000899700179940036,0,0.00050840010168002,0,0,0,0.00303170060634012,0,0,0.130969726193945,0,0,0,0.0404159080831816,0,0.0532967106593421,1.56000031200006e-05,0.00049680009936002,0.0229495045899009,0,0,0,0,0.0207980041596008,0,5.50000110000022e-06,0.107351321470264,0.00953070190614038,0.167205433441087,0.000301800060360012,0,6.67000133400027e-05,0,0,0,0,0,0,0.00051320010264002,0.000178200035640007,0,0.000166000033200007,0,0,0,0.00123770024754005,0,0,0,0.000129400025880005,6.68000133600027e-05,0.000794100158820032,0,0.00195080039016008,0,0,0,0,0,0,0,0,0,0,0,0,0,0,0,0,0,0,0,0,0.000766400153280031,0,0,0.00287050057410012,0,0,0,0,0,0,0,0,0,0,0,0,0.000764200152840031,1.39000027800006e-05,0,0,0,0,0.000137200027440005,0,0.00367430073486015,0,0,0,0,0.00662570132514027,0,0,0,0,0.00050030010006002,0,0,0,0,0,0,0,0,0,0,0,0,0,0,0,0,0,0,0.00106920021384004,0,0,0,0,0,0,0,0,0,0.00106750021350004,0,0,0,0,0,0.000152100030420006,0,0.000290700058140012,0.00108130021626004,0,0,0,0,0,0,0,0,0.000485800097160019,0.000444800088960018,0,0,3.64000072800015e-05,0,6.84000136800027e-05,0,4.02000080400016e-05,0,0,0,0,0,0,0,0,0,0,0.00135760027152005,0.00107350021470004,0,0.000121700024340005,0.0024547004909401,0.00513510102702021,0,0,0.0024801004960201,0,0,0,0,0,0,0,0,6.21000124200025e-05,0.0129634025926805,0.0351192070238414,0.000901700180340036,0.00191050038210008,0,0,0.000133900026780005,0,0.000870600174120035,0.000165000033000007,0.000212900042580009,0,0,0,0.0207723041544608,0,0,0,0,0,0.00168480033696007,0.00026190005238001,0,0,0,0,0,0.00166420033284007,0.000429200085840017,0.000270700054140011,0,0,0.000158000031600006,0,0.0024818004963601,0,0,0,0.000584000116800023,0,0,0,0,0,0,0,0,0,0,0.00608440121688024,0,0,0,0,0,0,0,0,0,0,0,0,0,0,0,0,0,0,0,0,0,0,0,0,0,0,0.0401710080342016,0.00311880062376012,0.00269580053916011,0,0.0214533042906609,0.0301563060312612,0,0.0155569031113806,0,0,0.000593500118700024,0,0,0.00211120042224008,0,0,0,0,5.92000118400024e-05,0,0,0,0.000314700062940013,0,0,0,0,0,0,0,0,0,0.00107660021532004,0,0,0,0,0,3.24000064800013e-05,6.00000120000024e-06,4.9700009940002e-05,0.00233850046770009,0.000776000155200031,0.000120200024040005,7.5900015180003e-05,0,0,0,0,0,0,0,0,0.000543500108700022,0.000584200116840023,0,0,0,0,0,0.00391980078396016,0,0.000428600085720017,0,0,0,0,0,0,0,0.00356380071276014,0.000150500030100006,0,0,0,0,0,0,0,0,0,0,0,0,0,0,0,0,0,0,0,0,0,0,0,0,0,0,0.00176880035376007,7.4400014880003e-05,0,0,0.0148996029799206,0.000803400160680032,0,0,0,0,0,0,0,0,0,0,0,0
"42","MS159",0,0,0,0,0,0,3.99999920000016e-06,0,0,0,0,0,0.000967899806420039,0.000266999946600011,3.05999938800012e-05,0,0.000548099890380022,0,0.00314949937010013,0.00178649964270007,0,0.0129372974125405,9.49999810000038e-05,0,0,0,0,0,0,0,0,0,0.00424459915108017,0,0,6.42999871400026e-05,0,0,0,0.0099919980016004,4.09999918000016e-05,0,0.00125499974900005,0,0,0,0.0185293962941207,0,0.000220499955900009,3.74999925000015e-05,0,0.000383799923240015,0,0,0,0,0,0,0.0227429954514009,0.0296097940780412,0.0226028954794209,0.373973025205395,2.64999947000011e-05,3.34999933000013e-05,0.0138197972360406,0.0115048976990205,0,0.0187411962517608,0,0,0,0.0210078957984208,0.00613849877230025,0,0,0,0,0,0,0,0,0,0.00516409896718021,0.000131099973780005,0,0,0,0,0,0,0,0,0,0,0,0,0,0,0,0,0,0,0.000134399973120005,0,0,0,0,0,0,0,0.00429619914076017,0,0,0,0,0,0,0,0,0,0.000313599937280013,0,0,0,0,0.000420699915860017,0.000214699957060009,1.32999973400005e-05,0,0,0,0,6.39999872000026e-05,0,0,0,0,0,0,0,0,0,0,0,0,0,0,0,0,0,0,0,0,0,0,0,0,0,0,0,0,0,0,0,7.94999841000032e-05,0,0,0,0,0,0.0101466979706604,0,0,0,0,0,0.00155639968872006,0,0.00226619954676009,0.00314999937000013,0,0,0,4.28999914200017e-05,0,0.00104649979070004,0,0,0.00352399929520014,0.00319969936006013,0,0,0.000372799925440015,0,0,0,0,0,0,0,0,0,0.00608699878260024,0,0,0,0,0.0178379964324007,0.00290569941886012,0,0.00473289905342019,0.0388983922203216,4.70999905800019e-05,0.000382399923520015,0,0,0,0,0,0,0.00349599930080014,6.24999875000025e-05,0,0,0.00528259894348021,0.074212085157583,0.000134599973080005,0,0.000710599857880028,0,0,0.000273999945200011,0,0,0,0,0,0,0,0,0,0,0,0,0,0,0.000654899869020026,0,0,0,0,0,0.000543599891280022,0,0.00118089976382005,0,0,0.000711299857740029,0,0.0352737929452414,0,0.000118799976240005,0.000198499960300008,0.00196519960696008,0,0,0,0,0.00347149930570014,0,0,0.00024369995126001,0,0,0.0108590978281804,0,0,0,0,0,0,0,0,0,0,0,0,0,0,0.000159199968160006,0,0,0,0,0,0,0.00660659867868026,0,0,0,0,0.000198399960320008,0.00142819971436006,0.000371099925780015,0,0.000861599827680035,0,0,0.0393659921268016,0,0,0.000115799976840005,0,0,0.000165199966960007,0,0,0,0,0,0,0,0,0.000539899892020022,0,0,0,0,0,0,0,0,2.27999954400009e-05,4.79999904000019e-05,0,0,0,0,0,0,0.0301711939657612,0,0.00280669943866011,0.0193435961312808,0,0,0,0,0,0,2.99999940000012e-06,7.23999855200029e-05,0,0,0.000124799975040005,0.000640199871960026,7.22999855400029e-05,0,0,0.00965459806908039,0,0.00452409909518018,0,0,0,0,0,0,0,0,0,0.00762019847596031,0,0.000108299978340004,0,0,0,0,0,0,0,0,0,0,0.000175499964900007,0,0.000766599846680031,0,0.000428699914260017,0,7.77999844400031e-05,0.00185889962822007,0,3.63999927200015e-05,0.00480849903830019,0.000209199958160008,0,0,4.06999918600016e-05,0.00531149893770021,0.000363499927300015,0.0050883989823202,0,0.0178188964362207,0.00157249968550006,0,0,0,0.00124489975102005,0.00229179954164009,0.00103489979302004,0.00898599820280036,0.00107479978504004,0,0.000609399878120024,0,0
"43","MS176",0,0,0,0,0,0,0,0,0,5.01e-05,0,0,0.0009549,0,0,0.0025434,0,0,0,0,0,0.000639,0,0,0,0,0,0,0,1.05e-05,0,5.17e-05,0.0155634,0.000226,0,0.0035588,0,0,0,0,0,0,0.2096278,0,0,0,0,0,0,0,0,1.31e-05,0,0,0,0,0,0,0,0.034968,0.1746026,0,0.0125637,0,0,0,0,0,0,0,0,0.0257495,0.0197953,0,0.0007846,0,0,7.82e-05,0,0,0,0,0.0016134,0.0004517,0,0,0,0,0,0,0,0,0,0,0,0,0,0,0.0001274,0,0,0,0.0001756,0,0,0,4.49e-05,0,0.0001273,0,0.0012193,9.88e-05,0,0.000157,0,8.85e-05,0.0001357,0,0,4e-06,0,0,2.06e-05,0,0.0015156,0.0012691,0.0004766,9.35e-05,0,0,0,0,0.0002122,0,0,0,0,0,1.17e-05,0,0,0,0,0,0,0,0,0,0,0,0,0,0,0,0,0,0,0,0,0,0.0051783,0,0,0,0.0036808,0,0,0,0.0013151,0.0001477,0,0,0,0.0001982,0,0,0,0,0,0.0154636,0,0,0,0,0,0.0002843,0,5.17e-05,0,0.0157581,0,0,0.0009027,0,0,0,0,0,0,0,7.39e-05,2.68e-05,0.007712,0,0,0,0,0.0065534,0.021292,0,0.0047886,0.0169367,0,0,0.0001183,0,0,0.0539898,0.0007608,0,0,0.0034981,0,0,0,0.0380373,0,0,0.0011917,0,0,0,0,0.0020844,0,0,0,0.0002545,0,0,0,0,0,0,0,0,0.0004013,0,0,0,0,0,0.0025552,0,0,0,0,0.0026534,0,0.0230145,0,0,0,0.0024729,8.92e-05,0,7.83e-05,0,0,0,0,0,0,0,0.0123516,0.0001103,0,0,0,0,0.0132787,2.8e-06,0,0,4.52e-05,0.0001738,0,0,9.99e-05,0,8.64e-05,0,0.000148,0,0,0,0,0,5.2e-06,0.0002455,0,0.0058512,0.004952,0.0123789,0,0,0,0,0,0,0,0.0224124,0,0,0,0,0,0,0,0,0,0,0,0,0,0,0,0,0,0,0,0,0,0.021195,0,0,0,0,0,0.0002226,0.0022792,0.0007189,0.0113391,0.002931,0,0,0,0,0,0,2.1e-06,0,0,0,0.0041782,0.0100021,0.062382,0,0,0.0050624,0,0.0077731,0,0.0002901,0,0,0.0126303,0,0,0,0,0.0197145,0.0016943,0,0,0.0023154,0.0054652,0,0,0,0,0,0,0,0,0,0,0,3.9e-06,0,0,0.0001283,0,0,0.0004601,0,0,0,0.0021976,0.0081189,0.0054948,0,0,0,7.19e-05,0,0,0,0,0,0,0,0,0,0,0,0
"44","MS134",0,0,0,0,0,0,0,0,0,0,0,0,0,0,0,0.000163299951010015,0.0425768872269338,0.0154749953575014,0,3.24999902500029e-05,0.0150703954788814,0.055712183286345,0.000159399952180014,0.00151829954451014,0,0,0,0,0,0,0.00010569996829001,0.066754179973746,0,0.000365799890260033,8.00999759700072e-05,1.77999946600016e-05,0,0,0,0.0302105909368227,6.39999808000058e-06,2.69999919000024e-06,0.0820412753876174,0,0,0,2.90999912700026e-05,0,0.0281330915600725,0.00398479880456036,0,0.0139683958094813,0,0,0,0,0,0,0.0806437758068673,0.00484939854518044,0.123314463005661,0.0820586753823974,0,0.0505640848307745,0.00010939996718001,0,0,0,0,0,0,0,0,0,0.000153899953830014,0,0.000862099741370078,0.000291199912640026,0,0,0.000826599752020074,0.0022716993184902,0,0,0,9.79999706000088e-06,0.00102949969115009,0,0,0,0,0,0,0,0.0230979930706021,0.00138299958510012,0,0,0,0.000138899958330013,0,0,0,0.0010990996702701,0.000491199852640044,0.000285999914200026,0.00800309759907072,0,5.15999845200046e-05,0,0,0.000761099771670069,0,0.000286699913990026,9.29999721000084e-05,2.76999916900025e-05,0.000125699962290011,6.56999802900059e-05,0,0,0,0.000153599953920014,0.000755799773260068,0,0,0,0,0,0,0,0,0,0,0,0,0,0,0,0,0,0.00586799823960053,0,0,0,0,0,0,0,0,0,0,0,0,0,0,0,0,0,0.000345699896290031,0,0.000632699810190057,0,0,0,0,0,2.13999935800019e-05,0,0,0.000157399952780014,0,0,0.0939818718054385,0,0,0,0,0,0,0,0,0,0,0,0,0,0,0,0,0,0.000501599849520045,0,0.0010643996806801,0,0,0,1.70999948700015e-05,0.000693899791830062,0,0,0.0145377956386613,0.000287299913810026,0.000138899958330013,0,0,5.61999831400051e-05,0,4.35999869200039e-05,0,0,0,0.000196899940930018,5.5199983440005e-05,0,0,0,0,4.3899986830004e-05,0,0,0,0,0,0,0,0.000165199950440015,0,0,0,0,0,0,0,0.00186179944146017,9.53999713800086e-05,4.10999876700037e-05,0.000929699721090084,0.000513199846040046,0,0,0,0,0,0,0,0,0,0,0,0,4.29999871000039e-06,4.25999872200038e-05,0,0,0,0.00253099924070023,0,0.00288249913525026,0,2.59999922000023e-05,0,0,0,0,0.000582299825310052,1.53999953800014e-05,0,0,0,0,0,0,0.000100499969850009,0,0,0.0122608963217311,0,0,0.000129999961000012,0.0160988951703314,0,0.000227999931600021,0,0,0,0,0,0,0,0,0.000977399706780088,0,2.90999912700026e-05,0,0,0,0,0.00606799817960055,0,0.00785739764278071,0,0.00588269823519053,1.36999958900012e-05,0,0,0.0255698923290323,0,0,0.00508029847591046,0,0,0.0088203973538808,0,0,0.0066520980043706,0,0,0,0,0,0,0,0,0.000270599918820024,0,0,0,0,0,0,0,0,0,0,0,0,0.00715159785452064,0,0,1.84999944500017e-05,0,0.00957749712675086,0,5.89999823000053e-06,0,0,0,0,0,0,0,0,0.000146199956140013,0,0.00403479878956036,5.99999820000054e-06,0.000314499905650028,0,0,0.0117667964699611,0,0,0,0,0,0,0,0,0,0,0,0,0.000369799889060033,0,0,0.000730999780700066,0.000828599751420075,0,0,0,0,0,0,0,0,0,0,0,0,0,0,0,0,0,0.000294399911680027,0,0,0,0,0,0,0,0,0,0,0,0,0,0,0,0,0,0,0,0,0.000167499949750015,0
"45","MS125",0,0,0,0,0,0,0,0,2.90000203000142e-05,0,0,0,0,0,0,0.0318330222831156,0,0,0,3.50000245000171e-06,0,0.000625100437570306,0,0,0,0,0,0,0,0,0,0.000119100083370058,0.0036822025775418,0.00461270322889226,0,0,0.00118650083055058,0,0,0.000135100094570066,0,0,0.000336200235340165,0,0,0,0,0,4.9000034300024e-06,5.06000354200248e-05,0,0.00016270011389008,0,0,0,0,0,0,0.000107800075460053,0.0376515263560685,0.000646000452200317,0.583776708643696,0,7.00000490000343e-05,0.00686680480676336,0,0,5.27000368900258e-05,0,0,0,0.0127246089072262,0,0,0.00151440106008074,0,0,0.00022480015736011,0,0,0,0,0,0.000101000070700049,0,0,0,0,0,0,0,0,0,0,0,0,0,0,0,0,0,0.000299000209300146,0,0,0.000153400107380075,0.000682600477820334,0.00144120100884071,0,0,0,0.00639840447888313,0.00976430683501478,0,0.000656900459830322,0,3.20000224000157e-05,3.01000210700147e-05,0,0,0.000147300103110072,0,0,0,0,0,0,0,0,0,0,0,0,0,0,0,0,0,0,0,0,0,0,0,0,0,0,0,0,0,0,0,0,0,0,0,0,0,0,0,0,0,0,0,0,0,0,0,0,0,0.0036696025687218,0,0,0,0.00402860282002197,0,0,0,0,0,0.00423020296114207,7.24000506800355e-05,0,0,0,0,3.41000238700167e-05,0,8.93000625100438e-05,0,0,0,0,0.00477600334320234,0,0,0,0.0111607078124955,0.00478720335104234,0,0,0.00114050079835056,0,0.0299335209534647,0,2.49000174300122e-05,0,0,0,0,0.00030530021371015,0,0.0114296080007256,0,0,0,0,0,4.2900030030021e-05,0.00680590476413333,0,0,0.0047015032910523,0,0,0,0.012265808586066,8.11000567700397e-05,0,0,0,0,4.27000298900209e-05,0,0.000885400619780434,1.67000116900082e-05,0,0,0.00439660307762215,0,0,0,0,0,0,0,0,0.000737800516460362,0,0,0,0,0,0,0,0,0,0,0.00971310679917476,0,0.00988620692034484,0,0.000399700279790196,0,0,0,0,0.000382700267890187,0,0.000329000230300161,0,0,0,0,0,0.00139860097902069,0,0.000369000258300181,0,0,0,0.012333208633246,0,0,0,0,0,0,0.000144300101010071,0,0,7.9700055790039e-05,0,0,0,0,0,0,0,0,0,0,4.40000308000216e-05,0,0,0,0.0808912566238796,0,0,0.000120500084350059,0,0,0.0130006091004264,1.77000123900087e-05,0.000158500110950078,0,0,0,0,0,0,0,0,0.000109000076300053,0.000664700465290326,0,0,0,0,0,0.000399000279300195,0,0,0,0,0,0,0,0,0,3.11000217700152e-05,0.00223440156408109,4.62000323400226e-05,0.00603680422576296,0.00479980335986235,0,0,0,0,0,0,0,0,0,0,0.00164580115206081,0.000381100266770187,0.000250100175070123,0,0,0.00961680673176471,0,0,0,0,2.58000180600126e-05,0,0,0,0,0,0,0,0.00534750374325262,0,0,0,0.00460820322574226,0,0,0,0,0,0,0,0,0,0,0,6.65000465500326e-05,0,0,0.00125410087787061,0,0,0.0014190009933007,0,0,0,0,8.30000581000407e-06,2.76000193200135e-05,0,0,0,0.000543100380170266,0,0.0165277115693981,0,6.60000462000323e-06,0,0,0.00290210203147142,0,0,0,0,0
"46","MS169",0.00351670070334014,0,0,0,0,0,0,0,0,0,0,0,0.000141300028260006,0,0,7.6100015220003e-05,0.000664900132980026,0.000395700079140016,1.67000033400007e-05,0.000181100036220007,0,0.00050640010128002,4.03000080600016e-05,0,0,0,0,0,0,0,0,0,0.00280140056028011,1.73000034600007e-05,0,0,0,0,0.00106690021338004,0.0638591127718225,5.74000114800023e-05,0,0.000174900034980007,0,0,0,1.35000027000005e-05,0,0,3.99000079800016e-05,0.000969900193980039,0.0899766179953236,0,0,0,0,0,0.00556300111260022,0.0418873083774617,4.83000096600019e-05,0.074913814982763,0.338686367737274,0,0.000236100047220009,0,0,0,0,0,0,0,0.000314300062860013,1.35000027000005e-05,0,0,0,0,0,0,0.000402100080420016,0,0,0.000923200184640037,0.000331200066240013,0,0,0,0,0,0,0,0,0,0,0,0,0,0,0,0,0,0,8.82000176400035e-05,0,7.80000156000031e-06,3.60000072000014e-05,0,0,1.70000034000007e-05,0,0.0116023023204605,0,0,0,0,0,6.01000120200024e-05,0,0,0,0,0,0,0,0.000464600092920019,0.00156250031250006,0,0,8.50000170000034e-06,0.00688890137778028,0,0,1.92000038400008e-05,0,0,0,0,0,0.000481000096200019,0,0,0,0,0,0,0,0,0,0,0,0,0,0,0,0,0,0,0,1.28000025600005e-05,0,0,0,0,0,0.00416500083300017,0,0,0,0,5.83000116600023e-05,0.000631600126320025,0,0,0,0,0,0,0,2.11000042200008e-05,0.00146200029240006,0,0,0,0,0,0.00023990004798001,0,5.64000112800023e-05,0.000613500122700025,0.000335100067020013,0,0,0.000159900031980006,0,0,0,0,0,0,0,0,0,0,0,0,0,0,0.0426420085284017,0.00142270028454006,0,0,0.0695739139147828,4.34000086800017e-05,0,0,0,0,2.96000059200012e-05,0,0,0,0.0696314139262828,0,0,0.00163260032652007,0.0340471068094214,0,0,0.000668800133760027,0,0,0,1.82000036400007e-05,2.6300005260001e-05,4.65000093000019e-05,7.85000157000031e-05,0,0,0,1.87000037400007e-05,0,0,0,0,0,0,0.00233510046702009,0,0,0,0,0,0,9.9600019920004e-05,0.00155290031058006,0,0,0.000972000194400039,0,0.00168260033652007,0,0,0,0.00074280014856003,0,0,0,0,0.000274100054820011,0,0,0,0,0,0.000892900178580036,0,0,0,0,0,0,0,0,0,0,0,0,0,0,0,2.23000044600009e-05,0,0,3.55000071000014e-05,0,0,0,0,0,0.000949300189860038,0,0.00717240143448029,0.0024684004936801,1.26000025200005e-05,0,0.0199164039832808,0,0,0.000131800026360005,0,0,0.00816510163302033,0,0,0,0,0,0,0,0,0,0,0,0.000154200030840006,0,0,0,0,0,0,0,0,0,0,0,0,0,0,0,1.89000037800008e-05,0.0050061010012202,0.00337950067590013,0.00975790195158039,0.000703800140760028,0,0,0,0,0,0,0.00337380067476013,0,0,0,8.70000174000035e-05,0.000684800136960027,0.0353158070631614,0,0,9.20000184000037e-05,0.00896310179262036,0.000303800060760012,0,0,0,0,0,0,0,0,0,0.00466380093276019,8.96000179200036e-05,0,0,0,0,0,0,0,0,0,0,0,0,0,0,0,4.07000081400016e-05,0,0,0,0,0,7.4900014980003e-05,0,0,0,0.000441400088280018,0.0023969004793801,0.000143500028700006,0,0,0,0,0,0,0,0,2.82000056400011e-05,0,0.000147700029540006,0,0,0,0,0
"47","MS166",0.0004308,0,0,0,0,0,0,0,0,0,0,0,0.0008368,0,0,0.0001227,0.0105638,0.0005767,0.0029961,7.17e-05,0,0.0437259,0.0400611,0,0,0,0,0,0,0,3.83e-05,0,0.0102232,5.6e-05,0.0816761,0.0008058,0,0.0009689,0.0012772,0.0130273,5.9e-06,0,0.0535801,0,0.0034911,7.8e-06,0.0001757,0,0,5e-05,0,0.0617436,5.08e-05,0,0,0,0,0.0016151,8.91e-05,0.0005793,0.0546934,0.0640054,0.0096665,0.0274677,0,0,0,1.4e-06,0,0,0,0.002658,0.0044957,0,8.09e-05,0,0,0,0.0004716,0,0,0,0.0006521,0.0002593,0,0,0,0,0,0,0,0,0,0,0,0,0,0,0,0,0,0,0.0006015,0.0005638,0,0,1.59e-05,0,2.34e-05,0,0.0003102,0,0,0,0,0,0.0001093,0,0,0,0,0,0,0,0.0001884,0.0004362,0,0,0.005619,0.0025884,0,0,0.0008089,0,0,0,0.0026679,0.0002757,3.5e-06,0,0,0,0,0,0,0,0,5.96e-05,0,0,0,0.0068699,0,0,0,0,0,0,0,0,0.0002875,0,0,0,0.0026143,0,0,0,0.0012856,0,1.36e-05,0,3.1e-06,0,0,0.0002784,0,0,0.0011655,0.0004627,0.0184532,0,0,0,0,0.0027779,0,0,0.0022338,0.0064559,0,0,0.0001371,0,0,0.0004955,0,0,0,0,0,0,0.0003079,0,0,0,0,0.0116505,0.0011128,0,0.0014044,0.0242201,0.0665907,0,0,0.0043164,4.21e-05,2.91e-05,0.0002628,0,0,0.0083546,0.0071573,0,0.0019869,0.0421897,0.0192455,0.0013016,0.001085,0,0,0.0144325,0.0087137,0.0007102,0.0231775,0.0215494,0.0014749,0.0001261,0,7.34e-05,7.81e-05,0,0,1.33e-05,0,0,0.0004991,0,0,0,0,7.08e-05,0.0007917,8.9e-05,0.0012988,0.0002286,0.0007999,0.0001587,0,0.0053985,0,0,0,0.0001873,0.0003336,0,0.0001599,0,0.0004189,0,0,0,4.44e-05,0.0002125,0.0025117,4.08e-05,0,0,0,0,0,3.61e-05,0,0,0,0,0,0,0,0,0.0001403,0.000133,0,0,0,0,0,0,0,0.0001165,0,0.0198568,0.0161251,0.0057345,0,0.0098803,0,0,0.0152077,0,0,0.0075993,0,0,2.03e-05,0,0,0,0,0,0,0,0,0.0001576,0,0,0,0,0,0,0,0,0,0,0,0,0,0,0,5.95e-05,0.007223,0.0049437,0.0085658,0.0226975,0,0,0.0001537,0.0002889,0,0,0.0018595,0,0,5.56e-05,0.0009214,0.0005551,0.031054,3.5e-06,0.0008478,0.0001764,0.0056092,0.0046111,0,0,2.93e-05,2.82e-05,0,5.95e-05,0,0.0012523,0,0.0041563,0.0005351,0,0,0,0,0,0,0,0,0,0,0,0,0,0,0,0,0,0,0,0,0,0.0002808,0,0,0,0,0.0008087,0.0013439,0,0,0,0.0003289,0,0,0,1.37e-05,9e-05,2e-05,0,0,0,0,0,0.0004648
"48","MS177",0,0,0,0,0,0,0,0,0,0,0,0,0.000494900148470044,0,0,0.00178870053661016,0.000316500094950028,0.00848870254661076,2.39000071700022e-05,0.00469340140802042,0,0.011579103473731,0.00135240040572012,0,0,0,0,0,0,0,0,0,0.00937670281301084,0,0,0,0,0,0,0.00133400040020012,2.2000006600002e-06,0.011634103490231,0.0147958044387413,0,0.000485800145740044,0.00117930035379011,0,0.000238800071640021,0,0.00119290035787011,0,0.00520090156027047,0,0,0,0,0,0,0,8.02000240600072e-05,0.00134920040476012,0.00617630185289056,0.00022650006795002,0.00521010156303047,0.00298330089499027,0.0149206044761813,0,0.000456400136920041,0,0,0,0.00133390040017012,0.00193360058008017,0,0.0022611006783302,0.0033356010006803,0,0,0.000210200063060019,0,0,0,0.000749400224820068,0,0,0.000967100290130087,1.74000052200016e-05,0.00104620031386009,0,0,0,0,0,0.00358160107448032,0,0,0,0,0,0,0,0,0.00021910006573002,0,0,0,0,0,0,0,0,0,0,0,0,0,0,0,0,0,0,0,0,0.000149800044940013,0.000230200069060021,0.00045000013500004,0.000934200280260084,2.41000072300022e-05,0.00145940043782013,0.00202520060756018,0,4.30000129000039e-06,0,0.00196390058917018,0.000385700115710035,0,0.000178200053460016,0,0.000201300060390018,0.000488000146400044,0,0.000756200226860068,0,0,0,0.00404530121359036,0,0,0.000355200106560032,3.80000114000034e-05,0.00401520120456036,0,0,0,0.000211500063450019,0.00300060090018027,0,0.000640000192000058,0,0.0283644085093226,0,0,0.00207820062346019,0,0.00955590286677086,0,0,0,0,0,0.00261820078546024,0,0,0,0.000233400070020021,0,0,0,0.00122190036657011,0.00120180036054011,0,0.0131588039476412,0,0.00185790055737017,0,2.85000085500026e-05,0.00649510194853058,0,0.0010642003192601,0.00341450102435031,0,0,0,0,0.000124000037200011,0,0,0,0,0,0,0,0,0,0,0,0,0.0722307216692165,0.000410100123030037,0,0.00267610080283024,0.000866900260070078,2.2800006840002e-05,0.00308110092433028,0,0.0181332054399616,0,0.021990706597212,3.3100009930003e-05,0,0.00205450061635018,0.0130401039120312,0,0,0,0.0463716139114842,0.0265212079563624,0.00212090063627019,6.34000190200057e-05,5.29000158700048e-05,0.000193000057900017,0.0033598010079403,9.72000291600087e-05,0,0.000575500172650052,0.00424650127395038,0,0,0.000259600077880023,0.00155620046686014,0.00365190109557033,3.20000096000029e-06,0.0010976003292801,0.000563400169020051,0.0044020013206004,0,0.000654900196470059,0,0,0.00104170031251009,0,0,0.000256700077010023,0.000522700156810047,0.0010562003168601,0,7.00000210000063e-06,7.60000228000068e-06,0,0.00305480091644027,0,0,0,0.000703900211170063,0,0,0,0,0.00010700003210001,0,0,0,0,7.40000222000067e-06,0.000384900115470035,0,0,0,0,0,0.00626000187800056,0,2.34000070200021e-05,0,0,0,0,0,0.00011420003426001,0,0,1.34000040200012e-05,0,0,0,0,0,0,0,0,0.00459980137994041,0.00347340104202031,0.0055227016568105,0.000343400103020031,0,0.00249840074952022,0,0,0.00271580081474024,0,0,0.000157100047130014,0,0,0.00289790086937026,0,0,0,0,0,0,0,0,0.340350202105061,0,0,0,0.0626547187964156,0,0,0,0,0,0,0.00490300147090044,0,0,0,0,0,0.00104900031470009,0.00171180051354015,0.00609810182943055,0.000827800248340074,0.010558903167671,0.0022693006807902,0.00235650070695021,0.000480800144240043,0,0.000184700055410017,0.000400600120180036,0,0,2.2600006780002e-05,0,4.04000121200036e-05,0.022430806729242,0,0.00137050041115012,0,0.0141317042395113,0.000868700260610078,0,7.60000228000068e-05,0.00136320040896012,0.00450540135162041,0,0.00706830212049064,0.00353400106020032,0,0.000906300271890082,0.00248860074658022,0.000188900056670017,0,0,0.00499400149820045,0,2.35000070500021e-05,0,1.1500003450001e-05,0,0,0,0,0,0,0,0,0,0,0,0,0,0,0.000492700147810044,0,0,0,0,0.00483250144975044,0.000191500057450017,0,0.000247700074310022,0.0152228045668414,0,0,0,0.000786400235920071,0,0,0,0,0,6.80000204000061e-06,0,0,4.11000123300037e-05
"49","MS156",0,0,0,0,0,0,0,0,0,0,0,0,0.00121449987855001,0,0,0,0.00332189966781003,0,0.00594919940508006,0.0181740981825902,0,0.0340659965934003,0.00201159979884002,0,0,0,0,0,0,0,0,0,0.00477699952230005,0,0,0.000514999948500005,0,0,0,0.0365150963484904,0,0,0.0127880987211901,0,0,0,0.0100789989921001,0,0.00517929948207005,0,7.63999923600008e-05,0.00663129933687007,0,0,0,0,0,0,0.0275165972483403,0.00399329960067004,0.0436334956366504,0.208449779155022,6.70999932900007e-05,0,0.0524919947508005,0.0549824945017505,0,0.0245094975490502,0,0,0,0.0178218982178102,0.00116179988382001,0,0.000388199961180004,0,0,0,0,0,0,0,0.00102959989704001,0.000206599979340002,0.000241799975820002,0,0.000429299957070004,0,0,0,0,0,0,0,0,0,0,0,0,0,0,0,8.09999919000008e-06,0,0,0,0.000103499989650001,0,0,0,6.67999933200007e-05,0,0,5.15999948400005e-05,0,0,0.00250219974978003,0,0,0,0,0,0,0,0.000139799986020001,0.000195499980450002,0.000772099922790008,0.000154599984540002,0,0.00104079989592001,0,0.00832699916730008,0.000131099986890001,0,0,0,0,0,0,0,0,0,0,0,0,0,0,0,0,0,0,0,0,0,0,0,0,0,0,0,0.000301399969860003,0,0,0,0,0,0,0,0.000663299933670007,0,0.00623959937604006,0,0,0.000160399983960002,0,0,0.00406649959335004,0,0,0,0,0,0,0.00167099983290002,0,0,0,0,0.00187279981272002,0.00562969943703006,0,0,0,0,0,0.000196399980360002,0,0,0,0,0,0,0.00385609961439004,0,0,0,0,0.000361599963840004,0.00682039931796007,0,0,0.0347691965230803,0.000166499983350002,0.000461799953820005,2.29999977000002e-06,0,4.06999959300004e-05,0,0,0,0,0.00904429909557009,0,0,0.00480069951993005,0.0468800953119905,0.00270339972966003,8.17999918200008e-05,0.000107699989230001,0,0,0.000382899961710004,0,0.000138599986140001,0.000404499959550004,0.000612399938760006,0,0,0,5.36999946300005e-05,0,0,0,0,0,0.00453559954644005,0.00117569988243001,0,0,0,0,0,0.000258999974100003,0,0.00113479988652001,0,0,0.00146229985377001,0,0.0121542987845701,0,0,0,0.00184729981527002,0,0,0,0,0.000398299960170004,0,0,0,0,8.59999914000009e-06,0.00745699925430007,5.13999948600005e-05,0,0,0,0,0,0,0,0,0,0,0,0,0,0,0.000106499989350001,0,0,0,0,0,0.00666459933354007,0,0,0.00134879986512001,0,0.00439989956001004,0.00141839985816001,0.00918649908135009,0,0.00470759952924005,0.000548999945100005,0,0.0402639959736004,0,0,0.000173299982670002,0,0,0,0.00721259927874007,0,0,0,0,0,0,0,0,0,0,0,0,0,0,0,0,0,0.000266099973390003,0,0,0,0,0,0.000126799987320001,0.00897569910243009,0,0.0369145963085404,0.000525799947420005,0,0,0,0,0,0,0,1.49999985000002e-05,0,0,0.000408799959120004,0.000328999967100003,0.0478625952137405,0,0,0,0,0.00284989971501003,0,0,0,0,0,0,0,0,0,0.00155979984402002,0.000489699951030005,0,0,0,0,0,0,0,0,0,0,0,0.000373699962630004,0.000173499982650002,0,0,5.78999942100006e-05,0,5.60999943900006e-05,0.00635679936432006,0,0,0.00819129918087008,0.000514799948520005,0,0,0,0.00587139941286006,0.00213799978620002,0.00456499954350005,0,0.0387330961266904,0.00152079984792001,0,1.07999989200001e-05,0,0,0,0,0.000392699960730004,0,0,0,0,0
"50","MS143",0,0,0,0,0,0,0,0,0,0,0,0,0.000379900113970034,0,0,0.044176813253044,0.044669813400944,0.0010604003181201,0.0136773041031912,0.0144493043347913,0,0.0537667161300148,8.9100026730008e-05,0,0,0,0,0,3.54000106200032e-05,0,4.23000126900038e-05,0,0.00190640057192017,0,0,0.000279400083820025,0,0.00759950227985068,0.0044156013246804,0.00878880263664079,0.000361400108420033,0,0.00509100152730046,0.00103210030963009,0,0,0.0271522081456624,0,0.000365300109590033,0.00928440278532084,1.58000047400014e-05,0.00178520053556016,0,0,0,0,0,0,0.152903345871004,0.0197749059324718,0.0357506107251832,0.253809676142903,0.0123379037013711,0.0200312060093618,0.0187667056300117,0.000100500030150009,0.00121920036576011,0.00341390102417031,0,0,0,0.0044074013222204,0.00126830038049011,0,0.000249200074760022,0,0,0,0,0,0,0,0.000729500218850066,0,0,0.000148800044640013,0,0,0,0,0,0,0,0,0,0,0,0,2.10000063000019e-06,0,0,0,0,0,4.54000136200041e-05,0,1.0800003240001e-05,0,0.000370400111120033,0,0.000712600213780064,0.000138600041580012,4.14000124200037e-05,0.00237670071301021,0,0,4.66000139800042e-05,0,0,0,0,0,0,0,0,1.55000046500014e-05,3.50000105000031e-05,0,0,0,0,0.00963710289113087,3.22000096600029e-05,0,0,0,0,0,0,0,0,0,0,0,0,0,0,0,0,0,0,0,0,0,0,0,0,0,0,0,0.00166250049875015,0,0,0,0,0,0,0,0,8.23000246900074e-05,0.00321090096327029,0,0,0,0,0.000281800084540025,0.00180090054027016,0,0,0.000793100237930071,0,0,0,0.00724050217215065,0,0,0,0.000632500189750057,0.00033360010008003,0.000756500226950068,0,0,0.000144800043440013,0,0,0,0,4.29000128700039e-05,0,0,0.000742000222600067,0,0.0174829052448716,0,0,0,0,0.000132900039870012,0.000904600271380081,0,0,0.00021760006528002,6.43000192900058e-05,2.62000078600024e-05,0,0,0,0,0,0,0,0.00205660061698019,0,0,0.000170500051150015,0.0153591046077314,8.9000026700008e-06,0,9.56000286800086e-05,0,0,0,0,0.000492400147720044,0,0,0,0,0,0,0,0,0,0,0,0,0.000124700037410011,0,0,0,0,0,0.00477920143376043,0,8.61000258300077e-05,0,0,0.00874230262269079,0,0.00284400085320026,0,0,0,0.000677700203310061,9.64000289200087e-05,0,0,0,9.04000271200081e-05,0,0.000144900043470013,0,0,0.000167500050250015,0.00354190106257032,0.00264580079374024,0,0,0,0,0,0,0,0,0,0,0,0,0,0,0.00055730016719005,0,0,0,0,0,0.000479000143700043,0,0,0,0,0.0173133051939916,3.12000093600028e-05,0,0,0.0170518051155415,0.000654800196440059,0,0.0612542183762655,0,0,0.00100540030162009,0,0,0.000978300293490088,0,0,0,0,0,0,0,0,0.000299000089700027,0,0,0,0,3.70000111000033e-05,0,0,0,0,0.000655600196680059,0,0,0,0,0,2.48000074400022e-05,0.00366900110070033,0.00199160059748018,0.00077850023355007,0.00164480049344015,0,0,9.46000283800085e-05,0,0,0,0,0,0,0,0.000932200279660084,0,5.64000169200051e-05,0,0,0.000315300094590028,0,0.000362000108600033,0,0,0,0,0,0,0,0,0,0.0055721016716305,0.00625090187527056,0,0,0,0,0,0,0,0,0,0,0,0,0,0,0,0,0,0,0.000323600097080029,0,0,0.000488400146520044,0,0,0,0,0.00494100148230044,0,0.000347700104310031,0,0.0134054040216212,1.0800003240001e-05,0,0.000278900083670025,0,2.59000077700023e-05,0,0,0.000692600207780062,0,0,0,0,0
"51","MS147",0,0,0,0,7.21000144200029e-05,1.02000020400004e-05,0,0,0,0,0,2.68000053600011e-05,0.000455100091020018,0,0,0.0641289128257826,0.0178186035637207,0.000586600117320023,0.000142000028400006,0.0294941058988212,0,0.149395529879106,0.00272060054412011,0,0,0,0,0,0,0,0,0,0.000570400114080023,0.000191100038220008,0,0.000560800112160022,0,0.000727100145420029,0.000562300112460023,0.0100292020058404,0,0,0.00897550179510036,0,0,0.000615900123180025,0.00716560143312029,3.27000065400013e-05,0.0469759093951819,0.000719400143880029,0.000142600028520006,0.0116990023398005,5.25000105000021e-05,0,0,0,0.00716360143272029,0,0.0132607026521405,0.00972120194424039,0.0675803135160627,0.214036142807229,0.00299210059842012,0.000558600111720022,0.00165310033062007,0.000406400081280016,0,0.00163590032718007,0,2.31000046200009e-05,0,0.00295420059084012,0,0,0.000872700174540035,9.50000190000038e-06,0,0,0.000972100194420039,1.95000039000008e-05,0,0,0.00294090058818012,0.000352600070520014,7.4700014940003e-05,0,0.000103700020740004,0,0,0,0,0,0,0,0,0,0,0,0,2.14000042800009e-05,0,2.99000059800012e-05,8.10000162000032e-06,0.000427100085420017,0,3.66000073200015e-05,6.37000127400026e-05,0,1.63000032600007e-05,0,0,0.000113100022620005,0,4.75000095000019e-05,0,0,9.35000187000038e-05,0,0,0,0,0,0,0,2.99000059800012e-05,0.000716700143340029,0,0,0,1.50000030000006e-05,0,0,0,0,7.90000158000032e-05,0,0,0,0,0,0,0,0,0,0,0,0,0,0,0,0,0,0,0,0,0,0,0,0,3.00000060000012e-05,0.00136920027384005,0,0,0,0.00155700031140006,0,0,0,0.000443400088680018,5.87000117400024e-05,0.00402790080558016,0,0,0.00140690028138006,0,1.94000038800008e-05,0.000590500118100024,0,0.000475400095080019,0.00204410040882008,0.00192890038578008,0,0,0.00371170074234015,0,6.07000121400024e-05,0,0,0.00206870041374008,0.00210180042036008,0,0,2.4900004980001e-05,0,0,0,0,0.00186140037228007,2.6000005200001e-06,0,0.000128400025680005,0,0.00163110032622007,0,0,0,0,0.00105390021078004,0.00175650035130007,0,0.000298400059680012,0.023857404771481,6.00000120000024e-05,0.000178500035700007,1.40000028000006e-06,0,0.000623600124720025,8.38000167600034e-05,0.00118730023746005,0,0,0.00402060080412016,0,0,3.39000067800014e-05,0.0600932120186424,0.000533400106680021,4.80000096000019e-05,0.000551600110320022,6.75000135000027e-05,2.05000041000008e-05,0.00449630089926018,0.000799200159840032,0.00134860026972005,0.000326000065200013,0.00401800080360016,0,4.46000089200018e-05,0,0.00329640065928013,0.000182100036420007,0,0,0.000287400057480012,0,0.00166200033240007,0.000115900023180005,0,0,0,0,0,0.00161940032388006,3.50000070000014e-05,0.00893960178792036,0,0,0.00124670024934005,0,0.0141323028264606,0,0,0.000139500027900006,0.000718700143740029,0.000103200020640004,0,0,0,0.00073780014756003,0,0,0,9.20000184000037e-06,0.000183500036700007,0.000721900144380029,4.49000089800018e-05,0,0,0,0,1.32000026400005e-05,0,0,0,0,0,0,0,0,0,8.04000160800032e-05,0,0,0,0,0,9.81000196200039e-05,0,0,0.000194500038900008,0,0.0154169030833806,0.0048726009745202,0.0107780021556004,0,0.0101832020366404,0.0025912005182401,0,0.0199869039973808,0,0,0.000411900082380016,0,0,0.00485220097044019,0,0,0,0,0,0,0,0,0.0191684038336808,0,0,0,0,0,0,0.000281500056300011,0,0,0.00098980019796004,0,0,0,0,0,0,6.00000120000024e-05,9.10000182000037e-05,0.00674150134830027,0.000571600114320023,0.000351100070220014,5.82000116400023e-05,0,0,0,0,4.10000082000016e-06,0,0,5.43000108600022e-05,0.00100660020132004,0.0049109009821802,0.0023873004774601,3.30000066000013e-06,0,0.00235160047032009,8.17000163400033e-05,0.00158310031662006,0,5.20000104000021e-06,8.60000172000034e-06,0,0.000958700191740038,0.000102900020580004,0,0,0,0.00368250073650015,0.00534610106922021,0,0,0,0,0,0,0,0,0,0,2.5000005000001e-05,0.000148900029780006,0,0,0,0.000151000030200006,0,0,0.00633350126670025,0,0,0.0112724022544805,5.80000116000023e-05,0,0.00073820014764003,0,0.00190880038176008,0.000469000093800019,5.31000106200021e-05,0,0.00847490169498034,0.00133200026640005,0,0,0.000105400021080004,0.000120100024020005,0,0,0.000102100020420004,0,0,4.52000090400018e-05,0.00024050004810001,2.29000045800009e-05
"52","MS141",0,0,0,0,0,0,0,0,0,0,0,0,0.0003717,0,0,0.0108889,0.0072551,0,0,2.35e-05,0,0.1508649,0.0004531,0,0,0,0,0,0,0,0,0,0.0039125,0.0002766,0,0.0004025,0,0,0,2.96e-05,0,0,0.1126292,0,0,0,0.0088022,0,0,1.37e-05,0,0.0291468,2.9e-05,0,0,0,0,0,0.0002031,6.07e-05,0.1617345,0.1227805,0.0031088,9.28e-05,0.006095,0,0,0,0,0,0,0.0077782,0.0027178,0,0.0005594,0,0,0,6.2e-06,0,0,0,0.0015182,1.75e-05,0,0,0,0,0,0,0,0,0,0,0,0,0,0,0,5.38e-05,0,0,0,0,0,0,0,0,0.0001336,0,2.75e-05,3.76e-05,0,0,0,0,3.84e-05,0,0,0,0,4.83e-05,0,0,0,8.94e-05,0,0,0,0,0,0,1.12e-05,0,0,0,0,0,0,0,0,0,0,0,0,0,0,0,0,0,0,0,0,0,0,0,0,0,0,0,0,0,0,0,0.0018033,0,0,0,0,0,0.003891,0,0,6.7e-05,0,0,0,0,0.0005324,0.0010236,0,0,0,0,0,0,0,0.0001903,0.0006981,0.0021464,0,0,0.0005405,0,0,0.0006148,0,0,0,0,0,0,0,0,0,0,0,0.0029905,0.0030637,0,0,0.0672244,0.0001519,0.0009061,0,0,0,0,0.0016729,0,0,0.0031854,0,0,0.0003297,0.0212935,0,0,0.0001295,0,0,0.0002703,0,0.0004084,0,0.0556909,0,6.46e-05,0,0,0,0,0,0,0,0,0.0002571,0,0,0,0,0,0.0001831,3.3e-05,0.0224223,0,0,0.0011598,0,0.0019525,0,0,0,8.24e-05,6.7e-06,0,0,0,0,0,0,0,0,0.0001479,0.00083,0.0022703,0,0,0,0,0,0,0,0,0,0,0,0,0,0,0.0002231,0,0,0,0,0,0,0,0,0.0008962,0,0,0,0,0,5.51e-05,0,0.0162859,6.84e-05,0,0,0.0001588,0,0,0.0012966,0,0,0,0,0,0,0,0,0.0006027,0,0,0,0,2.95e-05,0,0,0,0,0.0067387,0,0,0,0,0,0,0,0.0001023,0.0030389,0.0014153,0,0,0.0009977,0,0,0,0,0,0,0,0.0006122,0.015493,0.0248738,0,0,8.63e-05,0.0066408,0.0066742,0,0,0.0779539,0,0,0,0,0,0,0.0017087,0.0006066,0,0,0.0010732,0,0,0,0,0,0,0,0,0,0,0,0,0.0001143,0,0,0,0,0,0.0003115,0,0,0,0.0006298,0.0006889,0.0001775,0,0,0,0,0,0,0,0,0,0,0,0,0,0,0,0
"53","MS127",0,0,0,0,0,0,0,0,0,0,0,0,6.6399980080006e-05,0,0,3.26999901900029e-05,0.0177403946778816,0.00066799979960006,0,0.0184731944580417,0,0.0954687713593686,0.000287099913870026,0,0,0,0,0,0,1.0999996700001e-06,6.45999806200058e-05,0,0.00838399748480076,0.00032939990118003,0,0.00011079996676001,0,0,0.00504609848617045,0.0483690854892743,7.66999769900069e-05,0,0.00033689989893003,0,0,0.00387149883855035,0,0,0.0236892928932121,0.0386386884083935,0.000135699959290012,0.0156346953095914,0,0,0,0,0,0,0.00371549888535033,0.00196089941173018,0.153875953837214,0.132910860126742,0.00251879924436023,0.0579775826067252,2.30999930700021e-05,0,0,3.25999902200029e-05,0,0,0,0.011276396617081,0.010869296739211,0,0.000152099954370014,0,0,0,0,0,0,3.67999889600033e-05,0.0055915983225205,0.00154389953683014,0.00125159962452011,0.000428399871480039,0.00509619847114046,0,0,1.24999962500011e-05,0,0,0,0,0,0,0,0,0,1.18999964300011e-05,0,0,0.000101399969580009,0,0,0,1.73999947800016e-05,0,2.39999928000022e-05,0,8.40999747700076e-05,5.05999848200046e-05,0,5.89999823000053e-06,0,1.99999940000018e-06,0.000547799835660049,0,0,0,0,0,0,0,0.00129069961279012,9.9999970000009e-07,0,0,0.0189689943093017,0.000730599780820066,0,0,0,0,4.05999878200037e-05,0,0,0,0,0,0,0,0,0,0,0,0,0,0,0,0,0,0,0,0,0,0,0,0,0,0.000461299861610042,0,0,0,0,0,0,0,0,7.19999784000065e-06,0.00402489879253036,0,0,0,0,0,0,0,0,0.000733299780010066,0.0067038979888306,0,0,0.00511989846403046,0,0.00140629957811013,0,1.19999964000011e-06,0.00208739937378019,0.00185409944377017,0,0,1.76999946900016e-05,0,0,7.49999775000068e-06,3.06999907900028e-05,8.68999739300078e-05,0,0,0,0.000132599960220012,0.00045019986494004,0,1.41999957400013e-05,0,0,0.00132409960277012,0.00464249860725042,0,0,0.0248398925480322,0.00408879877336037,0,0,0,0,6.05999818200055e-05,0,0,0,0,0,2.69999919000024e-06,0,0.0594384821684554,0.0230560930831721,0.00124299962710011,0.00279279916216025,0,0,0.00126649962005011,0,0.0010735996779201,0.0066115980165206,0.00470199858940042,0.00185959944212017,0.00021949993415002,0,0,0,0,0,9.09999727000082e-06,0,0,0.000165399950380015,0,0,0,0,0,0,0.000686599794020062,0.00678009796597061,0,0,8.45999746200076e-05,2.27999931600021e-05,0.0104459968662009,0,0,0,5.74999827500052e-05,6.88999793300062e-05,0,2.45999926200022e-05,0,3.02999909100027e-05,0,8.43999746800076e-05,0,0,0.000200399939880018,0.000562299831310051,0.000542699837190049,0,0,0,0,0.000601599819520054,2.88999913300026e-05,0,8.58999742300077e-05,0,0,0,0,0,0,0.000121399963580011,0.000286499914050026,0,6.29999811000057e-05,5.40999837700049e-05,0,0,0.00171709948487015,0,0,0,0.0474455857663243,0.000791299762610071,0,0,0.0125304962408511,0.00128379961486012,0,0.0089133973259808,0.00156889952933014,0,0.00011629996511001,2.93999911800026e-05,0,0,0,0,2.03999938800018e-05,0,0,0,0,0,7.23999782800065e-05,0,0,0,0,0,0,0,0,0,0,0,0,0,0,0,0,2.37999928600021e-05,6.6999979900006e-06,0.0103371968988409,0.00545439836368049,0,0,0,0,0,0,3.79999886000034e-06,0,0,4.3999986800004e-06,0.00077459976762007,0.0055700983289705,1.55999953200014e-05,0,0,0.00010599996820001,0.0171902948429115,0,0,0,0,0.00325599902320029,0,0,0,0,0,0.0077190976842707,0.000236599929020021,0,0,0,0,0.000281299915610025,0,0,0,0,0,0,0,0,1.71999948400015e-05,0,0.00011329996601001,0,8.12999756100073e-05,0.000155099953470014,0,0,0.000343499896950031,0,1.43999956800013e-05,0,0.000131399960580012,0.000204299938710018,0.00253819923854023,0,0,0,9.38999718300085e-05,0,0,0,0,0,0,0,0,3.49999895000032e-06,0,0.000516099845170046,0.000374499887650034
"54","MS132",0,0,0,0,0,0,0,0,0,3.43e-05,0,0,0.000392,0,0,0,0.0106346,0,0,0.0037762,0,0.1112045,0.0133891,0,0,0,0,0,0,0,0,0,0.0050778,2.13e-05,0.0003188,0,0,0,0,0.0409402,0.004667,0,1.61e-05,0,0,0,0.004804,0,0,1.87e-05,0,0.021043,0,0,0,0,0,0,0.0002692,0.0092028,0.000255,0.3467315,0.0129141,6.51e-05,0.1186303,0,0,0,0,0,0,0.0048901,9.89e-05,6.08e-05,0.0033708,0,0,8.3e-06,0.0005669,0,0,8.83e-05,0.0010346,0,0,0,0,0,0,0,0,0,0,0,0,0,0,0,0,0,0,5.28e-05,1.86e-05,0,3.66e-05,0.000172,0.0009319,0,0.0001133,0.0011355,0,6.11e-05,0,0,0,0,0.0010675,0,0,0,0,0,4.36e-05,0,0,0.0056834,0,0,0,0,0,0,0,0,0,0,0,0,0,0,0,0,0,0,0,0,0,0,0,0,0,0,0,0,0,0,0,0,0,0,0.0024145,0,0,0,2.52e-05,0,0,0,0,0.0006258,0.005088,0,0,2.75e-05,0,0,0,0,0,0.0043862,0,0,0,0,0,0.0010789,0,9.5e-05,0,0.0047881,0,0,0.000312,0,0,0.0003501,0,0,0,0,5.26e-05,0,0.0012321,0,0,0,0,0.0008654,0.0159983,0,0.0035262,0.0237959,3.24e-05,0,0,0,0,0,0.0002131,0,0,0.0034426,0,0,0,0.006142,0,0,0,0,0,0,0,7.52e-05,7.3e-06,1.46e-05,0,0,0,6.48e-05,0,0,0,0,0,0,6.31e-05,0,0,0,0,0,0.0038015,0,0,0,0,0.0049099,0,0.0069537,0,0,0,2.24e-05,0,0,0,0,0,0,0,0,0,0,0.0014471,0,0,0,0,0,0,0,0,0,0,0,0,0,0,0,0.001776,0,0,0,0,0,0,0,0,0,0,0.0055886,2.79e-05,0,0,0.0439091,0,0,0.0363771,0,0,0,0,0,0.0139151,0,0,0,0,0,0,0,0,0.0002578,0,0,0,0,0,0,0,0,0,0,0,0,0,0,0,0,0.0046973,9.25e-05,0,6.32e-05,0,0,0,0,0,0,0,0,0,0,0.0002792,0.0001349,0.0001508,0,0,0.0008934,0,0.0004251,0,0,0,0,0,0,0,0,0,0.0022803,0.0022429,0,0,0,1.95e-05,0,0,0,0,0,0,0,0,0,0,0,0.0001041,0,0,5e-05,0,0,0.000179,6.08e-05,0,0,0.0063526,7.39e-05,9.77e-05,0,0,0.0642162,0,0,0,0,0,0,0,4.29e-05,0,0,0,0,0
"55","MS174",0.00215839935248019,0,0,0,0,0,0,0,0,0,0,0,0.000250999924700023,0,0,7.7299976810007e-05,0.0140977957706613,0.000252899924130023,0,0.0249386925183922,0.000207399937780019,0.0932670720198784,0.00950669714799086,0,0,0,0,0,0,0,0.000169399949180015,0,0.00529479841156048,0.000243399926980022,9.46999715900085e-05,0.000882499735250079,0,0.00022279993316002,0,0.0185250944424717,0.00512319846304046,0,0.000935799719260084,0,0,0,0.00156979952906014,0.00143139957058013,0,0.000572999828100052,0.00011269996619001,0.000603999818800054,0,6.09999817000055e-06,0,0,0,0,6.6399980080006e-05,0.00280569915829025,0.131755360473392,0.103286969013909,0.0146728955981313,0.0878982736305179,0,0,0,0.00676929796921061,0,0,0,0.0055540983337705,0.0234249929725021,0,0.000817199754840074,0,9.74999707500088e-05,0,0,0,0,0,0.00387439883768035,0.000181599945520016,0,0.000316299905110028,6.95999791200063e-05,0,0,0,0,0.000212899936130019,7.33999779800066e-05,1.96999940900018e-05,0.000150899954730014,0.000389399883180035,0,0,0,0,0,1.87999943600017e-05,2.09999937000019e-05,0.00119189964243011,0,2.2499993250002e-05,1.36999958900012e-05,0,0,0,0,3.91999882400035e-05,0,0.000152799954160014,0,0,0.000569299829210051,0,0,0,0,0,0,0,0.000269999919000024,0.000119999964000011,0,0,0,0.000622599813220056,0.00178449946465016,0,0.000192899942130017,0,0.000870499738850078,0,0.000253799923860023,0,0,0,0.00158619952414014,0,0.00190549942835017,0,0,2.2199993340002e-05,0,0,0,0,0,0,0,0.0175752947274116,0,0,0.000819299754210074,0,0,0,0.000422199873340038,0,0,0,0.00147329955801013,0,0,0,0.000300499909850027,3.46999895900031e-05,0.00603019819094054,0,0,2.11999936400019e-05,0,0,0,0,0.00151759954472014,0.00378189886543034,9.9999970000009e-06,0,5.40999837700049e-05,0,0,0.000130899960730012,0,0.000256199923140023,0.00185299944410017,0.00674169797749061,0,3.60999891700033e-05,0.000394099881770035,0,0,0.00172009948397015,8.01999759400072e-05,1.29999961000012e-05,0,0,0,0,0.000316099905170028,0,0,0,0,0.00721389783583065,0.00426399872080038,0,0.000486599854020044,0.000412399876280037,0.0202411939276418,0.00145669956299013,0,0,0,2.53999923800023e-05,0,0,0,0.0011275996617201,0,0,0.000289399913180026,0.0125557962332611,4.29999871000039e-05,0,0.000354499893650032,7.11999786400064e-05,0,0.00824559752632074,0.000627199811840056,0.000600999819700054,0.0176669946999016,0.0296047911185627,0.000374499887650034,0.000529999841000048,0,4.3999986800004e-06,0,0,0,3.2899990130003e-05,0,0,0.000192799942160017,0,0,0,0,0.0870283738914878,0.00011089996673001,1.90999942700017e-05,0.00203229939031018,0,5.92999822100053e-05,0.00274199917740025,0,0.0144526956641913,0,0,0,0.00033019990094003,0.000630999810700057,0,2.1999993400002e-06,0,0,0,0,0,4.76999856900043e-05,0.000276599917020025,0.000527499841750047,5.81999825400052e-05,0,0,0,0,0.00394279881716035,3.79999886000034e-06,0,0.000528599841420048,0,0,0,0,1.54999953500014e-05,0,0.00340979897706031,0,0,7.29999781000066e-06,0,0,0,0.00197409940777018,0,0.000816999754900074,0,0.00947239715828085,0.00089209973237008,0.00630139810958057,0,0.00904699728590081,0.00302249909325027,0,0.0131863960440812,0,0,0.00239179928246022,0,0,0.00589289823213053,0,0,0,0,0,0,0,0,0.000229999931000021,0,0,0,0,0,0,0,0,0,0.00809139757258073,0,0,0,0,0,1.83999944800017e-05,0.00155029953491014,0.00185999944200017,9.79999706000088e-06,0.000241099927670022,7.7599976720007e-05,0,0,0,0,8.53999743800077e-05,1.39999958000013e-06,0,0,0.000307999907600028,0.00155079953476014,0.0103261969021409,0.0573199828040052,0,0,0,0.000416299875110038,0.00214019935794019,0.00269109919267024,0,0,0,0,0,0,0,0,0.0043848986845304,0.00186239944128017,0,0,0,0,0,0,0,0,0,0,0,0,0,0,0,0,0,0,0,0,0,1.30999960700012e-05,0,0,0,0.000490599852820044,0.0078160976551707,0.00644259806722058,0,0,0,0,0,0,0,0,0,0,0,0,0,0,0.000205099938470018,0
"56","MS164",0,0,0,0,0,0,7.28000072800007e-05,0,0,2.77000027700003e-05,4.50000045000004e-06,0,0.00279740027974003,0,0,0.00144530014453001,0.000229000022900002,0,0,0.000437700043770004,0,0.0200284020028402,0.00100380010038001,0,0,0,2.70000027000003e-06,3.00000030000003e-06,0,0,0,0,0.0158085015808502,4.48000044800004e-05,6.14000061400006e-05,0,0,0,0,0.000243100024310002,0,0,7.13000071300007e-05,0,0,0.00678190067819007,0.117160011716001,0,0.000620300062030006,0.00551930055193006,0,1.98000019800002e-05,0,0,0,0,0,5.56000055600006e-05,0.0336797033679703,0.000650900065090006,0.0270138027013803,0.0655468065546807,0.000913200091320009,0.0105250010525001,1.36000013600001e-05,0,0,0,0,0,0.000279300027930003,0.0247105024710502,0.097898409789841,0,0.000799900079990008,0,0,0,0.000733500073350007,0,0,0,0.00242430024243002,0.000256100025610003,0,0.000189900018990002,0,0,0,0,0,0,0,0,0,0,4.66000046600005e-05,0,8.66000086600009e-05,0,0,0,0.000282500028250003,0,0,2.18000021800002e-05,0,0,0.000139100013910001,0,0,2.75000027500003e-05,0,0.000117900011790001,0,0,0.000236700023670002,0,0,0,0,0,0,0,0,0.00120470012047001,0,0,0,0,0,0,0.000221500022150002,0,0,0,0,0,0,0,0,0,0,0,0,0,0,0,0,0,0,0,0,0,0,0,0,0,0,0,0.00225830022583002,0,0,0,0,0,0,0,0.00191390019139002,0.000276300027630003,0.0150377015037702,0,0.00507610050761005,0.00406860040686004,0,0,0,0,0.00382130038213004,0,0,0,0,0.000640500064050006,0,0,0,9.9400009940001e-05,0.00710100071010007,0.0222433022243302,0,0,0.00208690020869002,0,0,0,0,1.70000017000002e-06,0,0,0,0,0.00222110022211002,0,0,0,0,0.00279880027988003,0.0185896018589602,0,0,0.098308009830801,0.000248700024870003,0.000393400039340004,0,0,0,0,0,0,0,0.000535900053590005,0,0,0,0.0537598053759805,2.70000027000003e-06,0,0,0,0,0,0,0.00109780010978001,7.40000074000007e-06,4.70000047000005e-06,0,4.19000041900004e-05,0,2.33000023300002e-05,0.000110300011030001,0,0,0,0,0,3.71000037100004e-05,0,0,0,0,0,0.0180584018058402,0,0.0101220010122001,0,0,0.00464810046481005,0,0.0397162039716204,0,0,0,0.00411320041132004,0,0,0,0,0,0,0,0,0,0.000614200061420006,0.00207680020768002,0,0,0,0,0,0.00512620051262005,2.05000020500002e-05,0,0,6.66000066600007e-05,0,0,0,0,0,0.000110500011050001,0,0,0,0,0,0,0,0,0,0,0.00102600010260001,6.17000061700006e-05,0,0,0.0135649013564901,0,0,0.0368267036826704,0,0,0.000139800013980001,0,0,0,0,0,0,0,0.00499500049950005,0,0,4.02000040200004e-05,0.123692612369261,0,0,0,0,0,0,0,0,0,0,0,0,0,0,0,0,0,0.000168600016860002,0.000875100087510009,0.00732090073209007,0.00253300025330003,0.000438600043860004,0,0,0,0,8.50000085000008e-06,0,0,0,0.00215040021504002,0,6.82000068200007e-05,0,0,4.27000042700004e-05,0.00232380023238002,0.00526610052661005,0,0,0,0,0,0,0,0,0,0.00581750058175006,0.00303760030376003,0,0,0.000611900061190006,0,0,0,0.000672900067290007,0.000292800029280003,0,0,0,0,3.20000032000003e-06,0,0,3.68000036800004e-05,9.8100009810001e-05,0,0.000398100039810004,0,0,0.00639670063967006,2.69000026900003e-05,0,0,0.000204800020480002,0.0121703012170301,0.000736300073630007,0,0,0,0,0,1.69000016900002e-05,0,0,0,0,0,0,0,0,0,0
